/* Auto-generated from bw_1.png */
#pragma once

#include <stdint.h>

#define BW_1_BW_WIDTH  800
#define BW_1_BW_HEIGHT 480
#define BW_1_BW_BYTES  48000

static const uint8_t bw_1_bw[48000] = {
    0x00, 0x00, 0x00, 0x00, 0x00, 0x00, 0x00, 0x00, 0x00, 0x00, 0x00, 0x00, 0x00, 0x00, 0x00, 0x00, 
    0x00, 0x00, 0x00, 0x00, 0x00, 0x00, 0x00, 0x00, 0x00, 0x00, 0x00, 0x00, 0x00, 0x00, 0x00, 0x00, 
    0x00, 0x00, 0x00, 0x00, 0x00, 0x00, 0x00, 0x00, 0x00, 0x00, 0x00, 0x00, 0x00, 0x00, 0x00, 0x00, 
    0x00, 0x00, 0x00, 0x00, 0x00, 0x00, 0x00, 0x00, 0x00, 0x00, 0x00, 0x00, 0x00, 0x00, 0x00, 0x00, 
    0x00, 0x00, 0x00, 0x00, 0x00, 0x00, 0x00, 0x00, 0x00, 0x00, 0x00, 0x00, 0x00, 0x00, 0x00, 0x00, 
    0x00, 0x00, 0x00, 0x00, 0x00, 0x00, 0x00, 0x00, 0x00, 0x00, 0x00, 0x00, 0x00, 0x00, 0x00, 0x00, 
    0x00, 0x00, 0x00, 0x00, 0x00, 0x00, 0x00, 0x00, 0x00, 0x00, 0x00, 0x00, 0x00, 0x00, 0x00, 0x00, 
    0x00, 0x00, 0x00, 0x00, 0x00, 0x00, 0x00, 0x00, 0x00, 0x00, 0x00, 0x00, 0x00, 0x00, 0x00, 0x00, 
    0x00, 0x00, 0x00, 0x00, 0x00, 0x00, 0x00, 0x00, 0x00, 0x00, 0x00, 0x00, 0x00, 0x00, 0x00, 0x00, 
    0x00, 0x00, 0x00, 0x00, 0x00, 0x00, 0x00, 0x00, 0x00, 0x00, 0x00, 0x00, 0x00, 0x00, 0x00, 0x00, 
    0x00, 0x00, 0x00, 0x00, 0x00, 0x00, 0x00, 0x00, 0x00, 0x00, 0x00, 0x00, 0x00, 0x00, 0x00, 0x00, 
    0x00, 0x00, 0x00, 0x00, 0x00, 0x00, 0x00, 0x00, 0x00, 0x00, 0x00, 0x00, 0x00, 0x00, 0x00, 0x00, 
    0x00, 0x00, 0x00, 0x00, 0x00, 0x00, 0x00, 0x00, 0x3f, 0xff, 0xff, 0xff, 0xff, 0xff, 0xff, 0xff, 
    0xff, 0xff, 0xff, 0xff, 0xff, 0xff, 0xff, 0xff, 0xff, 0xff, 0xff, 0xff, 0xff, 0xff, 0xff, 0xff, 
    0xff, 0xff, 0xff, 0xff, 0xff, 0xff, 0xff, 0xff, 0xff, 0xff, 0xff, 0xff, 0xff, 0xff, 0xff, 0xff, 
    0xff, 0xff, 0xff, 0xff, 0xff, 0xff, 0xff, 0xff, 0xff, 0xff, 0xfb, 0xff, 0xfb, 0xbf, 0xff, 0xff, 
    0xff, 0xff, 0xff, 0xef, 0xfd, 0xff, 0xff, 0xff, 0xff, 0xff, 0xff, 0xff, 0xff, 0xe0, 0x00, 0x00, 
    0x00, 0x00, 0x00, 0x01, 0x71, 0xef, 0xff, 0xff, 0xff, 0xff, 0xff, 0xff, 0xff, 0xff, 0xff, 0xf9, 
    0xff, 0x97, 0xfe, 0x5f, 0xff, 0xfe, 0x00, 0xff, 0xfc, 0x3f, 0xf0, 0x00, 0x3f, 0xff, 0xff, 0xff, 
    0xff, 0xff, 0xff, 0xff, 0xff, 0xff, 0xff, 0xff, 0xff, 0xff, 0xff, 0xff, 0xff, 0xff, 0xff, 0xff, 
    0xff, 0xff, 0xff, 0xff, 0xff, 0xff, 0xff, 0xff, 0xff, 0xff, 0xff, 0xff, 0xff, 0xff, 0xff, 0xff, 
    0xff, 0xff, 0xff, 0xff, 0xff, 0xff, 0xff, 0xff, 0xff, 0xff, 0xff, 0xff, 0xff, 0xff, 0xfb, 0xff, 
    0xfb, 0xbf, 0xff, 0xff, 0xff, 0xff, 0xff, 0xef, 0xfd, 0xff, 0xff, 0xff, 0xff, 0xff, 0xff, 0xff, 
    0xff, 0xe0, 0x00, 0x00, 0x00, 0x00, 0x00, 0x01, 0x71, 0xef, 0xff, 0xff, 0xff, 0xff, 0xff, 0xff, 
    0xff, 0xff, 0xff, 0xfd, 0xff, 0x97, 0xfe, 0x5f, 0xff, 0xfe, 0x00, 0xff, 0xfc, 0x3f, 0xf0, 0x00, 
    0x3f, 0xff, 0xff, 0xff, 0xff, 0xff, 0xff, 0xff, 0xff, 0xff, 0xff, 0xff, 0xff, 0xff, 0xff, 0xff, 
    0xff, 0xff, 0xff, 0xff, 0xff, 0xff, 0xff, 0xff, 0xff, 0xff, 0xff, 0xff, 0xff, 0xff, 0xff, 0xff, 
    0xff, 0xff, 0xff, 0xff, 0xff, 0xff, 0xff, 0xff, 0xff, 0xff, 0xff, 0xff, 0xff, 0xff, 0xff, 0xff, 
    0xff, 0xff, 0xfb, 0xff, 0xfb, 0xbf, 0xff, 0xff, 0xff, 0xff, 0xff, 0xef, 0xfd, 0xff, 0xff, 0xff, 
    0xff, 0xff, 0xff, 0xff, 0xff, 0xc0, 0x00, 0x00, 0x00, 0x00, 0x00, 0x01, 0x71, 0xef, 0xff, 0xff, 
    0xff, 0xff, 0xff, 0xff, 0xff, 0xff, 0xff, 0xfd, 0xff, 0x97, 0xfc, 0x5f, 0xff, 0xfe, 0x00, 0xff, 
    0xfc, 0x3f, 0xf0, 0x00, 0x3f, 0xff, 0xff, 0xff, 0xff, 0xff, 0xff, 0xff, 0xff, 0xff, 0xff, 0xff, 
    0xff, 0xff, 0xff, 0xff, 0xff, 0xff, 0xff, 0xff, 0xff, 0xff, 0xff, 0xff, 0xff, 0xff, 0xff, 0xff, 
    0xff, 0xff, 0xff, 0xff, 0xff, 0xff, 0xff, 0xff, 0xff, 0xff, 0xff, 0xff, 0xff, 0xff, 0xff, 0xff, 
    0xff, 0xff, 0xff, 0xff, 0xff, 0xff, 0xfd, 0xff, 0xfb, 0xbf, 0xff, 0xff, 0xff, 0xff, 0xff, 0xef, 
    0xfd, 0xff, 0xff, 0xff, 0xff, 0xff, 0xff, 0xff, 0xff, 0xc0, 0x00, 0x00, 0x00, 0x00, 0x00, 0x01, 
    0x71, 0xef, 0xff, 0xff, 0xff, 0xff, 0xff, 0xff, 0xff, 0xff, 0xff, 0xfd, 0xff, 0x97, 0xfc, 0x5f, 
    0xff, 0xfe, 0x00, 0xff, 0xfc, 0x3f, 0xf0, 0x00, 0x3f, 0xff, 0xff, 0xff, 0xff, 0xff, 0xff, 0xff, 
    0xff, 0xff, 0xff, 0xff, 0xff, 0xff, 0xff, 0xff, 0xff, 0xff, 0xff, 0xff, 0xff, 0xff, 0xff, 0xff, 
    0xff, 0xff, 0xff, 0xff, 0xff, 0xff, 0xff, 0xff, 0xff, 0xff, 0xff, 0xff, 0xff, 0xff, 0xff, 0xff, 
    0xff, 0xff, 0xff, 0xff, 0xff, 0xff, 0xff, 0xff, 0xff, 0xff, 0xfd, 0xff, 0xfb, 0xbf, 0xff, 0xff, 
    0xff, 0xff, 0xff, 0xef, 0xfd, 0xff, 0xff, 0xff, 0xff, 0xff, 0xff, 0xff, 0xff, 0xc0, 0x00, 0x00, 
    0x00, 0x00, 0x00, 0x01, 0x71, 0xef, 0xff, 0xff, 0xff, 0xff, 0xff, 0xff, 0xff, 0xff, 0xff, 0xfd, 
    0xff, 0x97, 0xfc, 0x5f, 0xff, 0xfe, 0x00, 0xff, 0xfc, 0x7f, 0xf0, 0x00, 0x3f, 0xff, 0xff, 0xff, 
    0xff, 0xff, 0xff, 0xff, 0xff, 0xff, 0xff, 0xff, 0xff, 0xff, 0xff, 0xff, 0xff, 0xff, 0xff, 0xff, 
    0xff, 0xff, 0xff, 0xff, 0xff, 0xff, 0xff, 0xff, 0xff, 0xff, 0xff, 0xff, 0xff, 0xff, 0xff, 0xff, 
    0xff, 0xff, 0xff, 0xff, 0xff, 0xff, 0xff, 0xff, 0xff, 0xff, 0xff, 0xff, 0xff, 0xff, 0xfe, 0xff, 
    0xfb, 0xbf, 0xff, 0xff, 0xff, 0xff, 0xff, 0xf7, 0xfd, 0xff, 0xff, 0xff, 0xff, 0xff, 0xff, 0xff, 
    0xff, 0x80, 0x00, 0x00, 0x00, 0x00, 0x00, 0x01, 0x71, 0xeb, 0xff, 0xff, 0xff, 0xff, 0xff, 0xff, 
    0xff, 0xff, 0xff, 0xff, 0xff, 0x97, 0xfc, 0x5f, 0xff, 0xfe, 0x00, 0xff, 0xfc, 0x7f, 0xf0, 0x00, 
    0x3f, 0xff, 0xff, 0xff, 0xff, 0xff, 0xff, 0xff, 0xff, 0xff, 0xff, 0xff, 0xff, 0xff, 0xff, 0xff, 
    0xff, 0xff, 0xff, 0xff, 0xff, 0xff, 0xff, 0xff, 0xff, 0xff, 0xff, 0xff, 0xff, 0xff, 0xff, 0xff, 
    0xff, 0xff, 0xff, 0xff, 0xff, 0xff, 0xff, 0xff, 0xff, 0xff, 0xff, 0xff, 0xff, 0xff, 0xff, 0xff, 
    0xff, 0xff, 0xfe, 0x7f, 0xfb, 0xbf, 0xff, 0xff, 0xff, 0xff, 0xff, 0xf7, 0xfd, 0xff, 0xff, 0xff, 
    0xff, 0xff, 0xff, 0xff, 0xff, 0x80, 0x00, 0x00, 0x00, 0x00, 0x00, 0x01, 0x71, 0xeb, 0xff, 0xff, 
    0xff, 0xff, 0xff, 0xff, 0xff, 0xff, 0xff, 0xff, 0xff, 0x97, 0xfc, 0x5f, 0xff, 0xfe, 0x00, 0xff, 
    0xfc, 0x7f, 0xf0, 0x00, 0x3f, 0xff, 0xff, 0xff, 0xff, 0xff, 0xff, 0xff, 0xff, 0xff, 0xff, 0xff, 
    0xff, 0xff, 0xff, 0xff, 0xff, 0xff, 0xff, 0xff, 0xff, 0xff, 0xff, 0xff, 0xff, 0xff, 0xff, 0xff, 
    0xff, 0xff, 0xff, 0xff, 0xff, 0xff, 0xff, 0xff, 0xff, 0xff, 0xff, 0xff, 0xff, 0xff, 0xff, 0xff, 
    0xff, 0xff, 0xff, 0xff, 0xff, 0xff, 0xff, 0x7f, 0xfb, 0xbf, 0xff, 0xff, 0xff, 0xff, 0xff, 0xf7, 
    0xfd, 0xff, 0xff, 0xff, 0xff, 0xff, 0xff, 0xff, 0xff, 0x80, 0x00, 0x00, 0x00, 0x00, 0x00, 0x01, 
    0x71, 0xeb, 0xff, 0x7f, 0xff, 0xff, 0xff, 0xff, 0xff, 0xff, 0xff, 0xff, 0xff, 0xd7, 0xfc, 0x5f, 
    0xff, 0xfe, 0x00, 0xff, 0xfc, 0x7f, 0xf0, 0x00, 0x3f, 0xff, 0xff, 0xff, 0xff, 0xff, 0xff, 0xff, 
    0xff, 0xff, 0xff, 0xff, 0xff, 0xff, 0xff, 0xff, 0xff, 0xff, 0xff, 0xff, 0xff, 0xff, 0xff, 0xff, 
    0xff, 0xff, 0xff, 0xff, 0xff, 0xff, 0xff, 0xff, 0xff, 0xff, 0xff, 0xff, 0xff, 0xff, 0xff, 0xff, 
    0xff, 0xff, 0xff, 0xff, 0xff, 0xff, 0xff, 0xff, 0xff, 0xff, 0xff, 0xbf, 0xfb, 0xbf, 0xff, 0xff, 
    0xff, 0xff, 0xff, 0xf3, 0xfd, 0xff, 0xff, 0xff, 0xff, 0xff, 0xff, 0xff, 0xff, 0x00, 0x00, 0x00, 
    0x00, 0x00, 0x00, 0x01, 0x71, 0xeb, 0xff, 0x7f, 0xff, 0xf7, 0xff, 0xff, 0xff, 0xff, 0xff, 0xff, 
    0xff, 0xd7, 0xfc, 0x5f, 0xff, 0xfe, 0x00, 0xff, 0xfc, 0x7f, 0xf0, 0x00, 0x3f, 0xff, 0xff, 0xff, 
    0xff, 0xff, 0xff, 0xff, 0xff, 0xff, 0xff, 0xff, 0xff, 0xff, 0xff, 0xff, 0xff, 0xff, 0xff, 0xff, 
    0xff, 0xff, 0xff, 0xff, 0xff, 0xff, 0xff, 0xff, 0xff, 0xff, 0xff, 0xff, 0xff, 0xff, 0xff, 0xff, 
    0xff, 0xff, 0xff, 0xff, 0xff, 0xff, 0xff, 0xff, 0xff, 0xff, 0xff, 0xff, 0xff, 0xff, 0xff, 0xbf, 
    0xfb, 0xbf, 0xff, 0xff, 0xff, 0xff, 0xff, 0xfb, 0xff, 0xff, 0xff, 0xff, 0xff, 0xff, 0xff, 0xff, 
    0xff, 0x00, 0x00, 0x00, 0x00, 0x00, 0x00, 0x01, 0x71, 0xcf, 0xff, 0x7f, 0xff, 0xf7, 0xff, 0xff, 
    0xff, 0xff, 0xff, 0xff, 0xff, 0xd7, 0xfc, 0x5f, 0xff, 0xfe, 0x00, 0xff, 0xfc, 0x7f, 0xf0, 0x00, 
    0x3f, 0xff, 0xff, 0xff, 0xff, 0xff, 0xff, 0xff, 0xff, 0xff, 0xff, 0xff, 0xff, 0xff, 0xff, 0xff, 
    0xff, 0xff, 0xff, 0xff, 0xff, 0xff, 0xff, 0xff, 0xff, 0xff, 0xff, 0xff, 0xff, 0xff, 0xff, 0xff, 
    0xff, 0xff, 0xff, 0xff, 0xff, 0xff, 0xff, 0xff, 0xff, 0xff, 0xff, 0xff, 0xff, 0xff, 0xff, 0xff, 
    0xff, 0xff, 0xff, 0xbf, 0xfb, 0xbf, 0xff, 0xff, 0xff, 0xff, 0xff, 0xfd, 0xf7, 0xff, 0xff, 0xff, 
    0xff, 0xff, 0xff, 0xff, 0xff, 0x00, 0x00, 0x00, 0x00, 0x00, 0x00, 0x01, 0x61, 0x9f, 0xff, 0xff, 
    0xff, 0xf7, 0xff, 0xff, 0xff, 0xff, 0xff, 0xff, 0xff, 0xd7, 0xfc, 0x5f, 0xff, 0xfe, 0x00, 0xff, 
    0xfc, 0x7f, 0xf0, 0x00, 0x3f, 0xff, 0xff, 0xff, 0xff, 0xff, 0xff, 0xff, 0xff, 0xff, 0xff, 0xff, 
    0xff, 0xff, 0xff, 0xff, 0xff, 0xff, 0xff, 0xff, 0xff, 0xff, 0xff, 0xff, 0xff, 0xff, 0xff, 0xff, 
    0xff, 0xff, 0xff, 0xff, 0xff, 0xff, 0xff, 0xff, 0xff, 0xff, 0xff, 0xff, 0xff, 0xff, 0xff, 0xff, 
    0xff, 0xff, 0xff, 0xff, 0xff, 0xff, 0xff, 0xbf, 0xfb, 0xbf, 0xff, 0xff, 0xff, 0xff, 0xff, 0xfe, 
    0xf7, 0xff, 0xff, 0xff, 0xff, 0xff, 0xff, 0xff, 0xfe, 0x00, 0x00, 0x00, 0x00, 0x00, 0x00, 0x01, 
    0x61, 0xcf, 0xff, 0xff, 0xff, 0xf7, 0xff, 0xff, 0xff, 0xff, 0xff, 0xff, 0xff, 0xd7, 0xfc, 0x5f, 
    0xff, 0xfe, 0x00, 0xff, 0xfc, 0x7f, 0xf0, 0x00, 0x3f, 0xff, 0xff, 0xff, 0xff, 0xff, 0xff, 0xff, 
    0xff, 0xff, 0xff, 0xff, 0xff, 0xff, 0xff, 0xff, 0xff, 0xff, 0xff, 0xff, 0xff, 0xff, 0xff, 0xff, 
    0xff, 0xff, 0xff, 0xff, 0xff, 0xff, 0xff, 0xff, 0xff, 0xff, 0xff, 0xff, 0xff, 0xff, 0xff, 0xff, 
    0xff, 0xff, 0xff, 0xff, 0xff, 0xff, 0xff, 0xff, 0xff, 0xff, 0xff, 0xbf, 0xfb, 0xbf, 0xff, 0xff, 
    0xff, 0xff, 0xff, 0xff, 0xff, 0xff, 0xff, 0xff, 0xff, 0xff, 0xff, 0xff, 0xfe, 0x00, 0x00, 0x00, 
    0x00, 0x00, 0x00, 0x01, 0x61, 0x9f, 0xff, 0xff, 0xff, 0xf7, 0xff, 0xff, 0xff, 0xff, 0xff, 0xff, 
    0xff, 0xd7, 0xfc, 0x5f, 0xff, 0xfc, 0x00, 0xff, 0xfc, 0x7f, 0xf8, 0x00, 0x3f, 0xff, 0xff, 0xff, 
    0xff, 0xff, 0xff, 0xff, 0xff, 0xff, 0xff, 0xff, 0xff, 0xff, 0xff, 0xff, 0xff, 0xff, 0xff, 0xff, 
    0xff, 0xff, 0xff, 0xff, 0xff, 0xff, 0xff, 0xff, 0xff, 0xff, 0xff, 0xff, 0xff, 0xff, 0xff, 0xff, 
    0xff, 0xff, 0xff, 0xff, 0xff, 0xff, 0xff, 0xff, 0xff, 0xff, 0xff, 0xff, 0xff, 0xff, 0xff, 0xbf, 
    0xf3, 0xbf, 0xff, 0xff, 0xff, 0xff, 0xff, 0xff, 0xf7, 0xff, 0xff, 0xff, 0xff, 0xff, 0xff, 0xff, 
    0xfe, 0x00, 0x00, 0x00, 0x00, 0x00, 0x00, 0x01, 0x61, 0x9f, 0xff, 0xff, 0xff, 0xf7, 0xff, 0xff, 
    0xff, 0xff, 0xff, 0xff, 0xff, 0xd7, 0xfc, 0x5f, 0xff, 0xfc, 0x00, 0xff, 0xfc, 0x7f, 0xf8, 0x00, 
    0x3f, 0xff, 0xff, 0xff, 0xff, 0xff, 0xff, 0xff, 0xff, 0xff, 0xff, 0xff, 0xff, 0xff, 0xff, 0xff, 
    0xff, 0xff, 0xff, 0xff, 0xff, 0xff, 0xff, 0xff, 0xff, 0xff, 0xff, 0xff, 0xff, 0xff, 0xff, 0xff, 
    0xff, 0xff, 0xff, 0xff, 0xff, 0xff, 0xff, 0xff, 0xff, 0xff, 0xff, 0xff, 0xff, 0xff, 0xff, 0xff, 
    0xff, 0xff, 0xff, 0x7f, 0xf1, 0xbf, 0xff, 0xff, 0xff, 0xff, 0xff, 0xff, 0xf7, 0xff, 0xff, 0xff, 
    0xff, 0xff, 0xff, 0xff, 0xfe, 0x00, 0x00, 0x00, 0x00, 0x00, 0x00, 0x01, 0x61, 0x9f, 0xff, 0xff, 
    0xff, 0xf7, 0xff, 0xff, 0xff, 0xff, 0xff, 0xff, 0xff, 0xd7, 0xfc, 0x5f, 0xff, 0xfc, 0x00, 0xff, 
    0xfc, 0x7f, 0xf8, 0x00, 0x3f, 0xff, 0xff, 0xff, 0xff, 0xff, 0xff, 0xff, 0xff, 0xff, 0xff, 0xff, 
    0xff, 0xff, 0xff, 0xff, 0xff, 0xff, 0xff, 0xff, 0xff, 0xff, 0xff, 0xff, 0xff, 0xff, 0xff, 0xff, 
    0xff, 0xff, 0xff, 0xff, 0xff, 0xff, 0xff, 0xff, 0xff, 0xff, 0xff, 0xff, 0xff, 0xff, 0xff, 0xff, 
    0xff, 0xff, 0xff, 0xff, 0xff, 0xff, 0xff, 0x7f, 0xf9, 0xbf, 0xff, 0xff, 0xff, 0xff, 0xff, 0xff, 
    0xf7, 0xff, 0xff, 0xff, 0xff, 0xff, 0xff, 0xff, 0xfc, 0x00, 0x00, 0x00, 0x00, 0x00, 0x00, 0x01, 
    0x61, 0x9f, 0xff, 0x7f, 0xff, 0xf3, 0xff, 0xff, 0xff, 0xff, 0xff, 0xff, 0xff, 0xd7, 0xfa, 0x5f, 
    0xff, 0xfc, 0x00, 0xff, 0xfc, 0x7f, 0xf8, 0x00, 0x3f, 0xff, 0xff, 0xff, 0xff, 0xff, 0xff, 0xff, 
    0xff, 0xff, 0xff, 0xff, 0xff, 0xff, 0xff, 0xff, 0xff, 0xff, 0xff, 0xff, 0xff, 0xff, 0xff, 0xff, 
    0xff, 0xff, 0xff, 0xff, 0xff, 0xff, 0xff, 0xff, 0xff, 0xff, 0xff, 0xff, 0xff, 0xff, 0xff, 0xff, 
    0xff, 0xff, 0xff, 0xff, 0xff, 0xff, 0xff, 0xff, 0xff, 0xff, 0xff, 0x7f, 0xf9, 0xbf, 0xff, 0xff, 
    0xff, 0xff, 0xff, 0xff, 0xf7, 0xff, 0xff, 0xff, 0xff, 0xff, 0xff, 0xff, 0xfc, 0x00, 0x00, 0x00, 
    0x00, 0x00, 0x00, 0x01, 0x61, 0x9f, 0xff, 0x7f, 0xff, 0xf3, 0xff, 0xff, 0xff, 0xff, 0xff, 0xff, 
    0xff, 0xd7, 0xfa, 0x5f, 0xff, 0xfc, 0x00, 0xff, 0xfc, 0x7f, 0xf8, 0x00, 0x3f, 0xff, 0xff, 0xff, 
    0xff, 0xff, 0xff, 0xff, 0xff, 0xff, 0xff, 0xff, 0xff, 0xff, 0xff, 0xff, 0xff, 0xff, 0xff, 0xff, 
    0xff, 0xff, 0xff, 0xff, 0xff, 0xff, 0xff, 0xff, 0xff, 0xff, 0xff, 0xff, 0xff, 0xff, 0xff, 0xff, 
    0xff, 0xff, 0xff, 0xff, 0xff, 0xff, 0xff, 0xff, 0xff, 0xff, 0xff, 0xff, 0xff, 0xff, 0xff, 0xff, 
    0xf9, 0xbf, 0xff, 0xff, 0xff, 0xff, 0xff, 0xff, 0xf7, 0xff, 0xff, 0xff, 0xff, 0xff, 0xff, 0xff, 
    0xfc, 0x00, 0x00, 0x00, 0x00, 0x00, 0x00, 0x01, 0x61, 0x8f, 0xff, 0x7f, 0xff, 0xf3, 0xff, 0xff, 
    0xff, 0xff, 0xff, 0xff, 0xff, 0xd7, 0xfa, 0x5f, 0xff, 0xfc, 0x00, 0xff, 0xfc, 0x7f, 0xf8, 0x00, 
    0x3f, 0xff, 0xff, 0xff, 0xff, 0xff, 0xff, 0xff, 0xff, 0xff, 0xff, 0xff, 0xff, 0xff, 0xff, 0xff, 
    0xff, 0xff, 0xff, 0xff, 0xff, 0xff, 0xff, 0xff, 0xff, 0xff, 0xff, 0xff, 0xff, 0xff, 0xff, 0xff, 
    0xff, 0xff, 0xff, 0xff, 0xff, 0xff, 0xff, 0xff, 0xff, 0xff, 0xff, 0xff, 0xff, 0xff, 0xff, 0xff, 
    0xff, 0xff, 0xff, 0xff, 0xfb, 0xbf, 0xff, 0xff, 0xff, 0xff, 0xff, 0xff, 0xf7, 0xff, 0xff, 0xff, 
    0xff, 0xff, 0xff, 0xff, 0xfc, 0x00, 0x00, 0x00, 0x00, 0x00, 0x00, 0x01, 0x60, 0xcf, 0xff, 0x7f, 
    0xff, 0xf3, 0xff, 0xff, 0xff, 0xff, 0xff, 0xff, 0xff, 0xd7, 0xfa, 0x5f, 0xff, 0xfc, 0x00, 0xff, 
    0xfc, 0x7f, 0xf8, 0x00, 0x3f, 0xff, 0xff, 0xff, 0xff, 0xff, 0xff, 0xff, 0xff, 0xff, 0xff, 0xff, 
    0xff, 0xff, 0xff, 0xff, 0xff, 0xff, 0xff, 0xff, 0xff, 0xff, 0xff, 0xff, 0xff, 0xff, 0xff, 0xff, 
    0xff, 0xff, 0xff, 0xff, 0xff, 0xff, 0xff, 0xff, 0xff, 0xff, 0xff, 0xff, 0xff, 0xff, 0xff, 0xff, 
    0xff, 0xff, 0xff, 0xff, 0xff, 0xff, 0xff, 0xff, 0xfb, 0xbf, 0xff, 0xff, 0xff, 0xff, 0xff, 0xff, 
    0xf7, 0xff, 0xff, 0xff, 0xff, 0xff, 0xff, 0xff, 0xf8, 0x00, 0x00, 0x00, 0x00, 0x00, 0x00, 0x01, 
    0x60, 0x8f, 0xff, 0x7f, 0xff, 0xf3, 0xff, 0xff, 0xff, 0xff, 0xff, 0xff, 0xff, 0xd7, 0xfa, 0xdf, 
    0xff, 0xfc, 0x00, 0xff, 0xfc, 0xff, 0xf8, 0x00, 0x3f, 0xff, 0xff, 0xff, 0xff, 0xff, 0xff, 0xff, 
    0xff, 0xff, 0xff, 0xff, 0xff, 0xff, 0xff, 0xff, 0xff, 0xff, 0xff, 0xff, 0xff, 0xff, 0xff, 0xff, 
    0xff, 0xff, 0xff, 0xff, 0xff, 0xff, 0xff, 0xff, 0xff, 0xff, 0xff, 0xff, 0xff, 0xff, 0xff, 0xff, 
    0xff, 0xff, 0xff, 0xff, 0xff, 0xff, 0xff, 0xff, 0xff, 0xff, 0xff, 0xff, 0xfb, 0xbf, 0xff, 0xff, 
    0xff, 0xff, 0xff, 0xff, 0xff, 0xff, 0xff, 0xff, 0xff, 0xff, 0xff, 0xff, 0xf8, 0x00, 0x00, 0x00, 
    0x00, 0x00, 0x00, 0x01, 0x60, 0x8f, 0xff, 0x7f, 0xff, 0xf3, 0xff, 0xff, 0xff, 0xff, 0xff, 0xff, 
    0xff, 0xd7, 0xfa, 0xcf, 0xff, 0xfc, 0x00, 0xff, 0xfc, 0xff, 0xf8, 0x00, 0x3f, 0xff, 0xff, 0xff, 
    0xff, 0xff, 0xff, 0xff, 0xff, 0xff, 0xff, 0xff, 0xff, 0xff, 0xff, 0xff, 0xff, 0xff, 0xff, 0xff, 
    0xff, 0xff, 0xff, 0xff, 0xff, 0xff, 0xff, 0xff, 0xff, 0xff, 0xff, 0xff, 0xff, 0xff, 0xff, 0xff, 
    0xff, 0xff, 0xff, 0xff, 0xff, 0xff, 0xff, 0xff, 0xff, 0xff, 0xff, 0xff, 0xff, 0xff, 0xff, 0xff, 
    0xfb, 0xbf, 0xff, 0xff, 0xff, 0xff, 0xff, 0xff, 0xf7, 0xff, 0xff, 0xff, 0xff, 0xff, 0xff, 0xff, 
    0xf8, 0x00, 0x00, 0x00, 0x00, 0x00, 0x00, 0x01, 0x60, 0x8f, 0xff, 0x7f, 0xff, 0xf3, 0xff, 0xff, 
    0xff, 0xff, 0xff, 0xff, 0xff, 0xd7, 0xfa, 0xce, 0xff, 0xfc, 0x00, 0xff, 0xfc, 0xff, 0xf8, 0x00, 
    0x3f, 0xff, 0xff, 0xff, 0xff, 0xff, 0xff, 0xff, 0xff, 0xff, 0xff, 0xff, 0xff, 0xff, 0xff, 0xff, 
    0xff, 0xff, 0xff, 0xff, 0xff, 0xff, 0xff, 0xff, 0xff, 0xff, 0xff, 0xff, 0xff, 0xff, 0xff, 0xff, 
    0xff, 0xff, 0xff, 0xff, 0xff, 0xff, 0xff, 0xff, 0xff, 0xff, 0xff, 0xff, 0xff, 0xff, 0xff, 0xff, 
    0xff, 0xff, 0xff, 0xff, 0xff, 0xbf, 0xff, 0xff, 0xff, 0xff, 0xff, 0xff, 0xf7, 0xff, 0xff, 0xff, 
    0xff, 0xff, 0xff, 0xff, 0xf8, 0x00, 0x00, 0x00, 0x00, 0x00, 0x00, 0x01, 0x60, 0x8f, 0xff, 0x7f, 
    0xff, 0xf3, 0xff, 0xff, 0xff, 0xff, 0xff, 0xff, 0xff, 0xd7, 0xfa, 0xce, 0xff, 0xfc, 0x00, 0xff, 
    0xfc, 0xff, 0xf8, 0x00, 0x3f, 0xff, 0xff, 0xff, 0xff, 0xff, 0xff, 0xff, 0xff, 0xff, 0xff, 0xff, 
    0xff, 0xff, 0xff, 0xff, 0xff, 0xff, 0xff, 0xff, 0xff, 0xff, 0xff, 0xff, 0xff, 0xff, 0xff, 0xff, 
    0xff, 0xff, 0xff, 0xff, 0xff, 0xff, 0xff, 0xff, 0xff, 0xff, 0xff, 0xff, 0xff, 0xff, 0xff, 0xff, 
    0xff, 0xff, 0xff, 0xff, 0xff, 0xff, 0xff, 0xff, 0xff, 0xbf, 0xff, 0xff, 0xff, 0xff, 0xff, 0xff, 
    0x77, 0xff, 0xff, 0xff, 0xff, 0xff, 0xff, 0xff, 0xf8, 0x00, 0x00, 0x00, 0x00, 0x00, 0x00, 0x01, 
    0x60, 0x8f, 0xff, 0x7f, 0xff, 0xf3, 0xff, 0xff, 0xff, 0xff, 0xff, 0xff, 0xff, 0xd7, 0xfa, 0xce, 
    0xff, 0xfc, 0x00, 0xff, 0xfc, 0xff, 0xf8, 0x00, 0x3f, 0xff, 0xff, 0xff, 0xff, 0xff, 0xff, 0xff, 
    0xff, 0xff, 0xff, 0xff, 0xff, 0xff, 0xff, 0xff, 0xff, 0xff, 0xff, 0xff, 0xff, 0xff, 0xff, 0xff, 
    0xff, 0xff, 0xff, 0xff, 0xff, 0xff, 0xff, 0xff, 0xff, 0xff, 0xff, 0xff, 0xff, 0xff, 0xff, 0xff, 
    0xff, 0xff, 0xff, 0xff, 0xff, 0xff, 0xff, 0xff, 0xff, 0xff, 0xff, 0xff, 0xff, 0xbf, 0xff, 0xff, 
    0xff, 0xff, 0xff, 0xff, 0x77, 0xff, 0xff, 0xff, 0xff, 0xff, 0xff, 0xff, 0xf8, 0x00, 0x00, 0x00, 
    0x00, 0x00, 0x00, 0x01, 0x60, 0x8f, 0xff, 0x77, 0xff, 0xf3, 0xff, 0xff, 0xff, 0xff, 0xff, 0xff, 
    0xff, 0xd7, 0xfa, 0x8e, 0xff, 0xfc, 0x00, 0xff, 0xfc, 0xff, 0xf8, 0x00, 0x3f, 0xff, 0xff, 0xff, 
    0xff, 0xff, 0xff, 0xff, 0xff, 0xff, 0xff, 0xff, 0xff, 0xff, 0xff, 0xff, 0xff, 0xff, 0xff, 0xff, 
    0xff, 0xff, 0xff, 0xff, 0xff, 0xff, 0xff, 0xff, 0xff, 0xff, 0xff, 0xff, 0xff, 0xff, 0xff, 0xff, 
    0xff, 0xff, 0xff, 0xff, 0xff, 0xff, 0xff, 0xff, 0xff, 0xff, 0xff, 0xff, 0xff, 0xff, 0xff, 0xff, 
    0xff, 0xbf, 0xff, 0xff, 0xff, 0xff, 0xff, 0xff, 0xf7, 0xff, 0xff, 0xff, 0xff, 0xff, 0xff, 0xff, 
    0xf0, 0x00, 0x00, 0x00, 0x00, 0x00, 0x00, 0x01, 0x40, 0x8f, 0xff, 0x77, 0xff, 0xe3, 0xff, 0xff, 
    0xff, 0xff, 0xff, 0xff, 0xff, 0xd7, 0xfa, 0x8f, 0xff, 0xfc, 0x00, 0xff, 0xfc, 0xff, 0xf8, 0x00, 
    0x3f, 0xff, 0xff, 0xff, 0xff, 0xff, 0xff, 0xff, 0xff, 0xff, 0xff, 0xff, 0xff, 0xff, 0xff, 0xff, 
    0xff, 0xff, 0xff, 0xff, 0xff, 0xff, 0xff, 0xff, 0xff, 0xff, 0xff, 0xff, 0xff, 0xff, 0xff, 0xff, 
    0xff, 0xff, 0xff, 0xff, 0xff, 0xff, 0xff, 0xff, 0xff, 0xff, 0xff, 0xff, 0xff, 0xff, 0xff, 0xff, 
    0xff, 0xff, 0xff, 0xff, 0xff, 0xbf, 0xff, 0xff, 0xff, 0xff, 0xff, 0xff, 0xf7, 0xff, 0xff, 0xff, 
    0xff, 0xff, 0xff, 0xff, 0xf0, 0x00, 0x00, 0x00, 0x00, 0x00, 0x00, 0x01, 0x40, 0x8f, 0xff, 0x77, 
    0xff, 0xe3, 0xff, 0xff, 0xff, 0xff, 0xff, 0xff, 0xff, 0xd7, 0xfa, 0x8f, 0xff, 0xfc, 0x00, 0xff, 
    0xfd, 0xff, 0xf8, 0x00, 0x3f, 0xff, 0xff, 0xff, 0xff, 0xff, 0xff, 0xff, 0xff, 0xff, 0xff, 0xff, 
    0xff, 0xff, 0xff, 0xff, 0xff, 0xff, 0xff, 0xff, 0xff, 0xff, 0xff, 0xff, 0xff, 0xff, 0xff, 0xff, 
    0xff, 0xff, 0xff, 0xff, 0xff, 0xff, 0xff, 0xff, 0xff, 0xff, 0xff, 0xff, 0xff, 0xff, 0xff, 0xff, 
    0xff, 0xff, 0xff, 0xff, 0xff, 0xff, 0xef, 0xff, 0xff, 0xbf, 0xff, 0xff, 0xff, 0xff, 0xff, 0xff, 
    0xf7, 0xff, 0xff, 0xff, 0xff, 0xff, 0xff, 0xff, 0xf0, 0x00, 0x00, 0x00, 0x08, 0x00, 0x00, 0x01, 
    0x40, 0x8f, 0xff, 0x77, 0xff, 0xe3, 0xff, 0xff, 0xff, 0xff, 0xff, 0xff, 0xff, 0xd7, 0xfa, 0x8f, 
    0xff, 0xfc, 0x00, 0xff, 0xfd, 0xff, 0xf8, 0x00, 0x3f, 0xff, 0xff, 0xff, 0xff, 0xff, 0xff, 0xff, 
    0xff, 0xff, 0xff, 0xff, 0xff, 0xff, 0xff, 0xff, 0xff, 0xff, 0xff, 0xff, 0xff, 0xff, 0xff, 0xff, 
    0xff, 0xff, 0xff, 0xff, 0xff, 0xff, 0xff, 0xff, 0xff, 0xff, 0xff, 0xff, 0xff, 0xff, 0xff, 0xff, 
    0xff, 0xff, 0xff, 0xff, 0xff, 0xff, 0xff, 0xff, 0xff, 0xff, 0xef, 0xff, 0xff, 0xbf, 0xff, 0xff, 
    0xff, 0xff, 0xff, 0xff, 0xf7, 0xff, 0xff, 0xff, 0xff, 0xff, 0xff, 0xff, 0xf0, 0x00, 0x00, 0x00, 
    0x08, 0x00, 0x00, 0x01, 0x40, 0x8f, 0xff, 0x77, 0xff, 0xe3, 0xff, 0xff, 0xff, 0xff, 0xff, 0xff, 
    0xff, 0xd7, 0xfa, 0x8f, 0xff, 0xfc, 0x00, 0xff, 0xfd, 0xff, 0xf8, 0x00, 0x3f, 0xff, 0xff, 0xff, 
    0xff, 0xff, 0xff, 0xff, 0xff, 0xff, 0xff, 0xff, 0xff, 0xff, 0xff, 0xff, 0xff, 0xff, 0xff, 0xff, 
    0xff, 0xff, 0xff, 0xff, 0xff, 0xff, 0xff, 0xff, 0xff, 0xff, 0xff, 0xff, 0xff, 0xff, 0xff, 0xff, 
    0xff, 0xff, 0xff, 0xff, 0xff, 0xff, 0xff, 0xff, 0xff, 0xff, 0xff, 0xff, 0xff, 0xff, 0xdf, 0xff, 
    0xff, 0xbf, 0xff, 0xff, 0xff, 0xff, 0xff, 0xff, 0xf7, 0xff, 0xff, 0xff, 0xff, 0xff, 0xff, 0xff, 
    0xe0, 0x00, 0x00, 0x00, 0x00, 0x00, 0x00, 0x01, 0x40, 0x8f, 0xff, 0x77, 0xff, 0xe3, 0xff, 0xff, 
    0xff, 0xff, 0xff, 0xff, 0xff, 0xd7, 0xfa, 0x8f, 0xff, 0xfc, 0x00, 0xff, 0xfd, 0xff, 0xf8, 0x00, 
    0x3f, 0xff, 0xff, 0xff, 0xff, 0xff, 0xff, 0xff, 0xff, 0xff, 0xff, 0xff, 0xff, 0xff, 0xff, 0xff, 
    0xff, 0xff, 0xff, 0xff, 0xff, 0xff, 0xff, 0xff, 0xff, 0xff, 0xff, 0xff, 0xff, 0xff, 0xff, 0xff, 
    0xff, 0xff, 0xff, 0xff, 0xff, 0xff, 0xff, 0xff, 0xff, 0xff, 0xff, 0xff, 0xff, 0xff, 0xff, 0xff, 
    0xff, 0xff, 0xdf, 0xff, 0xff, 0xbf, 0xff, 0xff, 0xff, 0xff, 0xff, 0xff, 0xf7, 0xff, 0xff, 0xff, 
    0xff, 0xff, 0xff, 0xff, 0xe0, 0x00, 0x00, 0x00, 0x10, 0x00, 0x00, 0x01, 0x40, 0x8f, 0xff, 0x77, 
    0xff, 0xe3, 0xff, 0xff, 0xff, 0xff, 0xff, 0xff, 0xff, 0xd7, 0xfa, 0x0f, 0xff, 0xfc, 0x00, 0xff, 
    0xfd, 0xff, 0xf8, 0x00, 0x3f, 0xff, 0xff, 0xff, 0xff, 0xff, 0xff, 0xff, 0xff, 0xff, 0xff, 0xff, 
    0xff, 0xff, 0xff, 0xff, 0xff, 0xff, 0xff, 0xff, 0xff, 0xff, 0xff, 0xff, 0xff, 0xff, 0xff, 0xff, 
    0xff, 0xff, 0xff, 0xff, 0xff, 0xff, 0xff, 0xff, 0xff, 0xff, 0xff, 0xff, 0xff, 0xff, 0xff, 0xff, 
    0xff, 0xff, 0xff, 0xff, 0xff, 0xff, 0xdf, 0xff, 0xff, 0xbf, 0xff, 0xff, 0xff, 0xff, 0xff, 0xff, 
    0xb7, 0xff, 0xff, 0xff, 0xff, 0xff, 0xff, 0xff, 0xe0, 0x00, 0x00, 0x00, 0x10, 0x00, 0x00, 0x00, 
    0x40, 0x8f, 0xff, 0x77, 0xff, 0xe3, 0xff, 0xff, 0xff, 0xff, 0xff, 0xff, 0xff, 0xd7, 0xfa, 0x0f, 
    0xff, 0xfc, 0x00, 0xff, 0xfd, 0xff, 0xf8, 0x00, 0x3f, 0xff, 0xff, 0xff, 0xff, 0xff, 0xff, 0xff, 
    0xff, 0xff, 0xff, 0xff, 0xff, 0xff, 0xff, 0xff, 0xff, 0xff, 0xff, 0xff, 0xff, 0xff, 0xff, 0xff, 
    0xff, 0xff, 0xff, 0xff, 0xff, 0xff, 0xff, 0xff, 0xff, 0xff, 0xff, 0xff, 0xff, 0xff, 0xff, 0xff, 
    0xff, 0xff, 0xff, 0xff, 0xff, 0xff, 0xff, 0xff, 0xff, 0xff, 0xdf, 0xff, 0xfd, 0xbf, 0xff, 0xff, 
    0xff, 0xff, 0xff, 0xff, 0xb7, 0xff, 0xff, 0xff, 0xff, 0xff, 0xff, 0xff, 0xc0, 0x00, 0x00, 0x00, 
    0x00, 0x00, 0x00, 0x00, 0x40, 0x8f, 0xff, 0x77, 0xff, 0xe3, 0xff, 0xff, 0xff, 0xff, 0xff, 0xff, 
    0xff, 0xd7, 0xfa, 0x2e, 0xff, 0xfc, 0x00, 0xff, 0xfd, 0xff, 0xf8, 0x00, 0x3f, 0xff, 0xff, 0xff, 
    0xff, 0xff, 0xff, 0xff, 0xff, 0xff, 0xff, 0xff, 0xff, 0xff, 0xff, 0xff, 0xff, 0xff, 0xff, 0xff, 
    0xff, 0xff, 0xff, 0xff, 0xff, 0xff, 0xff, 0xff, 0xff, 0xff, 0xff, 0xff, 0xff, 0xff, 0xff, 0xff, 
    0xff, 0xff, 0xff, 0xff, 0xff, 0xff, 0xff, 0xff, 0xff, 0xff, 0xff, 0xff, 0xff, 0xff, 0xdf, 0xff, 
    0xfc, 0xbf, 0xff, 0xff, 0xff, 0xff, 0xff, 0xff, 0xb7, 0xff, 0xff, 0xff, 0xff, 0xff, 0xff, 0xff, 
    0xc0, 0x00, 0x00, 0x00, 0x00, 0x00, 0x00, 0x00, 0x40, 0x9f, 0xfe, 0x77, 0xff, 0xe3, 0xff, 0xff, 
    0xff, 0xff, 0xff, 0xff, 0xff, 0xd7, 0xfa, 0xae, 0xff, 0xfc, 0x00, 0xff, 0xfd, 0xff, 0xf8, 0x00, 
    0x3f, 0xff, 0xff, 0xff, 0xff, 0xff, 0xff, 0xff, 0xff, 0xff, 0xff, 0xff, 0xff, 0xff, 0xff, 0xff, 
    0xff, 0xff, 0xff, 0xff, 0xff, 0xff, 0xff, 0xff, 0xff, 0xff, 0xff, 0xff, 0xff, 0xff, 0xff, 0xff, 
    0xff, 0xff, 0xff, 0xff, 0xff, 0xff, 0xff, 0xff, 0xff, 0xff, 0xff, 0xff, 0xff, 0xff, 0xff, 0xff, 
    0xff, 0xff, 0xdf, 0xff, 0xfc, 0xbf, 0xff, 0xff, 0xff, 0xff, 0xff, 0xff, 0xf7, 0xff, 0xff, 0xff, 
    0xff, 0xff, 0xff, 0xff, 0xc0, 0x00, 0x00, 0x00, 0x08, 0x00, 0x00, 0x00, 0xc0, 0x9f, 0xfe, 0x77, 
    0xff, 0xe3, 0xff, 0xff, 0xff, 0xff, 0xff, 0xff, 0xff, 0xd7, 0xfa, 0xae, 0xff, 0xfc, 0x00, 0xff, 
    0xfd, 0xff, 0xf8, 0x00, 0x3f, 0xff, 0xff, 0xff, 0xff, 0xff, 0xff, 0xff, 0xff, 0xff, 0xff, 0xff, 
    0xff, 0xff, 0xff, 0xff, 0xff, 0xff, 0xff, 0xff, 0xff, 0xff, 0xff, 0xff, 0xff, 0xff, 0xff, 0xff, 
    0xff, 0xff, 0xff, 0xff, 0xff, 0xff, 0xff, 0xff, 0xff, 0xff, 0xff, 0xff, 0xff, 0xff, 0xff, 0xff, 
    0xff, 0xff, 0xff, 0xff, 0xff, 0xff, 0xdf, 0xff, 0xf8, 0x3f, 0xff, 0xff, 0xff, 0xff, 0xff, 0xff, 
    0xf7, 0xff, 0xff, 0xff, 0xff, 0xff, 0xff, 0xff, 0xc0, 0x00, 0x00, 0x00, 0x08, 0x00, 0x00, 0x00, 
    0xc0, 0x9f, 0xfe, 0x77, 0xff, 0xf3, 0xff, 0xff, 0xff, 0xff, 0xff, 0xff, 0xff, 0xf7, 0xfa, 0xae, 
    0xff, 0xfc, 0x06, 0xff, 0xff, 0xff, 0xf8, 0x00, 0x3f, 0xff, 0xff, 0xff, 0xff, 0xff, 0xff, 0xff, 
    0xff, 0xff, 0xff, 0xff, 0xff, 0xff, 0xff, 0xff, 0xff, 0xff, 0xff, 0xff, 0xff, 0xff, 0xff, 0xff, 
    0xff, 0xff, 0xff, 0xff, 0xff, 0xff, 0xff, 0xff, 0xff, 0xff, 0xff, 0xff, 0xff, 0xff, 0xff, 0xff, 
    0xff, 0xff, 0xff, 0xff, 0xff, 0xff, 0xff, 0xff, 0xff, 0xff, 0xdf, 0xff, 0xfa, 0x3f, 0xff, 0xff, 
    0xff, 0xff, 0xff, 0xff, 0xf7, 0xff, 0xff, 0xff, 0xff, 0xff, 0xff, 0xff, 0x80, 0x00, 0x00, 0x00, 
    0x08, 0x00, 0x00, 0x00, 0xc0, 0x9f, 0xfa, 0x77, 0xff, 0xf3, 0xff, 0xff, 0xff, 0xff, 0xff, 0xff, 
    0xff, 0xf7, 0xfa, 0xae, 0xff, 0xfd, 0x04, 0xff, 0xff, 0xff, 0xf8, 0x00, 0x3f, 0xff, 0xff, 0xff, 
    0xff, 0xff, 0xff, 0xff, 0xff, 0xff, 0xff, 0xff, 0xff, 0xff, 0xff, 0xff, 0xff, 0xff, 0xff, 0xff, 
    0xff, 0xff, 0xff, 0xff, 0xff, 0xff, 0xff, 0xff, 0xff, 0xff, 0xff, 0xff, 0xff, 0xff, 0xff, 0xff, 
    0xff, 0xff, 0xff, 0xff, 0xff, 0xff, 0xff, 0xff, 0xff, 0xff, 0xff, 0xff, 0xff, 0xff, 0xdf, 0xff, 
    0xfb, 0x7f, 0xff, 0xff, 0xff, 0xff, 0xff, 0xff, 0xf7, 0xff, 0xff, 0xff, 0xff, 0xff, 0xff, 0xff, 
    0x80, 0x00, 0x00, 0x00, 0x00, 0x00, 0x00, 0x00, 0xc0, 0x9f, 0xfa, 0x77, 0xff, 0xf3, 0xff, 0xff, 
    0xff, 0xff, 0xff, 0xff, 0xff, 0xf7, 0xfa, 0xae, 0xff, 0xff, 0x04, 0xff, 0xff, 0xff, 0xf8, 0x00, 
    0x3f, 0xff, 0xff, 0xff, 0xff, 0xff, 0xff, 0xff, 0xff, 0xff, 0xff, 0xff, 0xff, 0xff, 0xff, 0xff, 
    0xff, 0xff, 0xff, 0xff, 0xff, 0xff, 0xff, 0xff, 0xff, 0xff, 0xff, 0xff, 0xff, 0xff, 0xff, 0xff, 
    0xff, 0xff, 0xff, 0xff, 0xff, 0xff, 0xff, 0xff, 0xff, 0xff, 0xff, 0xff, 0xff, 0xff, 0xff, 0xff, 
    0xff, 0xff, 0xdf, 0xff, 0xfb, 0x7f, 0xff, 0xff, 0xff, 0xff, 0xff, 0xff, 0xf7, 0xff, 0xff, 0xff, 
    0xff, 0xff, 0xff, 0xff, 0x80, 0x00, 0x00, 0x00, 0x00, 0x00, 0x00, 0x02, 0xc0, 0x97, 0xfa, 0x77, 
    0xff, 0xf3, 0xff, 0xff, 0xff, 0xff, 0xff, 0xff, 0xff, 0xff, 0xfa, 0x2e, 0xff, 0xfe, 0x04, 0xff, 
    0xff, 0xff, 0xf8, 0x00, 0x3f, 0xff, 0xff, 0xff, 0xff, 0xff, 0xff, 0xff, 0xff, 0xff, 0xff, 0xff, 
    0xff, 0xff, 0xff, 0xff, 0xff, 0xff, 0xff, 0xff, 0xff, 0xff, 0xff, 0xff, 0xff, 0xff, 0xff, 0xff, 
    0xff, 0xff, 0xff, 0xff, 0xff, 0xff, 0xff, 0xff, 0xff, 0xff, 0xff, 0xff, 0xff, 0xff, 0xff, 0xff, 
    0xff, 0xff, 0xff, 0xff, 0xff, 0xff, 0xdf, 0xff, 0xfb, 0xff, 0xff, 0xff, 0xff, 0xff, 0xff, 0xff, 
    0xf7, 0xff, 0xff, 0xff, 0xff, 0xff, 0xff, 0xff, 0x00, 0x00, 0x00, 0x00, 0x00, 0x00, 0x00, 0x02, 
    0xc0, 0x97, 0xfa, 0x77, 0xff, 0xf3, 0xff, 0xff, 0xff, 0xff, 0xff, 0xff, 0xff, 0xff, 0xfa, 0x2e, 
    0xff, 0xfe, 0x04, 0xff, 0xff, 0xff, 0xf8, 0x00, 0x3f, 0xff, 0xff, 0xff, 0xff, 0xff, 0xff, 0xff, 
    0xff, 0xff, 0xff, 0xff, 0xff, 0xff, 0xff, 0xff, 0xff, 0xff, 0xff, 0xff, 0xff, 0xff, 0xff, 0xff, 
    0xff, 0xff, 0xff, 0xff, 0xff, 0xff, 0xff, 0xff, 0xff, 0xff, 0xff, 0xff, 0xff, 0xff, 0xff, 0xff, 
    0xff, 0xff, 0xff, 0xff, 0xff, 0xff, 0xff, 0xff, 0xff, 0xff, 0xcf, 0xff, 0xfb, 0xff, 0xff, 0xff, 
    0xff, 0xff, 0xff, 0xff, 0xf7, 0xff, 0xff, 0xff, 0xff, 0xff, 0xff, 0xff, 0x00, 0x00, 0x00, 0x00, 
    0x00, 0x00, 0x00, 0x02, 0xc0, 0x97, 0xfa, 0x77, 0xff, 0xf3, 0xff, 0xff, 0xff, 0xff, 0xff, 0xff, 
    0xff, 0xff, 0xfa, 0x3e, 0xff, 0xfe, 0x06, 0xff, 0xfd, 0xff, 0xf8, 0x00, 0x3f, 0xff, 0xff, 0xff, 
    0xff, 0xff, 0xff, 0xff, 0xff, 0xff, 0xff, 0xff, 0xff, 0xff, 0xff, 0xff, 0xff, 0xff, 0xff, 0xff, 
    0xff, 0xff, 0xff, 0xff, 0xff, 0xff, 0xff, 0xff, 0xff, 0xff, 0xff, 0xff, 0xff, 0xff, 0xff, 0xff, 
    0xff, 0xff, 0xff, 0xff, 0xff, 0xff, 0xff, 0xff, 0xff, 0xff, 0xff, 0xff, 0xff, 0xff, 0xef, 0xff, 
    0xfb, 0xff, 0xff, 0xff, 0xff, 0xff, 0xff, 0xff, 0xf7, 0xff, 0xff, 0xff, 0xff, 0xff, 0xff, 0xfe, 
    0x00, 0x00, 0x00, 0x00, 0x00, 0x00, 0x00, 0x02, 0xc0, 0x17, 0xfa, 0x77, 0xff, 0xf3, 0xff, 0xff, 
    0xff, 0xff, 0xff, 0xff, 0xff, 0xff, 0xfa, 0x3e, 0xff, 0xfe, 0x06, 0xff, 0xfd, 0xff, 0xf8, 0x00, 
    0x3f, 0xff, 0xff, 0xff, 0xff, 0xff, 0xff, 0xff, 0xff, 0xff, 0xff, 0xff, 0xff, 0xff, 0xff, 0xff, 
    0xff, 0xff, 0xff, 0xff, 0xff, 0xff, 0xff, 0xff, 0xff, 0xff, 0xff, 0xff, 0xff, 0xff, 0xff, 0xff, 
    0xff, 0xff, 0xff, 0xff, 0xff, 0xff, 0xff, 0xff, 0xff, 0xff, 0xff, 0xff, 0xff, 0xff, 0xff, 0xff, 
    0xff, 0xff, 0xef, 0xff, 0xfb, 0xff, 0xff, 0xff, 0xff, 0xff, 0xff, 0xff, 0xf7, 0xff, 0xff, 0xff, 
    0xff, 0xff, 0xff, 0xfe, 0x00, 0x00, 0x00, 0x00, 0x00, 0x00, 0x00, 0x02, 0xc0, 0x17, 0xfa, 0x77, 
    0xff, 0xf3, 0xff, 0xff, 0xff, 0xff, 0xff, 0xff, 0xff, 0xef, 0xfa, 0xbe, 0xff, 0xfe, 0x06, 0xff, 
    0xfd, 0xff, 0xf8, 0x00, 0x3f, 0xff, 0xff, 0xff, 0xff, 0xff, 0xff, 0xff, 0xff, 0xff, 0xff, 0xff, 
    0xff, 0xff, 0xff, 0xff, 0xff, 0xff, 0xff, 0xff, 0xff, 0xff, 0xff, 0xff, 0xff, 0xff, 0xff, 0xff, 
    0xff, 0xff, 0xff, 0xff, 0xff, 0xff, 0xff, 0xff, 0xff, 0xff, 0xff, 0xff, 0xff, 0xff, 0xff, 0xff, 
    0xff, 0xff, 0xff, 0xff, 0xff, 0xff, 0xef, 0xff, 0xfb, 0xff, 0xff, 0xff, 0xff, 0xff, 0xff, 0xff, 
    0xf7, 0xff, 0xff, 0xff, 0xff, 0xff, 0xff, 0xfe, 0x00, 0x00, 0x00, 0x00, 0x00, 0x00, 0x00, 0x02, 
    0xc0, 0x17, 0xfa, 0x77, 0xff, 0xf3, 0xff, 0xff, 0xff, 0xff, 0xff, 0xff, 0xff, 0xef, 0xfa, 0xbe, 
    0xff, 0xfe, 0x86, 0xff, 0xff, 0xff, 0xf8, 0x00, 0x3f, 0xff, 0xff, 0xff, 0xff, 0xff, 0xff, 0xff, 
    0xff, 0xff, 0xff, 0xff, 0xff, 0xff, 0xff, 0xff, 0xff, 0xff, 0xff, 0xff, 0xff, 0xff, 0xff, 0xff, 
    0xff, 0xff, 0xff, 0xff, 0xff, 0xff, 0xff, 0xff, 0xff, 0xff, 0xff, 0xff, 0xff, 0xff, 0xff, 0xff, 
    0xff, 0xff, 0xff, 0xff, 0xff, 0xff, 0xff, 0xff, 0xff, 0xff, 0xef, 0xff, 0xfb, 0xff, 0xff, 0xff, 
    0xff, 0xff, 0xff, 0xff, 0xff, 0xff, 0xff, 0xff, 0xff, 0xff, 0xff, 0xfe, 0x00, 0x00, 0x00, 0x00, 
    0x00, 0x00, 0x00, 0x02, 0xc0, 0x17, 0xfa, 0x37, 0xff, 0xf3, 0xff, 0xff, 0xff, 0xff, 0xff, 0xff, 
    0xff, 0xff, 0xfa, 0xbe, 0xff, 0xfe, 0x86, 0xff, 0xff, 0xff, 0xf8, 0x00, 0x3f, 0xff, 0xff, 0xff, 
    0xff, 0xff, 0xff, 0xff, 0xff, 0xff, 0xff, 0xff, 0xff, 0xff, 0xff, 0xff, 0xff, 0xff, 0xff, 0xff, 
    0xff, 0xff, 0xff, 0xff, 0xff, 0xff, 0xff, 0xff, 0xff, 0xff, 0xff, 0xff, 0xff, 0xff, 0xff, 0xff, 
    0xff, 0xff, 0xff, 0xff, 0xff, 0xff, 0xff, 0xff, 0xff, 0xff, 0xff, 0xff, 0xff, 0xff, 0xf7, 0xff, 
    0xfb, 0xff, 0xff, 0xff, 0xff, 0xff, 0xff, 0xff, 0xdf, 0xff, 0xff, 0xff, 0xff, 0xff, 0xff, 0xfc, 
    0x00, 0x00, 0x00, 0x00, 0x00, 0x00, 0x00, 0x02, 0xc0, 0x17, 0xfa, 0x37, 0xff, 0xf7, 0xff, 0xff, 
    0xff, 0xff, 0xff, 0xff, 0xff, 0xff, 0xfa, 0xbe, 0xff, 0xfe, 0x84, 0xff, 0xff, 0xff, 0xf8, 0x00, 
    0x3f, 0xff, 0xff, 0xff, 0xff, 0xff, 0xff, 0xff, 0xff, 0xff, 0xff, 0xff, 0xff, 0xff, 0xff, 0xff, 
    0xff, 0xff, 0xff, 0xff, 0xff, 0xff, 0xff, 0xff, 0xff, 0xff, 0xff, 0xff, 0xff, 0xff, 0xff, 0xff, 
    0xff, 0xff, 0xff, 0xff, 0xff, 0xff, 0xff, 0xff, 0xff, 0xff, 0xff, 0xff, 0xff, 0xff, 0xff, 0xff, 
    0xff, 0xff, 0xf7, 0xff, 0xfb, 0xff, 0xff, 0xff, 0xff, 0xff, 0xff, 0xff, 0xdf, 0xff, 0xff, 0xff, 
    0xff, 0xff, 0xff, 0xfd, 0x00, 0x00, 0x00, 0x00, 0x00, 0x00, 0x00, 0x02, 0xc0, 0x17, 0xfa, 0x37, 
    0xff, 0xf7, 0xff, 0xff, 0xbf, 0xff, 0xff, 0xff, 0xff, 0xef, 0xfa, 0x3e, 0xff, 0xfe, 0x84, 0xff, 
    0xff, 0xff, 0xf8, 0x00, 0x3f, 0xff, 0xff, 0xff, 0xff, 0xff, 0xff, 0xff, 0xff, 0xff, 0xff, 0xff, 
    0xff, 0xff, 0xff, 0xff, 0xff, 0xff, 0xff, 0xff, 0xff, 0xff, 0xff, 0xff, 0xff, 0xff, 0xff, 0xff, 
    0xff, 0xff, 0xff, 0xff, 0xff, 0xff, 0xff, 0xff, 0xff, 0xff, 0xff, 0xff, 0xff, 0xff, 0xff, 0xff, 
    0xff, 0xff, 0xff, 0xff, 0xff, 0xff, 0xf7, 0xff, 0xfb, 0xff, 0xff, 0xff, 0xff, 0xff, 0xff, 0xff, 
    0xdf, 0xff, 0xff, 0xff, 0xff, 0xff, 0xff, 0xf8, 0x00, 0x00, 0x00, 0x00, 0x08, 0x00, 0x00, 0x02, 
    0xc0, 0x17, 0xfa, 0x37, 0xff, 0xf7, 0xff, 0xff, 0xff, 0xff, 0xff, 0xff, 0xff, 0xef, 0xfa, 0x3e, 
    0xff, 0xfe, 0x84, 0xff, 0xff, 0xff, 0xf8, 0x00, 0x3f, 0xff, 0xff, 0xff, 0xff, 0xff, 0xff, 0xff, 
    0xff, 0xff, 0xff, 0xff, 0xff, 0xff, 0xff, 0xff, 0xff, 0xff, 0xff, 0xff, 0xff, 0xff, 0xff, 0xff, 
    0xff, 0xff, 0xff, 0xff, 0xff, 0xff, 0xff, 0xff, 0xff, 0xff, 0xff, 0xff, 0xff, 0xff, 0xff, 0xff, 
    0xff, 0xff, 0xff, 0xff, 0xff, 0xff, 0xff, 0xff, 0xff, 0xff, 0xfb, 0xff, 0xfb, 0xff, 0xff, 0xff, 
    0xff, 0xff, 0xff, 0xff, 0xdf, 0xff, 0xff, 0xff, 0xff, 0xff, 0xff, 0xfa, 0x80, 0x00, 0x00, 0x00, 
    0x00, 0x00, 0x00, 0x02, 0xc0, 0x17, 0xfa, 0x37, 0xff, 0xf7, 0xff, 0xff, 0xff, 0xff, 0xff, 0xff, 
    0xff, 0xef, 0xfa, 0x3e, 0xff, 0xfe, 0x84, 0xff, 0xff, 0xff, 0xf8, 0x00, 0x3f, 0xff, 0xff, 0xff, 
    0xff, 0xff, 0xff, 0xff, 0xff, 0xff, 0xff, 0xff, 0xff, 0xff, 0xff, 0xff, 0xff, 0xff, 0xff, 0xff, 
    0xff, 0xff, 0xff, 0xff, 0xff, 0xff, 0xff, 0xff, 0xff, 0xff, 0xff, 0xff, 0xff, 0xff, 0xff, 0xff, 
    0xff, 0xff, 0xff, 0xff, 0xff, 0xff, 0xff, 0xff, 0xff, 0xff, 0xff, 0xff, 0xff, 0xff, 0xfb, 0xff, 
    0xfb, 0xff, 0xff, 0xff, 0xff, 0xff, 0xff, 0xff, 0xdf, 0xff, 0xff, 0xff, 0xff, 0xff, 0xff, 0xfa, 
    0x80, 0x00, 0x00, 0x00, 0x00, 0x00, 0x00, 0x02, 0xc0, 0x17, 0xfa, 0x37, 0xff, 0xf7, 0xff, 0xff, 
    0xff, 0xff, 0xff, 0xff, 0xff, 0xff, 0xfa, 0x3e, 0xff, 0xfe, 0x85, 0xff, 0xff, 0xff, 0xf8, 0x00, 
    0x3f, 0xff, 0xff, 0xff, 0xff, 0xff, 0xff, 0xff, 0xff, 0xff, 0xff, 0xff, 0xff, 0xff, 0xff, 0xff, 
    0xff, 0xff, 0xff, 0xff, 0xff, 0xff, 0xff, 0xff, 0xff, 0xff, 0xff, 0xff, 0xff, 0xff, 0xff, 0xff, 
    0xff, 0xff, 0xff, 0xff, 0xff, 0xff, 0xff, 0xff, 0xff, 0xff, 0xff, 0xff, 0xff, 0xff, 0xff, 0xff, 
    0xff, 0xff, 0xfb, 0xff, 0xfd, 0xff, 0xff, 0xff, 0xff, 0xff, 0xff, 0xff, 0xdf, 0xff, 0xff, 0xff, 
    0xff, 0xff, 0xff, 0xf0, 0x00, 0x00, 0x00, 0x00, 0x08, 0x00, 0x00, 0x02, 0xc0, 0x17, 0xfa, 0x37, 
    0xff, 0xf7, 0xff, 0xff, 0xff, 0xff, 0xff, 0xff, 0xff, 0xff, 0xfe, 0x3e, 0xff, 0xfe, 0x85, 0xff, 
    0xff, 0xff, 0xf8, 0x00, 0x3f, 0xff, 0xff, 0xff, 0xff, 0xff, 0xff, 0xff, 0xff, 0xff, 0xff, 0xff, 
    0xff, 0xff, 0xff, 0xff, 0xff, 0xff, 0xff, 0xff, 0xff, 0xff, 0xff, 0xff, 0xff, 0xff, 0xff, 0xff, 
    0xff, 0xff, 0xff, 0xff, 0xff, 0xff, 0xff, 0xff, 0xff, 0xff, 0xff, 0xff, 0xff, 0xff, 0xff, 0xff, 
    0xff, 0xff, 0xff, 0xff, 0xff, 0xff, 0xfd, 0xff, 0xfd, 0xff, 0xff, 0xff, 0xff, 0xff, 0xff, 0xff, 
    0xcf, 0xff, 0xff, 0xff, 0xff, 0xff, 0xff, 0xf5, 0x00, 0x00, 0x00, 0x00, 0x08, 0x00, 0x00, 0x03, 
    0xc0, 0x17, 0xfa, 0x37, 0xff, 0xf7, 0xff, 0xff, 0xff, 0xff, 0xff, 0xff, 0xff, 0xff, 0xfe, 0x3e, 
    0xff, 0xfe, 0x85, 0xff, 0xff, 0xff, 0xf8, 0x00, 0x3f, 0xff, 0xff, 0xff, 0xff, 0xff, 0xff, 0xff, 
    0xff, 0xff, 0xff, 0xff, 0xff, 0xff, 0xff, 0xff, 0xff, 0xff, 0xff, 0xff, 0xff, 0xff, 0xff, 0xff, 
    0xff, 0xff, 0xff, 0xff, 0xff, 0xff, 0xff, 0xff, 0xff, 0xff, 0xff, 0xff, 0xff, 0xff, 0xff, 0xff, 
    0xff, 0xff, 0xff, 0xff, 0xff, 0xff, 0xff, 0xff, 0xff, 0xff, 0xfd, 0xff, 0xfd, 0xff, 0xff, 0xff, 
    0xff, 0xff, 0xff, 0xff, 0xcf, 0xff, 0xff, 0xff, 0xff, 0xff, 0xff, 0xf5, 0x00, 0x00, 0x00, 0x00, 
    0x08, 0x00, 0x00, 0x03, 0xc0, 0x17, 0xfa, 0x37, 0xff, 0xf7, 0xff, 0xff, 0xff, 0xff, 0xff, 0xff, 
    0xff, 0xff, 0xfe, 0x3e, 0xff, 0xfe, 0x85, 0xff, 0xff, 0xff, 0xf8, 0x04, 0x3f, 0xff, 0xff, 0xff, 
    0xff, 0xff, 0xff, 0xff, 0xff, 0xff, 0xff, 0xff, 0xff, 0xff, 0xff, 0xff, 0xff, 0xff, 0xff, 0xff, 
    0xff, 0xff, 0xff, 0xff, 0xff, 0xff, 0xff, 0xff, 0xff, 0xff, 0xff, 0xff, 0xff, 0xff, 0xff, 0xff, 
    0xff, 0xff, 0xff, 0xff, 0xff, 0xff, 0xff, 0xff, 0xff, 0xff, 0xff, 0xff, 0xff, 0xff, 0xfe, 0xff, 
    0xfd, 0xff, 0xff, 0xff, 0xff, 0xff, 0xff, 0xff, 0xef, 0xff, 0xff, 0xff, 0xff, 0xff, 0xff, 0xe0, 
    0x00, 0x00, 0x00, 0x00, 0x00, 0x00, 0x00, 0x03, 0xc0, 0x17, 0xf2, 0x37, 0xff, 0xf7, 0xff, 0xff, 
    0xff, 0xff, 0xff, 0xff, 0xff, 0xff, 0xfe, 0x3e, 0xff, 0xfe, 0x85, 0xff, 0xff, 0xff, 0xf8, 0x04, 
    0x3f, 0xff, 0xff, 0xff, 0xff, 0xff, 0xff, 0xff, 0xff, 0xff, 0xff, 0xff, 0xff, 0xff, 0xff, 0xff, 
    0xff, 0xff, 0xff, 0xff, 0xff, 0xff, 0xff, 0xff, 0xff, 0xff, 0xff, 0xff, 0xff, 0xff, 0xff, 0xff, 
    0xff, 0xff, 0xff, 0xff, 0xff, 0xff, 0xff, 0xff, 0xff, 0xff, 0xff, 0xff, 0xff, 0xff, 0xff, 0xff, 
    0xff, 0xff, 0xfe, 0x7f, 0xfd, 0xff, 0xff, 0xff, 0xff, 0xff, 0xff, 0xff, 0xef, 0xff, 0xff, 0xff, 
    0xff, 0xff, 0xff, 0xea, 0x00, 0x00, 0x00, 0x00, 0x10, 0x00, 0x00, 0x03, 0xc0, 0x17, 0xf2, 0x37, 
    0xff, 0xf7, 0xff, 0xff, 0xff, 0xff, 0xff, 0xff, 0xff, 0xff, 0xfe, 0x7e, 0xff, 0xfe, 0x87, 0xff, 
    0xff, 0xff, 0xf8, 0x04, 0x3f, 0xff, 0xff, 0xff, 0xff, 0xff, 0xff, 0xff, 0xff, 0xff, 0xff, 0xff, 
    0xff, 0xff, 0xff, 0xff, 0xff, 0xff, 0xff, 0xff, 0xff, 0xff, 0xff, 0xff, 0xff, 0xff, 0xff, 0xff, 
    0xff, 0xff, 0xff, 0xff, 0xff, 0xff, 0xff, 0xff, 0xff, 0xff, 0xff, 0xff, 0xff, 0xff, 0xff, 0xff, 
    0xff, 0xff, 0xff, 0xff, 0xff, 0xff, 0xff, 0x7f, 0xfd, 0xff, 0xff, 0xff, 0xff, 0xff, 0xff, 0xff, 
    0xef, 0xff, 0xff, 0xff, 0xff, 0xff, 0xff, 0xca, 0x00, 0x00, 0x00, 0x00, 0x14, 0x00, 0x00, 0x03, 
    0xc0, 0x17, 0xf2, 0x37, 0xff, 0xf7, 0xff, 0xff, 0xff, 0xff, 0xff, 0xff, 0xff, 0xff, 0xfe, 0x7e, 
    0xff, 0xfe, 0x87, 0xff, 0xff, 0xff, 0xf8, 0x04, 0x3f, 0xff, 0xff, 0xff, 0xff, 0xff, 0xff, 0xff, 
    0xff, 0xff, 0xff, 0xff, 0xff, 0xff, 0xff, 0xff, 0xff, 0xff, 0xff, 0xff, 0xff, 0xff, 0xff, 0xff, 
    0xff, 0xff, 0xff, 0xff, 0xff, 0xff, 0xff, 0xff, 0xff, 0xff, 0xff, 0xff, 0xff, 0xff, 0xff, 0xff, 
    0xff, 0xff, 0xff, 0xff, 0xff, 0xff, 0xff, 0xff, 0xff, 0xff, 0xff, 0xbf, 0xfd, 0xff, 0xff, 0xff, 
    0xff, 0xff, 0xff, 0xff, 0xff, 0xff, 0xff, 0xff, 0xff, 0xff, 0xff, 0xd4, 0x00, 0x00, 0x00, 0x00, 
    0x10, 0x00, 0x00, 0x03, 0xc0, 0x17, 0xf2, 0x37, 0xff, 0xf7, 0xff, 0xff, 0xff, 0xff, 0xff, 0xff, 
    0xff, 0xff, 0xfe, 0x7e, 0xff, 0xfe, 0x87, 0xff, 0xff, 0xff, 0xf8, 0x04, 0x3f, 0xff, 0xff, 0xff, 
    0xff, 0xff, 0xff, 0xff, 0xff, 0xff, 0xff, 0xff, 0xff, 0xff, 0xff, 0xff, 0xff, 0xff, 0xff, 0xff, 
    0xff, 0xff, 0xff, 0xff, 0xff, 0xff, 0xff, 0xff, 0xff, 0xff, 0xff, 0xff, 0xff, 0xff, 0xff, 0xff, 
    0xff, 0xff, 0xff, 0xff, 0xff, 0xff, 0xff, 0xff, 0xff, 0xff, 0xff, 0xff, 0xff, 0xff, 0xff, 0xdf, 
    0xfd, 0xff, 0xff, 0xff, 0xff, 0xff, 0xff, 0xff, 0xff, 0xff, 0xff, 0xff, 0xff, 0xff, 0xff, 0x94, 
    0x00, 0x00, 0x00, 0x00, 0x10, 0x00, 0x00, 0x03, 0xc0, 0x17, 0xf2, 0x37, 0xff, 0xf7, 0xff, 0xff, 
    0xff, 0xff, 0xff, 0xff, 0xff, 0xff, 0xfe, 0x3f, 0xff, 0xfe, 0x87, 0xff, 0xff, 0xff, 0xf8, 0x04, 
    0x3f, 0xff, 0xff, 0xff, 0xff, 0xff, 0xff, 0xff, 0xff, 0xff, 0xff, 0xff, 0xff, 0xff, 0xff, 0xff, 
    0xff, 0xff, 0xff, 0xff, 0xff, 0xff, 0xff, 0xff, 0xff, 0xff, 0xff, 0xff, 0xff, 0xff, 0xff, 0xff, 
    0xff, 0xff, 0xff, 0xff, 0xff, 0xff, 0xff, 0xff, 0xff, 0xff, 0xff, 0xff, 0xff, 0xff, 0xff, 0xff, 
    0xff, 0xff, 0xff, 0xe3, 0xfd, 0xff, 0xff, 0xff, 0xff, 0xff, 0xff, 0xff, 0xff, 0xff, 0xff, 0xff, 
    0xff, 0xff, 0xff, 0x10, 0x00, 0x00, 0x00, 0x00, 0x30, 0x00, 0x00, 0x03, 0xc0, 0x17, 0xf0, 0x37, 
    0xff, 0xf7, 0xff, 0xff, 0xff, 0xff, 0xff, 0xff, 0xff, 0xff, 0xfe, 0x3f, 0xff, 0xfe, 0x87, 0xff, 
    0xff, 0xff, 0xfa, 0x04, 0x3f, 0xff, 0xff, 0xff, 0xff, 0xff, 0xff, 0xff, 0xff, 0xff, 0xff, 0xff, 
    0xff, 0xff, 0xff, 0xff, 0xff, 0xff, 0xff, 0xff, 0xff, 0xff, 0xff, 0xff, 0xff, 0xff, 0xff, 0xff, 
    0xff, 0xff, 0xff, 0xff, 0xff, 0xff, 0xff, 0xff, 0xff, 0xff, 0xff, 0xff, 0xff, 0xff, 0xff, 0xff, 
    0xff, 0xff, 0xff, 0xff, 0xff, 0xff, 0xff, 0xf1, 0xfd, 0xff, 0xff, 0xff, 0xff, 0xff, 0xff, 0xff, 
    0xff, 0xff, 0xff, 0xff, 0xff, 0xff, 0xff, 0x08, 0x00, 0x00, 0x00, 0x00, 0x23, 0x00, 0x00, 0x03, 
    0xc0, 0x17, 0xf0, 0x37, 0xff, 0xff, 0xff, 0xff, 0xff, 0xff, 0xff, 0xff, 0xff, 0xff, 0xfe, 0x3f, 
    0xff, 0xfe, 0x87, 0xff, 0xff, 0xff, 0xfa, 0x04, 0x3f, 0xff, 0xff, 0xff, 0xff, 0xff, 0xff, 0xff, 
    0xff, 0xff, 0xff, 0xff, 0xff, 0xff, 0xff, 0xff, 0xff, 0xff, 0xff, 0xff, 0xff, 0xff, 0xff, 0xff, 
    0xff, 0xff, 0xff, 0xff, 0xff, 0xff, 0xff, 0xff, 0xff, 0xff, 0xff, 0xff, 0xff, 0xff, 0xff, 0xff, 
    0xff, 0xff, 0xff, 0xff, 0xff, 0xff, 0xff, 0xff, 0xff, 0xff, 0xff, 0xfd, 0xfd, 0xff, 0xff, 0xff, 
    0xff, 0xff, 0xff, 0xff, 0xff, 0xff, 0xff, 0xff, 0xff, 0xff, 0xff, 0x28, 0x00, 0x00, 0x00, 0x00, 
    0x20, 0x00, 0x00, 0x03, 0xc0, 0x17, 0xf0, 0x37, 0xff, 0xff, 0xff, 0xff, 0xff, 0xff, 0xff, 0xff, 
    0xff, 0xff, 0xfe, 0x3f, 0xff, 0xfe, 0x87, 0xff, 0xff, 0xdf, 0xfa, 0x04, 0x3f, 0xff, 0xff, 0xff, 
    0xff, 0xff, 0xff, 0xff, 0xff, 0xff, 0xff, 0xff, 0xff, 0xff, 0xff, 0xff, 0xff, 0xff, 0xff, 0xff, 
    0xff, 0xff, 0xff, 0xff, 0xff, 0xff, 0xff, 0xff, 0xff, 0xff, 0xff, 0xff, 0xff, 0xff, 0xff, 0xff, 
    0xff, 0xff, 0xff, 0xff, 0xff, 0xff, 0xff, 0xff, 0xff, 0xff, 0xff, 0xff, 0xff, 0xff, 0xff, 0xfe, 
    0xfd, 0xff, 0xff, 0xff, 0xff, 0xff, 0xff, 0xff, 0xff, 0xff, 0xff, 0xff, 0xff, 0xff, 0xfe, 0x20, 
    0x04, 0x00, 0x00, 0x00, 0x20, 0x00, 0x00, 0x03, 0xc0, 0x17, 0xf0, 0x37, 0xff, 0xff, 0xff, 0xff, 
    0xff, 0xff, 0xff, 0xff, 0xff, 0xff, 0xfe, 0x3f, 0xff, 0xfe, 0x87, 0xff, 0xff, 0xdf, 0xfa, 0x04, 
    0x3f, 0xff, 0xff, 0xff, 0xff, 0xff, 0xff, 0xff, 0xff, 0xff, 0xff, 0xff, 0xff, 0xff, 0xff, 0xff, 
    0xff, 0xff, 0xff, 0xff, 0xff, 0xff, 0xff, 0xff, 0xff, 0xff, 0xff, 0xff, 0xff, 0xff, 0xff, 0xff, 
    0xff, 0xff, 0xff, 0xff, 0xff, 0xff, 0xff, 0xff, 0xff, 0xff, 0xff, 0xff, 0xff, 0xff, 0xff, 0xff, 
    0xff, 0xff, 0xff, 0xfe, 0xfd, 0xff, 0xff, 0xff, 0xff, 0xff, 0xff, 0xff, 0xff, 0xff, 0xff, 0xff, 
    0xff, 0xff, 0xfe, 0xb4, 0x04, 0x00, 0x00, 0x00, 0x20, 0x00, 0x00, 0x03, 0xc0, 0x17, 0xf0, 0x37, 
    0xff, 0xff, 0xff, 0xff, 0xff, 0xff, 0xff, 0xff, 0xff, 0xff, 0xfe, 0x3f, 0xff, 0xfe, 0x87, 0xff, 
    0xff, 0xdf, 0xfa, 0x0c, 0x3f, 0xff, 0xff, 0xff, 0xff, 0xff, 0xff, 0xff, 0xff, 0xff, 0xff, 0xff, 
    0xff, 0xff, 0xff, 0xff, 0xff, 0xff, 0xff, 0xff, 0xff, 0xff, 0xff, 0xff, 0xff, 0xff, 0xff, 0xff, 
    0xff, 0xff, 0xff, 0xff, 0xff, 0xff, 0xff, 0xff, 0xff, 0xff, 0xff, 0xff, 0xff, 0xff, 0xff, 0xff, 
    0xff, 0xff, 0xff, 0xff, 0xff, 0xff, 0xff, 0xfe, 0xfd, 0xff, 0xff, 0xff, 0xff, 0xff, 0xff, 0xff, 
    0xff, 0xff, 0xff, 0xff, 0xff, 0xff, 0xfc, 0x50, 0x08, 0x00, 0x00, 0x00, 0x20, 0x00, 0x00, 0x03, 
    0xc0, 0x1f, 0xf0, 0x37, 0xff, 0xff, 0xff, 0xff, 0xff, 0xff, 0xff, 0xff, 0xff, 0xff, 0xfe, 0x3f, 
    0xff, 0xfe, 0x87, 0xff, 0xff, 0xdf, 0xfa, 0x0c, 0x3f, 0xff, 0xff, 0xff, 0xff, 0xff, 0xff, 0xff, 
    0xff, 0xff, 0xff, 0xff, 0xff, 0xff, 0xff, 0xff, 0xff, 0xff, 0xff, 0xff, 0xff, 0xff, 0xff, 0xff, 
    0xff, 0xff, 0xff, 0xff, 0xff, 0xff, 0xff, 0xff, 0xff, 0xff, 0xff, 0xff, 0xff, 0xff, 0xff, 0xff, 
    0xff, 0xff, 0xff, 0xff, 0xff, 0xff, 0xff, 0xff, 0xff, 0xff, 0xff, 0xfe, 0xfd, 0xff, 0xff, 0xff, 
    0xff, 0xff, 0xff, 0xff, 0xff, 0xff, 0xff, 0xff, 0xff, 0xff, 0xfd, 0x48, 0x08, 0x00, 0x00, 0x00, 
    0x42, 0x00, 0x00, 0x03, 0xc0, 0x3f, 0xf0, 0x27, 0xff, 0xff, 0xff, 0xff, 0xff, 0xff, 0xff, 0xff, 
    0xff, 0xff, 0xfe, 0x3f, 0xff, 0xfe, 0xc7, 0xff, 0xff, 0xdf, 0xfa, 0x0c, 0x3f, 0xff, 0xff, 0xff, 
    0xff, 0xff, 0xff, 0xff, 0xff, 0xff, 0xff, 0xff, 0xff, 0xff, 0xff, 0xff, 0xff, 0xff, 0xff, 0xff, 
    0xff, 0xff, 0xff, 0xff, 0xff, 0xff, 0xff, 0xff, 0xff, 0xff, 0xff, 0xff, 0xff, 0xff, 0xff, 0xff, 
    0xff, 0xff, 0xff, 0xff, 0xff, 0xff, 0xff, 0xff, 0xff, 0xff, 0xff, 0xff, 0xff, 0xff, 0xff, 0xfe, 
    0xfd, 0xff, 0xff, 0xff, 0xff, 0xff, 0xff, 0xff, 0xff, 0xff, 0xff, 0xff, 0xff, 0xff, 0xfd, 0xe0, 
    0x08, 0x00, 0x00, 0x00, 0x42, 0x00, 0x00, 0x13, 0xc0, 0x3f, 0xf0, 0x27, 0xff, 0xff, 0xff, 0xff, 
    0xff, 0xff, 0xff, 0xff, 0xff, 0xff, 0xfe, 0x3f, 0xff, 0xfe, 0xc7, 0xff, 0xff, 0xdf, 0xfa, 0x0c, 
    0x3f, 0xff, 0xff, 0xff, 0xff, 0xff, 0xff, 0xff, 0xff, 0xff, 0xff, 0xff, 0xff, 0xff, 0xff, 0xff, 
    0xff, 0xff, 0xff, 0xff, 0xff, 0xff, 0xff, 0xff, 0xff, 0xff, 0xff, 0xff, 0xff, 0xff, 0xff, 0xff, 
    0xff, 0xff, 0xff, 0xff, 0xff, 0xff, 0xff, 0xff, 0xff, 0xff, 0xff, 0xff, 0xff, 0xff, 0xff, 0xff, 
    0xff, 0xff, 0xff, 0xfd, 0xfd, 0xff, 0xff, 0xff, 0xff, 0xff, 0xff, 0xff, 0xff, 0xff, 0xff, 0xff, 
    0xff, 0xff, 0xfb, 0xa0, 0x08, 0x00, 0x00, 0x00, 0x02, 0x00, 0x00, 0x13, 0xc0, 0x3f, 0xf0, 0x27, 
    0xff, 0xff, 0xff, 0xff, 0xff, 0xff, 0xff, 0xff, 0xff, 0xff, 0xfe, 0x3f, 0xff, 0xfe, 0xc7, 0xff, 
    0xff, 0xdf, 0xfa, 0x0c, 0x3f, 0xff, 0xff, 0xff, 0xff, 0xff, 0xff, 0xff, 0xff, 0xff, 0xff, 0xff, 
    0xff, 0xff, 0xff, 0xff, 0xff, 0xff, 0xff, 0xff, 0xff, 0xff, 0xff, 0xff, 0xff, 0xff, 0xff, 0xff, 
    0xff, 0xff, 0xff, 0xff, 0xff, 0xff, 0xff, 0xff, 0xff, 0xff, 0xff, 0xff, 0xff, 0xff, 0xff, 0xff, 
    0xff, 0xff, 0xff, 0xff, 0xff, 0xff, 0xff, 0xfd, 0xfd, 0xff, 0xff, 0xff, 0xff, 0xff, 0xff, 0xff, 
    0xff, 0xff, 0xff, 0xff, 0xff, 0xff, 0xfa, 0x90, 0x10, 0x00, 0x00, 0x00, 0x02, 0x00, 0x00, 0x13, 
    0xc0, 0x3f, 0xf0, 0x27, 0xff, 0xff, 0xff, 0xff, 0xff, 0xff, 0xff, 0xff, 0xff, 0xff, 0xff, 0x3f, 
    0xff, 0xfe, 0xc7, 0xff, 0xff, 0xdf, 0xfe, 0x0c, 0x3f, 0xff, 0xff, 0xff, 0xff, 0xff, 0xff, 0xff, 
    0xff, 0xff, 0xff, 0xff, 0xff, 0xff, 0xff, 0xff, 0xff, 0xff, 0xff, 0xff, 0xff, 0xff, 0xff, 0xff, 
    0xff, 0xff, 0xff, 0xff, 0xff, 0xff, 0xff, 0xff, 0xff, 0xff, 0xff, 0xff, 0xff, 0xff, 0xff, 0xff, 
    0xff, 0xff, 0xff, 0xff, 0xff, 0xff, 0xff, 0xff, 0xff, 0xff, 0xff, 0xfd, 0xfd, 0xff, 0xff, 0xff, 
    0xff, 0xff, 0xff, 0xff, 0xff, 0xff, 0xff, 0xff, 0xff, 0xff, 0xf7, 0xc0, 0x10, 0x00, 0x00, 0x00, 
    0x00, 0x00, 0x00, 0x13, 0xc0, 0x3f, 0xf0, 0x27, 0xff, 0xff, 0xff, 0xff, 0xff, 0xff, 0xff, 0xff, 
    0xff, 0xff, 0xff, 0x3f, 0xff, 0xfe, 0xc7, 0xff, 0xff, 0xdf, 0xfe, 0x0c, 0x3f, 0xff, 0xff, 0xff, 
    0xff, 0xff, 0xff, 0xff, 0xff, 0xff, 0xff, 0xff, 0xff, 0xff, 0xff, 0xff, 0xff, 0xff, 0xff, 0xff, 
    0xff, 0xff, 0xff, 0xff, 0xff, 0xff, 0xff, 0xff, 0xff, 0xff, 0xff, 0xff, 0xff, 0xff, 0xff, 0xff, 
    0xff, 0xff, 0xff, 0xff, 0xff, 0xff, 0xff, 0xff, 0xff, 0xff, 0xff, 0xff, 0xff, 0xff, 0xff, 0xfd, 
    0xfd, 0xff, 0xff, 0xff, 0xff, 0xff, 0xff, 0xff, 0xff, 0xff, 0xff, 0xff, 0xff, 0xff, 0xf5, 0x40, 
    0x10, 0x00, 0x00, 0x00, 0x04, 0x00, 0x00, 0x13, 0xc0, 0x3f, 0xf0, 0x27, 0xff, 0xff, 0xff, 0xff, 
    0xff, 0xff, 0xff, 0xff, 0xff, 0xff, 0xff, 0x3f, 0xff, 0xfe, 0xc7, 0xff, 0xff, 0xdf, 0xfe, 0x0c, 
    0x3f, 0xff, 0xff, 0xff, 0xff, 0xff, 0xff, 0xff, 0xff, 0xff, 0xff, 0xff, 0xff, 0xff, 0xff, 0xff, 
    0xff, 0xff, 0xff, 0xff, 0xff, 0xff, 0xff, 0xff, 0xff, 0xff, 0xff, 0xff, 0xff, 0xff, 0xff, 0xff, 
    0xff, 0xff, 0xff, 0xff, 0xff, 0xff, 0xff, 0xff, 0xff, 0xff, 0xff, 0xff, 0xff, 0xff, 0xff, 0xff, 
    0xff, 0xff, 0xff, 0xfd, 0xfd, 0xff, 0xff, 0xff, 0xff, 0xff, 0xff, 0xff, 0xff, 0xff, 0xff, 0xff, 
    0xff, 0xff, 0xe5, 0x80, 0x00, 0x00, 0x00, 0x00, 0x05, 0x00, 0x00, 0x13, 0xa0, 0x3f, 0xf0, 0x27, 
    0xff, 0xff, 0xff, 0xff, 0xff, 0xff, 0xff, 0xfb, 0xff, 0xff, 0xff, 0x7f, 0xff, 0xfe, 0xcf, 0xff, 
    0xff, 0xd7, 0xfe, 0x0c, 0x3f, 0xff, 0xff, 0xff, 0xff, 0xff, 0xff, 0xff, 0xff, 0xff, 0xff, 0xff, 
    0xff, 0xff, 0xff, 0xff, 0xff, 0xff, 0xff, 0xff, 0xff, 0xff, 0xff, 0xff, 0xff, 0xff, 0xff, 0xff, 
    0xff, 0xff, 0xff, 0xff, 0xff, 0xff, 0xff, 0xff, 0xff, 0xff, 0xff, 0xff, 0xff, 0xff, 0xff, 0xff, 
    0xff, 0xff, 0xff, 0xff, 0xff, 0xff, 0xff, 0xfd, 0xfd, 0xff, 0xff, 0xff, 0xff, 0xff, 0xff, 0xff, 
    0xff, 0xff, 0xff, 0xff, 0xff, 0xff, 0xee, 0x80, 0x20, 0x00, 0x00, 0x00, 0x05, 0x00, 0x00, 0x13, 
    0xa0, 0x3f, 0xf0, 0x27, 0xff, 0xff, 0xff, 0xff, 0xff, 0xff, 0xff, 0xfb, 0xff, 0xff, 0xff, 0x7f, 
    0xff, 0xfe, 0xcf, 0xff, 0xff, 0xd7, 0xfe, 0x0c, 0x3f, 0xff, 0xff, 0xff, 0xff, 0xff, 0xff, 0xff, 
    0xff, 0xff, 0xff, 0xff, 0xff, 0xff, 0xff, 0xff, 0xff, 0xff, 0xff, 0xff, 0xff, 0xff, 0xff, 0xff, 
    0xff, 0xff, 0xff, 0xff, 0xff, 0xff, 0xff, 0xff, 0xff, 0xff, 0xff, 0xff, 0xff, 0xff, 0xff, 0xff, 
    0xff, 0xff, 0xff, 0xff, 0xff, 0xff, 0xff, 0xff, 0xff, 0xff, 0xff, 0xfc, 0xfd, 0xff, 0xff, 0xff, 
    0xff, 0xff, 0xff, 0xff, 0xff, 0xff, 0xff, 0xff, 0xff, 0xff, 0xca, 0x80, 0x20, 0x00, 0x00, 0x00, 
    0x14, 0x80, 0x00, 0x13, 0xa0, 0x3f, 0xf0, 0x27, 0xff, 0xff, 0xff, 0xff, 0xff, 0xff, 0xff, 0xfb, 
    0xff, 0xff, 0xff, 0x7f, 0xff, 0xff, 0xcf, 0xff, 0xff, 0xd7, 0xfe, 0x0c, 0x3f, 0xff, 0xff, 0xff, 
    0xff, 0xff, 0xff, 0xff, 0xff, 0xff, 0xff, 0xff, 0xff, 0xff, 0xff, 0xff, 0xff, 0xff, 0xff, 0xff, 
    0xff, 0xff, 0xff, 0xff, 0xff, 0xff, 0xff, 0xff, 0xff, 0xff, 0xff, 0xff, 0xff, 0xff, 0xff, 0xff, 
    0xff, 0xff, 0xff, 0xff, 0xff, 0xff, 0xff, 0xff, 0xff, 0xff, 0xff, 0xff, 0xff, 0xff, 0xff, 0xfe, 
    0xfd, 0xff, 0xff, 0xff, 0xff, 0xff, 0xff, 0xff, 0xff, 0xff, 0xff, 0xff, 0xff, 0xff, 0xcf, 0x10, 
    0x40, 0x00, 0x00, 0x00, 0x17, 0x80, 0x00, 0x53, 0xa0, 0x3f, 0xf0, 0x27, 0xff, 0xff, 0xff, 0xff, 
    0xff, 0xff, 0xff, 0xfb, 0xff, 0xff, 0xff, 0x7f, 0xff, 0xff, 0xcf, 0xff, 0xff, 0xd7, 0xfe, 0x0c, 
    0x3f, 0xff, 0xff, 0xff, 0xff, 0xff, 0xff, 0xff, 0xff, 0xff, 0xff, 0xff, 0xff, 0xff, 0xff, 0xff, 
    0xff, 0xff, 0xff, 0xff, 0xff, 0xff, 0xff, 0xff, 0xff, 0xff, 0xff, 0xff, 0xff, 0xff, 0xff, 0xff, 
    0xff, 0xff, 0xff, 0xff, 0xff, 0xff, 0xff, 0xff, 0xff, 0xff, 0xff, 0xff, 0xff, 0xff, 0xff, 0xff, 
    0xff, 0xff, 0xff, 0xfe, 0xfd, 0xff, 0xff, 0xff, 0xff, 0xff, 0xff, 0xff, 0xff, 0xff, 0xff, 0xff, 
    0xff, 0xff, 0x9d, 0x00, 0x40, 0x00, 0x00, 0x00, 0x06, 0x80, 0x00, 0x57, 0xa0, 0x3f, 0xf0, 0x3f, 
    0xff, 0xff, 0xff, 0xff, 0xbf, 0xff, 0xff, 0xfb, 0xff, 0xff, 0xff, 0x7f, 0xff, 0xff, 0xcf, 0xff, 
    0xff, 0xd7, 0xfc, 0x0c, 0x3f, 0xff, 0xff, 0xff, 0xff, 0xff, 0xff, 0xff, 0xff, 0xff, 0xff, 0xff, 
    0xff, 0xff, 0xff, 0xff, 0xff, 0xff, 0xff, 0xff, 0xff, 0xff, 0xff, 0xff, 0xff, 0xff, 0xff, 0xff, 
    0xff, 0xff, 0xff, 0xff, 0xff, 0xff, 0xff, 0xff, 0xff, 0xff, 0xff, 0xff, 0xff, 0xff, 0xff, 0xff, 
    0xff, 0xff, 0xff, 0xff, 0xff, 0xff, 0xff, 0xfe, 0xfd, 0xff, 0xff, 0xff, 0xff, 0xff, 0xff, 0xff, 
    0xff, 0xff, 0xff, 0xff, 0xff, 0xff, 0xbe, 0x00, 0xc0, 0x00, 0x00, 0x00, 0x0a, 0x00, 0x00, 0x57, 
    0xa0, 0x3f, 0xf0, 0x3f, 0xff, 0xff, 0xff, 0xff, 0xbf, 0xff, 0xff, 0xfb, 0xff, 0xff, 0xff, 0x7f, 
    0xff, 0xff, 0xcf, 0xff, 0xff, 0xd7, 0xfc, 0x0c, 0x3f, 0xff, 0xff, 0xff, 0xff, 0xff, 0xff, 0xff, 
    0xff, 0xff, 0xff, 0xff, 0xff, 0xff, 0xff, 0xff, 0xff, 0xff, 0xff, 0xff, 0xff, 0xff, 0xff, 0xff, 
    0xff, 0xff, 0xff, 0xff, 0xff, 0xff, 0xff, 0xff, 0xff, 0xff, 0xff, 0xff, 0xff, 0xff, 0xff, 0xff, 
    0xff, 0xff, 0xff, 0xff, 0xff, 0xff, 0xff, 0xff, 0xff, 0xff, 0xff, 0xfe, 0xfd, 0xff, 0xff, 0xff, 
    0xff, 0xff, 0xff, 0xff, 0xff, 0xff, 0xff, 0xff, 0xff, 0xff, 0x1a, 0x80, 0xc0, 0x00, 0x00, 0x00, 
    0x2a, 0x00, 0x00, 0x57, 0xa0, 0x3f, 0xf0, 0x3f, 0xff, 0xff, 0xff, 0xff, 0xbf, 0xff, 0xff, 0xfb, 
    0xff, 0xff, 0xff, 0x7f, 0xff, 0xff, 0xcf, 0xff, 0xff, 0xd7, 0xfc, 0x0c, 0x3f, 0xff, 0xff, 0xff, 
    0xff, 0xff, 0xff, 0xff, 0xff, 0xff, 0xff, 0xff, 0xff, 0xff, 0xff, 0xff, 0xff, 0xff, 0xff, 0xff, 
    0xff, 0xff, 0xff, 0xff, 0xff, 0xff, 0xff, 0xff, 0xff, 0xff, 0xff, 0xff, 0xff, 0xff, 0xff, 0xff, 
    0xff, 0xff, 0xff, 0xff, 0xff, 0xff, 0xff, 0xff, 0xff, 0xff, 0xff, 0xff, 0xff, 0xff, 0xff, 0xfe, 
    0xfd, 0xff, 0xff, 0xff, 0xff, 0xff, 0xff, 0xff, 0xff, 0xff, 0xff, 0xff, 0xff, 0xff, 0x78, 0x01, 
    0x80, 0x00, 0x00, 0x00, 0x2f, 0x00, 0x00, 0x57, 0xe0, 0x3f, 0xf0, 0x37, 0xff, 0xff, 0xff, 0xff, 
    0xbf, 0xff, 0xff, 0xff, 0xff, 0xff, 0xff, 0x7f, 0xff, 0xff, 0xcf, 0xff, 0xff, 0x97, 0xfc, 0x0c, 
    0x3f, 0xff, 0xff, 0xff, 0xff, 0xff, 0xff, 0xff, 0xff, 0xff, 0xff, 0xff, 0xff, 0xff, 0xff, 0xff, 
    0xff, 0xff, 0xff, 0xff, 0xff, 0xff, 0xff, 0xff, 0xff, 0xff, 0xff, 0xff, 0xff, 0xff, 0xff, 0xff, 
    0xff, 0xff, 0xff, 0xff, 0xff, 0xff, 0xff, 0xff, 0xff, 0xff, 0xff, 0xff, 0xff, 0xff, 0xff, 0xff, 
    0xff, 0xff, 0xff, 0xfe, 0xfd, 0xff, 0xff, 0xff, 0xff, 0xff, 0xff, 0xff, 0xff, 0xff, 0xff, 0xff, 
    0xff, 0xfe, 0xac, 0x01, 0x80, 0x00, 0x00, 0x00, 0x2f, 0x00, 0x00, 0x47, 0xe0, 0x3f, 0xf0, 0x37, 
    0xdf, 0xff, 0xff, 0xff, 0xbf, 0xff, 0xff, 0xff, 0xff, 0xff, 0xff, 0x7f, 0xff, 0xff, 0xcf, 0xff, 
    0xff, 0x97, 0xfc, 0x0c, 0x3f, 0xff, 0xff, 0xff, 0xff, 0xff, 0xff, 0xff, 0xff, 0xff, 0xff, 0xff, 
    0xff, 0xff, 0xff, 0xff, 0xff, 0xff, 0xff, 0xff, 0xff, 0xff, 0xff, 0xff, 0xff, 0xff, 0xff, 0xff, 
    0xff, 0xff, 0xff, 0xff, 0xff, 0xff, 0xff, 0xff, 0xff, 0xff, 0xff, 0xff, 0xff, 0xff, 0xff, 0xff, 
    0xff, 0xff, 0xff, 0xff, 0xff, 0xff, 0xff, 0xfe, 0xfd, 0xff, 0xff, 0xff, 0xff, 0xff, 0xff, 0xff, 
    0xff, 0xff, 0xff, 0xff, 0xff, 0xfe, 0xb0, 0x03, 0x00, 0x00, 0x00, 0x00, 0x0d, 0x00, 0x00, 0x47, 
    0xe0, 0x3f, 0xf8, 0x37, 0xdf, 0xff, 0xff, 0xff, 0xbf, 0xff, 0xff, 0xff, 0xff, 0xff, 0xff, 0x7f, 
    0xff, 0xff, 0xcf, 0xff, 0xff, 0x87, 0xfc, 0x0c, 0x3f, 0xff, 0xff, 0xff, 0xff, 0xff, 0xff, 0xff, 
    0xff, 0xff, 0xff, 0xff, 0xff, 0xff, 0xff, 0xff, 0xff, 0xff, 0xff, 0xff, 0xff, 0xff, 0xff, 0xff, 
    0xff, 0xff, 0xff, 0xff, 0xff, 0xff, 0xff, 0xff, 0xff, 0xff, 0xff, 0xff, 0xff, 0xff, 0xff, 0xff, 
    0xff, 0xff, 0xff, 0xff, 0xff, 0xff, 0xff, 0xff, 0xff, 0xff, 0xff, 0xff, 0x7d, 0xff, 0xff, 0xff, 
    0xff, 0xff, 0xff, 0xff, 0xff, 0xff, 0xff, 0xff, 0xff, 0xfd, 0xf0, 0x07, 0x00, 0x00, 0x00, 0x00, 
    0x04, 0x00, 0x00, 0x47, 0xe0, 0x3f, 0xf8, 0x37, 0xdf, 0xff, 0xff, 0xff, 0xbf, 0xff, 0xff, 0xff, 
    0xff, 0xff, 0xff, 0x7f, 0xff, 0xff, 0xcf, 0xff, 0xff, 0x87, 0xfc, 0x0c, 0x3f, 0xff, 0xff, 0xff, 
    0xff, 0xff, 0xff, 0xff, 0xff, 0xff, 0xff, 0xff, 0xff, 0xff, 0xff, 0xff, 0xff, 0xff, 0xff, 0xff, 
    0xff, 0xff, 0xff, 0xff, 0xff, 0xff, 0xff, 0xff, 0xff, 0xff, 0xff, 0xff, 0xff, 0xff, 0xff, 0xff, 
    0xff, 0xff, 0xff, 0xff, 0xff, 0xff, 0xff, 0xff, 0xff, 0xff, 0xff, 0xff, 0xff, 0xff, 0xff, 0xff, 
    0x7d, 0xff, 0xff, 0xff, 0xff, 0xff, 0xff, 0xff, 0xff, 0xff, 0xff, 0xff, 0xff, 0xfd, 0x50, 0x0f, 
    0x00, 0x00, 0x00, 0x00, 0x0e, 0x20, 0x00, 0x47, 0xe0, 0x3f, 0xf8, 0x3f, 0xdf, 0xff, 0xff, 0xff, 
    0xbf, 0xff, 0xff, 0xff, 0xff, 0xff, 0xff, 0x7f, 0xff, 0xff, 0xcf, 0xff, 0xff, 0x87, 0xfd, 0x0c, 
    0x3f, 0xff, 0xff, 0xff, 0xff, 0xff, 0xff, 0xff, 0xff, 0xff, 0xff, 0xff, 0xff, 0xff, 0xff, 0xff, 
    0xff, 0xff, 0xff, 0xff, 0xff, 0xff, 0xff, 0xff, 0xff, 0xff, 0xff, 0xff, 0xff, 0xff, 0xff, 0xff, 
    0xff, 0xff, 0xff, 0xff, 0xff, 0xff, 0xff, 0xff, 0xff, 0xff, 0xff, 0xff, 0xff, 0xff, 0xff, 0xff, 
    0xff, 0xff, 0xff, 0xff, 0x7d, 0xff, 0xff, 0xff, 0xff, 0xff, 0xff, 0xff, 0xff, 0xff, 0xff, 0xff, 
    0xff, 0xfb, 0x60, 0x0e, 0x00, 0x00, 0x00, 0x00, 0x0c, 0xa0, 0x00, 0x47, 0xe0, 0xbf, 0xf8, 0x3f, 
    0xdf, 0xff, 0xff, 0xff, 0xbf, 0xff, 0xff, 0xff, 0xff, 0xff, 0xff, 0x7f, 0xff, 0xff, 0xcf, 0xff, 
    0xff, 0x87, 0xfd, 0x0c, 0x3f, 0xff, 0xff, 0xff, 0xff, 0xff, 0xff, 0xff, 0xff, 0xff, 0xff, 0xff, 
    0xff, 0xff, 0xff, 0xff, 0xff, 0xff, 0xff, 0xff, 0xff, 0xff, 0xff, 0xff, 0xff, 0xff, 0xff, 0xff, 
    0xff, 0xff, 0xff, 0xff, 0xff, 0xff, 0xff, 0xff, 0xff, 0xff, 0xff, 0xff, 0xff, 0xff, 0xff, 0xff, 
    0xff, 0xff, 0xff, 0xff, 0xff, 0xff, 0xff, 0xff, 0x7d, 0xff, 0xff, 0xff, 0xff, 0xff, 0xff, 0xff, 
    0xff, 0xff, 0xff, 0xff, 0xff, 0xfa, 0xa0, 0x1e, 0x00, 0x00, 0x00, 0x00, 0x04, 0x20, 0x00, 0x67, 
    0xe0, 0xbf, 0xf8, 0x3f, 0xdf, 0xff, 0xff, 0xff, 0xbf, 0xff, 0xff, 0xfd, 0xff, 0xff, 0xff, 0x7f, 
    0xff, 0xff, 0xcf, 0xff, 0xff, 0x83, 0xff, 0x0c, 0x3f, 0xff, 0xff, 0xff, 0xff, 0xff, 0xff, 0xff, 
    0xff, 0xff, 0xff, 0xff, 0xff, 0xff, 0xff, 0xff, 0xff, 0xff, 0xff, 0xff, 0xff, 0xff, 0xff, 0xff, 
    0xff, 0xff, 0xff, 0xff, 0xff, 0xff, 0xff, 0xff, 0xff, 0xff, 0xff, 0xff, 0xff, 0xff, 0xff, 0xff, 
    0xff, 0xff, 0xff, 0xff, 0xff, 0xff, 0xff, 0xff, 0xff, 0xff, 0xff, 0xff, 0xbd, 0xff, 0xff, 0xff, 
    0xff, 0xff, 0xff, 0xff, 0xff, 0xff, 0xff, 0xff, 0xff, 0xf7, 0xc0, 0x3e, 0x00, 0x00, 0x00, 0x00, 
    0x00, 0x00, 0x00, 0x67, 0xe0, 0xbf, 0xf8, 0x3f, 0xdf, 0xff, 0xff, 0xff, 0xbf, 0xff, 0xff, 0xfd, 
    0xff, 0xff, 0xff, 0x7f, 0xff, 0xff, 0xcf, 0xff, 0xff, 0x83, 0xff, 0x0c, 0x3f, 0xff, 0xff, 0xff, 
    0xff, 0xff, 0xff, 0xff, 0xff, 0xff, 0xff, 0xff, 0xff, 0xff, 0xff, 0xff, 0xff, 0xff, 0xff, 0xff, 
    0xff, 0xff, 0xff, 0xff, 0xff, 0xff, 0xff, 0xff, 0xff, 0xff, 0xff, 0xff, 0xff, 0xff, 0xff, 0xff, 
    0xff, 0xff, 0xff, 0xff, 0xff, 0xff, 0xff, 0xff, 0xff, 0xff, 0xff, 0xff, 0xff, 0xff, 0xff, 0xff, 
    0xbd, 0xff, 0xff, 0xff, 0xff, 0xff, 0xff, 0xff, 0xff, 0xff, 0xff, 0xff, 0xff, 0xf5, 0x40, 0x3c, 
    0x00, 0x00, 0x00, 0x00, 0x00, 0x00, 0x00, 0x67, 0xe0, 0xbf, 0xf8, 0x3f, 0xdf, 0xff, 0xff, 0xff, 
    0xbf, 0xff, 0xff, 0xfd, 0xff, 0xff, 0xff, 0xff, 0xff, 0xff, 0xcf, 0xff, 0xff, 0x83, 0xff, 0x0c, 
    0x3f, 0xff, 0xff, 0xff, 0xff, 0xff, 0xff, 0xff, 0xff, 0xff, 0xff, 0xff, 0xff, 0xff, 0xff, 0xff, 
    0xff, 0xff, 0xff, 0xff, 0xff, 0xff, 0xff, 0xff, 0xff, 0xff, 0xff, 0xff, 0xff, 0xff, 0xff, 0xff, 
    0xff, 0xff, 0xff, 0xff, 0xff, 0xff, 0xff, 0xff, 0xff, 0xff, 0xff, 0xff, 0xff, 0xff, 0xff, 0xff, 
    0xff, 0xff, 0xff, 0xff, 0x9d, 0xff, 0xff, 0xff, 0xff, 0xff, 0xff, 0xff, 0xff, 0xff, 0xff, 0xff, 
    0xff, 0xef, 0x80, 0x68, 0x00, 0x00, 0x00, 0x00, 0x03, 0x00, 0x00, 0x67, 0xe0, 0xbf, 0xf8, 0x3f, 
    0xdf, 0xff, 0xff, 0xff, 0xbf, 0xff, 0xff, 0xfd, 0xff, 0xff, 0xff, 0xff, 0xff, 0xff, 0xcf, 0xff, 
    0xff, 0x83, 0xff, 0x0c, 0x3f, 0xff, 0xff, 0xff, 0xff, 0xff, 0xff, 0xff, 0xff, 0xff, 0xff, 0xff, 
    0xff, 0xff, 0xff, 0xff, 0xff, 0xff, 0xff, 0xff, 0xff, 0xff, 0xff, 0xff, 0xff, 0xff, 0xff, 0xff, 
    0xff, 0xff, 0xff, 0xff, 0xff, 0xff, 0xff, 0xff, 0xff, 0xff, 0xff, 0xff, 0xff, 0xff, 0xff, 0xff, 
    0xff, 0xff, 0xff, 0xff, 0xff, 0xff, 0xff, 0xff, 0x9d, 0xff, 0xff, 0xff, 0xff, 0xff, 0xff, 0xff, 
    0xff, 0xff, 0xff, 0xff, 0xff, 0xea, 0x80, 0xc0, 0x00, 0x00, 0x00, 0x00, 0x01, 0x00, 0x00, 0x67, 
    0xe0, 0xbf, 0xf8, 0x3f, 0xdf, 0xff, 0xff, 0xff, 0xbf, 0xff, 0xff, 0xfd, 0xff, 0xff, 0xff, 0xff, 
    0xff, 0xff, 0xcf, 0xff, 0xff, 0x83, 0xff, 0x0c, 0x3f, 0xff, 0xff, 0xff, 0xff, 0xff, 0xff, 0xff, 
    0xff, 0xff, 0xff, 0xff, 0xff, 0xff, 0xff, 0xff, 0xff, 0xff, 0xff, 0xff, 0xff, 0xff, 0xff, 0xff, 
    0xff, 0xff, 0xff, 0xff, 0xff, 0xff, 0xff, 0xff, 0xff, 0xff, 0xff, 0xff, 0xff, 0xff, 0xff, 0xff, 
    0xff, 0xff, 0xff, 0xff, 0xff, 0xff, 0xff, 0xff, 0xff, 0xff, 0xff, 0xff, 0xdd, 0xff, 0xff, 0xff, 
    0xff, 0xff, 0xff, 0xff, 0xff, 0xff, 0xff, 0xff, 0xff, 0xcf, 0x00, 0x80, 0x00, 0x00, 0x00, 0x00, 
    0x05, 0x00, 0x00, 0x67, 0xe0, 0xbf, 0xf8, 0x3f, 0xdf, 0xff, 0xff, 0xff, 0xbf, 0xff, 0xff, 0xfd, 
    0xff, 0xff, 0xff, 0xff, 0xff, 0xff, 0xcf, 0xff, 0xff, 0x83, 0xff, 0x0c, 0x3f, 0xff, 0xff, 0xff, 
    0xff, 0xff, 0xff, 0xff, 0xff, 0xff, 0xff, 0xff, 0xff, 0xff, 0xff, 0xff, 0xff, 0xff, 0xff, 0xff, 
    0xff, 0xff, 0xff, 0xff, 0xff, 0xff, 0xff, 0xff, 0xff, 0xff, 0xff, 0xff, 0xff, 0xff, 0xff, 0xff, 
    0xff, 0xff, 0xff, 0xff, 0xff, 0xff, 0xff, 0xff, 0xff, 0xff, 0xff, 0xff, 0xff, 0xff, 0xff, 0xff, 
    0xdd, 0xff, 0xff, 0xff, 0xff, 0xff, 0xff, 0xff, 0xff, 0xff, 0xff, 0xff, 0xff, 0xd5, 0x01, 0x80, 
    0x00, 0x00, 0x00, 0x00, 0x00, 0xa0, 0x00, 0x67, 0xe0, 0xbf, 0xf8, 0x3f, 0xdf, 0xff, 0xff, 0xff, 
    0xbf, 0xff, 0xff, 0xfd, 0xff, 0xff, 0xff, 0xff, 0xff, 0xff, 0xcf, 0xff, 0xff, 0x83, 0xff, 0x0c, 
    0x3f, 0xff, 0xff, 0xff, 0xff, 0xff, 0xff, 0xff, 0xff, 0xff, 0xff, 0xff, 0xff, 0xff, 0xff, 0xff, 
    0xff, 0xff, 0xff, 0xff, 0xff, 0xff, 0xff, 0xff, 0xff, 0xff, 0xff, 0xff, 0xff, 0xff, 0xff, 0xff, 
    0xff, 0xff, 0xff, 0xff, 0xff, 0xff, 0xff, 0xff, 0xff, 0xff, 0xff, 0xff, 0xff, 0xff, 0xff, 0xff, 
    0xff, 0xff, 0xff, 0xff, 0xfd, 0xff, 0xff, 0xff, 0xff, 0xff, 0xff, 0xff, 0xff, 0xff, 0xff, 0xff, 
    0xff, 0xbe, 0x03, 0x82, 0x00, 0x00, 0x00, 0x00, 0x00, 0xa0, 0x00, 0x67, 0xe0, 0xbf, 0xf8, 0x3f, 
    0xdf, 0xff, 0xff, 0xff, 0x9f, 0xff, 0xff, 0xfd, 0xff, 0xff, 0xff, 0xff, 0xff, 0xff, 0xcf, 0x7f, 
    0xff, 0x03, 0xff, 0x1c, 0x3f, 0xff, 0xff, 0xff, 0xff, 0xff, 0xff, 0xff, 0xff, 0xff, 0xff, 0xff, 
    0xff, 0xff, 0xff, 0xff, 0xff, 0xff, 0xff, 0xff, 0xff, 0xff, 0xff, 0xff, 0xff, 0xff, 0xff, 0xff, 
    0xff, 0xff, 0xff, 0xff, 0xff, 0xff, 0xff, 0xff, 0xff, 0xff, 0xff, 0xff, 0xff, 0xff, 0xff, 0xff, 
    0xff, 0xff, 0xff, 0xff, 0xff, 0xff, 0xff, 0xff, 0xfd, 0xff, 0xff, 0xff, 0xff, 0xff, 0xff, 0xff, 
    0xff, 0xff, 0xff, 0xff, 0xff, 0x28, 0x03, 0x04, 0x00, 0x00, 0x00, 0x00, 0x00, 0xa0, 0x00, 0x77, 
    0xf0, 0xbf, 0xf8, 0x3f, 0xdf, 0xff, 0xff, 0xff, 0x1f, 0xff, 0xff, 0xfd, 0xff, 0xff, 0xff, 0xff, 
    0xff, 0xff, 0xcf, 0xff, 0xff, 0x03, 0xff, 0x1c, 0x3f, 0xff, 0xff, 0xff, 0xff, 0xff, 0xff, 0xff, 
    0xff, 0xff, 0xff, 0xff, 0xff, 0xff, 0xff, 0xff, 0xff, 0xff, 0xff, 0xff, 0xff, 0xff, 0xff, 0xff, 
    0xff, 0xff, 0xff, 0xff, 0xff, 0xff, 0xff, 0xff, 0xff, 0xff, 0xff, 0xff, 0xff, 0xff, 0xff, 0xff, 
    0xff, 0xff, 0xff, 0xff, 0xff, 0xff, 0xff, 0xff, 0xff, 0xff, 0xff, 0xff, 0xfd, 0xff, 0xff, 0xff, 
    0xff, 0xff, 0xff, 0xff, 0xff, 0xff, 0xff, 0xff, 0xff, 0x7c, 0x07, 0x04, 0x00, 0x00, 0x00, 0x00, 
    0x02, 0x80, 0x00, 0x77, 0xf0, 0xbf, 0xf8, 0x3f, 0xdf, 0xdf, 0xff, 0xff, 0x1f, 0xff, 0xff, 0xfd, 
    0xff, 0xff, 0xff, 0xff, 0xff, 0xff, 0xcf, 0xff, 0xff, 0x43, 0xff, 0x1c, 0x3f, 0xff, 0xff, 0xff, 
    0xff, 0xff, 0xff, 0xff, 0xff, 0xff, 0xff, 0xff, 0xff, 0xff, 0xff, 0xff, 0xff, 0xff, 0xff, 0xff, 
    0xff, 0xff, 0xff, 0xff, 0xff, 0xff, 0xff, 0xff, 0xff, 0xff, 0xff, 0xff, 0xff, 0xff, 0xff, 0xff, 
    0xff, 0xff, 0xff, 0xff, 0xff, 0xff, 0xff, 0xff, 0xff, 0xff, 0xff, 0xff, 0xff, 0xff, 0xff, 0xff, 
    0xfd, 0xff, 0xff, 0xff, 0xff, 0xff, 0xff, 0xff, 0xff, 0xff, 0xff, 0xff, 0xfe, 0x54, 0x06, 0x0c, 
    0x00, 0x00, 0x00, 0x00, 0x02, 0xe0, 0x00, 0x77, 0xf1, 0xbf, 0xf8, 0x3f, 0xdf, 0xdf, 0xff, 0xff, 
    0x1f, 0xff, 0xff, 0xfd, 0xff, 0xff, 0xff, 0xff, 0xff, 0xff, 0xcf, 0x7f, 0xff, 0x43, 0xff, 0x1c, 
    0x3f, 0xff, 0xff, 0xff, 0xff, 0xff, 0xff, 0xff, 0xff, 0xff, 0xff, 0xff, 0xff, 0xff, 0xff, 0xff, 
    0xff, 0xff, 0xff, 0xff, 0xff, 0xff, 0xff, 0xff, 0xff, 0xff, 0xff, 0xff, 0xff, 0xff, 0xff, 0xff, 
    0xff, 0xff, 0xff, 0xff, 0xff, 0xff, 0xff, 0xff, 0xff, 0xff, 0xff, 0xff, 0xff, 0xff, 0xff, 0xff, 
    0xff, 0xff, 0xff, 0xff, 0xfd, 0xff, 0xff, 0xff, 0xff, 0xff, 0xff, 0xff, 0xff, 0xff, 0xff, 0xff, 
    0xfe, 0xd0, 0x0e, 0x08, 0x00, 0x00, 0x00, 0x00, 0x02, 0x70, 0x00, 0x75, 0xf1, 0xbf, 0xf8, 0x3f, 
    0xdf, 0xdf, 0xff, 0xff, 0x1f, 0xff, 0xff, 0xfd, 0xff, 0xff, 0xff, 0xff, 0xff, 0xff, 0xcf, 0x7f, 
    0xff, 0x43, 0xff, 0x1c, 0x3f, 0xff, 0xff, 0xff, 0xff, 0xff, 0xff, 0xff, 0xff, 0xff, 0xff, 0xff, 
    0xff, 0xff, 0xff, 0xff, 0xff, 0xff, 0xff, 0xff, 0xff, 0xff, 0xff, 0xff, 0xff, 0xff, 0xff, 0xff, 
    0xff, 0xff, 0xff, 0xff, 0xff, 0xff, 0xff, 0xff, 0xff, 0xff, 0xff, 0xff, 0xff, 0xff, 0xff, 0xff, 
    0xff, 0xff, 0xff, 0xff, 0xff, 0xff, 0xff, 0xff, 0xfd, 0xff, 0xff, 0xff, 0xff, 0xff, 0xff, 0xff, 
    0xff, 0xff, 0xff, 0xff, 0xfd, 0xa8, 0x0c, 0x10, 0x00, 0x00, 0x00, 0x00, 0x10, 0x18, 0x00, 0x79, 
    0xf1, 0xbf, 0xf8, 0x3f, 0xdf, 0xdf, 0xff, 0xff, 0x1f, 0xff, 0xff, 0xfd, 0xff, 0xff, 0xff, 0xff, 
    0xff, 0xff, 0xcf, 0x7f, 0xff, 0x43, 0xff, 0x1c, 0x3f, 0xff, 0xff, 0xff, 0xff, 0xff, 0xff, 0xff, 
    0xff, 0xff, 0xff, 0xff, 0xff, 0xff, 0xff, 0xff, 0xff, 0xff, 0xff, 0xff, 0xff, 0xff, 0xff, 0xff, 
    0xff, 0xff, 0xff, 0xff, 0xff, 0xff, 0xff, 0xff, 0xff, 0xff, 0xff, 0xff, 0xff, 0xff, 0xff, 0xff, 
    0xff, 0xff, 0xff, 0xff, 0xff, 0xff, 0xff, 0xff, 0xff, 0xff, 0xff, 0xff, 0xfd, 0xff, 0xff, 0xff, 
    0xff, 0xff, 0xff, 0xff, 0xff, 0xff, 0xff, 0xff, 0xfd, 0xa0, 0x18, 0x10, 0x00, 0x00, 0x00, 0x00, 
    0x00, 0x90, 0x04, 0x79, 0xf1, 0xbf, 0xf8, 0x7f, 0xdf, 0xdf, 0xff, 0xff, 0x9f, 0xff, 0xff, 0xfd, 
    0xff, 0xff, 0xff, 0xff, 0xff, 0xff, 0xcf, 0x7f, 0xff, 0x43, 0xff, 0x1c, 0x3f, 0xff, 0xff, 0xff, 
    0xff, 0xff, 0xff, 0xff, 0xff, 0xff, 0xff, 0xff, 0xff, 0xff, 0xff, 0xff, 0xff, 0xff, 0xff, 0xff, 
    0xff, 0xff, 0xff, 0xff, 0xff, 0xff, 0xff, 0xff, 0xff, 0xff, 0xff, 0xff, 0xff, 0xff, 0xff, 0xff, 
    0xff, 0xff, 0xff, 0xff, 0xff, 0xff, 0xff, 0xff, 0xff, 0xff, 0xff, 0xff, 0xff, 0xff, 0xff, 0xff, 
    0xfd, 0xff, 0xff, 0xff, 0xff, 0xff, 0xff, 0xff, 0xff, 0xff, 0xff, 0xff, 0xfb, 0xd0, 0x38, 0x30, 
    0x00, 0x00, 0x00, 0x00, 0x00, 0xc0, 0x04, 0x79, 0xf1, 0xbf, 0xf8, 0x7f, 0xdf, 0xdf, 0xff, 0xff, 
    0x9f, 0xff, 0xff, 0xfd, 0xff, 0xff, 0xff, 0xff, 0xff, 0xff, 0xdf, 0x7f, 0xff, 0x43, 0xff, 0x1c, 
    0x3f, 0xff, 0xff, 0xff, 0xff, 0xff, 0xff, 0xff, 0xff, 0xff, 0xff, 0xff, 0xff, 0xff, 0xff, 0xff, 
    0xff, 0xff, 0xff, 0xff, 0xff, 0xff, 0xff, 0xff, 0xff, 0xff, 0xff, 0xff, 0xff, 0xff, 0xff, 0xff, 
    0xff, 0xff, 0xff, 0xff, 0xff, 0xff, 0xff, 0xff, 0xff, 0xff, 0xff, 0xff, 0xff, 0xff, 0xff, 0xff, 
    0xff, 0xff, 0xff, 0xff, 0xfd, 0xff, 0xff, 0xff, 0xff, 0xff, 0xff, 0xff, 0xff, 0xff, 0xff, 0xff, 
    0xfb, 0x40, 0x20, 0x20, 0x00, 0x00, 0x00, 0x00, 0x10, 0x60, 0x04, 0x79, 0xd1, 0xbf, 0xf8, 0x7f, 
    0xdf, 0xdf, 0xff, 0xff, 0x9f, 0xff, 0xff, 0xfd, 0xff, 0xff, 0xff, 0xff, 0xff, 0xff, 0xdf, 0x7f, 
    0xff, 0x43, 0xff, 0x1c, 0x3f, 0xff, 0xff, 0xff, 0xff, 0xff, 0xff, 0xff, 0xff, 0xff, 0xff, 0xff, 
    0xff, 0xff, 0xff, 0xff, 0xff, 0xff, 0xff, 0xff, 0xff, 0xff, 0xff, 0xff, 0xff, 0xff, 0xff, 0xff, 
    0xff, 0xff, 0xff, 0xff, 0xff, 0xff, 0xff, 0xff, 0xff, 0xff, 0xff, 0xff, 0xff, 0xff, 0xff, 0xff, 
    0xff, 0xff, 0xff, 0xff, 0xff, 0xff, 0xff, 0xff, 0xfd, 0xff, 0xff, 0xff, 0xff, 0xff, 0xff, 0xff, 
    0xff, 0xff, 0xff, 0xff, 0xf6, 0xa0, 0x60, 0x60, 0x00, 0x00, 0x00, 0x00, 0x01, 0xa0, 0x04, 0x79, 
    0xc1, 0xbf, 0xf8, 0x7f, 0xdf, 0xdf, 0xff, 0xff, 0x9f, 0xff, 0xff, 0xf9, 0xff, 0xff, 0xff, 0xff, 
    0xff, 0xff, 0xdf, 0x7f, 0xff, 0x43, 0xff, 0x9c, 0x3f, 0xff, 0xff, 0xff, 0xff, 0xff, 0xff, 0xff, 
    0xff, 0xff, 0xff, 0xff, 0xff, 0xff, 0xff, 0xff, 0xff, 0xff, 0xff, 0xff, 0xff, 0xff, 0xff, 0xff, 
    0xff, 0xff, 0xff, 0xff, 0xff, 0xff, 0xff, 0xff, 0xff, 0xff, 0xff, 0xff, 0xff, 0xff, 0xff, 0xff, 
    0xff, 0xff, 0xff, 0xff, 0xff, 0xff, 0xff, 0xff, 0xff, 0xff, 0xff, 0xff, 0xfd, 0xff, 0xff, 0xff, 
    0xff, 0xff, 0xff, 0xff, 0xff, 0xff, 0xff, 0xff, 0xf6, 0x80, 0xe0, 0x40, 0x00, 0x00, 0x00, 0x00, 
    0x01, 0xe0, 0x04, 0x79, 0xc1, 0xff, 0xf8, 0x7f, 0xdf, 0xdf, 0xff, 0xff, 0x9f, 0xff, 0xff, 0xf9, 
    0xff, 0xff, 0xff, 0xff, 0xff, 0xff, 0xdf, 0x7f, 0xff, 0x43, 0xff, 0x9c, 0x3f, 0xff, 0xff, 0xff, 
    0xff, 0xff, 0xff, 0xff, 0xff, 0xff, 0xff, 0xff, 0xff, 0xff, 0xff, 0xff, 0xff, 0xff, 0xff, 0xff, 
    0xff, 0xff, 0xff, 0xff, 0xff, 0xff, 0xff, 0xff, 0xff, 0xff, 0xff, 0xff, 0xff, 0xff, 0xff, 0xff, 
    0xff, 0xff, 0xff, 0xff, 0xff, 0xff, 0xff, 0xff, 0xff, 0xff, 0xff, 0xff, 0xff, 0xff, 0xff, 0xff, 
    0xdd, 0xff, 0xff, 0xff, 0xff, 0xff, 0xff, 0xff, 0xff, 0xff, 0xff, 0xff, 0xef, 0x41, 0xc0, 0xc0, 
    0x00, 0x00, 0x00, 0x00, 0x01, 0x00, 0x04, 0xf9, 0xc0, 0xff, 0xf8, 0x7f, 0xdf, 0xdf, 0xff, 0xff, 
    0xbf, 0xff, 0xff, 0xf9, 0xff, 0xff, 0xff, 0xff, 0xff, 0xff, 0xdf, 0x7f, 0xff, 0x43, 0xff, 0x9c, 
    0x3f, 0xff, 0xff, 0xff, 0xff, 0xff, 0xff, 0xff, 0xff, 0xff, 0xff, 0xff, 0xff, 0xff, 0xff, 0xff, 
    0xff, 0xff, 0xff, 0xff, 0xff, 0xff, 0xff, 0xff, 0xff, 0xff, 0xff, 0xff, 0xff, 0xff, 0xff, 0xff, 
    0xff, 0xff, 0xff, 0xff, 0xff, 0xff, 0xff, 0xff, 0xff, 0xff, 0xff, 0xff, 0xff, 0xff, 0xff, 0xff, 
    0xff, 0xff, 0xff, 0xff, 0xdd, 0xff, 0xff, 0xff, 0xff, 0xff, 0xff, 0xff, 0xff, 0xff, 0xff, 0xff, 
    0xef, 0x81, 0x81, 0x80, 0x00, 0x00, 0x00, 0x00, 0x01, 0xc0, 0x04, 0x79, 0xc1, 0xff, 0xfc, 0x7f, 
    0xdf, 0xdf, 0xff, 0xff, 0xbf, 0xff, 0xff, 0xf9, 0xff, 0xff, 0xff, 0xff, 0xff, 0xff, 0xdf, 0x7f, 
    0xff, 0x43, 0xff, 0x9c, 0x3f, 0xff, 0xff, 0xff, 0xff, 0xff, 0xff, 0xff, 0xff, 0xff, 0xff, 0xff, 
    0xff, 0xff, 0xff, 0xff, 0xff, 0xff, 0xff, 0xff, 0xff, 0xff, 0xff, 0xff, 0xff, 0xff, 0xff, 0xff, 
    0xff, 0xff, 0xff, 0xff, 0xff, 0xff, 0xff, 0xff, 0xff, 0xff, 0xff, 0xff, 0xff, 0xff, 0xff, 0xff, 
    0xff, 0xff, 0xff, 0xff, 0xff, 0xff, 0xff, 0xff, 0xdd, 0xff, 0xff, 0xff, 0xff, 0xff, 0xff, 0xef, 
    0xff, 0xff, 0xff, 0xff, 0xde, 0x83, 0x81, 0x80, 0x00, 0x00, 0x00, 0x00, 0x00, 0x41, 0x04, 0x78, 
    0xc1, 0xff, 0xfc, 0x7f, 0xdf, 0xdf, 0xff, 0xff, 0xbf, 0xff, 0xff, 0xfb, 0xff, 0xff, 0xff, 0xff, 
    0xff, 0xff, 0xdf, 0x7f, 0xff, 0x03, 0xff, 0x9c, 0x3f, 0xff, 0xff, 0xff, 0xff, 0xff, 0xff, 0xff, 
    0xff, 0xff, 0xff, 0xff, 0xff, 0xff, 0xff, 0xff, 0xff, 0xff, 0xff, 0xff, 0xff, 0xff, 0xff, 0xff, 
    0xff, 0xff, 0xff, 0xff, 0xff, 0xff, 0xff, 0xff, 0xff, 0xff, 0xff, 0xff, 0xff, 0xff, 0xff, 0xff, 
    0xff, 0xff, 0xff, 0xff, 0xff, 0xff, 0xff, 0xff, 0xff, 0xff, 0xff, 0xff, 0xdd, 0xff, 0xff, 0xff, 
    0xff, 0xff, 0xff, 0xef, 0xff, 0xff, 0xff, 0xff, 0x9e, 0x03, 0x01, 0x80, 0x00, 0x00, 0x00, 0x00, 
    0x01, 0x42, 0x04, 0x78, 0xc1, 0xff, 0xfc, 0x7f, 0xdf, 0xdf, 0xff, 0xff, 0xbf, 0xff, 0xff, 0xf9, 
    0xff, 0xff, 0xff, 0xff, 0xff, 0xff, 0xdf, 0x7f, 0xff, 0x03, 0xff, 0x9c, 0x3f, 0xff, 0xff, 0xff, 
    0xff, 0xff, 0xff, 0xff, 0xff, 0xff, 0xff, 0xff, 0xff, 0xff, 0xff, 0xff, 0xff, 0xff, 0xff, 0xff, 
    0xff, 0xff, 0xff, 0xff, 0xff, 0xff, 0xff, 0xff, 0xff, 0xff, 0xff, 0xff, 0xff, 0xff, 0xff, 0xff, 
    0xff, 0xff, 0xff, 0xff, 0xff, 0xff, 0xff, 0xff, 0xff, 0xff, 0xff, 0xff, 0xff, 0xff, 0xff, 0xff, 
    0xdd, 0xff, 0xff, 0xff, 0xff, 0xff, 0xff, 0xef, 0xff, 0xff, 0xff, 0xff, 0xba, 0x07, 0x03, 0x00, 
    0x00, 0x00, 0x00, 0x00, 0x01, 0x82, 0x04, 0x78, 0xc1, 0xff, 0xfc, 0x7f, 0xdf, 0xdf, 0xff, 0xff, 
    0xbf, 0xff, 0xff, 0xfb, 0xff, 0xff, 0xff, 0xff, 0xff, 0xff, 0xdf, 0x3f, 0xff, 0x03, 0xff, 0x9c, 
    0x3f, 0xff, 0xff, 0xff, 0xff, 0xff, 0xff, 0xff, 0xff, 0xff, 0xff, 0xff, 0xff, 0xff, 0xff, 0xff, 
    0xff, 0xff, 0xff, 0xff, 0xff, 0xff, 0xff, 0xff, 0xff, 0xff, 0xff, 0xff, 0xff, 0xff, 0xff, 0xff, 
    0xff, 0xff, 0xff, 0xff, 0xff, 0xff, 0xff, 0xff, 0xff, 0xff, 0xff, 0xff, 0xff, 0xff, 0xff, 0xff, 
    0xff, 0xff, 0xff, 0xff, 0xcd, 0xff, 0xff, 0xff, 0xff, 0xff, 0xff, 0xef, 0xff, 0xff, 0xff, 0xff, 
    0x7c, 0x06, 0x07, 0x00, 0x00, 0x00, 0x00, 0x00, 0x01, 0x02, 0x04, 0x70, 0xc1, 0xff, 0xfc, 0x7f, 
    0xdf, 0xdf, 0xff, 0xff, 0xbf, 0xff, 0xff, 0xfa, 0xff, 0xff, 0xff, 0xff, 0xff, 0xff, 0xdf, 0x3f, 
    0xff, 0x03, 0xff, 0xbc, 0x3f, 0xff, 0xff, 0xff, 0xff, 0xff, 0xff, 0xff, 0xff, 0xff, 0xff, 0xff, 
    0xff, 0xff, 0xff, 0xff, 0xff, 0xff, 0xff, 0xff, 0xff, 0xff, 0xff, 0xff, 0xff, 0xff, 0xff, 0xff, 
    0xff, 0xff, 0xff, 0xff, 0xff, 0xff, 0xff, 0xff, 0xff, 0xff, 0xff, 0xff, 0xff, 0xff, 0xff, 0xff, 
    0xff, 0xff, 0xff, 0xff, 0xff, 0xff, 0xff, 0xff, 0xed, 0xff, 0xff, 0xff, 0xff, 0xff, 0xff, 0xef, 
    0xff, 0xff, 0xff, 0xff, 0x7e, 0x0e, 0x06, 0x00, 0x00, 0x00, 0x00, 0x00, 0x01, 0x02, 0x04, 0x78, 
    0x81, 0xff, 0xfe, 0x7f, 0xdf, 0xdf, 0xff, 0xff, 0xbf, 0xff, 0xff, 0xfa, 0xff, 0xff, 0xff, 0xff, 
    0xff, 0xff, 0xdf, 0x3f, 0xff, 0x03, 0xff, 0xbc, 0x3f, 0xff, 0xff, 0xff, 0xff, 0xff, 0xff, 0xff, 
    0xff, 0xff, 0xff, 0xff, 0xff, 0xff, 0xff, 0xff, 0xff, 0xff, 0xff, 0xff, 0xff, 0xff, 0xff, 0xff, 
    0xff, 0xff, 0xff, 0xff, 0xff, 0xff, 0xff, 0xff, 0xff, 0xff, 0xff, 0xff, 0xff, 0xff, 0xff, 0xff, 
    0xff, 0xff, 0xff, 0xff, 0xff, 0xff, 0xff, 0xff, 0xff, 0xff, 0xff, 0xff, 0xed, 0xff, 0xff, 0xff, 
    0xff, 0xff, 0xff, 0xef, 0xff, 0xff, 0xff, 0xfe, 0xf8, 0x1c, 0x0e, 0x00, 0x00, 0x00, 0x00, 0x00, 
    0x00, 0x00, 0x04, 0x78, 0x80, 0xff, 0xfe, 0x7f, 0xdf, 0xdf, 0xff, 0xff, 0xbf, 0xff, 0xff, 0xfa, 
    0xff, 0xff, 0xff, 0xff, 0xff, 0xff, 0xdf, 0x3f, 0xfe, 0x03, 0xff, 0xbc, 0x3f, 0xff, 0xff, 0xff, 
    0xff, 0xff, 0xff, 0xff, 0xff, 0xff, 0xff, 0xff, 0xff, 0xff, 0xff, 0xff, 0xff, 0xff, 0xff, 0xff, 
    0xff, 0xff, 0xff, 0xff, 0xff, 0xff, 0xff, 0xff, 0xff, 0xff, 0xff, 0xff, 0xff, 0xff, 0xff, 0xff, 
    0xff, 0xff, 0xff, 0xff, 0xff, 0xff, 0xff, 0xff, 0xff, 0xff, 0xff, 0xff, 0xff, 0xff, 0xff, 0xff, 
    0xed, 0xff, 0xff, 0xff, 0xff, 0xff, 0xff, 0xdf, 0xff, 0xff, 0xff, 0xfe, 0xf4, 0x1c, 0x1c, 0x00, 
    0x00, 0x00, 0x00, 0x00, 0x00, 0x00, 0x04, 0x38, 0x80, 0xff, 0xfe, 0x7f, 0xc7, 0xdf, 0xff, 0xff, 
    0xbf, 0xff, 0xff, 0xfa, 0xff, 0xff, 0xff, 0xff, 0xff, 0xff, 0xdf, 0x3f, 0xfe, 0x03, 0xff, 0xbc, 
    0x3f, 0xff, 0xff, 0xff, 0xff, 0xff, 0xff, 0xff, 0xff, 0xff, 0xff, 0xff, 0xff, 0xff, 0xff, 0xff, 
    0xff, 0xff, 0xff, 0xff, 0xff, 0xff, 0xff, 0xff, 0xff, 0xff, 0xff, 0xff, 0xff, 0xff, 0xff, 0xff, 
    0xff, 0xff, 0xff, 0xff, 0xff, 0xff, 0xff, 0xff, 0xff, 0xff, 0xff, 0xff, 0xff, 0xff, 0xff, 0xff, 
    0xff, 0xff, 0xff, 0xff, 0xed, 0xff, 0xff, 0xff, 0xff, 0xff, 0xff, 0xdf, 0xff, 0xff, 0xff, 0xfd, 
    0xf0, 0x38, 0x18, 0x00, 0x00, 0x00, 0x00, 0x00, 0x00, 0x00, 0x04, 0x38, 0x80, 0xff, 0xfe, 0x7f, 
    0xc7, 0xdf, 0xff, 0xff, 0xbf, 0xff, 0xff, 0xfe, 0xff, 0xff, 0xff, 0xff, 0xff, 0xff, 0xff, 0x7f, 
    0xfe, 0x03, 0xff, 0xbc, 0x3f, 0xff, 0xff, 0xff, 0xff, 0xff, 0xff, 0xff, 0xff, 0xff, 0xff, 0xff, 
    0xff, 0xff, 0xff, 0xff, 0xff, 0xff, 0xff, 0xff, 0xff, 0xff, 0xff, 0xff, 0xff, 0xff, 0xff, 0xff, 
    0xff, 0xff, 0xff, 0xff, 0xff, 0xff, 0xff, 0xff, 0xff, 0xff, 0xff, 0xff, 0xff, 0xff, 0xff, 0xff, 
    0xff, 0xff, 0xff, 0xff, 0xff, 0xff, 0xff, 0xff, 0xed, 0xff, 0xff, 0xff, 0xff, 0xff, 0xff, 0xff, 
    0xff, 0xff, 0xff, 0xfb, 0xe0, 0x38, 0x38, 0x00, 0x00, 0x00, 0x00, 0x00, 0x00, 0x00, 0x04, 0x30, 
    0x80, 0xff, 0xfe, 0x7f, 0xc7, 0xdf, 0xff, 0xff, 0xbf, 0xff, 0xff, 0xfe, 0xff, 0xff, 0xff, 0xff, 
    0xff, 0xff, 0xfe, 0x7f, 0xfe, 0x01, 0xff, 0xbc, 0x3f, 0xff, 0xff, 0xff, 0xff, 0xff, 0xff, 0xff, 
    0xff, 0xff, 0xff, 0xff, 0xff, 0xff, 0xff, 0xff, 0xff, 0xff, 0xff, 0xff, 0xff, 0xff, 0xff, 0xff, 
    0xff, 0xff, 0xff, 0xff, 0xff, 0xff, 0xff, 0xff, 0xff, 0xff, 0xff, 0xff, 0xff, 0xff, 0xff, 0xff, 
    0xff, 0xff, 0xff, 0xff, 0xff, 0xff, 0xff, 0xff, 0xff, 0xff, 0xff, 0xff, 0xed, 0xff, 0xff, 0xff, 
    0xff, 0xff, 0xff, 0xdf, 0xff, 0xff, 0xff, 0xfb, 0xe0, 0x78, 0x78, 0x00, 0x00, 0x80, 0x00, 0x00, 
    0x00, 0x00, 0x04, 0x30, 0x80, 0xff, 0xfe, 0x7f, 0xc7, 0xdf, 0xff, 0xff, 0xbf, 0xff, 0xff, 0xfe, 
    0xff, 0xff, 0xff, 0xff, 0xff, 0xff, 0xfe, 0x3f, 0xfe, 0x01, 0xff, 0xbc, 0x3f, 0xff, 0xff, 0xff, 
    0xff, 0xff, 0xff, 0xff, 0xff, 0xff, 0xff, 0xff, 0xff, 0xff, 0xff, 0xff, 0xff, 0xff, 0xff, 0xff, 
    0xff, 0xff, 0xff, 0xff, 0xff, 0xff, 0xff, 0xff, 0xff, 0xff, 0xff, 0xff, 0xff, 0xff, 0xff, 0xff, 
    0xff, 0xff, 0xff, 0xff, 0xff, 0xff, 0xff, 0xff, 0xff, 0xff, 0xff, 0xff, 0xff, 0xff, 0xff, 0xff, 
    0xed, 0xff, 0xff, 0xff, 0xff, 0xff, 0xff, 0xdf, 0xff, 0xff, 0xff, 0xf7, 0xc0, 0xf0, 0xf8, 0x00, 
    0x00, 0x00, 0x00, 0x00, 0x00, 0x00, 0x04, 0x30, 0x80, 0xff, 0xfe, 0x7f, 0xc7, 0xdf, 0xff, 0xff, 
    0xbf, 0xff, 0xff, 0xfe, 0xff, 0xff, 0xff, 0xff, 0xff, 0xff, 0xfe, 0x3f, 0xfe, 0x01, 0xff, 0xbc, 
    0x3f, 0xff, 0xff, 0xff, 0xff, 0xff, 0xff, 0xff, 0xff, 0xff, 0xff, 0xff, 0xff, 0xff, 0xff, 0xff, 
    0xff, 0xff, 0xff, 0xff, 0xff, 0xff, 0xff, 0xff, 0xff, 0xff, 0xff, 0xff, 0xff, 0xff, 0xff, 0xff, 
    0xff, 0xff, 0xff, 0xff, 0xff, 0xff, 0xff, 0xff, 0xff, 0xff, 0xff, 0xff, 0xff, 0xff, 0xff, 0xff, 
    0xff, 0xff, 0xff, 0xff, 0xed, 0xff, 0xff, 0xff, 0xff, 0xff, 0xff, 0xdf, 0xff, 0xff, 0xff, 0xf7, 
    0xe0, 0xf0, 0xf8, 0x00, 0x01, 0x00, 0x00, 0x00, 0x00, 0x00, 0x04, 0x30, 0xc0, 0xff, 0xfe, 0x7f, 
    0xc7, 0xdf, 0xff, 0xff, 0xff, 0xff, 0xff, 0xfe, 0xff, 0xff, 0xff, 0xff, 0xff, 0xff, 0xfe, 0x3f, 
    0xfe, 0x01, 0xff, 0xbc, 0x3f, 0xff, 0xff, 0xff, 0xff, 0xff, 0xff, 0xff, 0xff, 0xff, 0xff, 0xff, 
    0xff, 0xff, 0xff, 0xff, 0xff, 0xff, 0xff, 0xff, 0xff, 0xff, 0xff, 0xff, 0xff, 0xff, 0xff, 0xff, 
    0xff, 0xff, 0xff, 0xff, 0xff, 0xff, 0xff, 0xff, 0xff, 0xff, 0xff, 0xff, 0xff, 0xff, 0xff, 0xff, 
    0xff, 0xff, 0xff, 0xff, 0xff, 0xff, 0xff, 0xff, 0xe5, 0xff, 0xff, 0xff, 0xff, 0xff, 0xff, 0xff, 
    0xff, 0xff, 0xff, 0xef, 0x81, 0xe1, 0xf0, 0x00, 0x00, 0x00, 0x00, 0x00, 0x00, 0x00, 0x04, 0x30, 
    0xc0, 0xff, 0xfe, 0x7f, 0xc7, 0xdf, 0xff, 0xff, 0xff, 0xff, 0xff, 0xfe, 0xff, 0xff, 0xff, 0xff, 
    0xff, 0xff, 0xfe, 0x3f, 0xfe, 0x01, 0xff, 0xbc, 0x3f, 0xff, 0xff, 0xff, 0xff, 0xff, 0xff, 0xff, 
    0xff, 0xff, 0xff, 0xff, 0xff, 0xff, 0xff, 0xff, 0xff, 0xff, 0xff, 0xff, 0xff, 0xff, 0xff, 0xff, 
    0xff, 0xff, 0xff, 0xff, 0xff, 0xff, 0xff, 0xff, 0xff, 0xff, 0xff, 0xff, 0xff, 0xff, 0xff, 0xff, 
    0xff, 0xff, 0xff, 0xff, 0xff, 0xff, 0xff, 0xff, 0xff, 0xff, 0xff, 0xff, 0xf5, 0xff, 0xff, 0xff, 
    0xff, 0xff, 0xff, 0xff, 0xff, 0xff, 0xff, 0xdf, 0xc1, 0xe3, 0xf0, 0x00, 0x00, 0x00, 0x00, 0x00, 
    0x00, 0x00, 0x04, 0x30, 0xc0, 0xff, 0xfe, 0x7f, 0xc7, 0xdf, 0xff, 0xff, 0xff, 0xff, 0xff, 0xfe, 
    0xff, 0xff, 0xff, 0xff, 0xff, 0xff, 0xfe, 0x3f, 0xfe, 0x01, 0xff, 0xbc, 0x3f, 0xff, 0xff, 0xff, 
    0xff, 0xff, 0xff, 0xff, 0xff, 0xff, 0xff, 0xff, 0xff, 0xff, 0xff, 0xff, 0xff, 0xff, 0xff, 0xff, 
    0xff, 0xff, 0xff, 0xff, 0xff, 0xff, 0xff, 0xff, 0xff, 0xff, 0xff, 0xff, 0xff, 0xff, 0xff, 0xff, 
    0xff, 0xff, 0xff, 0xff, 0xff, 0xff, 0xff, 0xff, 0xff, 0xff, 0xff, 0xff, 0xff, 0xff, 0xff, 0xff, 
    0xf3, 0xff, 0xff, 0xff, 0xff, 0xff, 0xff, 0xff, 0xff, 0xff, 0xff, 0xdf, 0x03, 0xc3, 0xe0, 0x00, 
    0x00, 0x00, 0x00, 0x00, 0x00, 0x00, 0x00, 0x30, 0xc0, 0xff, 0xfe, 0x7f, 0xc7, 0xff, 0xff, 0xff, 
    0xff, 0xff, 0xff, 0xfe, 0xff, 0xff, 0xff, 0xff, 0xff, 0xff, 0xfe, 0x3f, 0xfe, 0x01, 0xff, 0xbc, 
    0x3f, 0xff, 0xff, 0xff, 0xff, 0xff, 0xff, 0xff, 0xff, 0xff, 0xff, 0xff, 0xff, 0xff, 0xff, 0xff, 
    0xff, 0xff, 0xff, 0xff, 0xff, 0xff, 0xff, 0xff, 0xff, 0x7f, 0xff, 0xff, 0xff, 0xff, 0xff, 0xff, 
    0xff, 0xff, 0xff, 0xff, 0xff, 0xff, 0xff, 0xff, 0xff, 0xff, 0xff, 0xff, 0xff, 0xff, 0xff, 0xff, 
    0xff, 0xff, 0xff, 0xff, 0xf3, 0xff, 0xff, 0xff, 0xff, 0xff, 0xff, 0xff, 0xff, 0xff, 0xff, 0xbf, 
    0x83, 0xc7, 0xe0, 0x00, 0x00, 0x00, 0x00, 0x00, 0x04, 0x20, 0x00, 0x70, 0xc0, 0xff, 0xfe, 0x7f, 
    0xc7, 0xff, 0xff, 0xff, 0xff, 0xff, 0xff, 0xfa, 0xff, 0xff, 0xff, 0xff, 0xff, 0xff, 0xfe, 0x3f, 
    0xfe, 0x01, 0xff, 0xbc, 0x3f, 0xff, 0xff, 0xff, 0xff, 0xff, 0xff, 0xff, 0xff, 0xff, 0xff, 0xff, 
    0xff, 0xff, 0xff, 0xff, 0xff, 0xff, 0xff, 0xff, 0xff, 0xff, 0xff, 0xff, 0xff, 0xbf, 0xff, 0xff, 
    0xff, 0xff, 0xff, 0xff, 0xff, 0xff, 0xff, 0xff, 0xff, 0xff, 0xff, 0xff, 0xff, 0xff, 0xff, 0xff, 
    0xff, 0xff, 0xff, 0xff, 0xff, 0xff, 0xff, 0xff, 0xf3, 0xff, 0xff, 0xff, 0xff, 0xff, 0xff, 0xdf, 
    0xff, 0xff, 0xff, 0x7f, 0x07, 0x8f, 0xe0, 0x00, 0x04, 0x00, 0x00, 0x00, 0x04, 0x00, 0x00, 0x70, 
    0xc0, 0xff, 0xfe, 0x7f, 0xc7, 0xff, 0xff, 0xff, 0xff, 0xff, 0xff, 0xfa, 0xff, 0xff, 0xff, 0xff, 
    0xff, 0xff, 0xfe, 0x3f, 0xfe, 0x81, 0xff, 0xfc, 0x3f, 0xff, 0xff, 0xff, 0xff, 0xff, 0xff, 0xff, 
    0xff, 0xff, 0xff, 0xff, 0xff, 0xff, 0xff, 0xff, 0xff, 0xff, 0xff, 0xff, 0xff, 0xff, 0xff, 0xff, 
    0xff, 0xb9, 0xff, 0xff, 0xff, 0xff, 0xff, 0xff, 0xff, 0xff, 0xff, 0xff, 0xff, 0xff, 0xff, 0xff, 
    0xff, 0xff, 0xff, 0xff, 0xff, 0xff, 0xff, 0xff, 0xff, 0xff, 0xff, 0xff, 0xf3, 0xff, 0xff, 0xff, 
    0xff, 0xff, 0xff, 0xdf, 0xff, 0xff, 0xff, 0x7e, 0x0f, 0x8f, 0xc0, 0x00, 0x08, 0x00, 0x00, 0x00, 
    0x04, 0x40, 0x20, 0x70, 0xc0, 0xff, 0xfe, 0x7f, 0xc7, 0xff, 0xff, 0xff, 0xff, 0xff, 0xff, 0xfa, 
    0xff, 0xff, 0xff, 0xff, 0xff, 0xff, 0xfe, 0x3f, 0xfe, 0x81, 0xff, 0xfc, 0x3f, 0xff, 0xff, 0xff, 
    0xff, 0xff, 0xff, 0xff, 0xff, 0xff, 0xff, 0xff, 0xff, 0xff, 0xff, 0xff, 0xff, 0xff, 0xff, 0xff, 
    0xff, 0xff, 0xff, 0xff, 0x3f, 0xb9, 0xff, 0xff, 0xff, 0xff, 0xff, 0xff, 0xff, 0xff, 0xff, 0xff, 
    0xff, 0xff, 0xff, 0xff, 0xff, 0xff, 0xff, 0xff, 0xff, 0xff, 0xff, 0xff, 0xff, 0xff, 0xff, 0xff, 
    0xfb, 0xff, 0xff, 0xff, 0xff, 0xff, 0xff, 0xff, 0xff, 0xff, 0xfe, 0xff, 0x1f, 0x1f, 0xc0, 0x00, 
    0x08, 0x00, 0x00, 0x00, 0x00, 0x00, 0x24, 0x70, 0xc0, 0xff, 0xfe, 0x7f, 0xc7, 0xff, 0xff, 0xff, 
    0xff, 0xff, 0xff, 0xfa, 0xff, 0xff, 0xff, 0xff, 0xff, 0xff, 0xfe, 0x3f, 0xfe, 0x81, 0xff, 0xfc, 
    0x3f, 0xff, 0xff, 0xff, 0xff, 0xff, 0xff, 0xff, 0xff, 0xff, 0xff, 0xff, 0xff, 0xff, 0xff, 0xff, 
    0xff, 0xff, 0xff, 0xff, 0xff, 0xff, 0xff, 0xff, 0xbf, 0xb9, 0xff, 0xff, 0xff, 0xff, 0xff, 0xff, 
    0xff, 0xff, 0xff, 0xff, 0xff, 0xff, 0xff, 0xff, 0xff, 0xff, 0xff, 0xff, 0xff, 0xff, 0xff, 0xff, 
    0xff, 0xff, 0xff, 0xff, 0xff, 0xff, 0xff, 0xff, 0xff, 0xff, 0xff, 0xff, 0xff, 0xff, 0xfc, 0xfe, 
    0x1e, 0x1f, 0x80, 0x00, 0x10, 0x00, 0x00, 0x00, 0x00, 0x00, 0x24, 0x70, 0xc0, 0xff, 0xfe, 0x7f, 
    0xc7, 0xff, 0xff, 0xff, 0xff, 0xff, 0xff, 0xfa, 0xff, 0xff, 0xff, 0xff, 0xff, 0xff, 0xfe, 0x3f, 
    0xfe, 0x89, 0xff, 0xfc, 0x3f, 0xff, 0xff, 0xff, 0xff, 0xff, 0xff, 0xff, 0xff, 0xff, 0xff, 0xff, 
    0xff, 0xff, 0xff, 0xff, 0xff, 0xff, 0xff, 0xff, 0xff, 0xff, 0xff, 0xff, 0x9f, 0xb9, 0xff, 0xff, 
    0xff, 0xff, 0xff, 0xff, 0xff, 0xff, 0xff, 0xff, 0xff, 0xff, 0xff, 0xff, 0xff, 0xff, 0xff, 0xff, 
    0xff, 0xff, 0xff, 0xff, 0xff, 0xff, 0xff, 0xff, 0xff, 0xff, 0xff, 0xff, 0xff, 0xff, 0xff, 0xff, 
    0xff, 0xff, 0xfd, 0xfe, 0x3e, 0x3f, 0x00, 0x00, 0x30, 0x00, 0x00, 0x00, 0x00, 0x00, 0x24, 0x70, 
    0xc0, 0xff, 0xff, 0x7f, 0xc3, 0xff, 0xff, 0xff, 0xff, 0xff, 0xff, 0xfa, 0xff, 0xff, 0xff, 0xff, 
    0xff, 0xff, 0xfe, 0x3f, 0xfe, 0x89, 0xff, 0xfc, 0x3f, 0xff, 0xff, 0xff, 0xff, 0xff, 0xff, 0xff, 
    0xff, 0xff, 0xff, 0xff, 0xff, 0xff, 0xff, 0xff, 0xff, 0xff, 0xff, 0xff, 0xff, 0xff, 0xff, 0xbf, 
    0xdf, 0xb9, 0xff, 0xff, 0xff, 0xff, 0xff, 0xff, 0xff, 0xff, 0xff, 0xff, 0xff, 0xff, 0xff, 0xff, 
    0xff, 0xff, 0xff, 0xff, 0xff, 0xff, 0xff, 0xff, 0xff, 0xff, 0xff, 0xff, 0xff, 0xff, 0xff, 0xff, 
    0xff, 0xff, 0xff, 0xff, 0xff, 0xff, 0xfb, 0xf4, 0x7c, 0x7e, 0x00, 0x00, 0x20, 0x00, 0x00, 0x00, 
    0x04, 0x00, 0x24, 0x70, 0xc0, 0xff, 0xff, 0x7f, 0xc3, 0xff, 0xff, 0xff, 0xff, 0xff, 0xff, 0xfa, 
    0xff, 0xff, 0xff, 0xff, 0xff, 0xff, 0xfe, 0x1f, 0xfe, 0x89, 0xff, 0xfc, 0x3f, 0xff, 0xff, 0xff, 
    0xff, 0xff, 0xff, 0xff, 0xff, 0xff, 0xff, 0xff, 0xff, 0xff, 0xff, 0xff, 0xff, 0xff, 0xff, 0xff, 
    0xff, 0xff, 0xff, 0x9f, 0xcd, 0x99, 0xcf, 0xff, 0xff, 0xff, 0xff, 0xff, 0xff, 0xff, 0xff, 0xff, 
    0xff, 0xff, 0xff, 0xff, 0xff, 0xff, 0xff, 0xff, 0xff, 0xff, 0xff, 0xff, 0xff, 0xff, 0xff, 0xff, 
    0xff, 0xff, 0xff, 0xff, 0xff, 0xff, 0xff, 0xff, 0xff, 0xff, 0xf3, 0xf8, 0x78, 0xfc, 0x04, 0x00, 
    0x60, 0x00, 0x00, 0x00, 0x04, 0x00, 0x24, 0x70, 0xc0, 0xff, 0xff, 0x7f, 0xc3, 0xdf, 0xff, 0xff, 
    0xff, 0xff, 0xff, 0xfa, 0xff, 0xff, 0xff, 0xff, 0xff, 0xff, 0xfc, 0x5f, 0xfe, 0x89, 0xff, 0xfc, 
    0x3f, 0xff, 0xff, 0xff, 0xff, 0xff, 0xff, 0xff, 0xff, 0xff, 0xff, 0xff, 0xff, 0xff, 0xff, 0xff, 
    0xff, 0xff, 0xff, 0xff, 0xff, 0xff, 0xff, 0xcf, 0xcd, 0x99, 0xcf, 0xff, 0xff, 0xff, 0xff, 0xff, 
    0xff, 0xff, 0xff, 0xff, 0xff, 0xff, 0xff, 0xff, 0xff, 0xff, 0xff, 0xff, 0xff, 0xff, 0xff, 0xff, 
    0xff, 0xff, 0xff, 0xff, 0xff, 0xff, 0xff, 0xff, 0xff, 0xff, 0xff, 0xff, 0xff, 0xff, 0xf7, 0xe0, 
    0xf8, 0xfc, 0x08, 0x00, 0xe0, 0x00, 0x00, 0x00, 0x04, 0x00, 0x24, 0x70, 0xc0, 0xff, 0xff, 0x7f, 
    0xc3, 0xff, 0xff, 0xff, 0xff, 0xff, 0xff, 0xfa, 0xff, 0xff, 0xff, 0xff, 0xff, 0xff, 0xfc, 0x5f, 
    0xfe, 0x89, 0xff, 0xbc, 0x3f, 0xff, 0xff, 0xff, 0xff, 0xff, 0xff, 0xff, 0xff, 0xff, 0xff, 0xff, 
    0xff, 0xff, 0xff, 0xff, 0xff, 0xff, 0xff, 0xff, 0xff, 0xff, 0xff, 0xe7, 0xec, 0x99, 0xdf, 0xff, 
    0xff, 0xff, 0xff, 0xff, 0xff, 0xff, 0xff, 0xff, 0xff, 0xff, 0xff, 0xff, 0xff, 0xff, 0xff, 0xff, 
    0xff, 0xff, 0xff, 0xff, 0xff, 0xff, 0xff, 0xff, 0xff, 0xff, 0xff, 0xff, 0xff, 0xff, 0xff, 0xf7, 
    0xff, 0xff, 0xef, 0xf0, 0xf1, 0xf8, 0x20, 0x00, 0xc0, 0x00, 0x00, 0x00, 0x04, 0x00, 0x24, 0x70, 
    0xc0, 0xff, 0xff, 0x7f, 0xc3, 0xff, 0xff, 0xff, 0xff, 0xff, 0xff, 0xfa, 0xff, 0xff, 0xff, 0xff, 
    0xff, 0xff, 0xfc, 0x1f, 0xfe, 0x89, 0xff, 0xbc, 0x3f, 0xff, 0xff, 0xff, 0xff, 0xff, 0xff, 0xff, 
    0xff, 0xff, 0xff, 0xff, 0xff, 0xff, 0xff, 0xff, 0xff, 0xff, 0xff, 0xff, 0xff, 0xff, 0xff, 0xf2, 
    0x66, 0x99, 0x9f, 0xff, 0xff, 0xff, 0xff, 0xff, 0xff, 0xff, 0xff, 0xff, 0xff, 0xff, 0xff, 0xff, 
    0xff, 0xff, 0xff, 0xff, 0xff, 0xff, 0xff, 0xff, 0xff, 0xff, 0xff, 0xff, 0xff, 0xff, 0xff, 0xff, 
    0xff, 0xff, 0xff, 0xf7, 0xff, 0xff, 0xff, 0xf1, 0xe3, 0xf0, 0x50, 0x00, 0xc0, 0x00, 0x00, 0x00, 
    0x04, 0x00, 0x24, 0x70, 0xc0, 0xfe, 0xff, 0x7f, 0xc3, 0xff, 0xff, 0xff, 0xff, 0xff, 0xff, 0xfa, 
    0xff, 0xff, 0xff, 0xff, 0xff, 0xff, 0xfc, 0x5f, 0xfe, 0x89, 0xff, 0xfc, 0x3f, 0xff, 0xff, 0xff, 
    0xff, 0xff, 0xff, 0xff, 0xff, 0xff, 0xff, 0xff, 0xff, 0xff, 0xff, 0xff, 0xff, 0xff, 0xff, 0xff, 
    0xff, 0xff, 0xff, 0xfb, 0x66, 0x99, 0xbb, 0xff, 0xff, 0xff, 0xff, 0xff, 0xff, 0xff, 0xff, 0xff, 
    0xff, 0xff, 0xff, 0xff, 0xff, 0xff, 0xff, 0xff, 0xff, 0xff, 0xff, 0xff, 0xff, 0xff, 0xff, 0xff, 
    0xff, 0xff, 0xff, 0xff, 0xff, 0xff, 0xff, 0xb7, 0xff, 0xff, 0xdf, 0xe1, 0xe7, 0xe0, 0x60, 0x01, 
    0xc0, 0x00, 0x00, 0x00, 0x00, 0x00, 0x24, 0x70, 0xc0, 0x7e, 0xff, 0x7f, 0xc3, 0xff, 0xff, 0xff, 
    0xff, 0xff, 0xff, 0xfa, 0xff, 0xff, 0xff, 0xff, 0xff, 0xff, 0xfc, 0x5f, 0xfe, 0x89, 0xff, 0xfc, 
    0x3f, 0xff, 0xff, 0xff, 0xff, 0xff, 0xff, 0xff, 0xff, 0xff, 0xff, 0xff, 0xff, 0xff, 0xff, 0xff, 
    0xff, 0xff, 0xff, 0xff, 0xff, 0xff, 0xff, 0xf9, 0x26, 0x13, 0xbb, 0xff, 0xff, 0xff, 0xff, 0xff, 
    0xff, 0xff, 0xff, 0xff, 0xff, 0xff, 0xff, 0xff, 0xff, 0xff, 0xff, 0xff, 0xff, 0xff, 0xff, 0xff, 
    0xff, 0xff, 0xff, 0xff, 0xff, 0xff, 0xff, 0xff, 0xff, 0xff, 0xff, 0xb7, 0xff, 0xff, 0xbf, 0xc3, 
    0xe7, 0xe0, 0xf0, 0x01, 0xc0, 0x00, 0x00, 0x00, 0x00, 0x00, 0x24, 0x70, 0xc0, 0x7e, 0xff, 0x7f, 
    0xc3, 0xff, 0xff, 0xff, 0xff, 0xff, 0xff, 0xfa, 0xff, 0xff, 0xff, 0xff, 0xff, 0xff, 0xfc, 0x5f, 
    0xfe, 0x89, 0xff, 0xfc, 0x3f, 0xff, 0xff, 0xff, 0xff, 0xff, 0xff, 0xff, 0xff, 0xff, 0xff, 0xff, 
    0xff, 0xff, 0xff, 0xff, 0xff, 0xff, 0xff, 0xff, 0xff, 0xff, 0xff, 0xfc, 0xb2, 0x13, 0x37, 0xff, 
    0xff, 0xff, 0xff, 0xff, 0xff, 0xff, 0xff, 0xff, 0xff, 0xff, 0xff, 0xff, 0xff, 0xff, 0xff, 0xff, 
    0xff, 0xff, 0xff, 0xff, 0xff, 0xff, 0xff, 0xff, 0xff, 0xff, 0xff, 0xff, 0xff, 0xff, 0xff, 0xbf, 
    0xff, 0xff, 0x3f, 0xc7, 0xcf, 0xc7, 0xd0, 0x03, 0x80, 0x00, 0x00, 0x00, 0x10, 0x00, 0x20, 0x70, 
    0xc0, 0x7e, 0xff, 0x7f, 0xc3, 0xff, 0xff, 0xff, 0xff, 0xff, 0xff, 0xfa, 0xff, 0xff, 0xff, 0xff, 
    0xff, 0xff, 0xfc, 0x5f, 0xfe, 0x89, 0xff, 0xfc, 0x3f, 0xff, 0xff, 0xff, 0xff, 0xff, 0xff, 0xff, 
    0xff, 0xff, 0xff, 0xff, 0xff, 0xff, 0xff, 0xff, 0xff, 0xff, 0xff, 0xff, 0xff, 0xff, 0xff, 0x9c, 
    0x92, 0x13, 0x67, 0xff, 0xff, 0xff, 0xff, 0xff, 0xff, 0xff, 0xff, 0xff, 0xff, 0xff, 0xff, 0xff, 
    0xff, 0xff, 0xff, 0xff, 0xff, 0xff, 0xff, 0xff, 0xff, 0xff, 0xff, 0xff, 0xff, 0xff, 0xff, 0xff, 
    0xff, 0xff, 0xff, 0xbf, 0xff, 0xff, 0x7f, 0x8f, 0x9f, 0x9f, 0xe0, 0x07, 0x80, 0x00, 0x00, 0x00, 
    0x00, 0x00, 0x20, 0x70, 0xc0, 0xfe, 0xff, 0x7f, 0xc3, 0xff, 0xff, 0xff, 0xff, 0xff, 0xff, 0xfa, 
    0xff, 0xff, 0xff, 0xff, 0xff, 0xff, 0xfc, 0x5f, 0xff, 0x89, 0xff, 0xfc, 0x3f, 0xff, 0xff, 0xff, 
    0xff, 0xff, 0xff, 0xff, 0xff, 0xff, 0xff, 0xff, 0xff, 0xff, 0xff, 0xff, 0xff, 0xff, 0xff, 0xff, 
    0xff, 0xff, 0xfd, 0xce, 0x51, 0x12, 0x6f, 0xff, 0xff, 0xff, 0xff, 0xff, 0xff, 0xff, 0xff, 0xff, 
    0xff, 0xff, 0xff, 0xff, 0xff, 0xff, 0xff, 0xff, 0xff, 0xff, 0xff, 0xff, 0xff, 0xff, 0xff, 0xff, 
    0xff, 0xff, 0xff, 0xff, 0xff, 0xff, 0xff, 0xbf, 0xff, 0xfe, 0xff, 0x1f, 0x9f, 0x9f, 0xd0, 0x0f, 
    0x00, 0x00, 0x00, 0x00, 0x80, 0x00, 0x20, 0x70, 0xc0, 0x7e, 0x7f, 0x7f, 0xc3, 0xff, 0xff, 0xff, 
    0xff, 0xff, 0xff, 0xfa, 0xff, 0xff, 0xff, 0xff, 0xff, 0xff, 0xfc, 0x5f, 0xff, 0x89, 0xff, 0xfc, 
    0x3f, 0xff, 0xff, 0xff, 0xff, 0xff, 0xff, 0xff, 0xff, 0xff, 0xff, 0xff, 0xff, 0xff, 0xff, 0xff, 
    0xff, 0xff, 0xff, 0xff, 0xff, 0xff, 0xfe, 0x63, 0x01, 0x12, 0x4f, 0xff, 0xff, 0xff, 0xff, 0xff, 
    0xff, 0xff, 0xff, 0xff, 0xff, 0xff, 0xff, 0xff, 0xff, 0xff, 0xff, 0xff, 0xff, 0xff, 0xff, 0xff, 
    0xff, 0xff, 0xff, 0xff, 0xff, 0xff, 0xff, 0xff, 0xff, 0xff, 0xff, 0xbf, 0xff, 0xff, 0xff, 0x3f, 
    0x3f, 0x3f, 0xe0, 0x1f, 0x00, 0x00, 0x00, 0x00, 0x80, 0x40, 0x20, 0x70, 0xc0, 0x7e, 0x3f, 0x7f, 
    0xc3, 0xff, 0xff, 0xff, 0xff, 0xff, 0xff, 0xfa, 0xff, 0xff, 0xff, 0xff, 0xff, 0xff, 0xfc, 0x5f, 
    0xff, 0x89, 0xff, 0xfc, 0x3f, 0xff, 0xff, 0xff, 0xff, 0xff, 0xff, 0xff, 0xff, 0xff, 0xff, 0xff, 
    0xff, 0xff, 0xff, 0xff, 0xff, 0xff, 0xff, 0xff, 0xff, 0xff, 0xff, 0x31, 0x01, 0x00, 0x9f, 0xff, 
    0xff, 0xff, 0xff, 0xff, 0xff, 0xff, 0xff, 0xff, 0xff, 0xff, 0xff, 0xff, 0xff, 0xff, 0xff, 0xff, 
    0xff, 0xff, 0xff, 0xff, 0xff, 0xff, 0xff, 0xff, 0xff, 0xff, 0xff, 0xff, 0xff, 0xff, 0xff, 0x7f, 
    0xff, 0xfd, 0xfe, 0x3f, 0x7e, 0x7f, 0xc0, 0x1e, 0x00, 0x00, 0x00, 0x00, 0x80, 0x40, 0x20, 0x70, 
    0xd0, 0x7e, 0x3f, 0x7e, 0xc3, 0xff, 0xff, 0xff, 0xff, 0xff, 0xff, 0xfa, 0xff, 0xff, 0xff, 0xff, 
    0xff, 0xff, 0xfc, 0x1f, 0xff, 0x89, 0xff, 0xfc, 0x3f, 0xff, 0xff, 0xff, 0xff, 0xff, 0xff, 0xff, 
    0xff, 0xff, 0xff, 0xff, 0xff, 0xff, 0xff, 0xff, 0xff, 0xff, 0xff, 0xff, 0xff, 0xff, 0xff, 0xc8, 
    0x81, 0x00, 0xbf, 0xff, 0xff, 0xff, 0xff, 0xff, 0xff, 0xff, 0xff, 0xff, 0xff, 0xff, 0xff, 0xff, 
    0xff, 0xff, 0xff, 0xff, 0xff, 0xff, 0xff, 0xff, 0xff, 0xff, 0xff, 0xff, 0xff, 0xff, 0xff, 0xff, 
    0xff, 0xff, 0xff, 0x7f, 0xff, 0xfb, 0xfc, 0x5e, 0xfe, 0xff, 0xc2, 0x3e, 0x00, 0x00, 0x00, 0x00, 
    0x41, 0x00, 0x20, 0x70, 0xd0, 0x7e, 0x3f, 0x7e, 0xc3, 0xff, 0xff, 0xff, 0xff, 0xff, 0xff, 0xfa, 
    0xff, 0xff, 0xff, 0xff, 0xff, 0xff, 0xfc, 0x1f, 0xff, 0x89, 0xff, 0xfc, 0x3f, 0xff, 0xff, 0xff, 
    0xff, 0xff, 0xff, 0xff, 0xff, 0xff, 0xff, 0xff, 0xff, 0xff, 0xff, 0xff, 0xff, 0xff, 0xff, 0xff, 
    0xff, 0xff, 0xcf, 0xe0, 0x40, 0x01, 0x3b, 0xff, 0xff, 0xff, 0xff, 0xff, 0xff, 0xff, 0xff, 0xff, 
    0xff, 0xff, 0xff, 0xff, 0xff, 0xff, 0xff, 0xff, 0xff, 0xff, 0xff, 0xff, 0xff, 0xff, 0xff, 0xff, 
    0xff, 0xff, 0xff, 0xff, 0xff, 0xff, 0xff, 0x7b, 0xff, 0xf7, 0xf8, 0xbd, 0xfd, 0xff, 0xd4, 0x7c, 
    0x00, 0x00, 0x00, 0x00, 0x41, 0x00, 0x20, 0x70, 0xd0, 0x7e, 0x3f, 0x7e, 0xc3, 0xff, 0xff, 0xff, 
    0xff, 0xff, 0xff, 0xfe, 0xff, 0xff, 0xff, 0xff, 0xff, 0xff, 0xfc, 0x1f, 0xff, 0x89, 0xff, 0xfc, 
    0x3f, 0xff, 0xff, 0xff, 0xff, 0xff, 0xff, 0xff, 0xff, 0xff, 0xff, 0xff, 0xff, 0xff, 0xff, 0xff, 
    0xff, 0xff, 0xff, 0xff, 0xff, 0xff, 0xf3, 0x98, 0x00, 0x01, 0x77, 0xff, 0xff, 0xff, 0xff, 0xff, 
    0xff, 0xff, 0xff, 0xff, 0xff, 0xff, 0xff, 0xff, 0xff, 0xff, 0xff, 0xff, 0xff, 0xff, 0xff, 0xff, 
    0xff, 0xff, 0xff, 0xff, 0xff, 0xff, 0xff, 0xff, 0xff, 0xff, 0xff, 0x7b, 0xff, 0xf7, 0xf8, 0xfd, 
    0xf9, 0xff, 0xc8, 0xfc, 0x00, 0x00, 0x00, 0x00, 0x01, 0x00, 0x20, 0x70, 0xd0, 0x7e, 0x3f, 0x7e, 
    0xc3, 0xff, 0xff, 0xff, 0xff, 0xff, 0xff, 0xfe, 0xff, 0xff, 0xff, 0xff, 0xff, 0xff, 0xfc, 0x1f, 
    0xff, 0x89, 0xff, 0xfc, 0x3f, 0xff, 0xff, 0xff, 0xff, 0xff, 0xff, 0xff, 0xff, 0xff, 0xff, 0xff, 
    0xff, 0xff, 0xff, 0xff, 0xff, 0xff, 0xff, 0xff, 0xff, 0xff, 0xfc, 0xe0, 0x00, 0x00, 0xef, 0xff, 
    0xff, 0xff, 0xff, 0xff, 0xff, 0xff, 0xff, 0xff, 0xff, 0xff, 0xff, 0xff, 0xff, 0xff, 0xff, 0xff, 
    0xff, 0xff, 0xff, 0xff, 0xff, 0xff, 0xff, 0xff, 0xff, 0xff, 0xff, 0xff, 0xff, 0xff, 0xff, 0x7b, 
    0xff, 0xef, 0xf1, 0xfb, 0xfb, 0xff, 0xd1, 0xf8, 0x00, 0x00, 0x00, 0x00, 0x41, 0x00, 0x20, 0x60, 
    0xd0, 0xfe, 0x3f, 0x7e, 0xc3, 0xff, 0xff, 0xff, 0xff, 0xff, 0xff, 0xfe, 0xff, 0xff, 0xff, 0xff, 
    0xff, 0xff, 0xfc, 0x1f, 0xff, 0x89, 0xff, 0xfc, 0x3f, 0xff, 0xff, 0xff, 0xff, 0xff, 0xff, 0xff, 
    0xff, 0xff, 0xff, 0xff, 0xff, 0xff, 0xff, 0xff, 0xff, 0xff, 0xff, 0xff, 0xff, 0xff, 0xff, 0x18, 
    0x00, 0x00, 0xdd, 0x7f, 0xff, 0xff, 0xff, 0xff, 0xff, 0xff, 0xff, 0xff, 0xff, 0xff, 0xff, 0xff, 
    0xff, 0xff, 0xff, 0xff, 0xff, 0xff, 0xff, 0xff, 0xff, 0xff, 0xff, 0xff, 0xff, 0xff, 0xff, 0xff, 
    0xff, 0xff, 0xfe, 0xfb, 0xff, 0xdf, 0xe3, 0xff, 0xf7, 0xff, 0xe7, 0xf8, 0x00, 0x00, 0x00, 0x00, 
    0x02, 0x00, 0x20, 0x60, 0xd0, 0xfe, 0x3f, 0x7e, 0xc7, 0xfb, 0xff, 0xff, 0xff, 0xff, 0xff, 0xfe, 
    0xff, 0xff, 0xff, 0xff, 0xff, 0xff, 0xfc, 0x1f, 0xff, 0x89, 0xff, 0xfc, 0x3f, 0xff, 0xff, 0xff, 
    0xff, 0xff, 0xff, 0xff, 0xff, 0xff, 0xff, 0xff, 0xff, 0xff, 0xff, 0xff, 0xff, 0xff, 0xff, 0xff, 
    0xff, 0xff, 0xff, 0xc4, 0x00, 0x01, 0x3c, 0xdf, 0xff, 0xff, 0xff, 0xff, 0xff, 0xff, 0xff, 0xff, 
    0xff, 0xff, 0xff, 0xff, 0xff, 0xff, 0xff, 0xff, 0xff, 0xff, 0xff, 0xff, 0xff, 0xff, 0xff, 0xff, 
    0xff, 0xff, 0xff, 0xff, 0xff, 0xff, 0xfe, 0xfb, 0xff, 0xdf, 0xc7, 0xff, 0xef, 0xff, 0xe7, 0xf0, 
    0x00, 0x00, 0x00, 0x00, 0x02, 0x00, 0x20, 0x60, 0xd0, 0xfe, 0x3f, 0x7e, 0xc7, 0xfb, 0xff, 0xff, 
    0xff, 0xff, 0xff, 0xfe, 0xff, 0xff, 0xff, 0xff, 0xff, 0xff, 0xf8, 0x1f, 0xff, 0x89, 0xff, 0xfc, 
    0x3f, 0xff, 0xff, 0xff, 0xff, 0xff, 0xff, 0xff, 0xff, 0xff, 0xff, 0xff, 0xff, 0xff, 0xff, 0xff, 
    0xff, 0xff, 0xff, 0xff, 0xff, 0xff, 0x00, 0x18, 0x00, 0x00, 0x30, 0xdf, 0xff, 0xff, 0xff, 0xff, 
    0xff, 0xff, 0xff, 0xff, 0xff, 0xff, 0xff, 0xff, 0xff, 0xff, 0xff, 0xff, 0xff, 0xff, 0xff, 0xff, 
    0xff, 0xff, 0xff, 0xff, 0xff, 0xff, 0xff, 0xff, 0xff, 0xff, 0xfe, 0xff, 0xff, 0xbf, 0xc7, 0xff, 
    0xdf, 0xff, 0xcf, 0xf0, 0x00, 0x00, 0x00, 0x00, 0x02, 0x00, 0x20, 0x40, 0xd0, 0xfe, 0x3f, 0x7e, 
    0xc7, 0xfb, 0xff, 0xff, 0xff, 0xff, 0xff, 0xfe, 0xff, 0xff, 0xff, 0xff, 0xff, 0xff, 0xf8, 0x1f, 
    0xff, 0x89, 0xff, 0xfc, 0x3f, 0xff, 0xff, 0xff, 0xff, 0xff, 0xff, 0xff, 0xff, 0xff, 0xff, 0xff, 
    0xff, 0xff, 0xff, 0xff, 0xff, 0xff, 0xff, 0xff, 0xff, 0xff, 0xf0, 0x00, 0x00, 0x00, 0x82, 0x5f, 
    0xff, 0xff, 0xff, 0xff, 0xff, 0xff, 0xff, 0xff, 0xff, 0xff, 0xff, 0xff, 0xff, 0xff, 0xff, 0xff, 
    0xff, 0xff, 0xff, 0xff, 0xff, 0xff, 0xff, 0xff, 0xff, 0xff, 0xff, 0xff, 0xff, 0xff, 0xfe, 0xff, 
    0xff, 0x7f, 0x8f, 0xff, 0xff, 0xff, 0x9f, 0xf0, 0x00, 0x00, 0x00, 0x00, 0x12, 0x00, 0x20, 0x40, 
    0xd0, 0xfe, 0x3f, 0xfe, 0xc7, 0xfb, 0xff, 0xff, 0xff, 0xff, 0xff, 0xee, 0xff, 0xff, 0xff, 0xff, 
    0xff, 0xff, 0xf8, 0x1f, 0xff, 0x89, 0xff, 0xfc, 0x3f, 0xff, 0xff, 0xff, 0xff, 0xff, 0xff, 0xff, 
    0xff, 0xff, 0xff, 0xff, 0xff, 0xff, 0xff, 0xff, 0xff, 0xff, 0xff, 0xff, 0xff, 0xff, 0xfe, 0x00, 
    0x00, 0x00, 0x06, 0x5c, 0xff, 0xff, 0xff, 0xff, 0xff, 0xff, 0xff, 0xff, 0xff, 0xff, 0xff, 0xff, 
    0xff, 0xff, 0xff, 0xff, 0xff, 0xff, 0xff, 0xff, 0xff, 0xff, 0xff, 0xff, 0xff, 0xff, 0xff, 0xff, 
    0xff, 0xff, 0xff, 0xff, 0xfe, 0xff, 0x1f, 0xff, 0xff, 0xff, 0x3f, 0xe0, 0x00, 0x00, 0x00, 0x00, 
    0x10, 0x00, 0x20, 0x40, 0xd0, 0xfe, 0x3f, 0xfe, 0xc7, 0xfb, 0xff, 0xff, 0xff, 0xff, 0xff, 0xfe, 
    0xff, 0xff, 0xff, 0xff, 0xff, 0xff, 0xf8, 0x1f, 0xff, 0x89, 0xff, 0xfc, 0x3f, 0xff, 0xff, 0xff, 
    0xff, 0xff, 0xff, 0xff, 0xff, 0xff, 0xff, 0xff, 0xff, 0xff, 0xff, 0xff, 0xff, 0xff, 0xff, 0xff, 
    0xff, 0xff, 0xf8, 0x00, 0x00, 0x00, 0x0c, 0x5c, 0xff, 0xff, 0xff, 0xff, 0xff, 0xff, 0xff, 0xff, 
    0xff, 0xff, 0xff, 0xff, 0xff, 0xff, 0xff, 0xff, 0xff, 0xff, 0xff, 0xff, 0xff, 0xff, 0xff, 0xff, 
    0xff, 0xff, 0xff, 0xff, 0xff, 0xff, 0xff, 0xff, 0xfe, 0xfe, 0x3f, 0xff, 0xff, 0xfe, 0x7f, 0xe0, 
    0x00, 0x00, 0x00, 0x00, 0x10, 0x00, 0x20, 0x42, 0xd0, 0xfe, 0x3f, 0xfe, 0xc7, 0xfb, 0xff, 0xff, 
    0xff, 0xff, 0xff, 0xfe, 0xff, 0xff, 0xff, 0xff, 0xff, 0xff, 0xf8, 0x1f, 0xff, 0xc9, 0xff, 0xfc, 
    0x3f, 0xff, 0xff, 0xff, 0xff, 0xff, 0xff, 0xff, 0xff, 0xff, 0xff, 0xff, 0xff, 0xff, 0xff, 0xff, 
    0xff, 0xff, 0xff, 0xff, 0xff, 0xff, 0xfc, 0x00, 0x00, 0x00, 0x40, 0x5d, 0xff, 0xff, 0xff, 0xff, 
    0xff, 0xff, 0xff, 0xff, 0xff, 0xff, 0xff, 0xff, 0xff, 0xff, 0xff, 0xff, 0xff, 0xff, 0xff, 0xff, 
    0xff, 0xff, 0xff, 0xff, 0xff, 0xff, 0xff, 0xff, 0xff, 0xff, 0xff, 0xff, 0xfd, 0xfe, 0x3f, 0xff, 
    0xff, 0xfd, 0xff, 0xe0, 0x00, 0x00, 0x00, 0x00, 0x10, 0x00, 0x20, 0x42, 0xf0, 0xfe, 0x3f, 0xfe, 
    0xcf, 0xfb, 0xff, 0xff, 0xff, 0xff, 0xff, 0xfe, 0xff, 0xff, 0xff, 0xff, 0xff, 0xff, 0xf8, 0x1f, 
    0xff, 0xc9, 0xff, 0xfc, 0x3f, 0xff, 0xff, 0xff, 0xff, 0xff, 0xff, 0xff, 0xff, 0xff, 0xff, 0xff, 
    0xff, 0xff, 0xff, 0xff, 0xff, 0xff, 0xff, 0xff, 0xff, 0xff, 0xff, 0xf8, 0x00, 0x00, 0x06, 0x4d, 
    0xcf, 0xff, 0xff, 0xff, 0xff, 0xff, 0xff, 0xff, 0xff, 0xff, 0xff, 0xff, 0xff, 0xff, 0xff, 0xff, 
    0xff, 0xff, 0xff, 0xff, 0xff, 0xff, 0xff, 0xff, 0xff, 0xff, 0xff, 0xff, 0xff, 0xff, 0xff, 0xff, 
    0xfb, 0xfc, 0x7f, 0xdf, 0xff, 0xfb, 0xff, 0xc0, 0x00, 0x00, 0x00, 0x00, 0x10, 0x00, 0x20, 0x42, 
    0xf0, 0xfe, 0x3f, 0xff, 0xcf, 0xfb, 0xff, 0xff, 0xff, 0xff, 0xff, 0xfe, 0xff, 0xff, 0xff, 0xff, 
    0xff, 0xff, 0xf8, 0x1f, 0xff, 0xc9, 0xff, 0xfc, 0x3f, 0xff, 0xff, 0xff, 0xff, 0xff, 0xff, 0xff, 
    0xff, 0xff, 0xff, 0xff, 0xff, 0xff, 0xff, 0xff, 0xff, 0xff, 0xff, 0xff, 0xff, 0xff, 0x80, 0x00, 
    0x00, 0x00, 0x06, 0x4d, 0xdf, 0xff, 0xff, 0xff, 0xff, 0xff, 0xff, 0xff, 0xff, 0xff, 0xff, 0xff, 
    0xff, 0xff, 0xff, 0xff, 0xff, 0xff, 0xff, 0xff, 0xff, 0xff, 0xff, 0xff, 0xff, 0xff, 0xff, 0xff, 
    0xff, 0xff, 0xfe, 0xff, 0xff, 0xf9, 0xff, 0xbf, 0xff, 0xf7, 0xff, 0xc0, 0x00, 0x00, 0x00, 0x00, 
    0x50, 0x00, 0x20, 0x42, 0xf8, 0xfe, 0x1f, 0xff, 0xcf, 0xfb, 0xff, 0xff, 0xff, 0xff, 0xff, 0xfe, 
    0xff, 0xff, 0xff, 0xff, 0xff, 0xff, 0xf8, 0x1f, 0xff, 0xc9, 0xff, 0xfc, 0x3f, 0xff, 0xff, 0xff, 
    0xff, 0xff, 0xff, 0xff, 0xff, 0xff, 0xff, 0xff, 0xff, 0xff, 0xff, 0xff, 0xff, 0xff, 0xff, 0xff, 
    0xff, 0xff, 0xff, 0xff, 0x00, 0x02, 0x26, 0x49, 0xdf, 0xff, 0xff, 0xff, 0xff, 0xff, 0xff, 0xff, 
    0xff, 0xff, 0xff, 0xff, 0xff, 0xff, 0xff, 0xff, 0xff, 0xff, 0xff, 0xff, 0xff, 0xff, 0xff, 0xff, 
    0xff, 0xff, 0xff, 0xff, 0xff, 0xff, 0xfe, 0xff, 0xf7, 0xf1, 0xff, 0x7f, 0xff, 0xe7, 0xff, 0x80, 
    0x00, 0x00, 0x00, 0x00, 0x40, 0x00, 0x20, 0x42, 0xf8, 0xfe, 0x1f, 0xff, 0xcf, 0xfb, 0xff, 0xff, 
    0xff, 0xff, 0xff, 0xfe, 0xff, 0xff, 0xff, 0xff, 0xff, 0xff, 0xf8, 0x1f, 0xff, 0xc9, 0xff, 0xfc, 
    0x3f, 0xff, 0xff, 0xff, 0xff, 0xff, 0xff, 0xff, 0xff, 0xff, 0xff, 0xff, 0xff, 0xff, 0xff, 0xff, 
    0xff, 0xff, 0xff, 0xff, 0xff, 0xff, 0xff, 0x00, 0x00, 0x01, 0x22, 0x59, 0x9f, 0xff, 0xff, 0xff, 
    0xff, 0xff, 0xff, 0xff, 0xff, 0xff, 0xff, 0xff, 0xff, 0xff, 0xff, 0xff, 0xff, 0xff, 0xff, 0xff, 
    0xff, 0xff, 0xff, 0xff, 0xff, 0xff, 0xff, 0xff, 0xff, 0xff, 0xff, 0xff, 0xef, 0xf7, 0xfe, 0xff, 
    0xff, 0xcf, 0xff, 0x80, 0x00, 0x00, 0x00, 0x00, 0x40, 0x00, 0x20, 0x42, 0xfa, 0xfe, 0x1f, 0xff, 
    0xcf, 0xff, 0xff, 0xff, 0xff, 0xff, 0xff, 0xfe, 0xff, 0xff, 0xff, 0xff, 0xff, 0xff, 0xf8, 0x1f, 
    0xff, 0xcd, 0xff, 0xfc, 0x3f, 0xff, 0xff, 0xff, 0xff, 0xff, 0xff, 0xff, 0xff, 0xff, 0xff, 0xff, 
    0xff, 0xff, 0xff, 0xff, 0xff, 0xff, 0xff, 0xff, 0xff, 0xff, 0xe0, 0x00, 0x00, 0x00, 0x12, 0x13, 
    0xbf, 0xff, 0xff, 0xff, 0xff, 0xff, 0xff, 0xff, 0xff, 0xff, 0xff, 0xff, 0xff, 0xff, 0xff, 0xff, 
    0xff, 0xff, 0xff, 0xff, 0xff, 0xff, 0xff, 0xff, 0xff, 0xff, 0xff, 0xff, 0xff, 0xff, 0xff, 0x7f, 
    0xdf, 0xef, 0xf9, 0xff, 0xff, 0x1f, 0xff, 0x00, 0x20, 0x00, 0x00, 0x00, 0x00, 0x00, 0x20, 0x42, 
    0xfa, 0xfe, 0x1f, 0xff, 0xcf, 0xff, 0xff, 0xff, 0xff, 0xff, 0xff, 0xfa, 0xff, 0xff, 0xff, 0xff, 
    0xff, 0xff, 0xf8, 0x1f, 0xff, 0xcd, 0xff, 0xfc, 0x3f, 0xff, 0xff, 0xff, 0xff, 0xff, 0xff, 0xff, 
    0xff, 0xff, 0xff, 0xff, 0xff, 0xff, 0xff, 0xff, 0xff, 0xff, 0xff, 0xff, 0xff, 0xff, 0xff, 0xe0, 
    0x20, 0x00, 0x92, 0x13, 0x3f, 0xff, 0xff, 0xff, 0xff, 0xff, 0xff, 0xff, 0xff, 0xff, 0xff, 0xff, 
    0xff, 0xff, 0xff, 0xff, 0xff, 0xff, 0xff, 0xff, 0xff, 0xff, 0xff, 0xff, 0xff, 0xc0, 0x00, 0x01, 
    0xff, 0xff, 0xff, 0x7f, 0xff, 0xff, 0xf3, 0xff, 0xfe, 0x3f, 0xff, 0x00, 0x40, 0x00, 0x00, 0x00, 
    0x00, 0x00, 0x20, 0x42, 0xfa, 0xfe, 0x1f, 0xff, 0xcf, 0xff, 0xff, 0xff, 0xff, 0xff, 0xff, 0xfe, 
    0xff, 0xff, 0xff, 0xff, 0xff, 0xff, 0xf8, 0x1f, 0xff, 0xcd, 0xff, 0xfc, 0x3f, 0xff, 0xff, 0xff, 
    0xff, 0xff, 0xff, 0xff, 0xff, 0xff, 0xff, 0xff, 0xff, 0xff, 0xff, 0xff, 0xff, 0xff, 0xff, 0xff, 
    0xff, 0xff, 0xff, 0x85, 0x80, 0x00, 0x12, 0x13, 0x79, 0xff, 0xff, 0xff, 0xff, 0xff, 0xff, 0xff, 
    0xff, 0xff, 0xff, 0xff, 0xff, 0xff, 0xff, 0xff, 0xff, 0xff, 0xff, 0xff, 0xff, 0xff, 0xff, 0xff, 
    0xf0, 0x1f, 0xff, 0xf8, 0x0f, 0xff, 0xff, 0xff, 0xff, 0xdf, 0xe7, 0xff, 0xfe, 0x7f, 0xfe, 0x00, 
    0x40, 0x00, 0x00, 0x00, 0x04, 0x00, 0x20, 0x42, 0xfa, 0xfe, 0x1f, 0xff, 0xef, 0xff, 0xff, 0xff, 
    0xff, 0xff, 0xff, 0xfe, 0xff, 0xff, 0xff, 0xff, 0xff, 0xff, 0xf8, 0x1f, 0xff, 0xcd, 0xff, 0xfc, 
    0x3f, 0xff, 0xff, 0xff, 0xff, 0xff, 0xff, 0xff, 0xff, 0xff, 0xff, 0xff, 0xff, 0xff, 0xff, 0xff, 
    0xff, 0xff, 0xff, 0xff, 0xff, 0xff, 0xfc, 0x3e, 0x00, 0x00, 0x02, 0x12, 0x73, 0xff, 0xff, 0xff, 
    0xff, 0xff, 0xff, 0xff, 0xff, 0xff, 0xff, 0xff, 0xff, 0xff, 0xff, 0xff, 0xff, 0xff, 0xff, 0xff, 
    0xff, 0xff, 0xff, 0xff, 0x07, 0xff, 0xff, 0xff, 0xe0, 0xff, 0xff, 0xff, 0x7f, 0xbf, 0xcf, 0xff, 
    0xfc, 0xff, 0xfc, 0x00, 0x00, 0x00, 0x00, 0x00, 0x28, 0x00, 0x20, 0x42, 0xfa, 0xfe, 0x1f, 0xff, 
    0xef, 0xff, 0xff, 0xff, 0xff, 0xff, 0xff, 0xff, 0xff, 0xff, 0xff, 0xff, 0xff, 0xff, 0xf8, 0x1f, 
    0xff, 0xcd, 0xff, 0xfc, 0x3f, 0xff, 0xff, 0xff, 0xff, 0xff, 0xff, 0xff, 0xff, 0xff, 0xff, 0xff, 
    0xff, 0xff, 0xff, 0xff, 0xff, 0xff, 0xff, 0xff, 0xff, 0xff, 0xff, 0xe0, 0x00, 0x00, 0x00, 0x12, 
    0xe7, 0xff, 0xff, 0xff, 0xff, 0xff, 0xff, 0xff, 0xff, 0xff, 0xff, 0xff, 0xff, 0xff, 0xff, 0xff, 
    0xff, 0xff, 0xff, 0xff, 0xff, 0xff, 0xff, 0xf8, 0x7f, 0xff, 0xff, 0xff, 0xff, 0x0f, 0xff, 0xfe, 
    0xff, 0x7f, 0x9f, 0xff, 0xf1, 0xff, 0xfc, 0x00, 0x80, 0x00, 0x00, 0x00, 0x20, 0x00, 0x20, 0x42, 
    0xfa, 0xfe, 0x1f, 0xff, 0xef, 0xff, 0xff, 0xff, 0xff, 0xff, 0xff, 0xff, 0xff, 0xff, 0xff, 0xff, 
    0xff, 0xff, 0xfc, 0x1f, 0xff, 0xcd, 0xff, 0xfc, 0x3f, 0xff, 0xff, 0xff, 0xff, 0xff, 0xff, 0xff, 
    0xff, 0xff, 0xff, 0xff, 0xff, 0xff, 0xff, 0xff, 0xff, 0xff, 0xff, 0xff, 0xff, 0xff, 0xff, 0x90, 
    0x80, 0x00, 0x00, 0x04, 0xef, 0xff, 0xff, 0xff, 0xff, 0xff, 0xff, 0xff, 0xff, 0xff, 0xff, 0xff, 
    0xff, 0xff, 0xff, 0xff, 0xff, 0xff, 0xff, 0xff, 0xff, 0xff, 0xff, 0xc3, 0xff, 0xff, 0xff, 0xff, 
    0xff, 0xe1, 0xff, 0xff, 0xfe, 0xff, 0x7f, 0xff, 0xf3, 0xff, 0xf8, 0x01, 0x00, 0x00, 0x00, 0x00, 
    0x28, 0x00, 0x00, 0x42, 0xfa, 0xfe, 0x1f, 0xff, 0xef, 0xff, 0xff, 0xff, 0xff, 0xff, 0xff, 0xfb, 
    0xff, 0xff, 0xff, 0xff, 0xff, 0xff, 0xfc, 0x1f, 0xff, 0xcd, 0xff, 0xfc, 0x3f, 0xff, 0xff, 0xff, 
    0xff, 0xff, 0xff, 0xff, 0xff, 0xff, 0xff, 0xff, 0xff, 0xff, 0xff, 0xff, 0xff, 0xff, 0xff, 0xff, 
    0xff, 0xff, 0xfd, 0x10, 0x00, 0x00, 0x00, 0x04, 0xcf, 0xff, 0xff, 0xff, 0xff, 0xff, 0xff, 0xff, 
    0xff, 0xff, 0xff, 0xff, 0xff, 0xff, 0xff, 0xff, 0xff, 0xff, 0xff, 0xff, 0xff, 0xff, 0xff, 0x1f, 
    0xff, 0xff, 0xff, 0xff, 0xff, 0xfc, 0x7f, 0xfb, 0xff, 0xfe, 0xff, 0xff, 0xc7, 0xff, 0xf0, 0x01, 
    0x00, 0x00, 0x00, 0x00, 0x10, 0x00, 0x00, 0x42, 0xfa, 0xfe, 0x1f, 0xff, 0xff, 0xff, 0xff, 0xff, 
    0xff, 0xff, 0xff, 0xfb, 0xff, 0xff, 0xff, 0xff, 0xff, 0xff, 0xfc, 0x1f, 0xff, 0xcd, 0xff, 0xfc, 
    0x3f, 0xff, 0xff, 0xff, 0xff, 0xff, 0xff, 0xff, 0xff, 0xff, 0xff, 0xff, 0xff, 0xff, 0xff, 0xff, 
    0xff, 0xff, 0xff, 0xff, 0xff, 0xff, 0xe2, 0x00, 0x00, 0x00, 0x00, 0x05, 0x9f, 0xff, 0xff, 0xff, 
    0xff, 0xff, 0xff, 0xff, 0xff, 0xff, 0xff, 0xff, 0xff, 0xff, 0xff, 0xff, 0xff, 0xff, 0xff, 0xff, 
    0xff, 0xff, 0xf8, 0xff, 0xff, 0xff, 0xff, 0xff, 0xff, 0xff, 0x8f, 0xfb, 0xff, 0xfd, 0xff, 0xff, 
    0x8f, 0xff, 0xf0, 0x02, 0x00, 0x00, 0x00, 0x00, 0x10, 0x00, 0x00, 0x42, 0xfb, 0xfe, 0x1f, 0xff, 
    0xff, 0xff, 0xff, 0xff, 0xff, 0xff, 0xff, 0xfb, 0xff, 0xff, 0xff, 0xff, 0xff, 0xff, 0xfc, 0x1f, 
    0xff, 0xcd, 0xff, 0xfc, 0x3f, 0xff, 0xff, 0xff, 0xff, 0xff, 0xff, 0xff, 0xff, 0xff, 0xff, 0xff, 
    0xff, 0xff, 0xff, 0xff, 0xff, 0xff, 0xff, 0xff, 0xff, 0xff, 0xf9, 0x04, 0x20, 0x00, 0x00, 0x01, 
    0x3f, 0xff, 0xff, 0xff, 0xff, 0xff, 0xff, 0xff, 0xff, 0xff, 0xff, 0xff, 0xff, 0xff, 0xff, 0xff, 
    0xff, 0xff, 0xff, 0xff, 0xff, 0xff, 0xe3, 0xff, 0xff, 0xff, 0xff, 0xff, 0xff, 0xff, 0xe3, 0xff, 
    0xff, 0xf3, 0xff, 0xff, 0x1f, 0xff, 0xe0, 0x06, 0x00, 0x00, 0x00, 0x00, 0x10, 0x00, 0x00, 0x42, 
    0xfb, 0xfe, 0x1f, 0xff, 0x7f, 0xff, 0xff, 0xff, 0xff, 0xff, 0xff, 0xfb, 0xff, 0xff, 0xff, 0xff, 
    0xff, 0xff, 0xfc, 0x1f, 0xff, 0xcd, 0xff, 0xfc, 0x3f, 0xff, 0xff, 0xff, 0xff, 0xff, 0xff, 0xff, 
    0xff, 0xff, 0xff, 0xff, 0xff, 0xff, 0xff, 0xff, 0xff, 0xff, 0xff, 0xff, 0xff, 0xff, 0xfc, 0x40, 
    0x00, 0x00, 0x00, 0x08, 0x7f, 0xff, 0xff, 0xff, 0xff, 0xff, 0xff, 0xff, 0xff, 0xff, 0xff, 0xff, 
    0xff, 0xff, 0xff, 0xff, 0xff, 0xff, 0xff, 0xff, 0xff, 0xff, 0x8f, 0xff, 0xff, 0xff, 0xff, 0xff, 
    0xff, 0xff, 0xf8, 0xff, 0xff, 0xf7, 0xff, 0xfe, 0x3f, 0xff, 0xe0, 0x0e, 0x00, 0x00, 0x00, 0x00, 
    0x10, 0x00, 0x00, 0x42, 0xfb, 0xfe, 0x1f, 0xff, 0x7f, 0xff, 0xff, 0xff, 0xff, 0xff, 0xff, 0xfb, 
    0xff, 0xff, 0xff, 0xff, 0xff, 0xff, 0xfc, 0x1f, 0xff, 0xcd, 0xff, 0xfc, 0x3f, 0xff, 0xff, 0xff, 
    0xff, 0xff, 0xff, 0xff, 0xff, 0xff, 0xff, 0xff, 0xff, 0xff, 0xff, 0xff, 0xff, 0xff, 0xff, 0xff, 
    0xff, 0xff, 0xbe, 0x20, 0x00, 0x00, 0x00, 0x00, 0xff, 0xff, 0xff, 0xff, 0xff, 0xff, 0xff, 0xff, 
    0xff, 0xff, 0xff, 0xff, 0xff, 0xff, 0xff, 0xff, 0xff, 0xff, 0xff, 0xff, 0xff, 0xfe, 0x3f, 0xff, 
    0xff, 0xff, 0xff, 0xff, 0xff, 0xff, 0xfe, 0x3f, 0xff, 0xdf, 0xff, 0xfc, 0x3f, 0xff, 0xc0, 0x0c, 
    0x00, 0x00, 0x00, 0x00, 0x10, 0x00, 0x20, 0x02, 0xfb, 0xfe, 0x1f, 0xff, 0x7f, 0xff, 0xff, 0xff, 
    0xff, 0xff, 0xff, 0xfb, 0xff, 0xff, 0xff, 0xff, 0xff, 0xff, 0xfc, 0x7f, 0xff, 0xcd, 0xff, 0xfc, 
    0x3f, 0xff, 0xff, 0xff, 0xff, 0xff, 0xff, 0xff, 0xff, 0xff, 0xff, 0xff, 0xff, 0xff, 0xff, 0xff, 
    0xff, 0xff, 0xff, 0xff, 0xff, 0xff, 0xcf, 0x01, 0x00, 0x00, 0x00, 0x01, 0xf8, 0xff, 0xff, 0xff, 
    0xff, 0xff, 0xff, 0xff, 0xff, 0xff, 0xff, 0xff, 0xff, 0xff, 0xff, 0xff, 0xff, 0xff, 0xff, 0xff, 
    0xff, 0xf8, 0xff, 0xff, 0xff, 0xff, 0xff, 0xff, 0xff, 0xff, 0xff, 0xbf, 0xff, 0xff, 0xff, 0xf0, 
    0xff, 0xff, 0x80, 0x1c, 0x00, 0x00, 0x00, 0x00, 0x00, 0x00, 0x20, 0x02, 0xfb, 0xfe, 0x3f, 0xff, 
    0x7f, 0xff, 0xff, 0xff, 0xff, 0xff, 0xff, 0xfb, 0xff, 0xff, 0xff, 0xff, 0xff, 0xff, 0xfc, 0x3f, 
    0xff, 0xcd, 0xff, 0xfc, 0x3f, 0xff, 0xff, 0xff, 0xff, 0xff, 0xff, 0xff, 0xff, 0xff, 0xff, 0xff, 
    0xff, 0xff, 0xff, 0xff, 0xff, 0xff, 0xff, 0xff, 0xff, 0xff, 0xf3, 0x80, 0x00, 0x00, 0x00, 0x03, 
    0xe3, 0xff, 0xff, 0xff, 0xff, 0xff, 0xff, 0xff, 0xff, 0xff, 0xff, 0xff, 0xff, 0xff, 0xff, 0xff, 
    0xff, 0xff, 0xff, 0xff, 0xff, 0xf3, 0xff, 0xff, 0xff, 0xff, 0xff, 0xff, 0xff, 0xff, 0xff, 0xff, 
    0xff, 0xff, 0xff, 0xc1, 0xff, 0xff, 0x80, 0x38, 0x00, 0x00, 0x00, 0x00, 0x00, 0x00, 0x20, 0x02, 
    0x7b, 0xfe, 0x3f, 0xff, 0x7f, 0xff, 0xff, 0xff, 0xff, 0xff, 0xff, 0xfb, 0xff, 0xff, 0xff, 0xff, 
    0xff, 0xff, 0xfc, 0x3f, 0xff, 0xcd, 0xff, 0xfc, 0x3f, 0xff, 0xff, 0xff, 0xff, 0xff, 0xff, 0xff, 
    0xff, 0xff, 0xff, 0xff, 0xff, 0xff, 0xff, 0xff, 0xff, 0xff, 0xff, 0xff, 0xff, 0xff, 0xec, 0x40, 
    0x00, 0x00, 0x00, 0x07, 0x0f, 0xff, 0xff, 0xff, 0xff, 0xff, 0xff, 0xff, 0xff, 0xff, 0xff, 0xff, 
    0xff, 0xff, 0xff, 0xff, 0xff, 0xff, 0xff, 0xff, 0xff, 0xcf, 0xff, 0xff, 0xff, 0xff, 0xff, 0xff, 
    0xff, 0xff, 0xff, 0xff, 0xff, 0xff, 0xfe, 0xe3, 0xff, 0xff, 0x00, 0x38, 0x00, 0x00, 0x00, 0x00, 
    0x20, 0x00, 0x20, 0x00, 0x7f, 0xfe, 0x3f, 0xff, 0x7f, 0xff, 0xff, 0xff, 0xff, 0xff, 0xff, 0xfb, 
    0xff, 0xff, 0xff, 0xff, 0xff, 0xff, 0xfc, 0x7f, 0xff, 0xcd, 0xff, 0xfc, 0x3f, 0xff, 0xff, 0xff, 
    0xff, 0xff, 0xff, 0xff, 0xff, 0xff, 0xff, 0xff, 0xff, 0xff, 0xff, 0xff, 0xff, 0xff, 0xff, 0xff, 
    0xff, 0xff, 0xf0, 0x00, 0x00, 0x00, 0x00, 0x0c, 0x1f, 0xff, 0xff, 0xff, 0xff, 0xff, 0xff, 0xff, 
    0xff, 0xff, 0xff, 0xff, 0xff, 0xff, 0xff, 0xff, 0xff, 0xff, 0xff, 0xff, 0xff, 0x1f, 0xff, 0xff, 
    0xff, 0xff, 0xff, 0xff, 0xff, 0xff, 0xff, 0xff, 0xff, 0xff, 0xef, 0xe7, 0xff, 0xfe, 0x01, 0x78, 
    0x00, 0x00, 0x00, 0x00, 0x20, 0x00, 0x00, 0x00, 0x7f, 0xfe, 0x3f, 0xff, 0x7f, 0xff, 0xff, 0xff, 
    0xff, 0xff, 0xff, 0xfb, 0xff, 0xff, 0xff, 0xff, 0xff, 0xff, 0xfc, 0x7f, 0xff, 0xcf, 0xff, 0xfc, 
    0x3f, 0xff, 0xff, 0xff, 0xff, 0xff, 0xff, 0xff, 0xff, 0xff, 0xff, 0xff, 0xff, 0xff, 0xff, 0xff, 
    0xff, 0xff, 0xff, 0xff, 0xff, 0xfe, 0xfc, 0x40, 0x00, 0x00, 0x00, 0x00, 0x7f, 0xff, 0xff, 0xff, 
    0xff, 0xff, 0xff, 0xff, 0xff, 0xff, 0xff, 0xff, 0xff, 0xff, 0xff, 0xff, 0xff, 0xff, 0xff, 0xff, 
    0xfe, 0x7f, 0xff, 0xff, 0xff, 0xff, 0xff, 0xff, 0xff, 0xff, 0xff, 0xff, 0xff, 0xbf, 0xbf, 0xc7, 
    0xff, 0xfe, 0x01, 0xf0, 0x00, 0x00, 0x00, 0x00, 0x00, 0x00, 0x00, 0x00, 0x7f, 0xfe, 0x3f, 0xff, 
    0x7f, 0xff, 0xff, 0xff, 0xff, 0xff, 0xff, 0xff, 0xff, 0xff, 0xff, 0xff, 0xff, 0xff, 0xfc, 0x7f, 
    0xff, 0xcf, 0xff, 0xfc, 0x3f, 0xff, 0xff, 0xff, 0xff, 0xff, 0xff, 0xff, 0xff, 0xff, 0xff, 0xff, 
    0xff, 0xff, 0xff, 0xff, 0xff, 0xff, 0xff, 0xff, 0xff, 0xfe, 0x06, 0x10, 0x00, 0x00, 0x00, 0x01, 
    0xf9, 0xff, 0xff, 0xff, 0xff, 0xff, 0xff, 0xff, 0xff, 0xff, 0xff, 0xff, 0xff, 0xff, 0xff, 0xff, 
    0xff, 0xff, 0xff, 0xff, 0xfc, 0xff, 0xff, 0xff, 0xff, 0xff, 0xff, 0xff, 0xff, 0xff, 0xfd, 0xff, 
    0xff, 0x7e, 0x7f, 0x8f, 0xff, 0xfc, 0x07, 0xf0, 0x00, 0x00, 0x00, 0x00, 0x00, 0x00, 0x00, 0x00, 
    0x7f, 0xfe, 0x3f, 0xff, 0x7f, 0xff, 0xff, 0xff, 0xff, 0xff, 0xff, 0xfb, 0xff, 0xff, 0xff, 0xff, 
    0xff, 0xff, 0xfc, 0x7f, 0xff, 0xcd, 0xff, 0xfc, 0x3f, 0xff, 0xff, 0xff, 0xff, 0xff, 0xff, 0xff, 
    0xff, 0xff, 0xff, 0xff, 0xff, 0xff, 0xff, 0xff, 0xff, 0xff, 0xff, 0xff, 0xff, 0xff, 0xe0, 0x08, 
    0x00, 0x00, 0x00, 0x00, 0x11, 0xff, 0xff, 0xff, 0xff, 0xff, 0xff, 0xff, 0xff, 0xff, 0xff, 0xff, 
    0xff, 0xff, 0xff, 0xff, 0xff, 0xff, 0xff, 0xff, 0xf3, 0xff, 0xff, 0xff, 0xff, 0xff, 0xff, 0xff, 
    0xff, 0xff, 0xfb, 0xff, 0xfe, 0xfc, 0xff, 0xbf, 0xff, 0xf8, 0x0f, 0xe0, 0x00, 0x00, 0x00, 0x00, 
    0x00, 0x00, 0x00, 0x00, 0x7f, 0xfe, 0x3f, 0xff, 0x7f, 0xff, 0xff, 0xff, 0xff, 0xff, 0xff, 0xfb, 
    0xff, 0xff, 0xff, 0xff, 0xff, 0xff, 0xfc, 0x7f, 0xff, 0xcd, 0xff, 0xfc, 0x3f, 0xff, 0xff, 0xff, 
    0xff, 0xff, 0xff, 0xff, 0xff, 0xff, 0xff, 0xff, 0xff, 0xff, 0xff, 0xff, 0xff, 0xff, 0xff, 0xff, 
    0xff, 0xff, 0x38, 0x00, 0x00, 0x00, 0x00, 0x0f, 0xff, 0xff, 0xff, 0xff, 0xff, 0xff, 0xff, 0xff, 
    0xff, 0xff, 0xff, 0xff, 0xff, 0xff, 0xff, 0xff, 0xff, 0xff, 0xff, 0xff, 0xe7, 0xff, 0xff, 0xff, 
    0xff, 0xff, 0xff, 0xff, 0xff, 0xff, 0xff, 0xff, 0xff, 0xfb, 0xff, 0xff, 0xff, 0xf0, 0x1f, 0xe0, 
    0x00, 0x00, 0x00, 0x00, 0x00, 0x00, 0x00, 0x00, 0x7f, 0xfe, 0x3f, 0xff, 0x7f, 0xff, 0xff, 0xff, 
    0xff, 0xff, 0xff, 0xfb, 0xff, 0xff, 0xff, 0xff, 0xff, 0xff, 0xfc, 0x7f, 0xff, 0xcf, 0xff, 0xfc, 
    0x3f, 0xff, 0xff, 0xff, 0xff, 0xff, 0xff, 0xff, 0xff, 0xff, 0xff, 0xff, 0xff, 0xff, 0xff, 0xff, 
    0xff, 0xff, 0xff, 0xff, 0xff, 0xfe, 0x00, 0x00, 0x00, 0x00, 0x00, 0x03, 0xff, 0xff, 0xff, 0xff, 
    0xff, 0xff, 0xff, 0xff, 0xff, 0xff, 0xff, 0xff, 0xff, 0xff, 0xff, 0xff, 0xff, 0xff, 0xff, 0xff, 
    0xcf, 0xff, 0xff, 0xff, 0xff, 0xff, 0xff, 0xff, 0xff, 0xff, 0xf7, 0xff, 0xff, 0xf7, 0xff, 0xff, 
    0xff, 0xe0, 0x3f, 0xe0, 0x00, 0x00, 0x00, 0x00, 0x04, 0x00, 0x00, 0x00, 0x7f, 0xfe, 0x3f, 0xff, 
    0x7f, 0xff, 0xff, 0xff, 0xff, 0xff, 0xff, 0xff, 0xff, 0xff, 0xff, 0xff, 0xff, 0xff, 0xfc, 0x7f, 
    0xff, 0xcf, 0xff, 0xfc, 0x3f, 0xff, 0xff, 0xff, 0xff, 0xff, 0xff, 0xff, 0xff, 0xff, 0xff, 0xff, 
    0xff, 0xff, 0xff, 0xff, 0xff, 0xff, 0xff, 0xff, 0xff, 0xff, 0x80, 0x00, 0x00, 0x00, 0x00, 0x06, 
    0x7f, 0xff, 0xff, 0xff, 0xff, 0xff, 0xff, 0xff, 0xff, 0xff, 0xff, 0xff, 0xff, 0xff, 0xff, 0xff, 
    0xff, 0xff, 0xff, 0xff, 0x9f, 0xff, 0xff, 0xff, 0xff, 0xff, 0xff, 0xff, 0xff, 0xff, 0xef, 0xef, 
    0xff, 0xff, 0xff, 0xff, 0xff, 0xe0, 0xff, 0xe0, 0x00, 0x00, 0x00, 0x00, 0x00, 0x00, 0x00, 0x00, 
    0x7f, 0xfe, 0x3f, 0xff, 0x7f, 0xff, 0xff, 0xff, 0xff, 0xff, 0xff, 0xff, 0xff, 0xff, 0xff, 0xff, 
    0xff, 0xff, 0xfc, 0x7f, 0xff, 0xcb, 0xff, 0xfc, 0x3f, 0xff, 0xff, 0xff, 0xff, 0xff, 0xff, 0xff, 
    0xff, 0xff, 0xff, 0xff, 0xff, 0xff, 0xff, 0xff, 0xff, 0xff, 0xff, 0xff, 0xff, 0xff, 0xf8, 0x00, 
    0x00, 0x00, 0x00, 0x23, 0xcf, 0xff, 0xff, 0xff, 0xff, 0xff, 0xff, 0xff, 0xff, 0xff, 0xff, 0xff, 
    0xff, 0xff, 0xff, 0xff, 0xff, 0xff, 0xff, 0xff, 0x7f, 0xff, 0xff, 0xff, 0xff, 0xff, 0xff, 0xff, 
    0xff, 0xff, 0xef, 0xff, 0xff, 0xff, 0xff, 0xff, 0xff, 0xc3, 0xff, 0xc0, 0x00, 0x00, 0x00, 0x00, 
    0x14, 0x00, 0x20, 0x00, 0x7f, 0xfe, 0x7f, 0xff, 0x7f, 0xff, 0xff, 0xff, 0xff, 0xff, 0xff, 0xff, 
    0xff, 0xff, 0xff, 0xff, 0xff, 0xff, 0xfc, 0x7f, 0xff, 0xcf, 0xff, 0xfc, 0x3f, 0xff, 0xff, 0xff, 
    0xff, 0xff, 0xff, 0xff, 0xff, 0xff, 0xff, 0xff, 0xff, 0xff, 0xff, 0xff, 0xff, 0xff, 0xff, 0xff, 
    0xff, 0xf8, 0x1f, 0x00, 0x00, 0x00, 0x00, 0x11, 0xff, 0xff, 0xff, 0xff, 0xff, 0xff, 0xff, 0xff, 
    0xff, 0xff, 0xff, 0xff, 0xff, 0xff, 0xff, 0xff, 0xff, 0xff, 0xff, 0xfc, 0xff, 0xff, 0xff, 0xff, 
    0xff, 0xff, 0xff, 0xff, 0xff, 0xff, 0xef, 0xff, 0xff, 0xff, 0xff, 0xff, 0xff, 0xc7, 0xff, 0xc0, 
    0x00, 0x00, 0x00, 0x00, 0x14, 0x00, 0x00, 0x00, 0x7f, 0xff, 0x7f, 0xff, 0x7f, 0xff, 0xff, 0xff, 
    0xff, 0xff, 0xff, 0xfb, 0xff, 0xff, 0xff, 0xff, 0xff, 0xff, 0xfc, 0x7f, 0xff, 0xcf, 0xff, 0xfc, 
    0x3f, 0xff, 0xff, 0xff, 0xff, 0xff, 0xff, 0xff, 0xff, 0xff, 0xff, 0xff, 0xff, 0xff, 0xff, 0xff, 
    0xff, 0xff, 0xff, 0xff, 0xff, 0xff, 0x00, 0xc0, 0x00, 0x00, 0x00, 0x18, 0xff, 0xff, 0xff, 0xff, 
    0xff, 0xff, 0xff, 0xff, 0xff, 0xff, 0xff, 0xff, 0xff, 0xff, 0xff, 0xff, 0xff, 0xff, 0xff, 0xf9, 
    0xff, 0xff, 0xff, 0xff, 0xff, 0xff, 0xff, 0xff, 0xff, 0xff, 0xe7, 0xbf, 0xff, 0xff, 0xff, 0xff, 
    0xff, 0x0f, 0xff, 0x80, 0x00, 0x00, 0x00, 0x00, 0x14, 0x00, 0x00, 0x00, 0x7f, 0xff, 0x7f, 0xff, 
    0x7f, 0xff, 0xff, 0xff, 0xff, 0xff, 0xff, 0xfb, 0xff, 0xff, 0xff, 0xff, 0xff, 0xff, 0xfc, 0x7f, 
    0xff, 0xcb, 0xff, 0xfc, 0x3f, 0xff, 0xff, 0xff, 0xff, 0xff, 0xff, 0xff, 0xff, 0xff, 0xff, 0xff, 
    0xff, 0xff, 0xff, 0xff, 0xff, 0xff, 0xff, 0xff, 0xff, 0xff, 0xf0, 0x00, 0x00, 0x00, 0x08, 0x1c, 
    0x7f, 0xff, 0xff, 0xff, 0xff, 0xff, 0xff, 0xff, 0xff, 0xff, 0xff, 0xff, 0xff, 0xff, 0xff, 0xff, 
    0xff, 0xff, 0xff, 0xf3, 0xff, 0xff, 0xff, 0xff, 0xff, 0xff, 0xff, 0xff, 0xff, 0xff, 0xe7, 0x7f, 
    0xff, 0xff, 0xff, 0xff, 0xfe, 0x3f, 0xff, 0x80, 0x00, 0x00, 0x00, 0x00, 0x04, 0x00, 0x20, 0x00, 
    0x7f, 0xff, 0x7f, 0xff, 0x7f, 0xff, 0xff, 0xff, 0xff, 0xff, 0xff, 0xfb, 0xff, 0xff, 0xff, 0xff, 
    0xff, 0xff, 0xfe, 0x7f, 0xff, 0xcb, 0xff, 0xfc, 0x3f, 0xff, 0xff, 0xff, 0xff, 0xff, 0xff, 0xff, 
    0xff, 0xff, 0xff, 0xff, 0xff, 0xff, 0xff, 0xff, 0xff, 0xff, 0xff, 0xff, 0xff, 0xf8, 0x00, 0x00, 
    0x00, 0x00, 0x00, 0x5e, 0x3f, 0xff, 0xff, 0xff, 0xff, 0xff, 0xff, 0xff, 0xff, 0xff, 0xff, 0xff, 
    0xff, 0xff, 0xff, 0xff, 0xff, 0xff, 0xff, 0xe7, 0xff, 0xff, 0xff, 0xff, 0xff, 0xff, 0xff, 0xff, 
    0xff, 0xff, 0xe6, 0x3f, 0xff, 0xff, 0xff, 0xff, 0xfe, 0xff, 0xff, 0x80, 0x00, 0x00, 0x00, 0x00, 
    0x00, 0x00, 0x20, 0x00, 0x7f, 0xff, 0x7f, 0xff, 0x7f, 0xff, 0xff, 0xff, 0xff, 0xff, 0xff, 0xfb, 
    0xff, 0xff, 0xff, 0xff, 0xff, 0xff, 0xfe, 0x7f, 0xff, 0xcb, 0xff, 0xfc, 0x3f, 0xff, 0xff, 0xff, 
    0xff, 0xff, 0xff, 0xff, 0xff, 0xff, 0xff, 0xff, 0xff, 0xff, 0xff, 0xff, 0xff, 0xff, 0xfd, 0xfb, 
    0xff, 0xff, 0x80, 0x00, 0x00, 0x00, 0x00, 0x5e, 0x1f, 0xff, 0xff, 0xff, 0xff, 0xff, 0xff, 0xff, 
    0xff, 0xff, 0xff, 0xff, 0xff, 0xff, 0xff, 0xff, 0xff, 0xff, 0xff, 0xcf, 0xff, 0xff, 0xff, 0xff, 
    0xff, 0xff, 0xff, 0xff, 0xff, 0xff, 0xe4, 0x7f, 0xff, 0xff, 0xff, 0xff, 0xfd, 0xff, 0xff, 0x00, 
    0x00, 0x00, 0x00, 0x00, 0x20, 0x00, 0x20, 0x00, 0x7f, 0xff, 0x7f, 0xff, 0x7f, 0xff, 0xff, 0xff, 
    0xff, 0xff, 0xff, 0xfb, 0xff, 0xff, 0xff, 0xff, 0xff, 0xbf, 0xfe, 0x7f, 0xff, 0xcb, 0xff, 0xfc, 
    0x3f, 0xff, 0xff, 0xff, 0xff, 0xff, 0xff, 0xff, 0xff, 0xff, 0xff, 0xff, 0xff, 0xff, 0xff, 0xff, 
    0xff, 0xff, 0xfe, 0xff, 0xbf, 0xff, 0xfc, 0x00, 0x00, 0x00, 0x14, 0x4e, 0x3f, 0xff, 0xff, 0xff, 
    0xff, 0xff, 0xff, 0xff, 0xff, 0xff, 0xff, 0xff, 0xff, 0xff, 0xff, 0xff, 0xff, 0xff, 0xff, 0x9f, 
    0xff, 0xff, 0xff, 0xff, 0xff, 0xff, 0xff, 0xff, 0xff, 0xff, 0xc8, 0xff, 0xff, 0xff, 0xff, 0xff, 
    0xff, 0xff, 0xff, 0x00, 0x00, 0x00, 0x00, 0x00, 0x00, 0x00, 0x20, 0x00, 0x7f, 0xff, 0x7f, 0xff, 
    0x7f, 0xff, 0xff, 0xff, 0xff, 0xff, 0xff, 0xff, 0xff, 0xff, 0xff, 0xff, 0xff, 0xbf, 0xfe, 0x7f, 
    0xff, 0xcb, 0xff, 0xfc, 0x3f, 0xff, 0xff, 0xff, 0xff, 0xff, 0xff, 0xff, 0xff, 0xff, 0xff, 0xff, 
    0xff, 0xff, 0xff, 0xff, 0xff, 0xff, 0xfe, 0x7f, 0xbf, 0xff, 0x20, 0x00, 0x00, 0x00, 0x0c, 0xcc, 
    0x7f, 0xff, 0xff, 0xff, 0xff, 0xff, 0xff, 0xff, 0xff, 0xff, 0xff, 0xff, 0xff, 0xff, 0xff, 0xff, 
    0xff, 0xff, 0xff, 0xbf, 0xff, 0xff, 0xff, 0xff, 0xff, 0xff, 0xff, 0xff, 0xff, 0xff, 0x81, 0xff, 
    0xff, 0xff, 0xff, 0xff, 0xdf, 0xff, 0xfe, 0x00, 0x00, 0x00, 0x00, 0x00, 0x20, 0x00, 0x20, 0x00, 
    0x7f, 0xff, 0x7f, 0xff, 0x7f, 0xff, 0xff, 0xff, 0xff, 0xff, 0xff, 0xff, 0xff, 0xff, 0xff, 0xff, 
    0xff, 0xbf, 0xfe, 0x7f, 0xff, 0xcb, 0xff, 0xfc, 0x3f, 0xff, 0xff, 0xff, 0xff, 0xff, 0xff, 0xff, 
    0xff, 0xff, 0xff, 0xff, 0xff, 0xff, 0xff, 0xff, 0xff, 0xff, 0xfe, 0x7f, 0xbf, 0xff, 0xc0, 0x00, 
    0x00, 0x00, 0x0c, 0xec, 0xff, 0xff, 0xff, 0xff, 0xff, 0xff, 0xff, 0xff, 0xff, 0xff, 0xff, 0xff, 
    0xff, 0xff, 0xff, 0xff, 0xff, 0xff, 0xff, 0x3f, 0xff, 0xff, 0xff, 0xff, 0xff, 0xff, 0xff, 0xff, 
    0xff, 0xff, 0x81, 0xff, 0xff, 0xff, 0xff, 0xff, 0xff, 0xff, 0xfe, 0x00, 0x00, 0x00, 0x00, 0x00, 
    0x20, 0x00, 0x20, 0x00, 0x7f, 0xff, 0xff, 0xff, 0x7f, 0xff, 0xff, 0xff, 0xff, 0xff, 0xff, 0xff, 
    0xff, 0xff, 0xff, 0xff, 0xff, 0xff, 0xfe, 0x7f, 0xff, 0xcf, 0xff, 0xfc, 0x3f, 0xff, 0xff, 0xff, 
    0xff, 0xff, 0xff, 0xff, 0xff, 0xff, 0xff, 0xff, 0xff, 0xff, 0xff, 0xff, 0xff, 0xff, 0xff, 0x7d, 
    0xbf, 0xff, 0xfe, 0x00, 0x00, 0x00, 0x00, 0xe8, 0xff, 0xff, 0xff, 0xff, 0xff, 0xff, 0xff, 0xff, 
    0xff, 0xff, 0xff, 0xff, 0xff, 0xff, 0xff, 0xff, 0xff, 0xff, 0xfe, 0x7f, 0xff, 0xff, 0xff, 0xff, 
    0xff, 0xff, 0xff, 0xff, 0xff, 0xff, 0x9c, 0xff, 0xff, 0xff, 0xff, 0xff, 0xff, 0xff, 0xfc, 0x00, 
    0x00, 0x00, 0x00, 0x00, 0x60, 0x00, 0x20, 0x00, 0x7f, 0xff, 0xff, 0xff, 0x7f, 0xff, 0xff, 0xff, 
    0xff, 0xff, 0xff, 0xff, 0xff, 0xff, 0xff, 0xff, 0xff, 0xff, 0xff, 0x7f, 0xff, 0xcf, 0xff, 0xfc, 
    0x3f, 0xff, 0xff, 0xff, 0xff, 0xff, 0xff, 0xff, 0xff, 0xff, 0xff, 0xff, 0xff, 0xff, 0xff, 0xff, 
    0xff, 0xff, 0x7f, 0x39, 0xbb, 0xff, 0xf0, 0x00, 0x00, 0x00, 0x00, 0xe1, 0xff, 0xff, 0xff, 0xff, 
    0xff, 0xff, 0xff, 0xff, 0xff, 0xff, 0xff, 0xff, 0xff, 0xff, 0xff, 0xff, 0xff, 0xff, 0xfc, 0xff, 
    0xff, 0xff, 0xff, 0xff, 0xff, 0xff, 0xff, 0xff, 0xff, 0xff, 0xdf, 0x8f, 0xff, 0xff, 0xff, 0xff, 
    0xff, 0xff, 0xfc, 0x00, 0x00, 0x00, 0x00, 0x00, 0x40, 0x00, 0x20, 0x00, 0x7f, 0xff, 0xff, 0xff, 
    0x7f, 0xff, 0xff, 0xff, 0xff, 0xff, 0xff, 0xfb, 0xff, 0xff, 0xff, 0xff, 0xff, 0xff, 0xff, 0x7f, 
    0xff, 0xcf, 0xff, 0xfc, 0x3f, 0xff, 0xff, 0xff, 0xff, 0xff, 0xff, 0xff, 0xff, 0xff, 0xff, 0xff, 
    0xff, 0xff, 0xff, 0xff, 0xff, 0xff, 0x3f, 0x39, 0xbb, 0xff, 0x03, 0x80, 0x00, 0x00, 0x00, 0xe3, 
    0xff, 0xff, 0xff, 0xff, 0xff, 0xff, 0xff, 0xff, 0xff, 0xff, 0xff, 0xff, 0xff, 0xff, 0xff, 0xff, 
    0xff, 0xff, 0xf9, 0xff, 0xff, 0xff, 0xff, 0xff, 0xff, 0xff, 0xff, 0xff, 0xff, 0xff, 0xdf, 0xcf, 
    0xff, 0xff, 0xff, 0xff, 0xff, 0xff, 0xf8, 0x00, 0x00, 0x00, 0x00, 0x00, 0x40, 0x00, 0x20, 0x00, 
    0x7f, 0xff, 0xff, 0xff, 0x7f, 0xff, 0xff, 0xff, 0xff, 0xff, 0xff, 0xfb, 0xff, 0xff, 0xff, 0xff, 
    0xff, 0xef, 0xff, 0x7f, 0xff, 0xcf, 0xff, 0xfc, 0x3f, 0xff, 0xff, 0xff, 0xff, 0xff, 0xff, 0xff, 
    0xff, 0xff, 0xff, 0xff, 0xff, 0xff, 0xff, 0xff, 0xff, 0xff, 0x99, 0x9d, 0xbb, 0xff, 0x00, 0x00, 
    0x00, 0x00, 0x04, 0xe7, 0xff, 0xff, 0xff, 0xff, 0xff, 0xff, 0xff, 0xff, 0xff, 0xff, 0xff, 0xff, 
    0xff, 0xff, 0xff, 0xff, 0xff, 0xff, 0xfb, 0xff, 0xff, 0xff, 0xff, 0xff, 0xff, 0xff, 0xff, 0xff, 
    0xff, 0xff, 0xef, 0xf7, 0xff, 0xff, 0xff, 0xff, 0xff, 0xff, 0xf0, 0x00, 0x00, 0x00, 0x00, 0x00, 
    0x40, 0x00, 0x20, 0x00, 0x7f, 0xff, 0xff, 0xff, 0x7f, 0xff, 0xff, 0xff, 0xff, 0xff, 0xff, 0xfb, 
    0xff, 0xff, 0xff, 0xff, 0xff, 0xef, 0xff, 0x7f, 0xff, 0xcf, 0xff, 0xfc, 0x3f, 0xff, 0xff, 0xff, 
    0xff, 0xff, 0xff, 0xff, 0xff, 0xff, 0xff, 0xff, 0xff, 0xff, 0xff, 0xff, 0xff, 0xf3, 0xcd, 0x9d, 
    0xb3, 0xff, 0xf8, 0x20, 0x00, 0x00, 0x0c, 0xcf, 0xff, 0xff, 0xff, 0xff, 0xff, 0xff, 0xff, 0xff, 
    0xff, 0xff, 0xff, 0xff, 0xff, 0xff, 0xff, 0xff, 0xff, 0xff, 0xf3, 0xff, 0xff, 0xff, 0xff, 0xff, 
    0xff, 0xff, 0xff, 0xff, 0xff, 0xff, 0xef, 0xf9, 0xff, 0xff, 0xff, 0xff, 0xff, 0xff, 0xe0, 0x00, 
    0x00, 0x00, 0x00, 0x00, 0x40, 0x00, 0x20, 0x00, 0x7f, 0xff, 0xff, 0xff, 0x7f, 0xff, 0xff, 0xff, 
    0xff, 0xff, 0xff, 0xfb, 0xff, 0xff, 0xff, 0xff, 0xff, 0xef, 0xff, 0x7f, 0xff, 0xcf, 0xff, 0xfc, 
    0x3f, 0xff, 0xff, 0xff, 0xff, 0xff, 0xff, 0xff, 0xff, 0xff, 0xff, 0xff, 0xff, 0xff, 0xff, 0xff, 
    0xff, 0xfd, 0xcc, 0x9d, 0xb3, 0xff, 0xc3, 0x00, 0x00, 0x00, 0x0c, 0x9f, 0xff, 0xff, 0xff, 0xff, 
    0xff, 0xff, 0xff, 0xff, 0xff, 0xff, 0xff, 0xff, 0xff, 0xff, 0xff, 0xff, 0xff, 0xff, 0xe7, 0xff, 
    0xff, 0xff, 0xff, 0xff, 0xff, 0xff, 0xff, 0xff, 0xff, 0xff, 0xef, 0xfe, 0xff, 0xff, 0xff, 0xff, 
    0xff, 0xff, 0x80, 0x03, 0x00, 0x00, 0x00, 0x00, 0x00, 0x00, 0x20, 0x00, 0x7f, 0xff, 0xff, 0xff, 
    0x7f, 0xff, 0xff, 0xff, 0xff, 0xff, 0xff, 0xfb, 0xff, 0xff, 0xff, 0xff, 0xff, 0xef, 0xff, 0x7f, 
    0xff, 0xcf, 0xff, 0xfc, 0x3f, 0xff, 0xff, 0xff, 0xff, 0xff, 0xff, 0xff, 0xff, 0xff, 0xff, 0xff, 
    0xff, 0xff, 0xff, 0xff, 0xff, 0xfe, 0xe6, 0x4d, 0xb3, 0xff, 0xc0, 0x00, 0x00, 0x00, 0xcc, 0x3f, 
    0xff, 0xff, 0xff, 0xff, 0xff, 0xff, 0xff, 0xff, 0xff, 0xff, 0xff, 0xff, 0xff, 0xff, 0xff, 0xff, 
    0xff, 0xff, 0xef, 0xff, 0xff, 0xff, 0xff, 0xff, 0xff, 0xff, 0xff, 0xff, 0xff, 0xff, 0xff, 0xff, 
    0x3f, 0xff, 0xff, 0xff, 0xff, 0xfe, 0x10, 0xfc, 0x00, 0x00, 0x00, 0x00, 0x80, 0x00, 0x20, 0x00, 
    0x7d, 0xff, 0xff, 0xff, 0x7f, 0xff, 0xff, 0xff, 0xff, 0xff, 0xff, 0xfb, 0xff, 0xff, 0xff, 0xff, 
    0xff, 0xef, 0xff, 0xff, 0xff, 0xcf, 0xff, 0xfc, 0x3f, 0xff, 0xff, 0xff, 0xff, 0xff, 0xff, 0xff, 
    0xff, 0xff, 0xff, 0xff, 0xff, 0xff, 0xff, 0xff, 0xff, 0xff, 0x66, 0x0d, 0x33, 0xff, 0xf8, 0x00, 
    0x00, 0x00, 0xc8, 0x7f, 0xff, 0xff, 0xff, 0xff, 0xff, 0xff, 0xff, 0xff, 0xff, 0xff, 0xff, 0xff, 
    0xff, 0xff, 0xff, 0xff, 0xff, 0xff, 0xcf, 0xff, 0xff, 0xff, 0xff, 0xff, 0xff, 0xff, 0xff, 0xff, 
    0xff, 0xff, 0xff, 0xff, 0xcf, 0xff, 0xff, 0xff, 0xff, 0xfe, 0xfb, 0xe0, 0x00, 0x00, 0x00, 0x00, 
    0x80, 0x00, 0x20, 0x00, 0x7d, 0xff, 0xff, 0xff, 0x7f, 0xff, 0xff, 0xff, 0xff, 0xff, 0xff, 0xff, 
    0xff, 0xff, 0xff, 0xff, 0xff, 0xef, 0xff, 0xff, 0xff, 0xcf, 0xff, 0xfc, 0x3f, 0xff, 0xff, 0xff, 
    0xff, 0xff, 0xff, 0xff, 0xff, 0xff, 0xff, 0xff, 0xff, 0xff, 0xff, 0xff, 0xff, 0xff, 0xb3, 0x0d, 
    0x36, 0xbf, 0xac, 0x00, 0x00, 0x00, 0xe0, 0xff, 0xff, 0xff, 0xff, 0xff, 0xff, 0xff, 0xff, 0xff, 
    0xff, 0xff, 0xff, 0xff, 0xff, 0xff, 0xff, 0xff, 0xff, 0xff, 0x9f, 0xff, 0xff, 0xff, 0xff, 0xff, 
    0xff, 0xff, 0xff, 0xff, 0xff, 0xff, 0xf7, 0xff, 0xe7, 0xff, 0xff, 0xff, 0xff, 0xff, 0xff, 0x80, 
    0x00, 0x00, 0x00, 0x00, 0x80, 0x00, 0x20, 0x00, 0x7d, 0xff, 0xff, 0xff, 0x7f, 0xff, 0xff, 0xff, 
    0xff, 0xff, 0xff, 0xff, 0xff, 0xff, 0xff, 0xff, 0xff, 0xef, 0xff, 0xff, 0xff, 0xcf, 0xff, 0xfc, 
    0x3f, 0xff, 0xff, 0xff, 0xff, 0xff, 0xff, 0xff, 0xff, 0xff, 0xff, 0xff, 0xff, 0xff, 0xff, 0xff, 
    0xff, 0xfc, 0xc1, 0x05, 0x26, 0x33, 0x86, 0x00, 0x00, 0x00, 0xe0, 0xff, 0xff, 0xff, 0xff, 0xff, 
    0xff, 0xff, 0xff, 0xff, 0xff, 0xff, 0xff, 0xff, 0xff, 0xff, 0xff, 0xff, 0xff, 0xff, 0xbf, 0xff, 
    0xff, 0xff, 0xff, 0xff, 0xff, 0xff, 0xff, 0xff, 0xff, 0xff, 0xe7, 0xff, 0xff, 0xff, 0xff, 0xff, 
    0xff, 0xff, 0xff, 0x00, 0x00, 0x00, 0x00, 0x00, 0x80, 0x00, 0x20, 0x00, 0x7f, 0xff, 0xff, 0xff, 
    0x7f, 0xff, 0xff, 0xff, 0xff, 0xff, 0xff, 0xff, 0xff, 0xff, 0xff, 0xff, 0xff, 0xef, 0xff, 0xff, 
    0xff, 0xef, 0xff, 0xfc, 0x3f, 0xff, 0xff, 0xff, 0xff, 0xff, 0xff, 0xff, 0xff, 0xff, 0xff, 0xff, 
    0xff, 0xff, 0xff, 0xff, 0xff, 0xfe, 0x60, 0x84, 0x24, 0x3b, 0x81, 0x00, 0x00, 0x00, 0x61, 0xff, 
    0xff, 0xff, 0xff, 0xff, 0xff, 0xff, 0xff, 0xff, 0xff, 0xff, 0xff, 0xff, 0xff, 0xff, 0xff, 0xff, 
    0xff, 0xff, 0x3f, 0xff, 0xff, 0xff, 0xff, 0xff, 0xff, 0xff, 0xff, 0xff, 0xff, 0xff, 0xe3, 0xff, 
    0xfb, 0xff, 0xff, 0xff, 0xff, 0xff, 0xfc, 0x00, 0x00, 0x00, 0x00, 0x00, 0x00, 0x00, 0x20, 0x00, 
    0x7d, 0xff, 0xff, 0xff, 0x3f, 0xff, 0xff, 0xff, 0xff, 0xff, 0xff, 0xff, 0xff, 0xff, 0xff, 0xff, 
    0xff, 0xef, 0xff, 0xff, 0xff, 0xcf, 0xff, 0xfc, 0x3f, 0xff, 0xff, 0xff, 0xff, 0xff, 0xff, 0xff, 
    0xff, 0xff, 0xff, 0xff, 0xff, 0xff, 0xff, 0xff, 0xfe, 0x3f, 0x18, 0x84, 0x20, 0x9a, 0x10, 0x00, 
    0x00, 0x00, 0x63, 0xff, 0xff, 0xff, 0xff, 0xff, 0xff, 0xff, 0xff, 0xff, 0xff, 0xff, 0xff, 0xff, 
    0xff, 0xff, 0xff, 0xff, 0xff, 0xff, 0x7f, 0xff, 0xff, 0xff, 0xff, 0xff, 0xff, 0xff, 0xff, 0xff, 
    0xff, 0xff, 0xe3, 0xff, 0xfc, 0x7f, 0xff, 0xff, 0xff, 0xff, 0xf0, 0x00, 0x00, 0x00, 0x00, 0x00, 
    0x40, 0x00, 0x20, 0x00, 0x7d, 0xff, 0xff, 0xff, 0x3f, 0xff, 0xff, 0xff, 0xff, 0xff, 0xff, 0xff, 
    0xff, 0xff, 0xff, 0xff, 0xff, 0xef, 0xff, 0xff, 0xff, 0xcf, 0xff, 0xfc, 0x3f, 0xff, 0xff, 0xff, 
    0xff, 0xff, 0xff, 0xff, 0xff, 0xff, 0xff, 0xff, 0xff, 0xff, 0xff, 0xff, 0xff, 0x8f, 0x8c, 0x40, 
    0x08, 0xc9, 0x80, 0x00, 0x00, 0x00, 0x63, 0xdf, 0xff, 0xff, 0xff, 0xff, 0xff, 0xff, 0xff, 0xff, 
    0xff, 0xff, 0xff, 0xff, 0xff, 0xff, 0xff, 0xff, 0xff, 0xfe, 0x7f, 0xff, 0xff, 0xff, 0xff, 0xff, 
    0xff, 0xff, 0xff, 0xff, 0xff, 0xff, 0xe7, 0xff, 0xff, 0x3f, 0xff, 0xff, 0xff, 0xff, 0xe0, 0x00, 
    0x00, 0x00, 0x00, 0x00, 0x40, 0x00, 0x20, 0x00, 0x7d, 0xff, 0xff, 0xff, 0xbf, 0xff, 0xff, 0xff, 
    0xff, 0xff, 0xff, 0xff, 0xff, 0xff, 0xff, 0xff, 0xff, 0xef, 0xff, 0xff, 0xff, 0xef, 0xff, 0xfc, 
    0x3f, 0xff, 0xff, 0xff, 0xff, 0xff, 0xff, 0xff, 0xff, 0xff, 0xff, 0xff, 0xff, 0xff, 0xff, 0xff, 
    0xff, 0xf1, 0xe4, 0x00, 0x08, 0x8d, 0x80, 0x00, 0x00, 0x00, 0x47, 0x3f, 0xff, 0xff, 0xff, 0xff, 
    0xff, 0xff, 0xff, 0xff, 0xff, 0xff, 0xff, 0xff, 0xff, 0xff, 0xff, 0xff, 0xff, 0xfc, 0xff, 0xff, 
    0xff, 0xff, 0xff, 0xff, 0xff, 0xff, 0xff, 0xff, 0xff, 0xff, 0xef, 0xff, 0xff, 0xdf, 0xff, 0xff, 
    0xff, 0xff, 0xc0, 0x00, 0x00, 0x00, 0x00, 0x00, 0x60, 0x00, 0x20, 0x00, 0x7d, 0xff, 0xff, 0xff, 
    0xbf, 0xff, 0xff, 0xff, 0xff, 0xff, 0xff, 0xff, 0xff, 0xff, 0xff, 0xff, 0xff, 0xef, 0xff, 0xff, 
    0xff, 0xef, 0xff, 0xfc, 0x3f, 0xff, 0xff, 0xff, 0xff, 0xff, 0xff, 0xff, 0xff, 0xff, 0xff, 0xff, 
    0xff, 0xff, 0xff, 0xff, 0xff, 0xfc, 0x30, 0x00, 0x00, 0x61, 0x18, 0x00, 0x00, 0x00, 0x06, 0x7f, 
    0xff, 0xff, 0xff, 0xff, 0xff, 0xff, 0xff, 0xff, 0xff, 0xff, 0xff, 0xff, 0xff, 0xff, 0xff, 0xff, 
    0xff, 0xfd, 0xff, 0xff, 0xff, 0xff, 0xff, 0xff, 0xff, 0xff, 0xff, 0xff, 0xff, 0xff, 0xef, 0xff, 
    0xff, 0xef, 0xff, 0xff, 0xff, 0xff, 0xc1, 0x80, 0x00, 0x00, 0x00, 0x00, 0x60, 0x00, 0x20, 0x00, 
    0x7d, 0xff, 0xff, 0xff, 0xbf, 0xff, 0xff, 0xff, 0xff, 0xff, 0xff, 0xff, 0xff, 0xff, 0xff, 0xff, 
    0xff, 0xef, 0xff, 0xff, 0xff, 0xef, 0xff, 0xfc, 0x3f, 0xff, 0xff, 0xff, 0xff, 0xff, 0xff, 0xff, 
    0xff, 0xff, 0xff, 0xff, 0xff, 0xff, 0xff, 0xff, 0xff, 0xff, 0x00, 0x00, 0x02, 0x20, 0x00, 0x00, 
    0x00, 0x00, 0x08, 0xff, 0xff, 0xff, 0xff, 0xff, 0xff, 0xff, 0xff, 0xff, 0xff, 0xff, 0xff, 0xff, 
    0xff, 0xff, 0xff, 0xff, 0xff, 0xf9, 0xff, 0xff, 0xff, 0xff, 0xff, 0xff, 0xff, 0xff, 0xff, 0xff, 
    0xff, 0xff, 0xff, 0xff, 0xff, 0xff, 0xff, 0xff, 0xff, 0xff, 0xbe, 0x00, 0x00, 0x00, 0x00, 0x00, 
    0x80, 0x00, 0x20, 0x00, 0x7d, 0xff, 0xff, 0xff, 0xbf, 0xff, 0xff, 0xff, 0xff, 0xff, 0xff, 0xff, 
    0xff, 0xff, 0xff, 0xff, 0xff, 0xef, 0xff, 0xff, 0xff, 0xef, 0xff, 0xfc, 0x3f, 0xff, 0xff, 0xff, 
    0xff, 0xff, 0xff, 0xff, 0xff, 0xff, 0xff, 0xff, 0xff, 0xff, 0xff, 0xff, 0xff, 0xff, 0xc0, 0x00, 
    0x20, 0x20, 0x80, 0x00, 0x00, 0x00, 0x01, 0xff, 0xff, 0xff, 0xff, 0xff, 0xff, 0xff, 0xff, 0xff, 
    0xff, 0xff, 0xff, 0xff, 0xff, 0xff, 0xff, 0xff, 0xff, 0xfb, 0xff, 0xff, 0xff, 0xff, 0xff, 0xff, 
    0xff, 0xff, 0xff, 0xff, 0xff, 0xff, 0xf7, 0xff, 0xff, 0xff, 0x7f, 0xff, 0xff, 0xff, 0xf0, 0x00, 
    0x00, 0x00, 0x00, 0x00, 0x80, 0x00, 0x20, 0x00, 0x7d, 0xff, 0xff, 0xff, 0xbf, 0xff, 0xff, 0xff, 
    0xff, 0xff, 0xff, 0xff, 0xff, 0xff, 0xff, 0xff, 0xff, 0xef, 0xff, 0xff, 0xff, 0xef, 0xff, 0xfc, 
    0x3f, 0xff, 0xff, 0xff, 0xff, 0xff, 0xff, 0xff, 0xff, 0xff, 0xff, 0xff, 0xff, 0xff, 0xff, 0xff, 
    0xff, 0xe0, 0x70, 0x00, 0x00, 0x10, 0x80, 0x00, 0x00, 0x00, 0x07, 0xc1, 0xff, 0xff, 0xff, 0xff, 
    0xff, 0xff, 0xff, 0xff, 0xff, 0xff, 0xff, 0xff, 0xff, 0xff, 0xff, 0xff, 0xff, 0xfb, 0xff, 0xff, 
    0xff, 0xff, 0xff, 0xff, 0xff, 0xff, 0xff, 0xff, 0xff, 0xff, 0xf3, 0xff, 0xff, 0xff, 0x9f, 0xff, 
    0xff, 0xff, 0x00, 0x00, 0x00, 0x00, 0x00, 0x00, 0x40, 0x00, 0x20, 0x00, 0x7d, 0xff, 0xff, 0xff, 
    0xbf, 0xff, 0xff, 0xff, 0xff, 0xff, 0xff, 0xff, 0xff, 0xff, 0xff, 0xff, 0xff, 0xef, 0xff, 0xff, 
    0xff, 0xff, 0xff, 0xfc, 0x3f, 0xff, 0xff, 0xff, 0xff, 0xff, 0xff, 0xff, 0xff, 0xff, 0xff, 0xff, 
    0xff, 0xff, 0xff, 0xff, 0xff, 0xfe, 0x00, 0x00, 0x18, 0x80, 0x80, 0x00, 0x00, 0x00, 0x00, 0x1f, 
    0xff, 0xff, 0xff, 0xff, 0xff, 0xff, 0xff, 0xff, 0xff, 0xff, 0xff, 0xff, 0xff, 0xff, 0xff, 0xff, 
    0xff, 0xf7, 0xff, 0xff, 0xff, 0xff, 0xff, 0xff, 0xff, 0xff, 0xff, 0xff, 0xff, 0xff, 0xf3, 0xff, 
    0xff, 0xff, 0xc7, 0x3f, 0xff, 0xff, 0x00, 0x00, 0x00, 0x00, 0x00, 0x00, 0x40, 0x00, 0x20, 0x00, 
    0x7d, 0xff, 0xff, 0xff, 0xbf, 0xff, 0xff, 0xff, 0xff, 0xff, 0xff, 0xff, 0xff, 0xff, 0xff, 0xff, 
    0xff, 0xef, 0xff, 0xff, 0xff, 0xff, 0xff, 0xfc, 0x3f, 0xff, 0xff, 0xff, 0xff, 0xff, 0xff, 0xff, 
    0xff, 0xff, 0xff, 0xff, 0xff, 0xff, 0xff, 0xff, 0xfc, 0x00, 0x00, 0x00, 0x00, 0x00, 0x00, 0x00, 
    0x00, 0x00, 0x03, 0xff, 0xff, 0xff, 0xff, 0xff, 0xff, 0xff, 0xff, 0xff, 0xff, 0xff, 0xff, 0xff, 
    0xff, 0xff, 0xff, 0xff, 0xff, 0xf7, 0xff, 0xff, 0xff, 0xff, 0xff, 0xff, 0xff, 0xff, 0xff, 0xff, 
    0xff, 0xff, 0xe1, 0xff, 0xff, 0xff, 0xf0, 0xff, 0xff, 0xe0, 0x00, 0x00, 0x00, 0x00, 0x00, 0x00, 
    0xc0, 0x00, 0x20, 0x00, 0x7d, 0x7f, 0xff, 0xff, 0xff, 0xff, 0xff, 0xff, 0xff, 0xff, 0xff, 0xff, 
    0xff, 0xff, 0xff, 0xff, 0xff, 0xe7, 0xff, 0xff, 0xff, 0xff, 0xff, 0xfc, 0x3f, 0xff, 0xff, 0xff, 
    0xff, 0xff, 0xff, 0xff, 0xff, 0xff, 0xff, 0xff, 0xff, 0xff, 0xff, 0xff, 0xff, 0xc0, 0x00, 0x00, 
    0x02, 0x00, 0x00, 0x00, 0x00, 0x00, 0x01, 0xff, 0xff, 0xff, 0xff, 0xff, 0xff, 0xff, 0xff, 0xff, 
    0xff, 0xff, 0xff, 0xff, 0xff, 0xff, 0xff, 0xff, 0xff, 0xe7, 0xff, 0xff, 0xff, 0xff, 0xff, 0xff, 
    0xff, 0xff, 0xff, 0xff, 0xff, 0xff, 0xe3, 0xff, 0xff, 0xff, 0xff, 0xff, 0xff, 0xf8, 0x00, 0x00, 
    0x00, 0x00, 0x00, 0x00, 0x80, 0x00, 0x20, 0x00, 0x7d, 0x7f, 0xff, 0xff, 0xff, 0xff, 0xff, 0xff, 
    0xff, 0xff, 0xff, 0xff, 0xff, 0xff, 0xff, 0xff, 0xff, 0xb7, 0xff, 0xff, 0xff, 0xff, 0xff, 0xfc, 
    0x3f, 0xff, 0xff, 0xff, 0xff, 0xff, 0xff, 0xff, 0xff, 0xff, 0xff, 0xff, 0xff, 0xff, 0xff, 0xff, 
    0xff, 0xfe, 0x00, 0x00, 0x00, 0x00, 0x00, 0x00, 0x00, 0x00, 0x00, 0x7f, 0xff, 0xff, 0xff, 0xff, 
    0xff, 0xff, 0xff, 0xff, 0xff, 0xff, 0xff, 0xff, 0xff, 0xff, 0xff, 0xff, 0xff, 0xef, 0xff, 0xff, 
    0xff, 0xff, 0xff, 0xff, 0xff, 0xff, 0xff, 0xff, 0xff, 0xff, 0xe2, 0xff, 0xff, 0xff, 0xff, 0xff, 
    0xff, 0xfe, 0x00, 0x00, 0x00, 0x00, 0x00, 0x00, 0x80, 0x00, 0x20, 0x00, 0x7d, 0x7f, 0xff, 0xff, 
    0xff, 0xff, 0xff, 0xff, 0xff, 0xff, 0xff, 0xff, 0xff, 0xff, 0xff, 0xff, 0xff, 0xb7, 0xff, 0xff, 
    0xff, 0xff, 0xff, 0xfc, 0x3f, 0xff, 0xff, 0xff, 0xff, 0xff, 0xff, 0xff, 0xff, 0xff, 0xff, 0xff, 
    0xff, 0xff, 0xff, 0xff, 0xff, 0xff, 0x80, 0x00, 0x00, 0x00, 0x00, 0x00, 0x00, 0x00, 0x00, 0x3f, 
    0xff, 0xff, 0xff, 0xff, 0xff, 0xff, 0xff, 0xff, 0xff, 0xff, 0xff, 0xff, 0xff, 0xff, 0xff, 0xff, 
    0xff, 0xcf, 0xff, 0xff, 0xff, 0xff, 0xff, 0xff, 0xff, 0xff, 0xff, 0xff, 0xff, 0xff, 0xe7, 0x7f, 
    0xff, 0xff, 0xff, 0xff, 0xff, 0xfd, 0x00, 0x00, 0x00, 0x00, 0x00, 0x00, 0x00, 0x00, 0x20, 0x00, 
    0xf9, 0x7f, 0xff, 0xff, 0xff, 0xff, 0xff, 0xff, 0xff, 0xff, 0xff, 0xff, 0xff, 0xff, 0xff, 0xff, 
    0xff, 0xb7, 0xff, 0xff, 0xff, 0xff, 0xff, 0xfc, 0x3f, 0xff, 0xff, 0xff, 0xff, 0xff, 0xff, 0xff, 
    0xff, 0xff, 0xff, 0xff, 0xff, 0xff, 0xff, 0xff, 0xff, 0xfe, 0x00, 0x00, 0x00, 0x00, 0x00, 0x00, 
    0x00, 0x00, 0x00, 0x1f, 0xff, 0xff, 0xff, 0xbf, 0xff, 0xff, 0xff, 0xff, 0xff, 0xff, 0xff, 0xff, 
    0xff, 0xff, 0xff, 0xff, 0xff, 0xcf, 0xff, 0xff, 0xff, 0xff, 0xff, 0xff, 0xff, 0xff, 0xff, 0xff, 
    0xff, 0xff, 0xef, 0xff, 0xff, 0xff, 0xff, 0xff, 0xff, 0xfe, 0x80, 0x00, 0x00, 0x00, 0x00, 0x00, 
    0x40, 0x00, 0x20, 0x00, 0xf9, 0x7f, 0xff, 0xff, 0xff, 0xff, 0xff, 0xff, 0xff, 0xff, 0xff, 0xff, 
    0xff, 0xff, 0xff, 0xff, 0xff, 0xb7, 0xff, 0xff, 0xff, 0xff, 0xff, 0xfc, 0x3f, 0xff, 0xff, 0xff, 
    0xff, 0xff, 0xff, 0xff, 0xff, 0xff, 0xff, 0xff, 0xff, 0xff, 0xff, 0xff, 0xfc, 0x00, 0x00, 0x00, 
    0x00, 0x00, 0x00, 0x00, 0x00, 0x61, 0x8b, 0x0f, 0xff, 0xff, 0xff, 0xbf, 0xff, 0xff, 0xff, 0xff, 
    0xff, 0xff, 0xff, 0xff, 0xff, 0xff, 0xff, 0xff, 0xff, 0xdf, 0xff, 0xff, 0xff, 0xff, 0xff, 0xff, 
    0xff, 0xff, 0xff, 0xff, 0xff, 0xff, 0xff, 0xff, 0xff, 0xff, 0xff, 0xff, 0xff, 0xff, 0x00, 0x00, 
    0x00, 0x00, 0x00, 0x00, 0x00, 0x00, 0x20, 0x00, 0xf9, 0x7f, 0xff, 0xff, 0xff, 0xff, 0xff, 0xff, 
    0xff, 0xff, 0xff, 0xff, 0xff, 0xff, 0xff, 0xff, 0xff, 0xb7, 0xff, 0xff, 0xff, 0xff, 0xff, 0xfc, 
    0x3f, 0xff, 0xff, 0xff, 0xff, 0xff, 0xff, 0xff, 0xff, 0xff, 0xff, 0xff, 0xff, 0xff, 0xff, 0xff, 
    0xff, 0xff, 0xe0, 0x00, 0x00, 0x00, 0x00, 0x00, 0x02, 0x03, 0x81, 0xc7, 0xff, 0xff, 0xff, 0xbf, 
    0xff, 0xff, 0xff, 0xff, 0xff, 0xff, 0xff, 0xff, 0xff, 0xff, 0xff, 0xff, 0xff, 0x9f, 0xff, 0xff, 
    0xff, 0xff, 0xff, 0xff, 0xff, 0xff, 0xff, 0xff, 0xff, 0xff, 0xf7, 0xff, 0xff, 0xff, 0xff, 0xff, 
    0xff, 0xff, 0x80, 0x00, 0x00, 0x00, 0x00, 0x00, 0x40, 0x00, 0x20, 0x00, 0xf8, 0x7f, 0xff, 0xff, 
    0xff, 0xff, 0xff, 0xff, 0xff, 0xff, 0xff, 0xff, 0xff, 0xff, 0xff, 0xff, 0xff, 0xb7, 0xff, 0xff, 
    0xff, 0xff, 0xff, 0xfc, 0x3f, 0xff, 0xff, 0xff, 0xff, 0xff, 0xff, 0xff, 0xff, 0xff, 0xff, 0xff, 
    0xff, 0xff, 0xff, 0xff, 0xff, 0xff, 0x00, 0x01, 0x00, 0x00, 0x00, 0x00, 0x00, 0x3b, 0x81, 0xe7, 
    0xff, 0xff, 0x7f, 0xbb, 0xff, 0xff, 0xff, 0xff, 0xff, 0xff, 0xff, 0xff, 0xff, 0xff, 0xff, 0xff, 
    0xff, 0xbf, 0xff, 0xff, 0xff, 0xff, 0xff, 0xff, 0xff, 0xff, 0xff, 0xff, 0xff, 0xff, 0xfb, 0xfb, 
    0xff, 0xff, 0xff, 0xff, 0xff, 0xff, 0xc0, 0x00, 0x00, 0x00, 0x00, 0x00, 0x42, 0x00, 0x20, 0x00, 
    0xf8, 0x7f, 0xff, 0xff, 0xff, 0xff, 0xff, 0xff, 0xff, 0xff, 0xff, 0xff, 0xff, 0xff, 0xff, 0xff, 
    0xff, 0xb7, 0xff, 0xff, 0xff, 0xff, 0xff, 0xfc, 0x3f, 0xff, 0xff, 0xff, 0xff, 0xff, 0xff, 0xff, 
    0xff, 0xff, 0xff, 0xff, 0xff, 0xff, 0xff, 0xff, 0xff, 0xf0, 0x1c, 0x00, 0x00, 0x00, 0x00, 0x00, 
    0x00, 0xf3, 0x94, 0xff, 0xff, 0xff, 0x7f, 0xbb, 0xff, 0xff, 0xff, 0xff, 0xff, 0xff, 0xff, 0xff, 
    0xff, 0xff, 0xff, 0xff, 0xff, 0xbf, 0xff, 0xff, 0xff, 0xff, 0xff, 0xff, 0xff, 0xff, 0xff, 0xff, 
    0xff, 0xff, 0xfd, 0xfd, 0xff, 0xff, 0xff, 0xff, 0xff, 0xff, 0xe0, 0x00, 0x00, 0x00, 0x00, 0x00, 
    0x5a, 0x00, 0x20, 0x00, 0xf8, 0x7f, 0xff, 0xff, 0xff, 0xff, 0xff, 0xff, 0xff, 0xff, 0xff, 0xff, 
    0xff, 0xff, 0xff, 0xff, 0xff, 0xb7, 0xff, 0xff, 0xff, 0xff, 0xff, 0xfc, 0x3f, 0xff, 0xff, 0xff, 
    0xff, 0xff, 0xff, 0xff, 0xff, 0xff, 0xff, 0xff, 0xff, 0xff, 0xff, 0xff, 0xff, 0x81, 0xb0, 0x48, 
    0x00, 0x00, 0x00, 0x00, 0x00, 0xf3, 0x36, 0xff, 0xff, 0xff, 0x3f, 0xb3, 0xff, 0xff, 0xff, 0xff, 
    0xff, 0xff, 0xff, 0xff, 0xff, 0xff, 0xff, 0xff, 0xff, 0x3f, 0xff, 0xff, 0xff, 0xff, 0xff, 0xff, 
    0xff, 0xff, 0xff, 0xff, 0xff, 0xff, 0xfd, 0xfe, 0xff, 0xff, 0xff, 0xff, 0xff, 0xff, 0xf0, 0x00, 
    0x00, 0x00, 0x00, 0x00, 0x12, 0x00, 0x20, 0x00, 0xf8, 0x7f, 0xff, 0xff, 0xff, 0xff, 0xff, 0xff, 
    0xff, 0xff, 0xff, 0xff, 0xff, 0xff, 0xff, 0xff, 0xff, 0xb7, 0xff, 0xff, 0xff, 0xff, 0xff, 0xfc, 
    0x3f, 0xff, 0xff, 0xff, 0xff, 0xff, 0xff, 0xff, 0xff, 0xff, 0xff, 0xff, 0xff, 0xff, 0xff, 0xff, 
    0xff, 0xff, 0x80, 0x01, 0x00, 0x00, 0x00, 0x10, 0x00, 0x76, 0x36, 0x7f, 0xfe, 0x7b, 0xbd, 0xb3, 
    0xff, 0xff, 0xff, 0xff, 0xff, 0xff, 0xff, 0xff, 0xff, 0xff, 0xff, 0xff, 0xff, 0x3f, 0xff, 0xff, 
    0xff, 0xff, 0xff, 0xff, 0xff, 0xff, 0xff, 0xff, 0xff, 0xff, 0xfe, 0xff, 0x7f, 0xff, 0xff, 0xff, 
    0xff, 0xff, 0xfc, 0x00, 0x00, 0x00, 0x00, 0x00, 0x05, 0x00, 0x20, 0x00, 0xf8, 0x7f, 0xff, 0xff, 
    0xff, 0xff, 0xff, 0xff, 0xff, 0xff, 0xff, 0xff, 0xff, 0xff, 0xff, 0xff, 0xff, 0xb7, 0xff, 0xff, 
    0xff, 0xff, 0xff, 0xfc, 0x3f, 0xff, 0xff, 0xff, 0xff, 0xff, 0xff, 0xff, 0xff, 0xff, 0xff, 0xff, 
    0xff, 0xff, 0xff, 0xff, 0xff, 0xfc, 0x06, 0x00, 0x00, 0x00, 0x00, 0x01, 0x0a, 0x24, 0x77, 0x7f, 
    0xfe, 0x3d, 0x9d, 0xb3, 0xff, 0xff, 0xff, 0xff, 0xff, 0xff, 0xff, 0xff, 0xff, 0xff, 0xff, 0xff, 
    0xff, 0x7f, 0xff, 0xff, 0xff, 0xff, 0xff, 0xff, 0xff, 0xff, 0xff, 0xff, 0xff, 0xff, 0xff, 0x7f, 
    0x3f, 0xff, 0xff, 0xff, 0xff, 0xff, 0xf2, 0x00, 0x00, 0x00, 0x00, 0x00, 0x20, 0x00, 0x20, 0x00, 
    0xf8, 0x7f, 0xff, 0xff, 0xff, 0xff, 0xff, 0xff, 0xff, 0xff, 0xff, 0xff, 0xff, 0xff, 0xff, 0xff, 
    0xff, 0xb7, 0xff, 0xff, 0xff, 0xff, 0xff, 0xfc, 0x3f, 0xff, 0xff, 0xff, 0xff, 0xff, 0xff, 0xff, 
    0xff, 0xff, 0xff, 0xff, 0xff, 0xff, 0xff, 0xff, 0xff, 0xf8, 0xc0, 0x00, 0x00, 0x00, 0x00, 0x00, 
    0x0b, 0x00, 0xf7, 0x3f, 0xff, 0x3c, 0x9d, 0xb7, 0xff, 0xff, 0xff, 0xff, 0xff, 0xff, 0xff, 0xff, 
    0xff, 0xff, 0xff, 0xff, 0xff, 0x7f, 0xff, 0xff, 0xff, 0xff, 0xff, 0xff, 0xff, 0xff, 0xff, 0xff, 
    0xff, 0xff, 0xff, 0xbf, 0xbf, 0xff, 0xff, 0xff, 0xff, 0xff, 0xfb, 0x80, 0x00, 0x00, 0x00, 0x00, 
    0x24, 0x00, 0x20, 0x00, 0xf8, 0x7f, 0xff, 0xff, 0xff, 0xff, 0xff, 0xff, 0xff, 0xff, 0xff, 0xff, 
    0xff, 0xff, 0xff, 0xff, 0xff, 0xb7, 0xff, 0xff, 0xff, 0xff, 0xff, 0xfc, 0x3f, 0xff, 0xff, 0xff, 
    0xff, 0xff, 0xff, 0xff, 0xff, 0xff, 0xff, 0xff, 0xff, 0xff, 0xff, 0xff, 0xff, 0xfc, 0x20, 0x00, 
    0x00, 0x00, 0x00, 0x04, 0x1b, 0x41, 0xe7, 0x3f, 0xff, 0x9c, 0x8d, 0x36, 0xdf, 0xff, 0xff, 0xff, 
    0xff, 0xff, 0xff, 0xff, 0xff, 0xff, 0xff, 0xff, 0xfe, 0x7f, 0xff, 0xff, 0xff, 0xff, 0xff, 0xff, 
    0xff, 0xff, 0xff, 0xff, 0xff, 0xff, 0xff, 0xbf, 0xdf, 0xff, 0xff, 0xff, 0xff, 0xff, 0xfd, 0x00, 
    0x00, 0x00, 0x00, 0x00, 0x24, 0x00, 0x20, 0x00, 0xf8, 0x7f, 0xff, 0xff, 0xff, 0xff, 0xff, 0xff, 
    0xff, 0xff, 0xff, 0xff, 0xff, 0xff, 0xff, 0xff, 0xff, 0xb7, 0xff, 0xff, 0xff, 0xff, 0xff, 0xfc, 
    0x3f, 0xff, 0xff, 0xff, 0xff, 0xff, 0xff, 0xff, 0xff, 0xff, 0xff, 0xff, 0xff, 0xff, 0xff, 0xff, 
    0xff, 0xf8, 0x11, 0x00, 0x00, 0x00, 0x00, 0x08, 0x9b, 0x03, 0xe7, 0xbf, 0xff, 0x8c, 0x4d, 0x35, 
    0xdf, 0xff, 0xff, 0xff, 0xff, 0xff, 0xff, 0xff, 0xff, 0xff, 0xff, 0xff, 0xfe, 0x7f, 0xff, 0xff, 
    0xff, 0xff, 0xff, 0xff, 0xff, 0xff, 0xff, 0xff, 0xff, 0xff, 0xff, 0xdf, 0xef, 0xff, 0xf7, 0xff, 
    0xff, 0xff, 0xfd, 0x80, 0x00, 0x00, 0x00, 0x00, 0x14, 0x00, 0x20, 0x00, 0xf8, 0x7f, 0xff, 0xff, 
    0xff, 0xff, 0xff, 0xff, 0xff, 0xff, 0xff, 0xff, 0xff, 0xff, 0xff, 0xff, 0xff, 0xb7, 0xff, 0xff, 
    0xff, 0xff, 0xff, 0xfc, 0x3f, 0xff, 0xff, 0xff, 0xff, 0xff, 0xff, 0xff, 0xff, 0xff, 0xff, 0xff, 
    0xff, 0xff, 0xff, 0xff, 0xff, 0xef, 0x00, 0x80, 0x00, 0x00, 0x08, 0x00, 0x9f, 0x03, 0xef, 0xbf, 
    0xf3, 0xc6, 0x05, 0x25, 0x9f, 0xff, 0xff, 0xff, 0xff, 0xff, 0xff, 0xff, 0xff, 0xff, 0xff, 0xff, 
    0xfe, 0xff, 0xff, 0xff, 0xff, 0xff, 0xff, 0xff, 0xff, 0xff, 0xff, 0xff, 0xff, 0xff, 0xff, 0xef, 
    0xe7, 0xff, 0xfb, 0xff, 0xff, 0xff, 0xfe, 0xe0, 0x00, 0x00, 0x00, 0x00, 0x10, 0x00, 0x20, 0x00, 
    0xf8, 0x7f, 0xff, 0xff, 0xff, 0xff, 0xff, 0xff, 0xff, 0xff, 0xff, 0xff, 0xff, 0xff, 0xff, 0xff, 
    0xff, 0xb7, 0xff, 0xff, 0xff, 0xff, 0xff, 0xfc, 0x3f, 0xff, 0xff, 0xff, 0xff, 0xff, 0xff, 0xff, 
    0xff, 0xff, 0xff, 0xff, 0xff, 0xff, 0xff, 0xff, 0xff, 0xbb, 0x00, 0x00, 0x00, 0x00, 0x00, 0x41, 
    0x2d, 0x87, 0xff, 0xff, 0xf8, 0xe2, 0x04, 0x21, 0xbf, 0xff, 0xff, 0xff, 0xff, 0xff, 0xff, 0xff, 
    0xff, 0xff, 0xff, 0xff, 0xfe, 0xff, 0xff, 0xff, 0xff, 0xff, 0xff, 0xff, 0xff, 0xff, 0xff, 0xff, 
    0xff, 0xff, 0xff, 0xf7, 0xf3, 0xff, 0xfd, 0xff, 0xff, 0xff, 0xfe, 0x70, 0x00, 0x00, 0x00, 0x00, 
    0x10, 0x00, 0x20, 0x00, 0xf8, 0x7f, 0xff, 0xff, 0xff, 0xff, 0xff, 0xff, 0xff, 0xff, 0xff, 0xff, 
    0xff, 0xff, 0xff, 0xff, 0xff, 0xb7, 0xff, 0xff, 0xff, 0xff, 0xff, 0xfc, 0x3f, 0xff, 0xff, 0xff, 
    0xff, 0xff, 0xff, 0xff, 0xff, 0xff, 0xff, 0xff, 0xff, 0xff, 0xff, 0xff, 0xff, 0xec, 0xe0, 0x00, 
    0x00, 0x00, 0x00, 0x8d, 0x2d, 0xcf, 0xff, 0xff, 0xfe, 0x61, 0x04, 0x21, 0x3f, 0xff, 0xff, 0xff, 
    0xff, 0xff, 0xff, 0xff, 0xff, 0xff, 0xff, 0xff, 0xfe, 0xff, 0xff, 0xff, 0xff, 0xff, 0xff, 0xff, 
    0xff, 0xff, 0xff, 0xff, 0xff, 0xff, 0xff, 0xfb, 0xfb, 0xff, 0xfe, 0xff, 0xff, 0xff, 0xff, 0x1c, 
    0x00, 0x00, 0x00, 0x00, 0x08, 0x00, 0x20, 0x00, 0xf8, 0x7f, 0xff, 0xff, 0xff, 0xff, 0xff, 0xff, 
    0xff, 0xff, 0xff, 0xff, 0xff, 0xff, 0xff, 0xff, 0xff, 0xb7, 0xff, 0xff, 0xff, 0xff, 0xff, 0xfc, 
    0x3f, 0xff, 0xff, 0xff, 0xff, 0xff, 0xff, 0xff, 0xff, 0xff, 0xff, 0xff, 0xff, 0xff, 0xff, 0xff, 
    0xff, 0xf0, 0x00, 0x00, 0x00, 0x00, 0x0b, 0x0b, 0x2d, 0xcf, 0xff, 0xff, 0xfd, 0x19, 0x04, 0x23, 
    0x7f, 0xff, 0xff, 0xff, 0xff, 0xff, 0xff, 0xff, 0xff, 0xff, 0xff, 0xff, 0xfe, 0xff, 0xff, 0xff, 
    0xff, 0xff, 0xff, 0xff, 0xff, 0xff, 0xff, 0xff, 0xff, 0xff, 0xff, 0xfb, 0xfd, 0xff, 0xff, 0x7f, 
    0xff, 0xff, 0xff, 0x82, 0x00, 0x00, 0x00, 0x00, 0x08, 0x00, 0x20, 0x00, 0xf8, 0x7f, 0xff, 0xff, 
    0xff, 0xff, 0xff, 0xff, 0xff, 0xff, 0xff, 0xff, 0xff, 0xff, 0xff, 0xff, 0xff, 0xb7, 0xff, 0xff, 
    0xff, 0xff, 0xff, 0xfc, 0x3f, 0xff, 0xff, 0xff, 0xff, 0xff, 0xff, 0xff, 0xff, 0xff, 0xff, 0xff, 
    0xff, 0xff, 0xff, 0xff, 0xff, 0xf8, 0x08, 0x00, 0x00, 0x00, 0x06, 0x2a, 0x6f, 0xcf, 0xff, 0xff, 
    0xfc, 0x00, 0x80, 0x02, 0x77, 0xff, 0xff, 0xff, 0xff, 0xff, 0xff, 0xff, 0xff, 0xff, 0xff, 0xff, 
    0xfc, 0xff, 0xff, 0xff, 0xff, 0xff, 0xff, 0xff, 0xff, 0xff, 0xff, 0xff, 0xff, 0xff, 0xff, 0xfd, 
    0xfe, 0xff, 0xff, 0xdf, 0xff, 0xff, 0xff, 0xc0, 0x00, 0x00, 0x00, 0x00, 0x0a, 0x00, 0x20, 0x10, 
    0xf8, 0x7f, 0xff, 0xff, 0xff, 0xff, 0xff, 0xff, 0xff, 0xff, 0xff, 0xff, 0xff, 0xff, 0xff, 0xff, 
    0xff, 0xaf, 0xff, 0xff, 0xff, 0xff, 0xff, 0xfc, 0x3f, 0xff, 0xff, 0xff, 0xff, 0xff, 0xff, 0xff, 
    0xff, 0xff, 0xff, 0xff, 0xff, 0xff, 0xff, 0xff, 0xff, 0xfe, 0x00, 0x00, 0x00, 0x00, 0x00, 0xe6, 
    0x6f, 0xcf, 0xff, 0xff, 0xff, 0x00, 0x00, 0x04, 0xe7, 0xff, 0xff, 0xff, 0xff, 0xff, 0xff, 0xff, 
    0xff, 0xff, 0xff, 0xff, 0xfc, 0xff, 0xff, 0xff, 0xff, 0xff, 0xff, 0xff, 0xff, 0xff, 0xff, 0xff, 
    0xff, 0xff, 0xff, 0xff, 0xfe, 0x7f, 0xff, 0xef, 0xff, 0xff, 0xff, 0xc0, 0x00, 0x00, 0x00, 0x00, 
    0x09, 0x00, 0x20, 0x18, 0xf8, 0x7f, 0xff, 0xff, 0xff, 0xff, 0xff, 0xff, 0xff, 0xff, 0xff, 0xff, 
    0xff, 0xff, 0xff, 0xff, 0xff, 0xaf, 0xff, 0xbf, 0xff, 0xff, 0xff, 0xfc, 0x3f, 0xff, 0xff, 0xff, 
    0xff, 0xff, 0xff, 0xff, 0xff, 0xff, 0xff, 0xff, 0xff, 0xff, 0xff, 0xff, 0xfe, 0x7f, 0x80, 0x00, 
    0x00, 0x00, 0x09, 0xe6, 0xff, 0xcf, 0xff, 0xff, 0xf9, 0x80, 0x00, 0x04, 0xcf, 0xff, 0xff, 0xff, 
    0xff, 0xff, 0xff, 0xff, 0xff, 0xff, 0xff, 0xff, 0xfd, 0xff, 0xff, 0xff, 0xff, 0xff, 0xff, 0xff, 
    0xff, 0xff, 0xff, 0xff, 0xff, 0xff, 0xff, 0xff, 0xff, 0x7f, 0xff, 0xe3, 0xff, 0xff, 0xff, 0xe0, 
    0x00, 0x00, 0x00, 0x00, 0x01, 0x00, 0x20, 0x18, 0xfc, 0x7f, 0xff, 0xff, 0xff, 0xff, 0xff, 0xff, 
    0xff, 0xff, 0xff, 0xff, 0xff, 0xff, 0xff, 0xff, 0xff, 0xaf, 0xff, 0xbf, 0xff, 0xff, 0xff, 0xfc, 
    0x3f, 0xff, 0xff, 0xff, 0xff, 0xff, 0xff, 0xff, 0xff, 0xff, 0xff, 0xff, 0xff, 0xff, 0xff, 0xff, 
    0xfe, 0x00, 0x40, 0x00, 0x00, 0x00, 0x0c, 0x64, 0xff, 0x8f, 0xff, 0xff, 0x0e, 0x40, 0x00, 0x01, 
    0x9f, 0xff, 0xff, 0xff, 0xff, 0xff, 0xff, 0xff, 0xff, 0xff, 0xff, 0xff, 0xfd, 0xff, 0xff, 0xff, 
    0xff, 0xff, 0xff, 0xff, 0xff, 0xff, 0xff, 0xff, 0xff, 0xff, 0xff, 0xff, 0x7f, 0xbf, 0xff, 0xf1, 
    0xbf, 0xff, 0xff, 0xe0, 0x00, 0x00, 0x00, 0x00, 0x04, 0x10, 0x20, 0x18, 0xfc, 0x7e, 0xff, 0xff, 
    0xff, 0xff, 0xff, 0xff, 0xff, 0xff, 0xff, 0xff, 0xff, 0xff, 0xff, 0xff, 0xff, 0xcf, 0xff, 0xbf, 
    0xff, 0xff, 0xff, 0xfc, 0x3f, 0xff, 0xff, 0xff, 0xff, 0xff, 0xff, 0xff, 0xff, 0xff, 0xff, 0xff, 
    0xff, 0xff, 0xff, 0xff, 0xff, 0xf0, 0x00, 0x00, 0x00, 0x00, 0x46, 0x65, 0xff, 0x8f, 0xff, 0xff, 
    0xc1, 0x80, 0x00, 0x01, 0x3f, 0xff, 0xff, 0xff, 0xff, 0xff, 0xff, 0xff, 0xff, 0xff, 0xff, 0xff, 
    0xfd, 0xff, 0xff, 0xff, 0xff, 0xff, 0xff, 0xff, 0xff, 0xff, 0xff, 0xff, 0xff, 0xff, 0xff, 0xff, 
    0xbf, 0xdf, 0xff, 0xf8, 0xdf, 0xff, 0xff, 0xe4, 0x00, 0x00, 0x00, 0x00, 0x04, 0x10, 0x20, 0x18, 
    0xfc, 0x7e, 0xff, 0xff, 0xff, 0xff, 0xff, 0xff, 0xff, 0xff, 0xff, 0xff, 0xff, 0xff, 0xff, 0xff, 
    0xff, 0xcf, 0xff, 0xff, 0xff, 0xff, 0xff, 0xfc, 0x3f, 0xff, 0xff, 0xff, 0xff, 0xff, 0xff, 0xff, 
    0xff, 0xff, 0xdf, 0xcf, 0xff, 0xff, 0xff, 0xff, 0xff, 0xfc, 0x00, 0x00, 0x00, 0x01, 0x47, 0x21, 
    0xff, 0x83, 0xff, 0xff, 0xf0, 0x40, 0x00, 0x02, 0x7f, 0xff, 0xff, 0xff, 0xff, 0xff, 0xff, 0xff, 
    0xff, 0xff, 0xff, 0xff, 0xfd, 0xff, 0xff, 0xff, 0xff, 0xff, 0xff, 0xff, 0xff, 0xff, 0xff, 0xff, 
    0xff, 0xff, 0xff, 0xff, 0xbf, 0xdb, 0xff, 0xfc, 0x67, 0xff, 0xff, 0xe2, 0x00, 0x00, 0x00, 0x00, 
    0x00, 0x00, 0x20, 0x18, 0xfc, 0x7e, 0xff, 0xff, 0xff, 0xff, 0xff, 0xff, 0xff, 0xff, 0xff, 0xff, 
    0xff, 0xff, 0xff, 0xff, 0xff, 0xcf, 0xff, 0xff, 0xff, 0xff, 0xff, 0xfc, 0x3f, 0xff, 0xff, 0xff, 
    0xff, 0xff, 0xff, 0xff, 0xff, 0xff, 0xcf, 0xef, 0xff, 0xff, 0xff, 0xff, 0xff, 0xc0, 0x00, 0x00, 
    0x00, 0x02, 0x47, 0x23, 0xff, 0x83, 0xff, 0xff, 0x8e, 0x00, 0x00, 0x04, 0xf9, 0xff, 0xff, 0xff, 
    0xff, 0xff, 0xff, 0xff, 0xff, 0xff, 0xff, 0xff, 0xfd, 0xff, 0xff, 0xff, 0xff, 0xff, 0xff, 0xff, 
    0xff, 0xff, 0xff, 0xff, 0xff, 0xff, 0xff, 0xff, 0xdf, 0xed, 0xff, 0xfe, 0x33, 0xff, 0xff, 0xf1, 
    0x00, 0x00, 0x00, 0x00, 0x02, 0x00, 0x20, 0x18, 0xfc, 0x7e, 0xff, 0xff, 0xff, 0xff, 0xff, 0xff, 
    0xff, 0xff, 0xff, 0xff, 0xff, 0xff, 0xff, 0xff, 0xff, 0xcf, 0xff, 0xff, 0xff, 0xff, 0xff, 0xfc, 
    0x3f, 0xff, 0xff, 0xff, 0xff, 0xff, 0xff, 0xff, 0xff, 0xff, 0xef, 0xee, 0xff, 0xff, 0xff, 0xff, 
    0xff, 0xfe, 0x00, 0x00, 0x00, 0x00, 0x47, 0x03, 0xff, 0x87, 0xff, 0xfe, 0x60, 0x00, 0x00, 0x11, 
    0xe3, 0xff, 0xff, 0xff, 0xff, 0xff, 0xff, 0xff, 0xff, 0xff, 0xff, 0xff, 0xfd, 0xff, 0xff, 0xff, 
    0xff, 0xff, 0xff, 0xff, 0xff, 0xff, 0xff, 0xff, 0xff, 0xff, 0xff, 0xff, 0xef, 0xf6, 0xff, 0xff, 
    0x19, 0xff, 0xff, 0xf0, 0x80, 0x00, 0x00, 0x00, 0x03, 0x80, 0x60, 0x18, 0xfc, 0x7e, 0xff, 0xff, 
    0xff, 0xff, 0xff, 0xff, 0xff, 0xff, 0xff, 0xff, 0xff, 0xff, 0xff, 0xff, 0xff, 0xcf, 0xff, 0xff, 
    0xff, 0xff, 0xff, 0x7c, 0x3f, 0xff, 0xff, 0xff, 0xff, 0xff, 0xff, 0xff, 0xff, 0xff, 0xe7, 0xee, 
    0xff, 0xff, 0xff, 0xff, 0xff, 0x00, 0x00, 0x00, 0x00, 0x00, 0xc6, 0x13, 0xff, 0x83, 0xff, 0xff, 
    0x00, 0x00, 0x00, 0x03, 0x8f, 0xff, 0xff, 0xff, 0xff, 0xff, 0xff, 0xff, 0xff, 0xff, 0xff, 0xff, 
    0xfd, 0xff, 0xff, 0xff, 0xff, 0xff, 0xff, 0xff, 0xff, 0xff, 0xff, 0xff, 0xff, 0xff, 0xff, 0xff, 
    0xf7, 0xf7, 0x7f, 0xff, 0xce, 0xff, 0xff, 0xf8, 0x00, 0x00, 0x00, 0x00, 0x02, 0x80, 0x60, 0x18, 
    0xfc, 0x7e, 0xff, 0xff, 0xff, 0xff, 0xff, 0xff, 0xff, 0xff, 0xff, 0xff, 0xff, 0xff, 0xff, 0xff, 
    0xff, 0xcf, 0xff, 0xff, 0xff, 0xff, 0xff, 0x7c, 0x3f, 0xff, 0xff, 0xff, 0xff, 0xff, 0xff, 0xff, 
    0xff, 0xff, 0xf7, 0xee, 0xff, 0xff, 0xff, 0xff, 0xf8, 0x00, 0x00, 0x00, 0x00, 0x1c, 0x46, 0x27, 
    0xff, 0x03, 0xff, 0xff, 0x30, 0x00, 0x00, 0x04, 0x3f, 0xff, 0xff, 0xff, 0xff, 0xff, 0xff, 0xff, 
    0xff, 0xff, 0xff, 0xff, 0xfd, 0xff, 0xff, 0xff, 0xff, 0xff, 0xff, 0xff, 0xff, 0xff, 0xff, 0xff, 
    0xff, 0xff, 0xff, 0xff, 0xf7, 0xfb, 0xbf, 0xff, 0xe7, 0x7f, 0xff, 0xf8, 0x20, 0x00, 0x00, 0x00, 
    0x02, 0x00, 0x60, 0x18, 0xfc, 0x7e, 0xff, 0xff, 0xff, 0xff, 0xff, 0xff, 0xff, 0xff, 0xff, 0xff, 
    0xff, 0xff, 0xff, 0xff, 0xff, 0xcf, 0xff, 0xff, 0xff, 0xff, 0xff, 0x7c, 0x3f, 0xff, 0xff, 0xff, 
    0xff, 0xff, 0xff, 0xff, 0xff, 0xf7, 0xf3, 0xee, 0xff, 0xff, 0xff, 0xff, 0xff, 0xfe, 0x00, 0x00, 
    0x00, 0x00, 0x07, 0xe7, 0xfe, 0x03, 0xff, 0xfb, 0x0c, 0x00, 0x00, 0x01, 0xff, 0xff, 0xff, 0xff, 
    0xff, 0xff, 0xff, 0xff, 0xff, 0xff, 0xff, 0xff, 0xfd, 0xff, 0xff, 0xff, 0xff, 0xff, 0xff, 0xff, 
    0xff, 0xff, 0xff, 0xff, 0xff, 0xff, 0xff, 0xff, 0xfb, 0xfd, 0xff, 0xff, 0xe3, 0xff, 0xff, 0xfc, 
    0x00, 0x00, 0x00, 0x00, 0x00, 0x80, 0x60, 0x18, 0xfc, 0xfe, 0xff, 0xff, 0xff, 0xff, 0xff, 0xff, 
    0xff, 0xff, 0xff, 0xff, 0xff, 0xff, 0xff, 0xff, 0xff, 0xcf, 0xff, 0xbf, 0xff, 0xff, 0xff, 0xfc, 
    0x3f, 0xff, 0xff, 0xff, 0xff, 0xff, 0xff, 0xff, 0xff, 0xf9, 0xf3, 0xee, 0xff, 0xff, 0xff, 0xff, 
    0xff, 0x80, 0x00, 0x00, 0x00, 0x00, 0x07, 0xe7, 0xfc, 0x07, 0xff, 0xfb, 0x0c, 0x00, 0x00, 0x07, 
    0xff, 0xff, 0xff, 0xff, 0xff, 0xff, 0xff, 0xff, 0xff, 0xff, 0xff, 0xff, 0xfd, 0xff, 0xff, 0xff, 
    0xff, 0xff, 0xff, 0xff, 0xff, 0xff, 0xff, 0xff, 0xff, 0xff, 0xff, 0xff, 0xfd, 0xff, 0xff, 0xff, 
    0xf0, 0xff, 0xf7, 0xfc, 0x00, 0x00, 0x00, 0x00, 0x00, 0xa0, 0x60, 0x18, 0xfc, 0xfe, 0xff, 0xff, 
    0xff, 0xff, 0xff, 0xff, 0xff, 0xff, 0xff, 0xff, 0xff, 0xff, 0xff, 0xff, 0xff, 0xdf, 0xff, 0xbf, 
    0xff, 0xff, 0xff, 0xfc, 0x3f, 0xff, 0xff, 0xff, 0xff, 0xff, 0xff, 0xff, 0xff, 0xfc, 0xf8, 0xec, 
    0xef, 0xff, 0xff, 0xff, 0xff, 0xf8, 0x00, 0x00, 0x00, 0x03, 0x07, 0x43, 0xfc, 0x1f, 0xff, 0xfd, 
    0x00, 0x00, 0x00, 0x00, 0x7f, 0xff, 0xff, 0xff, 0xff, 0xff, 0xff, 0xff, 0xff, 0xff, 0xff, 0xff, 
    0xfd, 0xff, 0xff, 0xff, 0xff, 0xff, 0xff, 0xff, 0xff, 0xff, 0xff, 0xff, 0xff, 0xff, 0xff, 0xff, 
    0xff, 0xfe, 0xff, 0xff, 0xf8, 0x7f, 0xfb, 0xfe, 0x00, 0x00, 0x00, 0x00, 0x00, 0xc0, 0x60, 0x18, 
    0xfc, 0xfe, 0x7f, 0xff, 0xff, 0xff, 0xff, 0xff, 0xff, 0xff, 0xff, 0xff, 0xff, 0xff, 0xff, 0xff, 
    0xff, 0xdf, 0xff, 0xbf, 0xff, 0xff, 0xff, 0xfc, 0x3f, 0xff, 0xff, 0xff, 0xff, 0xff, 0xff, 0xff, 
    0xff, 0xbe, 0x78, 0xec, 0xcf, 0xff, 0xff, 0xff, 0xff, 0xf0, 0x00, 0x00, 0x00, 0x07, 0x06, 0x41, 
    0xf8, 0x3f, 0xff, 0xdc, 0xc0, 0x00, 0x00, 0x70, 0x73, 0xff, 0xff, 0xff, 0xff, 0xff, 0xff, 0xff, 
    0xff, 0xff, 0xff, 0xff, 0xfd, 0xff, 0xff, 0xff, 0xff, 0xff, 0xff, 0xff, 0xff, 0xff, 0xff, 0xff, 
    0xff, 0xff, 0xff, 0xff, 0xfe, 0xff, 0xff, 0xff, 0xfc, 0x3f, 0xfd, 0x5e, 0x00, 0x00, 0x00, 0x00, 
    0x00, 0x50, 0x20, 0x18, 0xfc, 0xfe, 0x7f, 0xff, 0xff, 0xff, 0xff, 0xff, 0xff, 0xff, 0xff, 0xff, 
    0xff, 0xff, 0xff, 0xff, 0xff, 0xdf, 0xff, 0xbf, 0xff, 0xff, 0xff, 0xfc, 0x3f, 0xff, 0xff, 0xff, 
    0xff, 0xff, 0xff, 0xff, 0xff, 0x9e, 0x78, 0xcc, 0xdf, 0xff, 0xff, 0xff, 0xff, 0x01, 0x00, 0x00, 
    0x00, 0x13, 0x06, 0x00, 0xf0, 0xff, 0x3f, 0xee, 0xc0, 0x00, 0x00, 0x1f, 0xff, 0xff, 0xff, 0xff, 
    0xff, 0xff, 0xff, 0xff, 0xff, 0xff, 0xff, 0xff, 0xfd, 0xff, 0xff, 0xff, 0xff, 0xff, 0xff, 0xff, 
    0xff, 0xff, 0xff, 0xff, 0xff, 0xff, 0xff, 0xff, 0xff, 0x7f, 0xff, 0xff, 0xff, 0x5f, 0xfc, 0x5e, 
    0x00, 0x00, 0x00, 0x00, 0x00, 0x50, 0x20, 0x18, 0xfc, 0xfe, 0x7f, 0xff, 0xff, 0xff, 0xff, 0xff, 
    0xff, 0xff, 0xff, 0xff, 0xff, 0xff, 0xff, 0xff, 0xff, 0xdf, 0xff, 0xbf, 0xff, 0xff, 0xff, 0xfc, 
    0x3f, 0xff, 0xff, 0xff, 0xff, 0xff, 0xff, 0xff, 0xff, 0xcf, 0x1c, 0x4d, 0x9f, 0xff, 0xff, 0xff, 
    0xff, 0xfe, 0x00, 0x00, 0x00, 0x12, 0x06, 0x00, 0x4f, 0xff, 0x1f, 0xf6, 0x00, 0x00, 0x00, 0x0f, 
    0xff, 0xff, 0xff, 0xff, 0xff, 0xff, 0xff, 0xff, 0xff, 0xff, 0xff, 0xff, 0xfd, 0xff, 0xff, 0xff, 
    0xff, 0xff, 0xff, 0xff, 0xff, 0xff, 0xff, 0xff, 0xff, 0xff, 0xff, 0xff, 0xff, 0x3f, 0xbf, 0xff, 
    0xff, 0x8f, 0xfe, 0x0f, 0x00, 0x00, 0x00, 0x00, 0x00, 0xf0, 0x20, 0x18, 0xfc, 0xfe, 0x7f, 0xff, 
    0xff, 0xff, 0xff, 0xff, 0xff, 0xff, 0xff, 0xff, 0xff, 0xff, 0xff, 0xff, 0xff, 0xdf, 0xff, 0xbf, 
    0xff, 0xff, 0xff, 0x7c, 0x3f, 0xff, 0xff, 0xff, 0xff, 0xff, 0xff, 0xff, 0xff, 0xf3, 0x1c, 0x49, 
    0x99, 0xff, 0xff, 0xff, 0xff, 0xf8, 0x00, 0x00, 0x00, 0x02, 0x03, 0x00, 0x7f, 0xff, 0x9f, 0xfb, 
    0x64, 0x00, 0x00, 0x03, 0xff, 0xff, 0xff, 0xff, 0xff, 0xff, 0xff, 0xff, 0xff, 0xff, 0xff, 0xff, 
    0xfd, 0xff, 0xff, 0xff, 0xff, 0xff, 0xff, 0xff, 0xff, 0xff, 0xff, 0xff, 0xff, 0xff, 0xff, 0xff, 
    0xff, 0xbf, 0xff, 0xff, 0xff, 0xe7, 0xff, 0x07, 0x00, 0x00, 0x00, 0x00, 0x00, 0x98, 0x20, 0x18, 
    0xfc, 0xfe, 0x7f, 0xff, 0xff, 0xff, 0xff, 0xff, 0xff, 0xff, 0xff, 0xff, 0xff, 0xff, 0xff, 0xff, 
    0xff, 0xdf, 0xff, 0xbf, 0xff, 0xff, 0xff, 0x7c, 0x3f, 0xff, 0xff, 0xff, 0xff, 0xff, 0xff, 0xff, 
    0xff, 0xf1, 0x88, 0x49, 0xbb, 0xff, 0xff, 0xff, 0xff, 0x80, 0x60, 0x10, 0x00, 0x02, 0x21, 0x00, 
    0xff, 0xff, 0x9f, 0xfd, 0x20, 0x00, 0x00, 0x4c, 0xff, 0xff, 0xff, 0xff, 0xff, 0xff, 0xff, 0xff, 
    0xff, 0xff, 0xff, 0xff, 0xfd, 0xff, 0xff, 0xff, 0xff, 0xff, 0xff, 0xff, 0xff, 0xff, 0xff, 0xff, 
    0xff, 0xff, 0xff, 0xff, 0xff, 0xdf, 0xff, 0xff, 0xff, 0xf3, 0xff, 0x03, 0x00, 0x00, 0x00, 0x00, 
    0x00, 0xd8, 0x20, 0x19, 0xfc, 0xfc, 0x7f, 0xff, 0xff, 0xff, 0xff, 0xff, 0xff, 0xff, 0xff, 0xff, 
    0xff, 0xff, 0xff, 0xff, 0xff, 0xdf, 0xff, 0xbf, 0xff, 0xff, 0xff, 0x7c, 0x3f, 0xff, 0xff, 0xff, 
    0xff, 0xff, 0xff, 0xff, 0xfc, 0xd8, 0xc2, 0x49, 0x33, 0xff, 0xff, 0xff, 0xfe, 0x3b, 0x80, 0x20, 
    0x00, 0x00, 0x40, 0x01, 0xff, 0xff, 0xce, 0x20, 0x00, 0x00, 0x00, 0x6e, 0x1f, 0xff, 0xff, 0xff, 
    0xff, 0xff, 0xff, 0xff, 0xff, 0xff, 0xff, 0xff, 0xfd, 0xff, 0xff, 0xff, 0xff, 0xff, 0xff, 0xff, 
    0xff, 0xff, 0xff, 0xff, 0xff, 0xff, 0xff, 0xff, 0xff, 0xcf, 0xff, 0xff, 0xff, 0xf9, 0xff, 0x81, 
    0x80, 0x00, 0x00, 0x00, 0x00, 0x38, 0x60, 0x1f, 0xfc, 0xfc, 0x7f, 0xff, 0xff, 0xff, 0xff, 0xff, 
    0xff, 0xff, 0xff, 0xff, 0xff, 0xff, 0xff, 0xff, 0xff, 0xdf, 0xff, 0xbf, 0xff, 0xff, 0xff, 0x7c, 
    0x3f, 0xff, 0xff, 0xff, 0xff, 0xff, 0xff, 0xff, 0xfe, 0x3c, 0x40, 0x43, 0x36, 0xff, 0xff, 0xff, 
    0xff, 0xfe, 0x02, 0x00, 0x00, 0x00, 0x50, 0x03, 0xff, 0xff, 0xc7, 0x88, 0x02, 0x00, 0x20, 0x27, 
    0x9f, 0xff, 0xff, 0xff, 0xff, 0xff, 0xff, 0xff, 0xff, 0xff, 0xff, 0xff, 0xfd, 0xff, 0xff, 0xff, 
    0xff, 0xff, 0xff, 0xff, 0xff, 0xff, 0xff, 0xff, 0xff, 0xff, 0xff, 0xff, 0xff, 0xef, 0xff, 0xff, 
    0xff, 0xfd, 0xff, 0x80, 0x00, 0x00, 0x00, 0x00, 0x00, 0x39, 0x60, 0x1f, 0xfc, 0xfc, 0x7f, 0xff, 
    0xff, 0xff, 0xff, 0xff, 0xff, 0xff, 0xff, 0xff, 0xff, 0xff, 0xff, 0xff, 0xff, 0xdf, 0xff, 0xbf, 
    0xff, 0xff, 0xff, 0x7c, 0x3f, 0xff, 0xff, 0xff, 0xff, 0xff, 0xff, 0x7f, 0xff, 0x0e, 0x20, 0x03, 
    0x6e, 0xff, 0xff, 0xff, 0xff, 0xf8, 0x0c, 0x40, 0x00, 0x00, 0x50, 0x07, 0xff, 0xff, 0xf0, 0xe0, 
    0x02, 0x02, 0x00, 0x33, 0xff, 0xff, 0xff, 0xff, 0xff, 0xff, 0xff, 0xff, 0xff, 0xff, 0xff, 0xff, 
    0xfd, 0xff, 0xff, 0xff, 0xff, 0xff, 0xff, 0xff, 0xff, 0xff, 0xff, 0xff, 0xff, 0xff, 0xff, 0xff, 
    0xff, 0xf7, 0xff, 0xff, 0xff, 0xfe, 0xbf, 0xc0, 0x00, 0x00, 0x00, 0x00, 0x00, 0x3b, 0x20, 0x1b, 
    0xfc, 0xfc, 0x7f, 0xff, 0xff, 0xff, 0xff, 0xff, 0xff, 0xff, 0xff, 0xff, 0xff, 0xff, 0xff, 0xff, 
    0xff, 0xdf, 0xff, 0xbf, 0xff, 0xff, 0xff, 0x3c, 0x3f, 0xff, 0xff, 0xff, 0xff, 0xff, 0xff, 0x3f, 
    0xff, 0xc3, 0x20, 0x02, 0x4d, 0xff, 0xff, 0xff, 0xff, 0xe1, 0x10, 0x80, 0x00, 0x00, 0x90, 0x0f, 
    0xff, 0xff, 0xfc, 0x02, 0x00, 0x00, 0x00, 0x3b, 0xff, 0xff, 0xff, 0xff, 0xff, 0xff, 0xff, 0xff, 
    0xff, 0xff, 0xff, 0xff, 0xfd, 0xff, 0xff, 0xff, 0xff, 0xff, 0xff, 0xff, 0xff, 0xff, 0xff, 0xff, 
    0xff, 0xff, 0xff, 0xff, 0xff, 0xfb, 0xff, 0xff, 0xff, 0xff, 0xdf, 0xc0, 0x00, 0x00, 0x00, 0x00, 
    0x00, 0x32, 0x20, 0x1b, 0xfe, 0xfc, 0x7f, 0xff, 0xff, 0xff, 0xff, 0xff, 0xff, 0xff, 0xff, 0xff, 
    0xff, 0xff, 0xff, 0xff, 0xff, 0xdf, 0xff, 0xbf, 0xff, 0xff, 0xff, 0x3c, 0x3f, 0xff, 0xff, 0xff, 
    0xff, 0xff, 0xff, 0xbf, 0x63, 0xf0, 0x90, 0x02, 0x5b, 0xff, 0xff, 0xff, 0xff, 0xfb, 0xf1, 0x80, 
    0x00, 0x00, 0x90, 0x1f, 0xff, 0xff, 0xe1, 0x00, 0x00, 0x00, 0x94, 0x19, 0xff, 0xff, 0xff, 0xff, 
    0xff, 0xff, 0xff, 0xff, 0xff, 0xff, 0xff, 0xff, 0xfc, 0xff, 0xff, 0xff, 0xff, 0xff, 0xff, 0xff, 
    0xff, 0xff, 0xff, 0xff, 0xff, 0xff, 0xff, 0xff, 0xff, 0xfb, 0xff, 0xff, 0xff, 0xff, 0xdf, 0xe0, 
    0x00, 0x00, 0x00, 0x00, 0x00, 0x30, 0x20, 0x1f, 0xfe, 0xfc, 0x7f, 0xff, 0xff, 0xff, 0xff, 0xff, 
    0xff, 0xff, 0xff, 0xff, 0xff, 0xff, 0xff, 0xff, 0xff, 0xdf, 0xff, 0xbf, 0xff, 0xff, 0xff, 0x3c, 
    0x3f, 0xff, 0xff, 0xff, 0xff, 0xff, 0xff, 0x9f, 0x70, 0xe0, 0x00, 0x00, 0x93, 0xff, 0xff, 0xff, 
    0xff, 0xff, 0xf0, 0xc0, 0x00, 0x00, 0x18, 0x1f, 0xff, 0xff, 0xfc, 0x60, 0x00, 0x00, 0x04, 0x5c, 
    0xff, 0xff, 0xff, 0xff, 0xff, 0xff, 0xff, 0xff, 0xff, 0xff, 0xff, 0xff, 0xfe, 0xff, 0xff, 0xff, 
    0xff, 0xff, 0xff, 0xff, 0xff, 0xff, 0xff, 0xff, 0xff, 0xff, 0xff, 0xff, 0xff, 0xfd, 0xff, 0xff, 
    0xff, 0xff, 0xff, 0xe0, 0x00, 0x00, 0x00, 0x00, 0x00, 0xb0, 0x20, 0x1f, 0xfe, 0xfc, 0x7f, 0xff, 
    0xff, 0xff, 0xff, 0xff, 0xff, 0xff, 0xff, 0xff, 0xff, 0xff, 0xff, 0xff, 0xff, 0xdf, 0xff, 0xbf, 
    0xff, 0xff, 0xff, 0x3c, 0x3f, 0xff, 0xff, 0xff, 0xff, 0xff, 0xfb, 0xdf, 0x6e, 0x18, 0x00, 0x00, 
    0x27, 0xff, 0xff, 0xff, 0xff, 0xff, 0xe0, 0x00, 0x00, 0x00, 0x38, 0x3f, 0xff, 0xff, 0xff, 0x80, 
    0x00, 0x00, 0x00, 0xde, 0xff, 0xff, 0xff, 0xff, 0xff, 0xff, 0xff, 0xff, 0xff, 0xff, 0xff, 0xff, 
    0xfe, 0xff, 0xff, 0xff, 0xff, 0xff, 0xff, 0xff, 0xff, 0xff, 0xff, 0xff, 0xff, 0xff, 0xff, 0xff, 
    0xff, 0xfe, 0xff, 0xff, 0xff, 0xff, 0xff, 0xf0, 0x00, 0x00, 0x00, 0x00, 0x00, 0x98, 0x20, 0x1f, 
    0xfe, 0xfc, 0x3f, 0xff, 0xff, 0xff, 0xff, 0xff, 0xff, 0xff, 0xff, 0xff, 0xff, 0xff, 0xff, 0xff, 
    0xff, 0xdf, 0xff, 0xbf, 0xff, 0xff, 0xff, 0x3c, 0x3f, 0xff, 0xff, 0xff, 0xff, 0xff, 0xf9, 0xcf, 
    0x67, 0x86, 0x00, 0x00, 0x4f, 0xff, 0xff, 0xff, 0xff, 0xff, 0xdc, 0x00, 0x00, 0x00, 0x58, 0x3f, 
    0xff, 0xff, 0xe0, 0x00, 0x00, 0x00, 0x00, 0xcc, 0xff, 0xff, 0xff, 0xff, 0xff, 0xff, 0xff, 0xff, 
    0xff, 0xff, 0xff, 0xff, 0xfe, 0xff, 0xff, 0xff, 0xff, 0xff, 0xff, 0xff, 0xff, 0xff, 0xff, 0xff, 
    0xff, 0xff, 0xff, 0xff, 0xff, 0xff, 0xff, 0xff, 0xff, 0xff, 0xfe, 0xf8, 0x00, 0x00, 0x00, 0x00, 
    0x00, 0x18, 0x20, 0x1f, 0xee, 0xfc, 0x3f, 0xff, 0xff, 0xff, 0xff, 0xff, 0xff, 0xff, 0xff, 0xff, 
    0xff, 0xff, 0xff, 0xff, 0xff, 0xff, 0xff, 0xbf, 0xff, 0xff, 0xff, 0x3c, 0x3f, 0xff, 0xff, 0xff, 
    0xff, 0xff, 0xfc, 0xcd, 0xa7, 0xe0, 0x00, 0x00, 0x1f, 0xff, 0xff, 0xff, 0xff, 0xff, 0xce, 0x00, 
    0x00, 0x00, 0x40, 0x7f, 0xff, 0xff, 0xf8, 0x00, 0x00, 0x00, 0x00, 0xef, 0xff, 0xff, 0xff, 0xff, 
    0xff, 0xff, 0xff, 0xff, 0xff, 0xff, 0xff, 0xff, 0xfe, 0xff, 0xff, 0xff, 0xff, 0xff, 0xff, 0xff, 
    0xff, 0xff, 0xff, 0xff, 0xff, 0xff, 0xff, 0xff, 0xff, 0xff, 0x7f, 0xff, 0xff, 0xff, 0xfe, 0x78, 
    0x00, 0x00, 0x00, 0x00, 0x00, 0x50, 0x60, 0x1f, 0xee, 0xfc, 0x3f, 0xff, 0xff, 0xff, 0xff, 0xff, 
    0xff, 0xff, 0xff, 0xff, 0xff, 0xff, 0xff, 0xff, 0xff, 0xff, 0xff, 0xbf, 0xff, 0xff, 0xff, 0x3c, 
    0x3f, 0xff, 0xff, 0xff, 0xff, 0xff, 0x9c, 0x4c, 0x81, 0x98, 0x00, 0x00, 0x3e, 0x3f, 0xff, 0xff, 
    0xff, 0xff, 0xe0, 0x80, 0x00, 0x00, 0x00, 0xff, 0xff, 0xff, 0xff, 0xf0, 0x00, 0x00, 0x1c, 0xe7, 
    0xff, 0xff, 0xff, 0xff, 0xff, 0xff, 0xff, 0xff, 0xff, 0xff, 0xff, 0xff, 0xfe, 0xff, 0xff, 0xff, 
    0xff, 0xff, 0xff, 0xff, 0xff, 0xff, 0xff, 0xff, 0xff, 0xff, 0xff, 0xff, 0xff, 0xff, 0xff, 0xff, 
    0xff, 0xff, 0xfe, 0x3c, 0x00, 0x00, 0x00, 0x00, 0x00, 0x40, 0x60, 0x1f, 0xce, 0xfc, 0x3f, 0xff, 
    0xff, 0xff, 0xff, 0xff, 0xff, 0xff, 0xff, 0xff, 0xff, 0xff, 0xff, 0xff, 0xff, 0xff, 0xff, 0xbf, 
    0xff, 0xff, 0xff, 0x3c, 0x3f, 0xff, 0xff, 0xff, 0xff, 0xff, 0xce, 0x64, 0xc0, 0x00, 0x00, 0x00, 
    0x79, 0xff, 0xff, 0xff, 0xff, 0xff, 0xb0, 0x00, 0x00, 0x00, 0x00, 0xff, 0xff, 0xff, 0xff, 0x80, 
    0x00, 0x00, 0x3c, 0xe7, 0xff, 0xff, 0xff, 0xff, 0xff, 0xff, 0xff, 0xff, 0xff, 0xff, 0xff, 0xff, 
    0xfe, 0x7f, 0xff, 0xff, 0xff, 0xff, 0xff, 0xff, 0xff, 0xff, 0xff, 0xff, 0xff, 0xff, 0xff, 0xff, 
    0xff, 0xff, 0xff, 0xff, 0xff, 0xff, 0xff, 0x1e, 0x00, 0x00, 0x00, 0x00, 0x00, 0x41, 0x60, 0x1f, 
    0xce, 0xfc, 0x3f, 0xff, 0xff, 0xff, 0xfb, 0xff, 0xff, 0xff, 0xff, 0xff, 0xff, 0xff, 0xff, 0xff, 
    0xff, 0xff, 0xfe, 0xff, 0xff, 0xff, 0xff, 0x3c, 0x3f, 0xff, 0xff, 0xff, 0xff, 0xff, 0xe7, 0x24, 
    0xcc, 0x00, 0x00, 0x00, 0xc7, 0xff, 0xff, 0xff, 0xff, 0xff, 0xfc, 0x00, 0x00, 0x00, 0x80, 0xff, 
    0xff, 0xff, 0xff, 0xc0, 0x00, 0x00, 0x1c, 0xc7, 0xff, 0xff, 0xff, 0xff, 0xff, 0xff, 0xff, 0xff, 
    0xff, 0xff, 0xff, 0xff, 0xff, 0x7f, 0xff, 0xff, 0xff, 0xff, 0xff, 0xff, 0xff, 0xff, 0xff, 0xff, 
    0xff, 0xff, 0xff, 0xff, 0xff, 0xff, 0xdf, 0xff, 0xdf, 0xff, 0xff, 0x0e, 0x00, 0x00, 0x00, 0x00, 
    0x00, 0x01, 0x60, 0x5f, 0xce, 0xfc, 0x3f, 0xff, 0xff, 0xff, 0xfb, 0xff, 0xff, 0xff, 0xff, 0xff, 
    0xff, 0xff, 0xff, 0xff, 0xff, 0xff, 0xfe, 0xff, 0xff, 0xff, 0xff, 0x3c, 0x3f, 0xff, 0xff, 0xff, 
    0xff, 0xfd, 0xf3, 0x06, 0xcc, 0xc0, 0x00, 0x00, 0x1f, 0xff, 0xff, 0xff, 0xff, 0xff, 0xf3, 0x00, 
    0x00, 0x00, 0x01, 0xff, 0xff, 0xff, 0xf8, 0x02, 0x00, 0x00, 0x1c, 0x6f, 0xff, 0xff, 0xff, 0xff, 
    0xff, 0xff, 0xff, 0xff, 0xff, 0xff, 0xff, 0xff, 0xff, 0x7f, 0xff, 0xff, 0xff, 0xff, 0xff, 0xff, 
    0xff, 0xff, 0xff, 0xff, 0xff, 0xff, 0xff, 0xff, 0xff, 0xff, 0xff, 0xff, 0xef, 0xff, 0xff, 0x87, 
    0x00, 0x00, 0x00, 0x00, 0x00, 0x01, 0xe0, 0x5f, 0xce, 0xfc, 0x3f, 0xff, 0xff, 0xff, 0xff, 0xff, 
    0xff, 0xff, 0xff, 0xff, 0xff, 0xff, 0xff, 0xff, 0xff, 0xff, 0xfe, 0xff, 0xff, 0xff, 0xff, 0x3c, 
    0x3f, 0xff, 0xff, 0xff, 0xff, 0xfe, 0x79, 0x82, 0x40, 0x00, 0x00, 0x00, 0x7f, 0xff, 0xff, 0xff, 
    0xff, 0xfe, 0x10, 0x80, 0x00, 0x00, 0x31, 0xff, 0xff, 0xff, 0xff, 0xc0, 0x00, 0x21, 0x18, 0xcf, 
    0xff, 0xff, 0xff, 0xff, 0xff, 0xff, 0xff, 0xff, 0xff, 0xff, 0xff, 0xff, 0xff, 0x3f, 0xff, 0xff, 
    0xff, 0xff, 0xff, 0xff, 0xff, 0xff, 0xff, 0xff, 0xff, 0xff, 0xff, 0xff, 0xff, 0xff, 0xff, 0xff, 
    0xf7, 0xff, 0xff, 0x83, 0x00, 0x00, 0x00, 0x00, 0x00, 0x10, 0x60, 0x5f, 0xce, 0xfc, 0x3f, 0xff, 
    0xff, 0xff, 0xff, 0xff, 0xff, 0xff, 0xff, 0xff, 0xff, 0xff, 0xff, 0xff, 0xff, 0xff, 0xfe, 0xff, 
    0xff, 0xff, 0xff, 0x3c, 0x3f, 0xff, 0xff, 0xff, 0xff, 0xff, 0x10, 0xc2, 0x4d, 0x80, 0x00, 0x00, 
    0x08, 0xff, 0xff, 0xff, 0xff, 0xff, 0x80, 0x00, 0x00, 0x00, 0x31, 0xff, 0xff, 0xff, 0xfe, 0x30, 
    0x00, 0x2a, 0x01, 0xdf, 0xff, 0xff, 0xff, 0xff, 0xff, 0xff, 0xff, 0xff, 0xff, 0xff, 0xff, 0xff, 
    0xff, 0x3f, 0xff, 0xff, 0xff, 0xff, 0xff, 0xff, 0xff, 0xff, 0xff, 0xff, 0xff, 0xff, 0xff, 0xff, 
    0xff, 0xff, 0xff, 0xff, 0xfa, 0xff, 0xff, 0xc1, 0x80, 0x00, 0x00, 0x00, 0x00, 0x10, 0xa0, 0x5f, 
    0xce, 0xfc, 0x3f, 0xff, 0xff, 0xff, 0xff, 0xff, 0xff, 0xff, 0xff, 0xff, 0xff, 0xff, 0xff, 0xff, 
    0xff, 0xff, 0xfe, 0xff, 0xff, 0xff, 0xff, 0x3c, 0x3f, 0xff, 0xff, 0xff, 0xff, 0xff, 0x88, 0xc2, 
    0x49, 0xb0, 0x00, 0x03, 0xff, 0xff, 0xff, 0xff, 0xff, 0xff, 0xf0, 0x00, 0x00, 0x00, 0x21, 0xff, 
    0xff, 0xff, 0xfe, 0x21, 0x00, 0x20, 0xf1, 0xcf, 0xff, 0xff, 0xff, 0xff, 0xff, 0xff, 0xff, 0xff, 
    0xff, 0xff, 0xff, 0xff, 0xff, 0xbf, 0xff, 0xff, 0xff, 0xff, 0xff, 0xff, 0xff, 0xff, 0xff, 0xff, 
    0xff, 0xff, 0xff, 0xff, 0xff, 0xff, 0xff, 0xff, 0xff, 0x7f, 0xff, 0xc0, 0x80, 0x00, 0x00, 0x00, 
    0x00, 0x01, 0xa0, 0x5f, 0xce, 0xfc, 0x7f, 0xff, 0xff, 0xff, 0xff, 0xff, 0xff, 0xff, 0xff, 0xff, 
    0xff, 0xff, 0xff, 0xff, 0xff, 0xff, 0xfe, 0xff, 0xff, 0xff, 0xff, 0x3c, 0x3f, 0xff, 0xff, 0xff, 
    0xff, 0xff, 0xe0, 0x60, 0x08, 0x00, 0x00, 0x00, 0x7f, 0xff, 0xff, 0xff, 0xff, 0xfe, 0x00, 0x00, 
    0x00, 0x00, 0x41, 0xff, 0xff, 0xff, 0xff, 0x00, 0x00, 0x24, 0xf3, 0xcf, 0xff, 0xff, 0xff, 0xff, 
    0xff, 0xff, 0xff, 0xff, 0xff, 0xff, 0xff, 0xff, 0xff, 0xbf, 0xff, 0xff, 0xff, 0xff, 0xff, 0xff, 
    0xff, 0xff, 0xff, 0xff, 0xff, 0xff, 0xff, 0xff, 0xff, 0xff, 0xff, 0xff, 0xff, 0x7f, 0xff, 0xc0, 
    0x40, 0x00, 0x00, 0x00, 0x00, 0x01, 0xe0, 0x5f, 0x8e, 0xfc, 0x7f, 0xff, 0xff, 0xff, 0xff, 0xff, 
    0xff, 0xff, 0xff, 0xff, 0xff, 0xff, 0xff, 0xff, 0xff, 0xff, 0xfe, 0xff, 0xff, 0xff, 0xff, 0x3c, 
    0x3f, 0xff, 0xff, 0xff, 0xff, 0xfc, 0x70, 0x20, 0x09, 0xb0, 0x00, 0x08, 0xcf, 0xff, 0xff, 0xff, 
    0xff, 0xff, 0xe0, 0x00, 0x00, 0x00, 0x01, 0xff, 0xff, 0xff, 0xfc, 0xc0, 0x00, 0x20, 0xf3, 0x9f, 
    0xff, 0xff, 0xff, 0xff, 0xff, 0xff, 0xff, 0xff, 0xff, 0xff, 0xff, 0xff, 0xff, 0x9f, 0xff, 0xff, 
    0xff, 0xff, 0xff, 0xff, 0xff, 0xff, 0xff, 0xff, 0xff, 0xff, 0xff, 0xff, 0xff, 0xff, 0xff, 0xff, 
    0xff, 0x3f, 0xff, 0xe0, 0x20, 0x00, 0x00, 0x00, 0x00, 0x01, 0xe0, 0x5f, 0xce, 0xfc, 0x7f, 0xff, 
    0xff, 0xff, 0xff, 0xff, 0xff, 0xff, 0xff, 0xff, 0xff, 0xff, 0xff, 0xff, 0xff, 0xff, 0xfe, 0xff, 
    0xff, 0xff, 0xff, 0x3c, 0x3f, 0xff, 0xff, 0xff, 0xff, 0xff, 0x0c, 0x10, 0x0b, 0x30, 0x00, 0x0c, 
    0xf3, 0xff, 0xff, 0xff, 0xff, 0xf8, 0x00, 0x80, 0x00, 0x00, 0x10, 0xdf, 0xff, 0xff, 0xff, 0x30, 
    0x00, 0x23, 0x77, 0x9f, 0xff, 0xff, 0xff, 0xff, 0xff, 0xff, 0xff, 0xff, 0xff, 0xff, 0xff, 0xff, 
    0xff, 0xdf, 0xff, 0xff, 0xff, 0xff, 0xff, 0xff, 0xff, 0xff, 0xff, 0xff, 0xff, 0xff, 0xff, 0xff, 
    0xff, 0xff, 0xff, 0xff, 0xff, 0x3f, 0xff, 0xe0, 0x00, 0x00, 0x00, 0x00, 0x00, 0x01, 0xe0, 0x5f, 
    0xce, 0xfc, 0x7f, 0xff, 0xff, 0xff, 0xff, 0xff, 0xff, 0xff, 0xff, 0xff, 0xff, 0xff, 0xff, 0xff, 
    0xff, 0xff, 0xfe, 0xff, 0xff, 0xff, 0xff, 0x3c, 0x3f, 0xff, 0xff, 0xff, 0xff, 0xc7, 0xc2, 0x00, 
    0x00, 0x44, 0x00, 0x8c, 0x3f, 0xff, 0xff, 0xff, 0xff, 0xff, 0x80, 0x00, 0x00, 0x00, 0x11, 0xbf, 
    0xff, 0xff, 0xef, 0x80, 0x00, 0x22, 0x76, 0x3f, 0xff, 0xff, 0xff, 0xff, 0xff, 0xff, 0xff, 0xff, 
    0xff, 0xff, 0xff, 0xff, 0xff, 0xdf, 0xff, 0xff, 0xff, 0xff, 0xff, 0xff, 0xff, 0xff, 0xff, 0xff, 
    0xff, 0xff, 0xff, 0xff, 0xff, 0xff, 0xff, 0xff, 0xff, 0x9f, 0xff, 0xf0, 0x10, 0x00, 0x00, 0x00, 
    0x00, 0x01, 0xe0, 0x5f, 0xce, 0xfc, 0x7f, 0xff, 0xff, 0xff, 0xff, 0xff, 0xff, 0xff, 0xff, 0xff, 
    0xff, 0xff, 0xff, 0xff, 0xff, 0xff, 0xfe, 0xff, 0xff, 0xff, 0xff, 0x3c, 0x3f, 0xff, 0xff, 0xff, 
    0xff, 0xf0, 0xf0, 0x80, 0x02, 0x00, 0x00, 0xa5, 0xbf, 0xff, 0xff, 0xff, 0xff, 0xfc, 0x00, 0x00, 
    0x00, 0x00, 0x01, 0xbf, 0xff, 0xff, 0xf8, 0x0c, 0x00, 0x00, 0xac, 0x7f, 0xff, 0xff, 0xff, 0xff, 
    0xff, 0xff, 0xff, 0xff, 0xff, 0xff, 0xff, 0xff, 0xff, 0xcf, 0xff, 0xff, 0xff, 0xff, 0xff, 0xff, 
    0xff, 0xff, 0xff, 0xff, 0xff, 0xff, 0xff, 0xff, 0xff, 0xff, 0xff, 0xff, 0xff, 0xd7, 0xff, 0xf0, 
    0x00, 0x00, 0x00, 0x00, 0x00, 0x01, 0xe0, 0x5f, 0x8e, 0xfc, 0x7f, 0xff, 0xff, 0xff, 0xff, 0xff, 
    0xff, 0xff, 0xff, 0xff, 0xff, 0xff, 0xff, 0xff, 0xff, 0xff, 0xfe, 0xff, 0xff, 0xff, 0xff, 0x3c, 
    0x3f, 0xff, 0xff, 0xff, 0xff, 0xbc, 0x0c, 0x00, 0x02, 0x82, 0x00, 0x25, 0xbf, 0xff, 0xff, 0xff, 
    0xff, 0xfc, 0x00, 0x00, 0x00, 0x00, 0x01, 0x7f, 0xff, 0xff, 0xff, 0x03, 0x00, 0x0b, 0x81, 0xff, 
    0xff, 0xff, 0xff, 0xff, 0xff, 0xff, 0xff, 0xff, 0xff, 0xff, 0xff, 0xff, 0xff, 0xef, 0xff, 0xff, 
    0xff, 0xff, 0xff, 0xff, 0xff, 0xff, 0xff, 0xff, 0xff, 0xff, 0xff, 0xff, 0xff, 0xff, 0xff, 0xff, 
    0xff, 0xeb, 0xff, 0xf8, 0x00, 0x00, 0x00, 0x00, 0x00, 0x00, 0xa0, 0x5f, 0x8e, 0xfe, 0x7f, 0xff, 
    0xff, 0xff, 0xfb, 0xff, 0xff, 0xff, 0xff, 0xff, 0xff, 0xff, 0xff, 0xff, 0xff, 0xff, 0xfe, 0xff, 
    0xff, 0xff, 0xfe, 0x3c, 0x3f, 0xff, 0xff, 0xff, 0xff, 0xc1, 0xc0, 0x00, 0x00, 0x01, 0x00, 0x24, 
    0x6f, 0xff, 0xff, 0xff, 0xff, 0xff, 0xf8, 0x00, 0x00, 0x00, 0x01, 0x7f, 0xff, 0xff, 0xfe, 0x00, 
    0x00, 0x0f, 0x87, 0xff, 0xff, 0xff, 0xff, 0xff, 0xff, 0xff, 0xff, 0xff, 0xff, 0xff, 0xff, 0xff, 
    0xff, 0xe7, 0xff, 0xff, 0xff, 0xff, 0xff, 0xff, 0xff, 0xff, 0xff, 0xff, 0xff, 0xff, 0xff, 0xff, 
    0xff, 0xff, 0xff, 0xbf, 0xff, 0xe3, 0xff, 0xf8, 0x00, 0x00, 0x00, 0x00, 0x00, 0x00, 0xa0, 0x5f, 
    0x8e, 0xfe, 0x7f, 0xff, 0xff, 0xff, 0xfb, 0xff, 0xff, 0xff, 0xff, 0xff, 0xff, 0xff, 0xff, 0xff, 
    0xff, 0xff, 0xfe, 0xff, 0xff, 0xff, 0xfe, 0x3c, 0x3f, 0xff, 0xff, 0xff, 0xff, 0xf8, 0x00, 0x00, 
    0x00, 0x31, 0x00, 0x25, 0x67, 0xff, 0xff, 0xff, 0xff, 0xff, 0x80, 0x00, 0x00, 0x00, 0x01, 0xff, 
    0xff, 0xff, 0xbf, 0xc0, 0x00, 0x1c, 0x0f, 0xff, 0xff, 0xff, 0xff, 0xff, 0xff, 0xff, 0xff, 0xff, 
    0xff, 0xff, 0xff, 0xff, 0xff, 0xe7, 0xff, 0xff, 0xff, 0xff, 0xff, 0xff, 0xff, 0xff, 0xff, 0xff, 
    0xff, 0xff, 0xff, 0xff, 0xff, 0xff, 0xff, 0xdf, 0xff, 0xf1, 0xff, 0xfc, 0x00, 0x00, 0x00, 0x00, 
    0x00, 0x02, 0xa0, 0x5f, 0x8e, 0xfe, 0x7f, 0xff, 0xff, 0xff, 0xfb, 0xff, 0xff, 0xff, 0xff, 0xff, 
    0xff, 0xff, 0xff, 0xff, 0xff, 0xff, 0xfe, 0xff, 0xff, 0xff, 0xfe, 0x3c, 0x3f, 0xff, 0xff, 0xff, 
    0xff, 0xff, 0x00, 0x00, 0x00, 0x18, 0x10, 0x22, 0x6f, 0xff, 0xff, 0xff, 0xff, 0xff, 0xf8, 0x00, 
    0x00, 0x02, 0xe0, 0x7f, 0xff, 0xff, 0x80, 0x00, 0x00, 0x00, 0x1f, 0xff, 0xff, 0xff, 0xff, 0xff, 
    0xff, 0xff, 0xff, 0xff, 0xff, 0xff, 0xff, 0xff, 0xff, 0xf7, 0xff, 0xff, 0xff, 0xff, 0xff, 0xff, 
    0xff, 0xff, 0xff, 0xff, 0xff, 0xff, 0xff, 0xff, 0xff, 0xff, 0xff, 0xdf, 0xff, 0xf9, 0xff, 0xfc, 
    0x00, 0x00, 0x00, 0x00, 0x00, 0x42, 0xe0, 0x5f, 0x8e, 0xfe, 0x7f, 0xff, 0xff, 0xff, 0xf3, 0xff, 
    0xff, 0xff, 0xff, 0xff, 0xff, 0xff, 0xff, 0xff, 0xff, 0xff, 0xfe, 0xff, 0xff, 0xff, 0xfe, 0x3c, 
    0x3f, 0xff, 0xff, 0xff, 0xff, 0x87, 0xf8, 0x00, 0x00, 0x88, 0x00, 0x42, 0xcf, 0xff, 0xff, 0xff, 
    0xff, 0xff, 0xf0, 0x00, 0x00, 0x00, 0xb0, 0xff, 0xff, 0xff, 0x80, 0x00, 0x00, 0x01, 0x1f, 0xff, 
    0xff, 0xff, 0xff, 0xff, 0xff, 0xff, 0xff, 0xff, 0xff, 0xff, 0xff, 0xff, 0xff, 0xf3, 0xff, 0xff, 
    0xff, 0xff, 0xff, 0xff, 0xff, 0xff, 0xff, 0xff, 0xef, 0xff, 0xff, 0xff, 0xff, 0xff, 0xff, 0xef, 
    0xff, 0xfd, 0xff, 0xfe, 0x00, 0x00, 0x00, 0x00, 0x00, 0x02, 0xe0, 0x5f, 0x8e, 0xfe, 0x7f, 0xff, 
    0xff, 0xff, 0xf3, 0xff, 0xff, 0xff, 0xff, 0xff, 0xff, 0xff, 0xff, 0xef, 0xff, 0xff, 0xfe, 0xff, 
    0xff, 0xff, 0xfe, 0x3c, 0x3f, 0xff, 0xff, 0xff, 0xff, 0xf0, 0x00, 0x00, 0x00, 0x00, 0x40, 0x42, 
    0x9f, 0xff, 0xff, 0xff, 0xff, 0xfe, 0x00, 0x00, 0x00, 0x00, 0x31, 0xff, 0xff, 0xff, 0xc0, 0x00, 
    0x00, 0x1f, 0x1f, 0xff, 0xff, 0xff, 0xff, 0xff, 0xff, 0xff, 0xff, 0xff, 0xff, 0xff, 0xff, 0xff, 
    0xff, 0xfb, 0xff, 0xff, 0xff, 0xff, 0xff, 0xff, 0xff, 0xff, 0xff, 0xff, 0xef, 0xff, 0xff, 0xff, 
    0xff, 0xff, 0xff, 0xef, 0xff, 0xfe, 0xff, 0xfe, 0x00, 0x00, 0x00, 0x00, 0x00, 0x02, 0xe0, 0x5f, 
    0x8e, 0xfe, 0x7f, 0xff, 0xff, 0xff, 0xf3, 0xff, 0xff, 0xff, 0xff, 0xfd, 0xff, 0xff, 0xff, 0xef, 
    0xff, 0xff, 0xfe, 0xff, 0xff, 0xff, 0xfe, 0x3c, 0x3f, 0xff, 0xff, 0xff, 0xff, 0xff, 0xc0, 0x00, 
    0x00, 0x00, 0x00, 0x00, 0xbf, 0xff, 0xff, 0xff, 0xff, 0xfe, 0x40, 0x00, 0x00, 0x01, 0x01, 0xff, 
    0xff, 0xff, 0xfe, 0x00, 0x00, 0x0e, 0x33, 0xff, 0xff, 0xff, 0xff, 0xff, 0xff, 0xff, 0xff, 0xff, 
    0xff, 0xff, 0xff, 0xff, 0xff, 0xf9, 0xff, 0xff, 0xff, 0xff, 0xff, 0xff, 0xff, 0xff, 0xff, 0xff, 
    0xef, 0xff, 0xff, 0xff, 0xff, 0xff, 0xff, 0xe7, 0xff, 0xff, 0x7f, 0xff, 0x00, 0x00, 0x00, 0x00, 
    0x00, 0x02, 0xe0, 0x4f, 0x8e, 0xfe, 0xff, 0xff, 0xff, 0xff, 0xf3, 0xff, 0xff, 0xff, 0xff, 0xfd, 
    0xff, 0xff, 0xff, 0xef, 0xff, 0xff, 0xfe, 0xff, 0xff, 0xff, 0xfe, 0x3c, 0x3f, 0xff, 0xff, 0xff, 
    0xff, 0xc0, 0x00, 0x00, 0x00, 0x00, 0x00, 0x01, 0x3c, 0xff, 0xff, 0xff, 0xfb, 0xde, 0x3f, 0x00, 
    0x00, 0x01, 0xc1, 0xff, 0xff, 0xff, 0xff, 0x08, 0x00, 0x06, 0x26, 0x1f, 0xff, 0xff, 0xff, 0xff, 
    0xff, 0xff, 0xff, 0xff, 0xff, 0xff, 0xff, 0xff, 0xff, 0xfd, 0xff, 0xff, 0xff, 0xff, 0xff, 0xff, 
    0xff, 0xff, 0xff, 0xff, 0xef, 0xff, 0xff, 0xff, 0xff, 0xff, 0xff, 0xcb, 0xff, 0xff, 0x7f, 0xbf, 
    0x00, 0x00, 0x00, 0x00, 0x00, 0x03, 0xa0, 0x0f, 0x0e, 0xfe, 0xff, 0xff, 0xff, 0xff, 0xf3, 0xff, 
    0xff, 0xff, 0xff, 0xfd, 0xff, 0xff, 0xff, 0xef, 0xff, 0xff, 0xfe, 0xff, 0xff, 0xff, 0xfe, 0x1c, 
    0x3f, 0xff, 0xff, 0xff, 0xff, 0xff, 0xfc, 0x00, 0x00, 0x00, 0x00, 0x00, 0x79, 0xff, 0xff, 0xff, 
    0xf9, 0xee, 0xa3, 0x80, 0x00, 0x00, 0xe0, 0xff, 0xff, 0xff, 0xff, 0x80, 0x00, 0x00, 0x08, 0x7f, 
    0xff, 0xff, 0xff, 0xff, 0xff, 0xff, 0xff, 0xff, 0xff, 0xff, 0xff, 0xff, 0xff, 0xfc, 0xff, 0xff, 
    0xff, 0xff, 0xff, 0xff, 0xff, 0xff, 0xff, 0xff, 0xef, 0xff, 0xff, 0xff, 0xff, 0xff, 0xff, 0xdb, 
    0xff, 0xff, 0xbf, 0x8f, 0x00, 0x00, 0x00, 0x00, 0x00, 0x01, 0x20, 0x0f, 0x0e, 0xfe, 0xff, 0xff, 
    0xff, 0xff, 0xf3, 0xff, 0xff, 0xff, 0xff, 0xfd, 0xff, 0xff, 0xff, 0xef, 0xff, 0xff, 0xfe, 0xff, 
    0xff, 0xff, 0xfe, 0x1c, 0x3f, 0xff, 0xff, 0xff, 0xff, 0xff, 0x00, 0x00, 0x00, 0x00, 0x00, 0x02, 
    0xe7, 0xff, 0xff, 0xff, 0xfd, 0xee, 0x38, 0x00, 0x00, 0x00, 0x40, 0x3f, 0xff, 0xff, 0xc0, 0x00, 
    0x00, 0x10, 0x07, 0xff, 0xff, 0xff, 0xff, 0xff, 0xff, 0xff, 0xff, 0xff, 0xff, 0xff, 0xff, 0xff, 
    0xff, 0xfe, 0xff, 0xff, 0xff, 0xff, 0xff, 0xff, 0xff, 0xff, 0xff, 0xff, 0xc7, 0xff, 0xff, 0xff, 
    0xff, 0xff, 0xff, 0xdd, 0xff, 0xff, 0xdf, 0x87, 0x80, 0x00, 0x00, 0x00, 0x00, 0x01, 0x20, 0x8f, 
    0x0e, 0xfe, 0xff, 0xff, 0xff, 0xff, 0xf3, 0xff, 0xff, 0xff, 0xff, 0xfd, 0xff, 0xff, 0xff, 0xef, 
    0xff, 0xff, 0xfe, 0xff, 0xff, 0xff, 0xfe, 0x1c, 0x3f, 0xff, 0xff, 0xff, 0xff, 0xff, 0x70, 0x00, 
    0x04, 0x00, 0x00, 0x12, 0x8f, 0xff, 0xff, 0xff, 0xfd, 0xe6, 0x00, 0xe0, 0x01, 0x00, 0x01, 0x7f, 
    0xff, 0xff, 0xe0, 0x00, 0x41, 0x20, 0x07, 0xff, 0xff, 0xff, 0xff, 0xff, 0xff, 0xff, 0xff, 0xff, 
    0xff, 0xff, 0xff, 0xff, 0xff, 0xfe, 0x7f, 0xff, 0xff, 0xff, 0xff, 0xff, 0xff, 0xff, 0xff, 0xff, 
    0xd7, 0xff, 0xff, 0xff, 0xff, 0xff, 0xff, 0xbd, 0xff, 0xff, 0xdf, 0xc3, 0x80, 0x00, 0x00, 0x00, 
    0x00, 0x00, 0x20, 0x8f, 0x0e, 0xfe, 0xff, 0xff, 0xff, 0xff, 0xf3, 0xff, 0xff, 0xff, 0xff, 0xfd, 
    0xff, 0xff, 0xff, 0xef, 0xff, 0xff, 0xfe, 0xff, 0xff, 0xff, 0xfe, 0x1c, 0x3f, 0xff, 0xff, 0xff, 
    0xff, 0xff, 0x80, 0x00, 0x00, 0x00, 0x00, 0x00, 0x3f, 0xff, 0xff, 0xff, 0xfe, 0x62, 0x10, 0x00, 
    0x02, 0x00, 0x01, 0xbf, 0xff, 0xff, 0xfc, 0x01, 0x81, 0x20, 0x38, 0x7f, 0xff, 0xff, 0xff, 0xff, 
    0xff, 0xff, 0xff, 0xff, 0xff, 0xff, 0xff, 0xff, 0xff, 0xff, 0x7f, 0xff, 0xff, 0xff, 0xff, 0xff, 
    0xff, 0xff, 0xff, 0xff, 0xd7, 0xff, 0xff, 0xff, 0xff, 0xff, 0xff, 0x3e, 0xff, 0xff, 0xef, 0xc1, 
    0x80, 0x00, 0x00, 0x00, 0x00, 0x00, 0x20, 0x8f, 0x0e, 0xfe, 0xff, 0xff, 0xff, 0xff, 0xf3, 0xff, 
    0xff, 0xff, 0xff, 0xfd, 0xff, 0xff, 0xff, 0xef, 0xff, 0xff, 0xfe, 0xff, 0xff, 0xff, 0xfe, 0x1c, 
    0x3f, 0xff, 0xff, 0xff, 0xff, 0xf6, 0x30, 0x00, 0x00, 0x00, 0x00, 0x11, 0xff, 0xff, 0xff, 0xff, 
    0x9c, 0x62, 0x12, 0x00, 0x00, 0x00, 0x01, 0xff, 0xff, 0xff, 0xe3, 0xe3, 0x00, 0x00, 0x1f, 0xcf, 
    0xff, 0xff, 0xff, 0xff, 0xff, 0xff, 0xff, 0xff, 0xff, 0xff, 0xff, 0xff, 0xff, 0xff, 0x3f, 0xff, 
    0xff, 0xff, 0xff, 0xff, 0xff, 0xff, 0xff, 0xff, 0xd7, 0xff, 0xff, 0xff, 0xff, 0xff, 0xff, 0x7e, 
    0xff, 0xff, 0xef, 0xc0, 0xc0, 0x00, 0x00, 0x00, 0x10, 0x00, 0x20, 0x8f, 0x0f, 0xfe, 0xff, 0xff, 
    0xff, 0xff, 0xf3, 0xff, 0xff, 0xff, 0xff, 0xfd, 0xff, 0xff, 0xff, 0xef, 0xff, 0xff, 0xfe, 0xff, 
    0xff, 0xff, 0xfe, 0x1c, 0x3f, 0xff, 0xff, 0xff, 0x6f, 0xb3, 0xc3, 0x10, 0x40, 0x00, 0x00, 0x00, 
    0xff, 0xff, 0xff, 0xff, 0xcc, 0x22, 0x08, 0x00, 0x00, 0x00, 0xc1, 0xff, 0xbf, 0xff, 0xff, 0x80, 
    0x00, 0x30, 0x67, 0xff, 0xff, 0xff, 0xff, 0xff, 0xff, 0xff, 0xff, 0xff, 0xff, 0xff, 0xff, 0xff, 
    0xff, 0xff, 0x9f, 0xff, 0xff, 0xff, 0xff, 0xff, 0xff, 0xff, 0xff, 0xff, 0xd7, 0xff, 0xff, 0xff, 
    0xff, 0xff, 0xfe, 0x7f, 0x7f, 0xff, 0xf7, 0xc0, 0x40, 0x00, 0x00, 0x00, 0x10, 0x00, 0x20, 0x8f, 
    0x0e, 0xfe, 0xff, 0xff, 0xff, 0xff, 0xf3, 0xff, 0xff, 0xff, 0xff, 0xef, 0xff, 0xff, 0xff, 0xef, 
    0xff, 0xff, 0xfe, 0xff, 0xff, 0xff, 0xfe, 0x1c, 0x3f, 0xff, 0xff, 0xff, 0x2f, 0xb0, 0x1e, 0x30, 
    0x00, 0x00, 0x00, 0x01, 0xff, 0xff, 0xff, 0xfb, 0xee, 0x93, 0x00, 0x40, 0x08, 0x00, 0xe3, 0xff, 
    0x3f, 0xff, 0xfe, 0x38, 0x40, 0xb0, 0x73, 0xff, 0xff, 0xff, 0xff, 0xff, 0xff, 0xff, 0xff, 0xff, 
    0xff, 0xff, 0xff, 0xff, 0xff, 0xff, 0xdf, 0xff, 0xff, 0xff, 0xff, 0xff, 0xff, 0xff, 0xff, 0xff, 
    0xd7, 0xff, 0xff, 0xff, 0xff, 0xff, 0xfe, 0xff, 0xff, 0xff, 0xfb, 0xc0, 0x20, 0x00, 0x00, 0x00, 
    0x00, 0x40, 0x20, 0x8f, 0x0f, 0xfe, 0xff, 0xff, 0xff, 0xff, 0xf3, 0xff, 0xff, 0xff, 0xff, 0xef, 
    0xff, 0xff, 0xff, 0xef, 0xff, 0xff, 0xfe, 0xff, 0xff, 0xff, 0xfe, 0x1c, 0x3f, 0xff, 0xff, 0xff, 
    0xb7, 0x92, 0xf8, 0x60, 0x00, 0x00, 0x00, 0x11, 0xff, 0xff, 0xff, 0xfc, 0xf6, 0x91, 0x00, 0x00, 
    0x00, 0x00, 0x73, 0xff, 0x3f, 0xff, 0xf0, 0xf8, 0x92, 0xb8, 0x39, 0xff, 0xff, 0xff, 0xff, 0xff, 
    0xff, 0xff, 0xff, 0xff, 0xff, 0xff, 0xff, 0xff, 0xff, 0xff, 0xcf, 0xff, 0xff, 0xff, 0xff, 0xff, 
    0xff, 0xff, 0xff, 0xff, 0xd7, 0xff, 0xff, 0xff, 0xff, 0xff, 0xfd, 0xff, 0xbf, 0xff, 0xfb, 0xc0, 
    0x20, 0x00, 0x00, 0x00, 0x00, 0x01, 0x20, 0x8f, 0x0f, 0xfe, 0xff, 0xff, 0xff, 0xff, 0xf3, 0xff, 
    0xff, 0xff, 0xff, 0xef, 0xff, 0xff, 0xff, 0xef, 0xff, 0xff, 0xfe, 0xff, 0xff, 0xff, 0xfe, 0x1c, 
    0x3f, 0xff, 0xff, 0xe7, 0x97, 0x92, 0xe1, 0xc9, 0xe0, 0x00, 0x00, 0x00, 0x03, 0xff, 0xff, 0xfe, 
    0x30, 0x40, 0x09, 0x04, 0x08, 0x01, 0x73, 0xff, 0x3f, 0xff, 0xf7, 0xf0, 0x96, 0xb8, 0x3c, 0xff, 
    0xff, 0xff, 0xff, 0xff, 0xff, 0xff, 0xff, 0xff, 0xff, 0xff, 0xff, 0xff, 0xff, 0xff, 0xef, 0xff, 
    0xff, 0xff, 0xff, 0xff, 0xff, 0xff, 0xff, 0xff, 0xd7, 0xff, 0xff, 0xff, 0xff, 0xff, 0xf9, 0xff, 
    0xdf, 0xff, 0xfd, 0xc0, 0x10, 0x00, 0x00, 0x00, 0x00, 0x01, 0x20, 0x0f, 0x0f, 0xfe, 0xff, 0xff, 
    0xff, 0xff, 0xf7, 0xff, 0xff, 0xff, 0xff, 0xef, 0xff, 0xff, 0xff, 0xef, 0xff, 0xff, 0xfe, 0xff, 
    0xff, 0xff, 0xfe, 0x1c, 0x3f, 0xff, 0xff, 0xf3, 0xd3, 0x92, 0x03, 0x01, 0x80, 0x00, 0x00, 0x91, 
    0xff, 0xff, 0xff, 0xff, 0x18, 0x00, 0x00, 0x00, 0x01, 0x01, 0x3b, 0xfe, 0x3f, 0xff, 0xff, 0xc0, 
    0x36, 0xbb, 0x1e, 0x7f, 0xff, 0xff, 0xff, 0xff, 0xff, 0xff, 0xff, 0xff, 0xff, 0xff, 0xff, 0xff, 
    0xff, 0xff, 0xf7, 0xff, 0xff, 0xff, 0xff, 0xff, 0xff, 0xff, 0xff, 0xff, 0xd7, 0xff, 0xff, 0xff, 
    0xff, 0xff, 0xfb, 0xff, 0xdf, 0xff, 0xfc, 0xc0, 0x08, 0x00, 0x00, 0x00, 0x00, 0x01, 0x20, 0x8f, 
    0x0f, 0xfe, 0xff, 0xff, 0xff, 0xff, 0xf7, 0xff, 0xff, 0xff, 0xff, 0xef, 0xff, 0xff, 0xff, 0xef, 
    0xff, 0xff, 0xfe, 0xff, 0xff, 0xff, 0xfc, 0x1c, 0x3f, 0xff, 0xff, 0xf9, 0xcb, 0x90, 0x1e, 0x00, 
    0xc0, 0x08, 0x00, 0x92, 0xff, 0xff, 0xff, 0xff, 0x04, 0x00, 0x00, 0x00, 0x00, 0x25, 0xbf, 0xfe, 
    0x7f, 0xff, 0xff, 0x18, 0x66, 0x93, 0x4f, 0x3f, 0xff, 0xff, 0xff, 0xff, 0xff, 0xff, 0xff, 0xff, 
    0xff, 0xff, 0xff, 0xff, 0xff, 0xff, 0xf3, 0xff, 0xff, 0xff, 0xff, 0xff, 0xff, 0xff, 0xff, 0xff, 
    0xd7, 0xff, 0xff, 0xff, 0xff, 0xff, 0xf7, 0xff, 0xef, 0xff, 0xfc, 0xc0, 0x08, 0x00, 0x00, 0x00, 
    0x00, 0x00, 0x20, 0x8f, 0x0f, 0xfe, 0xff, 0xff, 0xff, 0xff, 0xf7, 0xff, 0xff, 0xff, 0xff, 0xef, 
    0xff, 0xff, 0xff, 0xef, 0xff, 0xff, 0xfe, 0xff, 0xff, 0xff, 0xfc, 0x1c, 0x3f, 0xff, 0xff, 0xfc, 
    0xc9, 0xd2, 0x7c, 0x72, 0x40, 0x00, 0x01, 0x5b, 0x3f, 0xff, 0xff, 0xef, 0x00, 0x10, 0x00, 0x00, 
    0x00, 0x25, 0xbf, 0xfc, 0x7f, 0xff, 0xff, 0xf8, 0x6e, 0xd3, 0x6f, 0xff, 0xff, 0xff, 0xff, 0xff, 
    0xff, 0xff, 0xff, 0xff, 0xff, 0xff, 0xff, 0xff, 0xff, 0xff, 0xf9, 0xff, 0xff, 0xff, 0xff, 0xff, 
    0xff, 0xff, 0xff, 0xff, 0xd7, 0xff, 0xff, 0xff, 0xff, 0xff, 0xe7, 0xff, 0xef, 0xff, 0xfe, 0x40, 
    0x00, 0x00, 0x00, 0x00, 0x10, 0x00, 0x20, 0x0f, 0x0f, 0xff, 0xff, 0xff, 0xff, 0xff, 0xf7, 0xff, 
    0xff, 0xff, 0xff, 0xef, 0xff, 0xff, 0xff, 0xef, 0xff, 0xff, 0xfe, 0xff, 0xf7, 0xff, 0xfc, 0x1c, 
    0x3f, 0xff, 0xff, 0x3c, 0x61, 0xd2, 0x60, 0x31, 0x60, 0x00, 0x01, 0x5b, 0xff, 0xff, 0xff, 0xf0, 
    0xc0, 0x00, 0x00, 0x00, 0x02, 0x04, 0xff, 0xf8, 0xff, 0xff, 0xff, 0xf8, 0x6f, 0xc7, 0x67, 0xff, 
    0xff, 0xff, 0xff, 0xff, 0xff, 0xff, 0xff, 0xff, 0xff, 0xff, 0xff, 0xff, 0xff, 0xff, 0xfd, 0xff, 
    0xff, 0xff, 0xff, 0xff, 0xff, 0xff, 0xff, 0xff, 0xd7, 0xff, 0xff, 0xff, 0xff, 0xff, 0xcf, 0xff, 
    0xf7, 0xff, 0xfe, 0x40, 0x00, 0x00, 0x00, 0x00, 0x00, 0x01, 0x20, 0x0f, 0x0f, 0xff, 0xff, 0xff, 
    0xff, 0xff, 0xff, 0xff, 0xff, 0xff, 0xff, 0xef, 0xff, 0xff, 0xff, 0xef, 0xff, 0xff, 0xfe, 0xff, 
    0xf7, 0xff, 0xfc, 0x1c, 0x3f, 0xff, 0xff, 0x8e, 0x64, 0xc2, 0x07, 0x84, 0x00, 0x00, 0x00, 0x73, 
    0xff, 0xff, 0xff, 0xfc, 0x00, 0x00, 0x00, 0x00, 0x00, 0x04, 0xff, 0xfc, 0xff, 0xff, 0xff, 0xec, 
    0xcf, 0xc7, 0x77, 0xff, 0xff, 0xff, 0xff, 0xff, 0xff, 0xff, 0xff, 0xff, 0xff, 0xff, 0xff, 0xff, 
    0xff, 0xff, 0xfc, 0xff, 0xff, 0xff, 0xff, 0xff, 0xff, 0xff, 0xff, 0xff, 0xf7, 0xff, 0xff, 0xff, 
    0xff, 0xff, 0xdf, 0xff, 0xff, 0xff, 0xff, 0x00, 0x00, 0x00, 0x00, 0x00, 0x00, 0x00, 0x20, 0x0f, 
    0x0f, 0xff, 0xff, 0xff, 0xff, 0xff, 0xff, 0xff, 0xff, 0xff, 0xff, 0xef, 0xff, 0xff, 0xff, 0xef, 
    0xff, 0xff, 0xfe, 0xff, 0xf7, 0xff, 0xfc, 0x1c, 0x3f, 0xff, 0xff, 0xc7, 0x34, 0xc2, 0x61, 0xc0, 
    0x00, 0x00, 0x00, 0x63, 0xff, 0xff, 0xff, 0xff, 0x80, 0x00, 0x00, 0x00, 0x01, 0x06, 0xff, 0xfc, 
    0x7f, 0xff, 0xff, 0xfc, 0xdf, 0xc7, 0x73, 0xff, 0xff, 0xff, 0xff, 0xff, 0xff, 0xff, 0xff, 0xff, 
    0xff, 0xff, 0xff, 0xff, 0xff, 0xff, 0xfe, 0x7f, 0xff, 0xff, 0xff, 0xff, 0xff, 0xff, 0xff, 0xff, 
    0xd7, 0xff, 0xff, 0xff, 0xff, 0xff, 0xbf, 0xff, 0xfb, 0xff, 0xff, 0x00, 0x00, 0x00, 0x00, 0x00, 
    0x00, 0x00, 0x20, 0x0f, 0x0f, 0xff, 0xff, 0xff, 0xff, 0xff, 0xff, 0xff, 0xff, 0xff, 0xff, 0xef, 
    0xff, 0xff, 0xff, 0xef, 0xff, 0xff, 0xfe, 0xff, 0xf7, 0xff, 0xfc, 0x1c, 0x3f, 0xff, 0xff, 0xe3, 
    0x10, 0xc2, 0x6c, 0x89, 0x00, 0x00, 0x02, 0x63, 0xff, 0xff, 0xff, 0xef, 0xb0, 0x00, 0x00, 0x00, 
    0x01, 0x06, 0xff, 0xfc, 0x7f, 0xff, 0xff, 0xfc, 0xff, 0xc7, 0x73, 0xff, 0xff, 0xff, 0xff, 0xff, 
    0xff, 0xff, 0xff, 0xff, 0xff, 0xff, 0xff, 0xff, 0xff, 0xff, 0xff, 0x3f, 0xff, 0xff, 0xff, 0xff, 
    0xff, 0xff, 0xff, 0xff, 0xd7, 0xff, 0xff, 0xff, 0xff, 0xff, 0x3f, 0xff, 0xff, 0xff, 0xff, 0x80, 
    0x00, 0x00, 0x00, 0x00, 0x00, 0x00, 0x20, 0x0f, 0x0f, 0xff, 0xff, 0xff, 0xff, 0xff, 0xff, 0xff, 
    0xff, 0xff, 0xff, 0xef, 0xff, 0xff, 0xff, 0xef, 0xff, 0xff, 0xfe, 0xff, 0xf7, 0xff, 0xfc, 0x1c, 
    0x3f, 0xff, 0xfe, 0x71, 0x80, 0x40, 0x7e, 0x00, 0x80, 0x00, 0x02, 0x63, 0xff, 0xff, 0xff, 0xe0, 
    0x18, 0x00, 0x00, 0x00, 0x10, 0x06, 0x7f, 0xf8, 0xff, 0xff, 0xff, 0xfc, 0xff, 0xc7, 0x7b, 0xff, 
    0xff, 0xff, 0xff, 0xff, 0xff, 0xff, 0xff, 0xff, 0xff, 0xff, 0xff, 0xff, 0xff, 0xff, 0xff, 0x9f, 
    0xff, 0xff, 0xff, 0xff, 0xff, 0xff, 0xff, 0xff, 0xd7, 0xff, 0xff, 0xff, 0xff, 0xfe, 0x7f, 0xff, 
    0xfd, 0xff, 0xff, 0x80, 0x00, 0x00, 0x00, 0x00, 0x10, 0x00, 0x20, 0x0f, 0x0f, 0xff, 0xff, 0xff, 
    0xff, 0xff, 0xff, 0xff, 0xff, 0xff, 0xff, 0xef, 0xff, 0xff, 0xff, 0xef, 0xff, 0xff, 0xfe, 0xff, 
    0xf7, 0xff, 0xfc, 0x1c, 0x3f, 0xff, 0xff, 0x38, 0xc0, 0x40, 0x5f, 0x10, 0x00, 0x00, 0x02, 0x73, 
    0xff, 0xff, 0xff, 0xfe, 0x00, 0x00, 0x00, 0x00, 0x00, 0x2e, 0x7f, 0xf8, 0xff, 0xff, 0xff, 0xfc, 
    0xff, 0x87, 0x7f, 0xff, 0xff, 0xff, 0xff, 0xff, 0xff, 0xff, 0xff, 0xff, 0xff, 0xff, 0xff, 0xff, 
    0xff, 0xff, 0xff, 0xcf, 0xff, 0xff, 0xff, 0xff, 0xff, 0xff, 0xff, 0xff, 0xd7, 0xff, 0xff, 0xff, 
    0xff, 0xfc, 0xff, 0xff, 0xff, 0xff, 0xff, 0xc0, 0x00, 0x00, 0x00, 0x00, 0x00, 0x00, 0x20, 0x0f, 
    0x0f, 0xff, 0xff, 0xff, 0xff, 0xff, 0xff, 0xff, 0xff, 0xff, 0xff, 0xef, 0xff, 0xff, 0xff, 0xef, 
    0xff, 0xff, 0xfe, 0xff, 0xf7, 0xff, 0xfc, 0x1c, 0x3f, 0xff, 0xff, 0x8c, 0x40, 0x42, 0xdb, 0x7c, 
    0x00, 0x00, 0x00, 0x73, 0xff, 0xff, 0xff, 0xfe, 0x00, 0x00, 0x00, 0x01, 0x04, 0x7f, 0xff, 0xf8, 
    0xff, 0xff, 0xff, 0xf8, 0xff, 0x87, 0x7f, 0xff, 0xff, 0xff, 0xff, 0xff, 0xff, 0xff, 0xff, 0xff, 
    0xff, 0xff, 0xff, 0xff, 0xff, 0xff, 0xff, 0xef, 0xff, 0xff, 0xff, 0xff, 0xff, 0xff, 0xff, 0xff, 
    0xd7, 0xff, 0xff, 0xff, 0xff, 0xf9, 0xff, 0xff, 0xff, 0xff, 0xff, 0xc0, 0x00, 0x00, 0x00, 0x00, 
    0x00, 0x00, 0x20, 0x0f, 0x0f, 0xff, 0xff, 0xff, 0xff, 0xff, 0xff, 0xff, 0xff, 0xff, 0xff, 0xff, 
    0xff, 0xff, 0xff, 0xef, 0xff, 0xff, 0xff, 0x7f, 0xf7, 0xff, 0xfc, 0x1c, 0x3f, 0xff, 0xff, 0xc4, 
    0x20, 0x00, 0x89, 0x80, 0x00, 0x00, 0x00, 0x73, 0xff, 0xff, 0xff, 0xf0, 0x00, 0x00, 0x00, 0x00, 
    0x09, 0x7f, 0xfb, 0xf1, 0xff, 0xff, 0xff, 0xf8, 0xff, 0x87, 0x7f, 0xff, 0xff, 0xff, 0xff, 0xff, 
    0xff, 0xff, 0xff, 0xff, 0xff, 0xff, 0xff, 0xff, 0xff, 0xff, 0xff, 0xf7, 0xff, 0xff, 0xff, 0xff, 
    0xff, 0xff, 0xff, 0xff, 0xd7, 0xff, 0xff, 0xff, 0xff, 0xf3, 0xff, 0xff, 0xff, 0xff, 0xff, 0xc0, 
    0x00, 0x00, 0x00, 0x00, 0x00, 0x00, 0x20, 0x0f, 0x0f, 0xff, 0xff, 0xff, 0xff, 0xff, 0xff, 0xff, 
    0xff, 0xff, 0xff, 0xff, 0xff, 0xff, 0xff, 0xef, 0xff, 0xff, 0xff, 0x7f, 0xf7, 0xff, 0xfc, 0x1c, 
    0x3f, 0xff, 0xfe, 0x20, 0x10, 0x00, 0x80, 0x80, 0x00, 0x00, 0x00, 0x33, 0xff, 0xff, 0xff, 0xfb, 
    0x20, 0x00, 0x00, 0x00, 0x17, 0xbf, 0xfb, 0xf1, 0xff, 0xff, 0xff, 0xf8, 0xff, 0x07, 0xff, 0xff, 
    0xff, 0xff, 0xff, 0xff, 0xff, 0xff, 0xff, 0xff, 0xff, 0xff, 0xff, 0xff, 0xff, 0xff, 0xff, 0xf9, 
    0xff, 0xff, 0xff, 0xff, 0xff, 0xff, 0xff, 0xff, 0xff, 0xff, 0xff, 0xff, 0xff, 0xe7, 0xff, 0xff, 
    0xff, 0xff, 0xff, 0xe0, 0x00, 0x00, 0x00, 0x00, 0x08, 0x00, 0x20, 0x0e, 0x0f, 0xff, 0xff, 0xff, 
    0xff, 0xff, 0xff, 0xff, 0xff, 0xff, 0xff, 0xff, 0xff, 0xff, 0xff, 0xef, 0xff, 0xff, 0xff, 0x7f, 
    0xff, 0xff, 0xfc, 0x1c, 0x3f, 0xff, 0xff, 0x80, 0x08, 0x00, 0x20, 0x80, 0x00, 0x00, 0x00, 0x17, 
    0xff, 0xff, 0xfe, 0xfc, 0x00, 0x00, 0x00, 0x00, 0x1e, 0xbb, 0xfb, 0xf3, 0xff, 0xff, 0xff, 0xf8, 
    0xfe, 0x0f, 0xff, 0xff, 0xff, 0xff, 0xff, 0xff, 0xff, 0xff, 0xff, 0xff, 0xff, 0xff, 0xff, 0xff, 
    0xff, 0xff, 0xff, 0xfc, 0xff, 0xff, 0xff, 0xff, 0xff, 0xff, 0xff, 0xff, 0xff, 0xff, 0xff, 0xff, 
    0xff, 0xcf, 0xff, 0xff, 0xff, 0xff, 0xff, 0xe0, 0x00, 0x00, 0x00, 0x00, 0x20, 0x00, 0x20, 0x0e, 
    0x0f, 0xff, 0xff, 0xff, 0xff, 0xff, 0xff, 0xff, 0xff, 0xff, 0xff, 0xff, 0xff, 0xff, 0xff, 0xef, 
    0xff, 0xf7, 0xfe, 0xff, 0xff, 0xff, 0xfc, 0x1c, 0x3f, 0xff, 0xc7, 0xf0, 0x00, 0x00, 0x10, 0x00, 
    0x00, 0x00, 0x00, 0x07, 0xff, 0xff, 0xff, 0x7c, 0x00, 0x00, 0x00, 0x00, 0x33, 0xbb, 0xf9, 0xe3, 
    0xff, 0xff, 0xff, 0xf8, 0xfc, 0x1f, 0xff, 0xff, 0xff, 0xff, 0xff, 0xff, 0xff, 0xff, 0xff, 0xff, 
    0xff, 0xff, 0xff, 0xff, 0xff, 0xff, 0xff, 0xfe, 0x7f, 0xff, 0xff, 0xff, 0xff, 0xff, 0xff, 0xff, 
    0xff, 0xff, 0xff, 0xff, 0xff, 0x9f, 0xff, 0xff, 0xff, 0xff, 0xdf, 0xf0, 0x00, 0x00, 0x00, 0x00, 
    0x20, 0x00, 0x20, 0x0e, 0x0f, 0xff, 0xff, 0xff, 0xff, 0xff, 0xff, 0xff, 0xff, 0xff, 0xff, 0xff, 
    0xff, 0xff, 0xff, 0xef, 0xff, 0xf7, 0xfe, 0xff, 0xff, 0xff, 0xfc, 0x1c, 0x3f, 0xff, 0xf8, 0x3c, 
    0x00, 0x00, 0x00, 0x48, 0x04, 0x00, 0x00, 0x07, 0xff, 0xff, 0xe7, 0xbe, 0x00, 0x00, 0x00, 0x00, 
    0x0f, 0x9b, 0xf8, 0x67, 0xff, 0xff, 0xff, 0xf8, 0xf0, 0x3f, 0xff, 0xff, 0xff, 0xff, 0xff, 0xff, 
    0xff, 0xff, 0xff, 0xff, 0xff, 0xff, 0xff, 0xff, 0xff, 0xff, 0xff, 0xff, 0x3f, 0xff, 0xff, 0xff, 
    0xff, 0xff, 0xff, 0xff, 0xff, 0xff, 0xff, 0xff, 0xff, 0x3f, 0xff, 0xff, 0xff, 0xff, 0xef, 0xf0, 
    0x00, 0x00, 0x00, 0x00, 0x00, 0x00, 0x20, 0x0e, 0x0f, 0xff, 0xff, 0xff, 0xff, 0xff, 0xff, 0xff, 
    0xff, 0xff, 0xff, 0xff, 0xff, 0xff, 0xff, 0xef, 0xff, 0xff, 0xff, 0xff, 0xff, 0xff, 0xfc, 0x1c, 
    0x3f, 0xff, 0xff, 0x03, 0x00, 0x00, 0x04, 0x42, 0x00, 0x00, 0x00, 0x07, 0xbf, 0xff, 0xf1, 0xde, 
    0x00, 0x00, 0x00, 0x00, 0x0f, 0xdb, 0xfe, 0x07, 0xff, 0xff, 0xff, 0xe0, 0xe0, 0x7f, 0xff, 0xff, 
    0xff, 0xff, 0xff, 0xff, 0xff, 0xff, 0xff, 0xff, 0xff, 0xff, 0xff, 0xff, 0xff, 0xff, 0xff, 0xff, 
    0x9f, 0xff, 0xff, 0xff, 0xff, 0xff, 0xff, 0xff, 0xff, 0xff, 0xff, 0xff, 0xfe, 0x7f, 0xff, 0xff, 
    0xff, 0xff, 0xef, 0xf0, 0x00, 0x00, 0x00, 0x00, 0x00, 0x00, 0x20, 0x0e, 0x0f, 0xff, 0xff, 0xff, 
    0xff, 0xff, 0xff, 0xff, 0xff, 0xff, 0xff, 0xff, 0xff, 0xff, 0xff, 0xef, 0xff, 0xf7, 0xff, 0xff, 
    0xfb, 0xff, 0xfc, 0x1c, 0x3f, 0xff, 0xff, 0xe0, 0x00, 0x00, 0x04, 0x0a, 0x00, 0x00, 0x00, 0x87, 
    0x39, 0xff, 0xfc, 0xce, 0x00, 0x00, 0x00, 0x00, 0x2d, 0xe7, 0xfe, 0x0f, 0xff, 0xff, 0xff, 0xe0, 
    0x07, 0xff, 0xff, 0xff, 0xff, 0xff, 0xff, 0xff, 0xff, 0xff, 0xff, 0xff, 0xff, 0xff, 0xff, 0xff, 
    0xff, 0xff, 0xff, 0xff, 0xcf, 0xff, 0xff, 0xff, 0xff, 0xff, 0xff, 0xff, 0xbf, 0xff, 0xff, 0xff, 
    0xfc, 0xff, 0xff, 0xff, 0xff, 0xff, 0xe7, 0xf8, 0x00, 0x00, 0x00, 0x00, 0x00, 0x00, 0x20, 0x0e, 
    0x0f, 0xff, 0xff, 0xff, 0xff, 0xff, 0xff, 0xff, 0xff, 0xff, 0xff, 0xff, 0xff, 0xff, 0xff, 0xef, 
    0xff, 0xf7, 0xff, 0xff, 0xfb, 0xff, 0xfc, 0x1c, 0x3f, 0xff, 0xfc, 0x3c, 0x00, 0x00, 0x06, 0x02, 
    0x06, 0x80, 0x00, 0x87, 0x73, 0xff, 0xfe, 0x25, 0x08, 0x00, 0x00, 0x00, 0x5e, 0x6f, 0xfe, 0x0f, 
    0xff, 0xff, 0xff, 0xc0, 0x1f, 0xff, 0xff, 0xff, 0xff, 0xff, 0xff, 0xff, 0xff, 0xff, 0xff, 0xff, 
    0xff, 0xff, 0xff, 0xff, 0xff, 0xff, 0xff, 0xff, 0xe7, 0xff, 0xff, 0xff, 0xff, 0xff, 0xff, 0xff, 
    0xbf, 0xff, 0xff, 0xff, 0xf9, 0xff, 0xff, 0xff, 0xff, 0xef, 0xf7, 0xf8, 0x00, 0x00, 0x00, 0x00, 
    0x00, 0x00, 0x20, 0x0e, 0x0f, 0xff, 0xff, 0xff, 0xff, 0xff, 0xff, 0xff, 0xff, 0xff, 0xff, 0xff, 
    0xff, 0xff, 0xff, 0xef, 0xff, 0xf7, 0xff, 0xff, 0xfb, 0xff, 0xfc, 0x1c, 0x3f, 0xff, 0xff, 0x80, 
    0x00, 0x00, 0x00, 0x02, 0x06, 0x06, 0x00, 0xc6, 0x73, 0xff, 0xf7, 0x10, 0x80, 0x00, 0x00, 0x00, 
    0x0f, 0xcf, 0xfa, 0x07, 0xff, 0xff, 0xff, 0x80, 0x7f, 0xff, 0xff, 0xff, 0xff, 0xff, 0xff, 0xff, 
    0xff, 0xff, 0xff, 0xff, 0xff, 0xff, 0xff, 0xff, 0xff, 0xff, 0xff, 0xff, 0xf9, 0xff, 0xff, 0xff, 
    0xff, 0xff, 0xff, 0xff, 0xbf, 0xff, 0xff, 0xff, 0xe7, 0xff, 0xff, 0xff, 0xff, 0xff, 0xf3, 0xfc, 
    0x00, 0x00, 0x00, 0x00, 0x20, 0x00, 0x20, 0x0e, 0x0f, 0xff, 0xff, 0xff, 0xff, 0xff, 0xff, 0xff, 
    0xff, 0xff, 0xff, 0xff, 0xff, 0xff, 0xff, 0xff, 0xff, 0xf7, 0xff, 0xff, 0xfb, 0xff, 0xfc, 0x0c, 
    0x3f, 0xff, 0xc0, 0x00, 0x00, 0x00, 0x20, 0x02, 0x00, 0x30, 0x8a, 0xc6, 0xe7, 0xff, 0xf8, 0xc0, 
    0x00, 0x00, 0x00, 0x00, 0x03, 0xcf, 0xf4, 0x0f, 0xff, 0xff, 0xff, 0x80, 0xff, 0xff, 0xff, 0xff, 
    0xff, 0xff, 0xff, 0xff, 0xff, 0xff, 0xff, 0xff, 0xff, 0xff, 0xff, 0xff, 0xff, 0xff, 0xff, 0xff, 
    0xfc, 0xff, 0xff, 0xff, 0xff, 0xff, 0xff, 0xff, 0xbf, 0xff, 0xff, 0xff, 0xcf, 0xff, 0xff, 0xff, 
    0xff, 0xf7, 0xf1, 0xfc, 0x00, 0x00, 0x00, 0x00, 0x20, 0x00, 0x20, 0x0e, 0x0f, 0xff, 0xff, 0xff, 
    0xff, 0xff, 0xff, 0xff, 0xff, 0xff, 0xff, 0xff, 0xff, 0xff, 0xff, 0xff, 0xff, 0xf7, 0xff, 0xff, 
    0xfb, 0xff, 0xfc, 0x0c, 0x3f, 0xff, 0xfc, 0x00, 0x00, 0x00, 0x38, 0x02, 0x01, 0xc3, 0x1a, 0xc4, 
    0xe7, 0xff, 0x9c, 0x20, 0x00, 0x00, 0x00, 0x00, 0x07, 0xcf, 0xf0, 0x1f, 0xff, 0xff, 0xff, 0x03, 
    0xff, 0xff, 0xff, 0xff, 0xff, 0xff, 0xff, 0xff, 0xff, 0xff, 0xff, 0xff, 0xff, 0xff, 0xff, 0xff, 
    0xff, 0xff, 0xff, 0xff, 0xfe, 0x7f, 0xff, 0xff, 0xff, 0xff, 0xff, 0xff, 0xbf, 0xff, 0xff, 0xff, 
    0x1f, 0xff, 0xff, 0xff, 0xff, 0xff, 0xe8, 0xfc, 0x00, 0x00, 0x00, 0x00, 0x00, 0x00, 0x20, 0x0f, 
    0x0f, 0xff, 0xff, 0xff, 0xff, 0xff, 0xff, 0xff, 0xff, 0xff, 0xff, 0xfe, 0xff, 0xff, 0xff, 0xff, 
    0xff, 0xf7, 0xfe, 0xff, 0xfb, 0xff, 0xfc, 0x0c, 0x3f, 0xff, 0xff, 0xf8, 0x00, 0x00, 0x00, 0x02, 
    0x07, 0x0e, 0x53, 0xe5, 0xcf, 0xff, 0xc3, 0x00, 0x00, 0x00, 0x00, 0x00, 0x01, 0xdf, 0xe0, 0x1f, 
    0xff, 0xff, 0xfe, 0x07, 0xff, 0xff, 0xff, 0xff, 0xff, 0xff, 0xff, 0xff, 0xff, 0xff, 0xff, 0xff, 
    0xff, 0xff, 0xff, 0xff, 0xff, 0xff, 0xff, 0xff, 0xff, 0x9f, 0xff, 0xff, 0xff, 0xff, 0xff, 0xff, 
    0xbb, 0xff, 0xff, 0xfe, 0x7f, 0xff, 0xff, 0xff, 0xff, 0xff, 0xe0, 0x7e, 0x00, 0x00, 0x00, 0x00, 
    0x00, 0x00, 0x20, 0x0e, 0x0f, 0xff, 0xff, 0xfd, 0xff, 0xff, 0xff, 0xff, 0xff, 0xff, 0xff, 0xfe, 
    0xff, 0xff, 0xff, 0xff, 0xff, 0xf7, 0xff, 0xff, 0xdb, 0xff, 0xf4, 0x0c, 0x3f, 0xff, 0xe0, 0x00, 
    0x00, 0x00, 0x40, 0x02, 0x27, 0x39, 0xd6, 0xe5, 0x9f, 0xff, 0xfc, 0x00, 0x00, 0x00, 0x00, 0x00, 
    0x00, 0x1f, 0xc0, 0x1f, 0xff, 0xff, 0xf0, 0x0f, 0xff, 0xff, 0xff, 0xff, 0xff, 0xff, 0xff, 0xff, 
    0xff, 0xff, 0xff, 0xff, 0xff, 0xff, 0xff, 0xff, 0xff, 0xff, 0xff, 0xff, 0xff, 0xc7, 0xff, 0xff, 
    0xff, 0xff, 0xff, 0xff, 0xbb, 0xff, 0xff, 0xf8, 0xff, 0xff, 0xff, 0xff, 0xff, 0xff, 0xe0, 0x3e, 
    0x00, 0x00, 0x00, 0x00, 0x00, 0x00, 0x20, 0x0e, 0x0f, 0xff, 0xff, 0xfd, 0xff, 0xff, 0xff, 0xff, 
    0xff, 0xff, 0xff, 0xff, 0xff, 0xff, 0xff, 0xff, 0xff, 0xe7, 0xff, 0x7f, 0xdb, 0xff, 0xf4, 0x0c, 
    0x3f, 0xff, 0xfe, 0x00, 0x00, 0x00, 0x00, 0x02, 0x24, 0x33, 0xc6, 0xc5, 0x3f, 0xff, 0x87, 0x80, 
    0x00, 0x00, 0x00, 0x00, 0xc8, 0x1f, 0xc0, 0x1f, 0xff, 0xff, 0xe0, 0x0f, 0xff, 0xff, 0xff, 0xff, 
    0xff, 0xff, 0xff, 0xff, 0xff, 0xff, 0xff, 0xff, 0xff, 0xff, 0xff, 0xff, 0xff, 0xff, 0xff, 0xff, 
    0xff, 0xf3, 0xff, 0xff, 0xff, 0xff, 0xff, 0xff, 0xbb, 0xff, 0xff, 0xe3, 0xff, 0xff, 0xff, 0xff, 
    0xff, 0xff, 0xe0, 0x3f, 0x00, 0x00, 0x00, 0x00, 0x00, 0x00, 0x20, 0x0e, 0x0f, 0xff, 0xff, 0xff, 
    0xff, 0xff, 0xff, 0xff, 0xff, 0xff, 0xff, 0xfe, 0xbf, 0xff, 0xff, 0xff, 0xff, 0xe7, 0xff, 0x7f, 
    0xdb, 0xff, 0xf4, 0x0c, 0x3f, 0xff, 0xff, 0xe0, 0x00, 0x00, 0x00, 0x00, 0x26, 0x8e, 0xce, 0xc7, 
    0x3f, 0xff, 0xf0, 0x60, 0x00, 0x00, 0x00, 0x10, 0xc7, 0x9f, 0x80, 0x1f, 0xff, 0xff, 0xe0, 0x1f, 
    0xff, 0xff, 0xff, 0xff, 0xff, 0xff, 0xff, 0xff, 0xff, 0xff, 0xff, 0xff, 0xff, 0xff, 0xff, 0xff, 
    0xff, 0xff, 0xff, 0xff, 0xff, 0xfc, 0xff, 0xff, 0xff, 0xff, 0xff, 0xff, 0xbb, 0xff, 0xff, 0xcf, 
    0xff, 0xff, 0xff, 0xff, 0xff, 0xff, 0xf0, 0x1f, 0x00, 0x00, 0x00, 0x00, 0x40, 0x00, 0x20, 0x0e, 
    0x0f, 0xff, 0xff, 0xff, 0xff, 0xff, 0xff, 0xff, 0xff, 0xff, 0xff, 0xfe, 0xbf, 0xff, 0xff, 0xff, 
    0xff, 0xe7, 0xff, 0x7f, 0xdb, 0xff, 0xf4, 0x0c, 0x3f, 0xff, 0xf8, 0x00, 0x00, 0x00, 0x20, 0x00, 
    0x04, 0xfd, 0xce, 0xc0, 0x7f, 0xff, 0xfe, 0x08, 0x00, 0x00, 0x00, 0x00, 0x61, 0xbf, 0x00, 0x3f, 
    0xff, 0xff, 0xc0, 0x1f, 0xff, 0xff, 0xff, 0xff, 0xff, 0xff, 0xff, 0xff, 0xff, 0xff, 0xff, 0xff, 
    0xff, 0xff, 0xff, 0xff, 0xff, 0xff, 0xff, 0xff, 0xff, 0xfe, 0x3f, 0xff, 0xff, 0xff, 0xff, 0xff, 
    0xbb, 0xff, 0xff, 0x3f, 0xff, 0xff, 0xff, 0xff, 0xff, 0xff, 0xf0, 0x0f, 0x00, 0x00, 0x00, 0x00, 
    0x40, 0x00, 0x20, 0x0e, 0x0f, 0xff, 0xff, 0xff, 0xff, 0xff, 0xff, 0xff, 0xff, 0xff, 0xff, 0xfe, 
    0xbf, 0xff, 0xff, 0xff, 0xff, 0xe7, 0xff, 0x7f, 0xdb, 0xff, 0xf4, 0x0c, 0x3f, 0xff, 0xff, 0xff, 
    0x00, 0x02, 0x00, 0x00, 0x05, 0xb3, 0xce, 0xc0, 0xff, 0xff, 0xff, 0xc0, 0x00, 0x00, 0x00, 0x20, 
    0x71, 0x38, 0x00, 0x7f, 0xff, 0xff, 0xc0, 0x1f, 0xff, 0xff, 0xff, 0xff, 0xff, 0xff, 0xff, 0xff, 
    0xff, 0xff, 0xff, 0xff, 0xff, 0xff, 0xff, 0xff, 0xff, 0xff, 0xff, 0xff, 0xff, 0xff, 0x8f, 0xff, 
    0xff, 0xff, 0xff, 0xff, 0xbb, 0xff, 0xfc, 0x7f, 0xff, 0xff, 0xff, 0xff, 0xff, 0xff, 0xf0, 0x0f, 
    0x80, 0x00, 0x00, 0x00, 0x40, 0x00, 0x20, 0x0e, 0x0f, 0xff, 0xff, 0xff, 0xff, 0xff, 0xff, 0xff, 
    0xff, 0xff, 0xff, 0xfe, 0xbf, 0xff, 0xff, 0xff, 0xff, 0xc7, 0xff, 0xff, 0xdb, 0xff, 0xf4, 0x0c, 
    0x3f, 0xff, 0xff, 0xf8, 0x22, 0x00, 0x00, 0x00, 0x01, 0xdf, 0xcf, 0xc0, 0xff, 0xfc, 0x00, 0x00, 
    0x00, 0x00, 0x00, 0x04, 0x70, 0x30, 0x01, 0xff, 0xff, 0xff, 0x80, 0x3f, 0xff, 0xff, 0xff, 0xff, 
    0xff, 0xff, 0xff, 0xff, 0xff, 0xff, 0xff, 0xff, 0xff, 0xff, 0xff, 0xff, 0xff, 0xff, 0xff, 0xff, 
    0xff, 0xff, 0xe3, 0xff, 0xff, 0xff, 0xff, 0xff, 0xbb, 0xff, 0xe3, 0xff, 0xff, 0xff, 0xff, 0xff, 
    0xff, 0xff, 0xf8, 0x07, 0x80, 0x00, 0x00, 0x00, 0x40, 0x00, 0x20, 0x0e, 0x0f, 0xff, 0xff, 0xff, 
    0xff, 0xff, 0xff, 0xff, 0xff, 0xff, 0xff, 0xfe, 0xff, 0xff, 0xff, 0xff, 0xff, 0xd7, 0xff, 0xff, 
    0xdb, 0xff, 0xf4, 0x0c, 0x3f, 0xff, 0xff, 0xe1, 0xc0, 0x00, 0x00, 0x00, 0x03, 0xff, 0xcf, 0xc0, 
    0x7f, 0xfe, 0x00, 0x00, 0x00, 0x00, 0x00, 0x00, 0xf8, 0x20, 0x03, 0xff, 0xff, 0xff, 0x80, 0x3f, 
    0xff, 0xff, 0xff, 0xff, 0xff, 0xff, 0xff, 0xff, 0xff, 0xff, 0xff, 0xff, 0xff, 0xff, 0xff, 0xff, 
    0xff, 0xff, 0xff, 0xff, 0xff, 0xff, 0xfc, 0x7f, 0xff, 0xff, 0xff, 0xff, 0xfb, 0xff, 0x8f, 0xff, 
    0xff, 0xff, 0xff, 0xff, 0xff, 0xff, 0xf8, 0x03, 0x80, 0x00, 0x00, 0x00, 0x00, 0x00, 0x20, 0x0f, 
    0x0f, 0xff, 0xff, 0xff, 0xff, 0xff, 0xff, 0xff, 0xff, 0xff, 0xff, 0xfe, 0xff, 0xff, 0xff, 0xff, 
    0xff, 0xd7, 0xff, 0xff, 0xdb, 0xff, 0xf4, 0x0c, 0x3f, 0xff, 0xfe, 0x0f, 0x08, 0x01, 0x00, 0x00, 
    0x03, 0x9f, 0x0f, 0xe0, 0x1f, 0xff, 0xf8, 0x00, 0x00, 0x00, 0x00, 0x00, 0x30, 0x40, 0x0f, 0xff, 
    0xff, 0xff, 0x00, 0x7f, 0xff, 0xff, 0xff, 0xff, 0xff, 0xff, 0xff, 0xff, 0xff, 0xff, 0xff, 0xff, 
    0xff, 0xff, 0xff, 0xff, 0xff, 0xff, 0xff, 0xff, 0xff, 0xff, 0xff, 0x0f, 0xff, 0xff, 0xff, 0xff, 
    0xfb, 0xfc, 0x3f, 0xff, 0xff, 0xff, 0xff, 0xff, 0xff, 0xff, 0xfc, 0x03, 0x80, 0x00, 0x00, 0x00, 
    0x00, 0x00, 0x00, 0x0e, 0x0f, 0xff, 0xff, 0xff, 0xff, 0xff, 0xff, 0xff, 0xff, 0xff, 0xff, 0xfc, 
    0xbf, 0xff, 0xff, 0xff, 0xff, 0xd7, 0xff, 0xff, 0xdb, 0xff, 0xf4, 0x0c, 0x3f, 0xff, 0xff, 0xfe, 
    0x30, 0x00, 0x00, 0x00, 0x03, 0x9f, 0x0f, 0xc0, 0x3f, 0xff, 0xe4, 0x00, 0x00, 0x00, 0x00, 0x00, 
    0x10, 0x00, 0x0f, 0xff, 0xff, 0xff, 0x00, 0x7f, 0xff, 0xff, 0xff, 0xff, 0xff, 0xff, 0xff, 0xff, 
    0xff, 0xff, 0xff, 0xff, 0xff, 0xff, 0xff, 0xff, 0xff, 0xff, 0xff, 0xff, 0xff, 0xff, 0xff, 0xc3, 
    0xff, 0xff, 0xff, 0xff, 0xfb, 0xe1, 0xff, 0xff, 0xff, 0xff, 0xff, 0xff, 0xff, 0xff, 0xbc, 0x01, 
    0xc0, 0x00, 0x00, 0x00, 0x00, 0x00, 0x00, 0x0e, 0x0f, 0xff, 0xff, 0xff, 0xff, 0xff, 0xff, 0xff, 
    0xff, 0xff, 0xff, 0xfc, 0xbf, 0xff, 0xff, 0xff, 0xff, 0xd7, 0xff, 0xff, 0xdb, 0xff, 0xf4, 0x0c, 
    0x3f, 0xff, 0xff, 0xe0, 0x12, 0x00, 0x00, 0x00, 0x06, 0x3f, 0x8f, 0xc0, 0x7f, 0xff, 0xfe, 0x00, 
    0x00, 0x00, 0x00, 0x00, 0x00, 0x00, 0x1f, 0xff, 0xff, 0xfe, 0x00, 0xff, 0xff, 0xff, 0xff, 0xff, 
    0xff, 0xff, 0xff, 0xff, 0xff, 0xff, 0xff, 0xff, 0xff, 0xff, 0xff, 0xff, 0xff, 0xff, 0xff, 0xff, 
    0xff, 0xff, 0xff, 0xf8, 0x3f, 0xff, 0xff, 0xff, 0xfb, 0x0f, 0xff, 0xff, 0xff, 0xff, 0xff, 0xff, 
    0xff, 0xff, 0xbc, 0x00, 0xc0, 0x00, 0x00, 0x00, 0x20, 0x00, 0x20, 0x0f, 0x0f, 0xff, 0xff, 0xff, 
    0xff, 0xff, 0xff, 0xff, 0xff, 0xff, 0xff, 0xfc, 0xbf, 0xff, 0xff, 0xff, 0xff, 0xd7, 0xff, 0xff, 
    0xdb, 0xff, 0xf4, 0x0c, 0x3f, 0xff, 0xff, 0xf8, 0x82, 0x00, 0x00, 0x00, 0x06, 0x7f, 0xcf, 0x83, 
    0xff, 0xff, 0xe0, 0x00, 0x00, 0x00, 0x00, 0x05, 0x80, 0x00, 0x1f, 0xff, 0xff, 0xfc, 0x01, 0xff, 
    0xff, 0xff, 0xff, 0xff, 0xff, 0xff, 0xff, 0xff, 0xff, 0xff, 0xff, 0xff, 0xff, 0xff, 0xff, 0xff, 
    0xff, 0xff, 0xff, 0xff, 0xff, 0xff, 0xff, 0xff, 0x83, 0xff, 0xff, 0xff, 0xf8, 0x7f, 0xff, 0xff, 
    0xff, 0xff, 0xff, 0xff, 0xff, 0xff, 0xde, 0x00, 0xe0, 0x00, 0x00, 0x00, 0x00, 0x00, 0x20, 0x0f, 
    0x0f, 0xff, 0xff, 0xfd, 0xff, 0xff, 0xff, 0xff, 0xff, 0xff, 0xff, 0xfc, 0xbf, 0xff, 0xff, 0xff, 
    0xff, 0xd7, 0xff, 0xff, 0xdb, 0xff, 0xf4, 0x0c, 0x3f, 0xff, 0xff, 0xe1, 0xc4, 0x00, 0x00, 0x00, 
    0x04, 0xff, 0xef, 0x87, 0xff, 0xfe, 0x00, 0x60, 0x00, 0x00, 0x00, 0x04, 0x40, 0x01, 0x7f, 0xff, 
    0xff, 0xf8, 0x03, 0xff, 0xff, 0xff, 0xff, 0xff, 0xff, 0xff, 0xff, 0xff, 0xff, 0xff, 0xff, 0xff, 
    0xff, 0xff, 0xff, 0xff, 0xff, 0xff, 0xff, 0xff, 0xff, 0xff, 0xff, 0xff, 0xf8, 0x0f, 0xff, 0xf0, 
    0x7b, 0xff, 0xff, 0xff, 0xff, 0xff, 0xff, 0xff, 0xff, 0xff, 0xda, 0x00, 0x60, 0x00, 0x00, 0x00, 
    0x00, 0x00, 0x20, 0x0f, 0x0f, 0xff, 0xff, 0xfd, 0xff, 0xff, 0xff, 0xff, 0xff, 0xff, 0xff, 0xfc, 
    0x3f, 0xff, 0xff, 0xff, 0xff, 0xd7, 0xff, 0xff, 0xdb, 0xff, 0xf4, 0x0c, 0x3f, 0xff, 0xff, 0x18, 
    0x20, 0x00, 0x00, 0x00, 0x01, 0xff, 0xe7, 0x1f, 0xff, 0xff, 0xff, 0x80, 0x00, 0x00, 0x00, 0x00, 
    0x20, 0x03, 0xff, 0xff, 0xff, 0xf8, 0x07, 0xff, 0xff, 0xff, 0xff, 0xff, 0xff, 0xff, 0xff, 0xff, 
    0xff, 0xff, 0xff, 0xff, 0xff, 0xdf, 0xff, 0xff, 0xff, 0xff, 0xff, 0xff, 0xff, 0xff, 0xff, 0xff, 
    0xff, 0xc0, 0x00, 0x03, 0xfb, 0xff, 0xff, 0xff, 0xff, 0xff, 0xff, 0xff, 0xff, 0xff, 0xff, 0x00, 
    0x20, 0x00, 0x00, 0x00, 0x00, 0x00, 0x20, 0x0f, 0x0f, 0xff, 0xff, 0xfd, 0xff, 0xff, 0xff, 0xff, 
    0xff, 0xff, 0xff, 0xfd, 0x3f, 0xff, 0xff, 0xff, 0xff, 0xd7, 0xff, 0xff, 0xdb, 0xff, 0xf4, 0x0c, 
    0x3f, 0xff, 0xff, 0x8c, 0x21, 0x00, 0x00, 0x00, 0x01, 0xcf, 0xe6, 0x3f, 0xff, 0xff, 0xfc, 0x00, 
    0x00, 0x00, 0x00, 0x00, 0x00, 0x03, 0xff, 0xff, 0xff, 0xf0, 0x07, 0xff, 0xff, 0xff, 0xff, 0xff, 
    0xff, 0xff, 0xff, 0xff, 0xff, 0xff, 0xff, 0xff, 0xff, 0xdd, 0xff, 0xff, 0xff, 0xff, 0xff, 0xff, 
    0xff, 0xff, 0xff, 0xff, 0xff, 0xff, 0xff, 0xff, 0xfb, 0xff, 0xff, 0xff, 0xff, 0xff, 0xff, 0xff, 
    0xff, 0xff, 0xed, 0x00, 0x30, 0x00, 0x00, 0x00, 0x00, 0x00, 0x20, 0x0b, 0x8f, 0xff, 0xff, 0xfd, 
    0xff, 0xff, 0xff, 0xff, 0xff, 0xff, 0xff, 0xfd, 0xbf, 0xff, 0xff, 0xff, 0xff, 0xd7, 0xff, 0xff, 
    0xdb, 0xff, 0xf4, 0x0c, 0x3f, 0xff, 0xff, 0xe6, 0x30, 0x00, 0x00, 0x00, 0x04, 0x0f, 0xe6, 0x3f, 
    0xff, 0xff, 0xf0, 0xc2, 0x00, 0x00, 0x01, 0xa2, 0x00, 0x07, 0xff, 0xff, 0xff, 0xf0, 0x07, 0xff, 
    0xff, 0xff, 0xff, 0xff, 0xff, 0xff, 0xff, 0xff, 0xff, 0xff, 0xff, 0xff, 0xff, 0xdd, 0xff, 0xff, 
    0xff, 0xff, 0xff, 0xff, 0xff, 0xff, 0xff, 0xff, 0xff, 0xff, 0xff, 0xff, 0xfb, 0xff, 0xff, 0xff, 
    0xff, 0xff, 0xff, 0xff, 0xff, 0xff, 0xfd, 0x00, 0x30, 0x00, 0x00, 0x00, 0x00, 0x00, 0x20, 0x0b, 
    0x8f, 0xff, 0xff, 0xf9, 0xff, 0xff, 0xff, 0xff, 0xff, 0xff, 0xff, 0xfd, 0xbf, 0xff, 0xff, 0xff, 
    0xff, 0xd7, 0xff, 0xff, 0xdb, 0xff, 0xe4, 0x04, 0x3f, 0xff, 0xf0, 0xf0, 0x00, 0x00, 0x00, 0x00, 
    0x00, 0xbf, 0xe4, 0x7f, 0xff, 0xff, 0xff, 0x0c, 0x00, 0x00, 0x03, 0xd3, 0x80, 0x07, 0xff, 0xff, 
    0xff, 0xf0, 0x07, 0xff, 0xff, 0xff, 0xff, 0xff, 0xff, 0xff, 0xff, 0xff, 0xff, 0xff, 0xff, 0xff, 
    0xf7, 0xdd, 0xbf, 0xff, 0xff, 0xff, 0xff, 0xff, 0xff, 0xff, 0xff, 0xff, 0xff, 0xff, 0xff, 0xff, 
    0xfb, 0xff, 0xff, 0xff, 0xff, 0xff, 0xff, 0xff, 0xff, 0xff, 0xf4, 0x80, 0x10, 0x00, 0x00, 0x00, 
    0x00, 0x00, 0x20, 0x0f, 0x8f, 0xff, 0xff, 0xf9, 0xff, 0xff, 0xff, 0xff, 0xff, 0xff, 0xff, 0xfd, 
    0xbf, 0xff, 0xff, 0xff, 0xff, 0xd7, 0xff, 0xff, 0xdb, 0xff, 0xe4, 0x04, 0x3f, 0xff, 0xfc, 0x48, 
    0x00, 0x00, 0x00, 0x00, 0x01, 0xf9, 0xe0, 0x7f, 0xff, 0xff, 0xfc, 0x38, 0xc0, 0x00, 0x01, 0x53, 
    0xc0, 0x0f, 0xff, 0xff, 0xff, 0xe0, 0x0f, 0xff, 0xff, 0xff, 0xff, 0xff, 0xff, 0xff, 0xff, 0xff, 
    0xff, 0xff, 0xff, 0xef, 0xf7, 0xdd, 0xbf, 0xff, 0xff, 0xff, 0xff, 0xff, 0xff, 0xff, 0xff, 0xff, 
    0xff, 0xff, 0xff, 0xff, 0xfb, 0xff, 0xff, 0xff, 0xff, 0xff, 0xff, 0xff, 0xff, 0xff, 0xf4, 0x80, 
    0x08, 0x00, 0x00, 0x00, 0x00, 0x00, 0x20, 0x0f, 0x8f, 0xff, 0xff, 0xf9, 0xff, 0xff, 0xff, 0xff, 
    0xff, 0xff, 0xff, 0xfd, 0xbf, 0xff, 0xff, 0xbf, 0xff, 0x97, 0xff, 0xff, 0xdb, 0xff, 0xe4, 0x04, 
    0x3f, 0xff, 0xfe, 0x20, 0x00, 0x00, 0x00, 0x00, 0x03, 0xf9, 0xe0, 0x7f, 0xff, 0xff, 0xf0, 0xf1, 
    0x98, 0x00, 0x00, 0x3f, 0xc0, 0x0f, 0xff, 0xff, 0xff, 0xe0, 0x0f, 0xff, 0xff, 0xff, 0xff, 0xff, 
    0xff, 0xff, 0xff, 0xff, 0xff, 0xff, 0xff, 0xf7, 0xfb, 0x9b, 0x7f, 0xff, 0xff, 0xff, 0xff, 0xff, 
    0xff, 0xff, 0xff, 0xff, 0xff, 0xff, 0xff, 0xff, 0xfb, 0xff, 0xff, 0xff, 0xff, 0xff, 0xff, 0xff, 
    0xff, 0xff, 0xfa, 0x00, 0x08, 0x00, 0x00, 0x00, 0x00, 0x00, 0x20, 0x0b, 0x8f, 0xff, 0xff, 0xf9, 
    0xff, 0xff, 0xff, 0xff, 0xff, 0xff, 0xff, 0xfd, 0xbf, 0xff, 0xff, 0xbf, 0xff, 0x97, 0xff, 0xff, 
    0xdb, 0xff, 0xe4, 0x04, 0x3f, 0xff, 0xff, 0x00, 0x00, 0x00, 0x00, 0x00, 0x0e, 0x00, 0xe0, 0xff, 
    0xff, 0xff, 0x87, 0xe3, 0x00, 0x00, 0x00, 0xff, 0xe0, 0x1f, 0xff, 0xff, 0xff, 0xf0, 0x0f, 0xff, 
    0xff, 0xff, 0xff, 0xff, 0xff, 0xff, 0xff, 0xff, 0xff, 0xff, 0xf7, 0xf5, 0xfb, 0x9b, 0x7f, 0xff, 
    0xff, 0xff, 0xff, 0xff, 0xff, 0xff, 0xff, 0xff, 0xff, 0xff, 0xff, 0xff, 0xfb, 0xff, 0xff, 0xff, 
    0xff, 0xff, 0xff, 0xff, 0xff, 0xff, 0xfa, 0x00, 0x04, 0x00, 0x00, 0x00, 0x08, 0x00, 0x00, 0x0b, 
    0x8f, 0xff, 0xff, 0xf9, 0xff, 0xf7, 0xff, 0xff, 0xff, 0xff, 0xff, 0xfd, 0xbf, 0xff, 0xff, 0xbf, 
    0xff, 0x97, 0xff, 0xff, 0xdb, 0xff, 0xe4, 0x04, 0x3f, 0xff, 0xe3, 0xc0, 0x00, 0x00, 0x00, 0x00, 
    0x00, 0x00, 0x60, 0xff, 0xff, 0xff, 0xff, 0xcf, 0x00, 0x00, 0x19, 0x7f, 0xe0, 0x1d, 0xff, 0xff, 
    0xff, 0xf0, 0x1f, 0xff, 0xff, 0xff, 0xff, 0xff, 0xff, 0xff, 0xff, 0xff, 0xff, 0xff, 0xf3, 0xf4, 
    0xf9, 0x9b, 0x7f, 0xff, 0xff, 0xff, 0xff, 0xff, 0xff, 0xff, 0xff, 0xff, 0xff, 0xff, 0xff, 0xff, 
    0xf9, 0xff, 0xff, 0xff, 0xff, 0xff, 0xff, 0xff, 0xff, 0xff, 0xfa, 0x20, 0x04, 0x00, 0x00, 0x00, 
    0x08, 0x00, 0x00, 0x0b, 0x8f, 0xff, 0xff, 0xf9, 0xff, 0xf7, 0xff, 0xff, 0xff, 0xff, 0xff, 0xfd, 
    0xbf, 0xff, 0xff, 0xbf, 0xff, 0x97, 0xff, 0xff, 0xdb, 0xff, 0xe4, 0x04, 0x3f, 0xff, 0xf8, 0x30, 
    0x00, 0x00, 0x00, 0x00, 0x00, 0x18, 0x20, 0xff, 0xff, 0xff, 0xff, 0x9e, 0x60, 0x00, 0x0b, 0xbb, 
    0xe0, 0x01, 0xff, 0xff, 0xff, 0xf0, 0x1f, 0xff, 0xff, 0xff, 0xff, 0xff, 0xff, 0xff, 0xff, 0xff, 
    0xff, 0xff, 0xf9, 0xf9, 0x39, 0x9a, 0x6f, 0xff, 0xff, 0xff, 0xff, 0xff, 0xff, 0xff, 0xff, 0xff, 
    0xff, 0xff, 0xff, 0xff, 0xf9, 0xff, 0xff, 0xff, 0xff, 0xff, 0xff, 0xff, 0xff, 0xff, 0xfc, 0x20, 
    0x00, 0x00, 0x00, 0x00, 0x08, 0x00, 0x00, 0x0f, 0x8f, 0xff, 0xff, 0xf9, 0xff, 0xf7, 0xff, 0xff, 
    0xff, 0xff, 0xff, 0xfd, 0xbf, 0xff, 0xff, 0xbf, 0xff, 0x97, 0xff, 0xff, 0x8b, 0xff, 0xe4, 0x04, 
    0x3f, 0xff, 0xff, 0x00, 0x00, 0x00, 0x00, 0x00, 0x1e, 0xfe, 0x01, 0xff, 0xff, 0xff, 0xff, 0xfc, 
    0x60, 0x00, 0x03, 0xbb, 0xc0, 0x07, 0xff, 0xff, 0xff, 0xf0, 0x1f, 0xff, 0xff, 0xff, 0xff, 0xff, 
    0xff, 0xff, 0xff, 0xff, 0xff, 0xff, 0xf9, 0xd9, 0xb1, 0x92, 0x6b, 0xff, 0xff, 0xff, 0xff, 0xff, 
    0xff, 0xff, 0xff, 0xff, 0xff, 0xff, 0xff, 0xff, 0xf9, 0xff, 0xff, 0xff, 0xff, 0xff, 0xff, 0xff, 
    0xff, 0xff, 0xfd, 0x00, 0x00, 0x00, 0x00, 0x00, 0x10, 0x00, 0x00, 0x0f, 0x8f, 0xff, 0xff, 0xf9, 
    0xff, 0xff, 0xff, 0xff, 0xff, 0xff, 0xff, 0xfd, 0xbf, 0xff, 0xff, 0xbf, 0xff, 0x97, 0xff, 0xff, 
    0x9b, 0xff, 0xe4, 0x04, 0x3f, 0xff, 0x03, 0xe0, 0x00, 0x00, 0x00, 0x00, 0x06, 0xff, 0x01, 0xff, 
    0xff, 0xff, 0xff, 0xfc, 0x04, 0x00, 0x03, 0xdb, 0xc0, 0x07, 0xff, 0xff, 0xff, 0xf0, 0x3f, 0xff, 
    0xff, 0xff, 0xff, 0xff, 0xff, 0xff, 0xff, 0xff, 0xff, 0xff, 0x7d, 0x80, 0x90, 0x92, 0xd7, 0xff, 
    0xff, 0xff, 0xff, 0xff, 0xff, 0xff, 0xff, 0xff, 0xff, 0xff, 0xff, 0xff, 0xb9, 0xff, 0xff, 0xff, 
    0xff, 0xff, 0xff, 0xff, 0xff, 0xff, 0xfe, 0x00, 0x00, 0x00, 0x00, 0x00, 0x10, 0x00, 0x00, 0x0f, 
    0x8f, 0xff, 0xff, 0xf9, 0xff, 0xff, 0xff, 0xff, 0xff, 0xff, 0xff, 0xfd, 0xbf, 0xff, 0xff, 0xbf, 
    0xff, 0x97, 0xff, 0xff, 0x9b, 0xff, 0xe4, 0x04, 0x3f, 0xff, 0xc0, 0x10, 0x00, 0x00, 0x00, 0x01, 
    0x30, 0xff, 0x81, 0xff, 0xff, 0xff, 0xff, 0xf1, 0x80, 0x08, 0x0b, 0x13, 0xe0, 0x0f, 0xff, 0xff, 
    0xff, 0xf0, 0x3f, 0xff, 0xff, 0xff, 0xff, 0xff, 0xff, 0xff, 0xff, 0xff, 0xff, 0xff, 0xbc, 0x88, 
    0x84, 0x92, 0xdf, 0xff, 0xff, 0xff, 0xff, 0xff, 0xff, 0xff, 0xff, 0xff, 0xff, 0xff, 0xff, 0xff, 
    0xb9, 0xff, 0xff, 0xff, 0xff, 0xff, 0xff, 0xff, 0xff, 0xff, 0xfe, 0x00, 0x00, 0x00, 0x00, 0x00, 
    0x14, 0x00, 0x00, 0x0f, 0x8f, 0xff, 0xff, 0xf9, 0xff, 0xff, 0xff, 0xff, 0xff, 0xff, 0xff, 0xfd, 
    0xbf, 0xff, 0xff, 0xbf, 0xff, 0xb7, 0xff, 0xff, 0xbb, 0xff, 0xe4, 0x04, 0x3f, 0xff, 0xf8, 0x00, 
    0x00, 0x00, 0x00, 0x00, 0x3c, 0x7f, 0x81, 0xff, 0xff, 0xff, 0xff, 0xf9, 0xc0, 0x04, 0x28, 0x03, 
    0xe0, 0x5f, 0xff, 0xff, 0xff, 0xf0, 0x3f, 0xff, 0xff, 0xff, 0xff, 0xff, 0xff, 0xff, 0xff, 0xff, 
    0xff, 0xff, 0xde, 0xc0, 0x04, 0x94, 0x9f, 0xff, 0xff, 0xff, 0xff, 0xff, 0xff, 0xff, 0xff, 0xff, 
    0xff, 0xff, 0xff, 0xff, 0xb9, 0xff, 0xff, 0xff, 0xff, 0xff, 0xff, 0xff, 0xff, 0xff, 0xfe, 0x00, 
    0x01, 0x00, 0x00, 0x00, 0x14, 0x00, 0x00, 0x0f, 0x8f, 0xff, 0x7f, 0xf9, 0xff, 0xff, 0xff, 0xff, 
    0xff, 0xff, 0xff, 0xfd, 0xbf, 0xff, 0xff, 0xbf, 0xff, 0xb3, 0xff, 0xff, 0xbb, 0xff, 0xe4, 0x04, 
    0x3f, 0xff, 0xff, 0x00, 0x00, 0x00, 0x00, 0x00, 0x01, 0x9f, 0x83, 0xff, 0xff, 0xff, 0xff, 0xfc, 
    0x00, 0x04, 0x28, 0x03, 0xe0, 0x4f, 0xff, 0xff, 0xff, 0xf0, 0x1f, 0xff, 0xff, 0xff, 0xff, 0xff, 
    0xff, 0xff, 0xff, 0xff, 0xff, 0xff, 0xe6, 0x60, 0x00, 0x94, 0x9c, 0xff, 0xff, 0xff, 0xff, 0xff, 
    0xff, 0xff, 0xff, 0xff, 0xff, 0xff, 0xff, 0xff, 0xb9, 0xff, 0xff, 0xff, 0xff, 0xff, 0xff, 0xff, 
    0xff, 0xff, 0xff, 0x00, 0x01, 0x00, 0x00, 0x00, 0x10, 0x00, 0x00, 0x8f, 0x8f, 0xff, 0x7f, 0xf9, 
    0xff, 0xff, 0xff, 0xff, 0xff, 0xff, 0xff, 0xf5, 0xbf, 0xff, 0xff, 0xbf, 0xff, 0xb3, 0xff, 0xff, 
    0xbb, 0xff, 0xe4, 0x04, 0x3f, 0xff, 0x83, 0xf0, 0x00, 0x00, 0x00, 0x00, 0x00, 0x0f, 0x83, 0xff, 
    0xbf, 0xff, 0xff, 0xfe, 0x00, 0x00, 0x28, 0x63, 0xe1, 0x8f, 0xff, 0xff, 0xff, 0xe0, 0x1f, 0xff, 
    0xff, 0xff, 0xff, 0xff, 0xff, 0xff, 0xff, 0xff, 0xff, 0xfe, 0xe2, 0x08, 0x00, 0x05, 0x3d, 0xff, 
    0xff, 0xff, 0xff, 0xff, 0xff, 0xff, 0xff, 0xff, 0xff, 0xff, 0xff, 0xff, 0xb9, 0xff, 0xff, 0xff, 
    0xff, 0xff, 0xff, 0xff, 0xff, 0xff, 0xff, 0x00, 0x00, 0x00, 0x00, 0x00, 0x10, 0x00, 0x00, 0x8f, 
    0x8f, 0xff, 0x7f, 0xf9, 0xff, 0xff, 0xff, 0xff, 0xff, 0xff, 0xff, 0xf5, 0xbf, 0xff, 0xff, 0xbf, 
    0xff, 0xb3, 0xff, 0xff, 0xbb, 0xff, 0xe4, 0x04, 0x3f, 0xff, 0xf0, 0x04, 0x00, 0x00, 0x00, 0x00, 
    0x0c, 0x03, 0x83, 0xff, 0xbf, 0xff, 0xff, 0xe3, 0x00, 0x00, 0x10, 0xe3, 0xc1, 0x8f, 0xff, 0xff, 
    0xff, 0xc0, 0x0f, 0xff, 0xff, 0xff, 0xff, 0xff, 0xff, 0xff, 0xff, 0xff, 0xff, 0xff, 0x30, 0x20, 
    0x00, 0x01, 0x7b, 0xff, 0xff, 0xff, 0xff, 0xff, 0xff, 0xff, 0xff, 0xff, 0xff, 0xff, 0xff, 0xff, 
    0x79, 0xff, 0xff, 0xff, 0xff, 0xff, 0xff, 0xff, 0xff, 0xff, 0xff, 0x00, 0x00, 0x80, 0x00, 0x00, 
    0x00, 0x00, 0x02, 0x8f, 0x8f, 0xff, 0x7f, 0xf9, 0xff, 0xff, 0xff, 0xff, 0xff, 0xff, 0xff, 0xf5, 
    0xbf, 0xff, 0xff, 0xbf, 0xff, 0xb3, 0xff, 0xff, 0xbb, 0xff, 0xe4, 0x04, 0x3f, 0xff, 0xff, 0x00, 
    0x00, 0x00, 0x00, 0x00, 0x07, 0xc0, 0x83, 0xff, 0x3f, 0xff, 0xff, 0xfc, 0x00, 0x00, 0x17, 0x81, 
    0x81, 0x1f, 0xff, 0xff, 0xff, 0x80, 0x0f, 0xff, 0xff, 0xff, 0xff, 0xff, 0xff, 0xff, 0xff, 0xff, 
    0xff, 0xff, 0x9a, 0x00, 0x00, 0x00, 0x73, 0xff, 0xff, 0xff, 0xff, 0xff, 0xff, 0xff, 0xff, 0xff, 
    0xff, 0xff, 0xff, 0xff, 0x79, 0xff, 0xff, 0xff, 0xff, 0xff, 0xff, 0xff, 0xff, 0xff, 0xff, 0x80, 
    0x00, 0x00, 0x00, 0x00, 0x00, 0x00, 0x02, 0x8f, 0xcf, 0xff, 0x7f, 0xf9, 0xff, 0xff, 0xff, 0xff, 
    0xff, 0xff, 0xff, 0xf5, 0xbf, 0xff, 0xff, 0xbf, 0xff, 0xb3, 0xff, 0xff, 0xbb, 0xff, 0xe4, 0x04, 
    0x3f, 0xfe, 0x00, 0x00, 0x00, 0x00, 0x00, 0x10, 0x03, 0xf0, 0x03, 0xff, 0x3f, 0xff, 0xff, 0xff, 
    0x80, 0x00, 0x06, 0x31, 0x81, 0x7f, 0xff, 0xff, 0xff, 0x80, 0x1f, 0xff, 0xff, 0xff, 0xff, 0xff, 
    0xff, 0xff, 0xff, 0xff, 0xff, 0xf1, 0xc0, 0x00, 0x00, 0x00, 0x47, 0xff, 0xff, 0xff, 0xff, 0xff, 
    0xff, 0xff, 0xff, 0xff, 0xff, 0xff, 0xff, 0xff, 0x7d, 0xff, 0xff, 0xff, 0xff, 0xff, 0xff, 0xff, 
    0xff, 0xff, 0xff, 0x80, 0x00, 0x00, 0x00, 0x00, 0x04, 0x00, 0x02, 0x8f, 0xcf, 0xff, 0x7f, 0xf9, 
    0xff, 0xff, 0xff, 0xff, 0xff, 0xff, 0xff, 0xf5, 0xbf, 0xff, 0xff, 0xbf, 0xff, 0xb3, 0xff, 0xff, 
    0xbb, 0xff, 0xe4, 0x04, 0x3f, 0xff, 0xe0, 0x00, 0x00, 0x00, 0x00, 0x20, 0x01, 0xfe, 0x03, 0xff, 
    0x3f, 0xff, 0xff, 0xc0, 0x70, 0x00, 0x0c, 0x70, 0x00, 0xff, 0xff, 0xff, 0xff, 0x80, 0x1f, 0xff, 
    0xff, 0xff, 0xff, 0xff, 0xff, 0xff, 0xff, 0xff, 0xff, 0xfc, 0x60, 0x00, 0x00, 0x00, 0x8f, 0xff, 
    0xff, 0xff, 0xff, 0xff, 0xff, 0xff, 0xff, 0xff, 0xff, 0xff, 0xff, 0xff, 0x7d, 0xff, 0xff, 0xff, 
    0xff, 0xff, 0xff, 0xff, 0xff, 0xff, 0xff, 0x80, 0x00, 0x00, 0x00, 0x00, 0x04, 0x00, 0x02, 0x8f, 
    0x8f, 0xff, 0x7f, 0xf9, 0xff, 0xff, 0xff, 0xff, 0xff, 0xff, 0xff, 0xf5, 0xbf, 0xff, 0xff, 0xbf, 
    0xff, 0xb3, 0xff, 0xff, 0xbb, 0xff, 0xe0, 0x04, 0x3f, 0xff, 0xc0, 0x00, 0x00, 0x00, 0x00, 0x00, 
    0x81, 0xff, 0x07, 0xff, 0x3f, 0xff, 0xff, 0xfc, 0x00, 0x00, 0x01, 0xf0, 0x00, 0xff, 0xff, 0xff, 
    0xff, 0x00, 0x3f, 0xff, 0xff, 0xff, 0xff, 0xff, 0xff, 0xff, 0xff, 0xff, 0xff, 0xff, 0x10, 0x00, 
    0x00, 0x00, 0x9f, 0xff, 0xff, 0xff, 0xff, 0xff, 0xff, 0xff, 0xff, 0xff, 0xff, 0xff, 0xff, 0xff, 
    0x7d, 0xff, 0xff, 0xff, 0xff, 0xff, 0xff, 0xff, 0xff, 0xff, 0xff, 0xc0, 0x00, 0x00, 0x00, 0x00, 
    0x04, 0x00, 0x02, 0x8f, 0x8f, 0xff, 0x7f, 0xf9, 0xff, 0xff, 0xff, 0xff, 0xff, 0xff, 0xff, 0xf5, 
    0xbf, 0xff, 0xff, 0xbf, 0xff, 0xb3, 0xff, 0xff, 0xbb, 0xff, 0xe0, 0x04, 0x3f, 0xff, 0xff, 0x00, 
    0x00, 0x00, 0x00, 0x00, 0x89, 0xff, 0x83, 0xfe, 0x7f, 0xff, 0xff, 0x80, 0x00, 0x00, 0x03, 0xe0, 
    0x00, 0xff, 0xff, 0xff, 0xff, 0x00, 0x3f, 0xff, 0xff, 0xff, 0xff, 0xff, 0xff, 0xff, 0xff, 0xff, 
    0xff, 0xf8, 0xc0, 0x00, 0x00, 0x00, 0x3f, 0xff, 0xff, 0xff, 0xff, 0xff, 0xff, 0xff, 0xff, 0xff, 
    0xff, 0xff, 0xff, 0xfe, 0xfd, 0xff, 0xff, 0xff, 0xff, 0xff, 0xff, 0xff, 0xff, 0xff, 0xff, 0xc0, 
    0x00, 0x00, 0x00, 0x00, 0x04, 0x00, 0x02, 0x8f, 0xcf, 0xff, 0x7f, 0xf9, 0xff, 0xff, 0xff, 0xff, 
    0xff, 0xff, 0xff, 0xf5, 0xbf, 0xff, 0xff, 0xbf, 0xff, 0xb3, 0xff, 0xff, 0xfb, 0xff, 0xe0, 0x04, 
    0x3f, 0xff, 0xff, 0xe0, 0x00, 0x00, 0x00, 0x00, 0x89, 0xff, 0xcf, 0xfe, 0x7f, 0xff, 0xff, 0xf0, 
    0x00, 0x00, 0x00, 0x00, 0x00, 0x0f, 0xff, 0xff, 0xff, 0x00, 0x7f, 0xff, 0xff, 0xff, 0xff, 0xff, 
    0xff, 0xff, 0xff, 0xff, 0xff, 0x3e, 0x00, 0x00, 0x00, 0x00, 0x7e, 0x7f, 0xff, 0xff, 0xff, 0xff, 
    0xff, 0xff, 0xff, 0xff, 0xff, 0xff, 0xff, 0xfe, 0xf9, 0xff, 0xff, 0xff, 0xff, 0xff, 0xff, 0xff, 
    0xff, 0xff, 0xff, 0xc0, 0x00, 0x00, 0x00, 0x00, 0x04, 0x00, 0x03, 0x8f, 0xcf, 0xff, 0x7f, 0xfd, 
    0xff, 0xff, 0xff, 0xff, 0xff, 0xff, 0xff, 0xf5, 0xbf, 0xff, 0xff, 0xbf, 0xff, 0xb3, 0xff, 0xff, 
    0xfb, 0xff, 0xe0, 0x04, 0x3f, 0xff, 0xf8, 0x00, 0x00, 0x00, 0x00, 0x40, 0xed, 0xff, 0xef, 0xfc, 
    0x7f, 0xff, 0xff, 0xff, 0x80, 0x00, 0x00, 0x00, 0x00, 0x0f, 0xff, 0xff, 0xff, 0x00, 0x7f, 0xff, 
    0xff, 0xff, 0xff, 0xff, 0xff, 0xff, 0xff, 0xff, 0xff, 0xc7, 0x80, 0x00, 0x00, 0x00, 0xf0, 0xff, 
    0xff, 0xff, 0xff, 0xff, 0xff, 0xff, 0xff, 0xff, 0xff, 0xff, 0xff, 0xfe, 0xf9, 0xff, 0xff, 0xff, 
    0xff, 0xff, 0xff, 0xff, 0xff, 0xff, 0xff, 0xc0, 0x00, 0x00, 0x00, 0x00, 0x05, 0x00, 0x03, 0x8f, 
    0xcf, 0xff, 0x7f, 0xff, 0xff, 0xff, 0xff, 0xff, 0xff, 0xff, 0xff, 0xf5, 0xbf, 0xff, 0xff, 0xbf, 
    0xff, 0xb3, 0xff, 0xff, 0xfb, 0xff, 0xe0, 0x04, 0x3f, 0xff, 0x80, 0x00, 0x20, 0x00, 0x08, 0x46, 
    0x6c, 0xff, 0xff, 0xfc, 0x7f, 0xff, 0xff, 0xf8, 0x20, 0x00, 0x0f, 0xc0, 0x00, 0x1f, 0xff, 0xff, 
    0xff, 0x80, 0x7f, 0xff, 0xff, 0xff, 0xff, 0xff, 0xff, 0xff, 0xff, 0xff, 0xff, 0xf8, 0x60, 0x00, 
    0x00, 0x01, 0x87, 0xff, 0xff, 0xff, 0xff, 0xff, 0xff, 0xff, 0xff, 0xff, 0xff, 0xff, 0xff, 0xfe, 
    0xf9, 0xff, 0xff, 0xff, 0xff, 0xff, 0xff, 0xff, 0xff, 0xff, 0xff, 0xe0, 0x00, 0x00, 0x00, 0x00, 
    0x0c, 0x00, 0x03, 0x8f, 0xdf, 0xff, 0x7f, 0xff, 0xff, 0xff, 0xff, 0xff, 0xff, 0xff, 0xff, 0xf5, 
    0xbf, 0xff, 0xff, 0xbf, 0xff, 0xb3, 0xff, 0xff, 0xfb, 0xff, 0xc0, 0x04, 0x3f, 0xff, 0x0f, 0xc0, 
    0x60, 0x00, 0x01, 0x06, 0x26, 0xff, 0xff, 0xfc, 0xff, 0xff, 0xff, 0xff, 0xc0, 0x00, 0x03, 0xe0, 
    0x00, 0xcf, 0xff, 0xff, 0xff, 0x80, 0x3f, 0xff, 0xff, 0xff, 0xff, 0xff, 0xff, 0xff, 0xff, 0xff, 
    0xff, 0xbc, 0x00, 0x00, 0x00, 0x00, 0x1f, 0xff, 0xff, 0xff, 0xff, 0xff, 0xff, 0xff, 0xff, 0xff, 
    0xff, 0xff, 0xff, 0xfe, 0xf9, 0xff, 0xff, 0xff, 0xff, 0xff, 0xff, 0xff, 0xff, 0xff, 0xff, 0xe0, 
    0x00, 0x00, 0x00, 0x00, 0x0c, 0x00, 0x03, 0x8f, 0xdf, 0xff, 0x7f, 0xff, 0xff, 0xff, 0xff, 0xff, 
    0xff, 0xff, 0xff, 0xf5, 0xbf, 0xff, 0xff, 0xbf, 0xff, 0xb3, 0xff, 0xff, 0xff, 0xff, 0xc0, 0x04, 
    0x3f, 0xdf, 0x88, 0x01, 0x00, 0x00, 0x01, 0x16, 0x26, 0x7f, 0xff, 0xf8, 0xff, 0xff, 0xff, 0xfc, 
    0x00, 0x00, 0x00, 0x00, 0x00, 0xe7, 0xff, 0xff, 0xff, 0xc0, 0x3f, 0xff, 0xff, 0xff, 0xff, 0xff, 
    0xff, 0xff, 0xff, 0xff, 0xff, 0xc1, 0x00, 0x00, 0x00, 0x00, 0xff, 0xff, 0xff, 0xff, 0xff, 0xff, 
    0xff, 0xff, 0xff, 0xff, 0xff, 0xff, 0xff, 0xfe, 0xf9, 0xff, 0xff, 0xff, 0xff, 0xff, 0xff, 0xff, 
    0xff, 0xff, 0xff, 0xf0, 0x00, 0x00, 0x00, 0x00, 0x0c, 0x00, 0x03, 0x8f, 0xdf, 0xff, 0x7f, 0xff, 
    0xff, 0xf7, 0xff, 0xff, 0xff, 0xff, 0xff, 0xf5, 0xbf, 0xff, 0xff, 0xbf, 0xff, 0xb3, 0xff, 0xff, 
    0xff, 0xff, 0xc0, 0x04, 0x3f, 0xcf, 0xc0, 0x1c, 0x00, 0x00, 0x00, 0x36, 0x06, 0x7f, 0xff, 0xf1, 
    0xff, 0xff, 0xff, 0x00, 0x00, 0x00, 0x17, 0x80, 0x01, 0xff, 0xff, 0xff, 0xff, 0xc0, 0x3f, 0xff, 
    0xff, 0xff, 0xff, 0xff, 0xff, 0xff, 0xff, 0xff, 0xff, 0xf0, 0x00, 0x00, 0x00, 0x00, 0x0f, 0xff, 
    0xff, 0xff, 0xff, 0xff, 0xff, 0xff, 0xff, 0xff, 0xff, 0xff, 0xff, 0xfe, 0xf9, 0xff, 0xff, 0xff, 
    0xff, 0xff, 0xff, 0xff, 0xff, 0xff, 0xff, 0xf0, 0x00, 0x00, 0x00, 0x00, 0x04, 0x00, 0x03, 0x8f, 
    0xdf, 0xff, 0x7f, 0xff, 0xff, 0xff, 0xff, 0xff, 0xff, 0xff, 0xff, 0xf1, 0xbf, 0xff, 0xff, 0xbf, 
    0xff, 0xf3, 0xff, 0xff, 0xdf, 0xff, 0xc0, 0x04, 0x3f, 0xef, 0xcc, 0x78, 0x04, 0x00, 0x00, 0x2e, 
    0x0f, 0xff, 0xff, 0xe1, 0xff, 0xff, 0xff, 0xff, 0xe0, 0x00, 0x1b, 0xe0, 0x01, 0xff, 0xff, 0xff, 
    0xff, 0xe0, 0x1f, 0xff, 0xff, 0xff, 0xff, 0xff, 0xff, 0xff, 0xff, 0xff, 0xff, 0xfe, 0x00, 0x00, 
    0x00, 0x01, 0xff, 0xff, 0xff, 0xff, 0xff, 0xff, 0xff, 0xff, 0xff, 0xff, 0xff, 0xff, 0xff, 0xfe, 
    0xfd, 0xff, 0xff, 0xff, 0xff, 0xff, 0xff, 0xff, 0xff, 0xff, 0xff, 0xf8, 0x00, 0x00, 0x00, 0x00, 
    0x04, 0x00, 0x03, 0x8f, 0xdf, 0xff, 0x7f, 0xff, 0xff, 0xff, 0xff, 0xff, 0xff, 0xff, 0xff, 0xf1, 
    0xbf, 0xff, 0xff, 0x3f, 0xff, 0xf3, 0xff, 0xff, 0xdf, 0xff, 0xc0, 0x04, 0x3e, 0x67, 0xc2, 0x60, 
    0x00, 0x00, 0x00, 0x2f, 0xcf, 0xff, 0xff, 0xe3, 0xff, 0xff, 0xff, 0xff, 0x80, 0x60, 0x0c, 0xf0, 
    0x03, 0xff, 0xff, 0xff, 0xff, 0xe0, 0x0f, 0xff, 0xff, 0xff, 0xff, 0xff, 0xff, 0xff, 0xff, 0xff, 
    0xff, 0x80, 0x00, 0x00, 0x00, 0x06, 0x7f, 0xff, 0xff, 0xff, 0xff, 0xff, 0xff, 0xff, 0xff, 0xff, 
    0xff, 0xff, 0xff, 0xfe, 0xfd, 0xff, 0xff, 0xff, 0xff, 0xff, 0xff, 0xff, 0xff, 0xff, 0xff, 0xf8, 
    0x00, 0x00, 0x00, 0x00, 0x04, 0x00, 0x03, 0x8f, 0xdf, 0xff, 0x7f, 0xff, 0xff, 0xff, 0xff, 0xff, 
    0xff, 0xff, 0xff, 0xf1, 0xbf, 0xff, 0xff, 0x3f, 0xff, 0xf3, 0xff, 0xff, 0xdf, 0xff, 0xc0, 0x04, 
    0x3f, 0x72, 0x46, 0x40, 0x18, 0x00, 0x00, 0x5f, 0xcf, 0xff, 0xff, 0xe3, 0xff, 0xff, 0xff, 0xfc, 
    0x03, 0x80, 0x06, 0x78, 0x03, 0xff, 0xff, 0xff, 0xff, 0xe0, 0x0f, 0xff, 0xff, 0xff, 0xff, 0xff, 
    0xff, 0xfe, 0xff, 0xff, 0xff, 0xf0, 0x00, 0x00, 0x00, 0x13, 0x9f, 0xff, 0xff, 0xff, 0xff, 0xff, 
    0xff, 0xff, 0xff, 0xff, 0xff, 0xff, 0xff, 0xfe, 0xfd, 0xff, 0xff, 0xff, 0xff, 0xff, 0xff, 0xff, 
    0xff, 0xff, 0xff, 0xfc, 0x00, 0x00, 0x00, 0x00, 0x00, 0x00, 0x03, 0x8f, 0xdf, 0xfe, 0x7f, 0xff, 
    0xff, 0xff, 0xff, 0xff, 0xff, 0xff, 0xff, 0xf1, 0xbf, 0xff, 0xff, 0x3f, 0xff, 0xf3, 0xff, 0xff, 
    0xdf, 0xff, 0xc0, 0x04, 0x2f, 0x33, 0x66, 0x00, 0x38, 0xc0, 0x00, 0x5f, 0xcf, 0xff, 0xff, 0xc7, 
    0xff, 0xff, 0xff, 0xc0, 0x0e, 0x00, 0x17, 0xb8, 0x03, 0xff, 0xff, 0xff, 0xff, 0xe0, 0x07, 0xff, 
    0xff, 0xff, 0xff, 0xff, 0xff, 0xff, 0x6f, 0xff, 0xff, 0xff, 0xe0, 0x00, 0x00, 0x11, 0xe7, 0xff, 
    0xff, 0xff, 0xff, 0xff, 0xff, 0xff, 0xff, 0xff, 0xff, 0xff, 0xff, 0xfc, 0xfd, 0xff, 0xff, 0xff, 
    0xff, 0xff, 0xff, 0xff, 0xff, 0xff, 0xff, 0xfc, 0x00, 0x00, 0x00, 0x00, 0x00, 0x00, 0x03, 0x8f, 
    0xdf, 0xfe, 0x3f, 0xff, 0xff, 0xff, 0xff, 0xff, 0xff, 0xff, 0xff, 0xf1, 0xbf, 0xff, 0xff, 0x3f, 
    0xff, 0xf3, 0xff, 0xff, 0xdf, 0xff, 0xc0, 0x04, 0x37, 0x93, 0x64, 0x00, 0x02, 0x00, 0x01, 0x5f, 
    0xdf, 0xff, 0xff, 0x87, 0xff, 0xff, 0xff, 0xdc, 0x78, 0x02, 0x13, 0xf8, 0x03, 0xff, 0xff, 0xff, 
    0xff, 0xe0, 0x07, 0xff, 0xff, 0xff, 0xff, 0xff, 0xff, 0xff, 0x6f, 0xff, 0xff, 0xfc, 0x00, 0x00, 
    0x00, 0x15, 0xff, 0xff, 0xff, 0xff, 0xff, 0xff, 0xff, 0xff, 0xff, 0xff, 0xff, 0xff, 0xff, 0xfb, 
    0xfd, 0xff, 0xff, 0xff, 0xff, 0xff, 0xff, 0xff, 0xff, 0xff, 0xff, 0xfe, 0x00, 0x00, 0x00, 0x00, 
    0x00, 0x00, 0x03, 0x8f, 0xdf, 0xfe, 0x3f, 0xff, 0xff, 0xff, 0xff, 0xff, 0xff, 0xff, 0xff, 0xf1, 
    0xbf, 0xff, 0xff, 0x3f, 0xff, 0xf3, 0xff, 0xff, 0xdf, 0xff, 0xc0, 0x04, 0x33, 0x89, 0x20, 0x25, 
    0xc0, 0x00, 0x02, 0x1f, 0xcf, 0xff, 0xff, 0x8f, 0xff, 0xff, 0xff, 0xff, 0xf1, 0x82, 0x4b, 0xf8, 
    0x07, 0xff, 0xff, 0xff, 0xff, 0xe0, 0x03, 0xff, 0xff, 0xff, 0xff, 0xff, 0xff, 0x7f, 0x6d, 0xff, 
    0xff, 0xe0, 0x30, 0x00, 0x00, 0x16, 0xff, 0xff, 0xff, 0xff, 0xff, 0xff, 0xff, 0xff, 0xff, 0xff, 
    0xff, 0xff, 0xff, 0xfb, 0xfd, 0xff, 0xff, 0xff, 0xff, 0xff, 0xff, 0xff, 0xff, 0xff, 0xff, 0xfe, 
    0x00, 0x00, 0x00, 0x00, 0x00, 0x00, 0x03, 0x8f, 0xdf, 0xfe, 0x3f, 0xff, 0xff, 0xff, 0xff, 0xff, 
    0xff, 0xff, 0xff, 0xf1, 0xbf, 0xff, 0xff, 0x3f, 0xff, 0xe3, 0xff, 0xff, 0xd7, 0xff, 0xc0, 0x04, 
    0x39, 0xc9, 0x22, 0x24, 0x00, 0x00, 0x00, 0xfd, 0xcf, 0xff, 0xff, 0x8f, 0xff, 0xff, 0xff, 0xff, 
    0xe3, 0x24, 0x49, 0xfc, 0x07, 0xff, 0xff, 0xff, 0xff, 0xe0, 0x03, 0xff, 0xff, 0xff, 0xff, 0xff, 
    0xff, 0x3f, 0x6d, 0xff, 0xff, 0xff, 0xc0, 0x00, 0x00, 0x12, 0xff, 0xff, 0xff, 0xff, 0xff, 0xff, 
    0xff, 0xff, 0xff, 0xff, 0xff, 0xff, 0xff, 0xfb, 0xfd, 0xff, 0xff, 0xff, 0xff, 0xff, 0xff, 0xff, 
    0xff, 0xff, 0xff, 0xfe, 0x00, 0x00, 0x00, 0x00, 0x00, 0x00, 0x01, 0x8f, 0xdf, 0xfe, 0x3f, 0xff, 
    0xff, 0xff, 0xff, 0xff, 0xff, 0xff, 0xff, 0xf9, 0xbf, 0xff, 0xff, 0x3f, 0xff, 0xe3, 0xff, 0xff, 
    0xd7, 0xff, 0xc0, 0x04, 0x1c, 0xc4, 0x22, 0x00, 0x00, 0x00, 0x01, 0x3d, 0xdf, 0xff, 0xff, 0x9f, 
    0xff, 0xff, 0xff, 0xff, 0xce, 0x64, 0x6d, 0xfd, 0x0f, 0xff, 0xff, 0xff, 0xff, 0xf0, 0x03, 0xff, 
    0xff, 0xff, 0xff, 0xff, 0xdf, 0xbf, 0x6d, 0xff, 0xff, 0xfe, 0x00, 0x00, 0x00, 0x1b, 0x7f, 0xff, 
    0xff, 0xff, 0xff, 0xff, 0xff, 0xff, 0xff, 0xff, 0xff, 0xff, 0xff, 0xfb, 0xfd, 0xff, 0xff, 0xff, 
    0xff, 0xff, 0xff, 0xff, 0xff, 0xff, 0xff, 0xff, 0x00, 0x00, 0x00, 0x00, 0x00, 0x00, 0x01, 0x8f, 
    0xdf, 0xfe, 0x3f, 0xff, 0xff, 0xff, 0xff, 0xff, 0xff, 0xff, 0xff, 0xf9, 0xbf, 0xff, 0xff, 0x3f, 
    0xff, 0xe3, 0xff, 0xff, 0xd7, 0xff, 0xc0, 0x04, 0x0e, 0x60, 0x82, 0x01, 0x80, 0x00, 0x00, 0x3c, 
    0x9f, 0xff, 0xff, 0xbf, 0xff, 0xff, 0xff, 0xff, 0x1c, 0xcc, 0x6c, 0xff, 0x0f, 0xff, 0xff, 0xff, 
    0xff, 0xf0, 0x03, 0xff, 0xff, 0xff, 0xff, 0xff, 0xef, 0x9b, 0x69, 0xff, 0xff, 0xf8, 0x10, 0x00, 
    0x00, 0x5b, 0x7f, 0xff, 0xff, 0xff, 0xff, 0xff, 0xff, 0xff, 0xff, 0xff, 0xff, 0xff, 0xff, 0xf7, 
    0xfd, 0xff, 0xff, 0xff, 0xff, 0xff, 0xff, 0xff, 0xff, 0xff, 0xff, 0xff, 0x00, 0x00, 0x00, 0x00, 
    0x00, 0x00, 0x04, 0x8f, 0xdf, 0xfe, 0x3f, 0xff, 0xff, 0xff, 0xff, 0xff, 0xff, 0xff, 0xff, 0xf9, 
    0xbf, 0xff, 0xff, 0x3f, 0xff, 0xe3, 0xff, 0xff, 0xd7, 0xff, 0xc0, 0x04, 0x23, 0x30, 0x82, 0x24, 
    0x00, 0x00, 0x00, 0x1c, 0x9f, 0xff, 0xff, 0xff, 0xff, 0xff, 0xff, 0xfe, 0x39, 0xcc, 0x6f, 0xff, 
    0x0f, 0xff, 0xff, 0xff, 0xff, 0xf0, 0x07, 0xff, 0xff, 0xff, 0xff, 0xff, 0xf7, 0xcb, 0x49, 0x7f, 
    0xff, 0xf8, 0x80, 0x00, 0x02, 0x1b, 0xff, 0xff, 0xff, 0xff, 0xff, 0xff, 0xff, 0xff, 0xff, 0xff, 
    0xff, 0xff, 0xff, 0xf7, 0xfd, 0xff, 0xff, 0xff, 0xff, 0xff, 0xff, 0xff, 0xff, 0xff, 0xff, 0xff, 
    0x80, 0x00, 0x00, 0x00, 0x00, 0x00, 0x05, 0x8f, 0xdf, 0xfe, 0x3f, 0xff, 0xff, 0xf7, 0xff, 0xff, 
    0xff, 0xff, 0xff, 0xf9, 0xbf, 0xff, 0xff, 0x3f, 0xff, 0xe3, 0xff, 0xff, 0xdf, 0xff, 0xc0, 0x04, 
    0x31, 0x10, 0x82, 0x20, 0x00, 0x00, 0x01, 0x80, 0x1f, 0xff, 0xff, 0xff, 0xff, 0xff, 0xff, 0xfc, 
    0xf3, 0xde, 0xe7, 0xff, 0x8f, 0xff, 0xff, 0xff, 0xff, 0xf0, 0x07, 0xff, 0xff, 0xff, 0xff, 0xff, 
    0xf3, 0x4b, 0x4b, 0x7f, 0xff, 0xfc, 0x80, 0x00, 0x02, 0x9b, 0xff, 0xff, 0xff, 0xff, 0xff, 0xff, 
    0xff, 0xff, 0xff, 0xff, 0xff, 0xff, 0xff, 0xf7, 0xfd, 0xff, 0xff, 0xff, 0xff, 0xff, 0xff, 0xff, 
    0xff, 0xff, 0xff, 0xff, 0x80, 0x00, 0x00, 0x00, 0x00, 0x00, 0x05, 0xcf, 0xdf, 0xfe, 0x3f, 0xff, 
    0xff, 0xf7, 0xff, 0xff, 0xff, 0xff, 0xff, 0xf9, 0xbf, 0xff, 0xff, 0x3f, 0xff, 0xe3, 0xff, 0xff, 
    0xdf, 0xff, 0xc0, 0x04, 0x38, 0x88, 0x40, 0x6f, 0xc0, 0x00, 0x00, 0x00, 0x1f, 0xff, 0xff, 0xff, 
    0xff, 0xff, 0xff, 0xff, 0xf3, 0x9e, 0xe7, 0xff, 0x87, 0xff, 0xff, 0xff, 0xff, 0xe0, 0x07, 0xff, 
    0xff, 0xff, 0xff, 0xff, 0xfb, 0x45, 0x0b, 0x6f, 0xff, 0xfc, 0x00, 0x00, 0x00, 0x9b, 0xff, 0xff, 
    0xff, 0xff, 0xff, 0xff, 0xff, 0xff, 0xff, 0xff, 0xff, 0xff, 0xff, 0xf7, 0xfd, 0xff, 0xff, 0xff, 
    0xff, 0xff, 0xff, 0xff, 0xff, 0xff, 0xff, 0xff, 0xc0, 0x00, 0x00, 0x00, 0x00, 0x00, 0x04, 0xc7, 
    0xdf, 0xfe, 0x3f, 0xff, 0xff, 0xf7, 0xff, 0xff, 0xff, 0xff, 0xff, 0xf9, 0xbf, 0xff, 0xff, 0x3f, 
    0xff, 0xe3, 0xff, 0xff, 0xdf, 0xff, 0xc0, 0x04, 0x0e, 0x40, 0x00, 0x08, 0x00, 0x00, 0x08, 0x00, 
    0x3f, 0xff, 0xff, 0xff, 0xff, 0xff, 0xff, 0xff, 0xef, 0xbe, 0xf7, 0xff, 0x87, 0xff, 0xff, 0xff, 
    0xff, 0xe0, 0x0f, 0xff, 0xff, 0xff, 0xff, 0xff, 0x39, 0xa5, 0x0a, 0x6f, 0xff, 0x9c, 0x40, 0x00, 
    0x01, 0x97, 0xff, 0xff, 0xff, 0xff, 0xff, 0xff, 0xff, 0xff, 0xff, 0xff, 0xff, 0xff, 0xff, 0xef, 
    0xfd, 0xff, 0xff, 0xff, 0xff, 0xff, 0xff, 0xff, 0xff, 0xff, 0xff, 0xff, 0xc0, 0x00, 0x00, 0x00, 
    0x00, 0x00, 0x04, 0xc7, 0xff, 0xfe, 0x3f, 0xff, 0xff, 0xf7, 0xff, 0xff, 0xff, 0xff, 0xff, 0xfd, 
    0xbf, 0xff, 0xff, 0x3f, 0xff, 0xe3, 0xff, 0xff, 0xdf, 0xff, 0xc0, 0x04, 0x20, 0x00, 0x00, 0x00, 
    0x00, 0x00, 0x0b, 0xf8, 0x1f, 0xff, 0xff, 0xff, 0xff, 0xff, 0xff, 0xff, 0xff, 0x3e, 0xf7, 0xff, 
    0x83, 0xff, 0xff, 0xff, 0xff, 0xe0, 0x0f, 0xff, 0xff, 0xff, 0xff, 0xff, 0x9c, 0xa1, 0x02, 0xcf, 
    0xff, 0xc6, 0x64, 0x00, 0x05, 0x9f, 0xff, 0xff, 0xff, 0xff, 0xff, 0xff, 0xff, 0xff, 0xff, 0xff, 
    0xff, 0xff, 0xff, 0xef, 0xfd, 0xff, 0xff, 0xff, 0xff, 0xff, 0xff, 0xff, 0xff, 0xff, 0xff, 0xff, 
    0xc0, 0x00, 0x00, 0x00, 0x00, 0x00, 0x04, 0xc7, 0xff, 0xfe, 0x3f, 0xff, 0xff, 0xf7, 0xff, 0xff, 
    0xff, 0xff, 0xff, 0xfd, 0xff, 0xff, 0xff, 0x3f, 0xff, 0xe3, 0xff, 0xff, 0xdf, 0xff, 0xc0, 0x04, 
    0x38, 0x00, 0x00, 0x47, 0x08, 0x00, 0x0b, 0xfc, 0x1f, 0xff, 0xff, 0xdf, 0xff, 0xff, 0xff, 0xff, 
    0xff, 0x3c, 0xff, 0xff, 0x83, 0xff, 0xff, 0xff, 0xff, 0xe0, 0x0f, 0xff, 0xff, 0xff, 0xff, 0xff, 
    0xc4, 0x01, 0x02, 0xdf, 0xff, 0xe0, 0x00, 0x01, 0x0d, 0x9f, 0xff, 0xff, 0xff, 0xff, 0xff, 0xff, 
    0xff, 0xff, 0xff, 0xff, 0xff, 0xff, 0xff, 0xef, 0xfd, 0xff, 0xff, 0xff, 0xff, 0xff, 0xff, 0xff, 
    0xff, 0xff, 0xff, 0xff, 0xe0, 0x00, 0x00, 0x00, 0x00, 0x00, 0x04, 0xc7, 0xff, 0xfe, 0x3f, 0xff, 
    0xff, 0xf7, 0xff, 0xff, 0xff, 0xff, 0xff, 0xfd, 0xbf, 0xff, 0xff, 0x3f, 0xff, 0xe3, 0xff, 0xff, 
    0xdf, 0xff, 0xc0, 0x04, 0x04, 0x00, 0x00, 0x00, 0x70, 0x00, 0x0f, 0xfe, 0x1f, 0xff, 0xff, 0x8f, 
    0xff, 0xff, 0xff, 0xff, 0xfe, 0x7c, 0xff, 0xff, 0x83, 0xff, 0xff, 0xff, 0xff, 0xc0, 0x0f, 0xff, 
    0xff, 0xff, 0xff, 0xfe, 0xe2, 0x11, 0x04, 0x9f, 0xfe, 0x72, 0x00, 0x01, 0x21, 0xbf, 0xff, 0xff, 
    0xff, 0xff, 0xff, 0xff, 0xff, 0xff, 0xff, 0xff, 0xff, 0xff, 0xff, 0xdf, 0xff, 0xff, 0xff, 0xff, 
    0xff, 0xff, 0xff, 0xff, 0xff, 0xff, 0xff, 0xff, 0xe0, 0x00, 0x00, 0x00, 0x00, 0x00, 0x04, 0xc7, 
    0xff, 0xfe, 0x3f, 0xff, 0xff, 0xf7, 0xff, 0xff, 0xff, 0xff, 0xff, 0xfd, 0xff, 0xff, 0xff, 0x3f, 
    0xff, 0xe3, 0xff, 0xff, 0xdf, 0xff, 0xc0, 0x04, 0x20, 0x00, 0x00, 0x10, 0x00, 0x20, 0x45, 0xff, 
    0x1f, 0xff, 0xfe, 0x1f, 0xff, 0xff, 0xff, 0xff, 0xfe, 0x7d, 0xff, 0xff, 0x81, 0xff, 0xff, 0xff, 
    0xff, 0xc0, 0x0f, 0xff, 0xff, 0xff, 0xff, 0xff, 0x31, 0x00, 0x04, 0xbf, 0xfb, 0x81, 0x00, 0x01, 
    0x08, 0x7f, 0xff, 0xff, 0xff, 0xff, 0xff, 0xff, 0xff, 0xff, 0xff, 0xff, 0xff, 0xff, 0xff, 0xdf, 
    0xff, 0xff, 0xff, 0xff, 0xff, 0xff, 0xff, 0xff, 0xff, 0xff, 0xff, 0xff, 0xf0, 0x00, 0x00, 0x00, 
    0x00, 0x00, 0x04, 0xe7, 0xff, 0xfe, 0x3f, 0xff, 0xff, 0xf7, 0xf7, 0xff, 0xef, 0xff, 0xff, 0xfd, 
    0xff, 0xff, 0xff, 0x3f, 0xff, 0xe3, 0xff, 0xff, 0xdf, 0xff, 0xc0, 0x04, 0x3c, 0x00, 0x00, 0x00, 
    0x10, 0x00, 0x13, 0xfb, 0x0f, 0xff, 0xf6, 0x1f, 0xff, 0xff, 0xff, 0xff, 0xfc, 0xfd, 0xff, 0xff, 
    0x81, 0xff, 0xff, 0xff, 0xff, 0xc0, 0x0f, 0xff, 0xff, 0xff, 0xff, 0xff, 0xc8, 0x00, 0x01, 0x77, 
    0xfd, 0x80, 0x10, 0x02, 0x28, 0xff, 0xff, 0xff, 0xff, 0xff, 0xff, 0xff, 0xff, 0xff, 0xff, 0xff, 
    0xff, 0xff, 0xff, 0xdf, 0xff, 0xff, 0xff, 0xff, 0xff, 0xff, 0xff, 0xff, 0xff, 0xff, 0xff, 0xff, 
    0xf0, 0x00, 0x00, 0x00, 0x00, 0x00, 0x04, 0xc7, 0xff, 0xfe, 0x3f, 0xff, 0xff, 0xf7, 0xf7, 0xff, 
    0xef, 0xff, 0xff, 0xfd, 0xff, 0xff, 0xff, 0x3f, 0xff, 0xe3, 0xff, 0xff, 0xdf, 0xff, 0xc0, 0x00, 
    0x03, 0x80, 0x00, 0x06, 0x02, 0x04, 0x93, 0xd9, 0x0f, 0xff, 0xf6, 0x3f, 0xff, 0xff, 0xff, 0xff, 
    0xff, 0xfd, 0xff, 0xff, 0x80, 0xff, 0xff, 0xff, 0xff, 0x80, 0x1f, 0xff, 0xff, 0xff, 0xff, 0xf3, 
    0x80, 0x00, 0x00, 0x6f, 0xfe, 0x40, 0x00, 0x02, 0xad, 0xff, 0xff, 0xff, 0xff, 0xff, 0xff, 0xff, 
    0xff, 0xff, 0xff, 0xff, 0xff, 0xff, 0xff, 0xdf, 0xff, 0xff, 0xff, 0xff, 0xff, 0xff, 0xff, 0xff, 
    0xff, 0xff, 0xff, 0xff, 0xf8, 0x00, 0x00, 0x00, 0x00, 0x00, 0x04, 0xc7, 0xff, 0xfe, 0x3f, 0xff, 
    0xff, 0xf7, 0xf7, 0xff, 0xef, 0xff, 0xff, 0xfd, 0xff, 0xff, 0xff, 0x3f, 0xff, 0xe3, 0xff, 0xff, 
    0xdf, 0xff, 0xc0, 0x04, 0x00, 0x20, 0x00, 0x0c, 0x03, 0x00, 0x91, 0x99, 0x85, 0xff, 0xfe, 0x3f, 
    0xff, 0xff, 0xff, 0xff, 0xff, 0xff, 0xff, 0xff, 0xc0, 0xff, 0xff, 0xff, 0xff, 0x80, 0x1f, 0xff, 
    0xff, 0xff, 0xff, 0xfc, 0x60, 0x00, 0x00, 0xdf, 0xf8, 0x22, 0x00, 0x02, 0x0f, 0xff, 0xff, 0xff, 
    0xff, 0xff, 0xff, 0xff, 0xff, 0xff, 0xff, 0xff, 0xff, 0xff, 0xff, 0xdf, 0xff, 0xff, 0xff, 0xff, 
    0xff, 0xff, 0xff, 0xff, 0xff, 0xff, 0xff, 0xff, 0xf8, 0x00, 0x00, 0x00, 0x00, 0x00, 0x04, 0xc7, 
    0xff, 0xfe, 0xbf, 0xff, 0xff, 0xf7, 0xf7, 0xff, 0xff, 0xff, 0xff, 0xfd, 0xff, 0xff, 0xff, 0x3f, 
    0xff, 0xe3, 0xff, 0xff, 0xdf, 0xff, 0xc0, 0x00, 0x38, 0x00, 0x00, 0x20, 0x18, 0x31, 0x01, 0x99, 
    0x81, 0xff, 0xfc, 0x3f, 0xff, 0xff, 0xff, 0xff, 0xff, 0xff, 0xff, 0xfe, 0x80, 0x7f, 0xff, 0xff, 
    0xff, 0x80, 0x07, 0xff, 0xff, 0xff, 0xff, 0xff, 0x18, 0x00, 0x01, 0xbf, 0xf4, 0x00, 0x00, 0x00, 
    0x0f, 0xff, 0xff, 0xff, 0xff, 0xff, 0xff, 0xff, 0xff, 0xff, 0xff, 0xff, 0xff, 0xff, 0xff, 0xdf, 
    0xff, 0xff, 0xff, 0xff, 0xff, 0xff, 0xff, 0xff, 0xff, 0xff, 0xff, 0xff, 0xf8, 0x00, 0x00, 0x00, 
    0x00, 0x00, 0x04, 0xc7, 0xff, 0xfe, 0xbf, 0xff, 0xff, 0xf7, 0xf7, 0xff, 0xff, 0xff, 0xff, 0xfd, 
    0xff, 0xff, 0xff, 0x1f, 0xff, 0xe3, 0xff, 0xff, 0xdf, 0xff, 0xc0, 0x00, 0x00, 0x00, 0x00, 0x00, 
    0x40, 0x80, 0x00, 0xc9, 0x81, 0xff, 0xf8, 0x7f, 0xff, 0xff, 0xff, 0xff, 0xff, 0xff, 0xff, 0xfe, 
    0x80, 0x7f, 0xff, 0xff, 0xff, 0x80, 0x03, 0xff, 0xff, 0xff, 0xff, 0xff, 0xc0, 0x00, 0x01, 0x7f, 
    0xfe, 0x00, 0x00, 0x04, 0x8f, 0xff, 0xff, 0xff, 0xff, 0xff, 0xff, 0xff, 0xff, 0xff, 0xff, 0xff, 
    0xff, 0xff, 0xff, 0xdf, 0xff, 0xff, 0xff, 0xff, 0xff, 0xff, 0xff, 0xff, 0xff, 0xff, 0xff, 0xff, 
    0xf8, 0x00, 0x00, 0x00, 0x00, 0x00, 0x05, 0xc7, 0xff, 0xfe, 0xbf, 0xff, 0xff, 0xe7, 0xf7, 0xff, 
    0xff, 0xff, 0xff, 0xfd, 0xff, 0xff, 0xff, 0x1f, 0xff, 0xe1, 0xff, 0xff, 0xdf, 0xff, 0xc0, 0x00, 
    0x00, 0x00, 0x00, 0x00, 0x40, 0x8c, 0x00, 0xc9, 0x21, 0xbf, 0xf0, 0xff, 0xff, 0xff, 0xff, 0xff, 
    0xff, 0xff, 0xff, 0xfe, 0x00, 0x7f, 0xff, 0xff, 0xff, 0x00, 0x03, 0xff, 0xff, 0xff, 0xff, 0xfc, 
    0x70, 0x00, 0x00, 0x16, 0xc1, 0x80, 0x00, 0x04, 0x8f, 0xff, 0xff, 0xff, 0xff, 0xff, 0xff, 0xff, 
    0xff, 0xff, 0xff, 0xff, 0xff, 0xff, 0xff, 0xcf, 0xff, 0xff, 0xff, 0xff, 0xff, 0xff, 0xff, 0xff, 
    0xff, 0xff, 0xff, 0xff, 0xfc, 0x00, 0x00, 0x00, 0x00, 0x00, 0x07, 0xc7, 0xff, 0xfe, 0xbf, 0xff, 
    0xff, 0xe7, 0xf7, 0xff, 0xff, 0xff, 0xff, 0xfd, 0xff, 0xff, 0xff, 0x1f, 0xff, 0xe1, 0x7f, 0xff, 
    0xdf, 0xff, 0xc0, 0x00, 0x38, 0x00, 0x00, 0x02, 0x00, 0x00, 0x20, 0x49, 0x30, 0x3b, 0x01, 0xff, 
    0xff, 0xff, 0xff, 0xff, 0xff, 0xff, 0xff, 0xfe, 0x00, 0x7f, 0xff, 0xff, 0xfe, 0x00, 0x01, 0xff, 
    0xff, 0xff, 0xff, 0xfe, 0x00, 0x00, 0x00, 0x66, 0xf0, 0x00, 0x00, 0x09, 0xcf, 0xff, 0xff, 0xff, 
    0xff, 0xff, 0xff, 0xff, 0xff, 0xff, 0xff, 0xff, 0xff, 0xff, 0xff, 0xef, 0xff, 0xff, 0xff, 0xff, 
    0xff, 0xff, 0xff, 0xff, 0xff, 0xff, 0xff, 0xff, 0xfc, 0x00, 0x00, 0x00, 0x00, 0x00, 0x07, 0xc7, 
    0xff, 0xfe, 0xaf, 0xff, 0xff, 0xe7, 0xf7, 0xff, 0xff, 0xff, 0xff, 0xfd, 0xff, 0xff, 0xff, 0x1f, 
    0xff, 0xe1, 0x7f, 0xff, 0xdf, 0xff, 0xc0, 0x04, 0x00, 0x00, 0x00, 0x00, 0x20, 0x22, 0x20, 0x49, 
    0x20, 0x32, 0x03, 0xff, 0xff, 0xff, 0xff, 0xff, 0xff, 0xff, 0xff, 0xfc, 0x00, 0x7f, 0xff, 0xff, 
    0xfe, 0x00, 0x03, 0xff, 0xff, 0xff, 0xff, 0xc3, 0x80, 0x00, 0x00, 0x66, 0xbc, 0x00, 0x00, 0x01, 
    0xcf, 0xdf, 0xff, 0xff, 0xff, 0xff, 0xff, 0xff, 0xff, 0xff, 0xff, 0xff, 0xff, 0xff, 0xff, 0xef, 
    0xff, 0xff, 0xff, 0xff, 0xff, 0xff, 0xff, 0xff, 0xff, 0xff, 0xff, 0xff, 0xfc, 0x00, 0x00, 0x00, 
    0x00, 0x00, 0x07, 0xc7, 0xff, 0xfe, 0xaf, 0xff, 0xff, 0xe7, 0xf7, 0xff, 0xff, 0xff, 0xff, 0xfd, 
    0xff, 0xff, 0xff, 0x1f, 0xff, 0xc1, 0x7f, 0xff, 0xdf, 0xff, 0xc0, 0x04, 0x00, 0x00, 0x00, 0x1e, 
    0x20, 0x60, 0x02, 0x43, 0x60, 0x72, 0x07, 0xff, 0xff, 0xff, 0xff, 0xff, 0xff, 0xff, 0xff, 0xfc, 
    0x00, 0x7f, 0xff, 0xff, 0xfc, 0x00, 0x03, 0xff, 0xff, 0xff, 0xff, 0xf8, 0x00, 0x00, 0x00, 0x06, 
    0xaf, 0x00, 0x00, 0x01, 0xcf, 0xdf, 0xff, 0xff, 0xff, 0xff, 0xff, 0xff, 0xff, 0xff, 0xff, 0xff, 
    0xff, 0xff, 0xff, 0xff, 0xff, 0xff, 0xff, 0xff, 0xff, 0xff, 0xff, 0xff, 0xff, 0xff, 0xff, 0xff, 
    0xfe, 0x00, 0x00, 0x00, 0x00, 0x00, 0x07, 0xc7, 0xef, 0xfe, 0xbf, 0xff, 0xff, 0xe3, 0xf7, 0xff, 
    0xff, 0xff, 0xff, 0xfd, 0xff, 0xff, 0xff, 0x1f, 0xff, 0xc1, 0x7f, 0xff, 0xdf, 0xff, 0xc0, 0x04, 
    0x00, 0x00, 0x00, 0x03, 0x10, 0xe0, 0x00, 0x43, 0x64, 0x70, 0x0f, 0xff, 0xff, 0xff, 0xff, 0xff, 
    0xff, 0xff, 0xff, 0xf9, 0x00, 0x7f, 0xff, 0xff, 0xfc, 0x00, 0x07, 0xff, 0xff, 0xff, 0xff, 0xff, 
    0x80, 0x00, 0x00, 0x26, 0x80, 0x00, 0x00, 0x13, 0xc6, 0x3f, 0xff, 0xff, 0xff, 0xff, 0xff, 0xff, 
    0xff, 0xff, 0xff, 0xff, 0xff, 0xff, 0xff, 0xff, 0xff, 0xff, 0xff, 0xff, 0xff, 0xff, 0xff, 0xff, 
    0xff, 0xff, 0xff, 0xff, 0xfe, 0x00, 0x00, 0x00, 0x00, 0x00, 0x06, 0xc7, 0xef, 0xfe, 0xbf, 0xff, 
    0xff, 0xe3, 0xf7, 0xff, 0xff, 0xff, 0xff, 0xfd, 0xff, 0xff, 0xff, 0x1f, 0xff, 0xc1, 0x7f, 0xff, 
    0xdf, 0xff, 0xc0, 0x04, 0x38, 0x00, 0x00, 0x00, 0x02, 0x44, 0x00, 0x42, 0x4e, 0x20, 0x1f, 0xff, 
    0xff, 0xff, 0xff, 0xff, 0xff, 0xff, 0xff, 0xfa, 0x00, 0xff, 0xff, 0xff, 0xf8, 0x00, 0x07, 0xff, 
    0xff, 0xff, 0xff, 0xfe, 0x78, 0x00, 0x01, 0x22, 0xa0, 0x00, 0x00, 0x13, 0xc6, 0x7f, 0xff, 0xff, 
    0xff, 0xff, 0xff, 0xff, 0xff, 0xff, 0xff, 0xff, 0xff, 0xff, 0xff, 0xff, 0xff, 0xff, 0xff, 0xff, 
    0xff, 0xff, 0xff, 0xff, 0xff, 0xff, 0xff, 0xff, 0xfe, 0x00, 0x00, 0x00, 0x00, 0x00, 0x06, 0xc7, 
    0xef, 0xfe, 0xbf, 0xff, 0xff, 0xe3, 0xf7, 0xff, 0xff, 0xff, 0xff, 0xfd, 0xff, 0xff, 0xff, 0x1f, 
    0xff, 0xc1, 0x7f, 0xff, 0xdf, 0xff, 0xc0, 0x04, 0x00, 0x00, 0x00, 0x00, 0x00, 0x06, 0x40, 0x02, 
    0x4c, 0x20, 0x3f, 0xff, 0xff, 0xff, 0xff, 0xff, 0xff, 0xff, 0xff, 0xf6, 0x00, 0xff, 0xff, 0xff, 
    0xf0, 0x00, 0x07, 0xff, 0xff, 0xff, 0xff, 0xfe, 0x00, 0x00, 0x00, 0x02, 0x07, 0x80, 0x00, 0x01, 
    0x84, 0xff, 0xff, 0xff, 0xff, 0xff, 0xff, 0xff, 0xff, 0xff, 0xff, 0xff, 0xff, 0xff, 0xff, 0xff, 
    0xff, 0xff, 0xff, 0xff, 0xff, 0xff, 0xff, 0xff, 0xff, 0xff, 0xff, 0xff, 0xff, 0x00, 0x00, 0x00, 
    0x00, 0x00, 0x06, 0xc7, 0xef, 0xfe, 0xbf, 0xff, 0xff, 0xe3, 0xf7, 0xff, 0xff, 0xff, 0xff, 0xfd, 
    0xff, 0xff, 0xff, 0x1f, 0xff, 0xc1, 0x7f, 0xff, 0xff, 0xff, 0xc0, 0x00, 0x3e, 0x10, 0x00, 0x00, 
    0x80, 0x00, 0x08, 0x02, 0x19, 0x00, 0x7f, 0xff, 0xff, 0xff, 0xff, 0xff, 0xff, 0xff, 0xff, 0xf6, 
    0x01, 0xff, 0xff, 0xff, 0xe0, 0x00, 0x07, 0xff, 0xff, 0xff, 0xff, 0xff, 0xe0, 0x00, 0x00, 0x00, 
    0x20, 0x00, 0x00, 0x09, 0x81, 0xff, 0xff, 0xff, 0xff, 0xff, 0xff, 0xff, 0xff, 0xff, 0xff, 0xff, 
    0xff, 0xff, 0xff, 0xff, 0xff, 0x7f, 0xff, 0xff, 0xff, 0xff, 0xff, 0xff, 0xff, 0xff, 0xff, 0xff, 
    0xff, 0x00, 0x00, 0x00, 0x00, 0x00, 0x06, 0xc7, 0xef, 0xfe, 0xbf, 0xff, 0xff, 0xe3, 0xf7, 0xff, 
    0xff, 0xff, 0xff, 0xfd, 0xff, 0xff, 0xff, 0x1f, 0xff, 0xc1, 0x7f, 0xff, 0xff, 0xff, 0xc0, 0x00, 
    0x31, 0xc0, 0x01, 0x00, 0x00, 0x00, 0x00, 0x02, 0x91, 0x00, 0x7f, 0xff, 0xff, 0xff, 0xff, 0xff, 
    0xff, 0xff, 0xff, 0xfc, 0x03, 0xff, 0xff, 0xff, 0x80, 0x00, 0x0f, 0xff, 0xff, 0xff, 0xff, 0xfc, 
    0x00, 0x00, 0x00, 0x90, 0x08, 0x00, 0x00, 0x09, 0x03, 0xff, 0xff, 0xff, 0xff, 0xff, 0xff, 0xff, 
    0xff, 0xff, 0xff, 0xff, 0xff, 0xff, 0xff, 0xff, 0xff, 0x7f, 0xff, 0xff, 0xff, 0xff, 0xff, 0xff, 
    0xff, 0xff, 0xff, 0xff, 0xff, 0x00, 0x00, 0x00, 0x00, 0x00, 0x04, 0xc7, 0xef, 0xfe, 0xbf, 0xff, 
    0xff, 0xe3, 0xf7, 0xff, 0xff, 0xff, 0xff, 0xfd, 0xff, 0xff, 0xfe, 0x1f, 0xff, 0xc1, 0x7f, 0xff, 
    0xff, 0xff, 0xc0, 0x00, 0x3e, 0x00, 0x01, 0x40, 0x04, 0x00, 0x00, 0x02, 0x13, 0x00, 0xff, 0xff, 
    0xff, 0xff, 0xff, 0xff, 0xff, 0xff, 0xff, 0xfc, 0x03, 0xff, 0xff, 0xfe, 0x00, 0x00, 0x0f, 0xff, 
    0xff, 0xff, 0xff, 0xff, 0xe0, 0x00, 0x00, 0x10, 0x00, 0x00, 0x00, 0x3c, 0x07, 0xff, 0xff, 0xff, 
    0xff, 0xff, 0xff, 0xff, 0xff, 0xff, 0xff, 0xff, 0xff, 0xff, 0xff, 0xff, 0xff, 0x7f, 0xff, 0xff, 
    0xff, 0xff, 0xff, 0xff, 0xff, 0xff, 0xff, 0xff, 0xff, 0x00, 0x00, 0x00, 0x00, 0x00, 0x04, 0xc7, 
    0xef, 0xfe, 0xbf, 0xff, 0xff, 0xe3, 0xf7, 0xff, 0xff, 0xff, 0xff, 0xfd, 0xff, 0xff, 0xfe, 0x1f, 
    0xff, 0xc1, 0x7f, 0xff, 0xff, 0xff, 0xc0, 0x00, 0x38, 0x20, 0x00, 0x20, 0x00, 0x40, 0x00, 0x02, 
    0x27, 0x00, 0xff, 0xff, 0xff, 0xff, 0xff, 0xff, 0xff, 0xff, 0xff, 0xf8, 0x07, 0xff, 0xff, 0xf0, 
    0x00, 0x00, 0x1f, 0xff, 0xff, 0xff, 0xff, 0xfe, 0x03, 0x00, 0x00, 0x10, 0x50, 0x00, 0x00, 0x00, 
    0x0f, 0xff, 0xff, 0xff, 0xff, 0xff, 0xff, 0xff, 0xff, 0xff, 0xff, 0xff, 0xff, 0xff, 0xff, 0xff, 
    0xff, 0x7f, 0xff, 0xff, 0xff, 0xff, 0xff, 0xff, 0xff, 0xff, 0xff, 0xff, 0xff, 0x00, 0x00, 0x00, 
    0x00, 0x00, 0x04, 0xc7, 0xef, 0xfe, 0x3f, 0xff, 0xff, 0xe3, 0xf7, 0xff, 0xff, 0xff, 0xff, 0xfd, 
    0xff, 0xff, 0xfe, 0x1f, 0xff, 0xc1, 0x7f, 0xff, 0xff, 0xff, 0xc0, 0x00, 0x38, 0x00, 0x01, 0x00, 
    0x00, 0x00, 0x00, 0x00, 0x0f, 0x00, 0xff, 0xff, 0xff, 0xff, 0xff, 0xff, 0xff, 0xff, 0xff, 0xb8, 
    0x0f, 0xff, 0xff, 0xc0, 0x00, 0x00, 0x3f, 0xff, 0xff, 0xff, 0xff, 0xfd, 0xbc, 0x00, 0x00, 0x00, 
    0x10, 0x00, 0x00, 0x00, 0x1f, 0xff, 0xff, 0xff, 0xff, 0xff, 0xff, 0xff, 0xff, 0xff, 0xff, 0xff, 
    0xff, 0xff, 0xff, 0xff, 0xff, 0x7f, 0xff, 0xff, 0xff, 0xff, 0xff, 0xff, 0xff, 0xff, 0xff, 0xff, 
    0xff, 0x00, 0x00, 0x00, 0x00, 0x00, 0x04, 0xc7, 0xef, 0xfe, 0x3f, 0xff, 0xff, 0xe3, 0xf7, 0xff, 
    0xff, 0xff, 0xff, 0xfd, 0xff, 0xff, 0xfe, 0x1f, 0xff, 0xc1, 0x7f, 0xff, 0xff, 0xff, 0xc0, 0x00, 
    0x21, 0x80, 0x00, 0x00, 0x00, 0x02, 0x00, 0x00, 0x1c, 0x01, 0xff, 0xff, 0xff, 0xff, 0xff, 0xff, 
    0xff, 0xff, 0xff, 0xb0, 0x1f, 0xff, 0xff, 0x80, 0x00, 0x00, 0x7f, 0xff, 0xff, 0xff, 0xff, 0xff, 
    0xd0, 0x00, 0x00, 0x00, 0x00, 0x00, 0x00, 0x14, 0x3f, 0xff, 0xff, 0xff, 0xff, 0xff, 0xff, 0xff, 
    0xff, 0xff, 0xff, 0xff, 0xff, 0xff, 0xff, 0xff, 0xff, 0x7f, 0xff, 0xff, 0xff, 0xff, 0xff, 0xff, 
    0xff, 0xff, 0xff, 0xff, 0xff, 0x80, 0x00, 0x00, 0x00, 0x00, 0x04, 0xc7, 0xef, 0xfe, 0x3f, 0xff, 
    0xff, 0xe3, 0xf7, 0xff, 0xff, 0xff, 0xff, 0xfd, 0xff, 0xff, 0xfe, 0x1f, 0xff, 0xc1, 0x7f, 0xff, 
    0xff, 0xff, 0xe0, 0x00, 0x38, 0xc0, 0x00, 0x00, 0x00, 0x00, 0x00, 0x00, 0x10, 0x01, 0xff, 0xff, 
    0xff, 0xff, 0xff, 0xff, 0xff, 0xff, 0xff, 0x60, 0x1f, 0xff, 0xff, 0x00, 0x00, 0x00, 0xff, 0xff, 
    0xff, 0xff, 0xff, 0xff, 0xc0, 0x80, 0x00, 0x00, 0x22, 0x20, 0x00, 0x18, 0x3f, 0xff, 0xff, 0xff, 
    0xff, 0xff, 0xff, 0xff, 0xff, 0xff, 0xff, 0xff, 0xff, 0xff, 0xff, 0xff, 0xff, 0x7f, 0xff, 0xff, 
    0xff, 0xff, 0xff, 0xff, 0xff, 0xff, 0xff, 0xff, 0xff, 0x80, 0x00, 0x00, 0x00, 0x00, 0x04, 0x87, 
    0xef, 0xfe, 0x3f, 0xff, 0xff, 0xe3, 0xf7, 0xff, 0xff, 0xff, 0xff, 0xfd, 0xff, 0xff, 0xfe, 0x1f, 
    0xff, 0x81, 0x7f, 0xff, 0xff, 0xff, 0xe0, 0x00, 0x3e, 0x64, 0x00, 0x20, 0x00, 0x00, 0x00, 0x00, 
    0x22, 0x01, 0xff, 0xff, 0xff, 0xff, 0xff, 0xff, 0xff, 0xff, 0xff, 0x60, 0x3f, 0xff, 0xff, 0x20, 
    0x00, 0x01, 0xff, 0xff, 0xff, 0xff, 0xff, 0xfc, 0x04, 0x00, 0x00, 0x00, 0x02, 0x80, 0x00, 0x98, 
    0x7f, 0xff, 0xff, 0xff, 0xff, 0xff, 0xff, 0xff, 0xff, 0xff, 0xff, 0xff, 0xff, 0xff, 0xff, 0xff, 
    0xff, 0x7f, 0xff, 0xff, 0xff, 0xff, 0xff, 0xff, 0xff, 0xff, 0xff, 0xff, 0xff, 0x80, 0x00, 0x00, 
    0x00, 0x00, 0x04, 0xc7, 0xef, 0xfe, 0x3f, 0xff, 0xff, 0xc3, 0xf7, 0xff, 0xff, 0xff, 0xff, 0xfd, 
    0xff, 0xff, 0xfe, 0x1f, 0xff, 0x81, 0x7f, 0xff, 0xff, 0xff, 0xe0, 0x00, 0x38, 0x30, 0x00, 0x10, 
    0x00, 0x00, 0x00, 0x00, 0x00, 0x01, 0xff, 0xff, 0xff, 0xff, 0xff, 0xff, 0xff, 0xff, 0xff, 0xc0, 
    0x3f, 0xff, 0xfe, 0x40, 0x00, 0x1f, 0xff, 0xff, 0xff, 0xff, 0xff, 0xfe, 0x60, 0x00, 0x00, 0x00, 
    0x00, 0x00, 0x00, 0x88, 0xff, 0xff, 0xff, 0xff, 0xff, 0xff, 0xff, 0xff, 0xff, 0xff, 0xff, 0xff, 
    0xff, 0xff, 0xff, 0xff, 0xff, 0x7f, 0xff, 0xff, 0xff, 0xff, 0xff, 0xff, 0xff, 0xff, 0xff, 0xff, 
    0xff, 0x80, 0x00, 0x00, 0x02, 0x00, 0x04, 0xc7, 0xef, 0xfe, 0x3f, 0xff, 0xff, 0xc3, 0xf7, 0xff, 
    0xff, 0xff, 0xff, 0xfd, 0xff, 0xff, 0xfa, 0x1f, 0xff, 0x81, 0x7f, 0xff, 0xff, 0xff, 0xe0, 0x00, 
    0x04, 0x00, 0x80, 0x00, 0x00, 0x00, 0x00, 0x00, 0x00, 0x01, 0x7f, 0xff, 0xff, 0xff, 0xff, 0xff, 
    0xff, 0xff, 0xfe, 0x80, 0x3f, 0xff, 0xfc, 0xc0, 0x00, 0x7f, 0xff, 0xff, 0xff, 0xff, 0xff, 0xfb, 
    0x22, 0x00, 0x00, 0x00, 0x04, 0x00, 0x00, 0x40, 0xff, 0xff, 0xff, 0xff, 0xff, 0xff, 0xff, 0xff, 
    0xff, 0xff, 0xff, 0xff, 0xff, 0xff, 0xff, 0xff, 0xff, 0x7f, 0xff, 0xff, 0xff, 0xff, 0xff, 0xff, 
    0xff, 0xff, 0xff, 0xff, 0xff, 0xc0, 0x00, 0x00, 0x04, 0x00, 0x04, 0xc7, 0xef, 0xfe, 0x3f, 0xff, 
    0xff, 0xc3, 0xf7, 0xff, 0xdf, 0xff, 0xff, 0xfd, 0xff, 0xff, 0xfa, 0x1f, 0xff, 0x81, 0x7f, 0xff, 
    0xff, 0xff, 0xe0, 0x00, 0x21, 0x80, 0x00, 0x00, 0x00, 0x00, 0x00, 0x00, 0x06, 0x02, 0x7f, 0xff, 
    0xff, 0xff, 0xff, 0xff, 0xff, 0xff, 0xfe, 0x80, 0x7f, 0xff, 0xfd, 0x80, 0x03, 0xff, 0xff, 0xff, 
    0xff, 0xff, 0xff, 0xfc, 0x92, 0x00, 0x00, 0x00, 0x08, 0x00, 0x00, 0x41, 0xff, 0xff, 0xff, 0xff, 
    0xff, 0xff, 0xff, 0xff, 0xff, 0xff, 0xff, 0xff, 0xff, 0xff, 0xff, 0xff, 0xff, 0x7f, 0xff, 0xff, 
    0xff, 0xff, 0xff, 0xff, 0xff, 0xff, 0xff, 0xff, 0xff, 0xc0, 0x00, 0x00, 0x04, 0x00, 0x04, 0xc7, 
    0xef, 0xfe, 0x3f, 0xff, 0xff, 0xc1, 0xf7, 0xff, 0xdf, 0xff, 0xff, 0xfd, 0xff, 0xff, 0xfa, 0x1f, 
    0xff, 0x81, 0x7f, 0xff, 0xff, 0xff, 0xe0, 0x00, 0x38, 0x00, 0x00, 0x00, 0x00, 0x00, 0x00, 0x00, 
    0xfe, 0x00, 0xff, 0xff, 0xff, 0xff, 0xff, 0xff, 0xff, 0xff, 0xfd, 0x00, 0x7f, 0xff, 0xfb, 0x00, 
    0x07, 0xff, 0xff, 0xff, 0xff, 0xff, 0xff, 0xf2, 0x00, 0x00, 0x00, 0x00, 0x00, 0x38, 0x00, 0x41, 
    0xff, 0xff, 0xff, 0xff, 0xff, 0xff, 0xff, 0xff, 0xff, 0xff, 0xff, 0xff, 0xff, 0xff, 0xff, 0xff, 
    0xff, 0x7f, 0xff, 0xff, 0xff, 0xff, 0xff, 0xff, 0xff, 0xff, 0xff, 0xff, 0xff, 0xe0, 0x00, 0x00, 
    0x04, 0x00, 0x04, 0xc7, 0xef, 0xfe, 0x3f, 0xff, 0xff, 0xc1, 0xf7, 0xff, 0xdf, 0xff, 0xff, 0xfd, 
    0xff, 0xff, 0xfa, 0x1f, 0xff, 0x81, 0x7f, 0xff, 0xff, 0xff, 0xe0, 0x00, 0x3c, 0x00, 0x00, 0x00, 
    0x00, 0x00, 0x00, 0x00, 0x3e, 0x01, 0xff, 0xff, 0xff, 0xff, 0xff, 0xff, 0xff, 0xff, 0xf9, 0x00, 
    0xff, 0xff, 0xf6, 0x00, 0x1f, 0xff, 0xff, 0xff, 0xff, 0xff, 0xff, 0x9c, 0x00, 0x00, 0x00, 0x00, 
    0x20, 0x00, 0x00, 0x01, 0xff, 0xff, 0xff, 0xff, 0xff, 0xff, 0xff, 0xff, 0xff, 0xff, 0xff, 0xff, 
    0xff, 0xff, 0xff, 0xff, 0xff, 0x7f, 0xff, 0xff, 0xff, 0xff, 0xff, 0xff, 0xff, 0xff, 0xff, 0xff, 
    0xff, 0xe0, 0x00, 0x00, 0x00, 0x00, 0x04, 0xc7, 0xef, 0xfe, 0x3f, 0xff, 0xff, 0xc1, 0xf7, 0xff, 
    0xdf, 0xff, 0xff, 0xfd, 0xff, 0xff, 0xfa, 0x1f, 0xff, 0x81, 0x7f, 0xff, 0xff, 0xff, 0xe0, 0x00, 
    0x0c, 0x00, 0x00, 0x00, 0x00, 0x00, 0x00, 0x00, 0x00, 0x01, 0xff, 0xff, 0xff, 0xff, 0xff, 0xff, 
    0xff, 0xff, 0xf8, 0x00, 0xff, 0xff, 0xe4, 0x00, 0x3f, 0xff, 0xff, 0xff, 0xff, 0xff, 0xff, 0xe0, 
    0x00, 0x00, 0x00, 0x00, 0x03, 0x00, 0x01, 0x81, 0xff, 0xff, 0xff, 0xff, 0xff, 0xff, 0xff, 0xff, 
    0xff, 0xff, 0xff, 0xff, 0xff, 0xff, 0xff, 0xff, 0xff, 0x7f, 0xff, 0xff, 0xff, 0xff, 0xff, 0xff, 
    0xff, 0xff, 0xff, 0xff, 0xff, 0xe0, 0x00, 0x00, 0x00, 0x00, 0x04, 0xc7, 0xef, 0xfe, 0x3f, 0xff, 
    0xff, 0xc1, 0xf7, 0xff, 0xdf, 0xff, 0xff, 0xfd, 0xff, 0xff, 0xfa, 0x1f, 0xff, 0x81, 0x7f, 0xff, 
    0xff, 0xff, 0xe0, 0x00, 0x00, 0x00, 0x00, 0x00, 0x00, 0x00, 0x00, 0x00, 0x70, 0x03, 0xff, 0xff, 
    0xff, 0xff, 0xff, 0xff, 0xff, 0xff, 0xf0, 0x01, 0xff, 0xff, 0xc8, 0x00, 0x7f, 0xff, 0xff, 0xff, 
    0xff, 0xff, 0xff, 0xf8, 0x00, 0x00, 0x00, 0x00, 0x0e, 0x70, 0x01, 0x81, 0xff, 0xff, 0xff, 0xff, 
    0xff, 0xff, 0xff, 0xff, 0xff, 0xff, 0xff, 0xff, 0xff, 0xff, 0xff, 0xff, 0xff, 0x7f, 0xff, 0xff, 
    0xff, 0xff, 0xff, 0xff, 0xff, 0xff, 0xff, 0xff, 0xff, 0xe0, 0x00, 0x00, 0x00, 0x00, 0x04, 0xc7, 
    0xcf, 0xfe, 0x3f, 0xff, 0xff, 0xc3, 0xf7, 0xff, 0xdf, 0xff, 0xff, 0xfd, 0xff, 0xff, 0xfa, 0x17, 
    0xff, 0x81, 0x7f, 0xff, 0xff, 0xff, 0xe0, 0x00, 0x3e, 0x00, 0x00, 0x00, 0x00, 0x00, 0x00, 0x02, 
    0x3e, 0x03, 0xff, 0xff, 0xff, 0xff, 0xff, 0xff, 0xff, 0xff, 0xe0, 0x01, 0xff, 0xff, 0x90, 0x00, 
    0xff, 0xff, 0xff, 0xff, 0xff, 0xff, 0xff, 0xee, 0x00, 0x00, 0x00, 0x00, 0x10, 0x04, 0x49, 0xc1, 
    0xff, 0xff, 0xff, 0xff, 0xff, 0xff, 0xff, 0xff, 0xff, 0xff, 0xff, 0xff, 0xff, 0xff, 0xff, 0xff, 
    0xff, 0x7f, 0xff, 0xff, 0xff, 0xff, 0xff, 0xff, 0xff, 0xff, 0xff, 0xff, 0xff, 0xf0, 0x00, 0x00, 
    0x00, 0x00, 0x04, 0xc7, 0xcf, 0xfe, 0x3f, 0xff, 0xff, 0xc3, 0xf7, 0xff, 0xdf, 0xff, 0xff, 0xfd, 
    0xff, 0xff, 0xfa, 0x17, 0xff, 0x81, 0x7f, 0xff, 0xff, 0xff, 0xe0, 0x00, 0x00, 0x00, 0x00, 0x00, 
    0x00, 0x00, 0x00, 0x02, 0x1e, 0x23, 0xff, 0xff, 0xff, 0xff, 0xff, 0xff, 0xff, 0xff, 0x80, 0x01, 
    0xff, 0xff, 0x00, 0x01, 0xff, 0xff, 0xff, 0xff, 0xff, 0xff, 0xff, 0x01, 0x00, 0x00, 0x00, 0x00, 
    0x00, 0xec, 0x02, 0x65, 0xff, 0xff, 0xff, 0xff, 0xff, 0xff, 0xff, 0xff, 0xff, 0xff, 0xff, 0xff, 
    0xff, 0xff, 0xff, 0xff, 0xff, 0x7f, 0xff, 0xff, 0xff, 0xff, 0xff, 0xff, 0xff, 0xff, 0xff, 0xff, 
    0xff, 0xf0, 0x00, 0x00, 0x00, 0x00, 0x04, 0xe7, 0xcf, 0xfe, 0x3f, 0xff, 0xff, 0xc3, 0xf7, 0xff, 
    0xdf, 0xff, 0xff, 0xfd, 0xff, 0xff, 0xfa, 0x17, 0xff, 0x81, 0x7f, 0xff, 0xff, 0xff, 0xe0, 0x00, 
    0x00, 0x00, 0x00, 0x00, 0x00, 0x00, 0x00, 0x03, 0x4f, 0x43, 0xff, 0xff, 0xff, 0xff, 0xff, 0xff, 
    0xff, 0xfe, 0x00, 0x03, 0xff, 0xfc, 0x00, 0x03, 0xff, 0xff, 0xff, 0xff, 0xff, 0xff, 0xff, 0xf0, 
    0x00, 0x00, 0x00, 0x00, 0x07, 0xe0, 0x12, 0xe4, 0x7f, 0xff, 0xff, 0xff, 0xff, 0xff, 0xff, 0xff, 
    0xff, 0xff, 0xff, 0xff, 0xff, 0xff, 0xff, 0xff, 0xff, 0x7f, 0xff, 0xff, 0xff, 0xff, 0xff, 0xff, 
    0xff, 0xff, 0xff, 0xff, 0xff, 0xf0, 0x00, 0x00, 0x00, 0x00, 0x04, 0xe7, 0xcf, 0xfe, 0x3f, 0xff, 
    0xff, 0xc7, 0xf7, 0xff, 0xdf, 0xff, 0xff, 0xfd, 0xff, 0xff, 0xfa, 0x17, 0xff, 0x81, 0x7f, 0xff, 
    0xff, 0xff, 0xe0, 0x00, 0x30, 0x10, 0x00, 0x00, 0x00, 0x00, 0x00, 0x03, 0x67, 0xc3, 0xff, 0xff, 
    0xff, 0xff, 0xff, 0xff, 0xff, 0xfe, 0x00, 0x07, 0xff, 0xf8, 0x80, 0x07, 0xff, 0xff, 0xff, 0xff, 
    0xff, 0xff, 0xfc, 0x1e, 0x00, 0x00, 0x00, 0x00, 0x1f, 0xc0, 0x82, 0x65, 0x7f, 0xff, 0xff, 0xff, 
    0xff, 0xff, 0xff, 0xff, 0xff, 0xff, 0xff, 0xff, 0xff, 0xff, 0xff, 0xff, 0xff, 0x7f, 0xff, 0xff, 
    0xff, 0xff, 0xff, 0xff, 0xff, 0xff, 0xff, 0xff, 0xff, 0xf0, 0x00, 0x00, 0x00, 0x00, 0x04, 0xe7, 
    0xc7, 0xfe, 0x3f, 0xff, 0xff, 0xc7, 0xf7, 0xff, 0xdf, 0xff, 0xff, 0xfd, 0xff, 0xff, 0xfa, 0x17, 
    0xff, 0x81, 0x7f, 0xff, 0xff, 0xff, 0xe0, 0x00, 0x00, 0x00, 0x00, 0x00, 0x00, 0x00, 0x00, 0x03, 
    0x33, 0xe3, 0xff, 0xff, 0xff, 0xff, 0xff, 0xff, 0xff, 0xfc, 0x00, 0x00, 0xff, 0xf1, 0x00, 0x0f, 
    0xff, 0xff, 0xff, 0xff, 0xff, 0xff, 0xff, 0x80, 0x00, 0x00, 0x00, 0x00, 0x07, 0xf8, 0x00, 0x65, 
    0x6f, 0xff, 0xff, 0xff, 0xff, 0xff, 0xff, 0xff, 0xff, 0xff, 0xff, 0xff, 0xff, 0xff, 0xfd, 0xff, 
    0xff, 0x7f, 0xff, 0xff, 0xff, 0xff, 0xff, 0xff, 0xff, 0xff, 0xff, 0xff, 0xff, 0xf0, 0x00, 0x00, 
    0x00, 0x00, 0x04, 0xe7, 0xc7, 0x7e, 0xbf, 0xff, 0xff, 0xc7, 0xf7, 0xff, 0xdf, 0xff, 0xff, 0xfd, 
    0xff, 0xff, 0xfa, 0x17, 0xff, 0x81, 0x7f, 0xff, 0xff, 0xff, 0xe0, 0x00, 0x02, 0x00, 0x00, 0x00, 
    0x00, 0x00, 0x00, 0x03, 0x3f, 0xe3, 0xff, 0xff, 0xff, 0xff, 0xff, 0xff, 0xff, 0xfe, 0x00, 0x01, 
    0xff, 0xfc, 0x00, 0x1f, 0xff, 0xff, 0xff, 0xff, 0xff, 0xff, 0xff, 0xf0, 0x00, 0x00, 0x00, 0x00, 
    0x03, 0xf8, 0x00, 0x64, 0x4f, 0xff, 0xff, 0xff, 0xff, 0xff, 0xff, 0xff, 0xff, 0xff, 0xff, 0xff, 
    0xff, 0xff, 0xfd, 0xff, 0xff, 0x7f, 0xff, 0xff, 0xff, 0xff, 0xff, 0xff, 0xff, 0xff, 0xff, 0xff, 
    0xff, 0xf0, 0x00, 0x00, 0x00, 0x00, 0x04, 0xe7, 0xc7, 0x7e, 0xbf, 0xff, 0xff, 0xc7, 0xf7, 0xff, 
    0xdf, 0xff, 0xff, 0xfd, 0xff, 0xff, 0xfa, 0x17, 0xff, 0x81, 0x7f, 0xff, 0xff, 0xff, 0xe0, 0x00, 
    0x22, 0x00, 0x00, 0x00, 0x00, 0x00, 0x00, 0x03, 0x1f, 0x77, 0xff, 0xff, 0xff, 0xff, 0xff, 0xff, 
    0xff, 0xfc, 0x00, 0x00, 0xfe, 0x30, 0x00, 0x3f, 0xff, 0xff, 0xff, 0xff, 0xff, 0xff, 0xf8, 0x00, 
    0x00, 0x00, 0x00, 0x00, 0x08, 0xe2, 0x00, 0x20, 0x5f, 0xff, 0xff, 0xff, 0xff, 0xff, 0xff, 0xff, 
    0xff, 0xff, 0xff, 0xff, 0xff, 0xff, 0xfd, 0xff, 0xff, 0x7f, 0xff, 0xff, 0xff, 0xff, 0xff, 0xff, 
    0xff, 0xff, 0xff, 0xff, 0xff, 0xf0, 0x00, 0x00, 0x00, 0x00, 0x04, 0xe7, 0xc7, 0x7e, 0xbf, 0xff, 
    0xff, 0xc7, 0xf7, 0xff, 0xdf, 0xff, 0xff, 0xfd, 0xff, 0xff, 0xfa, 0x17, 0xff, 0x81, 0x7f, 0xff, 
    0xff, 0xff, 0xe0, 0x00, 0x00, 0x00, 0x00, 0x00, 0x00, 0x00, 0x00, 0x80, 0x9f, 0x77, 0xff, 0xff, 
    0xff, 0xff, 0xff, 0xff, 0xff, 0xfc, 0x00, 0x00, 0x01, 0xc0, 0x00, 0x3f, 0xff, 0xff, 0xff, 0xff, 
    0xff, 0xff, 0xfe, 0x00, 0x00, 0x00, 0x00, 0x00, 0x4f, 0x80, 0x00, 0x00, 0xbf, 0xff, 0xff, 0xff, 
    0xff, 0xff, 0xff, 0xff, 0xff, 0xff, 0xff, 0xff, 0xff, 0xff, 0xfb, 0xff, 0xff, 0x7f, 0xff, 0xff, 
    0xff, 0xff, 0xff, 0xff, 0xff, 0xff, 0xff, 0xff, 0xff, 0xf0, 0x00, 0x00, 0x00, 0x00, 0x04, 0xe7, 
    0xc7, 0x7e, 0x9f, 0xff, 0xff, 0xc7, 0xf7, 0xff, 0xdf, 0xff, 0xff, 0xfd, 0xff, 0xff, 0xfa, 0x17, 
    0xff, 0x81, 0x7f, 0xff, 0xff, 0xff, 0xe0, 0x00, 0x00, 0x00, 0x00, 0x00, 0x00, 0x00, 0x00, 0x10, 
    0xdf, 0xf3, 0xff, 0xff, 0xff, 0xff, 0xff, 0xff, 0xfe, 0x78, 0x00, 0x00, 0x00, 0x00, 0x00, 0x3f, 
    0xff, 0xff, 0xff, 0xff, 0xff, 0xff, 0xff, 0xf8, 0x00, 0x00, 0x00, 0x00, 0x67, 0xb3, 0x00, 0x20, 
    0xbd, 0xff, 0xff, 0xff, 0xff, 0xff, 0xff, 0xff, 0xff, 0xff, 0xff, 0xff, 0xff, 0xff, 0xfb, 0xff, 
    0xff, 0x7f, 0xff, 0xff, 0xff, 0xff, 0xff, 0xff, 0xff, 0xff, 0xff, 0xff, 0xff, 0xe0, 0x00, 0x00, 
    0x00, 0x02, 0x04, 0x67, 0x87, 0x7e, 0x9f, 0xff, 0xff, 0xc7, 0xf7, 0xff, 0xdf, 0xff, 0xff, 0xfd, 
    0xff, 0xff, 0xfa, 0x17, 0xff, 0x81, 0x7f, 0xff, 0xff, 0xff, 0xe0, 0x00, 0x00, 0x00, 0x00, 0x00, 
    0x00, 0x00, 0x00, 0x14, 0xcf, 0xf3, 0xff, 0xff, 0xff, 0xff, 0xff, 0xff, 0xfd, 0xf8, 0x00, 0x00, 
    0x00, 0x00, 0x00, 0x3f, 0xff, 0xff, 0xff, 0xff, 0xff, 0xff, 0xff, 0xc0, 0x00, 0x00, 0x00, 0x00, 
    0x63, 0x88, 0x01, 0x10, 0x7b, 0xff, 0xff, 0xff, 0xff, 0xff, 0xff, 0xff, 0xff, 0xff, 0xff, 0xff, 
    0xff, 0xff, 0xfb, 0xff, 0xff, 0x7f, 0xff, 0xff, 0xff, 0xff, 0xff, 0xff, 0xff, 0xff, 0xff, 0xff, 
    0xff, 0xe0, 0x00, 0x00, 0x00, 0x02, 0x04, 0x67, 0x87, 0x7e, 0x9f, 0xff, 0xff, 0xe7, 0xf7, 0xff, 
    0xdf, 0xff, 0xff, 0xfd, 0xff, 0xff, 0xfa, 0x17, 0xff, 0x81, 0x7f, 0xff, 0xff, 0xff, 0xe0, 0x00, 
    0x00, 0x00, 0x00, 0x00, 0x00, 0x00, 0x00, 0x04, 0xcf, 0xf3, 0xff, 0xff, 0xff, 0xff, 0xff, 0xff, 
    0xff, 0xfc, 0x00, 0x00, 0x00, 0x00, 0x00, 0x3f, 0xff, 0xff, 0xff, 0xff, 0xff, 0xff, 0xff, 0x00, 
    0x00, 0x00, 0x00, 0x00, 0x63, 0x04, 0x01, 0x11, 0x77, 0xff, 0xff, 0xff, 0xff, 0xff, 0xff, 0xff, 
    0xff, 0xff, 0xff, 0xff, 0xff, 0xff, 0xfb, 0xff, 0xff, 0x7f, 0xff, 0xff, 0xff, 0xff, 0xff, 0xff, 
    0xff, 0xff, 0xff, 0xff, 0xff, 0xe0, 0x00, 0x00, 0x00, 0x00, 0x04, 0x67, 0xc7, 0x7e, 0x9f, 0xff, 
    0xff, 0xe7, 0xf7, 0xff, 0xdf, 0xff, 0xff, 0xfd, 0xff, 0xff, 0xfa, 0x17, 0xff, 0x81, 0x7f, 0xff, 
    0xff, 0xff, 0xe0, 0x00, 0x00, 0x00, 0x00, 0x00, 0x00, 0x00, 0x00, 0x26, 0xc7, 0xf1, 0xff, 0xff, 
    0xff, 0xff, 0xff, 0xff, 0xff, 0xb0, 0x00, 0x00, 0x00, 0x00, 0x00, 0x7f, 0xff, 0xff, 0xff, 0xff, 
    0xff, 0xff, 0xfd, 0x07, 0x00, 0x00, 0x00, 0x02, 0x6e, 0x60, 0x00, 0x00, 0xef, 0xff, 0xff, 0xff, 
    0xff, 0xff, 0xff, 0xff, 0xff, 0xff, 0xff, 0xff, 0xff, 0xff, 0xf7, 0xff, 0xfb, 0x7f, 0xff, 0xff, 
    0xff, 0xff, 0xff, 0xff, 0xff, 0xff, 0xff, 0xff, 0xff, 0xe0, 0x00, 0x00, 0x00, 0x00, 0x04, 0x67, 
    0xc7, 0x7e, 0x9f, 0xff, 0xff, 0xe7, 0xf7, 0xff, 0xdf, 0xff, 0xff, 0xff, 0xff, 0xff, 0xfa, 0x17, 
    0xff, 0x81, 0x7f, 0xff, 0xff, 0xff, 0xe0, 0x00, 0x30, 0x00, 0x00, 0x00, 0x00, 0x00, 0x00, 0x0e, 
    0x42, 0xe1, 0xff, 0xff, 0xff, 0xff, 0xff, 0xff, 0xff, 0x60, 0x00, 0x00, 0x00, 0x00, 0x01, 0xff, 
    0xff, 0xff, 0xff, 0xff, 0xff, 0xff, 0xff, 0xf0, 0x00, 0x00, 0x00, 0x12, 0x6c, 0x10, 0x00, 0x00, 
    0xdf, 0xff, 0xff, 0xff, 0xff, 0xff, 0xff, 0xff, 0xff, 0xff, 0xff, 0xff, 0xff, 0xff, 0xf7, 0xff, 
    0xfb, 0x7f, 0xff, 0xff, 0xff, 0xff, 0xff, 0xff, 0xff, 0xff, 0xff, 0xff, 0xff, 0xe0, 0x00, 0x00, 
    0x00, 0x02, 0x04, 0x67, 0xc7, 0x7e, 0x9f, 0xff, 0xff, 0xf7, 0xf7, 0xff, 0xdf, 0xff, 0xff, 0xff, 
    0xff, 0xff, 0xfa, 0x17, 0xff, 0x81, 0x7f, 0xff, 0xff, 0xff, 0xe0, 0x00, 0x00, 0x00, 0x00, 0x00, 
    0x00, 0x00, 0x00, 0x00, 0x00, 0xe1, 0xff, 0xff, 0xff, 0xff, 0xff, 0xff, 0xfe, 0x00, 0x00, 0x00, 
    0x00, 0x00, 0x07, 0xff, 0xff, 0xff, 0xff, 0xff, 0xfe, 0xf7, 0xff, 0xe0, 0x00, 0x00, 0x00, 0x10, 
    0x7c, 0x00, 0x00, 0x01, 0xbf, 0xff, 0xff, 0xff, 0xff, 0xff, 0xff, 0xff, 0xff, 0xff, 0xff, 0xff, 
    0xff, 0xff, 0xf7, 0xff, 0xfb, 0x7f, 0xff, 0xff, 0xff, 0xff, 0xff, 0xff, 0xff, 0xff, 0xff, 0xff, 
    0xff, 0xe0, 0x00, 0x00, 0x00, 0x06, 0x04, 0x67, 0xc7, 0x7f, 0x9f, 0xff, 0xff, 0xf7, 0xf7, 0xff, 
    0xdf, 0xff, 0xff, 0xff, 0xff, 0xff, 0xfa, 0x17, 0xff, 0x81, 0x7f, 0xff, 0xff, 0xff, 0xe0, 0x00, 
    0x00, 0x00, 0x00, 0x00, 0x00, 0x00, 0x00, 0x00, 0x00, 0xe1, 0xff, 0xff, 0xff, 0xff, 0xff, 0xff, 
    0xfc, 0x00, 0x00, 0x7f, 0xf8, 0x00, 0x0f, 0xff, 0xff, 0xff, 0xff, 0xff, 0xfe, 0x76, 0xff, 0x82, 
    0x00, 0x00, 0x01, 0x00, 0x7c, 0x60, 0x00, 0x01, 0x7f, 0xff, 0xff, 0xff, 0xff, 0xff, 0xff, 0xff, 
    0xff, 0xff, 0xff, 0xff, 0xff, 0xff, 0xf7, 0xff, 0xfb, 0x7f, 0xff, 0xff, 0xff, 0xff, 0xff, 0xff, 
    0xff, 0xff, 0xff, 0xff, 0xff, 0xc0, 0x00, 0x00, 0x00, 0x06, 0x04, 0x67, 0xc7, 0x7f, 0x9f, 0xff, 
    0xff, 0xf7, 0xff, 0xff, 0xdf, 0xff, 0xff, 0xff, 0xff, 0xff, 0xfa, 0x17, 0xff, 0x81, 0x7f, 0xff, 
    0xff, 0xff, 0xe0, 0x00, 0x00, 0x00, 0x00, 0x00, 0x00, 0x00, 0x00, 0x00, 0x00, 0x41, 0xff, 0xff, 
    0xff, 0xff, 0xff, 0xff, 0xf8, 0x00, 0x01, 0xff, 0xff, 0x00, 0x0f, 0xff, 0xff, 0xff, 0xff, 0xff, 
    0xfe, 0x76, 0xff, 0x82, 0x00, 0x00, 0x01, 0x42, 0x78, 0x78, 0x00, 0x02, 0x7f, 0xff, 0xff, 0xff, 
    0xff, 0xff, 0xff, 0xff, 0xff, 0xff, 0xff, 0xff, 0xff, 0xff, 0xf7, 0xff, 0xfb, 0x7f, 0xff, 0xff, 
    0xff, 0xff, 0xff, 0xff, 0xff, 0xff, 0xff, 0xff, 0xff, 0xc0, 0x00, 0x00, 0x00, 0x0c, 0x04, 0x67, 
    0xc7, 0x7f, 0x9f, 0xff, 0xff, 0xf7, 0xff, 0xff, 0xdf, 0xff, 0xff, 0xff, 0xff, 0xff, 0xfa, 0x17, 
    0xff, 0x81, 0x7f, 0xff, 0xff, 0xff, 0xe0, 0x00, 0x30, 0x00, 0x00, 0x00, 0x00, 0x00, 0x00, 0x07, 
    0x80, 0x00, 0xff, 0xff, 0xff, 0xff, 0xff, 0xff, 0xf0, 0x00, 0x01, 0xff, 0xff, 0x00, 0x1f, 0xff, 
    0xff, 0xff, 0xff, 0xff, 0xff, 0x76, 0xdf, 0xf8, 0x00, 0x00, 0x02, 0x06, 0x70, 0x0c, 0x00, 0x00, 
    0xbe, 0xff, 0xff, 0xff, 0xff, 0xff, 0xff, 0xff, 0xff, 0xff, 0xff, 0xff, 0xff, 0xff, 0xf7, 0xff, 
    0xf9, 0x7f, 0xff, 0xff, 0xff, 0xff, 0xff, 0xff, 0xff, 0xff, 0xff, 0xff, 0xff, 0xe0, 0x00, 0x00, 
    0x00, 0x04, 0x04, 0x67, 0xc7, 0x7f, 0x9f, 0xff, 0xff, 0xf7, 0xff, 0xff, 0xdb, 0xff, 0xff, 0xff, 
    0xff, 0xff, 0xfa, 0x17, 0xff, 0x81, 0x7f, 0xff, 0xff, 0xff, 0xe0, 0x00, 0x00, 0x00, 0x00, 0x00, 
    0x00, 0x00, 0x00, 0x13, 0xf0, 0x00, 0xff, 0xff, 0xff, 0xff, 0xff, 0xfe, 0xc2, 0x00, 0x03, 0xff, 
    0xff, 0xc0, 0x7f, 0xff, 0xff, 0xff, 0xff, 0xff, 0xf7, 0x36, 0xdf, 0x64, 0x00, 0x00, 0x02, 0x26, 
    0x67, 0xe3, 0x00, 0x00, 0x00, 0xff, 0xff, 0xff, 0xff, 0xff, 0xff, 0xff, 0xff, 0xff, 0xff, 0xff, 
    0xff, 0xff, 0xf7, 0xff, 0xf9, 0x7f, 0xff, 0xff, 0xff, 0xff, 0xff, 0xff, 0xff, 0xff, 0xff, 0xff, 
    0xff, 0xe0, 0x00, 0x00, 0x00, 0x04, 0x04, 0x67, 0xc7, 0x7f, 0x9f, 0xff, 0xff, 0xf7, 0xff, 0xff, 
    0xdb, 0xff, 0xff, 0xff, 0xff, 0xff, 0xfa, 0x07, 0xff, 0x81, 0x7f, 0xff, 0xff, 0xef, 0xe0, 0x00, 
    0x00, 0x00, 0x00, 0x00, 0x00, 0x00, 0x00, 0x01, 0xf8, 0x00, 0xbf, 0xff, 0xff, 0xff, 0xff, 0xfc, 
    0x80, 0x00, 0x07, 0xff, 0xff, 0xff, 0xff, 0xff, 0xff, 0xff, 0xff, 0xfe, 0x73, 0x36, 0xd7, 0xff, 
    0x80, 0x00, 0x00, 0x66, 0x07, 0xfe, 0x00, 0x00, 0x0f, 0xff, 0xff, 0xff, 0xff, 0xff, 0xff, 0xff, 
    0xff, 0xff, 0xff, 0xff, 0xff, 0xff, 0xf7, 0xff, 0xf9, 0x7f, 0xff, 0xff, 0xff, 0xff, 0xff, 0xff, 
    0xff, 0xff, 0xff, 0xff, 0xff, 0xe0, 0x00, 0x00, 0x00, 0x08, 0x04, 0x67, 0xc7, 0x7f, 0x9f, 0xff, 
    0xff, 0xf7, 0xff, 0xff, 0xdb, 0xff, 0xff, 0xff, 0xff, 0xff, 0xfa, 0x03, 0xff, 0x81, 0x7f, 0xff, 
    0xff, 0xef, 0xe0, 0x00, 0x00, 0x00, 0x00, 0x00, 0x00, 0x00, 0x00, 0x01, 0xf8, 0x00, 0x1f, 0xff, 
    0xff, 0xff, 0xff, 0xf8, 0x80, 0x00, 0x0f, 0xff, 0xff, 0xff, 0xff, 0xff, 0xff, 0xff, 0xff, 0xff, 
    0x3b, 0x12, 0x96, 0x00, 0x00, 0x00, 0x01, 0xe6, 0x0c, 0x00, 0x00, 0x00, 0xff, 0xff, 0xff, 0xff, 
    0xff, 0xff, 0xff, 0xff, 0xff, 0xff, 0xff, 0xff, 0xff, 0xff, 0xf3, 0xff, 0xf8, 0x7f, 0xff, 0xff, 
    0xff, 0xff, 0xff, 0xff, 0xff, 0xff, 0xff, 0xff, 0xff, 0xf0, 0x00, 0x00, 0x00, 0x0e, 0x04, 0x67, 
    0xc7, 0x7f, 0x9f, 0xff, 0xff, 0xf7, 0xff, 0xff, 0xdb, 0xff, 0xff, 0xff, 0xff, 0xff, 0xfa, 0x03, 
    0xff, 0x81, 0x7f, 0xff, 0xff, 0xef, 0xe0, 0x00, 0x00, 0x00, 0x00, 0x00, 0x00, 0x00, 0x00, 0x19, 
    0xfe, 0x00, 0x0f, 0xff, 0xff, 0xff, 0xff, 0xf9, 0x00, 0x00, 0x1f, 0xff, 0xff, 0xff, 0xff, 0xff, 
    0xff, 0xff, 0xff, 0xff, 0x99, 0x12, 0x96, 0xfa, 0x00, 0x00, 0x03, 0xe6, 0x1f, 0xe0, 0x00, 0x00, 
    0x3f, 0xff, 0xff, 0xff, 0xff, 0xff, 0xff, 0xff, 0xff, 0xff, 0xff, 0xff, 0xff, 0xff, 0xfb, 0xff, 
    0xfa, 0x7f, 0xff, 0xff, 0xff, 0xff, 0xff, 0xff, 0xff, 0xff, 0xff, 0xff, 0xff, 0xf0, 0x00, 0x00, 
    0x00, 0x0c, 0x04, 0x47, 0x87, 0x7f, 0x9f, 0xff, 0xff, 0xf7, 0xff, 0xff, 0xdb, 0xff, 0xff, 0xff, 
    0xff, 0xff, 0xfa, 0x03, 0xff, 0x81, 0x7f, 0xff, 0xff, 0xef, 0xe0, 0x00, 0x00, 0x00, 0x00, 0x00, 
    0x00, 0x00, 0x00, 0x59, 0xff, 0x80, 0x07, 0xff, 0xff, 0xff, 0xff, 0xf1, 0x00, 0x00, 0x3f, 0xff, 
    0xff, 0xff, 0xff, 0xff, 0xff, 0xff, 0xff, 0xff, 0xcc, 0x12, 0xa6, 0xf0, 0x00, 0x00, 0x03, 0xee, 
    0x3f, 0xf0, 0x00, 0x03, 0xff, 0xff, 0xff, 0xff, 0xff, 0xff, 0xff, 0xff, 0xff, 0xff, 0xff, 0xff, 
    0xff, 0xff, 0xfb, 0xff, 0xfa, 0x7f, 0xff, 0xff, 0xff, 0xff, 0xff, 0xff, 0xff, 0xff, 0xff, 0xff, 
    0xff, 0xf0, 0x00, 0x00, 0x00, 0x04, 0x00, 0x47, 0x87, 0x7f, 0x9f, 0xff, 0xff, 0xf7, 0xff, 0xff, 
    0xdb, 0xff, 0xff, 0xff, 0xff, 0xff, 0xfa, 0x03, 0xff, 0x81, 0x7f, 0xff, 0xff, 0xef, 0xc0, 0x00, 
    0x00, 0x00, 0x00, 0x00, 0x00, 0x00, 0x21, 0x5d, 0xff, 0xc0, 0x07, 0xff, 0xff, 0xff, 0xff, 0xf3, 
    0x80, 0x00, 0xff, 0xff, 0xff, 0xff, 0xff, 0xff, 0xff, 0xff, 0xff, 0xfc, 0xc4, 0x10, 0x84, 0x00, 
    0x00, 0x00, 0x20, 0xce, 0x3f, 0xfc, 0x00, 0x04, 0x7f, 0xff, 0xff, 0xff, 0xff, 0xff, 0xff, 0xff, 
    0xff, 0xff, 0xff, 0xff, 0xff, 0xff, 0xfb, 0xff, 0xfa, 0x7f, 0xff, 0xff, 0xff, 0xff, 0xff, 0xff, 
    0xff, 0xff, 0xff, 0xff, 0xff, 0xf8, 0x00, 0x00, 0x00, 0x04, 0x00, 0x47, 0x87, 0x7f, 0x9f, 0xff, 
    0xff, 0xf7, 0xff, 0xff, 0xdb, 0xff, 0xff, 0xff, 0xff, 0xff, 0xfa, 0x03, 0xff, 0x81, 0x7f, 0xff, 
    0xff, 0xef, 0xc0, 0x00, 0x00, 0x00, 0x00, 0x00, 0x00, 0x00, 0xc2, 0x5d, 0xff, 0xc0, 0x03, 0xff, 
    0xff, 0xff, 0xff, 0xe7, 0x00, 0x01, 0xff, 0xff, 0xff, 0xff, 0xff, 0xff, 0xff, 0xff, 0xff, 0xfe, 
    0x62, 0x08, 0x0d, 0x78, 0x00, 0x00, 0x24, 0x8c, 0x7f, 0x80, 0xc0, 0x07, 0x1f, 0xff, 0xff, 0xff, 
    0xff, 0xff, 0xff, 0xff, 0xff, 0xff, 0xff, 0xff, 0xff, 0xff, 0xfd, 0xff, 0xfa, 0xff, 0xff, 0xff, 
    0xff, 0xff, 0xff, 0xff, 0xff, 0xff, 0xff, 0xff, 0xff, 0xf8, 0x00, 0x00, 0x00, 0x18, 0x00, 0x47, 
    0x87, 0x7f, 0x9f, 0xff, 0xff, 0xf7, 0xff, 0xff, 0xdb, 0xff, 0xff, 0xff, 0xff, 0xff, 0xfa, 0x03, 
    0xff, 0xa1, 0x7f, 0xff, 0xff, 0xef, 0xc0, 0x00, 0x30, 0x00, 0x00, 0x00, 0x00, 0x00, 0x86, 0xdd, 
    0xff, 0xc0, 0x03, 0xff, 0xff, 0xff, 0xff, 0xe7, 0x00, 0x01, 0xff, 0xff, 0xff, 0xff, 0xff, 0xff, 
    0xff, 0xff, 0xff, 0xf7, 0x10, 0x08, 0x0a, 0xf0, 0x10, 0x00, 0x04, 0x8c, 0xfe, 0x7f, 0x00, 0x03, 
    0xc7, 0xff, 0xff, 0xff, 0xff, 0xff, 0xff, 0xff, 0xff, 0xff, 0xff, 0xff, 0xff, 0xff, 0xfd, 0xff, 
    0xfb, 0xff, 0xff, 0xff, 0xef, 0xff, 0xff, 0xff, 0xff, 0xff, 0xff, 0xff, 0xff, 0xf8, 0x00, 0x00, 
    0x00, 0x18, 0x00, 0xc7, 0x87, 0x7f, 0x9f, 0xff, 0xff, 0xf7, 0x7f, 0xff, 0xdb, 0xff, 0xff, 0xff, 
    0xff, 0xff, 0xfa, 0x03, 0xff, 0xa1, 0x7f, 0xff, 0xff, 0xef, 0xc0, 0x00, 0x00, 0x00, 0x00, 0x00, 
    0x00, 0x06, 0x0c, 0xde, 0xff, 0xe0, 0x01, 0xff, 0xff, 0xff, 0xff, 0xce, 0x00, 0x01, 0xff, 0xff, 
    0xff, 0xff, 0xff, 0xff, 0xff, 0xff, 0xff, 0xf9, 0x81, 0x08, 0x0a, 0x04, 0x00, 0x01, 0x2c, 0x08, 
    0xff, 0xf8, 0x00, 0x03, 0xf3, 0xff, 0xff, 0xff, 0xff, 0xff, 0xff, 0xff, 0xff, 0xff, 0xff, 0xff, 
    0xff, 0xff, 0xfd, 0xff, 0xfb, 0xff, 0xff, 0xff, 0xef, 0xff, 0xff, 0xff, 0xff, 0xff, 0xff, 0xff, 
    0xff, 0xfc, 0x00, 0x00, 0x00, 0x08, 0x00, 0xc7, 0x87, 0x7f, 0x9f, 0xff, 0xff, 0xf7, 0x7f, 0xff, 
    0xdb, 0xff, 0xff, 0xff, 0xff, 0xff, 0xfa, 0x23, 0xff, 0xa1, 0x7f, 0xff, 0xff, 0xef, 0xc0, 0x00, 
    0x00, 0x00, 0x00, 0x00, 0x00, 0x00, 0x0c, 0xde, 0xff, 0xf0, 0x01, 0xff, 0xff, 0xff, 0xff, 0xde, 
    0x80, 0x01, 0xff, 0xff, 0xff, 0xff, 0xff, 0xff, 0xff, 0xff, 0xff, 0xc6, 0x00, 0x00, 0x04, 0xf0, 
    0x80, 0x00, 0x2c, 0x01, 0xff, 0xe0, 0xc8, 0x05, 0xff, 0xff, 0xff, 0xff, 0xff, 0xff, 0xff, 0xff, 
    0xff, 0xff, 0xff, 0xff, 0xff, 0xff, 0xfd, 0xff, 0xfb, 0xff, 0xff, 0xff, 0xef, 0xff, 0xff, 0xff, 
    0xff, 0xff, 0xff, 0xff, 0xff, 0xfc, 0x00, 0x00, 0x00, 0x28, 0x02, 0x45, 0x87, 0x7f, 0x1f, 0xff, 
    0xff, 0xf7, 0x7f, 0xff, 0xdb, 0xff, 0xff, 0xff, 0xff, 0xff, 0xf8, 0x23, 0xff, 0xa1, 0x7f, 0xff, 
    0xff, 0xef, 0xc0, 0x00, 0x00, 0x00, 0x00, 0x00, 0x00, 0x00, 0x1d, 0xde, 0x7f, 0xf8, 0x01, 0xff, 
    0xff, 0xff, 0xff, 0xbd, 0x80, 0x03, 0xff, 0xff, 0xff, 0xff, 0xff, 0xff, 0xff, 0xff, 0xff, 0xf1, 
    0x20, 0x00, 0x01, 0xce, 0x00, 0x00, 0xae, 0x07, 0xff, 0x07, 0x98, 0xa5, 0xff, 0xff, 0xff, 0xff, 
    0xff, 0xff, 0xff, 0xff, 0xff, 0xff, 0xff, 0xff, 0xff, 0xff, 0xfd, 0xff, 0xfb, 0xff, 0xff, 0xff, 
    0xef, 0xff, 0xff, 0xff, 0xff, 0xff, 0xff, 0xff, 0xff, 0xfe, 0x00, 0x00, 0x00, 0x28, 0x02, 0x45, 
    0x83, 0x7f, 0x9f, 0xff, 0xff, 0xf7, 0x7f, 0xff, 0xdb, 0xff, 0xff, 0xff, 0xff, 0xff, 0xf8, 0x23, 
    0xff, 0xa1, 0x7f, 0xff, 0xff, 0xef, 0xc0, 0x00, 0x00, 0x00, 0x00, 0x00, 0x00, 0x00, 0xb9, 0xdf, 
    0x7f, 0xfc, 0x01, 0xff, 0xff, 0xff, 0xff, 0x7d, 0x00, 0x07, 0xff, 0xff, 0xff, 0xff, 0xff, 0xff, 
    0xff, 0xff, 0xff, 0xfc, 0x10, 0x00, 0x0b, 0xfc, 0x00, 0x00, 0xa7, 0x07, 0xff, 0xff, 0x00, 0xa4, 
    0xff, 0xff, 0xff, 0xff, 0xff, 0xff, 0xff, 0xff, 0xff, 0xff, 0xff, 0xff, 0xff, 0xff, 0xfd, 0xff, 
    0xfb, 0xff, 0xff, 0xff, 0xdf, 0xff, 0xff, 0xff, 0xff, 0xff, 0xff, 0xff, 0xff, 0xfe, 0x00, 0x00, 
    0x00, 0x20, 0x02, 0x45, 0x83, 0x7f, 0x9f, 0xff, 0xff, 0xf7, 0x7f, 0xff, 0xdb, 0xff, 0xff, 0xff, 
    0xfe, 0xff, 0xf8, 0x03, 0xff, 0xe1, 0x7f, 0xff, 0xff, 0xef, 0xc0, 0x00, 0x00, 0x00, 0x00, 0x00, 
    0x00, 0x01, 0x1b, 0xbf, 0x7f, 0xfc, 0x01, 0xff, 0xff, 0xff, 0xff, 0xfa, 0x00, 0x07, 0xff, 0xff, 
    0xff, 0xff, 0xff, 0xff, 0xff, 0xff, 0xff, 0xfe, 0x00, 0x00, 0x03, 0xfa, 0x00, 0x80, 0x8f, 0x0f, 
    0xff, 0xfe, 0x41, 0xa6, 0xff, 0xff, 0xff, 0xff, 0xff, 0xff, 0xff, 0xff, 0xff, 0xff, 0xff, 0xff, 
    0xff, 0xff, 0xfd, 0xff, 0xfb, 0xff, 0xff, 0xff, 0xdf, 0xff, 0xff, 0xff, 0xff, 0xff, 0xff, 0xff, 
    0xff, 0xfe, 0x00, 0x00, 0x00, 0x20, 0x02, 0x45, 0x83, 0x7f, 0x9f, 0xff, 0xff, 0xf7, 0x7f, 0xff, 
    0xdb, 0xff, 0xff, 0xff, 0xfe, 0xff, 0xf0, 0x03, 0xff, 0xe1, 0x7f, 0xff, 0xff, 0xef, 0xc0, 0x00, 
    0x00, 0x00, 0x00, 0x00, 0x00, 0x08, 0x13, 0xbf, 0xff, 0xfe, 0x01, 0xff, 0xff, 0xff, 0xff, 0xfa, 
    0x00, 0x0f, 0xff, 0xff, 0xff, 0xff, 0xff, 0xff, 0xff, 0xff, 0xff, 0x01, 0x80, 0x00, 0x07, 0xfb, 
    0x18, 0x00, 0x8f, 0x1f, 0xff, 0xed, 0xc3, 0xa6, 0xff, 0xff, 0xff, 0xff, 0xff, 0xff, 0xff, 0xff, 
    0xff, 0xff, 0xff, 0xff, 0xff, 0xff, 0xfd, 0xff, 0xfb, 0xff, 0xff, 0xff, 0xdf, 0xff, 0xff, 0xff, 
    0xff, 0xff, 0xff, 0xff, 0xff, 0xff, 0x00, 0x00, 0x00, 0x20, 0x02, 0x45, 0x83, 0x7f, 0x9f, 0xff, 
    0xff, 0xf7, 0x7f, 0xff, 0xdb, 0xff, 0xff, 0xff, 0xfe, 0xff, 0xf0, 0x03, 0xff, 0xe1, 0x7f, 0xff, 
    0xff, 0xef, 0xc0, 0x00, 0x00, 0x00, 0x00, 0x00, 0x00, 0x0a, 0x07, 0xbf, 0xff, 0xfe, 0x01, 0xff, 
    0xff, 0xff, 0xff, 0xf8, 0x00, 0x3f, 0xff, 0xff, 0xff, 0xff, 0xff, 0xff, 0xff, 0xff, 0xff, 0xe0, 
    0x00, 0x00, 0x03, 0xce, 0x20, 0x00, 0x1f, 0x3f, 0xff, 0xff, 0xc7, 0x27, 0x7f, 0xff, 0xff, 0xff, 
    0xff, 0xff, 0xff, 0xff, 0xff, 0xff, 0xff, 0xff, 0xff, 0xff, 0xfd, 0xff, 0xfb, 0xff, 0xff, 0xff, 
    0xdf, 0xff, 0xff, 0xff, 0xff, 0xff, 0xff, 0xff, 0xff, 0xff, 0x00, 0x00, 0x00, 0x20, 0x02, 0x45, 
    0x83, 0x7f, 0x9f, 0xff, 0xff, 0xf7, 0xff, 0xff, 0xdb, 0xff, 0xff, 0xff, 0xfe, 0xff, 0xf0, 0x01, 
    0xff, 0xe3, 0x7f, 0xff, 0xff, 0xef, 0xc0, 0x00, 0x00, 0x00, 0x00, 0x00, 0x00, 0x2b, 0x87, 0xbf, 
    0xff, 0xfe, 0x01, 0xff, 0xff, 0xff, 0xff, 0xf0, 0x00, 0x7f, 0xff, 0xff, 0xff, 0xff, 0xff, 0xff, 
    0xff, 0xff, 0xff, 0xf8, 0x00, 0x00, 0x13, 0xfc, 0x10, 0x00, 0x1f, 0x3f, 0xff, 0xff, 0x87, 0x67, 
    0x7f, 0xff, 0xff, 0xff, 0xff, 0xff, 0xff, 0xff, 0xff, 0xff, 0xff, 0xff, 0xff, 0xff, 0xfd, 0xff, 
    0xfb, 0xff, 0xff, 0xff, 0xdf, 0xff, 0xff, 0xff, 0xff, 0xff, 0xff, 0xff, 0xff, 0xff, 0x80, 0x00, 
    0x00, 0x00, 0x02, 0x45, 0x83, 0x7f, 0x9f, 0xff, 0xff, 0xf7, 0xff, 0xff, 0xdb, 0xff, 0xff, 0xff, 
    0xfe, 0xff, 0xf0, 0x01, 0xff, 0xe3, 0x7f, 0xff, 0xff, 0xef, 0xc0, 0x00, 0x00, 0x00, 0x00, 0x00, 
    0x00, 0x65, 0x87, 0xff, 0xff, 0xfe, 0x01, 0xff, 0xff, 0xff, 0xff, 0xe0, 0x00, 0xff, 0xff, 0xff, 
    0xff, 0xff, 0xff, 0xff, 0xff, 0xff, 0xff, 0x0e, 0x00, 0x00, 0x00, 0xff, 0x80, 0x00, 0x1f, 0x7f, 
    0xff, 0xff, 0xc7, 0x67, 0x7f, 0xff, 0xff, 0xff, 0xff, 0xff, 0xff, 0xff, 0xff, 0xff, 0xff, 0xff, 
    0xff, 0xff, 0xfd, 0xff, 0xfb, 0xff, 0xff, 0xff, 0xdf, 0xff, 0xff, 0xff, 0xff, 0xff, 0xff, 0xff, 
    0xff, 0xff, 0x80, 0x00, 0x00, 0x00, 0x02, 0x45, 0x83, 0x3f, 0x9f, 0xff, 0xff, 0xf7, 0xff, 0xff, 
    0xdb, 0xff, 0xff, 0xff, 0xfe, 0xff, 0xf0, 0x01, 0xff, 0xe3, 0x7f, 0xff, 0xff, 0xef, 0xc0, 0x00, 
    0x00, 0x00, 0x00, 0x00, 0x00, 0xe5, 0x87, 0x7f, 0xff, 0xfe, 0x01, 0xff, 0xff, 0xff, 0xff, 0xa0, 
    0x01, 0xff, 0xff, 0xff, 0xff, 0xff, 0xff, 0xff, 0xff, 0xff, 0xff, 0xe0, 0x00, 0x00, 0x03, 0xff, 
    0xf0, 0x00, 0x1e, 0xff, 0xff, 0xff, 0xc7, 0x67, 0xbf, 0xff, 0xff, 0xff, 0xff, 0xff, 0xff, 0xff, 
    0xff, 0xff, 0xff, 0xff, 0xff, 0xff, 0xfd, 0xff, 0xfb, 0xff, 0xff, 0xff, 0xdf, 0xff, 0xff, 0xff, 
    0xff, 0xff, 0xff, 0xff, 0xff, 0xff, 0x80, 0x00, 0x00, 0x40, 0x02, 0x45, 0x83, 0x3f, 0xbf, 0xff, 
    0xff, 0xf7, 0xff, 0xff, 0x9b, 0xff, 0xff, 0xff, 0xfe, 0xff, 0xf0, 0x01, 0xff, 0xe3, 0x7f, 0xff, 
    0xff, 0xcf, 0xc0, 0x00, 0x00, 0x00, 0x00, 0x00, 0x20, 0xe5, 0xe7, 0x7f, 0xff, 0xfe, 0x01, 0xff, 
    0xff, 0xff, 0xff, 0x00, 0x01, 0xff, 0xff, 0xff, 0xff, 0xff, 0xff, 0xff, 0xff, 0xff, 0xff, 0xfc, 
    0x00, 0x00, 0x0c, 0x7f, 0x84, 0x00, 0x3e, 0xff, 0xff, 0xff, 0xc6, 0x67, 0xff, 0xff, 0xff, 0xff, 
    0xff, 0xff, 0xff, 0xff, 0xff, 0xff, 0xff, 0xff, 0xff, 0xff, 0xfc, 0xff, 0xfb, 0xff, 0xff, 0xff, 
    0xff, 0xff, 0xff, 0xff, 0xff, 0xff, 0xff, 0xff, 0xff, 0xff, 0xc0, 0x00, 0x00, 0x00, 0x02, 0x45, 
    0x83, 0x3f, 0xbf, 0xff, 0xff, 0xf7, 0xff, 0xff, 0x9b, 0xff, 0xff, 0xff, 0xfe, 0xff, 0xf0, 0x01, 
    0xff, 0xe3, 0xff, 0xff, 0xff, 0xcb, 0xc0, 0x00, 0x00, 0x00, 0x00, 0x00, 0x40, 0x45, 0xe7, 0xff, 
    0xff, 0xfc, 0x01, 0xff, 0xff, 0xff, 0xff, 0x40, 0x01, 0xff, 0xff, 0xff, 0xff, 0xff, 0xff, 0xff, 
    0xff, 0xff, 0xff, 0x00, 0x00, 0x00, 0x00, 0x9f, 0xf0, 0x00, 0x04, 0xff, 0xff, 0xff, 0x84, 0x67, 
    0xff, 0xff, 0xff, 0xff, 0xff, 0xff, 0xff, 0xff, 0xff, 0xff, 0xff, 0xff, 0xff, 0xff, 0xfe, 0xff, 
    0xfb, 0xff, 0xff, 0xff, 0xff, 0xff, 0xff, 0xff, 0xff, 0xff, 0xff, 0xff, 0xff, 0xff, 0xc0, 0x00, 
    0x00, 0x40, 0x00, 0x45, 0x83, 0x3f, 0xbf, 0xff, 0xff, 0xf7, 0xff, 0xff, 0x9b, 0xff, 0xff, 0xff, 
    0xfe, 0xff, 0xf0, 0x81, 0xff, 0xe3, 0xff, 0xff, 0xff, 0xcb, 0xc0, 0x00, 0x00, 0x00, 0x00, 0x00, 
    0x41, 0x00, 0xe7, 0xff, 0xff, 0xfc, 0x01, 0xff, 0xff, 0xff, 0xfe, 0x40, 0x01, 0xff, 0xff, 0xff, 
    0xff, 0xff, 0xff, 0xff, 0xff, 0xff, 0xff, 0xf8, 0x00, 0x00, 0x00, 0xb8, 0x00, 0x00, 0x1d, 0xff, 
    0xff, 0xff, 0x84, 0xe7, 0xff, 0xff, 0xff, 0xff, 0xff, 0xff, 0xff, 0xff, 0xff, 0xff, 0xff, 0xff, 
    0xff, 0xff, 0xfe, 0xff, 0xfb, 0xff, 0xff, 0xff, 0xff, 0xff, 0xff, 0xff, 0xff, 0xff, 0xff, 0xff, 
    0xff, 0xff, 0xc0, 0x00, 0x00, 0x40, 0x00, 0x45, 0x83, 0x3f, 0xbf, 0xff, 0xff, 0xf7, 0xff, 0xff, 
    0x9b, 0xff, 0xff, 0xff, 0xfe, 0xff, 0xf0, 0x81, 0xff, 0xe3, 0xff, 0xff, 0xff, 0xcb, 0xc0, 0x00, 
    0x00, 0x00, 0x00, 0x00, 0x01, 0x80, 0xf7, 0xff, 0xff, 0xfc, 0x01, 0xff, 0xff, 0xff, 0xf6, 0x00, 
    0x01, 0xff, 0xff, 0xff, 0xff, 0xff, 0xff, 0xff, 0xff, 0xff, 0xff, 0xff, 0x00, 0x00, 0x05, 0xb8, 
    0x00, 0x00, 0x19, 0xff, 0xff, 0xff, 0x00, 0xe7, 0xff, 0xff, 0xff, 0xff, 0xff, 0xff, 0xff, 0xff, 
    0xff, 0xff, 0xff, 0xff, 0xff, 0xff, 0xfe, 0xff, 0xfb, 0xff, 0xff, 0xff, 0xff, 0xff, 0xff, 0xff, 
    0xff, 0xff, 0xff, 0xff, 0xff, 0xff, 0xc0, 0x00, 0x00, 0x00, 0x00, 0xc5, 0x81, 0x3f, 0x9f, 0xff, 
    0xff, 0xf7, 0xff, 0xff, 0x9b, 0xff, 0xff, 0xff, 0xfe, 0xff, 0xf0, 0x81, 0xff, 0xe3, 0xff, 0xff, 
    0xff, 0xc9, 0xc0, 0x00, 0x00, 0x00, 0x00, 0x00, 0x01, 0x88, 0x37, 0xff, 0xff, 0xfc, 0x01, 0xff, 
    0xff, 0xff, 0xe4, 0x80, 0x01, 0xff, 0xff, 0xff, 0xff, 0xff, 0xff, 0xff, 0xff, 0xff, 0xff, 0x00, 
    0x00, 0x00, 0x01, 0xbf, 0xf0, 0x00, 0x08, 0xff, 0xff, 0xfe, 0x01, 0xff, 0xff, 0xff, 0xff, 0xff, 
    0xff, 0xff, 0xff, 0xff, 0xff, 0xff, 0xff, 0xff, 0xff, 0xff, 0xfe, 0xff, 0xfb, 0xff, 0xff, 0xff, 
    0xff, 0xff, 0xff, 0xff, 0xff, 0xff, 0xff, 0xff, 0xff, 0xff, 0xc0, 0x00, 0x00, 0x00, 0x00, 0xc5, 
    0x81, 0x3f, 0x9f, 0xff, 0xff, 0xff, 0xff, 0xff, 0x9b, 0xff, 0xff, 0xff, 0xfe, 0xff, 0xf0, 0xa1, 
    0xff, 0xe3, 0xff, 0xff, 0xff, 0xc9, 0xc0, 0x00, 0x00, 0x00, 0x00, 0x00, 0x31, 0xcf, 0x03, 0xff, 
    0xff, 0xfc, 0x01, 0xff, 0xff, 0xff, 0xc4, 0x80, 0x01, 0xff, 0xff, 0xff, 0xff, 0xff, 0xff, 0xff, 
    0xff, 0xff, 0xff, 0xf8, 0x00, 0x00, 0x00, 0x3c, 0x00, 0x00, 0x40, 0xff, 0xff, 0xfe, 0x01, 0xff, 
    0xff, 0xff, 0xff, 0xff, 0xff, 0xff, 0xff, 0xff, 0xff, 0xff, 0xff, 0xff, 0xff, 0xff, 0xfe, 0xff, 
    0xfb, 0xff, 0xff, 0xff, 0xff, 0xff, 0xff, 0xff, 0xff, 0xff, 0xff, 0xff, 0xff, 0xff, 0xc0, 0x00, 
    0x00, 0x00, 0x00, 0x85, 0x81, 0x3f, 0xbf, 0xff, 0xff, 0xff, 0x7f, 0xff, 0x99, 0xff, 0xff, 0xff, 
    0xfc, 0xff, 0xf0, 0xa1, 0xff, 0xe3, 0xff, 0xff, 0xff, 0xc9, 0xc0, 0x00, 0x00, 0x00, 0x00, 0x00, 
    0x10, 0x9f, 0x83, 0xff, 0xff, 0xfc, 0x01, 0xff, 0xff, 0xff, 0x0c, 0x00, 0x03, 0xff, 0xff, 0xff, 
    0xff, 0xff, 0xff, 0xff, 0xff, 0xff, 0xff, 0xfc, 0x00, 0x00, 0x05, 0x3f, 0x01, 0x80, 0x60, 0xff, 
    0xff, 0x8c, 0x01, 0xff, 0xff, 0xff, 0xff, 0xff, 0xff, 0xff, 0xff, 0xff, 0xff, 0xff, 0xff, 0xff, 
    0xff, 0xff, 0xff, 0x7f, 0xfb, 0xff, 0xff, 0xff, 0xff, 0xff, 0xff, 0xff, 0xff, 0xff, 0xff, 0xff, 
    0xff, 0xff, 0xc0, 0x00, 0x00, 0x00, 0x00, 0x05, 0x81, 0x3f, 0xbf, 0xff, 0xff, 0xff, 0x7f, 0xff, 
    0x99, 0xff, 0xff, 0xff, 0xfc, 0xff, 0xf0, 0xa1, 0xff, 0xe3, 0xff, 0xff, 0xff, 0xc9, 0xc0, 0x00, 
    0x00, 0x00, 0x00, 0x02, 0x00, 0x1f, 0xe1, 0xff, 0xff, 0xfc, 0x01, 0xff, 0xff, 0xff, 0x09, 0x00, 
    0x03, 0xff, 0xff, 0xff, 0xff, 0xff, 0xff, 0xff, 0xff, 0xff, 0xff, 0xf0, 0x00, 0x00, 0x01, 0x5f, 
    0xc4, 0x00, 0x61, 0xff, 0xfe, 0x18, 0x08, 0xff, 0xff, 0xff, 0xff, 0xff, 0xff, 0xff, 0xff, 0xff, 
    0xff, 0xff, 0xff, 0xff, 0xff, 0xff, 0xff, 0x7f, 0xfb, 0xff, 0xff, 0xff, 0xff, 0xff, 0xff, 0xff, 
    0xff, 0xff, 0xff, 0xff, 0xff, 0xff, 0xc0, 0x00, 0x00, 0x00, 0x00, 0x05, 0x81, 0x3f, 0xbf, 0xff, 
    0xff, 0xff, 0x7f, 0xff, 0x99, 0xff, 0xff, 0xff, 0xfc, 0xff, 0xf0, 0x01, 0xff, 0xe3, 0xff, 0xff, 
    0xff, 0xc9, 0xc0, 0x00, 0x00, 0x00, 0x00, 0x04, 0x5c, 0x3f, 0xe0, 0xff, 0xff, 0xfc, 0x01, 0xff, 
    0xff, 0xfe, 0x09, 0x00, 0x03, 0xff, 0xff, 0xff, 0xff, 0xff, 0xff, 0xff, 0xff, 0xff, 0xff, 0xc7, 
    0xc0, 0x00, 0x00, 0xb7, 0x30, 0x00, 0x21, 0xff, 0xfe, 0x00, 0x3f, 0xff, 0xff, 0xff, 0xff, 0xff, 
    0xff, 0xff, 0xff, 0xff, 0xff, 0xff, 0xff, 0xff, 0xff, 0xff, 0xff, 0x7f, 0xfb, 0xff, 0xff, 0xff, 
    0xff, 0xff, 0xff, 0xff, 0xff, 0xff, 0xff, 0xff, 0xff, 0xff, 0xc0, 0x00, 0x00, 0x00, 0x02, 0x05, 
    0x81, 0x3f, 0xbf, 0xff, 0xff, 0xff, 0x7f, 0xff, 0x99, 0xff, 0xff, 0xff, 0xfc, 0xff, 0xf0, 0x01, 
    0xff, 0xe3, 0xff, 0xff, 0xff, 0xc1, 0xc0, 0x00, 0x00, 0x00, 0x00, 0x04, 0xdc, 0x3f, 0xf0, 0xff, 
    0xff, 0xf8, 0x00, 0xff, 0xff, 0xfc, 0x10, 0x00, 0x07, 0xff, 0xff, 0xff, 0xff, 0xff, 0xff, 0xff, 
    0xff, 0xff, 0xff, 0x9a, 0x00, 0x00, 0x00, 0xb6, 0x44, 0x4a, 0x31, 0xff, 0xfc, 0x03, 0xff, 0xff, 
    0xff, 0xff, 0xff, 0xff, 0xff, 0xff, 0xff, 0xff, 0xff, 0xff, 0xff, 0xff, 0xff, 0xff, 0xff, 0x3f, 
    0xfb, 0xff, 0xff, 0xff, 0xf7, 0xff, 0xff, 0xff, 0xff, 0xff, 0xff, 0xff, 0xff, 0xff, 0x80, 0x00, 
    0x00, 0x00, 0x02, 0x05, 0x81, 0x3f, 0xbf, 0xff, 0xff, 0xff, 0x7f, 0xfe, 0x99, 0xff, 0xff, 0xff, 
    0xfc, 0xff, 0xf0, 0x01, 0xff, 0xe3, 0xff, 0xff, 0xff, 0xc1, 0xc0, 0x00, 0x00, 0x00, 0x00, 0x00, 
    0xbe, 0x3f, 0xf8, 0xff, 0xff, 0xfc, 0x00, 0xff, 0xff, 0xdc, 0x10, 0x00, 0x07, 0xff, 0xff, 0xff, 
    0xff, 0xff, 0xff, 0xff, 0xff, 0xff, 0xff, 0xc8, 0x00, 0x00, 0x00, 0x7e, 0x7c, 0x92, 0xb1, 0xff, 
    0xfc, 0x8f, 0xff, 0xff, 0xff, 0xff, 0xff, 0xff, 0xff, 0xff, 0xff, 0xff, 0xff, 0xff, 0xff, 0xff, 
    0xff, 0xff, 0xff, 0xbf, 0xfb, 0xff, 0xff, 0xff, 0xf7, 0xff, 0xff, 0xff, 0xff, 0xff, 0xff, 0xff, 
    0xff, 0xff, 0x80, 0x00, 0x00, 0x00, 0x00, 0x05, 0x81, 0x3f, 0x9f, 0xff, 0xff, 0xff, 0x7f, 0xfe, 
    0x99, 0xff, 0xff, 0xff, 0xfc, 0xff, 0xf1, 0x01, 0xff, 0xe3, 0xff, 0xff, 0xff, 0xc1, 0xc0, 0x00, 
    0x00, 0x00, 0x00, 0x00, 0xbe, 0x3f, 0xfc, 0x7f, 0xff, 0xfc, 0x00, 0xff, 0xff, 0xd8, 0x00, 0x00, 
    0x0f, 0xff, 0xff, 0xff, 0xff, 0xff, 0xff, 0xff, 0xff, 0xff, 0xff, 0xe4, 0x00, 0x00, 0x01, 0x7f, 
    0xf3, 0x30, 0xb1, 0x3f, 0xfb, 0x1f, 0xff, 0xff, 0xff, 0xff, 0xff, 0xff, 0xff, 0xff, 0xff, 0xff, 
    0xff, 0xff, 0xff, 0xff, 0xff, 0xff, 0xff, 0xbf, 0xfb, 0xff, 0xff, 0xff, 0xf7, 0xff, 0xff, 0xff, 
    0xff, 0xff, 0xff, 0xff, 0xff, 0xff, 0xc0, 0x00, 0x00, 0x00, 0x00, 0x05, 0x81, 0x3f, 0xbf, 0xff, 
    0xff, 0xff, 0x7f, 0xfe, 0x99, 0xff, 0xff, 0xff, 0xfc, 0xff, 0xf1, 0x01, 0xff, 0xe3, 0xff, 0xff, 
    0xff, 0xc1, 0xc0, 0x00, 0x00, 0x00, 0x00, 0x01, 0xbe, 0x1f, 0xfc, 0x3f, 0xff, 0xfc, 0x00, 0x7f, 
    0xfe, 0xd8, 0x00, 0x00, 0x1f, 0xff, 0xff, 0xff, 0xff, 0xff, 0xff, 0xff, 0xff, 0xff, 0xfe, 0xe4, 
    0x00, 0x00, 0x00, 0x6f, 0xc6, 0x65, 0x90, 0x1f, 0xfa, 0x7f, 0xff, 0xff, 0xff, 0xff, 0xff, 0xff, 
    0xff, 0xff, 0xff, 0xff, 0xff, 0xff, 0xff, 0xff, 0xff, 0xff, 0xff, 0xdf, 0xfb, 0xff, 0xff, 0xff, 
    0xf7, 0xff, 0xff, 0xff, 0xff, 0xff, 0xff, 0xff, 0xff, 0xff, 0xc0, 0x00, 0x00, 0x00, 0x00, 0x04, 
    0x81, 0x3f, 0xbf, 0xff, 0xff, 0xff, 0x7f, 0xfe, 0x99, 0xff, 0xff, 0xff, 0xfc, 0xff, 0xf3, 0x01, 
    0xff, 0xf3, 0xff, 0xff, 0xff, 0xc1, 0xc0, 0x00, 0x00, 0x00, 0x00, 0x00, 0x7f, 0x0f, 0xfc, 0x3f, 
    0xff, 0xfe, 0x00, 0x2f, 0xee, 0xc8, 0x00, 0x00, 0x1f, 0xff, 0xff, 0xff, 0xff, 0xff, 0xff, 0xff, 
    0xff, 0xff, 0xff, 0x72, 0x00, 0x00, 0x00, 0x4f, 0x9c, 0xe5, 0xc0, 0x3f, 0xf6, 0x7f, 0xff, 0xff, 
    0xff, 0xff, 0xff, 0xff, 0xff, 0xff, 0xff, 0xff, 0xff, 0xff, 0xff, 0xff, 0xff, 0xff, 0xff, 0xcf, 
    0xfb, 0xff, 0xff, 0xff, 0xf7, 0xff, 0xff, 0xff, 0xff, 0xff, 0xff, 0xff, 0xff, 0xff, 0xc0, 0x00, 
    0x00, 0x00, 0x00, 0x04, 0x81, 0x3f, 0xbf, 0xff, 0xff, 0xff, 0x7f, 0xfe, 0x89, 0xff, 0xff, 0xff, 
    0xfc, 0xff, 0xf3, 0x01, 0xff, 0xf3, 0xff, 0xff, 0xff, 0xc1, 0xc0, 0x00, 0x00, 0x00, 0x00, 0x00, 
    0x3f, 0x0f, 0xfe, 0x3f, 0xff, 0xfc, 0x00, 0x07, 0xe6, 0xc8, 0x00, 0x00, 0x3f, 0xff, 0xff, 0xff, 
    0xff, 0xff, 0xff, 0xff, 0xff, 0xff, 0xf3, 0xb0, 0x00, 0x00, 0x02, 0x8f, 0xf9, 0xed, 0xd0, 0x3f, 
    0xfc, 0xff, 0xff, 0xff, 0xff, 0xff, 0xff, 0xff, 0xff, 0xff, 0xff, 0xff, 0xff, 0xff, 0xff, 0xff, 
    0xff, 0xff, 0xff, 0xe3, 0xfb, 0xff, 0xff, 0xff, 0xf7, 0xff, 0xff, 0xff, 0xff, 0xff, 0xff, 0xff, 
    0xff, 0xff, 0xe0, 0x00, 0x00, 0x00, 0x00, 0x04, 0x81, 0x7f, 0xbf, 0xff, 0xff, 0xff, 0x7f, 0xfe, 
    0x89, 0xff, 0xff, 0xff, 0xfc, 0xff, 0xf3, 0x01, 0xff, 0xf3, 0xff, 0xff, 0xff, 0xc1, 0xc0, 0x00, 
    0x00, 0x00, 0x00, 0x00, 0x1f, 0x8f, 0xff, 0x3f, 0xff, 0xfe, 0x00, 0x07, 0x66, 0xc8, 0x00, 0x00, 
    0x7f, 0xff, 0xff, 0xff, 0xff, 0xff, 0xff, 0xff, 0xff, 0xff, 0xf9, 0x98, 0x00, 0x00, 0x00, 0x1f, 
    0xf3, 0xcd, 0xf0, 0x7f, 0xf8, 0xff, 0xff, 0xff, 0xff, 0xff, 0xff, 0xff, 0xff, 0xff, 0xff, 0xff, 
    0xff, 0xff, 0xff, 0xff, 0xff, 0xff, 0xff, 0xf9, 0xfb, 0xff, 0xff, 0xff, 0xf7, 0xff, 0xff, 0xff, 
    0xff, 0xff, 0xff, 0xff, 0xff, 0xff, 0xe0, 0x00, 0x00, 0x00, 0x00, 0x04, 0x81, 0x7f, 0xff, 0xff, 
    0xff, 0xff, 0xff, 0xfe, 0x89, 0xff, 0xff, 0xff, 0xfc, 0xff, 0xf3, 0x01, 0xff, 0xf3, 0xff, 0xff, 
    0xff, 0xc1, 0x80, 0x00, 0x00, 0x00, 0x00, 0x00, 0x0f, 0x8f, 0xff, 0x1f, 0xff, 0xee, 0x00, 0x03, 
    0x26, 0xc8, 0x00, 0x00, 0xff, 0xff, 0xff, 0xff, 0xff, 0xff, 0xff, 0xff, 0xff, 0xff, 0xfc, 0x40, 
    0x00, 0x00, 0x00, 0x3b, 0xff, 0xcb, 0xf0, 0x7f, 0xf1, 0xff, 0xff, 0xff, 0xff, 0xff, 0xff, 0xff, 
    0xff, 0xff, 0xff, 0xff, 0xff, 0xff, 0xff, 0xff, 0xff, 0xff, 0xff, 0xfc, 0xfb, 0xff, 0xff, 0xff, 
    0xb7, 0xff, 0xff, 0xff, 0xff, 0xff, 0xff, 0xff, 0xff, 0xff, 0xe0, 0x00, 0x00, 0x00, 0x00, 0x04, 
    0x81, 0x7f, 0xff, 0xff, 0xff, 0xff, 0xff, 0xfe, 0x89, 0xff, 0xff, 0xff, 0xfc, 0xff, 0xf3, 0x01, 
    0xff, 0xf3, 0xff, 0xff, 0xff, 0xc1, 0x80, 0x00, 0x00, 0x00, 0x00, 0x00, 0x0f, 0x0f, 0xff, 0x0f, 
    0xff, 0xf7, 0x00, 0x01, 0x26, 0x48, 0x00, 0x00, 0xff, 0xff, 0xff, 0xff, 0xff, 0xff, 0xff, 0xff, 
    0xff, 0xff, 0xfe, 0x00, 0x00, 0x00, 0x00, 0x73, 0xff, 0xdb, 0xf0, 0x7f, 0xf1, 0xff, 0xff, 0xff, 
    0xff, 0xff, 0xff, 0xff, 0xff, 0xff, 0xff, 0xff, 0xff, 0xff, 0xff, 0xff, 0xff, 0xff, 0xff, 0xfe, 
    0xfb, 0xff, 0xff, 0xff, 0xb7, 0xff, 0xff, 0xff, 0xff, 0xff, 0xff, 0xff, 0xff, 0xff, 0xf0, 0x00, 
    0x00, 0x00, 0x00, 0x04, 0x81, 0x7f, 0xff, 0xff, 0xff, 0xff, 0xff, 0xfe, 0x89, 0xff, 0xff, 0xff, 
    0xfe, 0xff, 0xf2, 0x01, 0xff, 0xf3, 0xff, 0xff, 0xff, 0x81, 0x80, 0x00, 0x00, 0x00, 0x00, 0x19, 
    0x80, 0x07, 0xfe, 0x07, 0xff, 0xf7, 0x80, 0x01, 0xb6, 0x58, 0x00, 0x01, 0xff, 0xff, 0xff, 0xff, 
    0xff, 0xff, 0xff, 0xff, 0xff, 0xff, 0xbd, 0x80, 0x00, 0x00, 0x00, 0x83, 0xff, 0x9f, 0xf0, 0x7f, 
    0xe1, 0xff, 0xff, 0xff, 0xff, 0xff, 0xff, 0xff, 0xff, 0xff, 0xff, 0xff, 0xff, 0xff, 0xff, 0xff, 
    0xff, 0xff, 0xff, 0xfe, 0xfb, 0xff, 0xff, 0xff, 0xb7, 0xff, 0xff, 0xff, 0xff, 0xff, 0xff, 0xff, 
    0xff, 0xff, 0xf0, 0x00, 0x00, 0x00, 0x00, 0x04, 0x81, 0x7f, 0xff, 0xff, 0xff, 0xff, 0xff, 0xfe, 
    0x89, 0xff, 0xff, 0xff, 0xfe, 0xff, 0xf2, 0x10, 0xff, 0xf3, 0xff, 0xff, 0xff, 0x81, 0x80, 0x00, 
    0x00, 0x00, 0x00, 0x0b, 0xc0, 0x07, 0xfe, 0x03, 0xff, 0xfb, 0x40, 0x00, 0x92, 0x58, 0x00, 0x01, 
    0xff, 0xff, 0xff, 0xff, 0xff, 0xff, 0xff, 0xff, 0xff, 0xff, 0xe6, 0x40, 0x00, 0x00, 0x00, 0x19, 
    0xff, 0xbf, 0xf0, 0x3f, 0x63, 0xff, 0xff, 0xff, 0xff, 0xff, 0xff, 0xff, 0xff, 0xff, 0xff, 0xff, 
    0xff, 0xff, 0xff, 0xff, 0xff, 0xff, 0xff, 0xfe, 0xfb, 0xff, 0xff, 0xff, 0xb7, 0xff, 0xff, 0xff, 
    0xff, 0xff, 0xff, 0xff, 0xff, 0xff, 0xf8, 0x00, 0x00, 0x00, 0x00, 0x04, 0x81, 0x7f, 0xff, 0xff, 
    0xff, 0xff, 0xff, 0xfe, 0x89, 0xff, 0xff, 0xff, 0xfe, 0xff, 0xf2, 0x10, 0xff, 0xf3, 0xff, 0xff, 
    0xff, 0x81, 0x80, 0x04, 0x00, 0x00, 0x00, 0x07, 0xe0, 0x01, 0xfc, 0x01, 0xcf, 0xb9, 0x40, 0x00, 
    0x92, 0x58, 0x00, 0x01, 0xff, 0xff, 0xff, 0xff, 0xff, 0xff, 0xff, 0xff, 0xff, 0xff, 0xf1, 0x20, 
    0x00, 0x00, 0x00, 0x7d, 0xff, 0xbf, 0xf0, 0x7d, 0x81, 0xff, 0xff, 0xff, 0xff, 0xff, 0xff, 0xff, 
    0xff, 0xff, 0xff, 0xff, 0xff, 0xff, 0xff, 0xff, 0xff, 0xff, 0xff, 0xfe, 0xfb, 0xff, 0xff, 0xff, 
    0xb7, 0xff, 0xff, 0xff, 0xff, 0xff, 0xff, 0xff, 0xff, 0xff, 0xf8, 0x00, 0x00, 0x00, 0x00, 0x04, 
    0x81, 0x7f, 0xff, 0xff, 0xff, 0xff, 0xff, 0xfe, 0x89, 0xff, 0xff, 0xff, 0xfe, 0xff, 0xf2, 0x10, 
    0xff, 0xf3, 0xff, 0xff, 0xff, 0x81, 0x80, 0x04, 0x00, 0x00, 0x00, 0x8f, 0xe0, 0x01, 0xfe, 0x40, 
    0x63, 0xd9, 0x40, 0x00, 0x12, 0x10, 0x00, 0x01, 0xff, 0xff, 0xff, 0xff, 0xff, 0xff, 0xff, 0xff, 
    0xff, 0xff, 0xf8, 0x00, 0x00, 0x00, 0x03, 0xff, 0xff, 0xbf, 0xe0, 0x60, 0x03, 0xff, 0xff, 0xff, 
    0xff, 0xff, 0xff, 0xff, 0xff, 0xff, 0xff, 0xff, 0xff, 0xff, 0xff, 0xff, 0xff, 0xff, 0xff, 0xfc, 
    0xfb, 0xff, 0xff, 0xff, 0xb7, 0xff, 0xff, 0xff, 0xff, 0xff, 0xff, 0xff, 0xff, 0xff, 0xfc, 0x00, 
    0x00, 0x00, 0x00, 0x00, 0x81, 0x7f, 0xff, 0xff, 0xff, 0xff, 0xff, 0xfe, 0x89, 0xff, 0xff, 0xff, 
    0xfe, 0xff, 0xf2, 0x10, 0xff, 0xf3, 0xff, 0xff, 0xff, 0x81, 0x80, 0x04, 0x00, 0x00, 0x00, 0x4e, 
    0xe0, 0x00, 0xff, 0xe0, 0x38, 0xc0, 0x00, 0x00, 0x42, 0x10, 0x00, 0x00, 0xff, 0xff, 0xff, 0xff, 
    0xff, 0xff, 0xff, 0xff, 0xff, 0xff, 0xfe, 0x00, 0x00, 0x00, 0x00, 0x0f, 0xff, 0x3f, 0xc0, 0x00, 
    0x03, 0xff, 0xff, 0xff, 0xff, 0xff, 0xff, 0xff, 0xff, 0xff, 0xff, 0xff, 0xff, 0xff, 0xff, 0xff, 
    0xff, 0xff, 0xff, 0xfd, 0xfb, 0xff, 0xff, 0xff, 0xb7, 0xff, 0xff, 0xff, 0xff, 0xff, 0xff, 0xff, 
    0xff, 0xff, 0xfc, 0x00, 0x04, 0x00, 0x00, 0x00, 0x81, 0x7f, 0xff, 0xff, 0xff, 0xf7, 0xff, 0xfe, 
    0x89, 0xff, 0xff, 0xff, 0xfe, 0xff, 0xf2, 0x10, 0xff, 0xf3, 0xff, 0xff, 0xff, 0x81, 0x80, 0x04, 
    0x00, 0x00, 0x00, 0x60, 0x00, 0x00, 0xff, 0xf0, 0x0c, 0x7e, 0x00, 0x01, 0xc0, 0x10, 0x00, 0x00, 
    0xff, 0xff, 0xff, 0xff, 0xff, 0xff, 0xff, 0xff, 0xff, 0xff, 0x1f, 0x00, 0x00, 0x00, 0x04, 0x61, 
    0xf2, 0x3f, 0xc0, 0x00, 0x03, 0xff, 0xff, 0xff, 0xff, 0xff, 0xff, 0xff, 0xff, 0xff, 0xff, 0xff, 
    0xff, 0xff, 0xff, 0xff, 0xff, 0xff, 0xff, 0xfd, 0xfb, 0xff, 0xff, 0xff, 0xf7, 0xff, 0xff, 0xff, 
    0xff, 0xff, 0xff, 0xff, 0xff, 0xff, 0xfc, 0x00, 0x04, 0x00, 0x00, 0x00, 0x81, 0x7f, 0xff, 0xff, 
    0xff, 0xf7, 0xff, 0xfe, 0x81, 0xff, 0xff, 0xff, 0xfe, 0xff, 0xfa, 0x10, 0xff, 0xf7, 0xff, 0xff, 
    0xff, 0x81, 0x80, 0x04, 0x00, 0x00, 0x00, 0x20, 0x08, 0x00, 0x3f, 0xf8, 0x07, 0xc3, 0x00, 0x00, 
    0xe0, 0x10, 0x00, 0x00, 0xff, 0xff, 0xff, 0xff, 0xff, 0xff, 0xff, 0xff, 0xff, 0xff, 0xc3, 0xc0, 
    0x00, 0x00, 0x04, 0xf9, 0xf0, 0x1f, 0x80, 0x00, 0x07, 0xff, 0xff, 0xff, 0xff, 0xff, 0xff, 0xff, 
    0xff, 0xff, 0xff, 0xff, 0xff, 0xff, 0xff, 0xff, 0xff, 0xff, 0xff, 0xfd, 0xfb, 0xff, 0xff, 0xff, 
    0xf7, 0xff, 0xff, 0xff, 0xff, 0xff, 0xff, 0xff, 0xff, 0xff, 0xfe, 0x00, 0x04, 0x00, 0x00, 0x00, 
    0x81, 0x7f, 0xff, 0xff, 0xff, 0xf7, 0xff, 0xfe, 0x89, 0xff, 0xff, 0xff, 0xfe, 0xff, 0xfa, 0x12, 
    0xff, 0xf7, 0xff, 0xff, 0xff, 0x81, 0x80, 0x04, 0x00, 0x00, 0x00, 0x00, 0xf8, 0x00, 0x0f, 0xfe, 
    0x0f, 0xc1, 0x80, 0x00, 0x38, 0x34, 0x00, 0x00, 0xff, 0xff, 0xff, 0xff, 0xff, 0xff, 0xff, 0xff, 
    0xff, 0xff, 0xf0, 0x00, 0x00, 0x00, 0x02, 0x7b, 0x80, 0x1f, 0x00, 0x00, 0x0f, 0xff, 0xff, 0xff, 
    0xff, 0xff, 0xff, 0xff, 0xff, 0xff, 0xff, 0xff, 0xff, 0xff, 0xff, 0xff, 0xff, 0xff, 0xff, 0xfd, 
    0xfb, 0xff, 0xff, 0xff, 0x77, 0xff, 0xff, 0xff, 0xff, 0xff, 0xff, 0xff, 0xff, 0xff, 0xfe, 0x00, 
    0x00, 0x00, 0x00, 0x00, 0x81, 0x7f, 0xff, 0xff, 0xff, 0xf7, 0xff, 0xfe, 0x89, 0xff, 0xff, 0xff, 
    0xfe, 0xff, 0xfa, 0x10, 0xff, 0xf7, 0xff, 0xff, 0xff, 0x81, 0x80, 0x04, 0x00, 0x00, 0x00, 0x03, 
    0xb8, 0xc0, 0x01, 0xfc, 0x00, 0x60, 0x00, 0x00, 0x1e, 0x24, 0x00, 0x00, 0xff, 0xff, 0xff, 0xff, 
    0xff, 0xff, 0xff, 0xff, 0xff, 0xff, 0xc0, 0x00, 0x00, 0x00, 0x00, 0x38, 0x00, 0x1f, 0x00, 0x00, 
    0x1f, 0xff, 0xff, 0xff, 0xff, 0xff, 0xff, 0xff, 0xff, 0xff, 0xff, 0xff, 0xff, 0xff, 0xff, 0xff, 
    0xff, 0xff, 0xff, 0xfd, 0xfb, 0xff, 0xff, 0xff, 0x77, 0xff, 0xff, 0xff, 0xff, 0xff, 0xff, 0xff, 
    0xff, 0xff, 0xfe, 0x00, 0x05, 0x00, 0x00, 0x00, 0x81, 0x7f, 0xff, 0xff, 0xff, 0xf7, 0xff, 0xfe, 
    0x09, 0xff, 0xff, 0xff, 0xfe, 0xff, 0xfa, 0x12, 0xff, 0xf7, 0xff, 0xff, 0xff, 0x81, 0x80, 0x04, 
    0x00, 0x00, 0x00, 0x13, 0xb1, 0xc0, 0x00, 0x00, 0x00, 0x00, 0x00, 0x00, 0x7f, 0x28, 0x00, 0x01, 
    0xff, 0xff, 0xff, 0xff, 0xff, 0xff, 0xff, 0xff, 0xff, 0xff, 0xf0, 0x00, 0x00, 0x00, 0x03, 0x00, 
    0x00, 0x1e, 0x00, 0x06, 0x7f, 0xff, 0xff, 0xff, 0xff, 0xff, 0xff, 0xff, 0xff, 0xff, 0xff, 0xff, 
    0xff, 0xff, 0xff, 0xff, 0xff, 0xff, 0xff, 0xfd, 0xfb, 0xff, 0xff, 0xff, 0x77, 0xff, 0xff, 0xff, 
    0xff, 0xff, 0xff, 0xff, 0xff, 0xff, 0xfe, 0x00, 0x01, 0x00, 0x00, 0x00, 0x81, 0x7f, 0xff, 0xff, 
    0xff, 0xf7, 0xff, 0xfe, 0x09, 0xff, 0xff, 0xff, 0xfe, 0xff, 0xfa, 0x12, 0xff, 0xf7, 0xff, 0xff, 
    0xff, 0x80, 0x80, 0x04, 0x00, 0x00, 0x02, 0x19, 0xb1, 0xc0, 0x18, 0x00, 0x00, 0x00, 0x00, 0x00, 
    0x01, 0xc8, 0x00, 0x01, 0xff, 0xff, 0xff, 0xff, 0xff, 0xff, 0xff, 0xff, 0xff, 0xfe, 0x0c, 0x00, 
    0x00, 0x00, 0x07, 0x00, 0x7c, 0x1c, 0x00, 0x3f, 0xff, 0xff, 0xff, 0xff, 0xff, 0xff, 0xff, 0xff, 
    0xff, 0xff, 0xff, 0xff, 0xff, 0xff, 0xff, 0xff, 0xff, 0xff, 0xff, 0xfd, 0xfb, 0xff, 0xff, 0xff, 
    0x77, 0xff, 0xff, 0xff, 0xff, 0xff, 0xff, 0xff, 0xff, 0xff, 0xff, 0x00, 0x00, 0x00, 0x00, 0x00, 
    0x81, 0x7f, 0xff, 0xff, 0xff, 0xf7, 0xff, 0xfe, 0x09, 0xff, 0xff, 0xff, 0xfe, 0xff, 0xfa, 0x12, 
    0xff, 0xf7, 0xff, 0xff, 0xff, 0x80, 0x80, 0x04, 0x00, 0x00, 0x00, 0x88, 0xe1, 0x81, 0xff, 0x00, 
    0x00, 0x00, 0x00, 0x00, 0x00, 0x70, 0x00, 0x01, 0xdd, 0xff, 0xff, 0xff, 0xff, 0xff, 0xff, 0xff, 
    0xff, 0xfe, 0x00, 0x00, 0x00, 0x00, 0x07, 0x83, 0xfc, 0x08, 0x00, 0x7f, 0xff, 0xff, 0xff, 0xff, 
    0xff, 0xff, 0xff, 0xff, 0xff, 0xff, 0xff, 0xff, 0xff, 0xff, 0xff, 0xff, 0xff, 0xff, 0xff, 0xfd, 
    0xfb, 0xff, 0xff, 0xff, 0x7f, 0xff, 0xff, 0xff, 0xff, 0xff, 0xff, 0xff, 0xff, 0xff, 0xff, 0x00, 
    0x00, 0x00, 0x00, 0x00, 0x81, 0x7f, 0xff, 0xff, 0xff, 0xf7, 0xff, 0xfe, 0x09, 0xff, 0xff, 0xff, 
    0xfe, 0xff, 0xfa, 0x12, 0xff, 0xf7, 0xff, 0xff, 0xff, 0x80, 0x80, 0x04, 0x00, 0x00, 0x00, 0x4c, 
    0x61, 0x07, 0xff, 0x80, 0x00, 0x00, 0x00, 0x00, 0x00, 0x18, 0x00, 0x01, 0xcc, 0xff, 0xff, 0xff, 
    0xff, 0xff, 0xff, 0xff, 0xff, 0xff, 0xfc, 0x00, 0x00, 0x00, 0x07, 0x07, 0xfe, 0x00, 0x01, 0xff, 
    0xff, 0xff, 0xff, 0xff, 0xff, 0xff, 0xff, 0xff, 0xff, 0xff, 0xff, 0xff, 0xff, 0xff, 0xff, 0xff, 
    0xff, 0xff, 0xff, 0xfd, 0xfb, 0xff, 0xff, 0xff, 0xff, 0xff, 0xff, 0xff, 0xff, 0xff, 0xff, 0xff, 
    0xff, 0xff, 0xff, 0x00, 0x02, 0x00, 0x00, 0x00, 0x81, 0xff, 0xff, 0xff, 0xff, 0xf7, 0xff, 0xfe, 
    0x49, 0xff, 0xff, 0xff, 0xfe, 0xff, 0xfa, 0x12, 0xff, 0xf7, 0xff, 0xff, 0xff, 0x80, 0x80, 0x04, 
    0x20, 0x00, 0x00, 0x2c, 0x43, 0x0f, 0xff, 0xe0, 0x00, 0x00, 0x00, 0x00, 0x00, 0x00, 0x00, 0x00, 
    0xcc, 0xcd, 0xff, 0xff, 0xff, 0xff, 0xff, 0xff, 0xff, 0xff, 0xc0, 0x00, 0x00, 0x00, 0x47, 0x1f, 
    0xfe, 0x00, 0x03, 0xff, 0xff, 0xff, 0xff, 0xff, 0xff, 0xff, 0xff, 0xff, 0xff, 0xff, 0xff, 0xff, 
    0xff, 0xff, 0xff, 0xff, 0xff, 0xff, 0xff, 0xfe, 0xfb, 0xff, 0xff, 0xff, 0xff, 0xff, 0xff, 0xff, 
    0xff, 0xff, 0xff, 0xff, 0xff, 0xff, 0xff, 0x80, 0x02, 0x00, 0x00, 0x00, 0x83, 0xff, 0xff, 0xff, 
    0xff, 0xf7, 0xff, 0xfe, 0x49, 0xff, 0xff, 0xff, 0xfe, 0xff, 0xfa, 0x12, 0xff, 0xf7, 0xff, 0xff, 
    0xff, 0x80, 0x80, 0x04, 0x00, 0x00, 0x80, 0x0a, 0x02, 0x1f, 0xff, 0xe0, 0x00, 0x00, 0x00, 0x00, 
    0x00, 0x00, 0x00, 0x00, 0x24, 0xcd, 0xff, 0xff, 0xff, 0xff, 0xff, 0xff, 0xff, 0xff, 0xdc, 0x00, 
    0x00, 0x00, 0x47, 0x3f, 0xff, 0x80, 0x07, 0xff, 0xff, 0xff, 0xff, 0xff, 0xff, 0xff, 0xff, 0xff, 
    0xff, 0xff, 0xff, 0xff, 0xff, 0xff, 0xff, 0xff, 0xff, 0xff, 0xff, 0xfe, 0xfb, 0xff, 0xff, 0xfe, 
    0xff, 0xff, 0xff, 0xff, 0xff, 0xff, 0xff, 0xff, 0xff, 0xff, 0xff, 0x80, 0x02, 0x00, 0x00, 0x00, 
    0x83, 0xff, 0xff, 0xff, 0xff, 0xf7, 0xff, 0xfe, 0x49, 0xff, 0xff, 0xff, 0xfe, 0xff, 0xfa, 0x12, 
    0x7f, 0xf7, 0xff, 0xff, 0xff, 0x80, 0x80, 0x04, 0x00, 0x80, 0x00, 0x02, 0x00, 0x1f, 0xff, 0xc0, 
    0x00, 0x00, 0x00, 0x00, 0x00, 0x00, 0x00, 0x00, 0x24, 0x99, 0xff, 0xff, 0xff, 0xff, 0xff, 0xff, 
    0xff, 0xff, 0xf0, 0x00, 0x00, 0x00, 0x22, 0x3f, 0xff, 0x00, 0x0f, 0xff, 0xff, 0xff, 0xff, 0xff, 
    0xff, 0xff, 0xff, 0xff, 0xff, 0xff, 0xff, 0xff, 0xff, 0xff, 0xff, 0xff, 0xff, 0xff, 0xff, 0xfe, 
    0xfb, 0xff, 0xff, 0xfe, 0xff, 0xff, 0xff, 0xff, 0xff, 0xff, 0xff, 0xff, 0xff, 0xff, 0xff, 0x80, 
    0x02, 0x00, 0x00, 0x00, 0x83, 0xff, 0xff, 0xff, 0xff, 0xf7, 0xff, 0xfe, 0x49, 0xff, 0xff, 0xff, 
    0xfe, 0xff, 0xfa, 0x12, 0x7f, 0xf7, 0xff, 0xff, 0xff, 0x80, 0x80, 0x04, 0x00, 0x00, 0x00, 0x00, 
    0x00, 0x1f, 0xff, 0x80, 0x1c, 0x00, 0x00, 0x00, 0x00, 0x00, 0x00, 0x00, 0x20, 0x9b, 0xbf, 0xff, 
    0xff, 0xff, 0xff, 0xff, 0xff, 0xff, 0xf8, 0x60, 0x00, 0x00, 0x00, 0x7f, 0xff, 0x00, 0x0f, 0xff, 
    0xff, 0xff, 0xff, 0xff, 0xff, 0xff, 0xff, 0xff, 0xff, 0xff, 0xff, 0xff, 0xff, 0xff, 0xff, 0xff, 
    0xff, 0xff, 0xff, 0xfe, 0x7b, 0xff, 0xff, 0xff, 0xff, 0xff, 0xff, 0xff, 0xff, 0xff, 0xff, 0xff, 
    0xff, 0xff, 0xff, 0x80, 0x02, 0x00, 0x00, 0x00, 0x83, 0xff, 0xff, 0xff, 0xff, 0xf7, 0xff, 0xfe, 
    0x49, 0xff, 0xff, 0xfe, 0xfe, 0xff, 0xfa, 0x12, 0x7f, 0xff, 0xff, 0xff, 0xff, 0x80, 0x80, 0x04, 
    0x20, 0x00, 0x00, 0x00, 0x00, 0x00, 0x7e, 0x00, 0xfc, 0x00, 0x2d, 0x00, 0x00, 0x00, 0x00, 0x00, 
    0x20, 0x93, 0xff, 0xff, 0xff, 0xff, 0xff, 0xff, 0xff, 0xfe, 0x01, 0x80, 0x00, 0x01, 0xd0, 0xff, 
    0xff, 0x00, 0x1f, 0xff, 0xff, 0xff, 0xff, 0xff, 0xff, 0xff, 0xff, 0xff, 0xff, 0xff, 0xff, 0xff, 
    0xff, 0xff, 0xff, 0xff, 0xff, 0xff, 0xff, 0xff, 0x7b, 0xff, 0xff, 0xff, 0xff, 0xff, 0xff, 0xff, 
    0xff, 0xff, 0xff, 0xff, 0xff, 0xff, 0xff, 0x80, 0x00, 0x00, 0x00, 0x00, 0x83, 0xff, 0xff, 0xff, 
    0xff, 0xf7, 0xff, 0xfc, 0x49, 0xff, 0xff, 0xfe, 0xfe, 0xff, 0xfa, 0x16, 0x7f, 0xff, 0xff, 0xff, 
    0xff, 0x80, 0x80, 0x04, 0x20, 0xc0, 0x00, 0x00, 0x00, 0x00, 0x00, 0x01, 0x00, 0x01, 0xa9, 0x00, 
    0x00, 0x00, 0x00, 0x00, 0x00, 0x13, 0xff, 0xff, 0xff, 0xff, 0xff, 0xff, 0xff, 0xff, 0xfe, 0x00, 
    0x00, 0x03, 0xd0, 0xff, 0xff, 0x00, 0x7f, 0xff, 0xff, 0xff, 0xff, 0xff, 0xff, 0xff, 0xff, 0xff, 
    0xff, 0xff, 0xff, 0xff, 0xff, 0xff, 0xff, 0xff, 0xff, 0xff, 0xff, 0xff, 0x7b, 0xff, 0xff, 0xff, 
    0xff, 0xff, 0xff, 0xff, 0xff, 0xff, 0xff, 0xff, 0xff, 0xff, 0xff, 0xc0, 0x00, 0x00, 0x00, 0x00, 
    0x83, 0xff, 0xff, 0xff, 0xff, 0xf7, 0xff, 0xfc, 0x49, 0xff, 0xff, 0xfe, 0xfe, 0xff, 0xfa, 0x16, 
    0x7f, 0xff, 0xff, 0xff, 0xff, 0x80, 0x80, 0x04, 0x03, 0x00, 0x00, 0x00, 0x00, 0x00, 0x00, 0x03, 
    0xc3, 0x00, 0x88, 0x00, 0x00, 0x00, 0x00, 0x00, 0x00, 0x07, 0xff, 0xff, 0xff, 0xff, 0xff, 0xff, 
    0xff, 0xff, 0xf0, 0x20, 0x00, 0x05, 0xf0, 0xff, 0xff, 0x40, 0xff, 0xff, 0xff, 0xff, 0xff, 0xff, 
    0xff, 0xff, 0xff, 0xff, 0xff, 0xff, 0xff, 0xff, 0xff, 0xff, 0xff, 0xff, 0xff, 0xff, 0xff, 0xff, 
    0x7b, 0xff, 0xff, 0xfd, 0xff, 0xff, 0xff, 0xff, 0xff, 0xff, 0xff, 0xff, 0xff, 0xff, 0xff, 0xc0, 
    0x08, 0x00, 0x00, 0x00, 0x87, 0xff, 0xff, 0xff, 0xff, 0xf7, 0xff, 0xfc, 0x49, 0xff, 0xff, 0xfe, 
    0xff, 0xff, 0xfa, 0x16, 0x7f, 0xff, 0xff, 0xff, 0xff, 0x80, 0x80, 0x04, 0x00, 0x18, 0x00, 0x01, 
    0x01, 0x0f, 0xe0, 0x07, 0xf0, 0x08, 0x00, 0x00, 0x00, 0x00, 0x00, 0x00, 0x00, 0x27, 0xff, 0xff, 
    0xff, 0xff, 0xff, 0xff, 0xff, 0xff, 0xfd, 0xcd, 0x00, 0x01, 0x71, 0xff, 0xff, 0x41, 0xff, 0xff, 
    0xff, 0xff, 0xff, 0xff, 0xff, 0xff, 0xff, 0xff, 0xff, 0xff, 0xff, 0xff, 0xff, 0xff, 0xff, 0xff, 
    0xff, 0xff, 0xff, 0xff, 0x7b, 0xff, 0xff, 0xfd, 0xff, 0xff, 0xff, 0xff, 0xff, 0xff, 0xff, 0xff, 
    0xff, 0xff, 0xff, 0xc0, 0x08, 0x00, 0x20, 0x00, 0x87, 0xff, 0xff, 0xff, 0xff, 0xf7, 0xff, 0xfc, 
    0x49, 0xff, 0xff, 0xfe, 0xff, 0xff, 0xfa, 0x16, 0x7f, 0xff, 0xff, 0xff, 0xff, 0x80, 0x80, 0x0c, 
    0x10, 0x38, 0x00, 0x01, 0x03, 0xff, 0xfc, 0x07, 0xf8, 0x48, 0x00, 0x00, 0x00, 0x00, 0x00, 0x00, 
    0x00, 0x2e, 0xff, 0xff, 0xff, 0xff, 0xff, 0xff, 0xff, 0xff, 0xff, 0x19, 0x00, 0x03, 0x79, 0xff, 
    0xff, 0xc1, 0xff, 0xff, 0xff, 0xff, 0xff, 0xff, 0xff, 0xff, 0xff, 0xff, 0xff, 0xff, 0xff, 0xff, 
    0xff, 0xff, 0xff, 0xff, 0xff, 0xff, 0xff, 0xff, 0xfb, 0xff, 0xff, 0xfd, 0xff, 0xff, 0xff, 0xff, 
    0xff, 0xff, 0xff, 0xff, 0xff, 0xff, 0xff, 0x80, 0x00, 0x00, 0x20, 0x00, 0x87, 0xff, 0xff, 0xff, 
    0xff, 0xff, 0xff, 0xfc, 0x49, 0xff, 0xff, 0xfe, 0xff, 0xff, 0xfa, 0x16, 0x7f, 0xff, 0xff, 0xff, 
    0xff, 0x80, 0x80, 0x0c, 0x20, 0x00, 0x00, 0x00, 0x03, 0xff, 0xfe, 0x03, 0x9c, 0x40, 0x00, 0x80, 
    0x00, 0x00, 0x00, 0x00, 0x10, 0x0c, 0xff, 0xff, 0xff, 0xff, 0xff, 0xff, 0xff, 0xff, 0xfb, 0x72, 
    0x00, 0x03, 0x79, 0xff, 0xff, 0xe3, 0xff, 0xff, 0xff, 0xff, 0xff, 0xff, 0xff, 0xff, 0xff, 0xff, 
    0xff, 0xff, 0xff, 0xff, 0xff, 0xff, 0xff, 0xff, 0xff, 0xff, 0xff, 0xff, 0xfb, 0xff, 0xff, 0xfd, 
    0xff, 0xff, 0xff, 0xff, 0xff, 0xff, 0xff, 0xff, 0xff, 0xff, 0xff, 0x80, 0x08, 0x00, 0x20, 0x00, 
    0x87, 0xff, 0xff, 0xff, 0xff, 0xff, 0xff, 0xfc, 0x49, 0xff, 0xff, 0xfe, 0xff, 0xff, 0xfa, 0x16, 
    0x7f, 0xff, 0xff, 0xff, 0xff, 0x80, 0x80, 0x4c, 0x00, 0x00, 0x00, 0x00, 0x13, 0xcf, 0xfe, 0x0e, 
    0xce, 0x20, 0x04, 0x00, 0x00, 0x00, 0x00, 0x00, 0x10, 0x09, 0xe7, 0xff, 0xff, 0xff, 0xff, 0xff, 
    0xff, 0xff, 0xff, 0xf2, 0x00, 0x02, 0x79, 0xff, 0xff, 0xe3, 0xff, 0xff, 0xff, 0xff, 0xff, 0xff, 
    0xff, 0xff, 0xff, 0xff, 0xff, 0xff, 0xff, 0xff, 0xff, 0xff, 0xff, 0xff, 0xff, 0xff, 0xff, 0xff, 
    0xfb, 0xff, 0xff, 0xfd, 0xff, 0xff, 0xff, 0xff, 0xff, 0xff, 0xff, 0xff, 0xff, 0xff, 0xff, 0x80, 
    0x08, 0x00, 0x20, 0x02, 0xc7, 0xff, 0xff, 0xff, 0xff, 0xff, 0xff, 0xfc, 0x49, 0xff, 0xff, 0xfe, 
    0xff, 0xff, 0xfa, 0x16, 0x7f, 0xff, 0xff, 0xff, 0xff, 0x80, 0x80, 0x4c, 0x00, 0x00, 0x00, 0x00, 
    0x13, 0x9f, 0xfe, 0x0f, 0x83, 0x00, 0x00, 0x00, 0x00, 0x00, 0x00, 0x00, 0x00, 0x1b, 0xcf, 0xff, 
    0xff, 0xff, 0xff, 0xff, 0xff, 0xff, 0xff, 0xe0, 0x20, 0x02, 0xff, 0xff, 0xff, 0xe3, 0xff, 0xff, 
    0xff, 0xff, 0xff, 0xff, 0xff, 0xff, 0xff, 0xff, 0xff, 0xff, 0xff, 0xff, 0xff, 0xff, 0xff, 0xff, 
    0xff, 0xff, 0xff, 0xff, 0xfb, 0xff, 0xff, 0xfd, 0xff, 0xff, 0xff, 0xff, 0xff, 0xff, 0xff, 0xff, 
    0xff, 0xff, 0xff, 0x80, 0x08, 0x00, 0x20, 0x02, 0xc7, 0xff, 0xff, 0xff, 0xff, 0xff, 0xff, 0xfc, 
    0x49, 0xff, 0xff, 0xfe, 0xff, 0xff, 0xfa, 0x16, 0x7f, 0xff, 0xff, 0xff, 0xff, 0x80, 0x80, 0x4c, 
    0x00, 0x80, 0x00, 0x00, 0x03, 0x1f, 0xfc, 0x1f, 0xe0, 0x00, 0x00, 0x00, 0x00, 0x00, 0x00, 0x00, 
    0x00, 0x17, 0x9f, 0xff, 0xff, 0xff, 0xff, 0xff, 0xff, 0xff, 0xff, 0xf8, 0x40, 0x00, 0xf3, 0xff, 
    0xff, 0xe3, 0xff, 0xff, 0xff, 0xff, 0xff, 0xff, 0xff, 0xff, 0xff, 0xff, 0xff, 0xff, 0xff, 0xff, 
    0xff, 0xff, 0xff, 0xff, 0xff, 0xff, 0xff, 0xff, 0xfb, 0xff, 0xff, 0xfb, 0xff, 0xff, 0xff, 0xff, 
    0xff, 0xff, 0xff, 0xff, 0xff, 0xff, 0xff, 0x80, 0x08, 0x00, 0x20, 0x03, 0xc7, 0xff, 0xff, 0xff, 
    0xff, 0xff, 0xff, 0xfc, 0x49, 0xff, 0xff, 0xfe, 0xff, 0xff, 0xfa, 0x16, 0x7f, 0xff, 0xff, 0xff, 
    0xff, 0x80, 0x80, 0x4c, 0x3c, 0x00, 0x00, 0x00, 0x20, 0x7f, 0xfc, 0x1f, 0xf0, 0x00, 0x00, 0x00, 
    0x00, 0x00, 0x40, 0x00, 0x00, 0x27, 0x9f, 0xff, 0xff, 0xff, 0xff, 0xff, 0xff, 0xff, 0xff, 0xde, 
    0x00, 0x00, 0xa3, 0xff, 0xff, 0xc3, 0xff, 0xff, 0xff, 0xff, 0xff, 0xff, 0xff, 0xff, 0xff, 0xff, 
    0xff, 0xff, 0xff, 0xff, 0xff, 0xff, 0xff, 0xff, 0xff, 0xff, 0xff, 0xff, 0xfb, 0xff, 0xff, 0xf7, 
    0xfb, 0xff, 0xff, 0xff, 0xff, 0xff, 0xff, 0xff, 0xff, 0xff, 0xff, 0x00, 0x08, 0x00, 0x20, 0x03, 
    0xc7, 0xff, 0xff, 0xff, 0xff, 0xff, 0xff, 0xfc, 0x0b, 0xff, 0xff, 0xfe, 0xff, 0xff, 0xfa, 0x16, 
    0x7f, 0xff, 0xff, 0xff, 0xff, 0x80, 0x00, 0x4c, 0x07, 0x00, 0x00, 0x00, 0xa4, 0x7f, 0xf8, 0x37, 
    0xfc, 0x00, 0x00, 0x00, 0x00, 0x00, 0x60, 0x00, 0x00, 0x5f, 0x3f, 0xff, 0xff, 0xff, 0xff, 0xff, 
    0xff, 0xff, 0xff, 0x01, 0x08, 0x00, 0x83, 0xff, 0xff, 0xc3, 0xff, 0xff, 0xff, 0xff, 0xff, 0xff, 
    0xff, 0xff, 0xff, 0xff, 0xff, 0xff, 0xff, 0xff, 0xff, 0xff, 0xff, 0xff, 0xff, 0xff, 0xff, 0xff, 
    0xfb, 0xff, 0xff, 0xf7, 0xfb, 0xff, 0xff, 0xff, 0xff, 0xff, 0xff, 0xff, 0xff, 0xff, 0xff, 0x00, 
    0x08, 0x00, 0x20, 0x03, 0xc7, 0xff, 0xff, 0xff, 0xff, 0xff, 0xff, 0xfd, 0x0b, 0xff, 0xff, 0xfe, 
    0xff, 0xff, 0xfa, 0x16, 0x7f, 0xff, 0xff, 0xff, 0xff, 0x80, 0x00, 0x4c, 0x3c, 0x00, 0x00, 0x00, 
    0x8c, 0xff, 0xf0, 0xfe, 0x02, 0x00, 0x00, 0x00, 0x00, 0x0c, 0x60, 0x00, 0x00, 0x38, 0xff, 0xff, 
    0xff, 0xff, 0xff, 0xff, 0xff, 0xff, 0xff, 0xf0, 0x00, 0x01, 0x93, 0xff, 0xff, 0x83, 0xff, 0xff, 
    0xff, 0xff, 0xff, 0xff, 0xff, 0xff, 0xff, 0xff, 0xff, 0xff, 0xff, 0xff, 0xff, 0xff, 0xff, 0xff, 
    0xff, 0xff, 0xff, 0xff, 0xfb, 0xff, 0xff, 0xf7, 0xfb, 0xff, 0xff, 0xff, 0xff, 0xff, 0xff, 0xff, 
    0xff, 0xff, 0xff, 0x00, 0x00, 0x00, 0x20, 0x03, 0xc7, 0xff, 0xff, 0xff, 0xff, 0xff, 0xff, 0xfd, 
    0x0b, 0xff, 0xff, 0xfe, 0xff, 0xff, 0xfa, 0x1e, 0x3f, 0xff, 0xff, 0xff, 0xff, 0x80, 0x00, 0x4c, 
    0x3e, 0x00, 0x00, 0x01, 0x89, 0xff, 0xe1, 0xff, 0x80, 0x00, 0x00, 0x00, 0x00, 0x02, 0x20, 0x00, 
    0x00, 0x01, 0xf3, 0xff, 0xff, 0xff, 0xff, 0xff, 0xff, 0xff, 0xff, 0xc0, 0x00, 0x01, 0x33, 0xff, 
    0xff, 0x87, 0xff, 0xff, 0xff, 0xff, 0xff, 0xff, 0xff, 0xff, 0xff, 0xff, 0xff, 0xff, 0xff, 0xff, 
    0xff, 0xff, 0xff, 0xff, 0xff, 0xff, 0xff, 0xff, 0xfb, 0xff, 0xff, 0xf7, 0xfb, 0xff, 0xff, 0xff, 
    0xff, 0xff, 0xff, 0xff, 0xff, 0xff, 0xff, 0x00, 0x00, 0x00, 0x20, 0x03, 0xc7, 0xff, 0xff, 0xff, 
    0xff, 0xff, 0xff, 0xfd, 0x0b, 0xff, 0xff, 0xfe, 0xff, 0xff, 0xfa, 0x1c, 0x3f, 0xff, 0xff, 0xff, 
    0xff, 0x80, 0x00, 0x4c, 0x03, 0xf0, 0x00, 0x00, 0x83, 0xe7, 0xc7, 0xff, 0xf8, 0x00, 0x00, 0x00, 
    0x00, 0x41, 0x80, 0x00, 0x00, 0x1f, 0x87, 0xff, 0xff, 0xff, 0xff, 0xff, 0xff, 0xff, 0xff, 0xf0, 
    0x00, 0x00, 0x73, 0x7f, 0xff, 0x07, 0xff, 0xff, 0xff, 0xff, 0xff, 0xff, 0xff, 0xff, 0xff, 0xff, 
    0xff, 0xff, 0xff, 0xff, 0xff, 0xff, 0xff, 0xff, 0xff, 0xff, 0xff, 0xff, 0xfb, 0xff, 0xff, 0xf7, 
    0xfb, 0xff, 0xff, 0xff, 0xff, 0xff, 0xff, 0xff, 0xff, 0xff, 0xff, 0x00, 0x00, 0x00, 0x20, 0x03, 
    0xc7, 0xff, 0xff, 0xff, 0xff, 0xff, 0xff, 0xfd, 0x8b, 0xff, 0xff, 0xfe, 0xff, 0xff, 0xfa, 0x1c, 
    0x3f, 0xff, 0xff, 0xdf, 0xff, 0x80, 0x00, 0x4c, 0x00, 0x0c, 0x00, 0x00, 0x07, 0x8f, 0x8f, 0xc0, 
    0x00, 0x00, 0x00, 0x00, 0x00, 0xf0, 0xc0, 0x00, 0x00, 0x0c, 0x1f, 0xff, 0xff, 0xff, 0xff, 0xff, 
    0xff, 0xff, 0xff, 0x3c, 0x00, 0x01, 0x60, 0x7f, 0xff, 0x07, 0xff, 0xff, 0xff, 0xff, 0xff, 0xff, 
    0xff, 0xff, 0xff, 0xff, 0xff, 0xff, 0xff, 0xff, 0xff, 0xff, 0xff, 0xff, 0xff, 0xff, 0xff, 0xff, 
    0xfb, 0xff, 0xff, 0xf7, 0xfb, 0xff, 0xff, 0xff, 0xff, 0xff, 0xff, 0xff, 0xff, 0xff, 0xfe, 0x00, 
    0x00, 0x00, 0x20, 0x03, 0xc7, 0xff, 0xff, 0xff, 0xff, 0xff, 0xff, 0xfd, 0x8b, 0xff, 0xff, 0xfe, 
    0xff, 0xff, 0xfa, 0x1c, 0x3f, 0xff, 0xff, 0xdf, 0xff, 0x80, 0x00, 0x4c, 0x00, 0x00, 0x00, 0x00, 
    0x1c, 0x3f, 0x8f, 0xff, 0xc0, 0x00, 0x00, 0x00, 0x01, 0xf8, 0x00, 0x00, 0x00, 0x00, 0x7f, 0xff, 
    0xff, 0xff, 0xff, 0xff, 0xff, 0xff, 0xff, 0xc0, 0x00, 0x02, 0x40, 0xff, 0xfe, 0x87, 0xff, 0xff, 
    0xff, 0xff, 0xff, 0xff, 0xff, 0xff, 0xff, 0xff, 0xff, 0xff, 0xff, 0xff, 0xff, 0xff, 0xff, 0xff, 
    0xff, 0xff, 0xff, 0xff, 0xbb, 0xff, 0xff, 0xf7, 0xfb, 0xff, 0xff, 0xff, 0xff, 0xff, 0xff, 0xff, 
    0xff, 0xff, 0xfe, 0x00, 0x00, 0x00, 0x20, 0x03, 0xc7, 0xff, 0xff, 0xff, 0xff, 0xff, 0xff, 0xfd, 
    0x8b, 0xff, 0xff, 0xfe, 0xff, 0xff, 0xfa, 0x1c, 0x3f, 0xff, 0xff, 0xdf, 0xff, 0x00, 0x00, 0x4c, 
    0x3f, 0x80, 0x00, 0x00, 0x01, 0xff, 0x1f, 0xff, 0xc0, 0x00, 0x00, 0x00, 0x00, 0x30, 0x00, 0x00, 
    0x00, 0x01, 0xff, 0xff, 0xff, 0xff, 0xff, 0xff, 0xff, 0xff, 0xff, 0xff, 0x80, 0x00, 0x00, 0xff, 
    0xfe, 0x07, 0xff, 0xff, 0xff, 0xff, 0xff, 0xff, 0xff, 0xff, 0xff, 0xff, 0xff, 0xff, 0xff, 0xff, 
    0xff, 0xff, 0xff, 0xff, 0xff, 0xff, 0xff, 0xff, 0xbb, 0xff, 0xff, 0xf7, 0xfb, 0xff, 0xff, 0xff, 
    0xff, 0xff, 0xff, 0xff, 0xff, 0xff, 0xfe, 0x00, 0x00, 0x00, 0x20, 0x03, 0xc7, 0xff, 0xff, 0xff, 
    0xff, 0xff, 0xff, 0xfd, 0xcb, 0xff, 0xff, 0xfe, 0xff, 0xff, 0xfe, 0x1c, 0x3f, 0xff, 0xff, 0xdf, 
    0xff, 0x00, 0x00, 0x4c, 0x00, 0x00, 0x00, 0x00, 0x03, 0xff, 0x1f, 0x80, 0x00, 0x00, 0x00, 0x00, 
    0x00, 0x07, 0x21, 0x00, 0x00, 0x00, 0x7f, 0xff, 0xff, 0xff, 0xff, 0xff, 0xff, 0xff, 0xff, 0xf7, 
    0xc0, 0x00, 0x20, 0x7f, 0xfe, 0x07, 0xff, 0xff, 0xff, 0xff, 0xff, 0xff, 0xff, 0xff, 0xff, 0xff, 
    0xff, 0xff, 0xff, 0xff, 0xff, 0xff, 0xff, 0xff, 0xff, 0xff, 0xff, 0xff, 0xbb, 0xff, 0xff, 0xf7, 
    0xfb, 0xff, 0xff, 0xff, 0xff, 0xff, 0xff, 0xff, 0xff, 0xff, 0xfe, 0x00, 0x08, 0x00, 0x20, 0x03, 
    0xc7, 0xff, 0xff, 0xff, 0xff, 0xff, 0xff, 0xfd, 0x8b, 0xff, 0xff, 0xfe, 0xff, 0xff, 0xfe, 0x1c, 
    0x3f, 0xff, 0xff, 0xdf, 0xff, 0x00, 0x00, 0x4c, 0x00, 0x00, 0x00, 0x00, 0x08, 0xfe, 0x1f, 0xfe, 
    0x04, 0x00, 0x00, 0x00, 0x01, 0x7f, 0x81, 0x80, 0x00, 0x00, 0x0f, 0xff, 0xff, 0xff, 0xff, 0xff, 
    0xff, 0xff, 0xff, 0xf0, 0x00, 0x00, 0xf0, 0x7f, 0xfe, 0x07, 0xff, 0xff, 0xff, 0xff, 0xff, 0xff, 
    0xff, 0xff, 0xff, 0xff, 0xff, 0xff, 0xff, 0xff, 0xff, 0xff, 0xff, 0xff, 0xff, 0xff, 0xff, 0xff, 
    0xbb, 0xff, 0xff, 0xf7, 0xfb, 0xff, 0xff, 0xff, 0xff, 0xff, 0xff, 0xff, 0xff, 0xff, 0xfe, 0x00, 
    0x08, 0x00, 0x00, 0x07, 0xc7, 0xff, 0xff, 0xff, 0xff, 0xff, 0xff, 0xfd, 0x8f, 0xff, 0xff, 0xfe, 
    0xff, 0xff, 0xfe, 0x1c, 0x3f, 0xff, 0xff, 0xdf, 0xff, 0x00, 0x00, 0x4c, 0x38, 0x00, 0x00, 0x00, 
    0x06, 0x7e, 0x1f, 0xfe, 0x00, 0x00, 0x00, 0x00, 0x01, 0x7f, 0x80, 0x00, 0x00, 0x01, 0xf7, 0xff, 
    0xff, 0xff, 0xff, 0xff, 0xff, 0xff, 0xff, 0xe0, 0x00, 0x00, 0x00, 0x3f, 0xfc, 0x03, 0xff, 0xff, 
    0xff, 0xff, 0xff, 0xff, 0xff, 0xff, 0xff, 0xff, 0xff, 0xff, 0xff, 0xff, 0xff, 0xff, 0xff, 0xff, 
    0xff, 0xff, 0xff, 0xff, 0xbb, 0xff, 0xff, 0xe7, 0xfb, 0xff, 0xff, 0xff, 0xff, 0xff, 0xff, 0xff, 
    0xff, 0xff, 0xff, 0x00, 0x08, 0x00, 0x00, 0x07, 0xc7, 0xff, 0xff, 0xff, 0xff, 0xff, 0xff, 0xfd, 
    0x8f, 0xff, 0xff, 0xfe, 0xff, 0xff, 0xfe, 0x1c, 0x3f, 0xff, 0xff, 0xdf, 0xff, 0x00, 0x00, 0x4c, 
    0x00, 0x00, 0x00, 0x00, 0x00, 0x00, 0x3f, 0xf3, 0x80, 0x00, 0x00, 0x00, 0x00, 0x3f, 0xc0, 0x00, 
    0x00, 0x00, 0xff, 0xff, 0xff, 0xff, 0xff, 0xff, 0xff, 0xff, 0xfc, 0x00, 0x00, 0x01, 0xc0, 0x1f, 
    0xfc, 0x03, 0xff, 0xff, 0xff, 0xff, 0xff, 0xff, 0xff, 0xff, 0xff, 0xff, 0xff, 0xff, 0xff, 0xff, 
    0xff, 0xff, 0xff, 0xff, 0xff, 0xff, 0xff, 0xff, 0xbb, 0xff, 0xff, 0xef, 0xf3, 0xff, 0xff, 0xff, 
    0xff, 0xff, 0xff, 0xff, 0xff, 0xff, 0xff, 0x00, 0x08, 0x00, 0x20, 0x07, 0xc7, 0xff, 0xff, 0xff, 
    0xff, 0xff, 0xff, 0xfd, 0x8f, 0xff, 0xff, 0xfe, 0xff, 0xff, 0xfe, 0x1c, 0x3f, 0xff, 0xff, 0xdf, 
    0xff, 0x00, 0x00, 0x4c, 0x00, 0x00, 0x00, 0x00, 0x00, 0x80, 0x3f, 0xfe, 0x01, 0x80, 0x00, 0x00, 
    0x00, 0x01, 0xe0, 0x00, 0x00, 0x00, 0xe7, 0xff, 0xff, 0xff, 0xff, 0xff, 0xff, 0xff, 0xff, 0xf0, 
    0x00, 0x01, 0xfe, 0x1f, 0x7c, 0x07, 0xff, 0xff, 0xff, 0xff, 0xff, 0xff, 0xff, 0xff, 0xff, 0xff, 
    0xff, 0xff, 0xff, 0xff, 0xff, 0xff, 0xff, 0xff, 0xff, 0xff, 0xff, 0xff, 0xbb, 0xff, 0xff, 0xef, 
    0xf3, 0xff, 0xff, 0xff, 0xff, 0xff, 0xff, 0xff, 0xff, 0xff, 0xff, 0x00, 0x08, 0x00, 0x20, 0x07, 
    0xc7, 0xff, 0xff, 0xff, 0xff, 0xff, 0xff, 0xfd, 0x8f, 0xff, 0xff, 0xfe, 0xff, 0xff, 0xff, 0x1d, 
    0x3f, 0xff, 0xff, 0xdf, 0xff, 0x00, 0x00, 0x4c, 0x00, 0x00, 0x00, 0x00, 0x00, 0xe9, 0xbf, 0xfc, 
    0x18, 0x00, 0x00, 0x00, 0x00, 0x3f, 0xe0, 0x80, 0x00, 0x00, 0x4f, 0xff, 0xff, 0xff, 0xff, 0xff, 
    0xff, 0xff, 0xff, 0x80, 0x00, 0x00, 0xff, 0x0e, 0x80, 0x07, 0xff, 0xff, 0xff, 0xff, 0xff, 0xff, 
    0xff, 0xff, 0xff, 0xff, 0xff, 0xff, 0xff, 0xff, 0xff, 0xff, 0xff, 0xff, 0xff, 0xff, 0xff, 0xff, 
    0x9b, 0xff, 0xff, 0xef, 0xf3, 0xff, 0xff, 0xff, 0xff, 0xff, 0xff, 0xff, 0xff, 0xff, 0xff, 0x80, 
    0x00, 0x00, 0x20, 0x05, 0xc7, 0xff, 0xff, 0xff, 0xff, 0xff, 0xff, 0xfd, 0x8f, 0xff, 0xff, 0xfe, 
    0xff, 0xff, 0xff, 0x1d, 0x3f, 0xff, 0xff, 0xdf, 0xff, 0x00, 0x00, 0x4c, 0x00, 0x00, 0x00, 0x00, 
    0x00, 0x09, 0xbf, 0xf7, 0xf0, 0x00, 0x00, 0x00, 0x04, 0x3f, 0xe0, 0xc0, 0x00, 0x00, 0x3f, 0xff, 
    0xff, 0xff, 0xff, 0xff, 0xff, 0xff, 0xff, 0xf9, 0x20, 0x02, 0xbf, 0x00, 0x00, 0x0f, 0xff, 0xff, 
    0xff, 0xff, 0xff, 0xff, 0xff, 0xff, 0xff, 0xff, 0xff, 0xff, 0xff, 0xff, 0xff, 0xff, 0xff, 0xff, 
    0xff, 0xff, 0xff, 0xff, 0x9b, 0xff, 0xff, 0xef, 0xf3, 0xff, 0xff, 0xff, 0xff, 0xff, 0xff, 0xff, 
    0xff, 0xff, 0xff, 0x80, 0x00, 0x00, 0x20, 0x05, 0xc7, 0xff, 0xff, 0xff, 0xff, 0xff, 0xff, 0xfd, 
    0x8f, 0xff, 0xff, 0xfe, 0xff, 0xff, 0xff, 0x1d, 0x3f, 0xff, 0xff, 0xdf, 0xff, 0x00, 0x00, 0x6c, 
    0x00, 0x00, 0x00, 0x00, 0x00, 0x00, 0x3f, 0xff, 0x80, 0x00, 0x00, 0x00, 0x04, 0x1f, 0xf0, 0x60, 
    0x00, 0x00, 0x3f, 0xff, 0xff, 0xff, 0xff, 0xff, 0xff, 0xff, 0xff, 0x8c, 0x00, 0x02, 0xff, 0x00, 
    0x00, 0x1f, 0xff, 0xff, 0xff, 0xff, 0xff, 0xff, 0xff, 0xff, 0xff, 0xff, 0xff, 0xff, 0xff, 0xff, 
    0xff, 0xff, 0xff, 0xff, 0xff, 0xff, 0xff, 0xff, 0xdb, 0xff, 0xff, 0xef, 0xf3, 0xff, 0xff, 0xff, 
    0xff, 0xff, 0xff, 0xff, 0xff, 0xff, 0xff, 0x80, 0x00, 0x00, 0x20, 0x05, 0xc7, 0xff, 0xff, 0xff, 
    0xff, 0xff, 0xff, 0xfd, 0x8f, 0xff, 0xff, 0xfe, 0xff, 0xff, 0xff, 0x1d, 0xbf, 0xff, 0xff, 0xdf, 
    0xff, 0x00, 0x00, 0x6c, 0x00, 0x00, 0x00, 0x00, 0x02, 0x60, 0x3f, 0xfe, 0x38, 0x00, 0x00, 0x00, 
    0x04, 0x07, 0xf0, 0x60, 0x00, 0x00, 0x1f, 0xff, 0xff, 0xff, 0xff, 0xff, 0xff, 0xff, 0xff, 0xf1, 
    0x88, 0x82, 0x7f, 0x80, 0x00, 0x1f, 0xff, 0xff, 0xff, 0xff, 0xff, 0xff, 0xff, 0xff, 0xff, 0xff, 
    0xff, 0xff, 0xff, 0xff, 0xff, 0xff, 0xff, 0xff, 0xff, 0xff, 0xff, 0xff, 0xdb, 0xff, 0xff, 0xef, 
    0xf3, 0xff, 0xff, 0xff, 0xff, 0xff, 0xff, 0xff, 0xff, 0xff, 0xff, 0xc0, 0x04, 0x00, 0x00, 0x05, 
    0xc7, 0xff, 0xff, 0xff, 0xff, 0xff, 0xff, 0xfd, 0x8f, 0xff, 0xff, 0xfe, 0xff, 0xff, 0xff, 0x1d, 
    0xbf, 0xff, 0xff, 0xdf, 0xff, 0x00, 0x00, 0x6c, 0x00, 0x00, 0x00, 0x00, 0x00, 0x00, 0x00, 0x00, 
    0x00, 0x00, 0x00, 0x00, 0x00, 0x00, 0x00, 0x00, 0x00, 0x00, 0x00, 0x00, 0x00, 0x00, 0x00, 0x00, 
    0x00, 0x00, 0x00, 0x00, 0x00, 0x00, 0x00, 0x00, 0x00, 0x00, 0x00, 0x00, 0x00, 0x00, 0x00, 0x00, 
    0x00, 0x00, 0x00, 0x00, 0x00, 0x00, 0x00, 0x00, 0x00, 0x00, 0x00, 0x00, 0x00, 0x00, 0x00, 0x00, 
    0x00, 0x00, 0x00, 0x00, 0x00, 0x00, 0x00, 0x00, 0x00, 0x00, 0x00, 0x00, 0x00, 0x00, 0x00, 0x00, 
    0x00, 0x00, 0x00, 0x00, 0x00, 0x00, 0x00, 0x00, 0x00, 0x00, 0x00, 0x00, 0x00, 0x00, 0x00, 0x00, 
    0x00, 0x00, 0x00, 0x00, 0x00, 0x00, 0x00, 0x00, 0x00, 0x00, 0x00, 0x00, 0x00, 0x00, 0x00, 0x00, 
    0x00, 0x00, 0x00, 0x00, 0x00, 0x00, 0x00, 0x00, 0x00, 0x00, 0x00, 0x00, 0x00, 0x00, 0x00, 0x00, 
    0x00, 0x00, 0x00, 0x00, 0x00, 0x00, 0x00, 0x00, 0x00, 0x00, 0x00, 0x00, 0x00, 0x00, 0x00, 0x00, 
    0x00, 0x00, 0x00, 0x00, 0x00, 0x00, 0x00, 0x00, 0x00, 0x00, 0x00, 0x00, 0x00, 0x00, 0x00, 0x00, 
    0x00, 0x00, 0x00, 0x00, 0x00, 0x00, 0x00, 0x00, 0x00, 0x00, 0x00, 0x00, 0x00, 0x00, 0x00, 0x00, 
    0x00, 0x00, 0x00, 0x00, 0x00, 0x00, 0x00, 0x00, 0x00, 0x00, 0x00, 0x00, 0x00, 0x00, 0x00, 0x00, 
    0x00, 0x00, 0x00, 0x00, 0x00, 0x00, 0x00, 0x00, 0x00, 0x00, 0x00, 0x00, 0x00, 0x00, 0x00, 0x00, 
};
