/* Auto-generated from demo_3.png */
#pragma once

#include <stdint.h>

#define DEMO_3_4G_WIDTH  800
#define DEMO_3_4G_HEIGHT 480
#define DEMO_3_4G_BYTES  96000

static const uint8_t demo_3_4g_4g[96000] = {
    0xfe, 0xae, 0xbf, 0xff, 0xff, 0xff, 0xe7, 0xec, 0xbf, 0xff, 0xff, 0xff, 0xf4, 0xfd, 0x7f, 0xff, 
    0xff, 0xff, 0xfd, 0x2c, 0x1f, 0x67, 0xff, 0xff, 0xff, 0xff, 0xeb, 0x47, 0xff, 0xf0, 0x00, 0xa1, 
    0xff, 0xff, 0xff, 0xff, 0xff, 0xfd, 0xbf, 0xfb, 0xff, 0xff, 0xff, 0xff, 0xf8, 0x07, 0xff, 0xfc, 
    0x00, 0x00, 0x00, 0x00, 0x01, 0x40, 0x05, 0x05, 0x54, 0x00, 0x15, 0x55, 0x45, 0x50, 0x00, 0x00, 
    0x00, 0x01, 0x10, 0x05, 0x50, 0x00, 0x00, 0x00, 0x00, 0x00, 0x00, 0x01, 0x40, 0x00, 0x00, 0x00, 
    0x00, 0x00, 0x00, 0x00, 0x00, 0x00, 0x00, 0x00, 0x00, 0x00, 0x00, 0x00, 0x01, 0x40, 0x11, 0x55, 
    0x00, 0x15, 0x55, 0x40, 0x00, 0x1f, 0xff, 0xff, 0xff, 0xe8, 0xff, 0xff, 0xf6, 0xe0, 0xff, 0xff, 
    0xff, 0xff, 0xe7, 0xff, 0xff, 0xff, 0xff, 0xff, 0xff, 0xf8, 0xfe, 0x00, 0x00, 0x00, 0x00, 0x00, 
    0x00, 0x81, 0x55, 0x40, 0x04, 0x55, 0x51, 0x55, 0x55, 0x54, 0x54, 0x00, 0x05, 0x55, 0x1f, 0xff, 
    0xff, 0xff, 0xf6, 0x95, 0x55, 0x15, 0x40, 0x00, 0x00, 0x00, 0x00, 0x00, 0x00, 0x00, 0x55, 0x55, 
    0x55, 0x55, 0x00, 0x00, 0x01, 0x55, 0x55, 0x40, 0x40, 0x00, 0x55, 0x55, 0x54, 0x00, 0x04, 0x40, 
    0x55, 0x1a, 0xaa, 0xa1, 0x2a, 0x16, 0x50, 0x6a, 0x9a, 0xaa, 0x6a, 0x10, 0x64, 0x40, 0x00, 0x04, 
    0x00, 0x55, 0x55, 0x55, 0x40, 0x01, 0x40, 0x00, 0x2f, 0x9f, 0x9f, 0xff, 0xff, 0xff, 0xf8, 0xff, 
    0x5f, 0xff, 0xff, 0xff, 0xfe, 0x2f, 0x8b, 0xff, 0xff, 0xff, 0xff, 0x47, 0x43, 0xdd, 0xff, 0xff, 
    0xff, 0xff, 0xfd, 0xe1, 0xff, 0xf4, 0x00, 0x00, 0xff, 0xff, 0xff, 0xff, 0xff, 0xff, 0x7f, 0xfd, 
    0xff, 0xff, 0xff, 0xff, 0xfc, 0x02, 0xff, 0xfc, 0x00, 0x00, 0x00, 0x50, 0x00, 0x00, 0x05, 0x05, 
    0x44, 0x00, 0x15, 0x55, 0x45, 0x54, 0x00, 0x00, 0x00, 0x01, 0x14, 0x00, 0x00, 0x00, 0x00, 0x00, 
    0x00, 0x00, 0x00, 0x01, 0x40, 0x00, 0x00, 0x00, 0x00, 0x00, 0x00, 0x00, 0x00, 0x00, 0x00, 0x00, 
    0x00, 0x00, 0x00, 0x00, 0x00, 0x00, 0x45, 0x54, 0x00, 0x11, 0x15, 0x40, 0x00, 0x03, 0xff, 0xff, 
    0xff, 0xf0, 0x7f, 0xff, 0xfd, 0x50, 0xff, 0xff, 0xff, 0xff, 0xf2, 0xff, 0xff, 0xff, 0xff, 0xff, 
    0xff, 0x87, 0xff, 0x00, 0x00, 0x00, 0x00, 0x00, 0x00, 0x05, 0x55, 0x51, 0x00, 0x05, 0x55, 0x51, 
    0x55, 0x50, 0x54, 0x00, 0x55, 0x55, 0x47, 0xff, 0xff, 0xff, 0xfe, 0x65, 0x55, 0x51, 0x50, 0x00, 
    0x00, 0x00, 0x00, 0x00, 0x00, 0x00, 0x15, 0x55, 0x55, 0x55, 0x00, 0x00, 0x05, 0x55, 0x55, 0x01, 
    0x00, 0x01, 0x55, 0x55, 0x55, 0x01, 0x44, 0x01, 0x54, 0x2a, 0xaa, 0xa1, 0x6a, 0x55, 0x41, 0x5a, 
    0xa6, 0xaa, 0xaa, 0x54, 0xa0, 0x40, 0x00, 0x14, 0x00, 0x55, 0x55, 0x55, 0x40, 0x05, 0x00, 0x05, 
    0xd3, 0xfa, 0xe3, 0xff, 0xff, 0xff, 0xff, 0x2f, 0xe3, 0xff, 0xff, 0xff, 0xff, 0x87, 0xf6, 0xff, 
    0xff, 0xff, 0xff, 0xe1, 0xd0, 0xb7, 0x7f, 0xff, 0xff, 0xff, 0xff, 0x6d, 0x6f, 0xf8, 0x00, 0x00, 
    0xff, 0xff, 0xff, 0xff, 0xff, 0xff, 0xdf, 0xff, 0x7f, 0xff, 0xff, 0xff, 0xff, 0x00, 0xbf, 0xf8, 
    0x00, 0x00, 0x00, 0x40, 0x00, 0x40, 0x05, 0x45, 0x54, 0x00, 0x15, 0x55, 0x41, 0x54, 0x00, 0x00, 
    0x00, 0x01, 0x14, 0x00, 0x00, 0x00, 0x00, 0x00, 0x00, 0x00, 0x00, 0x00, 0x80, 0x00, 0x00, 0x00, 
    0x00, 0x00, 0x00, 0x00, 0x00, 0x00, 0x00, 0x00, 0x00, 0x00, 0x00, 0x00, 0x00, 0x01, 0x15, 0x50, 
    0x01, 0x54, 0x15, 0x40, 0x00, 0x00, 0xbf, 0xff, 0xff, 0xfd, 0x2f, 0xff, 0xd0, 0x00, 0xbf, 0xff, 
    0xff, 0xff, 0xfd, 0xff, 0xff, 0xff, 0xff, 0xff, 0xe4, 0x2f, 0xff, 0x80, 0x00, 0x00, 0x00, 0x00, 
    0x00, 0x04, 0x55, 0x00, 0x00, 0x11, 0x55, 0x55, 0x55, 0x50, 0x15, 0x05, 0x55, 0x55, 0x54, 0x7f, 
    0xff, 0xff, 0xff, 0xda, 0x55, 0x55, 0x55, 0x00, 0x00, 0x00, 0x00, 0x00, 0x00, 0x00, 0x15, 0x55, 
    0x55, 0x54, 0x40, 0x00, 0x05, 0x55, 0x51, 0x00, 0x00, 0x01, 0x55, 0x55, 0x55, 0x00, 0x11, 0x40, 
    0x01, 0x6a, 0xa9, 0x90, 0xa9, 0x55, 0x16, 0x5a, 0x69, 0xaa, 0x9a, 0x14, 0x91, 0x00, 0x00, 0x54, 
    0x14, 0x55, 0x55, 0x55, 0x00, 0x14, 0x00, 0x15, 0xf8, 0xbf, 0xbc, 0xbf, 0xff, 0xff, 0xff, 0xd7, 
    0xfd, 0xbf, 0xff, 0xff, 0xff, 0xf1, 0xfe, 0xbf, 0xff, 0xff, 0xff, 0xfc, 0x78, 0x6e, 0xcf, 0xff, 
    0xff, 0xff, 0xff, 0xdb, 0x97, 0xfc, 0x00, 0x01, 0xff, 0xff, 0xff, 0xff, 0xff, 0xff, 0xf3, 0xff, 
    0xdf, 0xff, 0xff, 0xfe, 0xff, 0x80, 0x19, 0xf0, 0x00, 0x00, 0x00, 0x00, 0x00, 0x00, 0x05, 0x41, 
    0x54, 0x00, 0x05, 0x45, 0x51, 0x60, 0x00, 0x00, 0x00, 0x01, 0x55, 0x00, 0x00, 0x00, 0x00, 0x00, 
    0x00, 0x00, 0x00, 0x00, 0x80, 0x00, 0x00, 0x00, 0x00, 0x00, 0x00, 0x00, 0x00, 0x00, 0x00, 0x00, 
    0x00, 0x00, 0x00, 0x00, 0x15, 0x01, 0x41, 0x50, 0x14, 0x00, 0x05, 0x40, 0x00, 0x00, 0x1f, 0xff, 
    0xff, 0xff, 0x1f, 0xff, 0x40, 0x00, 0x7f, 0xff, 0xff, 0xff, 0xfd, 0xbf, 0xff, 0xff, 0xff, 0xf8, 
    0x01, 0xff, 0xff, 0xd0, 0x00, 0x00, 0x00, 0x00, 0x00, 0x05, 0x50, 0x00, 0x00, 0x45, 0x05, 0x55, 
    0x55, 0x50, 0x54, 0x15, 0x55, 0x55, 0x55, 0x0b, 0xff, 0xff, 0xff, 0xf9, 0x55, 0x55, 0x55, 0x40, 
    0x00, 0x00, 0x00, 0x00, 0x00, 0x00, 0x15, 0x55, 0x55, 0x54, 0x40, 0x00, 0x05, 0x55, 0x54, 0x04, 
    0x00, 0x05, 0x55, 0x55, 0x55, 0x05, 0x55, 0x54, 0x06, 0x6a, 0xa9, 0x95, 0xa8, 0x59, 0x52, 0x46, 
    0xaa, 0xa6, 0xaa, 0x50, 0x44, 0x00, 0x01, 0x50, 0x14, 0x55, 0x55, 0x54, 0x00, 0x50, 0x00, 0x55, 
    0xff, 0x1f, 0xef, 0x5f, 0xff, 0xff, 0xff, 0xf9, 0xff, 0x6f, 0xff, 0xff, 0xff, 0xfd, 0x7f, 0x9f, 
    0xff, 0xff, 0xff, 0xff, 0x5e, 0x5b, 0xb3, 0xff, 0xff, 0xff, 0xff, 0xf8, 0xf5, 0xbc, 0x00, 0x01, 
    0xff, 0xff, 0xff, 0xff, 0xff, 0xff, 0xfd, 0xfb, 0xe7, 0xff, 0xef, 0xf8, 0x1f, 0xd0, 0x00, 0x00, 
    0x00, 0x00, 0x01, 0x00, 0x00, 0x00, 0x05, 0x45, 0x54, 0x00, 0x05, 0x55, 0x40, 0x60, 0x00, 0x00, 
    0x00, 0x00, 0x44, 0x40, 0x00, 0x00, 0x00, 0x00, 0x00, 0x00, 0x00, 0x00, 0x40, 0x00, 0x00, 0x00, 
    0x00, 0x00, 0x00, 0x00, 0x00, 0x00, 0x00, 0x00, 0x00, 0x00, 0x00, 0x00, 0x11, 0x04, 0x55, 0x40, 
    0x00, 0x50, 0x55, 0x00, 0x00, 0x00, 0x03, 0xff, 0xff, 0xff, 0xff, 0xfe, 0x05, 0x50, 0x7f, 0xff, 
    0xeb, 0xff, 0xff, 0xff, 0xff, 0xff, 0xf9, 0x00, 0x0b, 0xff, 0xff, 0xf0, 0x00, 0x00, 0x00, 0x00, 
    0x00, 0x04, 0x40, 0x41, 0x00, 0x11, 0x41, 0x15, 0x55, 0x50, 0x50, 0x55, 0x55, 0x55, 0x55, 0x51, 
    0xff, 0xfe, 0xff, 0xff, 0x55, 0x55, 0x55, 0x54, 0x00, 0x00, 0x00, 0x00, 0x00, 0x00, 0x15, 0x55, 
    0x55, 0x54, 0x90, 0x00, 0x15, 0x55, 0x50, 0x04, 0x00, 0x15, 0x55, 0x55, 0x55, 0x05, 0x54, 0x54, 
    0x1a, 0x6a, 0xa9, 0x86, 0xa9, 0x99, 0x96, 0x86, 0xaa, 0xaa, 0xaa, 0x40, 0x00, 0x00, 0x05, 0x50, 
    0x14, 0x55, 0x55, 0x50, 0x00, 0x40, 0x01, 0x55, 0xff, 0xd2, 0xff, 0xe7, 0xff, 0xff, 0xff, 0xff, 
    0x3f, 0xe7, 0xff, 0xff, 0xff, 0xff, 0x8f, 0xf7, 0xff, 0xff, 0xff, 0xff, 0xe3, 0xd6, 0xed, 0xff, 
    0xff, 0xff, 0xff, 0xff, 0x7e, 0x9d, 0x00, 0x01, 0xff, 0xff, 0xff, 0xff, 0xff, 0xff, 0xff, 0x7d, 
    0xf9, 0xff, 0xfb, 0xfd, 0xaf, 0xf0, 0x00, 0x00, 0x00, 0x00, 0x01, 0x00, 0x00, 0x00, 0x05, 0x44, 
    0x54, 0x10, 0x05, 0x55, 0x40, 0x54, 0x00, 0x00, 0x00, 0x01, 0x51, 0x54, 0x00, 0x00, 0x00, 0x00, 
    0x00, 0x00, 0x00, 0x00, 0x10, 0x00, 0x00, 0x00, 0x00, 0x00, 0x00, 0x00, 0x00, 0x00, 0x00, 0x00, 
    0x00, 0x00, 0x00, 0x01, 0x51, 0x01, 0x55, 0x00, 0x15, 0x54, 0x00, 0x00, 0x00, 0x00, 0x00, 0xbf, 
    0xff, 0xff, 0xff, 0xd0, 0x6f, 0xff, 0x43, 0xff, 0xc2, 0xff, 0xff, 0xff, 0xff, 0xfe, 0x40, 0x00, 
    0x7f, 0xff, 0xff, 0xfc, 0x00, 0x00, 0x00, 0x04, 0x00, 0x05, 0x00, 0x65, 0x00, 0x04, 0x51, 0x05, 
    0x55, 0x50, 0x50, 0x55, 0x54, 0x15, 0x55, 0x54, 0x2e, 0x54, 0x7f, 0xff, 0xe5, 0x55, 0x55, 0x55, 
    0x00, 0x00, 0x00, 0x00, 0x00, 0x00, 0x15, 0x55, 0x55, 0x5a, 0x90, 0x00, 0x15, 0x55, 0x40, 0x04, 
    0x00, 0x55, 0x55, 0x55, 0x54, 0x15, 0x55, 0x51, 0x6a, 0x6a, 0xa9, 0x96, 0xa9, 0x94, 0x8a, 0x86, 
    0xaa, 0xaa, 0xaa, 0x40, 0x10, 0x00, 0x05, 0x54, 0x15, 0x55, 0x55, 0x50, 0x01, 0x00, 0x05, 0x55, 
    0xff, 0xf8, 0xbf, 0xf8, 0xbf, 0xff, 0xff, 0xff, 0xdb, 0xfd, 0xff, 0x6f, 0xff, 0xff, 0xe2, 0xed, 
    0xff, 0xff, 0xff, 0xff, 0xf8, 0xf5, 0xbb, 0x7f, 0xff, 0xff, 0xff, 0xff, 0xeb, 0xe9, 0x00, 0x02, 
    0xff, 0xff, 0xff, 0xff, 0xff, 0xff, 0xff, 0xde, 0xbe, 0x7f, 0xfb, 0xfe, 0xff, 0xfb, 0x40, 0x00, 
    0x10, 0x00, 0x01, 0x04, 0x00, 0x00, 0x05, 0x50, 0x50, 0x18, 0x15, 0x54, 0x40, 0x54, 0x10, 0x00, 
    0x00, 0x00, 0x01, 0x50, 0x00, 0x00, 0x00, 0x00, 0x00, 0x00, 0x40, 0x00, 0x20, 0x00, 0x00, 0x00, 
    0x00, 0x00, 0x00, 0x00, 0x00, 0x00, 0x00, 0x00, 0x00, 0x00, 0x00, 0x19, 0x55, 0x04, 0x05, 0x01, 
    0x50, 0x00, 0x00, 0x00, 0x00, 0x00, 0x00, 0x2f, 0xff, 0xff, 0xeb, 0x82, 0xff, 0xff, 0xd7, 0xff, 
    0xe0, 0xff, 0xff, 0xff, 0xff, 0x95, 0x00, 0x01, 0xff, 0xff, 0xff, 0xfe, 0x00, 0x00, 0x00, 0x01, 
    0x00, 0x04, 0x40, 0x75, 0x50, 0x40, 0x14, 0x45, 0x15, 0x50, 0x41, 0x15, 0x54, 0x15, 0x55, 0x51, 
    0x03, 0x80, 0x2f, 0xff, 0xfd, 0x55, 0x55, 0x55, 0x50, 0x00, 0x00, 0x00, 0x00, 0x00, 0x05, 0x55, 
    0x55, 0x56, 0x90, 0x00, 0x55, 0x55, 0x00, 0x00, 0x01, 0x55, 0x55, 0x55, 0x50, 0x01, 0x11, 0x5d, 
    0xaa, 0x6a, 0xaa, 0x56, 0xa9, 0x90, 0x5a, 0x96, 0xaa, 0xaa, 0xaa, 0x40, 0x40, 0x00, 0x11, 0x54, 
    0x15, 0x55, 0x55, 0x40, 0x05, 0x00, 0x15, 0x55, 0xff, 0xff, 0x5f, 0xff, 0x5f, 0xff, 0xff, 0xff, 
    0xf9, 0xff, 0x7f, 0x8f, 0xff, 0xff, 0xfd, 0x7a, 0x7f, 0xff, 0xff, 0xff, 0xff, 0x7e, 0x6f, 0xdf, 
    0xff, 0xff, 0xff, 0xff, 0xfd, 0xfa, 0x00, 0x01, 0xff, 0xff, 0xff, 0xff, 0xff, 0xff, 0xff, 0xf2, 
    0xaf, 0xdf, 0xff, 0xff, 0x7f, 0xff, 0xc0, 0x00, 0x10, 0x00, 0x00, 0x05, 0x00, 0x00, 0x01, 0x51, 
    0x54, 0x09, 0x15, 0x55, 0x40, 0x01, 0x50, 0x00, 0x00, 0x00, 0x01, 0x55, 0x40, 0x00, 0x00, 0x00, 
    0x00, 0x00, 0x00, 0x00, 0x20, 0x00, 0x00, 0x00, 0x00, 0x00, 0x00, 0x00, 0x00, 0x00, 0x00, 0x00, 
    0x00, 0x00, 0x00, 0x7d, 0x55, 0x50, 0x15, 0x54, 0x00, 0x00, 0x00, 0x00, 0x00, 0x00, 0x00, 0x47, 
    0xff, 0xff, 0xd1, 0xef, 0xff, 0xff, 0xff, 0xff, 0xf6, 0xff, 0xff, 0xff, 0xfe, 0xfd, 0x00, 0x03, 
    0xff, 0xff, 0xff, 0xff, 0xc0, 0x00, 0x00, 0x00, 0x00, 0x00, 0x04, 0x15, 0x55, 0x51, 0x05, 0x05, 
    0x15, 0x41, 0x51, 0x55, 0x54, 0x15, 0x55, 0x41, 0x00, 0xbf, 0x9b, 0xff, 0xff, 0x95, 0x55, 0x55, 
    0x54, 0x00, 0x00, 0x00, 0x00, 0x00, 0x05, 0x55, 0x55, 0x55, 0x54, 0x00, 0x54, 0x00, 0x05, 0x40, 
    0x05, 0x55, 0x55, 0x55, 0x54, 0x01, 0x01, 0x76, 0xaa, 0x6a, 0xa9, 0x65, 0x95, 0x56, 0x5a, 0xa6, 
    0xaa, 0xa6, 0xa5, 0x00, 0x00, 0x00, 0x15, 0x55, 0x15, 0x65, 0x55, 0x00, 0x14, 0x00, 0x55, 0x55, 
    0xff, 0xff, 0xe3, 0xff, 0xd7, 0xff, 0xff, 0xff, 0xfe, 0x7f, 0xeb, 0xc3, 0xff, 0xff, 0xff, 0x9f, 
    0xab, 0xff, 0xff, 0xff, 0xff, 0xdf, 0x8b, 0xe7, 0xff, 0xff, 0xff, 0xff, 0xff, 0xaf, 0x00, 0x01, 
    0xff, 0xff, 0xff, 0xff, 0xff, 0xff, 0xff, 0xf8, 0x6b, 0xeb, 0xbd, 0x7d, 0x0f, 0xff, 0xe0, 0x00, 
    0x00, 0x00, 0x01, 0x45, 0x00, 0x00, 0x01, 0x51, 0x54, 0x07, 0x15, 0x55, 0x40, 0x01, 0x50, 0x00, 
    0x04, 0x00, 0x01, 0x55, 0x40, 0x00, 0x00, 0x00, 0x00, 0x00, 0x00, 0x00, 0x14, 0x00, 0x00, 0x00, 
    0x00, 0x00, 0x04, 0x00, 0x00, 0x00, 0x00, 0x00, 0x00, 0x00, 0x14, 0x1e, 0x55, 0x55, 0x45, 0x00, 
    0x00, 0x00, 0x00, 0x00, 0x00, 0x00, 0x04, 0x40, 0x55, 0x00, 0x00, 0x3f, 0xff, 0xff, 0xff, 0xff, 
    0xff, 0xff, 0xff, 0xff, 0xe2, 0x41, 0x40, 0x07, 0xfe, 0xbf, 0xff, 0xff, 0xf4, 0x00, 0x00, 0x00, 
    0x00, 0x04, 0x54, 0x15, 0x54, 0x50, 0x41, 0x01, 0x45, 0x41, 0x55, 0x55, 0x54, 0x15, 0x55, 0x40, 
    0x00, 0x1f, 0xff, 0xff, 0xff, 0xf5, 0x55, 0x55, 0x51, 0x40, 0x00, 0x00, 0x00, 0x00, 0x01, 0x69, 
    0x55, 0x54, 0x04, 0x00, 0x40, 0x00, 0x15, 0x00, 0x15, 0x55, 0x55, 0x55, 0x54, 0x00, 0x01, 0x0a, 
    0xaa, 0x6a, 0xa9, 0x65, 0x56, 0x56, 0x2a, 0x96, 0xaa, 0xa6, 0xa6, 0x00, 0x00, 0x00, 0x56, 0x55, 
    0x51, 0x55, 0x54, 0x00, 0x50, 0x01, 0x55, 0x55, 0xff, 0xff, 0xfd, 0x7f, 0xf8, 0xbf, 0xff, 0xff, 
    0xff, 0xdb, 0xfe, 0xf1, 0xff, 0xff, 0xff, 0xf6, 0xea, 0xff, 0xff, 0xff, 0xff, 0xfb, 0xe5, 0xfd, 
    0xff, 0xff, 0xff, 0xff, 0xff, 0xe7, 0x40, 0x00, 0xff, 0xff, 0xff, 0xf6, 0xff, 0xf7, 0xff, 0xfe, 
    0xae, 0xf0, 0x0a, 0xff, 0x87, 0xff, 0xfc, 0x00, 0x00, 0x00, 0x01, 0x00, 0x00, 0x05, 0x01, 0x51, 
    0x50, 0x01, 0x55, 0x55, 0x40, 0x01, 0x40, 0x00, 0x00, 0x00, 0x05, 0x55, 0x55, 0x00, 0x05, 0x50, 
    0x00, 0x00, 0x00, 0x00, 0x08, 0x00, 0x00, 0x00, 0x00, 0x00, 0x00, 0x00, 0x00, 0x00, 0x00, 0x00, 
    0x00, 0x00, 0x2f, 0x47, 0x55, 0x00, 0x40, 0x00, 0x00, 0x00, 0x00, 0x00, 0x00, 0x01, 0x41, 0x00, 
    0x00, 0x00, 0x00, 0x0f, 0xff, 0xff, 0xfa, 0xff, 0xff, 0xff, 0xff, 0xff, 0x40, 0x55, 0x00, 0x0f, 
    0xff, 0xbf, 0xff, 0xff, 0xfe, 0x00, 0x00, 0x00, 0x00, 0x05, 0x14, 0x45, 0x55, 0x55, 0x41, 0x01, 
    0x55, 0x41, 0x55, 0x55, 0x55, 0x55, 0x55, 0x44, 0x00, 0x02, 0xff, 0xff, 0xff, 0xfe, 0x55, 0x55, 
    0x54, 0x50, 0x00, 0x00, 0x00, 0x00, 0x00, 0x64, 0x04, 0x00, 0x01, 0x01, 0x40, 0x01, 0x10, 0x00, 
    0x14, 0x15, 0x55, 0x55, 0x40, 0x40, 0x00, 0x2a, 0xaa, 0x6a, 0xa9, 0x54, 0x56, 0x56, 0x2a, 0x92, 
    0xaa, 0xaa, 0xa9, 0x00, 0x00, 0x01, 0x59, 0x65, 0x50, 0x55, 0x50, 0x01, 0x40, 0x05, 0x55, 0x55, 
    0xff, 0xff, 0xff, 0x4f, 0xff, 0x1f, 0xff, 0xff, 0xff, 0xf6, 0xff, 0xb8, 0x7f, 0xff, 0xff, 0xfd, 
    0x7a, 0xbf, 0xff, 0xff, 0xff, 0xfe, 0xfd, 0x6f, 0xbf, 0xff, 0xff, 0xff, 0xff, 0xfd, 0x80, 0x00, 
    0xff, 0xff, 0xff, 0xfd, 0x7f, 0xff, 0xfe, 0xff, 0xdb, 0xa4, 0x01, 0xff, 0xf7, 0xff, 0xfe, 0x00, 
    0x00, 0x00, 0x01, 0x01, 0x00, 0x05, 0x01, 0x51, 0x50, 0x00, 0x95, 0x55, 0x50, 0x01, 0x40, 0x00, 
    0x00, 0x00, 0x01, 0x54, 0x15, 0x55, 0x55, 0x50, 0x00, 0x00, 0x00, 0x00, 0x08, 0x00, 0x00, 0x00, 
    0x00, 0x00, 0x00, 0x00, 0x00, 0x00, 0x00, 0x00, 0x00, 0x00, 0x1f, 0xf6, 0xd4, 0x45, 0x00, 0x00, 
    0x00, 0x00, 0x00, 0x00, 0x00, 0x00, 0x00, 0x00, 0x10, 0x00, 0x00, 0x0b, 0xff, 0xff, 0xf0, 0xff, 
    0xff, 0xff, 0xff, 0xfd, 0x15, 0x54, 0x09, 0x5f, 0xff, 0xff, 0xff, 0xff, 0xff, 0xd0, 0x00, 0x00, 
    0x00, 0x01, 0x10, 0x55, 0x55, 0x55, 0x50, 0x00, 0x11, 0x45, 0x05, 0x55, 0x55, 0x55, 0x55, 0x40, 
    0x00, 0x00, 0x7f, 0xff, 0xff, 0xff, 0xd5, 0x55, 0x55, 0x15, 0x00, 0x00, 0x00, 0x00, 0x00, 0x50, 
    0x00, 0x00, 0x00, 0x05, 0x40, 0x00, 0x54, 0x00, 0x05, 0x55, 0x55, 0x55, 0x51, 0x50, 0x00, 0xaa, 
    0xaa, 0x6a, 0xa9, 0x50, 0x5a, 0x05, 0x6a, 0xa2, 0xaa, 0xaa, 0xa5, 0x00, 0x00, 0x01, 0x6a, 0x95, 
    0x11, 0x55, 0x50, 0x01, 0x00, 0x15, 0x55, 0x55, 0xff, 0xff, 0xff, 0xe2, 0xff, 0xd7, 0xff, 0xff, 
    0xff, 0xfe, 0x7f, 0xf9, 0x1f, 0xff, 0xff, 0xff, 0x5f, 0xaf, 0xff, 0xff, 0xff, 0xff, 0xff, 0x4b, 
    0xef, 0xff, 0xfe, 0xbf, 0xff, 0xff, 0x40, 0x00, 0xbf, 0xff, 0xff, 0xff, 0x85, 0xbf, 0xf8, 0x1f, 
    0xf6, 0xd2, 0x00, 0xff, 0xff, 0xff, 0xff, 0x10, 0x00, 0x00, 0x00, 0x00, 0x01, 0x00, 0x41, 0x51, 
    0x50, 0x00, 0x95, 0x55, 0x40, 0x00, 0x40, 0x00, 0x00, 0x00, 0x00, 0x00, 0x00, 0x15, 0x00, 0x00, 
    0x00, 0x04, 0x00, 0x00, 0x09, 0x00, 0x00, 0x00, 0x00, 0x00, 0x00, 0x00, 0x00, 0x00, 0x00, 0x00, 
    0x00, 0x01, 0x9b, 0xfe, 0xe0, 0x14, 0x00, 0x00, 0x00, 0x00, 0x00, 0x00, 0x00, 0x00, 0x00, 0x00, 
    0x04, 0x00, 0x00, 0x0b, 0xff, 0xbf, 0xff, 0xff, 0xff, 0xff, 0xff, 0xf4, 0x15, 0x15, 0x2f, 0x8f, 
    0xff, 0xff, 0xff, 0xff, 0xff, 0xfc, 0x00, 0x00, 0x00, 0x00, 0x14, 0x55, 0x55, 0x55, 0x40, 0x00, 
    0x00, 0x05, 0x55, 0x55, 0x55, 0x55, 0x5d, 0x40, 0x00, 0x00, 0x0f, 0xff, 0xff, 0xff, 0xf9, 0x55, 
    0x55, 0x52, 0x80, 0x00, 0x00, 0x00, 0x01, 0x50, 0x00, 0x00, 0x00, 0x00, 0x01, 0x45, 0x40, 0x00, 
    0x41, 0x55, 0x55, 0x55, 0x45, 0x40, 0x01, 0xaa, 0xaa, 0x2a, 0xa8, 0x10, 0xaa, 0x05, 0x6a, 0xa6, 
    0xaa, 0xaa, 0xa4, 0x00, 0x00, 0x05, 0x69, 0x55, 0x01, 0x55, 0x40, 0x04, 0x00, 0x55, 0x55, 0x55, 
    0xff, 0xff, 0xff, 0xfd, 0x7f, 0xf8, 0xff, 0xff, 0xff, 0xff, 0xdf, 0xfd, 0x0f, 0xff, 0xff, 0xff, 
    0xe3, 0xe7, 0xff, 0xff, 0xff, 0xff, 0xff, 0xe1, 0xfb, 0xff, 0xff, 0xff, 0xff, 0xff, 0xd0, 0x00, 
    0x7f, 0xff, 0xff, 0xff, 0xf0, 0x07, 0xfe, 0xa3, 0xfe, 0xe0, 0xc2, 0xbf, 0xfe, 0xff, 0xfe, 0x04, 
    0x00, 0x00, 0x00, 0x00, 0x00, 0x00, 0x01, 0x50, 0x50, 0x00, 0x65, 0x55, 0x40, 0x01, 0x00, 0x00, 
    0x00, 0x00, 0x00, 0x00, 0x00, 0x00, 0x05, 0x00, 0x00, 0x14, 0x00, 0x00, 0x06, 0x00, 0x00, 0x00, 
    0x00, 0x00, 0x14, 0x00, 0x00, 0x00, 0x00, 0x00, 0x00, 0x1a, 0xa7, 0xff, 0xe0, 0x40, 0x00, 0x00, 
    0x00, 0x00, 0x00, 0x00, 0x00, 0x00, 0x00, 0x00, 0x00, 0x00, 0x00, 0x00, 0x1f, 0x1f, 0xff, 0xfc, 
    0xbf, 0xff, 0xff, 0x90, 0x10, 0x55, 0x7f, 0xbf, 0xff, 0xff, 0xff, 0xff, 0xff, 0xff, 0x80, 0x00, 
    0x00, 0x00, 0x50, 0x15, 0x55, 0x55, 0x40, 0x00, 0x00, 0x05, 0x45, 0x55, 0x55, 0x55, 0x55, 0x40, 
    0x00, 0x00, 0x01, 0xfe, 0xbf, 0xff, 0xff, 0x55, 0x55, 0x54, 0x64, 0x00, 0x00, 0x00, 0x00, 0x40, 
    0x00, 0x00, 0x00, 0x10, 0x01, 0x55, 0x50, 0x00, 0x05, 0x55, 0x55, 0x54, 0x15, 0x40, 0x02, 0xaa, 
    0xa9, 0x2a, 0xa4, 0x10, 0x6a, 0x09, 0x6a, 0x92, 0xaa, 0xaa, 0xa4, 0x00, 0x00, 0x05, 0x54, 0x55, 
    0x01, 0x55, 0x00, 0x10, 0x01, 0x55, 0x55, 0x55, 0xff, 0xff, 0xff, 0xff, 0x8b, 0xff, 0x2f, 0xff, 
    0xff, 0xff, 0xfa, 0xff, 0x47, 0xff, 0xff, 0xff, 0xfd, 0xb9, 0xff, 0xff, 0xff, 0xff, 0xff, 0xfd, 
    0x2e, 0xff, 0xff, 0xff, 0xff, 0xff, 0xe0, 0x00, 0x3f, 0xff, 0xff, 0xef, 0xfc, 0x03, 0xff, 0xff, 
    0xff, 0xb4, 0x63, 0x7f, 0xff, 0xff, 0xfe, 0x09, 0x00, 0x00, 0x00, 0x10, 0x04, 0x04, 0x41, 0x54, 
    0x51, 0x00, 0x65, 0x55, 0x10, 0x51, 0x00, 0x00, 0x00, 0x00, 0x00, 0x00, 0x01, 0x55, 0x40, 0x00, 
    0x00, 0x10, 0x00, 0x00, 0x03, 0x00, 0x00, 0x00, 0x00, 0x01, 0x00, 0x00, 0x00, 0x00, 0x00, 0x00, 
    0x01, 0x55, 0x01, 0xff, 0xf5, 0x00, 0x00, 0x00, 0x00, 0x00, 0x00, 0x00, 0x00, 0x00, 0x00, 0x00, 
    0x00, 0x00, 0x00, 0x00, 0x2f, 0xaf, 0xff, 0xdc, 0x2f, 0xff, 0xfd, 0x00, 0x41, 0x55, 0x7e, 0xff, 
    0xff, 0xff, 0xff, 0xff, 0xff, 0xff, 0xf4, 0x00, 0x00, 0x00, 0x54, 0x05, 0x51, 0x45, 0x54, 0x40, 
    0x00, 0x05, 0x55, 0x55, 0x55, 0x55, 0x55, 0x00, 0x00, 0x00, 0x00, 0x3f, 0xff, 0xff, 0xff, 0xe5, 
    0x55, 0x55, 0x45, 0x00, 0x00, 0x00, 0x00, 0x00, 0x00, 0x00, 0x00, 0x10, 0x15, 0x55, 0x00, 0x15, 
    0x55, 0x55, 0x55, 0x50, 0x40, 0x00, 0x06, 0xaa, 0xa8, 0x1a, 0xa0, 0x20, 0xaa, 0x48, 0xaa, 0x92, 
    0xaa, 0xaa, 0x90, 0x00, 0x00, 0x15, 0x55, 0x55, 0x01, 0x55, 0x00, 0x50, 0x05, 0x55, 0x55, 0x55, 
    0xff, 0xff, 0xff, 0xff, 0xf5, 0xff, 0xd7, 0xff, 0xff, 0xff, 0xff, 0x7f, 0xc1, 0xff, 0xff, 0xff, 
    0xff, 0x5e, 0x2f, 0xff, 0xff, 0xff, 0xff, 0xff, 0xda, 0xbf, 0xff, 0xff, 0xff, 0xff, 0xf0, 0x00, 
    0x3f, 0xff, 0xff, 0xd7, 0xff, 0x40, 0x7f, 0xff, 0xff, 0xf5, 0x16, 0xef, 0xff, 0xff, 0xfd, 0x0b, 
    0x00, 0x00, 0x00, 0x14, 0x00, 0x00, 0x40, 0x54, 0x55, 0x41, 0x59, 0x55, 0x15, 0x51, 0x00, 0x00, 
    0x00, 0x00, 0x00, 0x00, 0x00, 0x14, 0x00, 0x00, 0x04, 0x50, 0x00, 0x00, 0x03, 0x40, 0x00, 0x00, 
    0x00, 0x04, 0x00, 0x00, 0x00, 0x00, 0x00, 0x40, 0x05, 0x55, 0xa9, 0x7f, 0xfc, 0x00, 0x00, 0x00, 
    0x00, 0x00, 0x5a, 0x80, 0x00, 0x00, 0x00, 0x00, 0x04, 0x00, 0x00, 0x00, 0x7f, 0xff, 0xff, 0xff, 
    0x47, 0xff, 0xf1, 0xc0, 0x00, 0x01, 0x5f, 0xff, 0xff, 0xfa, 0xff, 0xff, 0xff, 0xff, 0xff, 0x40, 
    0x00, 0x00, 0x45, 0x55, 0x45, 0x10, 0x40, 0x40, 0x00, 0x15, 0x54, 0x05, 0x55, 0x55, 0x55, 0x00, 
    0x00, 0x00, 0x00, 0x07, 0xff, 0xff, 0xff, 0xf9, 0x55, 0x55, 0x55, 0x40, 0x00, 0x00, 0x00, 0x00, 
    0x00, 0x00, 0x00, 0x51, 0x55, 0x55, 0x40, 0x7d, 0x55, 0x55, 0x55, 0x41, 0x00, 0x10, 0x44, 0xaa, 
    0xa8, 0x1a, 0x90, 0x61, 0xaa, 0x58, 0xaa, 0xa2, 0xaa, 0xaa, 0x81, 0x00, 0x00, 0x55, 0x55, 0x55, 
    0x01, 0x54, 0x01, 0x40, 0x15, 0x55, 0x55, 0x55, 0xff, 0xff, 0xff, 0xff, 0xfd, 0x7f, 0xf4, 0xff, 
    0xff, 0xff, 0xff, 0xef, 0xe0, 0x2f, 0xff, 0xff, 0xff, 0xe7, 0x8b, 0xff, 0xff, 0xff, 0xff, 0xff, 
    0xbf, 0xef, 0xff, 0xff, 0xff, 0xff, 0xf0, 0x00, 0x1f, 0xff, 0xff, 0xe1, 0xff, 0xd1, 0x1f, 0xff, 
    0xff, 0xfd, 0x41, 0xef, 0xff, 0xff, 0xfd, 0x03, 0x00, 0x00, 0x04, 0x14, 0x00, 0x00, 0x00, 0x14, 
    0x45, 0x55, 0x45, 0x55, 0x55, 0x11, 0x00, 0x00, 0x00, 0x00, 0x00, 0x00, 0x00, 0x15, 0x00, 0x00, 
    0x01, 0x00, 0x00, 0x00, 0x01, 0x80, 0x00, 0x00, 0x00, 0x50, 0x00, 0x00, 0x00, 0x15, 0x50, 0x00, 
    0x51, 0x55, 0x65, 0x4f, 0xfe, 0x00, 0x00, 0x50, 0x00, 0x00, 0x02, 0xa4, 0x00, 0x00, 0x00, 0x00, 
    0x05, 0x00, 0x00, 0x00, 0x3f, 0xff, 0xff, 0xff, 0xe7, 0xff, 0xd3, 0x40, 0x00, 0x01, 0xbf, 0xff, 
    0xff, 0xc0, 0x24, 0xbf, 0xff, 0xff, 0xff, 0xe0, 0x00, 0x01, 0x05, 0x40, 0x05, 0x00, 0x00, 0x00, 
    0x00, 0x00, 0x15, 0x45, 0x55, 0x55, 0x54, 0x00, 0x00, 0x00, 0x00, 0x00, 0xfe, 0xbf, 0xff, 0xff, 
    0x55, 0x55, 0x55, 0x54, 0x00, 0x00, 0x00, 0x00, 0x00, 0x00, 0x00, 0x15, 0x55, 0x55, 0x00, 0x59, 
    0x55, 0x55, 0x54, 0x05, 0x00, 0x00, 0x01, 0xaa, 0xa9, 0x2a, 0xa4, 0x91, 0xa9, 0x19, 0xaa, 0xa6, 
    0xaa, 0xaa, 0x41, 0x40, 0x00, 0x95, 0x55, 0x54, 0x01, 0x50, 0x05, 0x00, 0x55, 0x55, 0x55, 0x55, 
    0xff, 0xff, 0xff, 0xff, 0xff, 0x9b, 0xfe, 0x2f, 0xff, 0xff, 0xff, 0xfa, 0xf4, 0x0f, 0xff, 0xff, 
    0xff, 0xfd, 0xb5, 0xff, 0xff, 0xff, 0xff, 0xe0, 0x0b, 0xff, 0xff, 0xff, 0xff, 0xff, 0xf4, 0x00, 
    0x0f, 0xff, 0xff, 0xf0, 0x3f, 0xff, 0xdb, 0xff, 0xff, 0xff, 0x50, 0xb7, 0xff, 0xff, 0xfe, 0x01, 
    0x80, 0x00, 0x05, 0x04, 0x00, 0x00, 0x00, 0x14, 0x15, 0x51, 0x56, 0x55, 0x55, 0x40, 0x00, 0x00, 
    0x00, 0x00, 0x00, 0x00, 0x00, 0x00, 0x00, 0x00, 0x00, 0x00, 0x00, 0x00, 0x00, 0xc0, 0x00, 0x00, 
    0x00, 0x40, 0x00, 0x00, 0x05, 0x50, 0x00, 0x00, 0x00, 0x55, 0x55, 0x56, 0xaf, 0x00, 0x00, 0x00, 
    0x00, 0x00, 0x00, 0x7e, 0x00, 0x00, 0x00, 0x00, 0x05, 0x00, 0x00, 0x00, 0x1f, 0xff, 0xff, 0xff, 
    0x43, 0xff, 0x2e, 0x00, 0x00, 0x2f, 0xff, 0xff, 0xff, 0x80, 0x00, 0x7f, 0xff, 0xff, 0xff, 0xf0, 
    0x00, 0x05, 0x01, 0x50, 0x00, 0x00, 0x00, 0x00, 0x00, 0x00, 0x15, 0x55, 0x55, 0x55, 0x54, 0x00, 
    0x00, 0x00, 0x00, 0x00, 0x1f, 0x9f, 0xff, 0xff, 0xe5, 0x55, 0x55, 0x55, 0x00, 0x00, 0x00, 0x00, 
    0x00, 0x00, 0x00, 0x55, 0x55, 0x55, 0x01, 0x51, 0x55, 0x55, 0x50, 0x55, 0x00, 0x00, 0x02, 0xaa, 
    0xaa, 0x6a, 0x91, 0x92, 0xa9, 0x69, 0xaa, 0x96, 0xaa, 0xa9, 0x00, 0x40, 0x11, 0x65, 0x55, 0x55, 
    0x01, 0x40, 0x04, 0x01, 0x55, 0x55, 0x55, 0x55, 0xff, 0xff, 0xff, 0xff, 0xff, 0xf5, 0xff, 0xd7, 
    0xff, 0xff, 0xff, 0xff, 0xbc, 0x02, 0xff, 0xff, 0xff, 0xff, 0x5e, 0xbf, 0xff, 0xff, 0xff, 0xf0, 
    0x01, 0xff, 0xff, 0xff, 0xff, 0xff, 0xf4, 0x00, 0x0b, 0xff, 0xff, 0xf8, 0x0f, 0xff, 0xfa, 0xff, 
    0xff, 0xff, 0x14, 0x29, 0xff, 0xff, 0xfe, 0x00, 0x40, 0x40, 0x01, 0x45, 0x10, 0x00, 0x00, 0x14, 
    0x05, 0x55, 0x55, 0x95, 0x55, 0x44, 0x00, 0x00, 0x00, 0x00, 0x00, 0x00, 0x00, 0x00, 0x00, 0x10, 
    0x00, 0x00, 0x00, 0x00, 0x00, 0xd0, 0x00, 0x00, 0x00, 0x00, 0x00, 0x00, 0x00, 0x00, 0x00, 0x00, 
    0x00, 0x04, 0x55, 0x60, 0x0b, 0x00, 0x00, 0x00, 0x00, 0x00, 0x01, 0x4a, 0x40, 0x00, 0x00, 0x00, 
    0x00, 0x00, 0x00, 0x00, 0x0b, 0xff, 0xff, 0xff, 0x00, 0xfc, 0xb4, 0x00, 0x06, 0xff, 0xff, 0xff, 
    0xf8, 0x00, 0x00, 0x5b, 0xff, 0xff, 0xff, 0xf8, 0x00, 0x08, 0x00, 0x55, 0x00, 0x00, 0x00, 0x00, 
    0x00, 0x44, 0x01, 0x55, 0x55, 0x55, 0x54, 0x40, 0x00, 0x00, 0x00, 0x00, 0x07, 0xf5, 0xff, 0xfd, 
    0xfe, 0x95, 0x55, 0x55, 0x50, 0x00, 0x00, 0x00, 0x00, 0x00, 0x01, 0x55, 0x55, 0x55, 0x05, 0x51, 
    0x55, 0x55, 0x40, 0x50, 0x00, 0x00, 0x06, 0xaa, 0xaa, 0x5a, 0x81, 0x52, 0xa9, 0x69, 0xa9, 0x96, 
    0xaa, 0xa4, 0x00, 0x40, 0x06, 0xaa, 0x55, 0x55, 0x01, 0x40, 0x10, 0x05, 0x55, 0x55, 0x55, 0x55, 
    0xff, 0xff, 0xff, 0xff, 0xff, 0xfe, 0x2f, 0xf8, 0xbf, 0xff, 0xff, 0xff, 0xed, 0x00, 0x7f, 0xff, 
    0xff, 0xff, 0xe2, 0xaf, 0xff, 0xff, 0xff, 0xfe, 0xff, 0xff, 0xff, 0xff, 0xff, 0xff, 0xf8, 0x00, 
    0x03, 0xff, 0xff, 0xff, 0x42, 0xff, 0xff, 0xff, 0xff, 0xff, 0x40, 0x09, 0xbf, 0xff, 0xfd, 0x00, 
    0x10, 0x00, 0x01, 0x55, 0x01, 0x04, 0x04, 0x04, 0x00, 0x15, 0x55, 0x65, 0x55, 0x50, 0x00, 0x00, 
    0x00, 0x00, 0x00, 0x00, 0x00, 0x00, 0x01, 0x50, 0x00, 0x00, 0x00, 0x00, 0x00, 0xa1, 0x40, 0x00, 
    0x00, 0x40, 0x00, 0x00, 0x00, 0x00, 0x00, 0x08, 0x00, 0x01, 0x15, 0x80, 0x00, 0x00, 0x00, 0x00, 
    0x00, 0x00, 0x00, 0x00, 0x00, 0x00, 0x00, 0x00, 0x00, 0x00, 0x00, 0x00, 0x03, 0xff, 0xff, 0xfc, 
    0x00, 0x70, 0x00, 0x06, 0xff, 0xff, 0xff, 0xff, 0xf6, 0xf4, 0x00, 0x00, 0xaf, 0xff, 0xff, 0xfc, 
    0x00, 0x14, 0x00, 0x10, 0x50, 0x00, 0x00, 0x00, 0x00, 0x51, 0x41, 0x55, 0xa5, 0x55, 0x50, 0x40, 
    0x00, 0x00, 0x00, 0x00, 0x00, 0xbe, 0x56, 0xf5, 0xbf, 0xa9, 0x55, 0x55, 0x54, 0x00, 0x00, 0x00, 
    0x00, 0x00, 0x05, 0x55, 0x55, 0x54, 0x10, 0x01, 0x55, 0x55, 0x00, 0x00, 0x00, 0x00, 0x0a, 0xaa, 
    0xaa, 0x1a, 0x91, 0x42, 0xa9, 0x69, 0xaa, 0x96, 0x9a, 0x94, 0x04, 0x00, 0x02, 0xaa, 0x55, 0x55, 
    0x00, 0x00, 0x40, 0x15, 0x55, 0x55, 0x55, 0x55, 0xff, 0xff, 0xff, 0xff, 0xff, 0xff, 0xd7, 0xff, 
    0x5f, 0xff, 0xff, 0xff, 0xfe, 0x00, 0x1b, 0xff, 0xff, 0xff, 0xfd, 0x67, 0xff, 0xff, 0xff, 0xff, 
    0xff, 0xff, 0xff, 0xff, 0xff, 0xff, 0xfc, 0x00, 0x02, 0xff, 0xff, 0xff, 0xf9, 0x7f, 0xff, 0xff, 
    0xff, 0xff, 0x94, 0x02, 0x6f, 0xff, 0xfc, 0x01, 0x24, 0x00, 0x40, 0x55, 0x40, 0x00, 0x04, 0x05, 
    0x15, 0x01, 0x55, 0x75, 0x55, 0x40, 0x00, 0x00, 0x00, 0x00, 0x00, 0x00, 0x01, 0x00, 0x14, 0x00, 
    0x00, 0x00, 0x00, 0x00, 0x00, 0x70, 0x00, 0x00, 0x04, 0x00, 0x00, 0x00, 0x00, 0x00, 0x00, 0x10, 
    0x00, 0x00, 0x56, 0x00, 0x55, 0xfe, 0x00, 0x00, 0x00, 0x00, 0x00, 0x00, 0x00, 0x00, 0x00, 0x01, 
    0x00, 0x00, 0x00, 0x00, 0x01, 0xff, 0xff, 0xd0, 0x00, 0x00, 0x00, 0xbf, 0xff, 0xff, 0xff, 0xff, 
    0xff, 0xfd, 0x00, 0x42, 0xd7, 0xff, 0xff, 0xfc, 0x00, 0x20, 0x00, 0x50, 0x00, 0x00, 0x00, 0x00, 
    0x00, 0x10, 0x40, 0x16, 0x55, 0x55, 0x51, 0x40, 0x00, 0x00, 0x00, 0x00, 0x00, 0x1f, 0xca, 0xf4, 
    0x02, 0xfb, 0x95, 0x55, 0x56, 0x40, 0x00, 0x00, 0x00, 0x00, 0x15, 0x55, 0x55, 0x56, 0x80, 0x01, 
    0x55, 0x54, 0x04, 0x00, 0x00, 0x00, 0x0a, 0xaa, 0xa9, 0x2a, 0x51, 0x96, 0xa8, 0xb9, 0xaa, 0xa6, 
    0xaa, 0x90, 0x10, 0x00, 0x06, 0xaa, 0x95, 0x55, 0x00, 0x01, 0x40, 0x55, 0x55, 0x55, 0x55, 0x55, 
    0xff, 0xff, 0xff, 0xff, 0xff, 0xff, 0xf8, 0xbf, 0xe2, 0xff, 0xff, 0xff, 0xff, 0x40, 0x06, 0xbf, 
    0xff, 0xff, 0xff, 0x89, 0xbf, 0xff, 0xff, 0xff, 0xff, 0xff, 0xff, 0xff, 0xff, 0xff, 0xfc, 0x00, 
    0x00, 0xff, 0xff, 0xff, 0xff, 0xff, 0xff, 0xff, 0xff, 0xff, 0xc9, 0x1a, 0xfe, 0xff, 0xfc, 0x00, 
    0x1d, 0x00, 0x45, 0x55, 0x00, 0x00, 0x04, 0x05, 0x15, 0x15, 0x55, 0x6c, 0x55, 0x50, 0x00, 0x00, 
    0x00, 0x00, 0x00, 0x00, 0x55, 0x50, 0x54, 0x00, 0x00, 0x00, 0x00, 0x00, 0x00, 0x34, 0x00, 0x00, 
    0x10, 0x00, 0x00, 0x00, 0x00, 0x00, 0x00, 0x00, 0x00, 0x00, 0x18, 0x06, 0xaa, 0xbd, 0x00, 0x00, 
    0x00, 0x00, 0x00, 0x00, 0x00, 0x00, 0x00, 0x10, 0x01, 0x00, 0x00, 0x00, 0x00, 0x7f, 0xf9, 0x00, 
    0x00, 0x00, 0x02, 0xff, 0xfa, 0x1b, 0xff, 0xff, 0xff, 0xff, 0x02, 0xff, 0xff, 0xff, 0xff, 0xfe, 
    0x00, 0x90, 0x00, 0x05, 0x54, 0x00, 0x00, 0x00, 0x10, 0x11, 0x50, 0x15, 0x65, 0x55, 0x55, 0x00, 
    0x00, 0x00, 0x00, 0x00, 0x00, 0x03, 0xf0, 0x1c, 0x00, 0x7e, 0x95, 0x55, 0x55, 0x50, 0x00, 0x00, 
    0x00, 0x00, 0x15, 0x55, 0x55, 0x51, 0xa0, 0x01, 0x55, 0x54, 0x50, 0x00, 0x44, 0x00, 0x6a, 0xaa, 
    0xaa, 0x6a, 0x11, 0x9a, 0xa8, 0xa9, 0xaa, 0xa6, 0xaa, 0x90, 0x54, 0x00, 0x46, 0x69, 0x55, 0x55, 
    0x00, 0x05, 0x00, 0x55, 0x55, 0x55, 0x55, 0x55, 0xff, 0xff, 0xff, 0xff, 0xff, 0xff, 0xff, 0x5f, 
    0xfd, 0x7f, 0xff, 0xff, 0xff, 0xc0, 0x02, 0xef, 0xff, 0xff, 0xbf, 0xfa, 0x5f, 0xff, 0xff, 0xff, 
    0xff, 0xff, 0xff, 0xff, 0xff, 0xff, 0xfc, 0x00, 0x00, 0x7f, 0xff, 0xff, 0xff, 0xff, 0xaf, 0xff, 
    0xff, 0xff, 0xe6, 0x5f, 0xfd, 0xbf, 0xfc, 0x00, 0x0e, 0x40, 0x05, 0x55, 0x00, 0x40, 0x05, 0x01, 
    0x15, 0x05, 0x55, 0x50, 0x15, 0x50, 0x00, 0x00, 0x00, 0x10, 0x00, 0x05, 0x55, 0x40, 0x00, 0x00, 
    0x00, 0x00, 0x00, 0x00, 0x00, 0x28, 0x00, 0x00, 0x40, 0x00, 0x00, 0x00, 0x00, 0x00, 0x00, 0x00, 
    0x00, 0x00, 0x60, 0x05, 0x55, 0x55, 0x00, 0x00, 0x01, 0x50, 0x00, 0x00, 0x00, 0x00, 0x00, 0x00, 
    0x00, 0x40, 0x00, 0x00, 0x00, 0x1a, 0x40, 0x00, 0x00, 0x00, 0x0b, 0xff, 0xf8, 0x02, 0xff, 0xff, 
    0xff, 0xaf, 0xab, 0xff, 0xff, 0xff, 0xff, 0xff, 0x01, 0x80, 0x00, 0x15, 0x15, 0x00, 0x00, 0x00, 
    0x00, 0x50, 0x40, 0x05, 0x55, 0x55, 0x54, 0x01, 0xc0, 0x00, 0x00, 0x01, 0x00, 0x00, 0xbc, 0x00, 
    0x01, 0x0f, 0x99, 0x55, 0x55, 0x54, 0x00, 0x00, 0x00, 0x00, 0x55, 0x55, 0x55, 0x51, 0x58, 0x15, 
    0x55, 0x50, 0x00, 0x04, 0x00, 0x06, 0xaa, 0xaa, 0x9b, 0x6a, 0x96, 0x9a, 0xa4, 0xa9, 0xaa, 0xa6, 
    0xaa, 0x81, 0x00, 0x00, 0x05, 0x9a, 0x65, 0x55, 0x00, 0x14, 0x01, 0x55, 0x55, 0x55, 0x55, 0x55, 
    0xff, 0xff, 0xff, 0xff, 0xff, 0xff, 0xff, 0xe7, 0xff, 0x5f, 0xff, 0xff, 0xff, 0xe0, 0x00, 0xbe, 
    0xff, 0xff, 0xff, 0xff, 0x96, 0xff, 0xff, 0xff, 0xff, 0xff, 0xff, 0xef, 0xff, 0xff, 0xfc, 0x00, 
    0x00, 0x2f, 0xff, 0xff, 0xff, 0xff, 0xff, 0xff, 0xff, 0xff, 0xf6, 0x9b, 0xff, 0xaf, 0xf8, 0x00, 
    0x0b, 0x91, 0x05, 0x55, 0x40, 0x10, 0x05, 0x00, 0x05, 0x05, 0x55, 0x51, 0xe5, 0x54, 0x00, 0x00, 
    0x00, 0x00, 0x01, 0x55, 0x05, 0x40, 0x00, 0x00, 0x00, 0x00, 0x00, 0x02, 0x00, 0x1c, 0x50, 0x00, 
    0x00, 0x00, 0x00, 0x00, 0x00, 0x00, 0x00, 0x00, 0x00, 0x00, 0x80, 0x00, 0x15, 0x00, 0x00, 0x00, 
    0x01, 0x41, 0x00, 0x00, 0x00, 0x00, 0x00, 0x00, 0x00, 0x40, 0x00, 0x00, 0x00, 0x00, 0x15, 0x40, 
    0x00, 0x00, 0x3f, 0xfb, 0xfd, 0x00, 0xff, 0xff, 0xff, 0x6f, 0xff, 0xff, 0xff, 0xff, 0xff, 0xff, 
    0x03, 0x00, 0x00, 0x05, 0x55, 0x00, 0x00, 0x00, 0x00, 0x14, 0x00, 0x05, 0x55, 0x55, 0x10, 0x00, 
    0x00, 0x00, 0x00, 0x45, 0x00, 0x00, 0x1f, 0x54, 0x00, 0x07, 0xe6, 0x95, 0x65, 0x55, 0x40, 0x00, 
    0x00, 0x01, 0x55, 0x55, 0x55, 0x50, 0x41, 0x55, 0x55, 0x00, 0x00, 0x14, 0x00, 0x0a, 0xab, 0xaa, 
    0xab, 0xaa, 0x99, 0x6a, 0xa1, 0xa9, 0xaa, 0xa6, 0xaa, 0x45, 0x00, 0x00, 0x06, 0x56, 0x55, 0x55, 
    0x00, 0x50, 0x05, 0x55, 0x55, 0x55, 0x55, 0x55, 0xff, 0xff, 0xff, 0xff, 0xff, 0xff, 0xff, 0xfd, 
    0xbf, 0xe2, 0xff, 0xff, 0xff, 0xf4, 0x00, 0x2f, 0xef, 0xff, 0xfe, 0xff, 0xe9, 0xbf, 0xff, 0xff, 
    0xff, 0xff, 0xff, 0xff, 0xff, 0xff, 0xfc, 0x00, 0x00, 0x0f, 0xff, 0xff, 0xff, 0xff, 0xff, 0xff, 
    0xfe, 0x1b, 0xfd, 0xeb, 0xe1, 0x0b, 0xf4, 0x00, 0x06, 0xd9, 0x55, 0x55, 0x40, 0x00, 0x05, 0x40, 
    0x05, 0x05, 0x55, 0x55, 0xb9, 0x54, 0x00, 0x00, 0x00, 0x00, 0x00, 0x01, 0x50, 0x00, 0x00, 0x00, 
    0x00, 0x00, 0x00, 0x15, 0x00, 0x1d, 0x55, 0x00, 0x00, 0x00, 0x00, 0x00, 0x00, 0x00, 0x00, 0x00, 
    0x00, 0x02, 0x00, 0x00, 0x00, 0x00, 0x40, 0x00, 0x55, 0x50, 0x00, 0x00, 0x00, 0x00, 0x00, 0x00, 
    0x00, 0x00, 0x01, 0x00, 0x00, 0x01, 0x55, 0x40, 0x00, 0x10, 0xff, 0xff, 0xfe, 0x18, 0xbf, 0xff, 
    0xff, 0xff, 0xff, 0xff, 0xff, 0xff, 0xff, 0xff, 0x05, 0x00, 0x00, 0x05, 0x55, 0x00, 0x00, 0x00, 
    0x00, 0x01, 0x55, 0x01, 0x55, 0x55, 0x00, 0x10, 0x00, 0x00, 0x00, 0x44, 0x00, 0x00, 0x02, 0xd6, 
    0x81, 0x42, 0xfd, 0xa5, 0x55, 0x54, 0x50, 0x00, 0x00, 0x01, 0x55, 0x55, 0x55, 0x44, 0x01, 0x55, 
    0x54, 0x00, 0x05, 0x50, 0x06, 0x0a, 0xaa, 0xa9, 0x5f, 0x6a, 0x9a, 0x6a, 0xa9, 0xa9, 0xaa, 0xa5, 
    0xa9, 0x14, 0x00, 0x00, 0x06, 0x69, 0x55, 0x55, 0x01, 0x50, 0x15, 0x55, 0x55, 0x55, 0x55, 0x55, 
    0xff, 0xff, 0xff, 0xff, 0xff, 0xff, 0xff, 0xff, 0x9f, 0xfd, 0xbf, 0xff, 0xff, 0xfc, 0x00, 0x07, 
    0xff, 0xff, 0xff, 0x6f, 0xfa, 0x5b, 0xff, 0xff, 0xff, 0xff, 0xff, 0xff, 0xff, 0xff, 0xfc, 0x00, 
    0x00, 0x03, 0xff, 0xff, 0xff, 0xff, 0xff, 0xff, 0xfc, 0x00, 0x04, 0x7a, 0xfd, 0x03, 0xe0, 0x00, 
    0x01, 0x6a, 0x55, 0x55, 0x51, 0x00, 0x01, 0x40, 0x05, 0x41, 0x55, 0x55, 0x3e, 0x54, 0x00, 0x00, 
    0x00, 0x00, 0x00, 0x00, 0x00, 0x00, 0x00, 0x00, 0x41, 0x00, 0x01, 0x55, 0x00, 0x0e, 0x55, 0x10, 
    0x00, 0x00, 0x00, 0x00, 0x00, 0x00, 0x00, 0x00, 0x00, 0x04, 0x00, 0x00, 0x00, 0x00, 0x10, 0x05, 
    0x40, 0x00, 0x00, 0x00, 0x00, 0x00, 0x00, 0x00, 0x00, 0x10, 0x00, 0x50, 0x00, 0x55, 0x55, 0x40, 
    0x01, 0x00, 0x7f, 0xff, 0xff, 0xbe, 0xff, 0xff, 0xff, 0xff, 0xff, 0xff, 0xff, 0xff, 0xff, 0xfc, 
    0x08, 0x00, 0x00, 0x00, 0x51, 0x00, 0x00, 0x00, 0x00, 0x01, 0x55, 0x10, 0x01, 0x54, 0x00, 0x00, 
    0x00, 0x00, 0x06, 0x80, 0x00, 0x00, 0x00, 0x78, 0x00, 0xf4, 0xff, 0xa9, 0x55, 0x55, 0x14, 0x00, 
    0x00, 0x05, 0x55, 0x55, 0x55, 0x00, 0x01, 0x55, 0x50, 0x00, 0x55, 0x40, 0x6a, 0x1a, 0xaa, 0xaa, 
    0x1f, 0x5a, 0x96, 0xaa, 0xa5, 0xa9, 0xaa, 0xa6, 0xa9, 0x10, 0x00, 0x00, 0x05, 0x55, 0x55, 0x54, 
    0x01, 0x40, 0x55, 0x55, 0x55, 0x55, 0x55, 0x55, 0xff, 0xff, 0xff, 0xff, 0xff, 0xff, 0xff, 0xff, 
    0xf6, 0xff, 0x9f, 0xff, 0xff, 0xfd, 0x00, 0x01, 0xff, 0xff, 0xff, 0xe7, 0xff, 0xf6, 0xff, 0xff, 
    0xff, 0xfd, 0xbf, 0xff, 0xff, 0xff, 0xf4, 0x00, 0x00, 0x01, 0xff, 0xff, 0xff, 0xff, 0xff, 0xff, 
    0xff, 0x80, 0x00, 0x19, 0xbf, 0x40, 0x40, 0x00, 0x00, 0x6a, 0x95, 0x55, 0x51, 0x01, 0x01, 0x50, 
    0x05, 0x01, 0x55, 0x54, 0x6f, 0x40, 0x00, 0x00, 0x00, 0x00, 0x00, 0x00, 0x00, 0x00, 0x00, 0x01, 
    0x01, 0x00, 0x25, 0x50, 0x00, 0x0b, 0x54, 0x00, 0x00, 0x80, 0x00, 0x00, 0x00, 0x00, 0x00, 0x00, 
    0x00, 0x10, 0x00, 0x01, 0x80, 0x00, 0x09, 0x55, 0x00, 0x00, 0x10, 0x00, 0x00, 0x00, 0x00, 0x00, 
    0x00, 0x04, 0x00, 0x54, 0x05, 0x55, 0x55, 0x10, 0x00, 0x00, 0x0f, 0xff, 0xff, 0xff, 0xff, 0xff, 
    0xff, 0xff, 0xff, 0xff, 0xff, 0xff, 0xff, 0xf4, 0x10, 0x00, 0x00, 0x00, 0x00, 0x00, 0x00, 0x00, 
    0x00, 0x15, 0x55, 0x40, 0x00, 0x50, 0x00, 0x00, 0x00, 0x01, 0x40, 0x90, 0x00, 0x00, 0x00, 0x0e, 
    0x00, 0xff, 0xff, 0xfa, 0x55, 0x55, 0x45, 0x00, 0x00, 0x15, 0x55, 0x55, 0xa9, 0x00, 0x15, 0x55, 
    0x50, 0x01, 0x54, 0x07, 0xfa, 0xae, 0xaa, 0xaa, 0x5f, 0x5a, 0x5a, 0xaa, 0xa5, 0xa9, 0xaa, 0xa6, 
    0xa4, 0x40, 0x00, 0x00, 0x05, 0x55, 0x55, 0x54, 0x00, 0x01, 0x65, 0x55, 0x55, 0x55, 0x55, 0x55, 
    0xff, 0xff, 0xff, 0xff, 0xff, 0xff, 0xff, 0xff, 0xfe, 0x7f, 0xf7, 0xff, 0xff, 0xff, 0x00, 0x00, 
    0x7f, 0xff, 0xff, 0xff, 0xfe, 0xfd, 0xbf, 0xff, 0xff, 0xfd, 0x1f, 0xff, 0xff, 0x8b, 0xf0, 0x00, 
    0x00, 0x01, 0x7f, 0xff, 0xff, 0xff, 0xbf, 0xff, 0xff, 0xf9, 0x00, 0x01, 0x6f, 0xd0, 0x00, 0x00, 
    0x00, 0x15, 0xa5, 0x55, 0x54, 0x45, 0x01, 0x50, 0x40, 0x41, 0x55, 0x54, 0x0f, 0xe8, 0x00, 0x01, 
    0x54, 0x00, 0x00, 0x00, 0x00, 0x00, 0x00, 0x14, 0x00, 0x00, 0x10, 0x04, 0x55, 0x5b, 0x41, 0x00, 
    0x00, 0x80, 0x00, 0x00, 0x00, 0x00, 0x00, 0x00, 0x00, 0x40, 0x00, 0x14, 0x00, 0x00, 0x01, 0x15, 
    0x40, 0x00, 0x00, 0x00, 0x00, 0x00, 0x00, 0x00, 0x00, 0x01, 0x00, 0x01, 0x55, 0x54, 0x00, 0x00, 
    0x00, 0x00, 0x07, 0xfb, 0xff, 0xff, 0xff, 0xff, 0xfe, 0xbf, 0xff, 0xff, 0xef, 0xff, 0xff, 0xf0, 
    0x10, 0x00, 0x00, 0x00, 0x00, 0x00, 0x00, 0x40, 0x00, 0x15, 0x55, 0x50, 0x00, 0x40, 0x00, 0x00, 
    0x00, 0x00, 0x01, 0xa4, 0x00, 0x00, 0x00, 0x02, 0x80, 0xff, 0xff, 0xfe, 0x99, 0x95, 0x55, 0x50, 
    0x00, 0x05, 0x55, 0x55, 0x55, 0x00, 0x15, 0x55, 0x00, 0x05, 0x50, 0x1f, 0xfa, 0xae, 0xaa, 0xaa, 
    0x1f, 0x5a, 0x1a, 0xaa, 0xa5, 0xa9, 0x6a, 0xa6, 0xa1, 0x40, 0x00, 0x00, 0x05, 0x55, 0x55, 0x50, 
    0x00, 0x05, 0x65, 0x59, 0x55, 0x55, 0x55, 0x55, 0xff, 0xff, 0xff, 0xff, 0xff, 0xff, 0xff, 0xff, 
    0xff, 0xdb, 0xfd, 0xbf, 0xff, 0xff, 0x80, 0x00, 0x1f, 0xff, 0xff, 0xff, 0xfe, 0xff, 0x9f, 0xff, 
    0xff, 0xff, 0xef, 0xff, 0xff, 0xc0, 0xb0, 0x00, 0x00, 0x00, 0x0f, 0xff, 0xff, 0xff, 0xdf, 0xff, 
    0xff, 0xff, 0xe4, 0x00, 0x2f, 0xf4, 0x00, 0x00, 0x00, 0x05, 0x75, 0x55, 0x54, 0x51, 0x41, 0x54, 
    0x41, 0x01, 0x45, 0x55, 0x0b, 0xfe, 0x10, 0x00, 0x00, 0x00, 0x00, 0x00, 0x00, 0x00, 0x01, 0x50, 
    0x00, 0x00, 0x00, 0x15, 0x55, 0x57, 0xd4, 0x00, 0x00, 0x00, 0x00, 0x00, 0x00, 0x00, 0x01, 0x00, 
    0x01, 0x00, 0x00, 0x00, 0x00, 0x00, 0x00, 0x55, 0x50, 0x00, 0x00, 0x00, 0x00, 0x00, 0x00, 0x00, 
    0x00, 0x00, 0x40, 0x55, 0x55, 0x40, 0x00, 0x00, 0x00, 0x00, 0x00, 0x02, 0xff, 0xff, 0xff, 0xff, 
    0x00, 0xff, 0xff, 0xff, 0xc1, 0xff, 0x5a, 0xa0, 0x40, 0x00, 0x00, 0x01, 0x00, 0x00, 0x01, 0x10, 
    0x00, 0x50, 0x55, 0x54, 0x00, 0x00, 0x00, 0x00, 0x00, 0x00, 0x3f, 0x40, 0x00, 0x00, 0x00, 0x00, 
    0x75, 0x6f, 0xff, 0xff, 0xaa, 0x95, 0x54, 0x54, 0x00, 0x45, 0x55, 0x55, 0x50, 0x05, 0x55, 0x54, 
    0x00, 0x55, 0x01, 0xaf, 0xfa, 0x9e, 0xaa, 0xaa, 0x5f, 0x9a, 0x1a, 0xab, 0xa5, 0x9d, 0xaa, 0xaa, 
    0x91, 0x00, 0x00, 0x04, 0x05, 0x55, 0x55, 0x40, 0x00, 0x45, 0x55, 0x55, 0x55, 0x55, 0x55, 0x55, 
    0xff, 0xff, 0xff, 0xff, 0xff, 0xff, 0xff, 0xff, 0xff, 0xf5, 0xff, 0x9f, 0xff, 0xff, 0xc4, 0x00, 
    0x03, 0xff, 0xff, 0xff, 0xff, 0x7f, 0xf6, 0xff, 0xff, 0xff, 0xff, 0xff, 0xff, 0xe0, 0x00, 0x00, 
    0x00, 0x00, 0x02, 0xf3, 0xff, 0xff, 0xfa, 0x7f, 0xff, 0xff, 0xff, 0x15, 0x4b, 0xfc, 0x00, 0x00, 
    0x00, 0x45, 0x59, 0x55, 0x15, 0x55, 0x51, 0x54, 0x01, 0x40, 0x45, 0x55, 0x6b, 0xfd, 0xac, 0x00, 
    0x00, 0x00, 0x00, 0x00, 0x00, 0x00, 0x05, 0x40, 0x00, 0x00, 0x01, 0xa9, 0x55, 0x57, 0xd0, 0x00, 
    0x00, 0x00, 0x00, 0x00, 0x00, 0x00, 0x01, 0x00, 0x04, 0x00, 0x00, 0x00, 0x00, 0x00, 0x15, 0x50, 
    0x00, 0x40, 0x00, 0x00, 0x00, 0x00, 0x00, 0x10, 0x00, 0x00, 0x05, 0x00, 0x00, 0x00, 0x01, 0x00, 
    0x00, 0x00, 0x00, 0x0b, 0xff, 0xff, 0x3f, 0xfc, 0x03, 0xff, 0xff, 0xff, 0x80, 0x00, 0x00, 0x01, 
    0x00, 0x00, 0x00, 0x00, 0x04, 0x00, 0x01, 0x50, 0x00, 0x50, 0x55, 0x50, 0x00, 0x10, 0x00, 0x00, 
    0x00, 0x1d, 0x7f, 0x00, 0x00, 0x00, 0x00, 0x15, 0x5f, 0xfa, 0xff, 0xff, 0xea, 0x55, 0x54, 0x05, 
    0x01, 0x55, 0x55, 0x55, 0x50, 0x15, 0x55, 0x10, 0x05, 0x54, 0x0a, 0xaf, 0xfa, 0xae, 0xaa, 0xaa, 
    0x5f, 0x99, 0x6a, 0xaa, 0xa9, 0x59, 0xaa, 0xaa, 0x84, 0x00, 0x05, 0x00, 0x05, 0x55, 0x55, 0x04, 
    0x01, 0x45, 0x55, 0x55, 0x55, 0x55, 0x55, 0x55, 0xff, 0xff, 0xff, 0xff, 0xff, 0xff, 0xff, 0xff, 
    0xff, 0xfe, 0x6f, 0xf6, 0xff, 0xff, 0xe1, 0x00, 0x00, 0xbf, 0xff, 0xff, 0xff, 0x6f, 0xfd, 0xbf, 
    0xff, 0xff, 0xfe, 0xbf, 0xff, 0xfc, 0x00, 0x00, 0x00, 0x00, 0x00, 0x10, 0xff, 0xff, 0xfa, 0x2f, 
    0xff, 0xff, 0xff, 0xfa, 0xe1, 0xf6, 0x00, 0x00, 0x00, 0x01, 0x5a, 0x55, 0x15, 0x54, 0x54, 0x55, 
    0x11, 0x40, 0x55, 0x55, 0xbf, 0xfe, 0x6d, 0x00, 0x00, 0x00, 0x00, 0x00, 0x00, 0x00, 0x15, 0x00, 
    0x00, 0x00, 0x06, 0xa9, 0x95, 0x56, 0xd0, 0x00, 0x01, 0x00, 0x00, 0x00, 0x00, 0x00, 0x00, 0x00, 
    0x10, 0x00, 0x00, 0x00, 0x00, 0x00, 0x01, 0x54, 0x15, 0x40, 0x00, 0x04, 0x00, 0x00, 0x01, 0x40, 
    0x00, 0x00, 0x54, 0x00, 0x00, 0x00, 0x05, 0x40, 0x00, 0x00, 0x00, 0x2f, 0xff, 0xfe, 0x05, 0xf4, 
    0x0f, 0xff, 0xff, 0xff, 0x00, 0x00, 0x00, 0x01, 0x00, 0x00, 0x00, 0x00, 0x55, 0x00, 0x01, 0x44, 
    0x00, 0x04, 0x15, 0x54, 0x00, 0x40, 0x00, 0x00, 0x00, 0x2c, 0xff, 0x00, 0x00, 0x00, 0x00, 0x55, 
    0x52, 0xff, 0xbf, 0xef, 0xf9, 0x95, 0x45, 0x00, 0x11, 0x55, 0x55, 0x55, 0x40, 0x55, 0x55, 0x00, 
    0x55, 0x40, 0x7e, 0xaf, 0xea, 0xee, 0x6a, 0xaa, 0x9f, 0xd9, 0x5a, 0xae, 0xa9, 0x68, 0x6a, 0xaa, 
    0x44, 0x00, 0x09, 0x01, 0x05, 0x55, 0x54, 0x14, 0x01, 0x45, 0x55, 0x55, 0x55, 0x55, 0x55, 0x55, 
    0xff, 0xff, 0xff, 0xff, 0xff, 0xff, 0xff, 0xff, 0xff, 0xff, 0xd7, 0xfe, 0x7f, 0xff, 0xf0, 0x00, 
    0x00, 0x2f, 0xff, 0xff, 0xff, 0xdf, 0xff, 0xaf, 0xff, 0xff, 0xff, 0xff, 0xff, 0xff, 0x00, 0x00, 
    0x00, 0x00, 0x00, 0x00, 0x7f, 0xff, 0xfd, 0x0f, 0xff, 0xff, 0xff, 0xfe, 0x78, 0xbb, 0xc0, 0x00, 
    0x00, 0x01, 0x57, 0x95, 0x50, 0x55, 0x15, 0x15, 0x51, 0x40, 0x55, 0x55, 0xbf, 0xff, 0x9d, 0x00, 
    0x00, 0x00, 0x00, 0x00, 0x00, 0x00, 0x64, 0x00, 0x00, 0x00, 0x1a, 0xa6, 0xa5, 0x56, 0xe0, 0x00, 
    0x00, 0x00, 0x00, 0x00, 0x00, 0x00, 0x01, 0x00, 0x40, 0x00, 0x00, 0x00, 0x00, 0x01, 0x15, 0x55, 
    0x55, 0x00, 0x00, 0x00, 0x00, 0x04, 0x00, 0x00, 0x00, 0x05, 0x00, 0x00, 0x00, 0x00, 0x01, 0x00, 
    0x00, 0x00, 0x00, 0x7f, 0xff, 0xfd, 0x00, 0x00, 0x3f, 0xfe, 0x1f, 0xfe, 0x00, 0x00, 0x00, 0x04, 
    0x00, 0x00, 0x00, 0x00, 0x55, 0x00, 0x00, 0x10, 0x00, 0x05, 0x01, 0x55, 0x41, 0x40, 0x00, 0x00, 
    0x00, 0x2a, 0xfd, 0x14, 0x00, 0x00, 0x01, 0x55, 0x54, 0x7f, 0xff, 0xff, 0xff, 0x65, 0x50, 0x40, 
    0x04, 0x55, 0x55, 0x55, 0x05, 0x55, 0x54, 0x01, 0x55, 0x07, 0xfe, 0xaf, 0xea, 0xff, 0x7a, 0xaa, 
    0x9f, 0xd8, 0x6a, 0xae, 0xe9, 0x68, 0x6a, 0xa9, 0x00, 0x00, 0x18, 0x01, 0x05, 0x56, 0x94, 0x50, 
    0x00, 0x05, 0x55, 0x55, 0x55, 0x55, 0x55, 0x55, 0xff, 0xff, 0xff, 0xff, 0xff, 0xff, 0xff, 0xff, 
    0xff, 0xff, 0xf9, 0xff, 0xdf, 0xff, 0xf8, 0x40, 0x00, 0x1f, 0xff, 0xff, 0xff, 0xef, 0xff, 0xff, 
    0xff, 0xff, 0xff, 0xff, 0xff, 0xff, 0x80, 0x00, 0x00, 0x00, 0x00, 0x00, 0x2f, 0xff, 0xff, 0x42, 
    0xff, 0xff, 0xff, 0xff, 0xe6, 0x2f, 0xe1, 0x00, 0x00, 0x05, 0x55, 0xd6, 0x54, 0x55, 0x55, 0x55, 
    0x50, 0x50, 0x55, 0x55, 0x7f, 0xff, 0xec, 0x00, 0x00, 0x00, 0x00, 0x00, 0x00, 0x00, 0x90, 0x00, 
    0x00, 0x01, 0xaa, 0x56, 0xa4, 0x58, 0xf0, 0x00, 0x00, 0x00, 0x00, 0x00, 0x00, 0x00, 0x00, 0x01, 
    0x40, 0x00, 0x00, 0x00, 0x00, 0x05, 0x55, 0x55, 0x55, 0x00, 0x00, 0x10, 0x01, 0x55, 0x00, 0x00, 
    0x01, 0x40, 0x00, 0x00, 0x00, 0x00, 0x10, 0x00, 0x00, 0x00, 0x00, 0x7f, 0xff, 0xf4, 0x00, 0x00, 
    0x3f, 0xfe, 0xbf, 0xfc, 0x00, 0x00, 0x00, 0x10, 0x00, 0x00, 0x00, 0x00, 0x45, 0x00, 0x00, 0x00, 
    0x50, 0x55, 0x01, 0x55, 0x55, 0x00, 0x00, 0x00, 0x00, 0xb9, 0xa4, 0x18, 0x00, 0x00, 0x05, 0x55, 
    0x55, 0x5f, 0xff, 0xff, 0xff, 0xe6, 0x54, 0x00, 0x01, 0x05, 0x55, 0x54, 0x05, 0x55, 0x50, 0x05, 
    0x50, 0x7f, 0xff, 0xeb, 0xe5, 0xae, 0x7a, 0xaa, 0xaf, 0x54, 0x6a, 0xae, 0xf9, 0x58, 0xaa, 0xa5, 
    0x01, 0x50, 0x54, 0x05, 0x05, 0x55, 0x51, 0x40, 0x00, 0x15, 0x55, 0x55, 0x55, 0x55, 0x55, 0x55, 
    0xff, 0xff, 0xff, 0xff, 0xff, 0xff, 0xff, 0xff, 0xff, 0xff, 0xff, 0x6f, 0xfb, 0xff, 0xfd, 0x50, 
    0x00, 0x2f, 0xff, 0xff, 0xff, 0xfb, 0xff, 0xff, 0xff, 0xff, 0xff, 0xff, 0xff, 0xff, 0xe0, 0x00, 
    0x00, 0x00, 0x00, 0x00, 0x0f, 0xff, 0xff, 0xc0, 0xff, 0xef, 0xff, 0xff, 0xfe, 0x9f, 0xe1, 0x04, 
    0x00, 0x41, 0x15, 0x66, 0x55, 0x55, 0x55, 0x55, 0x54, 0x50, 0x15, 0x55, 0x7f, 0xff, 0xf8, 0x00, 
    0x00, 0x00, 0x00, 0x00, 0x00, 0x15, 0x00, 0x00, 0x00, 0x16, 0xa5, 0x51, 0xaa, 0x64, 0xb4, 0x00, 
    0x00, 0x01, 0x00, 0x00, 0x00, 0x00, 0x04, 0x01, 0x00, 0x00, 0x00, 0x00, 0x00, 0x10, 0x55, 0x51, 
    0x55, 0x00, 0x00, 0x40, 0x15, 0x55, 0x00, 0x00, 0x04, 0x00, 0x00, 0x00, 0x00, 0x01, 0x40, 0x00, 
    0x00, 0x00, 0x00, 0x2f, 0xff, 0xd0, 0x00, 0x00, 0x2a, 0xbf, 0xff, 0xf8, 0x00, 0x00, 0x00, 0x10, 
    0x00, 0x00, 0x00, 0x00, 0x15, 0x00, 0x00, 0x00, 0x54, 0x41, 0x15, 0x54, 0x54, 0x00, 0x00, 0x00, 
    0x00, 0x50, 0x00, 0x00, 0x00, 0x00, 0x15, 0x55, 0x55, 0x52, 0xff, 0xff, 0xff, 0xfd, 0x50, 0x00, 
    0x00, 0x41, 0x55, 0x54, 0x45, 0x55, 0x40, 0x55, 0x07, 0xff, 0xff, 0xaf, 0xa8, 0xae, 0xbf, 0xaa, 
    0xbf, 0x50, 0xaa, 0xae, 0xfa, 0xa4, 0xaa, 0xa4, 0x00, 0x00, 0x45, 0x00, 0x05, 0x55, 0x42, 0x40, 
    0x00, 0x15, 0x55, 0x55, 0x55, 0x55, 0x55, 0x54, 0x7f, 0xff, 0xff, 0xff, 0xff, 0xff, 0xff, 0xff, 
    0xff, 0xff, 0xff, 0xe7, 0xff, 0xff, 0xff, 0x14, 0x00, 0x2f, 0xff, 0xff, 0xff, 0xf7, 0xff, 0xff, 
    0xff, 0xff, 0xff, 0xff, 0xff, 0xff, 0xf8, 0x40, 0x00, 0x00, 0x00, 0x00, 0x5b, 0xff, 0xff, 0xf0, 
    0x7f, 0xd6, 0x7f, 0xff, 0xff, 0x97, 0xe0, 0x15, 0x50, 0x51, 0x55, 0x59, 0x55, 0x55, 0x55, 0x41, 
    0x04, 0x54, 0x15, 0x55, 0x5b, 0xff, 0xf8, 0x00, 0x00, 0x00, 0x00, 0x00, 0x00, 0x40, 0x00, 0x00, 
    0x00, 0x51, 0x55, 0x69, 0x66, 0x50, 0x78, 0x00, 0x00, 0x07, 0x00, 0x00, 0x00, 0x00, 0x50, 0x04, 
    0x00, 0x00, 0x00, 0x00, 0x00, 0x00, 0x01, 0x01, 0x40, 0x14, 0x01, 0x05, 0x40, 0x00, 0x19, 0x45, 
    0x40, 0x15, 0x40, 0x00, 0x00, 0x05, 0x00, 0x00, 0x00, 0x00, 0x00, 0x0f, 0xfe, 0x40, 0x00, 0x01, 
    0xfa, 0x7f, 0xff, 0xfc, 0x00, 0x00, 0x00, 0x40, 0x00, 0x00, 0x00, 0x00, 0x00, 0x00, 0x00, 0x01, 
    0x15, 0x55, 0x55, 0x55, 0x40, 0x00, 0x00, 0x00, 0x05, 0x00, 0x00, 0x00, 0x00, 0x00, 0x15, 0x55, 
    0x55, 0x54, 0x7f, 0xbf, 0xff, 0xff, 0x54, 0x00, 0x00, 0x14, 0x55, 0x54, 0x55, 0x55, 0x11, 0x50, 
    0x2f, 0xff, 0xff, 0xaf, 0xe9, 0xad, 0x7f, 0xaf, 0xbf, 0x11, 0xaa, 0xaf, 0xfa, 0x94, 0xaa, 0xa4, 
    0x01, 0x51, 0x46, 0x40, 0x05, 0x55, 0x05, 0x01, 0x54, 0x15, 0x55, 0x55, 0x55, 0x55, 0x55, 0x50, 
    0xdb, 0xff, 0xff, 0xff, 0xff, 0xff, 0xff, 0xff, 0xff, 0xff, 0xff, 0xfd, 0xbf, 0xff, 0xff, 0x54, 
    0x00, 0x1f, 0xff, 0xff, 0xff, 0xf4, 0xff, 0xff, 0xff, 0xff, 0xff, 0xff, 0xff, 0xff, 0xfd, 0x78, 
    0x00, 0x00, 0x00, 0x01, 0xff, 0xff, 0xff, 0xfd, 0x3f, 0xf8, 0x2f, 0xff, 0xff, 0xe1, 0xa0, 0x55, 
    0x54, 0x15, 0x55, 0x56, 0x55, 0x55, 0x55, 0x00, 0x40, 0x14, 0x55, 0x54, 0x55, 0xff, 0xfc, 0x00, 
    0x00, 0x00, 0x10, 0x00, 0x05, 0x00, 0x00, 0x00, 0x09, 0xa4, 0x01, 0x95, 0x56, 0x80, 0x3c, 0x00, 
    0x00, 0x0f, 0x00, 0x00, 0x01, 0x00, 0x50, 0x14, 0x01, 0x00, 0x00, 0x00, 0x40, 0x00, 0x05, 0x00, 
    0x00, 0x00, 0x05, 0x10, 0x00, 0x00, 0x25, 0x64, 0x25, 0x55, 0x54, 0x00, 0x00, 0x00, 0x00, 0x00, 
    0x00, 0x00, 0x00, 0x07, 0xe0, 0x00, 0x00, 0x00, 0x7f, 0xff, 0xff, 0xfc, 0x00, 0x00, 0x01, 0x00, 
    0x00, 0x00, 0x00, 0x00, 0x00, 0x04, 0x00, 0x05, 0x41, 0x55, 0x55, 0x55, 0x00, 0x00, 0x00, 0x00, 
    0x10, 0x00, 0x00, 0x00, 0x00, 0x00, 0x55, 0x55, 0x55, 0x55, 0x5f, 0xeb, 0xfb, 0xff, 0xaa, 0x00, 
    0x00, 0x01, 0x05, 0x55, 0x51, 0x55, 0x55, 0x42, 0xbf, 0xff, 0xff, 0xaf, 0xaa, 0xac, 0x2e, 0xef, 
    0x6e, 0x06, 0xaa, 0xbf, 0xb6, 0xa4, 0x6a, 0x90, 0x05, 0x45, 0x4a, 0x80, 0x05, 0x59, 0x14, 0x06, 
    0x94, 0x15, 0x55, 0x55, 0x55, 0x55, 0x55, 0x40, 0xf9, 0xff, 0xff, 0xff, 0xff, 0xff, 0xff, 0xff, 
    0xff, 0xff, 0xff, 0xff, 0xaf, 0xff, 0xff, 0xc5, 0x00, 0x0f, 0xff, 0xff, 0xff, 0xfc, 0xbf, 0xff, 
    0xff, 0xff, 0xff, 0xff, 0xff, 0xff, 0xff, 0xff, 0x00, 0x00, 0x00, 0x01, 0xff, 0xff, 0xff, 0x81, 
    0x8f, 0xfe, 0x2f, 0xff, 0xff, 0xf8, 0x60, 0x15, 0x55, 0x45, 0x55, 0x55, 0x55, 0x55, 0x15, 0x50, 
    0x10, 0x14, 0x15, 0x54, 0x55, 0x6f, 0xfc, 0x00, 0x00, 0x00, 0x40, 0x00, 0x64, 0x00, 0x00, 0x00, 
    0x55, 0x90, 0x06, 0xa9, 0x9a, 0x40, 0x3d, 0x00, 0x00, 0x0f, 0x40, 0x10, 0x16, 0x45, 0x00, 0x50, 
    0x00, 0x00, 0x00, 0x01, 0x00, 0x00, 0x05, 0x50, 0x00, 0x00, 0x10, 0x00, 0x00, 0x00, 0x82, 0x40, 
    0x05, 0x55, 0x55, 0x00, 0x00, 0x00, 0x00, 0x00, 0x00, 0x00, 0x04, 0x00, 0x00, 0x00, 0x00, 0x00, 
    0x1f, 0xff, 0xff, 0xfd, 0x00, 0x01, 0x41, 0x00, 0x00, 0x00, 0x00, 0x00, 0x00, 0x05, 0x04, 0x05, 
    0x55, 0x55, 0x55, 0x54, 0x00, 0x00, 0x00, 0x00, 0x00, 0x00, 0x00, 0x00, 0x00, 0x00, 0x55, 0x55, 
    0x55, 0x55, 0x52, 0xfa, 0xdd, 0xbf, 0xae, 0x80, 0x00, 0x00, 0x41, 0x55, 0x40, 0x15, 0x54, 0x2f, 
    0xbf, 0xff, 0xfb, 0xdf, 0xea, 0xa9, 0xea, 0xbf, 0xed, 0x0b, 0xe5, 0x6b, 0xa6, 0xa4, 0xaa, 0x90, 
    0x14, 0x05, 0x1a, 0x80, 0x05, 0x54, 0x20, 0x16, 0x94, 0x55, 0x55, 0x55, 0x55, 0x55, 0x55, 0x00, 
    0xbe, 0x2f, 0xff, 0xff, 0xff, 0xff, 0xff, 0xff, 0xff, 0xff, 0xff, 0xff, 0xfb, 0xff, 0xff, 0xd5, 
    0x00, 0x0f, 0xff, 0xff, 0xff, 0xfd, 0x3f, 0xff, 0xff, 0xff, 0xff, 0xff, 0xff, 0xff, 0xff, 0xff, 
    0xd0, 0x00, 0x00, 0x01, 0xff, 0xff, 0xff, 0x40, 0x02, 0xff, 0xff, 0xfe, 0xff, 0xfe, 0x04, 0x15, 
    0x55, 0x54, 0x15, 0x55, 0x55, 0x55, 0x15, 0x50, 0x05, 0x14, 0x15, 0x54, 0x55, 0x57, 0xfd, 0x00, 
    0x00, 0x00, 0x00, 0x06, 0x40, 0x00, 0x00, 0x15, 0x01, 0x50, 0x46, 0xaa, 0x9a, 0x00, 0x1e, 0x00, 
    0x00, 0x0f, 0x41, 0x40, 0x16, 0xa5, 0x00, 0x80, 0x04, 0x00, 0x00, 0x05, 0x00, 0x00, 0x05, 0x10, 
    0x00, 0x00, 0x00, 0x00, 0x00, 0x01, 0x55, 0x00, 0x05, 0x15, 0x54, 0x00, 0x00, 0x00, 0x00, 0x00, 
    0x00, 0x00, 0x00, 0x40, 0x00, 0x00, 0x00, 0x00, 0x0f, 0xff, 0xff, 0xfe, 0x00, 0x00, 0x04, 0x00, 
    0x00, 0x00, 0x00, 0x00, 0x00, 0x04, 0x10, 0x04, 0x10, 0x55, 0x55, 0x50, 0x00, 0x00, 0x00, 0x00, 
    0x00, 0x00, 0x00, 0x00, 0x00, 0x05, 0x55, 0x55, 0x55, 0x55, 0x54, 0x7e, 0x56, 0x7f, 0xe7, 0x90, 
    0x00, 0x00, 0x14, 0x55, 0x41, 0x55, 0x41, 0xff, 0xbf, 0xff, 0xff, 0xef, 0xea, 0xa5, 0xea, 0xdf, 
    0xe5, 0x1f, 0xe0, 0xaa, 0x96, 0xa8, 0x6a, 0x40, 0x05, 0x15, 0x6a, 0x80, 0x05, 0x10, 0x40, 0x46, 
    0x94, 0x55, 0x55, 0x55, 0x55, 0x55, 0x54, 0x00, 0x1f, 0xd7, 0xff, 0xff, 0xff, 0xff, 0xff, 0xff, 
    0xff, 0xff, 0xff, 0xff, 0xfe, 0xbf, 0xff, 0xe0, 0x00, 0x0f, 0xff, 0xff, 0xff, 0xff, 0x0f, 0xff, 
    0xff, 0xff, 0xff, 0xff, 0xff, 0xff, 0xff, 0xff, 0xf4, 0x00, 0x00, 0x01, 0xff, 0xff, 0xfd, 0x40, 
    0x00, 0xff, 0xff, 0xfd, 0xbf, 0xff, 0xd0, 0x05, 0x55, 0x55, 0x45, 0x55, 0x55, 0x55, 0x45, 0x50, 
    0x04, 0x05, 0x15, 0x14, 0x55, 0x55, 0x7e, 0x00, 0x00, 0x00, 0x00, 0x54, 0x00, 0x00, 0x00, 0x50, 
    0x01, 0x96, 0x96, 0xaa, 0xa4, 0x00, 0x0f, 0x00, 0x00, 0x07, 0x81, 0x41, 0x56, 0xa5, 0x01, 0x40, 
    0x20, 0x00, 0x00, 0x00, 0x00, 0x00, 0x11, 0x50, 0x00, 0x04, 0x00, 0x00, 0x00, 0x0a, 0x90, 0x00, 
    0x01, 0x55, 0x50, 0x00, 0x00, 0x00, 0x00, 0x00, 0x00, 0x00, 0x00, 0x00, 0x41, 0x00, 0x00, 0x00, 
    0x07, 0xff, 0xff, 0xff, 0x00, 0x00, 0x14, 0x00, 0x00, 0x00, 0x00, 0x00, 0x00, 0x15, 0x01, 0x00, 
    0x00, 0x15, 0x55, 0x40, 0x00, 0x00, 0x00, 0x00, 0x00, 0x00, 0x00, 0x00, 0x00, 0x55, 0x55, 0x55, 
    0x55, 0x55, 0x55, 0x5f, 0x81, 0x0f, 0xf5, 0xe4, 0x00, 0x00, 0x01, 0x05, 0x41, 0x55, 0x1f, 0xff, 
    0xef, 0xff, 0xfb, 0xee, 0xea, 0xa5, 0xa9, 0xbe, 0xa4, 0x0b, 0xe0, 0xaa, 0x9a, 0xa4, 0xaa, 0x00, 
    0x50, 0x65, 0x6a, 0x80, 0x04, 0x41, 0x41, 0x81, 0x64, 0x55, 0x55, 0x55, 0x55, 0x55, 0x50, 0x01, 
    0x83, 0xf8, 0xbf, 0xff, 0xff, 0xff, 0xff, 0xff, 0xff, 0xff, 0xff, 0xff, 0xff, 0xef, 0xff, 0xf0, 
    0x00, 0x0b, 0xff, 0xff, 0xff, 0xff, 0x47, 0xff, 0xff, 0xff, 0xff, 0xff, 0xff, 0xff, 0xff, 0xff, 
    0xfd, 0x00, 0x00, 0x01, 0xff, 0xff, 0xfe, 0xf5, 0xf4, 0x7f, 0xff, 0xff, 0xff, 0xff, 0xf8, 0x05, 
    0x55, 0x55, 0x54, 0x05, 0x55, 0x55, 0x45, 0x50, 0x01, 0x01, 0x05, 0x00, 0x55, 0x55, 0x5f, 0x00, 
    0x00, 0x00, 0x00, 0x00, 0x00, 0x00, 0x05, 0x05, 0x00, 0x6a, 0x96, 0xaa, 0x80, 0x00, 0x0f, 0x00, 
    0x00, 0x03, 0xc5, 0x45, 0x9a, 0xa4, 0x06, 0x00, 0x50, 0x00, 0x00, 0x00, 0x40, 0x00, 0x14, 0x50, 
    0x00, 0x50, 0x00, 0x00, 0x00, 0x26, 0x40, 0x00, 0x01, 0x55, 0x55, 0x41, 0x40, 0x00, 0x00, 0x00, 
    0x00, 0x00, 0x00, 0x05, 0x50, 0x40, 0x00, 0x00, 0x00, 0x1f, 0xf5, 0xff, 0x00, 0x40, 0x20, 0x00, 
    0x00, 0x00, 0x00, 0x00, 0x04, 0x05, 0x00, 0x00, 0x00, 0x55, 0x57, 0x80, 0x00, 0x00, 0x00, 0x00, 
    0x00, 0x00, 0x00, 0x00, 0x01, 0x55, 0x55, 0x55, 0x55, 0x55, 0x55, 0x42, 0xe1, 0x85, 0xbc, 0x7d, 
    0x00, 0x00, 0x00, 0x41, 0x51, 0x50, 0xbf, 0xff, 0xef, 0xff, 0xff, 0xfe, 0xea, 0xa1, 0xaa, 0x9a, 
    0xa4, 0x0f, 0xe5, 0xea, 0x9a, 0xa4, 0xa9, 0x05, 0x00, 0x69, 0xaa, 0x90, 0x04, 0x05, 0x42, 0x80, 
    0xa8, 0x15, 0x55, 0x55, 0x55, 0x55, 0x40, 0x05, 0xf4, 0xbf, 0x5f, 0xff, 0xff, 0xff, 0xff, 0xff, 
    0xff, 0xff, 0xff, 0xff, 0xff, 0xfe, 0xff, 0xf8, 0x00, 0x07, 0xff, 0xff, 0xff, 0xff, 0x82, 0xff, 
    0xff, 0xff, 0xff, 0xff, 0xff, 0xff, 0xff, 0xff, 0xff, 0x00, 0x00, 0x00, 0xff, 0xff, 0xff, 0xff, 
    0xfe, 0x7f, 0xff, 0xaf, 0xff, 0xff, 0xfd, 0x05, 0x55, 0x55, 0x40, 0x45, 0x55, 0x55, 0x55, 0x54, 
    0x00, 0x44, 0x05, 0x15, 0x55, 0x55, 0x43, 0x40, 0x00, 0x00, 0x00, 0x00, 0x00, 0x00, 0x10, 0x69, 
    0x01, 0x69, 0x59, 0x6a, 0x00, 0x00, 0x0b, 0x80, 0x00, 0x02, 0xd5, 0x96, 0x55, 0x55, 0x48, 0x00, 
    0x80, 0x10, 0x00, 0x01, 0x40, 0x05, 0x55, 0x50, 0x02, 0x00, 0x00, 0x00, 0x00, 0x84, 0x00, 0x00, 
    0x00, 0x55, 0x55, 0x01, 0x00, 0x00, 0x00, 0x00, 0x00, 0x00, 0x00, 0x55, 0x40, 0x10, 0x00, 0x00, 
    0x00, 0x01, 0x80, 0x24, 0x01, 0x10, 0x80, 0x00, 0x00, 0x00, 0x00, 0x00, 0x00, 0x15, 0x00, 0x00, 
    0x15, 0x55, 0x58, 0x00, 0x00, 0x00, 0x00, 0x00, 0x00, 0x00, 0x00, 0x00, 0x01, 0x65, 0x55, 0x55, 
    0x55, 0x55, 0x55, 0x40, 0xb4, 0x27, 0x44, 0x7f, 0x40, 0x00, 0x00, 0x10, 0x51, 0x07, 0xff, 0xff, 
    0xfa, 0xff, 0xff, 0xfe, 0xfa, 0xa2, 0xaa, 0xba, 0xa6, 0x5e, 0xe6, 0xea, 0xab, 0xa8, 0xa8, 0x00, 
    0x11, 0xaa, 0xaa, 0x90, 0x01, 0x15, 0x06, 0x50, 0x54, 0x1a, 0x65, 0x59, 0x55, 0x55, 0x00, 0x14, 
    0xff, 0x0b, 0xe7, 0xff, 0xff, 0xff, 0xff, 0xff, 0xff, 0xff, 0xff, 0xff, 0xff, 0xff, 0xbf, 0xfc, 
    0x00, 0x03, 0xff, 0xff, 0xff, 0xff, 0xd0, 0xff, 0xff, 0xff, 0xff, 0xff, 0xff, 0xff, 0xff, 0xff, 
    0xff, 0x80, 0x00, 0x00, 0xbf, 0xff, 0xff, 0xff, 0xff, 0xe6, 0xff, 0xff, 0xff, 0x9f, 0xff, 0x45, 
    0x55, 0x55, 0x40, 0x55, 0x55, 0x55, 0x55, 0x55, 0x00, 0x41, 0x05, 0x40, 0x15, 0x55, 0x51, 0xc0, 
    0x00, 0x00, 0x00, 0x00, 0x40, 0x09, 0x46, 0xa9, 0x1a, 0x14, 0x14, 0x58, 0x00, 0x00, 0x07, 0xc0, 
    0x00, 0x01, 0xc1, 0x59, 0x55, 0x55, 0x64, 0x01, 0x40, 0x00, 0x00, 0x00, 0x00, 0x11, 0x51, 0x54, 
    0x18, 0x00, 0x00, 0x00, 0x01, 0x20, 0x00, 0x00, 0x00, 0x55, 0x55, 0x50, 0x00, 0x00, 0x00, 0x00, 
    0x00, 0x01, 0x01, 0x50, 0x00, 0x00, 0x00, 0x00, 0x00, 0x55, 0x50, 0x00, 0x01, 0x11, 0x40, 0x00, 
    0x00, 0x00, 0x00, 0x00, 0x00, 0x55, 0x40, 0x01, 0x15, 0x55, 0x50, 0x00, 0x00, 0x00, 0x00, 0x00, 
    0x00, 0x00, 0x00, 0x00, 0x15, 0x55, 0x55, 0x55, 0x55, 0x55, 0x55, 0x00, 0x0d, 0x00, 0x55, 0xff, 
    0xe0, 0x00, 0x00, 0x00, 0x00, 0x2f, 0xff, 0xff, 0xfa, 0xff, 0xfa, 0xfe, 0xfa, 0x72, 0xaa, 0xba, 
    0xa5, 0x1f, 0xd7, 0xe5, 0xab, 0xa8, 0x14, 0x15, 0x51, 0xaa, 0xaa, 0x90, 0x00, 0x51, 0x15, 0x50, 
    0xa8, 0x15, 0x55, 0x55, 0x55, 0x54, 0x00, 0x50, 0xff, 0xd1, 0xfc, 0x7f, 0xff, 0xff, 0xff, 0xff, 
    0xff, 0xff, 0xff, 0xff, 0xff, 0xff, 0xff, 0xfd, 0x00, 0x03, 0xff, 0xff, 0xff, 0xff, 0xf0, 0x7f, 
    0xff, 0xff, 0xff, 0xff, 0xff, 0xff, 0xff, 0xff, 0xff, 0xd0, 0x00, 0x00, 0x7f, 0xff, 0xff, 0xff, 
    0xff, 0xd1, 0xbf, 0xff, 0xff, 0xd7, 0xff, 0x01, 0x55, 0x55, 0x55, 0x15, 0x55, 0x55, 0x55, 0x55, 
    0x41, 0x51, 0x41, 0x40, 0x55, 0x55, 0x50, 0x70, 0x00, 0x00, 0x00, 0x00, 0x00, 0x0a, 0x2a, 0xa9, 
    0xaa, 0x40, 0x15, 0x68, 0x00, 0x00, 0x03, 0xd0, 0x00, 0x00, 0x45, 0x69, 0x55, 0x51, 0x60, 0x02, 
    0x40, 0x00, 0x00, 0x04, 0x00, 0x05, 0x51, 0x54, 0x50, 0x00, 0x00, 0x00, 0x04, 0x40, 0x00, 0x00, 
    0x00, 0x14, 0x59, 0x50, 0x00, 0x00, 0x00, 0x00, 0x00, 0x01, 0x41, 0x40, 0x00, 0x00, 0x00, 0x00, 
    0x00, 0x55, 0x50, 0x50, 0x01, 0x07, 0x00, 0x00, 0x00, 0x00, 0x00, 0x00, 0x00, 0x55, 0x00, 0x05, 
    0x55, 0x55, 0x40, 0x00, 0x00, 0x00, 0x00, 0x00, 0x00, 0x00, 0x00, 0x00, 0x55, 0x55, 0x55, 0x55, 
    0x55, 0x55, 0x54, 0x00, 0x02, 0x40, 0x06, 0xbf, 0xfc, 0x00, 0x00, 0x00, 0x41, 0xff, 0xff, 0xfe, 
    0xfa, 0xff, 0xf6, 0xfe, 0xf9, 0xb6, 0xa9, 0xea, 0xa5, 0x6f, 0xd7, 0xe6, 0x9b, 0xa8, 0x10, 0x00, 
    0x46, 0xaa, 0xaa, 0x90, 0x01, 0x44, 0x55, 0x50, 0x54, 0x15, 0x55, 0x55, 0x55, 0x50, 0x01, 0x40, 
    0xff, 0xf8, 0x2f, 0x5f, 0xff, 0xff, 0xff, 0xff, 0xff, 0xff, 0xff, 0xff, 0xff, 0xff, 0xff, 0xff, 
    0x00, 0x01, 0xff, 0xff, 0xff, 0xff, 0xf4, 0x1f, 0xff, 0xff, 0xff, 0xff, 0xff, 0xff, 0xff, 0xff, 
    0xff, 0xf0, 0x00, 0x00, 0x3f, 0xff, 0xff, 0xff, 0xff, 0xd7, 0xfe, 0x6f, 0xff, 0xf3, 0xf8, 0x01, 
    0x55, 0x55, 0x55, 0x55, 0x15, 0x55, 0x55, 0x55, 0x51, 0x51, 0x11, 0x44, 0x55, 0x51, 0x50, 0x10, 
    0x00, 0x00, 0x00, 0x00, 0x20, 0x59, 0x6a, 0xa4, 0x6a, 0x80, 0x04, 0x24, 0x00, 0x00, 0x03, 0xf0, 
    0x00, 0x00, 0x0d, 0x5a, 0x19, 0x50, 0x50, 0x02, 0x40, 0x00, 0x00, 0x10, 0x00, 0x05, 0x40, 0x55, 
    0x40, 0xa4, 0x00, 0x00, 0x11, 0x00, 0x00, 0x00, 0x00, 0x14, 0x11, 0x40, 0x00, 0x00, 0x00, 0x00, 
    0x00, 0x01, 0x50, 0x00, 0x00, 0x00, 0x00, 0x00, 0x01, 0x50, 0x50, 0x50, 0x00, 0x0d, 0x00, 0x00, 
    0x00, 0x40, 0x00, 0x00, 0x00, 0x50, 0x00, 0x11, 0x55, 0x55, 0x00, 0x00, 0x00, 0x00, 0x00, 0x00, 
    0x00, 0x00, 0x00, 0x05, 0x55, 0x55, 0x55, 0x55, 0x41, 0x55, 0x50, 0x00, 0x00, 0x90, 0x01, 0x7f, 
    0xff, 0x50, 0x00, 0x00, 0x12, 0xff, 0xff, 0xfd, 0xbd, 0xfb, 0xf9, 0xfe, 0xf4, 0x62, 0xa9, 0xda, 
    0x9f, 0xaf, 0xdb, 0xea, 0x5f, 0xa4, 0x00, 0x14, 0x06, 0xaa, 0xaa, 0x90, 0x00, 0x51, 0xaa, 0xa4, 
    0x54, 0x15, 0x55, 0x55, 0x55, 0x50, 0x05, 0x00, 0xff, 0xff, 0x07, 0xe2, 0xff, 0xff, 0xff, 0xff, 
    0xff, 0xff, 0xff, 0xff, 0xff, 0xff, 0xff, 0xff, 0x40, 0x00, 0x7f, 0xff, 0xff, 0xff, 0xfc, 0x07, 
    0xff, 0xff, 0xff, 0xff, 0xff, 0xff, 0xff, 0xff, 0xff, 0xf8, 0x00, 0x00, 0x1f, 0xff, 0xff, 0xff, 
    0xff, 0xf7, 0xfe, 0x07, 0xff, 0xf4, 0x90, 0x01, 0x45, 0x55, 0x55, 0x55, 0x65, 0x55, 0x55, 0x94, 
    0x51, 0x54, 0x04, 0x45, 0x55, 0x55, 0x50, 0x01, 0x00, 0x00, 0x00, 0x01, 0xb9, 0x21, 0xa9, 0x68, 
    0x2a, 0x40, 0x14, 0x60, 0x00, 0x00, 0x01, 0xf0, 0x00, 0x00, 0x0d, 0x6a, 0x56, 0x50, 0x80, 0x02, 
    0x00, 0x10, 0x00, 0x00, 0x00, 0x15, 0x45, 0x98, 0x07, 0xfe, 0x00, 0x00, 0x40, 0x00, 0x00, 0x00, 
    0x00, 0x04, 0x15, 0x00, 0x00, 0x00, 0x00, 0x00, 0x00, 0x01, 0x50, 0x00, 0x00, 0x00, 0x00, 0x00, 
    0x00, 0x00, 0x00, 0x40, 0x00, 0x28, 0x00, 0x00, 0x15, 0x50, 0x00, 0x00, 0x01, 0x50, 0x01, 0x51, 
    0x55, 0x50, 0x00, 0x00, 0x00, 0x00, 0x00, 0x00, 0x00, 0x00, 0x00, 0x15, 0x55, 0x55, 0xb5, 0x55, 
    0x05, 0x54, 0x40, 0x00, 0x55, 0x1a, 0x1f, 0x5b, 0xff, 0xd4, 0x00, 0x00, 0x04, 0x7f, 0xff, 0xff, 
    0xf8, 0x7b, 0xe9, 0x28, 0xba, 0x02, 0xab, 0xaa, 0x9b, 0xaf, 0xeb, 0xea, 0xaf, 0xa5, 0x41, 0x50, 
    0x2a, 0xaa, 0xaa, 0x94, 0x00, 0x86, 0xaa, 0xa5, 0x54, 0x15, 0x55, 0x55, 0x55, 0x40, 0x14, 0x00, 
    0xff, 0xff, 0xd0, 0xfd, 0x7f, 0xff, 0xff, 0xff, 0xff, 0xff, 0xff, 0xff, 0xff, 0xff, 0xff, 0xff, 
    0x80, 0x00, 0xef, 0xff, 0xff, 0xff, 0xfe, 0x01, 0xff, 0xff, 0xff, 0xff, 0x6f, 0xff, 0xff, 0xff, 
    0xff, 0xfc, 0x00, 0x00, 0x0f, 0xff, 0xff, 0xff, 0xff, 0xff, 0xff, 0x00, 0x6f, 0x40, 0x00, 0x00, 
    0x01, 0x55, 0x55, 0x55, 0x6d, 0x15, 0x55, 0x54, 0x15, 0x55, 0x40, 0x01, 0x15, 0x55, 0x50, 0x01, 
    0x00, 0x00, 0x00, 0x0a, 0x48, 0x06, 0xaa, 0xa9, 0x01, 0x40, 0x00, 0x50, 0x00, 0x00, 0x00, 0xf8, 
    0x00, 0x00, 0x0f, 0xaa, 0xa9, 0x41, 0x40, 0x01, 0x00, 0x00, 0x04, 0x40, 0x00, 0x15, 0x15, 0x50, 
    0x07, 0x90, 0x00, 0x02, 0x00, 0x00, 0x00, 0x00, 0x00, 0x10, 0x14, 0x00, 0x00, 0x00, 0x00, 0x00, 
    0x00, 0x05, 0x55, 0x00, 0x00, 0x00, 0x00, 0x00, 0x00, 0x00, 0x00, 0x00, 0x00, 0x70, 0x00, 0x00, 
    0x00, 0x00, 0x00, 0x00, 0x00, 0x00, 0x00, 0x45, 0x55, 0x40, 0x00, 0x00, 0x00, 0x00, 0x00, 0x00, 
    0x00, 0x00, 0x00, 0x55, 0x55, 0x55, 0x59, 0x55, 0x55, 0x51, 0x40, 0x01, 0x55, 0x47, 0xaf, 0xfa, 
    0xff, 0xf9, 0x40, 0x00, 0x01, 0x4f, 0xff, 0xff, 0xfc, 0x6f, 0xeb, 0xf4, 0x14, 0x12, 0xa9, 0xaa, 
    0x07, 0xaf, 0xdb, 0xea, 0xaf, 0xa4, 0x00, 0x00, 0x6a, 0xaa, 0xaa, 0x90, 0x00, 0x1a, 0xaa, 0xa1, 
    0x54, 0x15, 0x55, 0x55, 0x55, 0x00, 0x50, 0x01, 0xff, 0xff, 0xfc, 0x2f, 0x8b, 0xff, 0xff, 0xff, 
    0xff, 0xff, 0xff, 0xff, 0xff, 0xff, 0xff, 0xff, 0x80, 0x00, 0xfb, 0xff, 0xff, 0xff, 0xff, 0x00, 
    0x7f, 0xff, 0xff, 0xff, 0xe1, 0xbf, 0xff, 0xff, 0xff, 0xfd, 0x00, 0x00, 0x07, 0xff, 0xff, 0xff, 
    0xff, 0xff, 0xff, 0xd0, 0x0a, 0x00, 0x00, 0x00, 0x00, 0x15, 0x54, 0x55, 0x56, 0x45, 0x55, 0x55, 
    0x55, 0x55, 0x10, 0x01, 0x55, 0x55, 0x50, 0x00, 0x00, 0x00, 0x00, 0x00, 0x08, 0x1f, 0xea, 0xaa, 
    0x00, 0x01, 0x00, 0x90, 0x00, 0x00, 0x00, 0xfc, 0x00, 0x00, 0x0f, 0xaa, 0xaa, 0x5a, 0x00, 0x00, 
    0x00, 0x00, 0x11, 0x40, 0x00, 0x55, 0x51, 0x40, 0x00, 0x00, 0x00, 0x08, 0x00, 0x00, 0x00, 0x00, 
    0x00, 0x00, 0x50, 0x00, 0x00, 0x00, 0x00, 0x00, 0x00, 0x55, 0x14, 0x00, 0x00, 0x00, 0x00, 0x00, 
    0x00, 0x00, 0x04, 0x10, 0x00, 0xd0, 0x00, 0x00, 0x00, 0x00, 0x00, 0x00, 0x05, 0x00, 0x01, 0x15, 
    0x55, 0x00, 0x00, 0x00, 0x00, 0x00, 0x00, 0x00, 0x00, 0x00, 0x05, 0x55, 0x55, 0x55, 0x55, 0x55, 
    0x55, 0x45, 0x40, 0x15, 0x55, 0x54, 0xff, 0xff, 0xff, 0xfe, 0x50, 0x00, 0x00, 0x12, 0xff, 0xff, 
    0xfe, 0xfb, 0xeb, 0xfc, 0x0e, 0x22, 0xaa, 0xa9, 0x14, 0x6f, 0x9f, 0xea, 0xbf, 0xa4, 0x00, 0x00, 
    0xab, 0xaa, 0xaa, 0x90, 0x00, 0x56, 0xaa, 0xa5, 0x94, 0x05, 0x55, 0x55, 0x54, 0x01, 0x40, 0x05, 
    0xff, 0xff, 0xff, 0x47, 0xf1, 0xff, 0xff, 0xff, 0xff, 0xff, 0xff, 0xff, 0xff, 0xff, 0xff, 0xff, 
    0xd0, 0x00, 0x7f, 0xbf, 0xff, 0xff, 0xff, 0x80, 0x1f, 0xff, 0xff, 0xff, 0xf8, 0x1f, 0xff, 0xff, 
    0xff, 0xfe, 0x00, 0x00, 0x01, 0xff, 0xff, 0xff, 0xff, 0xf8, 0xff, 0xf4, 0x00, 0x00, 0x00, 0x00, 
    0x00, 0x14, 0x55, 0x55, 0x55, 0x51, 0x55, 0x55, 0x55, 0x55, 0x50, 0x00, 0x55, 0x54, 0x14, 0x00, 
    0x00, 0x00, 0x00, 0x00, 0x01, 0x3f, 0xea, 0x6a, 0x6a, 0x55, 0x41, 0xab, 0x80, 0x00, 0x00, 0xbd, 
    0x00, 0x00, 0x05, 0xea, 0xaa, 0x6a, 0x00, 0x00, 0x10, 0x10, 0x15, 0x00, 0x01, 0x54, 0x56, 0x40, 
    0x00, 0x00, 0x00, 0x20, 0x00, 0x00, 0x00, 0x00, 0x00, 0x01, 0x40, 0x00, 0x00, 0x00, 0x00, 0x00, 
    0x00, 0x50, 0x00, 0x00, 0x00, 0x00, 0x00, 0x00, 0x40, 0x15, 0x00, 0x00, 0x02, 0x80, 0x00, 0x00, 
    0x00, 0x00, 0x00, 0x00, 0x04, 0x04, 0x40, 0x55, 0x54, 0x00, 0x00, 0x00, 0x00, 0x00, 0x00, 0x00, 
    0x00, 0x00, 0x15, 0x55, 0x55, 0x55, 0x55, 0x55, 0x55, 0x15, 0x00, 0x55, 0x55, 0x55, 0x2e, 0xff, 
    0xff, 0xff, 0xc0, 0x00, 0x00, 0x04, 0x7f, 0xff, 0xfe, 0xf9, 0xfb, 0xfe, 0xbe, 0x7f, 0xaa, 0xa8, 
    0x40, 0x2f, 0x5f, 0xf6, 0xbf, 0xa4, 0x00, 0x01, 0xaa, 0xaa, 0xaa, 0x95, 0x00, 0x66, 0xaa, 0xaa, 
    0xa4, 0x09, 0x65, 0x55, 0x50, 0x05, 0x00, 0x15, 0xff, 0xff, 0xff, 0xe0, 0xbd, 0x3f, 0xff, 0xff, 
    0xff, 0xff, 0xff, 0xff, 0xff, 0xff, 0xff, 0xff, 0xe0, 0x00, 0x3f, 0xff, 0xff, 0xff, 0xff, 0x40, 
    0x03, 0xff, 0xff, 0xff, 0xf8, 0x02, 0xff, 0xff, 0xff, 0xff, 0x00, 0x00, 0x00, 0xbf, 0xff, 0xff, 
    0xff, 0xfc, 0x3f, 0xfe, 0x00, 0x00, 0x00, 0x00, 0x10, 0x14, 0x45, 0x55, 0x50, 0x54, 0x55, 0x95, 
    0x40, 0x55, 0x40, 0x00, 0x55, 0x54, 0x14, 0x00, 0x00, 0x00, 0x00, 0x00, 0x01, 0x3f, 0xe6, 0x6a, 
    0xaa, 0x59, 0x41, 0x00, 0x00, 0x00, 0x00, 0x3e, 0x00, 0x00, 0x05, 0xe6, 0xa9, 0x29, 0x00, 0x00, 
    0x50, 0x41, 0x55, 0x00, 0x05, 0x55, 0x79, 0x40, 0x00, 0x00, 0x00, 0x80, 0x00, 0x00, 0x00, 0x00, 
    0x00, 0x04, 0x00, 0x00, 0x00, 0x00, 0x00, 0x00, 0x10, 0x40, 0x00, 0x00, 0x00, 0x00, 0x00, 0x00, 
    0x01, 0x05, 0x40, 0x40, 0x0a, 0x00, 0x01, 0x10, 0x00, 0x00, 0x00, 0x00, 0x15, 0x00, 0x00, 0x55, 
    0x10, 0x00, 0x00, 0x00, 0x00, 0x00, 0x00, 0x00, 0x00, 0x00, 0x51, 0x55, 0x55, 0x55, 0x55, 0x55, 
    0x55, 0x54, 0x05, 0x55, 0x55, 0x55, 0x47, 0xff, 0xff, 0xff, 0xf0, 0x00, 0x00, 0x01, 0x1f, 0xff, 
    0xfe, 0xfd, 0x65, 0xfe, 0xfd, 0xb9, 0xaa, 0xa1, 0x00, 0x2e, 0x6f, 0xea, 0xbf, 0xa1, 0x50, 0x06, 
    0xaa, 0xaa, 0xaa, 0x49, 0x01, 0x65, 0x6a, 0xaa, 0xa4, 0x05, 0x55, 0x55, 0x40, 0x05, 0x00, 0x55, 
    0xff, 0xff, 0xff, 0xfd, 0x1f, 0x8b, 0xff, 0xff, 0xff, 0xff, 0xff, 0xff, 0xff, 0xff, 0xff, 0xff, 
    0xf0, 0x00, 0x2f, 0xff, 0xff, 0xff, 0xff, 0xf0, 0x00, 0xbf, 0xff, 0xff, 0xfd, 0x00, 0xbf, 0xff, 
    0xff, 0xff, 0x40, 0x00, 0x00, 0x2f, 0xff, 0xff, 0xff, 0xfc, 0x2f, 0xff, 0xe0, 0x00, 0x00, 0x00, 
    0x00, 0x15, 0x55, 0x55, 0x50, 0x15, 0x15, 0x95, 0x50, 0x55, 0x50, 0x00, 0x55, 0x05, 0x54, 0x00, 
    0x00, 0x00, 0x00, 0x00, 0x00, 0x7f, 0xfe, 0x6a, 0x55, 0x54, 0x28, 0x00, 0x00, 0x00, 0x00, 0x3f, 
    0x00, 0x00, 0x05, 0xb8, 0x58, 0x68, 0x00, 0x01, 0x10, 0x05, 0x55, 0x00, 0x05, 0x55, 0xa5, 0x00, 
    0x00, 0x00, 0x02, 0x40, 0x00, 0x00, 0x00, 0x00, 0x00, 0x10, 0x00, 0x00, 0x00, 0x00, 0x00, 0x00, 
    0x10, 0x00, 0x00, 0x00, 0x00, 0x00, 0x00, 0x00, 0x00, 0x00, 0x00, 0x00, 0x1c, 0x00, 0x01, 0x00, 
    0x00, 0x00, 0x00, 0x00, 0x15, 0x00, 0x40, 0x15, 0x40, 0x00, 0x00, 0x00, 0x00, 0x00, 0x00, 0x00, 
    0x00, 0x01, 0x01, 0x55, 0x55, 0x54, 0x55, 0x55, 0x55, 0x41, 0x55, 0x55, 0x55, 0x55, 0x50, 0xff, 
    0x6f, 0xff, 0xfd, 0x00, 0x00, 0x00, 0x53, 0xff, 0xff, 0xff, 0xd1, 0xfe, 0xfd, 0xf9, 0xaa, 0x99, 
    0x40, 0x3e, 0xbf, 0xfa, 0xbf, 0x81, 0x50, 0x06, 0xaa, 0xaa, 0xaa, 0x10, 0x05, 0x65, 0x6a, 0xaa, 
    0xa0, 0x06, 0x55, 0x55, 0x00, 0x10, 0x01, 0x55, 0xff, 0xff, 0xff, 0xff, 0x83, 0xf5, 0xff, 0xff, 
    0xff, 0xff, 0xff, 0xff, 0xff, 0xff, 0xff, 0xff, 0xf4, 0x00, 0x5f, 0xff, 0xff, 0xff, 0xff, 0xf8, 
    0x00, 0x1f, 0xff, 0xff, 0xff, 0x80, 0xbf, 0xff, 0xff, 0xff, 0x80, 0x00, 0x00, 0x0b, 0xff, 0xff, 
    0xff, 0xfc, 0x06, 0xff, 0xfd, 0x00, 0x00, 0x00, 0x04, 0x05, 0x55, 0x45, 0x55, 0x55, 0x85, 0x55, 
    0x54, 0x55, 0x50, 0x00, 0x55, 0x01, 0x44, 0x00, 0x00, 0x00, 0x00, 0x00, 0x00, 0xba, 0xef, 0x9a, 
    0x90, 0x16, 0x24, 0x00, 0x00, 0x00, 0x00, 0x2f, 0x40, 0x00, 0x04, 0x62, 0xa4, 0xa8, 0x00, 0x01, 
    0x10, 0x55, 0x55, 0x40, 0x15, 0x16, 0x94, 0x00, 0x00, 0x00, 0x09, 0x00, 0x00, 0x00, 0x00, 0x00, 
    0x10, 0x40, 0x00, 0x00, 0x00, 0x00, 0x00, 0x00, 0x10, 0x00, 0x00, 0x00, 0x00, 0x00, 0x00, 0x00, 
    0x00, 0x00, 0x00, 0x00, 0xb4, 0x00, 0x00, 0x00, 0x00, 0x00, 0x00, 0x00, 0x54, 0x00, 0x00, 0x15, 
    0x00, 0x00, 0x00, 0x00, 0x00, 0x00, 0x00, 0x00, 0x00, 0x15, 0x01, 0x55, 0x55, 0x54, 0x55, 0x55, 
    0x54, 0x15, 0x55, 0x55, 0x55, 0x55, 0x54, 0x2f, 0x07, 0xfb, 0xff, 0x80, 0x00, 0x00, 0x14, 0xbf, 
    0xff, 0xff, 0xdb, 0xfe, 0xfd, 0xc1, 0x6a, 0x59, 0x90, 0x3e, 0xbf, 0xf9, 0xbf, 0x45, 0x00, 0x15, 
    0xaa, 0xab, 0xa9, 0x50, 0x06, 0x65, 0x6a, 0xaa, 0x90, 0x05, 0x95, 0x54, 0x00, 0x50, 0x09, 0x55, 
    0x7f, 0xff, 0xff, 0xff, 0xf4, 0xbe, 0x2f, 0xff, 0xff, 0xff, 0xff, 0xff, 0xff, 0xff, 0xff, 0xff, 
    0xf8, 0x00, 0x4f, 0xff, 0xff, 0xff, 0xff, 0xfe, 0x00, 0x03, 0xff, 0xff, 0xff, 0xfb, 0xff, 0xff, 
    0xff, 0xff, 0x80, 0x00, 0x00, 0x01, 0xff, 0xff, 0xff, 0xfd, 0x00, 0xff, 0xff, 0x40, 0x00, 0x00, 
    0x05, 0x00, 0x55, 0x55, 0x55, 0x55, 0x71, 0x55, 0x55, 0x55, 0x54, 0x00, 0x15, 0x54, 0x04, 0x00, 
    0x00, 0x00, 0x00, 0x00, 0x01, 0x70, 0x7f, 0xda, 0xa9, 0x00, 0x20, 0x00, 0x00, 0x00, 0x00, 0x1f, 
    0xc0, 0x00, 0x04, 0x40, 0x65, 0xb4, 0x00, 0x00, 0x45, 0x45, 0x55, 0x00, 0x10, 0x0a, 0x50, 0x00, 
    0x00, 0x00, 0x18, 0x00, 0x00, 0x00, 0x00, 0x00, 0x41, 0x00, 0x00, 0x00, 0x00, 0x00, 0x00, 0x00, 
    0x50, 0x00, 0x00, 0x00, 0x00, 0x00, 0x00, 0x00, 0x00, 0x00, 0x00, 0x00, 0xa0, 0x00, 0x00, 0x00, 
    0x00, 0x00, 0x00, 0x00, 0x10, 0x00, 0x01, 0x54, 0x00, 0x00, 0x00, 0x00, 0x00, 0x00, 0x00, 0x00, 
    0x00, 0x55, 0x55, 0x55, 0x55, 0x55, 0x55, 0x55, 0x51, 0x55, 0x55, 0x55, 0x55, 0x55, 0x55, 0x47, 
    0x80, 0xbe, 0xbf, 0xe0, 0x00, 0x00, 0x01, 0x2f, 0xff, 0xfe, 0xa7, 0xfe, 0xfd, 0xa4, 0x10, 0x24, 
    0x05, 0x3f, 0xff, 0xfe, 0xbe, 0x55, 0x40, 0x55, 0x9a, 0xaa, 0xa6, 0x40, 0x16, 0xa5, 0x9a, 0xa9, 
    0x40, 0x05, 0x95, 0x50, 0x01, 0x40, 0x25, 0x95, 0x8b, 0xff, 0xff, 0xff, 0xfe, 0x1f, 0xd7, 0xff, 
    0xff, 0xff, 0xff, 0xff, 0xff, 0xff, 0xff, 0xff, 0xfc, 0x00, 0x07, 0xff, 0xff, 0xff, 0xff, 0xff, 
    0x40, 0x00, 0xbf, 0xff, 0xff, 0xff, 0xff, 0xff, 0xff, 0xff, 0xc0, 0x00, 0x00, 0x00, 0x2f, 0xfb, 
    0xff, 0xfe, 0x00, 0xff, 0xff, 0x00, 0x00, 0x00, 0x01, 0x00, 0x15, 0x55, 0x55, 0x55, 0x59, 0x55, 
    0x55, 0x55, 0x55, 0x00, 0x15, 0x56, 0x08, 0x00, 0x00, 0x00, 0x00, 0x00, 0x00, 0x60, 0x3f, 0xda, 
    0xa9, 0x50, 0x50, 0x00, 0x00, 0x00, 0x00, 0x0f, 0xc0, 0x00, 0x04, 0x52, 0xd5, 0xb0, 0x00, 0x00, 
    0x6a, 0x5a, 0x56, 0x40, 0x01, 0x2a, 0x90, 0x00, 0x00, 0x00, 0x00, 0x00, 0x00, 0x00, 0x00, 0x02, 
    0xe5, 0x00, 0x04, 0x00, 0x00, 0x00, 0x00, 0x01, 0x00, 0x00, 0x00, 0x00, 0x40, 0x00, 0x00, 0x00, 
    0x00, 0x00, 0x00, 0x0a, 0x80, 0x00, 0x00, 0x00, 0x00, 0x00, 0x00, 0x01, 0x54, 0x00, 0x05, 0x50, 
    0x00, 0x00, 0x00, 0x00, 0x00, 0x00, 0x00, 0x00, 0x01, 0x55, 0x55, 0x55, 0x55, 0x55, 0x55, 0x55, 
    0x05, 0x55, 0x55, 0x55, 0x55, 0x55, 0x55, 0x01, 0xf0, 0x6f, 0xdf, 0xfd, 0x00, 0x00, 0x00, 0x47, 
    0xff, 0xff, 0xfa, 0xfe, 0xf9, 0xbd, 0x0a, 0x24, 0x00, 0x3f, 0xff, 0xfe, 0xea, 0x15, 0x40, 0x5a, 
    0xaa, 0xaa, 0x96, 0x14, 0x1a, 0xaa, 0xaa, 0xa9, 0x40, 0x05, 0x65, 0x40, 0x05, 0x00, 0x55, 0x5a, 
    0xf2, 0xff, 0xff, 0xff, 0xff, 0xd3, 0xf8, 0xbf, 0xff, 0xff, 0xff, 0xff, 0xff, 0xff, 0xff, 0xff, 
    0xfe, 0x00, 0x53, 0xff, 0xff, 0xff, 0xff, 0xff, 0xc0, 0x00, 0x1f, 0xff, 0xff, 0xff, 0xff, 0xff, 
    0xff, 0x85, 0x80, 0x00, 0x00, 0x00, 0x02, 0xf5, 0xff, 0xff, 0x01, 0xff, 0xff, 0x00, 0x00, 0x00, 
    0x01, 0x40, 0x05, 0x55, 0x55, 0x5a, 0x56, 0x55, 0x55, 0x55, 0x55, 0x40, 0x19, 0x55, 0x48, 0x00, 
    0x00, 0x00, 0x00, 0x00, 0x05, 0x40, 0x1b, 0xea, 0xa9, 0x90, 0x80, 0x00, 0x00, 0x00, 0x00, 0x0f, 
    0xd0, 0x00, 0x04, 0x1b, 0xe6, 0xf0, 0x00, 0x00, 0x6a, 0x6a, 0x6a, 0x50, 0x45, 0xa9, 0x40, 0x00, 
    0x00, 0x00, 0x90, 0x00, 0x00, 0x00, 0x00, 0x07, 0xa4, 0x00, 0x00, 0x00, 0x00, 0x00, 0x00, 0x00, 
    0x00, 0x00, 0x00, 0x00, 0x00, 0x00, 0x00, 0x00, 0x00, 0x00, 0x00, 0x2e, 0x40, 0x00, 0x00, 0x00, 
    0x00, 0x00, 0x00, 0x00, 0x50, 0x00, 0x55, 0x40, 0x00, 0x00, 0x00, 0x00, 0x00, 0x00, 0x00, 0x00, 
    0x05, 0x55, 0x55, 0x55, 0x55, 0x55, 0x55, 0x50, 0x14, 0x55, 0x55, 0x55, 0x55, 0x55, 0x54, 0x14, 
    0x3d, 0x7f, 0xf6, 0xff, 0x40, 0x00, 0x00, 0x14, 0xff, 0xfe, 0xf9, 0xfe, 0xf1, 0xff, 0x01, 0xa0, 
    0x00, 0x3f, 0xff, 0xfe, 0xdd, 0x55, 0x41, 0x5a, 0xba, 0xaa, 0x59, 0x69, 0x26, 0xa9, 0xaa, 0xaa, 
    0x40, 0x05, 0x95, 0x40, 0x14, 0x05, 0x55, 0x59, 0xfd, 0x7f, 0xff, 0xff, 0xff, 0xf8, 0xbf, 0x5f, 
    0xff, 0xff, 0xff, 0xff, 0xff, 0xff, 0xff, 0xff, 0xff, 0x10, 0x52, 0xff, 0xff, 0xff, 0xff, 0xff, 
    0xf0, 0x00, 0x01, 0xff, 0xff, 0xff, 0xff, 0xff, 0xff, 0xe0, 0x00, 0x00, 0x00, 0x00, 0x00, 0x10, 
    0x7f, 0xff, 0x03, 0xfe, 0xff, 0x00, 0x00, 0x00, 0x00, 0x54, 0x01, 0x55, 0x55, 0x55, 0x55, 0x85, 
    0x55, 0x55, 0x55, 0x40, 0x19, 0x46, 0x41, 0x00, 0x00, 0x00, 0x80, 0x00, 0x08, 0x00, 0x13, 0xfa, 
    0xaa, 0x9a, 0x40, 0x00, 0x00, 0x00, 0x00, 0x0b, 0xf0, 0x00, 0x04, 0x1f, 0xf7, 0xe0, 0x00, 0x01, 
    0x59, 0x55, 0x6a, 0x55, 0x42, 0xe6, 0x00, 0x00, 0x00, 0x00, 0x80, 0x00, 0x00, 0x00, 0x24, 0x01, 
    0x50, 0x00, 0x00, 0x00, 0x00, 0x00, 0x04, 0x00, 0x00, 0x00, 0x00, 0x00, 0x00, 0x00, 0x00, 0x00, 
    0x00, 0x00, 0x00, 0xb5, 0x00, 0x00, 0x00, 0x00, 0x00, 0x00, 0x00, 0x01, 0x50, 0x05, 0x55, 0x00, 
    0x00, 0x00, 0x00, 0x00, 0x00, 0x00, 0x00, 0x00, 0x55, 0x55, 0x55, 0x55, 0x55, 0x55, 0x55, 0x00, 
    0x50, 0x15, 0x55, 0x56, 0x54, 0x55, 0x51, 0x54, 0x0b, 0x9f, 0xbd, 0x6f, 0xe0, 0x00, 0x00, 0x01, 
    0x2f, 0xfe, 0xe2, 0xfe, 0xe2, 0xff, 0xcf, 0x90, 0x1a, 0x7f, 0xff, 0xff, 0xe9, 0xaa, 0x01, 0x56, 
    0xbe, 0xa9, 0xba, 0x98, 0x69, 0x6a, 0xaa, 0xaa, 0x94, 0x41, 0x55, 0x10, 0x50, 0x15, 0x55, 0xa5, 
    0xff, 0x8f, 0xff, 0xff, 0xff, 0xff, 0x1f, 0xe3, 0xff, 0xff, 0xff, 0xff, 0xff, 0xff, 0xff, 0xff, 
    0xff, 0x54, 0x54, 0xff, 0xff, 0xff, 0xff, 0xff, 0xfd, 0x00, 0x00, 0x1b, 0xff, 0xff, 0xff, 0xff, 
    0xff, 0xf4, 0x00, 0x00, 0x00, 0x00, 0x00, 0x00, 0x0f, 0xfe, 0x42, 0xfd, 0xff, 0x40, 0x00, 0x00, 
    0x00, 0x54, 0x01, 0x55, 0x55, 0x55, 0x56, 0x66, 0x55, 0x55, 0x54, 0x50, 0x15, 0x41, 0x81, 0x00, 
    0x00, 0x00, 0x00, 0x00, 0x04, 0x00, 0x05, 0xfa, 0xaa, 0x5a, 0x00, 0x00, 0x00, 0x00, 0x00, 0x03, 
    0xf4, 0x00, 0x04, 0x5b, 0xf7, 0xd0, 0x00, 0x15, 0x15, 0x55, 0x6a, 0x55, 0x0a, 0x58, 0x00, 0x00, 
    0x00, 0x02, 0x00, 0x00, 0x00, 0x00, 0x10, 0x00, 0x40, 0x00, 0x00, 0x00, 0x00, 0x00, 0x04, 0x00, 
    0x00, 0x00, 0x00, 0x04, 0x00, 0x00, 0x00, 0x00, 0x00, 0x00, 0x01, 0xd8, 0x00, 0x00, 0x00, 0x00, 
    0x00, 0x00, 0x00, 0x05, 0x40, 0x45, 0x54, 0x00, 0x00, 0x00, 0x00, 0x00, 0x00, 0x00, 0x00, 0x01, 
    0x55, 0x55, 0x55, 0x55, 0x55, 0x55, 0x50, 0x45, 0x50, 0x55, 0x55, 0x55, 0x50, 0x55, 0x45, 0x50, 
    0x25, 0xe7, 0xeb, 0x5b, 0xf8, 0x00, 0x10, 0x00, 0x47, 0xfe, 0xf2, 0xfe, 0xd2, 0xff, 0xe7, 0x74, 
    0x1a, 0x6f, 0xff, 0xff, 0xf6, 0x64, 0x01, 0x45, 0xbe, 0xa5, 0xfa, 0x54, 0x6a, 0xaa, 0xaa, 0xaa, 
    0x94, 0x51, 0x54, 0x56, 0x80, 0x45, 0x55, 0x56, 0xff, 0xf6, 0xff, 0xff, 0xff, 0xff, 0xd2, 0xfc, 
    0xbf, 0xff, 0xff, 0xff, 0xff, 0xff, 0xff, 0xff, 0xff, 0x84, 0x54, 0xbf, 0xff, 0xff, 0xff, 0xff, 
    0xff, 0x05, 0x01, 0x50, 0x6f, 0xe1, 0xff, 0xff, 0xff, 0xfd, 0x00, 0x00, 0x00, 0x00, 0x00, 0x00, 
    0x0b, 0xfd, 0x82, 0xfd, 0xff, 0x80, 0x00, 0x00, 0x00, 0x14, 0x00, 0x15, 0x55, 0x55, 0x56, 0xd9, 
    0x55, 0x5b, 0x55, 0x14, 0x05, 0x10, 0x54, 0x00, 0x00, 0x14, 0x00, 0x00, 0x00, 0x00, 0x06, 0xfe, 
    0xaa, 0x62, 0x00, 0x00, 0x01, 0x00, 0x00, 0x03, 0xf8, 0x00, 0x04, 0x57, 0xf7, 0xc0, 0x00, 0x64, 
    0x15, 0x55, 0x65, 0x54, 0x15, 0x54, 0x00, 0x00, 0x00, 0x05, 0x01, 0x00, 0x00, 0x00, 0x10, 0x01, 
    0x00, 0x00, 0x00, 0x00, 0x00, 0x00, 0x00, 0x00, 0x00, 0x00, 0x00, 0x00, 0x00, 0x00, 0x00, 0x00, 
    0x00, 0x00, 0x01, 0x24, 0x00, 0x01, 0x40, 0x00, 0x00, 0x00, 0x00, 0x11, 0x01, 0x05, 0x10, 0x00, 
    0x00, 0x00, 0x00, 0x00, 0x00, 0x00, 0x00, 0x05, 0x55, 0x55, 0x55, 0x55, 0x05, 0x54, 0x05, 0x15, 
    0x14, 0x55, 0x55, 0x65, 0x41, 0x55, 0x55, 0x42, 0xfe, 0x7d, 0xaa, 0xe9, 0xbf, 0x00, 0x04, 0x00, 
    0x11, 0xfe, 0xf2, 0xfe, 0x93, 0xff, 0xfa, 0xb4, 0x29, 0x6f, 0xff, 0xff, 0xef, 0xe0, 0x05, 0x45, 
    0xbe, 0x96, 0xbe, 0x68, 0x56, 0x1a, 0xaa, 0xa9, 0x94, 0x41, 0x51, 0x45, 0x41, 0x45, 0x55, 0x59, 
    0x3f, 0xfd, 0xbf, 0xff, 0xff, 0xff, 0xfc, 0x7f, 0x5f, 0xff, 0xff, 0xff, 0xff, 0xff, 0xff, 0xff, 
    0xff, 0xc5, 0x54, 0x7f, 0xff, 0xff, 0xff, 0xff, 0xff, 0xd5, 0x45, 0x54, 0x00, 0x00, 0x1f, 0xff, 
    0xff, 0xff, 0x40, 0x00, 0x00, 0x00, 0x00, 0x00, 0x2f, 0xfd, 0x41, 0xfe, 0xff, 0xc0, 0x00, 0x00, 
    0x00, 0x15, 0x00, 0x05, 0x55, 0x55, 0x55, 0x56, 0x55, 0x5b, 0x95, 0x55, 0x05, 0x40, 0x15, 0x00, 
    0x00, 0x09, 0x00, 0x00, 0x00, 0x01, 0x04, 0x7e, 0xaa, 0x61, 0x00, 0x00, 0x00, 0x00, 0x00, 0x02, 
    0xfc, 0x00, 0x04, 0x52, 0xe7, 0xc0, 0x06, 0xa5, 0x55, 0x55, 0x90, 0x01, 0x55, 0x50, 0x00, 0x00, 
    0x01, 0x04, 0x19, 0x40, 0x40, 0x00, 0x01, 0x05, 0x00, 0x00, 0x00, 0x00, 0x00, 0x00, 0x00, 0x00, 
    0x01, 0x40, 0x00, 0x00, 0x00, 0x00, 0x00, 0x00, 0x00, 0x00, 0x41, 0xe0, 0x00, 0x00, 0x00, 0x00, 
    0x00, 0x00, 0x00, 0x14, 0x04, 0x14, 0x40, 0x00, 0x00, 0x00, 0x00, 0x00, 0x00, 0x00, 0x00, 0x55, 
    0x55, 0x50, 0x55, 0x55, 0x55, 0x40, 0x54, 0x55, 0x55, 0x55, 0x55, 0x55, 0x45, 0x55, 0x54, 0x1f, 
    0xff, 0xdf, 0x9a, 0xaa, 0x6b, 0xd0, 0x01, 0x00, 0x04, 0x3e, 0xfb, 0xfd, 0xe2, 0xff, 0xfe, 0xf5, 
    0xaa, 0x6a, 0xff, 0xff, 0xef, 0xc0, 0x05, 0x45, 0xfa, 0x5a, 0xaf, 0xa8, 0x54, 0x1a, 0xaa, 0x6a, 
    0x94, 0x00, 0x46, 0x40, 0x05, 0x45, 0x55, 0x55, 0x87, 0xff, 0x9f, 0xff, 0xff, 0xff, 0xff, 0x4f, 
    0xe2, 0xff, 0xff, 0xff, 0xff, 0xff, 0xff, 0xff, 0xff, 0xd4, 0x15, 0x3f, 0xff, 0xff, 0xff, 0xff, 
    0xff, 0xf5, 0x51, 0x54, 0x14, 0x00, 0x02, 0xff, 0xff, 0xff, 0xd2, 0x40, 0x00, 0x00, 0x00, 0x00, 
    0x3f, 0xfe, 0x00, 0xfe, 0xff, 0xd0, 0x00, 0x00, 0x00, 0x05, 0x40, 0x01, 0x55, 0x55, 0x55, 0x55, 
    0xd5, 0x57, 0xd5, 0x9a, 0x41, 0x40, 0x05, 0x40, 0x00, 0x07, 0x00, 0x00, 0x10, 0x54, 0x01, 0x2e, 
    0xaa, 0x55, 0x00, 0x00, 0x00, 0x01, 0x00, 0x01, 0xfe, 0x00, 0x10, 0x12, 0xb7, 0xc0, 0x15, 0x95, 
    0x55, 0x55, 0x90, 0x05, 0xa5, 0x40, 0x00, 0x00, 0x1a, 0x10, 0x15, 0x45, 0x40, 0x00, 0x05, 0x14, 
    0x00, 0x00, 0x00, 0x00, 0x00, 0x00, 0x05, 0x40, 0x01, 0x00, 0x00, 0x00, 0x00, 0x00, 0x00, 0x00, 
    0x00, 0x00, 0x0a, 0x80, 0x00, 0x00, 0x00, 0x00, 0x00, 0x00, 0x00, 0x15, 0x01, 0x54, 0x00, 0x00, 
    0x00, 0x00, 0x00, 0x00, 0x00, 0x00, 0x01, 0x55, 0x55, 0x55, 0x55, 0x55, 0x54, 0x01, 0x41, 0x55, 
    0x55, 0x55, 0x55, 0x55, 0x15, 0x55, 0x51, 0xff, 0xff, 0xf6, 0xe6, 0xaa, 0xaa, 0xf8, 0x00, 0x50, 
    0x01, 0x0a, 0xfb, 0xfe, 0xe5, 0xff, 0xfe, 0xf0, 0x50, 0x6a, 0xff, 0xff, 0xbf, 0x90, 0x15, 0x45, 
    0xe8, 0x59, 0x5b, 0xd8, 0x55, 0x6a, 0xaa, 0xaa, 0x54, 0x00, 0x15, 0x00, 0x55, 0x55, 0x55, 0x55, 
    0xf4, 0xff, 0xf7, 0xff, 0xff, 0xff, 0xff, 0xe2, 0xfd, 0x7f, 0xff, 0xff, 0xff, 0xff, 0xff, 0xff, 
    0xff, 0xe0, 0x05, 0x1f, 0xff, 0xff, 0xff, 0xff, 0xff, 0xfc, 0x55, 0x55, 0x55, 0x54, 0x00, 0x7f, 
    0xff, 0xff, 0xf7, 0xf8, 0x00, 0x00, 0x00, 0x00, 0x7f, 0xaf, 0x00, 0x7e, 0x41, 0xe0, 0x10, 0x00, 
    0x00, 0x01, 0x50, 0x00, 0x55, 0x55, 0x55, 0x55, 0x75, 0x55, 0xe5, 0x95, 0x50, 0x54, 0x05, 0x50, 
    0x00, 0x01, 0x00, 0x00, 0x50, 0x14, 0x05, 0x5f, 0xaa, 0x59, 0x00, 0x00, 0x00, 0x92, 0x00, 0x00, 
    0xff, 0x40, 0x10, 0x15, 0x77, 0x80, 0x16, 0x95, 0x55, 0x55, 0x90, 0x01, 0x95, 0x40, 0x00, 0x00, 
    0x69, 0x40, 0x16, 0x15, 0x10, 0x00, 0x04, 0x60, 0x00, 0x00, 0x00, 0x00, 0x00, 0x00, 0x04, 0x00, 
    0x00, 0x00, 0x00, 0x00, 0x00, 0x00, 0x00, 0x00, 0x00, 0x01, 0x2b, 0x00, 0x00, 0x00, 0x00, 0x00, 
    0x00, 0x00, 0x00, 0x15, 0x05, 0x40, 0x00, 0x00, 0x00, 0x00, 0x00, 0x00, 0x00, 0x00, 0x05, 0x55, 
    0x55, 0x55, 0x55, 0x55, 0x40, 0x01, 0x01, 0x55, 0x55, 0x05, 0x55, 0x55, 0x66, 0x15, 0x4b, 0xff, 
    0xff, 0xfd, 0xbd, 0xaa, 0xaa, 0xae, 0x00, 0x14, 0x00, 0x51, 0xfb, 0xfe, 0xe2, 0xff, 0xfe, 0xf0, 
    0x55, 0x5e, 0xff, 0xfe, 0xff, 0x70, 0x25, 0x55, 0xf5, 0x59, 0x6f, 0xe4, 0x55, 0x5e, 0xaa, 0xa9, 
    0x50, 0x00, 0x54, 0x11, 0x55, 0x55, 0x55, 0x55, 0x1e, 0x2f, 0xfd, 0xbf, 0xff, 0xff, 0xff, 0xfd, 
    0x7f, 0x8f, 0xff, 0xff, 0xff, 0xff, 0xff, 0xff, 0xff, 0xf1, 0x45, 0x0b, 0xff, 0xff, 0xff, 0xff, 
    0xff, 0xff, 0x15, 0x55, 0x55, 0x55, 0x00, 0x1f, 0xff, 0xff, 0xff, 0xff, 0x40, 0x00, 0x00, 0x00, 
    0x3f, 0xaf, 0x00, 0x2f, 0x02, 0xf0, 0x00, 0x00, 0x00, 0x00, 0x50, 0x00, 0x15, 0x55, 0x55, 0x55, 
    0x5e, 0x55, 0x65, 0x55, 0x50, 0x55, 0x05, 0x58, 0x00, 0x00, 0x20, 0x00, 0x40, 0x05, 0x56, 0x5f, 
    0xea, 0x58, 0x00, 0x00, 0x00, 0x22, 0x00, 0x00, 0xff, 0x40, 0x00, 0x54, 0x77, 0x80, 0x55, 0xaa, 
    0x55, 0x55, 0x50, 0x01, 0xad, 0x00, 0x00, 0x00, 0x00, 0x41, 0xa9, 0x50, 0x00, 0x00, 0x00, 0x80, 
    0x00, 0x00, 0x00, 0x00, 0x00, 0x00, 0x14, 0x44, 0x00, 0x00, 0x00, 0x00, 0x00, 0x00, 0x00, 0x00, 
    0x00, 0x04, 0xfc, 0x00, 0x00, 0x15, 0x00, 0x00, 0x00, 0x00, 0x00, 0x15, 0x55, 0x40, 0x00, 0x00, 
    0x00, 0x00, 0x00, 0x00, 0x00, 0x00, 0x15, 0x15, 0x55, 0x55, 0x55, 0x50, 0x04, 0x04, 0x15, 0x55, 
    0x55, 0x45, 0x55, 0x51, 0x81, 0x54, 0x7f, 0xff, 0xff, 0xff, 0x5f, 0x5a, 0xaa, 0x6b, 0xc0, 0x01, 
    0x00, 0x04, 0x7b, 0xfe, 0xe2, 0xff, 0xfb, 0xd4, 0x55, 0x55, 0xff, 0xfe, 0xfe, 0xb0, 0x65, 0x55, 
    0xfe, 0x55, 0x6f, 0xf4, 0x65, 0x6b, 0xaa, 0xa9, 0x54, 0x00, 0x50, 0x05, 0x55, 0x55, 0x55, 0x55, 
    0xe7, 0xd7, 0xff, 0x9f, 0xff, 0xff, 0xff, 0xff, 0x8b, 0xf6, 0xff, 0xff, 0xff, 0xff, 0xff, 0xff, 
    0xff, 0xf5, 0x00, 0x43, 0xff, 0xff, 0xff, 0xff, 0xff, 0xff, 0xc5, 0x55, 0x45, 0x55, 0x00, 0x6f, 
    0xff, 0xff, 0xff, 0xff, 0xe0, 0x00, 0x00, 0x00, 0x2f, 0xef, 0x10, 0x0b, 0x0b, 0xf0, 0x00, 0x00, 
    0x00, 0x00, 0x54, 0x01, 0x55, 0x55, 0x55, 0x15, 0x56, 0xd5, 0x55, 0x50, 0x50, 0x11, 0x40, 0x55, 
    0x00, 0x00, 0x3c, 0x01, 0x41, 0x01, 0x55, 0xab, 0xea, 0x68, 0x00, 0x00, 0x00, 0x15, 0x00, 0x00, 
    0xbf, 0xc0, 0x00, 0x54, 0x17, 0x80, 0x55, 0xaa, 0x55, 0x55, 0x40, 0x16, 0x5a, 0x00, 0x00, 0x00, 
    0x01, 0x06, 0xaa, 0x80, 0x14, 0x01, 0x01, 0x40, 0x00, 0x00, 0x00, 0x00, 0x00, 0x00, 0x15, 0x54, 
    0x00, 0x00, 0x00, 0x00, 0x00, 0x00, 0x00, 0x00, 0x00, 0x06, 0xf0, 0x00, 0x00, 0x54, 0x00, 0x00, 
    0x00, 0x00, 0x00, 0x15, 0x55, 0x00, 0x00, 0x00, 0x00, 0x00, 0x00, 0x00, 0x00, 0x00, 0x55, 0x01, 
    0x55, 0x55, 0x55, 0x00, 0x14, 0x00, 0x55, 0x55, 0x55, 0x55, 0x55, 0x41, 0x05, 0x42, 0xff, 0xff, 
    0xff, 0xff, 0xe7, 0xd6, 0xa9, 0x5a, 0xf0, 0x00, 0x00, 0x01, 0x1b, 0xfe, 0xe7, 0xff, 0xfb, 0x80, 
    0x15, 0x24, 0xff, 0xf7, 0xfd, 0xf4, 0x65, 0x55, 0xbe, 0xa5, 0x7f, 0xf4, 0x55, 0x6b, 0xea, 0xaa, 
    0x54, 0x40, 0x40, 0x15, 0x65, 0x55, 0x55, 0x55, 0xfd, 0x78, 0xbf, 0xf6, 0xff, 0xff, 0xff, 0xff, 
    0xf5, 0xfe, 0x7f, 0xff, 0xff, 0xff, 0xff, 0xff, 0xff, 0xfc, 0x00, 0x52, 0xff, 0xff, 0xff, 0xff, 
    0xff, 0xff, 0xf1, 0x55, 0x55, 0x55, 0x50, 0x2f, 0xff, 0xff, 0xff, 0xff, 0xf8, 0x00, 0x00, 0x00, 
    0x0f, 0xef, 0x40, 0x02, 0x0b, 0xf4, 0x00, 0x00, 0x00, 0x00, 0x55, 0x00, 0x55, 0x55, 0x54, 0x45, 
    0x55, 0xa1, 0x55, 0x54, 0x04, 0x01, 0x50, 0x15, 0x00, 0x00, 0x2e, 0x01, 0x90, 0x19, 0x55, 0xa6, 
    0xfa, 0x78, 0x00, 0x00, 0x00, 0x08, 0x00, 0x15, 0x7f, 0xc0, 0x11, 0x55, 0x27, 0x80, 0x55, 0xa9, 
    0x55, 0x55, 0x14, 0x54, 0x59, 0x00, 0x00, 0x00, 0x09, 0x01, 0xa9, 0x00, 0x44, 0x54, 0x05, 0x00, 
    0x00, 0x00, 0x00, 0x00, 0x00, 0x00, 0x05, 0x50, 0x00, 0x00, 0x00, 0x00, 0x00, 0x00, 0x00, 0x00, 
    0x00, 0x1b, 0x90, 0x00, 0x00, 0x50, 0x00, 0x00, 0x00, 0x00, 0x04, 0x05, 0x54, 0x00, 0x00, 0x00, 
    0x00, 0x00, 0x00, 0x00, 0x00, 0x01, 0x55, 0x51, 0x55, 0x55, 0x40, 0x01, 0x50, 0x05, 0x55, 0x55, 
    0x55, 0x55, 0x55, 0x40, 0x15, 0x2f, 0xff, 0xff, 0xff, 0xff, 0xf8, 0xf5, 0x6a, 0xaa, 0xad, 0x00, 
    0x00, 0x00, 0x03, 0xfb, 0xf7, 0xff, 0xef, 0x80, 0x55, 0x28, 0xfd, 0xef, 0xfa, 0xf4, 0x65, 0x50, 
    0x7e, 0xa5, 0xbf, 0xf8, 0x55, 0xab, 0xea, 0xaa, 0x54, 0x40, 0x10, 0x55, 0x55, 0x55, 0x55, 0x55, 
    0xff, 0x8b, 0x5f, 0xfd, 0x7f, 0xff, 0xff, 0xff, 0xfe, 0x2f, 0xdb, 0xff, 0xff, 0xff, 0xff, 0xff, 
    0xff, 0xfc, 0x00, 0x04, 0xff, 0xff, 0xff, 0xff, 0xff, 0xff, 0xfd, 0x95, 0x55, 0x55, 0x58, 0x1f, 
    0xff, 0xff, 0xff, 0xff, 0xfe, 0x00, 0x00, 0x00, 0x0b, 0xff, 0xd0, 0x00, 0x0f, 0xf8, 0x00, 0x00, 
    0x00, 0x00, 0x45, 0x40, 0x15, 0x55, 0x95, 0x65, 0x55, 0x68, 0x55, 0x55, 0x00, 0x05, 0x60, 0x15, 
    0x80, 0x00, 0x00, 0x00, 0x00, 0x56, 0xe6, 0xa1, 0xf6, 0xb8, 0x00, 0x00, 0x00, 0x00, 0x01, 0x6a, 
    0x3f, 0xe0, 0x55, 0x55, 0x17, 0x80, 0x51, 0x69, 0x55, 0x69, 0x01, 0x54, 0x59, 0x00, 0x00, 0x00, 
    0x25, 0x46, 0xa4, 0x06, 0x91, 0x54, 0x18, 0x00, 0x00, 0x00, 0x00, 0x00, 0x00, 0x00, 0x05, 0x50, 
    0x00, 0x00, 0x00, 0x00, 0x00, 0x00, 0x00, 0x00, 0x00, 0x5e, 0x40, 0x00, 0x01, 0x40, 0x00, 0x00, 
    0x00, 0x00, 0x14, 0x05, 0x40, 0x00, 0x00, 0x00, 0x00, 0x00, 0x00, 0x00, 0x00, 0x15, 0x55, 0x45, 
    0x55, 0x54, 0x00, 0x05, 0x40, 0x05, 0x55, 0x50, 0x55, 0x55, 0x55, 0x00, 0x10, 0x3f, 0xff, 0xff, 
    0xff, 0xff, 0xff, 0x6d, 0x6a, 0xaa, 0xab, 0x40, 0x00, 0x00, 0x00, 0xb7, 0xf7, 0xff, 0xef, 0xc1, 
    0x54, 0x2c, 0xfd, 0xaf, 0xfb, 0xf0, 0x95, 0x41, 0x7e, 0x96, 0xff, 0xfc, 0xa6, 0x6b, 0xea, 0xaa, 
    0x50, 0x40, 0x00, 0x55, 0x11, 0x55, 0x55, 0x55, 0xff, 0xf5, 0xe7, 0xff, 0x9b, 0xff, 0xff, 0xff, 
    0xff, 0xd7, 0xf9, 0xff, 0xff, 0xff, 0xff, 0xff, 0xff, 0xfe, 0x10, 0x00, 0x7f, 0xff, 0xff, 0xff, 
    0xff, 0xff, 0xff, 0x65, 0x55, 0x45, 0x55, 0x0b, 0xff, 0xff, 0xff, 0xff, 0xff, 0x40, 0x00, 0x00, 
    0x03, 0xfd, 0xf0, 0x00, 0x1f, 0x94, 0x00, 0x00, 0x00, 0x00, 0x15, 0x50, 0x05, 0x55, 0x5a, 0x94, 
    0x45, 0x5b, 0x45, 0x55, 0x00, 0x01, 0x55, 0x05, 0x40, 0x00, 0x00, 0x02, 0x40, 0x26, 0x9a, 0xa6, 
    0xba, 0xb8, 0x00, 0x00, 0x00, 0x00, 0x02, 0xa9, 0x2f, 0xf4, 0x45, 0x45, 0x03, 0x80, 0x50, 0x56, 
    0x56, 0xf4, 0x05, 0x55, 0x59, 0x00, 0x00, 0x00, 0x66, 0x6a, 0x90, 0x1a, 0xa9, 0x61, 0x20, 0x00, 
    0x00, 0x00, 0x00, 0x00, 0x00, 0x00, 0x05, 0x50, 0x00, 0x00, 0x00, 0x00, 0x00, 0x00, 0x00, 0x00, 
    0x00, 0x6d, 0x00, 0x00, 0x01, 0x00, 0x00, 0x00, 0x00, 0x00, 0x14, 0x05, 0x00, 0x00, 0x00, 0x00, 
    0x00, 0x00, 0x00, 0x00, 0x00, 0x55, 0x55, 0x15, 0x15, 0x00, 0x00, 0x14, 0x00, 0x15, 0x55, 0x50, 
    0x55, 0x55, 0x50, 0x40, 0x00, 0x1f, 0xff, 0xff, 0xff, 0xff, 0xff, 0xd7, 0x5a, 0xaa, 0xaa, 0xe0, 
    0x00, 0x00, 0x00, 0x17, 0xf7, 0xff, 0xaf, 0xd5, 0x54, 0x2d, 0xb5, 0x7f, 0xef, 0xf4, 0x95, 0x05, 
    0x7e, 0x96, 0xff, 0xfc, 0xaa, 0xaa, 0xea, 0xaa, 0x54, 0x00, 0x01, 0x55, 0x55, 0x55, 0x55, 0x55, 
    0xff, 0xfe, 0x2d, 0xbf, 0xf5, 0xff, 0xff, 0xff, 0xff, 0xf8, 0xbf, 0x6f, 0xff, 0xff, 0xff, 0xff, 
    0xff, 0xff, 0x00, 0x00, 0x2f, 0xff, 0xff, 0xff, 0xff, 0xff, 0xff, 0xd9, 0x55, 0x65, 0x55, 0x53, 
    0xff, 0xff, 0xff, 0xff, 0xff, 0xc0, 0x00, 0x00, 0x01, 0xfd, 0xf0, 0x00, 0x0d, 0x00, 0x40, 0x00, 
    0x00, 0x00, 0x01, 0x54, 0x01, 0x05, 0x5a, 0xa0, 0x11, 0x2a, 0xd1, 0x55, 0x00, 0x01, 0x55, 0x51, 
    0x50, 0x00, 0x00, 0x16, 0x80, 0x69, 0xaa, 0x9a, 0xad, 0xbb, 0x00, 0x00, 0x00, 0x00, 0x01, 0x6a, 
    0x0f, 0xf5, 0x55, 0x6a, 0x03, 0x80, 0x55, 0x55, 0x56, 0x10, 0x05, 0x05, 0xa5, 0x00, 0x00, 0x00, 
    0x95, 0xaa, 0x54, 0x6a, 0xa9, 0x91, 0x90, 0x00, 0x00, 0x00, 0x00, 0x00, 0x00, 0x00, 0x05, 0x50, 
    0x00, 0x00, 0x00, 0x00, 0x00, 0x00, 0x00, 0x00, 0x01, 0x38, 0x00, 0x00, 0x05, 0x00, 0x00, 0x00, 
    0x00, 0x00, 0x54, 0x54, 0x00, 0x00, 0x00, 0x00, 0x00, 0x00, 0x00, 0x00, 0x00, 0x01, 0x54, 0x15, 
    0x40, 0x00, 0x00, 0x40, 0x05, 0x55, 0x55, 0x55, 0x55, 0x55, 0x40, 0x04, 0x00, 0x0f, 0xff, 0xff, 
    0xff, 0xff, 0xff, 0xf5, 0xea, 0xaa, 0xaa, 0xa8, 0x00, 0x00, 0x00, 0x07, 0xef, 0xff, 0xbf, 0xd1, 
    0x55, 0x2e, 0x74, 0xff, 0xef, 0xfd, 0x94, 0x15, 0x6e, 0x6a, 0xff, 0xf4, 0xea, 0xaa, 0xea, 0xa9, 
    0x54, 0x00, 0x01, 0x55, 0x55, 0x55, 0x59, 0x55, 0xff, 0xff, 0xd7, 0x6f, 0xfe, 0x7f, 0xff, 0xff, 
    0xff, 0xff, 0x5f, 0xd7, 0xff, 0xff, 0xff, 0xff, 0xff, 0xff, 0x40, 0x00, 0x0f, 0xff, 0xff, 0xff, 
    0xff, 0xff, 0xff, 0xf6, 0x55, 0x65, 0x55, 0xa2, 0xff, 0xff, 0xff, 0xff, 0xff, 0xf0, 0x00, 0x00, 
    0x00, 0x7d, 0xf0, 0x00, 0x04, 0x00, 0x40, 0x00, 0x00, 0x00, 0x04, 0x55, 0x40, 0x40, 0x1a, 0xa5, 
    0x14, 0x6e, 0xb4, 0x55, 0x40, 0x44, 0x55, 0x50, 0x54, 0x00, 0x00, 0x09, 0x91, 0xaa, 0x95, 0x5a, 
    0xaa, 0xbb, 0x80, 0x00, 0x00, 0x00, 0x00, 0x16, 0x4f, 0xfd, 0x56, 0xa5, 0x43, 0x42, 0x55, 0x55, 
    0xa8, 0x00, 0x15, 0x01, 0xa5, 0x00, 0x00, 0x01, 0x9a, 0xaa, 0xa9, 0xaa, 0xaa, 0x8b, 0x80, 0x00, 
    0x00, 0x00, 0x00, 0x00, 0x00, 0x00, 0x05, 0x00, 0x00, 0x00, 0x00, 0x00, 0x00, 0x00, 0x00, 0x00, 
    0x00, 0xb4, 0x00, 0x00, 0x15, 0x00, 0x00, 0x00, 0x00, 0x00, 0x55, 0x50, 0x00, 0x00, 0x00, 0x00, 
    0x00, 0x00, 0x00, 0x00, 0x00, 0x01, 0x54, 0x00, 0x00, 0x00, 0x00, 0x04, 0x15, 0x55, 0x51, 0x55, 
    0x55, 0x55, 0x00, 0x00, 0x00, 0x0f, 0xff, 0xff, 0xff, 0xff, 0xff, 0xfe, 0x7e, 0xaa, 0x9a, 0xaa, 
    0x40, 0x00, 0x00, 0x01, 0xff, 0xff, 0xff, 0xf0, 0x55, 0x2f, 0x30, 0xaa, 0x3f, 0xf9, 0x94, 0x55, 
    0x6e, 0x55, 0xff, 0xf0, 0xea, 0xaa, 0xea, 0xa5, 0xa4, 0x00, 0x11, 0x55, 0x55, 0x55, 0x55, 0x55, 
    0xff, 0xff, 0xf8, 0xa7, 0xff, 0xcb, 0xff, 0xff, 0xff, 0xff, 0xd7, 0xf9, 0xbf, 0xff, 0xff, 0xff, 
    0xff, 0xff, 0x80, 0x00, 0x07, 0xff, 0xff, 0xff, 0xff, 0xff, 0xff, 0xfd, 0x95, 0x55, 0x55, 0x54, 
    0xff, 0xff, 0xff, 0xff, 0xff, 0xf4, 0x00, 0x00, 0x00, 0x1d, 0xe0, 0x00, 0x00, 0x00, 0x00, 0x00, 
    0x00, 0x00, 0x00, 0x55, 0x50, 0x10, 0x05, 0x55, 0x55, 0x55, 0x6d, 0x05, 0x56, 0x00, 0x55, 0x55, 
    0x04, 0x00, 0x00, 0x09, 0x7b, 0xa9, 0xa0, 0x5a, 0xaa, 0xa7, 0xe0, 0x04, 0x00, 0x00, 0x10, 0x09, 
    0x8f, 0xfd, 0x2a, 0xa6, 0x46, 0x8a, 0x95, 0x55, 0xc0, 0x00, 0x11, 0x45, 0x61, 0x59, 0x82, 0x53, 
    0x5a, 0xaa, 0xae, 0xaa, 0x6a, 0x5f, 0x00, 0x00, 0x00, 0x00, 0x00, 0x00, 0x00, 0x00, 0x05, 0x00, 
    0x00, 0x00, 0x00, 0x00, 0x00, 0x00, 0x00, 0x00, 0x01, 0xd0, 0x00, 0x10, 0x50, 0x00, 0x00, 0x00, 
    0x00, 0x01, 0x55, 0x40, 0x00, 0x00, 0x00, 0x00, 0x00, 0x00, 0x00, 0x00, 0x01, 0x00, 0x00, 0x00, 
    0x00, 0x00, 0x00, 0x00, 0x15, 0x55, 0x45, 0x55, 0x55, 0x54, 0x10, 0x00, 0x00, 0x01, 0xff, 0xff, 
    0xff, 0xff, 0xff, 0xfe, 0xdb, 0xaa, 0xaa, 0xaa, 0x90, 0x00, 0x00, 0x00, 0x3f, 0xff, 0xff, 0x52, 
    0x51, 0x1f, 0xe0, 0x00, 0xbf, 0xfd, 0x90, 0x6d, 0x6e, 0x65, 0xff, 0xf0, 0xfa, 0x95, 0xaa, 0x96, 
    0xa4, 0x00, 0x55, 0x55, 0x55, 0x55, 0x55, 0x55, 0xff, 0xff, 0xff, 0x5e, 0xbf, 0xf5, 0xff, 0xff, 
    0xff, 0xff, 0xf8, 0xbf, 0x5f, 0xff, 0xff, 0xff, 0xff, 0xff, 0xc0, 0x00, 0x03, 0xff, 0xff, 0xff, 
    0xff, 0xff, 0xff, 0xff, 0x65, 0x55, 0x55, 0x54, 0x7f, 0xff, 0xfe, 0xff, 0xff, 0xfc, 0x00, 0x00, 
    0x00, 0x09, 0x90, 0x00, 0x00, 0x01, 0x10, 0x00, 0x00, 0x00, 0x00, 0x15, 0x54, 0x04, 0x01, 0x55, 
    0x55, 0x55, 0x5b, 0x81, 0x42, 0x80, 0x15, 0x55, 0x46, 0x00, 0x00, 0x07, 0x7f, 0xe4, 0x51, 0xaa, 
    0xaa, 0xa6, 0x18, 0x01, 0x00, 0x00, 0x00, 0x01, 0x47, 0xfe, 0x6a, 0xaa, 0x96, 0x8a, 0x95, 0x56, 
    0x80, 0x00, 0x15, 0xa5, 0x61, 0x25, 0x9a, 0x8a, 0x6a, 0xaa, 0xaf, 0x95, 0x6a, 0x7d, 0x00, 0x00, 
    0x00, 0x00, 0x00, 0x00, 0x00, 0x00, 0x05, 0x00, 0x00, 0x00, 0x00, 0x00, 0x00, 0x00, 0x00, 0x00, 
    0x03, 0xc0, 0x00, 0x01, 0x54, 0x00, 0x00, 0x00, 0x00, 0x05, 0x55, 0x00, 0x00, 0x00, 0x00, 0x00, 
    0x00, 0x00, 0x00, 0x00, 0x01, 0x40, 0x00, 0x00, 0x00, 0x00, 0x00, 0x10, 0x55, 0x55, 0x55, 0x55, 
    0x55, 0x10, 0x50, 0x00, 0x00, 0x00, 0x0f, 0xff, 0xff, 0xff, 0xff, 0xff, 0xf6, 0xfa, 0xaa, 0xaa, 
    0xa8, 0x00, 0x00, 0x00, 0x4b, 0xff, 0xfe, 0x2f, 0x01, 0x5f, 0xc0, 0x00, 0xff, 0xfd, 0xd1, 0x7e, 
    0x6e, 0x95, 0xff, 0xe0, 0xfd, 0x55, 0xaa, 0x5a, 0x90, 0x00, 0x55, 0x55, 0x55, 0x55, 0x55, 0x55, 
    0xff, 0xff, 0xff, 0xe6, 0xaf, 0xfe, 0x6f, 0xff, 0xff, 0xff, 0xff, 0x5f, 0xe6, 0xff, 0xff, 0xff, 
    0xff, 0xff, 0xe0, 0x00, 0x00, 0xff, 0xff, 0xff, 0xff, 0xff, 0xff, 0xff, 0xd9, 0x55, 0x55, 0x54, 
    0x2f, 0xff, 0xfe, 0xbb, 0xff, 0xfd, 0x00, 0x00, 0x00, 0x00, 0x40, 0x00, 0x00, 0x02, 0x00, 0x00, 
    0x00, 0x00, 0x00, 0x55, 0x50, 0x01, 0x55, 0x55, 0x55, 0x45, 0x56, 0xe0, 0x45, 0x94, 0x45, 0x55, 
    0x6e, 0x80, 0x00, 0x02, 0xff, 0xa8, 0x59, 0xaa, 0x9a, 0xaa, 0x5e, 0x01, 0x00, 0x00, 0x00, 0x02, 
    0x83, 0xff, 0x6a, 0x66, 0xa0, 0x41, 0x50, 0x6e, 0x80, 0x04, 0x1a, 0xa5, 0x11, 0x25, 0x56, 0x4d, 
    0x5a, 0xaa, 0xa9, 0x9a, 0xa9, 0xb8, 0xa8, 0x00, 0x00, 0x00, 0x00, 0x05, 0x00, 0x00, 0x14, 0x00, 
    0x00, 0x00, 0x00, 0x00, 0x00, 0x00, 0x00, 0x00, 0x07, 0x40, 0x00, 0x15, 0x50, 0x00, 0x00, 0x00, 
    0x00, 0x05, 0x54, 0x00, 0x00, 0x00, 0x00, 0x00, 0x00, 0x00, 0x00, 0x00, 0x00, 0x00, 0x00, 0x00, 
    0x00, 0x00, 0x00, 0x01, 0x55, 0x51, 0x55, 0x55, 0x54, 0x05, 0x40, 0x00, 0x00, 0x02, 0xab, 0xff, 
    0xff, 0xff, 0xff, 0xff, 0xfd, 0x7e, 0xaa, 0xaa, 0xaa, 0x00, 0x00, 0x00, 0x01, 0xff, 0xfd, 0x6f, 
    0x55, 0x5f, 0x40, 0x00, 0xbf, 0xfe, 0xd1, 0xbf, 0xae, 0xa5, 0xff, 0xd0, 0xfd, 0x55, 0xa9, 0x6a, 
    0x44, 0x00, 0x59, 0x55, 0x55, 0x55, 0x55, 0x55, 0xff, 0xff, 0xff, 0xfd, 0x77, 0xff, 0xdb, 0xef, 
    0xff, 0xff, 0xff, 0xe6, 0xfd, 0x7f, 0xff, 0xff, 0xff, 0xff, 0xf1, 0x00, 0x00, 0x7f, 0xff, 0xff, 
    0xff, 0xff, 0xff, 0xff, 0xf2, 0x55, 0x45, 0x51, 0x0f, 0xff, 0xff, 0xfb, 0xff, 0xfe, 0x00, 0x00, 
    0x00, 0x00, 0x00, 0x00, 0x00, 0x01, 0x00, 0x00, 0x00, 0x00, 0x00, 0x15, 0x54, 0x00, 0x55, 0x55, 
    0x55, 0x05, 0x91, 0xbc, 0x11, 0x75, 0x11, 0x55, 0x5a, 0x60, 0x00, 0x00, 0x7e, 0xa0, 0x6a, 0xaa, 
    0xaa, 0x99, 0x2f, 0x01, 0x00, 0x04, 0x00, 0x01, 0x53, 0xff, 0xaa, 0xaa, 0xa6, 0x00, 0x05, 0x1a, 
    0x90, 0x04, 0x6a, 0xa5, 0x01, 0x54, 0x09, 0x2d, 0xaa, 0xaa, 0xa9, 0x56, 0xa6, 0xf2, 0xf4, 0x00, 
    0x00, 0x00, 0x00, 0x01, 0x50, 0x00, 0x10, 0x00, 0x00, 0x40, 0x00, 0x00, 0x00, 0x00, 0x00, 0x00, 
    0x0e, 0x00, 0x00, 0x15, 0x40, 0x00, 0x00, 0x00, 0x01, 0x05, 0x40, 0x00, 0x00, 0x00, 0x00, 0x00, 
    0x00, 0x00, 0x00, 0x00, 0x00, 0x00, 0x00, 0x00, 0x00, 0x00, 0x00, 0x05, 0x55, 0x55, 0x55, 0x55, 
    0x50, 0x15, 0x00, 0x00, 0x00, 0xff, 0xff, 0xf5, 0xbf, 0xff, 0xff, 0xff, 0xff, 0x9f, 0xa9, 0xaa, 
    0xaa, 0x80, 0x00, 0x00, 0x04, 0x7f, 0xfc, 0x5b, 0x55, 0x41, 0x40, 0x00, 0xbf, 0xfd, 0xc1, 0xff, 
    0x6a, 0x96, 0xbf, 0xd0, 0xfe, 0x55, 0xa9, 0xa9, 0x64, 0x00, 0x16, 0x55, 0x55, 0x55, 0x55, 0x55, 
    0xff, 0xff, 0xff, 0xff, 0x9a, 0xbf, 0xfa, 0xfa, 0xff, 0xff, 0xff, 0xfd, 0x7f, 0x9f, 0xff, 0xff, 
    0xff, 0xff, 0xf4, 0x40, 0x00, 0x2f, 0xff, 0xff, 0xff, 0xff, 0xff, 0xff, 0xf4, 0x55, 0x51, 0x50, 
    0x43, 0xff, 0xff, 0xff, 0xff, 0xf5, 0x00, 0x00, 0x00, 0x00, 0x00, 0x00, 0x00, 0x00, 0x04, 0x00, 
    0x00, 0x00, 0x00, 0x04, 0x54, 0x00, 0x15, 0x55, 0x55, 0x41, 0xa9, 0x6f, 0x59, 0x79, 0x45, 0x55, 
    0x55, 0x19, 0x00, 0x00, 0x20, 0x65, 0x6b, 0x6a, 0xa6, 0x95, 0x0b, 0x40, 0x00, 0x05, 0x00, 0x00, 
    0x26, 0xff, 0xea, 0xaa, 0xa6, 0x00, 0x04, 0x7a, 0xa4, 0x05, 0xaa, 0x95, 0x81, 0x54, 0x00, 0x3a, 
    0xaa, 0xaa, 0xa5, 0xaa, 0xa7, 0xe2, 0x00, 0x00, 0x00, 0x00, 0x00, 0x00, 0x00, 0x00, 0x00, 0x40, 
    0x00, 0x00, 0x00, 0x00, 0x00, 0x00, 0x00, 0x00, 0x18, 0x00, 0x00, 0x04, 0x10, 0x00, 0x00, 0x00, 
    0x04, 0x04, 0x00, 0x00, 0x00, 0x00, 0x00, 0x00, 0x00, 0x00, 0x00, 0x00, 0x00, 0x00, 0x00, 0x00, 
    0x00, 0x01, 0x00, 0x05, 0x55, 0x55, 0x55, 0x55, 0x00, 0x50, 0x00, 0x00, 0x07, 0xff, 0xff, 0xff, 
    0x5f, 0xff, 0xff, 0xff, 0xff, 0xf7, 0xe5, 0x6a, 0xaa, 0xa4, 0x00, 0x00, 0x01, 0x0f, 0xf9, 0x5e, 
    0x55, 0x00, 0x19, 0x00, 0xbf, 0xf9, 0x81, 0xbf, 0x9a, 0xaa, 0x7f, 0xe9, 0xfe, 0x6a, 0xaa, 0xa4, 
    0xa4, 0x00, 0x66, 0x95, 0x54, 0x15, 0x55, 0x55, 0xff, 0xff, 0xff, 0xff, 0xf5, 0x9f, 0xff, 0xbf, 
    0xaf, 0xff, 0xff, 0xff, 0x9f, 0xf6, 0xff, 0xff, 0xff, 0xff, 0xfc, 0x40, 0x00, 0x0b, 0xff, 0xff, 
    0xff, 0xff, 0xff, 0xff, 0x44, 0x05, 0x54, 0x54, 0x10, 0xff, 0xff, 0xff, 0xff, 0xd0, 0x00, 0x00, 
    0x00, 0x00, 0x00, 0x00, 0x00, 0x00, 0x00, 0x00, 0x00, 0x00, 0x00, 0x04, 0x14, 0x00, 0x05, 0x55, 
    0x51, 0x01, 0x59, 0x5b, 0xe6, 0x59, 0x50, 0x55, 0x56, 0x46, 0x00, 0x00, 0x08, 0x56, 0x6a, 0xaa, 
    0xa5, 0x95, 0x02, 0xc0, 0x00, 0x07, 0x00, 0x00, 0x08, 0xff, 0xea, 0xa6, 0xaa, 0xc0, 0x03, 0xe9, 
    0x40, 0x06, 0xaa, 0xa5, 0x80, 0x54, 0x00, 0x75, 0xaa, 0xaa, 0xa1, 0xaa, 0x9f, 0xc0, 0x00, 0x00, 
    0x00, 0x00, 0x00, 0x00, 0x40, 0x00, 0x00, 0x40, 0x00, 0x00, 0x00, 0x00, 0x00, 0x00, 0x00, 0x00, 
    0x10, 0x00, 0x00, 0x05, 0x00, 0x00, 0x00, 0x00, 0x10, 0x50, 0x00, 0x00, 0x00, 0x00, 0x00, 0x00, 
    0x00, 0x00, 0x00, 0x00, 0x00, 0x00, 0x00, 0x00, 0x00, 0x05, 0x54, 0x55, 0x55, 0x55, 0x55, 0x54, 
    0x10, 0x40, 0x00, 0x00, 0x0f, 0xff, 0xff, 0xff, 0x02, 0xff, 0xff, 0xff, 0xff, 0xfd, 0xb9, 0x9a, 
    0xaa, 0xa9, 0x00, 0x00, 0x00, 0x42, 0xf6, 0x9a, 0x55, 0x00, 0x00, 0x10, 0xff, 0xfd, 0x05, 0xff, 
    0xae, 0xaa, 0x6f, 0xed, 0xff, 0xaa, 0x6a, 0x91, 0x94, 0x01, 0xaa, 0x99, 0x55, 0x15, 0x55, 0x55, 
    0xff, 0xff, 0xff, 0xff, 0xfe, 0x6b, 0xff, 0xff, 0xeb, 0xff, 0xff, 0xff, 0xf6, 0xfe, 0x7f, 0xff, 
    0xff, 0xff, 0xfd, 0x50, 0x00, 0x02, 0xff, 0xff, 0xff, 0xff, 0xff, 0xff, 0xd0, 0x01, 0x54, 0x50, 
    0x00, 0x3f, 0xff, 0xff, 0xff, 0xf0, 0x00, 0x00, 0x00, 0x00, 0x00, 0x00, 0x00, 0x00, 0x00, 0x00, 
    0x10, 0x00, 0x00, 0x01, 0x15, 0x00, 0x01, 0x55, 0x55, 0x41, 0x55, 0x56, 0xf8, 0x45, 0x55, 0x55, 
    0x55, 0x91, 0x80, 0x00, 0x04, 0x49, 0x5a, 0xaa, 0xa9, 0x89, 0x00, 0x90, 0x00, 0x18, 0x00, 0x00, 
    0x00, 0xff, 0xfa, 0xa9, 0xaa, 0xc0, 0x1a, 0x90, 0x00, 0x15, 0x16, 0x94, 0x40, 0x00, 0x00, 0x95, 
    0xaa, 0xaa, 0xa5, 0xaa, 0x6f, 0x40, 0x00, 0x00, 0x00, 0x00, 0x00, 0x00, 0x54, 0x00, 0x00, 0x10, 
    0x00, 0x00, 0x00, 0x00, 0x00, 0x00, 0x00, 0x00, 0x60, 0x00, 0x04, 0x14, 0x00, 0x00, 0x00, 0x00, 
    0x50, 0x50, 0x00, 0x00, 0x00, 0x00, 0x00, 0x00, 0x00, 0x00, 0x00, 0x00, 0x00, 0x00, 0x00, 0x00, 
    0x00, 0x15, 0x41, 0x55, 0x55, 0x55, 0x55, 0x41, 0x40, 0x00, 0x05, 0x00, 0x2f, 0xff, 0xff, 0xff, 
    0x45, 0x7f, 0xff, 0xff, 0xff, 0xfe, 0x2f, 0x5a, 0xaa, 0xaa, 0x40, 0x00, 0x00, 0x04, 0xb5, 0x5b, 
    0x55, 0x00, 0x10, 0xa2, 0xff, 0xfd, 0x06, 0xff, 0x7e, 0xa6, 0x5f, 0xfd, 0xff, 0xe9, 0x5a, 0x46, 
    0x54, 0x02, 0x9a, 0x65, 0x55, 0x55, 0x55, 0x55, 0xff, 0xff, 0xff, 0xff, 0xff, 0xda, 0xbf, 0xff, 
    0xfe, 0xff, 0xff, 0xff, 0xfe, 0x7f, 0xdb, 0xff, 0xff, 0xff, 0xff, 0x14, 0x50, 0x00, 0xff, 0xff, 
    0xff, 0xff, 0xff, 0xff, 0xf8, 0x00, 0x50, 0x54, 0x00, 0x4b, 0xff, 0xff, 0xff, 0xfc, 0x40, 0x00, 
    0x00, 0x00, 0x00, 0x00, 0x00, 0x00, 0x11, 0x00, 0x14, 0x00, 0x00, 0x00, 0x85, 0x41, 0x50, 0x51, 
    0x54, 0x01, 0x55, 0x54, 0xbe, 0x15, 0x55, 0x95, 0x55, 0x61, 0x90, 0x00, 0x81, 0x04, 0x09, 0x7a, 
    0xaa, 0x59, 0x00, 0x61, 0x00, 0x00, 0x00, 0x00, 0x00, 0xbf, 0xf6, 0x5a, 0xaa, 0xd1, 0x90, 0x00, 
    0x00, 0x05, 0x94, 0x57, 0x40, 0x00, 0x00, 0x85, 0x6a, 0xa5, 0x66, 0xaa, 0x2a, 0x00, 0x00, 0x00, 
    0x00, 0x00, 0x00, 0x00, 0x54, 0x01, 0x00, 0x00, 0x00, 0x00, 0x00, 0x50, 0x00, 0x00, 0x00, 0x00, 
    0x90, 0x00, 0x00, 0x10, 0x00, 0x00, 0x00, 0x05, 0x41, 0x40, 0x00, 0x00, 0x00, 0x00, 0x00, 0x00, 
    0x00, 0x00, 0x00, 0x00, 0x00, 0x00, 0x00, 0x00, 0x10, 0x54, 0x05, 0x55, 0x55, 0x55, 0x55, 0x05, 
    0x40, 0x00, 0x01, 0x50, 0x3f, 0xff, 0xff, 0xff, 0xff, 0x0f, 0xff, 0xff, 0xff, 0xfe, 0x97, 0xda, 
    0xaa, 0xaa, 0x90, 0x00, 0x00, 0x01, 0x11, 0x5f, 0x55, 0x00, 0x01, 0xe3, 0xff, 0xfc, 0x0b, 0xff, 
    0x6f, 0xa5, 0x6b, 0xfd, 0xff, 0xe5, 0x69, 0x19, 0x94, 0x02, 0xa5, 0x55, 0x55, 0x55, 0x45, 0x55, 
    0xff, 0xff, 0xff, 0xff, 0xff, 0xf5, 0xaf, 0xff, 0xff, 0xef, 0xff, 0xff, 0xff, 0xdb, 0xf9, 0xff, 
    0xff, 0xff, 0xff, 0x55, 0x54, 0x00, 0x3f, 0xff, 0xff, 0xff, 0xff, 0xff, 0xff, 0x40, 0x05, 0x51, 
    0x05, 0x41, 0xff, 0xff, 0xff, 0xfe, 0x00, 0x00, 0x00, 0x00, 0x00, 0x00, 0x00, 0x00, 0x54, 0x40, 
    0x04, 0x00, 0x00, 0x00, 0x41, 0x40, 0x55, 0x50, 0x55, 0x01, 0x45, 0x55, 0x6f, 0xc5, 0x55, 0x55, 
    0x55, 0x6b, 0x60, 0x00, 0x60, 0x00, 0x00, 0x2d, 0xaa, 0x94, 0x00, 0x10, 0x80, 0x10, 0x00, 0x00, 
    0x00, 0x3f, 0xfe, 0x96, 0xa9, 0xd6, 0x40, 0x00, 0x00, 0x1a, 0x55, 0x46, 0x00, 0x00, 0x01, 0x40, 
    0x6a, 0xa5, 0x12, 0xa9, 0x08, 0x00, 0x00, 0x00, 0x00, 0x00, 0x00, 0x00, 0x54, 0x05, 0x00, 0x00, 
    0x10, 0x00, 0x05, 0x40, 0x00, 0x00, 0x00, 0x01, 0x40, 0x00, 0x04, 0x00, 0x00, 0x00, 0x00, 0x15, 
    0x55, 0x00, 0x00, 0x00, 0x00, 0x00, 0x00, 0x00, 0x10, 0x00, 0x00, 0x00, 0x00, 0x00, 0x00, 0x01, 
    0x40, 0x54, 0x15, 0x55, 0x55, 0x55, 0x50, 0x55, 0x00, 0x00, 0x01, 0x68, 0x1f, 0xff, 0xff, 0xff, 
    0xff, 0xef, 0xff, 0xff, 0xff, 0xfe, 0x79, 0xfa, 0xaa, 0xaa, 0xa8, 0x00, 0x00, 0x00, 0x41, 0x5f, 
    0x14, 0x00, 0x03, 0x67, 0xff, 0xfc, 0x0f, 0xff, 0xaf, 0xa9, 0xab, 0xfd, 0xff, 0xe5, 0xa5, 0x6a, 
    0xa4, 0x06, 0x9a, 0x55, 0x55, 0x55, 0x45, 0x55, 0xff, 0xff, 0xff, 0xff, 0xff, 0xff, 0x6a, 0xff, 
    0xff, 0xfb, 0xff, 0xff, 0xff, 0xf9, 0xff, 0x6f, 0xff, 0xff, 0xff, 0x85, 0x55, 0x00, 0x0f, 0xff, 
    0xff, 0xff, 0xff, 0xff, 0xff, 0xf6, 0xa4, 0x55, 0x40, 0x05, 0x7f, 0xff, 0xff, 0xff, 0x00, 0x00, 
    0x00, 0x00, 0x00, 0x00, 0x00, 0x01, 0x15, 0x40, 0x00, 0x00, 0x00, 0x00, 0x00, 0x54, 0x55, 0x55, 
    0x15, 0x50, 0x06, 0x96, 0x8b, 0xf4, 0x95, 0x54, 0x55, 0xab, 0x90, 0x00, 0x19, 0x00, 0x00, 0x2e, 
    0xa7, 0x51, 0x00, 0x00, 0x90, 0x00, 0x00, 0x00, 0x00, 0x3f, 0xfd, 0xaa, 0xa5, 0x50, 0x00, 0x00, 
    0x00, 0x15, 0xaa, 0x9e, 0x00, 0x00, 0x02, 0x00, 0x6a, 0x94, 0x06, 0xa8, 0x04, 0x00, 0x00, 0x00, 
    0x00, 0x00, 0x00, 0x00, 0x44, 0x14, 0x00, 0x00, 0x00, 0x00, 0x15, 0x10, 0x00, 0x00, 0x00, 0x02, 
    0x00, 0x00, 0x50, 0x00, 0x00, 0x00, 0x00, 0x55, 0x50, 0x00, 0x00, 0x00, 0x00, 0x00, 0x00, 0x05, 
    0x00, 0x00, 0x00, 0x00, 0x00, 0x00, 0x00, 0x14, 0x40, 0x95, 0x55, 0x55, 0x55, 0x55, 0x41, 0x54, 
    0x00, 0x00, 0x00, 0x05, 0x4b, 0xff, 0xff, 0xff, 0xff, 0xff, 0xff, 0xee, 0xbf, 0xfb, 0x7f, 0x7e, 
    0x6a, 0xaa, 0xaa, 0x40, 0x00, 0x00, 0x10, 0x6b, 0x55, 0x00, 0x0b, 0xab, 0xff, 0xfc, 0x0f, 0xff, 
    0xd7, 0x6a, 0xab, 0xfd, 0xff, 0xd1, 0x96, 0xaa, 0x94, 0x06, 0x5a, 0x55, 0x55, 0x55, 0x41, 0x55, 
    0xff, 0xff, 0xff, 0xff, 0xff, 0xff, 0xe7, 0xbf, 0xff, 0xff, 0xff, 0xff, 0xff, 0xff, 0x6f, 0xd7, 
    0xff, 0xff, 0xff, 0xc5, 0x55, 0x00, 0x02, 0xff, 0xff, 0xff, 0xff, 0xff, 0xff, 0xff, 0x6f, 0x50, 
    0x00, 0x05, 0x56, 0xfa, 0xff, 0xff, 0x00, 0x00, 0x00, 0x00, 0x10, 0x01, 0x00, 0x01, 0x14, 0x10, 
    0x00, 0x00, 0x00, 0x40, 0x00, 0x15, 0x15, 0x54, 0x45, 0x51, 0x54, 0x11, 0x93, 0xfd, 0x29, 0x54, 
    0x15, 0x56, 0xa0, 0x01, 0x00, 0x00, 0x00, 0x1b, 0x95, 0x40, 0x00, 0x00, 0x74, 0x00, 0x00, 0x00, 
    0x01, 0x3f, 0xfe, 0x6a, 0xa5, 0x60, 0x00, 0x00, 0x00, 0x16, 0xaa, 0xa2, 0x00, 0x00, 0x02, 0x01, 
    0xaa, 0x54, 0x0a, 0xa4, 0x20, 0x00, 0x00, 0x00, 0x00, 0x00, 0x00, 0x00, 0x45, 0x50, 0x00, 0x00, 
    0x40, 0x01, 0x54, 0x00, 0x04, 0x00, 0x00, 0x05, 0x00, 0x01, 0x40, 0x00, 0x00, 0x00, 0x01, 0x50, 
    0x00, 0x00, 0x00, 0x00, 0x00, 0x00, 0x00, 0x54, 0x00, 0x00, 0x00, 0x00, 0x00, 0x00, 0x01, 0x51, 
    0x40, 0x55, 0x55, 0x55, 0x55, 0x54, 0x15, 0x40, 0x00, 0x00, 0x00, 0x00, 0x03, 0xff, 0xff, 0xff, 
    0xff, 0xff, 0x5f, 0xef, 0x7f, 0xfa, 0x7f, 0xdb, 0x95, 0xaa, 0xaa, 0x90, 0x00, 0x00, 0x05, 0x1e, 
    0x55, 0x00, 0x1d, 0xc7, 0xff, 0xf4, 0x1f, 0xff, 0xcb, 0xaa, 0xab, 0xfd, 0xff, 0xd1, 0x46, 0xaa, 
    0xa4, 0x06, 0x5a, 0xa5, 0x55, 0x55, 0x55, 0x65, 0xff, 0xff, 0xff, 0xff, 0xff, 0xff, 0xfd, 0xaf, 
    0xff, 0xff, 0xff, 0xff, 0xff, 0xff, 0xe7, 0xfd, 0xbf, 0xff, 0xff, 0xe1, 0x55, 0x40, 0x00, 0x7f, 
    0xff, 0xff, 0xff, 0xff, 0xff, 0xff, 0xf5, 0xe4, 0x00, 0x01, 0x55, 0x50, 0x3f, 0xff, 0x00, 0x00, 
    0x00, 0x00, 0x00, 0x00, 0x00, 0x05, 0x54, 0x00, 0x00, 0x00, 0x04, 0x00, 0x00, 0x05, 0x40, 0x55, 
    0x04, 0x50, 0x55, 0x50, 0x54, 0xff, 0x8a, 0x65, 0x55, 0x55, 0xe4, 0x02, 0x80, 0x00, 0x00, 0x02, 
    0xda, 0x40, 0x00, 0x00, 0x04, 0x00, 0x00, 0x00, 0x01, 0x1f, 0xff, 0x2a, 0x94, 0x20, 0x00, 0x04, 
    0x00, 0x16, 0xaa, 0xa5, 0x00, 0x00, 0x02, 0x0a, 0xaa, 0x80, 0x1a, 0xa5, 0x50, 0x00, 0x00, 0x00, 
    0x00, 0x00, 0x00, 0x00, 0x15, 0x40, 0x00, 0x00, 0x40, 0x05, 0x51, 0x10, 0x10, 0x00, 0x00, 0x08, 
    0x00, 0x14, 0x00, 0x00, 0x00, 0x00, 0x05, 0x54, 0x00, 0x00, 0x00, 0x00, 0x00, 0x00, 0x15, 0x50, 
    0x00, 0x00, 0x00, 0x00, 0x00, 0x00, 0x05, 0x05, 0x40, 0x55, 0x55, 0x55, 0x55, 0x40, 0x55, 0x00, 
    0x00, 0x00, 0x00, 0x00, 0x01, 0xff, 0xff, 0xff, 0xff, 0xff, 0xef, 0xff, 0xbb, 0xfa, 0x7f, 0xf5, 
    0xf0, 0x1a, 0xaa, 0xa4, 0x00, 0x00, 0x41, 0x46, 0x55, 0x05, 0x3d, 0xd3, 0xff, 0xfc, 0x2f, 0xff, 
    0x4b, 0xaa, 0xab, 0xfd, 0xff, 0xd5, 0x5a, 0xa9, 0x54, 0x06, 0x6a, 0x99, 0x55, 0x55, 0x55, 0x55, 
    0xff, 0xff, 0xff, 0xff, 0xff, 0xff, 0xff, 0xaf, 0xff, 0xff, 0xfb, 0xff, 0xff, 0xff, 0xfd, 0xbf, 
    0xaf, 0xff, 0xff, 0xf1, 0x55, 0x50, 0x00, 0x0b, 0xff, 0xff, 0xff, 0xff, 0xff, 0xff, 0xff, 0x9e, 
    0x01, 0x40, 0x15, 0x50, 0xbf, 0xe9, 0x00, 0x00, 0x00, 0x00, 0x00, 0x00, 0x00, 0x04, 0x50, 0x04, 
    0x00, 0x00, 0x05, 0x10, 0x00, 0x01, 0x50, 0x15, 0x59, 0x14, 0x55, 0x65, 0x54, 0x2f, 0xf3, 0xd5, 
    0x55, 0x55, 0xfd, 0x00, 0x40, 0x00, 0x00, 0x70, 0xd1, 0x00, 0x00, 0x00, 0x02, 0x01, 0x00, 0x40, 
    0x00, 0x0f, 0xff, 0x54, 0x00, 0x30, 0x00, 0x01, 0x40, 0x06, 0xaa, 0xa0, 0x40, 0x00, 0x04, 0x06, 
    0xa6, 0x40, 0x1a, 0x94, 0x80, 0x00, 0x00, 0x00, 0x00, 0x00, 0x00, 0x00, 0x55, 0x40, 0x00, 0x01, 
    0x00, 0x15, 0x40, 0x04, 0x40, 0x00, 0x00, 0x10, 0x00, 0x40, 0x00, 0x00, 0x00, 0x00, 0x55, 0x50, 
    0x00, 0x00, 0x00, 0x00, 0x00, 0x01, 0x55, 0x40, 0x00, 0x00, 0x00, 0x00, 0x00, 0x00, 0x54, 0x15, 
    0x01, 0x55, 0x55, 0x55, 0x55, 0x15, 0x50, 0x00, 0x00, 0x00, 0x00, 0x00, 0x00, 0x3f, 0xff, 0xff, 
    0xff, 0xff, 0xff, 0xff, 0xff, 0xfb, 0x7f, 0xfe, 0x3d, 0x6a, 0xaa, 0xa9, 0x00, 0x04, 0x11, 0x50, 
    0x55, 0x00, 0x7e, 0xb3, 0xff, 0xfc, 0x3f, 0xff, 0x4b, 0x95, 0x6a, 0xfd, 0xff, 0xb5, 0x6a, 0xa5, 
    0x54, 0x56, 0x6a, 0xa9, 0x55, 0x55, 0x55, 0x50, 0xff, 0xff, 0xff, 0xff, 0xff, 0xff, 0xff, 0xf7, 
    0xff, 0xff, 0xff, 0xff, 0xff, 0xff, 0xff, 0xaf, 0xf7, 0xff, 0xfe, 0xa0, 0x55, 0x54, 0x00, 0x01, 
    0xff, 0xff, 0xff, 0xff, 0xff, 0xff, 0xff, 0xf9, 0xd5, 0x50, 0x01, 0x55, 0x59, 0x00, 0x00, 0x00, 
    0x00, 0x00, 0x01, 0x00, 0x00, 0x14, 0x10, 0x00, 0x00, 0x00, 0x05, 0x10, 0x00, 0x00, 0x54, 0x05, 
    0x59, 0x54, 0x14, 0x15, 0x55, 0x0b, 0xfe, 0xe5, 0x59, 0x55, 0x7f, 0x00, 0x00, 0x00, 0x00, 0x50, 
    0x30, 0x00, 0x00, 0x00, 0x02, 0x01, 0x80, 0x40, 0x80, 0x0f, 0xff, 0xd5, 0x00, 0x24, 0x00, 0x1a, 
    0x94, 0x1a, 0xae, 0xa0, 0x80, 0x00, 0x09, 0x00, 0x65, 0x40, 0x25, 0x55, 0x80, 0x00, 0x00, 0x00, 
    0x00, 0x00, 0x00, 0x00, 0x55, 0x00, 0x00, 0x05, 0x00, 0x55, 0x40, 0x14, 0x00, 0x00, 0x00, 0x10, 
    0x00, 0x00, 0x00, 0x00, 0x00, 0x01, 0x55, 0x50, 0x00, 0x00, 0x00, 0x00, 0x00, 0x55, 0x45, 0x00, 
    0x00, 0x00, 0x00, 0x00, 0x00, 0x05, 0x54, 0x55, 0x55, 0x55, 0x55, 0x55, 0x54, 0x41, 0x40, 0x00, 
    0x00, 0x00, 0x00, 0x00, 0x00, 0x00, 0x6f, 0xff, 0xff, 0xff, 0xff, 0xff, 0xf9, 0x6f, 0x7f, 0xff, 
    0x4f, 0x5a, 0xaa, 0xaa, 0x91, 0x05, 0x44, 0x54, 0x15, 0x00, 0xff, 0xb6, 0xff, 0xfc, 0x7f, 0xff, 
    0x8b, 0x56, 0xaa, 0xfd, 0xff, 0xae, 0xaa, 0x95, 0x55, 0x55, 0xaa, 0xa6, 0x54, 0x55, 0x55, 0x40, 
    0xff, 0xff, 0xff, 0xff, 0xff, 0xff, 0xff, 0xfe, 0xbf, 0xff, 0xff, 0xbf, 0xff, 0xff, 0xff, 0xfb, 
    0xfe, 0xbf, 0xff, 0x00, 0x55, 0x55, 0x00, 0x00, 0x1f, 0xff, 0xff, 0xff, 0xff, 0xff, 0xff, 0xff, 
    0x55, 0x50, 0x00, 0x01, 0x50, 0x00, 0x00, 0x00, 0x00, 0x00, 0x00, 0x00, 0x00, 0x04, 0x00, 0x02, 
    0x00, 0x00, 0x05, 0x44, 0x00, 0x00, 0x15, 0x00, 0x55, 0x55, 0x01, 0x05, 0x55, 0x42, 0xff, 0xa9, 
    0x9a, 0x55, 0xa9, 0x00, 0x01, 0x00, 0x14, 0x82, 0x18, 0x05, 0x40, 0x00, 0x00, 0x90, 0xc0, 0x00, 
    0x41, 0x0b, 0xff, 0xd5, 0x40, 0x68, 0x54, 0x6a, 0xa6, 0x6a, 0xaa, 0xa8, 0x90, 0x00, 0x09, 0x00, 
    0x05, 0x00, 0x55, 0x42, 0x40, 0x00, 0x00, 0x00, 0x00, 0x00, 0x00, 0x04, 0x55, 0x00, 0x00, 0x05, 
    0x01, 0x54, 0x00, 0x00, 0x00, 0x00, 0x00, 0x00, 0x00, 0x00, 0x00, 0x00, 0x00, 0x05, 0x55, 0x00, 
    0x00, 0x00, 0x00, 0x00, 0x05, 0x55, 0x54, 0x00, 0x00, 0x00, 0x00, 0x00, 0x00, 0x55, 0x51, 0x55, 
    0x55, 0x55, 0x55, 0x55, 0x40, 0x00, 0x00, 0x00, 0x00, 0x00, 0x00, 0x00, 0x00, 0x00, 0x02, 0xbf, 
    0xff, 0xff, 0xff, 0xef, 0xfe, 0x6f, 0xbf, 0xfe, 0xe2, 0xd6, 0xaa, 0xaa, 0xa8, 0x45, 0x55, 0x15, 
    0x05, 0x10, 0xff, 0x7a, 0xff, 0xfc, 0xbf, 0xfe, 0x0f, 0x15, 0x5a, 0xfe, 0xfe, 0x7e, 0xa6, 0x55, 
    0x50, 0x51, 0xaa, 0xa6, 0x99, 0x55, 0x54, 0x00, 0xff, 0xff, 0xff, 0xff, 0xff, 0xff, 0xff, 0xff, 
    0xdf, 0xff, 0xff, 0xdb, 0xff, 0xff, 0xff, 0xff, 0xbf, 0xef, 0xff, 0x84, 0x54, 0x16, 0x80, 0x00, 
    0x01, 0xff, 0xff, 0xff, 0xff, 0xff, 0xff, 0xff, 0xe5, 0x54, 0x00, 0x01, 0x55, 0x00, 0x00, 0x00, 
    0x00, 0x00, 0x00, 0x00, 0x00, 0x00, 0x00, 0x02, 0x40, 0x00, 0x00, 0x05, 0x01, 0x00, 0x05, 0x40, 
    0x15, 0x56, 0x80, 0x45, 0x15, 0x55, 0xbf, 0xee, 0xa6, 0x90, 0x56, 0x00, 0x01, 0x40, 0x1e, 0x10, 
    0x0d, 0x2f, 0xd0, 0x00, 0x00, 0x80, 0xe1, 0x00, 0x03, 0xe7, 0xff, 0xf1, 0x00, 0x6d, 0x95, 0x6a, 
    0xa8, 0x6a, 0xaa, 0xa9, 0x10, 0x00, 0x0c, 0x00, 0x02, 0x96, 0xa5, 0x02, 0x00, 0x00, 0x00, 0x00, 
    0x00, 0x00, 0x00, 0x04, 0x55, 0x00, 0x00, 0x15, 0x05, 0x51, 0x00, 0x00, 0x00, 0x00, 0x00, 0x54, 
    0x00, 0x10, 0x00, 0x00, 0x00, 0x10, 0x00, 0x00, 0x00, 0x00, 0x00, 0x01, 0x55, 0x55, 0x50, 0x00, 
    0x00, 0x00, 0x00, 0x00, 0x05, 0x55, 0x45, 0x55, 0x55, 0x55, 0x55, 0x55, 0x00, 0x40, 0x00, 0x00, 
    0x00, 0x00, 0x00, 0x00, 0x00, 0x00, 0x00, 0x2f, 0xff, 0xff, 0xff, 0xef, 0xff, 0xaf, 0xbf, 0xfd, 
    0xfc, 0xb8, 0x5a, 0xaa, 0xaf, 0x51, 0x54, 0x44, 0x50, 0x12, 0xfe, 0x7a, 0xbf, 0xf8, 0xff, 0xfd, 
    0x8e, 0x15, 0x56, 0xfe, 0xfa, 0xff, 0xa6, 0x95, 0x50, 0x01, 0x6a, 0x66, 0x69, 0x55, 0x50, 0x00, 
    0xff, 0xff, 0xff, 0xff, 0xff, 0xff, 0xff, 0xff, 0xfa, 0xff, 0xff, 0xf9, 0xbf, 0xff, 0xff, 0xff, 
    0xef, 0xff, 0xff, 0xe6, 0xa9, 0x01, 0x40, 0x00, 0x00, 0x06, 0xff, 0xc2, 0xff, 0xff, 0xff, 0xff, 
    0xf5, 0x55, 0x40, 0x00, 0x55, 0x59, 0x00, 0x00, 0x00, 0x00, 0x00, 0x00, 0x00, 0x00, 0x00, 0x01, 
    0xd0, 0x00, 0x00, 0x05, 0x40, 0x40, 0x00, 0x55, 0x45, 0x56, 0x50, 0x05, 0x5e, 0x5a, 0x6f, 0xff, 
    0x99, 0xaa, 0x56, 0x40, 0x00, 0x40, 0x00, 0x40, 0x03, 0x1f, 0xf4, 0x41, 0x00, 0x74, 0xb6, 0x50, 
    0x01, 0xf7, 0xff, 0xf4, 0x01, 0x6d, 0x50, 0x65, 0xa8, 0x2a, 0xaa, 0xaa, 0x04, 0x00, 0x0d, 0x41, 
    0x91, 0x6a, 0xa0, 0x15, 0x00, 0x00, 0x00, 0x00, 0x00, 0x00, 0x00, 0x15, 0x55, 0x00, 0x00, 0x14, 
    0x05, 0x54, 0x00, 0x00, 0x00, 0x00, 0x01, 0xb0, 0x00, 0x00, 0x00, 0x00, 0x00, 0x40, 0x00, 0x00, 
    0x00, 0x00, 0x00, 0x55, 0x55, 0x55, 0x40, 0x00, 0x00, 0x00, 0x00, 0x00, 0x55, 0x55, 0x15, 0x55, 
    0x55, 0x55, 0x55, 0x54, 0x01, 0x00, 0x00, 0x00, 0x00, 0x00, 0x00, 0x10, 0x00, 0x00, 0x00, 0x07, 
    0xff, 0xff, 0xff, 0xff, 0xff, 0xef, 0xbf, 0xfc, 0xff, 0x5e, 0x40, 0x56, 0xab, 0xd5, 0x15, 0x10, 
    0x14, 0x03, 0xfc, 0xfd, 0x2f, 0xf8, 0xff, 0xff, 0xdf, 0x95, 0x56, 0xfe, 0xed, 0xff, 0xa5, 0x55, 
    0x54, 0x01, 0xaa, 0x69, 0xa9, 0x55, 0x00, 0x05, 0xff, 0xff, 0xff, 0xff, 0xff, 0xff, 0xff, 0xff, 
    0xff, 0xbf, 0xff, 0xff, 0x6f, 0xff, 0xff, 0xff, 0xff, 0xff, 0xff, 0xfc, 0x15, 0x51, 0x40, 0x00, 
    0x00, 0x00, 0x05, 0x40, 0x7f, 0xff, 0xff, 0xff, 0xfd, 0x45, 0x50, 0x00, 0x55, 0x56, 0x00, 0x00, 
    0x00, 0x00, 0x00, 0x00, 0x40, 0x00, 0x00, 0x04, 0xa0, 0x00, 0x00, 0x01, 0x50, 0x50, 0x00, 0x1a, 
    0x91, 0x95, 0x55, 0x05, 0x57, 0xf6, 0xaf, 0xff, 0xea, 0x6a, 0xa6, 0xd0, 0x00, 0x01, 0x00, 0x00, 
    0x02, 0xce, 0x59, 0x01, 0x00, 0x24, 0x3d, 0x50, 0x00, 0xfa, 0xff, 0xf8, 0x55, 0x5e, 0x50, 0xa9, 
    0xa8, 0x6a, 0xea, 0xaa, 0x98, 0x00, 0x0d, 0x69, 0xa9, 0x15, 0xa0, 0x18, 0x00, 0x00, 0x00, 0x00, 
    0x00, 0x00, 0x00, 0x15, 0x45, 0x00, 0x00, 0x50, 0x15, 0x51, 0x00, 0x00, 0x00, 0x10, 0x12, 0xd0, 
    0x00, 0x00, 0x00, 0x00, 0x00, 0x00, 0x00, 0x00, 0x00, 0x00, 0x05, 0x55, 0x55, 0x54, 0x00, 0x00, 
    0x00, 0x00, 0x00, 0x01, 0x55, 0x54, 0x15, 0x55, 0x55, 0x55, 0x55, 0x40, 0x14, 0x00, 0x00, 0x00, 
    0x00, 0x00, 0x00, 0x04, 0x00, 0x00, 0x00, 0x01, 0xff, 0xff, 0xff, 0xff, 0xff, 0xd6, 0xff, 0xf8, 
    0xff, 0xd7, 0xea, 0xaa, 0xaa, 0xf5, 0x45, 0x44, 0x45, 0x0b, 0xff, 0xfd, 0x0f, 0xf8, 0xfc, 0x7f, 
    0xdb, 0x95, 0x9a, 0xfe, 0xf7, 0xff, 0x95, 0x55, 0x54, 0x01, 0x5a, 0x96, 0x9a, 0x54, 0x50, 0x15, 
    0x7f, 0xff, 0xff, 0xff, 0xff, 0xff, 0xff, 0xff, 0xff, 0xff, 0xff, 0xff, 0xe6, 0xff, 0xff, 0xff, 
    0xff, 0xff, 0xff, 0xff, 0x05, 0x54, 0x05, 0x50, 0x00, 0x10, 0x00, 0x00, 0x07, 0xff, 0xff, 0xff, 
    0xf6, 0x11, 0x54, 0x00, 0x15, 0x65, 0x00, 0x00, 0x00, 0x00, 0x00, 0x00, 0x40, 0x00, 0x00, 0x05, 
    0x25, 0x00, 0x01, 0x00, 0x15, 0x54, 0x00, 0x05, 0xe5, 0x55, 0x55, 0x40, 0x16, 0xaf, 0xfa, 0xff, 
    0xfa, 0x99, 0xfa, 0xb4, 0x00, 0x01, 0x80, 0x00, 0x00, 0xe1, 0x00, 0x00, 0x00, 0x00, 0x3e, 0x90, 
    0x00, 0x3d, 0xff, 0xfd, 0x66, 0x4f, 0x51, 0xaa, 0xa8, 0x6a, 0xaa, 0xaa, 0x8a, 0x00, 0x0d, 0xa9, 
    0xaa, 0x90, 0x68, 0x18, 0x00, 0x00, 0x00, 0x00, 0x00, 0x00, 0x00, 0x55, 0x01, 0x00, 0x00, 0x50, 
    0x55, 0x55, 0x04, 0x40, 0x00, 0x40, 0x0b, 0xc0, 0x00, 0x00, 0x00, 0x00, 0x10, 0x00, 0x00, 0x00, 
    0x00, 0x00, 0x55, 0x55, 0x55, 0x50, 0x00, 0x00, 0x00, 0x00, 0x00, 0x15, 0x55, 0x54, 0x55, 0x55, 
    0x55, 0x55, 0x55, 0x01, 0x50, 0x00, 0x00, 0x00, 0x00, 0x00, 0x00, 0x00, 0x00, 0x00, 0x00, 0x00, 
    0x7f, 0xff, 0xff, 0xff, 0xff, 0xd4, 0x7f, 0xf9, 0xff, 0xf5, 0xf5, 0xaa, 0xaa, 0xbd, 0x51, 0x55, 
    0x11, 0x43, 0xff, 0xfe, 0x0f, 0xf8, 0xf4, 0x3f, 0xeb, 0xaa, 0xaa, 0xf8, 0xff, 0xff, 0x95, 0x56, 
    0x55, 0x02, 0xa5, 0x55, 0x65, 0x51, 0x41, 0x55, 0x0b, 0xff, 0xff, 0xff, 0xff, 0xff, 0xff, 0xff, 
    0xff, 0xff, 0xff, 0xff, 0xfd, 0x6f, 0xff, 0xff, 0xff, 0xff, 0xff, 0xff, 0xc1, 0x54, 0x01, 0x55, 
    0x00, 0x00, 0x50, 0x02, 0x40, 0xbf, 0xff, 0xff, 0xf4, 0x14, 0x05, 0x00, 0x01, 0x64, 0x00, 0x00, 
    0x00, 0x00, 0x00, 0x01, 0x40, 0x00, 0x00, 0x05, 0x59, 0x00, 0x05, 0x40, 0x05, 0x44, 0x00, 0x01, 
    0x79, 0x41, 0x55, 0x50, 0x01, 0xab, 0xfd, 0xbf, 0xff, 0xe5, 0x7e, 0xb8, 0x00, 0x00, 0xa0, 0x00, 
    0x00, 0xb4, 0x01, 0x00, 0x02, 0x00, 0x2a, 0x80, 0x00, 0x00, 0xff, 0xfe, 0x6a, 0x4f, 0x7a, 0xaa, 
    0x82, 0x66, 0xaa, 0xa9, 0x5a, 0x00, 0x0e, 0xa9, 0xaa, 0xa9, 0x00, 0x40, 0x00, 0x00, 0x00, 0x00, 
    0x00, 0x00, 0x00, 0x55, 0x01, 0x00, 0x01, 0x41, 0x55, 0x50, 0x00, 0x00, 0x00, 0x40, 0x5f, 0x40, 
    0x00, 0x00, 0x00, 0x00, 0x50, 0x00, 0x00, 0x00, 0x00, 0x15, 0x55, 0x55, 0x55, 0x40, 0x00, 0x00, 
    0x00, 0x00, 0x01, 0x55, 0x55, 0x51, 0x54, 0x15, 0x55, 0x55, 0x50, 0x05, 0x40, 0x00, 0x00, 0x00, 
    0x00, 0x00, 0x00, 0x00, 0x00, 0x00, 0x00, 0x00, 0xbf, 0xff, 0xff, 0xff, 0xff, 0xff, 0x6f, 0xf9, 
    0xff, 0xfe, 0x3e, 0x6a, 0xaa, 0xab, 0x94, 0x55, 0x54, 0x54, 0xbf, 0xff, 0x4f, 0xed, 0xf4, 0xbf, 
    0xf7, 0xaa, 0xaa, 0xfa, 0xff, 0xff, 0x95, 0x65, 0x95, 0x01, 0xa6, 0x55, 0x59, 0x45, 0x15, 0x55, 
    0x50, 0xff, 0xff, 0xff, 0xff, 0xff, 0xff, 0xff, 0xff, 0xff, 0xff, 0xff, 0xff, 0x9b, 0xff, 0xff, 
    0xff, 0xff, 0xff, 0xff, 0xf0, 0x15, 0x00, 0x55, 0x50, 0x55, 0x55, 0x56, 0x41, 0xbf, 0xff, 0xff, 
    0xfe, 0x05, 0x00, 0x00, 0x00, 0x14, 0x00, 0x00, 0x00, 0x00, 0x00, 0x00, 0x00, 0x00, 0x00, 0x14, 
    0x06, 0x00, 0x45, 0x55, 0x51, 0x6a, 0x40, 0x00, 0x57, 0x90, 0x15, 0x54, 0x04, 0x6a, 0xbe, 0x5f, 
    0xff, 0xfd, 0x5a, 0xad, 0x00, 0x00, 0x3c, 0x2a, 0xa9, 0x7c, 0x00, 0x00, 0x01, 0xc0, 0x1d, 0xc0, 
    0x00, 0x00, 0xff, 0xff, 0x9a, 0x0b, 0xbe, 0xaa, 0x92, 0x56, 0xaa, 0xaa, 0x9a, 0x81, 0x4d, 0xa9, 
    0xaa, 0xaa, 0x90, 0x00, 0x00, 0x00, 0x00, 0x00, 0x00, 0x00, 0x00, 0x55, 0x01, 0x40, 0x05, 0x45, 
    0x55, 0x00, 0x04, 0x00, 0x05, 0x00, 0x7e, 0x00, 0x00, 0x00, 0x00, 0x01, 0x51, 0x00, 0x00, 0x00, 
    0x01, 0x55, 0x55, 0x15, 0x00, 0x00, 0x00, 0x00, 0x00, 0x00, 0x15, 0x55, 0x45, 0x51, 0x55, 0x55, 
    0x55, 0x55, 0x00, 0x15, 0x00, 0x00, 0x00, 0x00, 0x00, 0x00, 0x00, 0x00, 0x00, 0x00, 0x00, 0x0f, 
    0x6f, 0xff, 0xfe, 0xff, 0xff, 0xfb, 0xff, 0xe9, 0xff, 0xff, 0x8b, 0x9a, 0xaa, 0xaa, 0xe5, 0x55, 
    0x55, 0x15, 0x1f, 0xff, 0x8f, 0x80, 0xf2, 0xff, 0xfb, 0xa6, 0xaa, 0xef, 0xff, 0xff, 0xd6, 0x5a, 
    0x95, 0x01, 0x55, 0x55, 0x59, 0x54, 0x55, 0x55, 0x84, 0x2f, 0xff, 0xff, 0xff, 0xff, 0xff, 0xff, 
    0xff, 0xff, 0xff, 0xff, 0xff, 0xfa, 0xff, 0xff, 0xff, 0xff, 0xff, 0xff, 0xfc, 0x01, 0x40, 0x15, 
    0x55, 0x15, 0x55, 0xa9, 0x42, 0xff, 0xff, 0xff, 0xff, 0xc0, 0x00, 0x00, 0x01, 0x09, 0x00, 0x00, 
    0x00, 0x00, 0x00, 0x00, 0x00, 0x00, 0x00, 0x10, 0x02, 0x40, 0x15, 0x55, 0x54, 0x6a, 0x50, 0x00, 
    0x04, 0xa4, 0x00, 0x54, 0x14, 0x5a, 0x59, 0x57, 0xff, 0xff, 0x8b, 0xda, 0x00, 0x00, 0x1f, 0x19, 
    0x45, 0x3f, 0x00, 0x00, 0x00, 0x15, 0x0f, 0x91, 0x10, 0x00, 0x7f, 0xff, 0x9a, 0x0b, 0xba, 0xaa, 
    0xa9, 0xaa, 0xa9, 0x6a, 0x9a, 0x82, 0x89, 0xa9, 0xaa, 0xaa, 0xa0, 0x10, 0x00, 0x00, 0x00, 0x00, 
    0x00, 0x00, 0x01, 0x14, 0x00, 0x40, 0x05, 0x15, 0x55, 0x44, 0x10, 0x00, 0x05, 0x01, 0xbc, 0x00, 
    0x00, 0x00, 0x00, 0x01, 0x00, 0x00, 0x00, 0x00, 0x15, 0x55, 0x15, 0x55, 0x40, 0x00, 0x00, 0x00, 
    0x00, 0x00, 0x55, 0x55, 0x45, 0x05, 0x00, 0x55, 0x55, 0x54, 0x00, 0x50, 0x00, 0x00, 0x00, 0x00, 
    0x00, 0x00, 0x00, 0x00, 0x00, 0x00, 0x00, 0x0b, 0xf4, 0xff, 0xfc, 0xbf, 0xff, 0xbf, 0xff, 0xc5, 
    0xff, 0xef, 0xf2, 0xfa, 0xaa, 0xaa, 0xa5, 0x55, 0x15, 0x45, 0x47, 0xff, 0x8f, 0x04, 0xd7, 0xff, 
    0xf7, 0x99, 0xa9, 0x7e, 0xff, 0xff, 0xea, 0xaa, 0x95, 0x40, 0x55, 0x55, 0x55, 0x51, 0x55, 0x55, 
    0xf5, 0x43, 0xff, 0xff, 0xff, 0xff, 0xff, 0xff, 0xff, 0xff, 0xff, 0xff, 0xff, 0xfe, 0xbf, 0xff, 
    0xff, 0xff, 0xff, 0xff, 0xff, 0x44, 0x50, 0x15, 0x55, 0x45, 0x55, 0x7a, 0xa4, 0xff, 0xff, 0xff, 
    0xff, 0xf7, 0x94, 0x55, 0x00, 0x46, 0x80, 0x00, 0x00, 0x00, 0x00, 0x00, 0x00, 0x00, 0x00, 0x54, 
    0x01, 0x40, 0x01, 0x54, 0x51, 0x2a, 0xa4, 0x00, 0x01, 0x05, 0x50, 0x05, 0x55, 0x54, 0x16, 0x96, 
    0xff, 0xff, 0xf6, 0x51, 0x80, 0x00, 0x07, 0x90, 0x1e, 0x5f, 0x80, 0x08, 0x00, 0x15, 0x07, 0xa1, 
    0x41, 0xc0, 0x3f, 0xff, 0xc4, 0x1b, 0xea, 0xa5, 0x28, 0x6a, 0xa9, 0x1a, 0x96, 0x80, 0x09, 0xa9, 
    0xab, 0xaa, 0xa0, 0x00, 0x00, 0x00, 0x00, 0x00, 0x00, 0x00, 0x18, 0x10, 0x00, 0x00, 0x15, 0x55, 
    0x55, 0x10, 0x40, 0x10, 0x14, 0x05, 0xf4, 0x00, 0x00, 0x00, 0x00, 0x00, 0x00, 0x00, 0x00, 0x01, 
    0x55, 0x55, 0x55, 0x55, 0x00, 0x00, 0x00, 0x00, 0x00, 0x05, 0x55, 0x55, 0x55, 0x10, 0x01, 0x55, 
    0x55, 0x41, 0x04, 0x40, 0x00, 0x00, 0x00, 0x00, 0x00, 0x00, 0x00, 0x00, 0x00, 0x00, 0x00, 0x07, 
    0xff, 0xff, 0xfc, 0x3f, 0xfe, 0xff, 0xff, 0xd6, 0xff, 0xef, 0xfd, 0xbe, 0xaa, 0xaa, 0xae, 0x55, 
    0x45, 0x51, 0x50, 0xff, 0xce, 0x00, 0xff, 0xff, 0xf7, 0xaa, 0x58, 0xfd, 0xff, 0xff, 0xe9, 0xaa, 
    0x99, 0x50, 0x15, 0x55, 0x41, 0x15, 0x55, 0x55, 0xfe, 0x10, 0x7f, 0xff, 0xff, 0xff, 0xff, 0xff, 
    0xff, 0xff, 0xff, 0xff, 0xff, 0xff, 0xef, 0xff, 0xff, 0xff, 0xff, 0xff, 0xff, 0xe1, 0x54, 0x05, 
    0x55, 0x55, 0x55, 0x7a, 0xa4, 0x7f, 0xff, 0xff, 0xff, 0xfd, 0xf4, 0x14, 0x50, 0x41, 0x64, 0x00, 
    0x00, 0x00, 0x00, 0x00, 0x00, 0x40, 0x01, 0xa0, 0x00, 0x80, 0x00, 0x54, 0x14, 0x15, 0x65, 0x40, 
    0x00, 0x52, 0x55, 0x05, 0x00, 0x10, 0x02, 0xab, 0xff, 0xff, 0xfd, 0x00, 0x90, 0x1e, 0x01, 0xa5, 
    0x0b, 0x5f, 0xe0, 0x02, 0x00, 0x19, 0x43, 0xe4, 0x80, 0x6a, 0x3f, 0xff, 0xd4, 0xab, 0xda, 0xa9, 
    0xa9, 0x66, 0x60, 0x6a, 0xa6, 0x90, 0x09, 0xa9, 0xaa, 0xea, 0x90, 0x6b, 0x40, 0x00, 0x00, 0x00, 
    0x00, 0x00, 0x28, 0x10, 0x00, 0x00, 0x11, 0x55, 0x45, 0x51, 0x11, 0x41, 0x44, 0x05, 0xe0, 0x00, 
    0x00, 0x00, 0x00, 0x00, 0x00, 0x00, 0x00, 0x15, 0x55, 0x55, 0x55, 0x50, 0x00, 0x00, 0x00, 0x00, 
    0x00, 0x54, 0x55, 0x55, 0x54, 0x04, 0x05, 0x55, 0x55, 0x44, 0x10, 0x00, 0x00, 0x00, 0x00, 0x00, 
    0x00, 0x00, 0x00, 0x00, 0x00, 0x00, 0x00, 0x03, 0xff, 0xfe, 0xfc, 0x1f, 0xff, 0xff, 0xff, 0xf9, 
    0xff, 0xef, 0xff, 0x5f, 0xaa, 0xaa, 0xaa, 0x95, 0x41, 0x54, 0x15, 0x2f, 0xc9, 0x00, 0xff, 0xff, 
    0xfb, 0xa5, 0x56, 0xfd, 0xff, 0xff, 0xfa, 0x5a, 0x5a, 0x50, 0x15, 0x55, 0x00, 0x55, 0x55, 0x55, 
    0x2f, 0xd1, 0x0b, 0xff, 0xff, 0xff, 0xff, 0xff, 0xff, 0xff, 0xff, 0xff, 0xff, 0xff, 0xff, 0xff, 
    0xff, 0xff, 0xff, 0xff, 0xff, 0xff, 0xf5, 0x95, 0x55, 0x55, 0x55, 0x56, 0xa9, 0x3f, 0xff, 0xff, 
    0xff, 0xfd, 0x79, 0x55, 0x55, 0x51, 0x1a, 0x00, 0x00, 0x00, 0x00, 0x00, 0x00, 0x00, 0x02, 0x90, 
    0x00, 0x10, 0x01, 0x05, 0x04, 0x1a, 0x58, 0x20, 0x00, 0x19, 0x55, 0x40, 0x00, 0x01, 0xee, 0xaa, 
    0xff, 0xff, 0xff, 0x40, 0x34, 0x05, 0x00, 0x9d, 0x43, 0xfb, 0xf5, 0x11, 0x40, 0x16, 0x42, 0xf8, 
    0x05, 0x2f, 0x2f, 0xff, 0xf2, 0xab, 0xda, 0xaa, 0xaa, 0x60, 0x01, 0xaa, 0xa6, 0xa0, 0x09, 0xa9, 
    0x6b, 0xea, 0x90, 0x90, 0x00, 0x00, 0x00, 0x04, 0x00, 0x00, 0x04, 0x50, 0x00, 0x00, 0x41, 0x54, 
    0x55, 0x40, 0x45, 0x45, 0x40, 0x15, 0x10, 0x00, 0x00, 0x00, 0x00, 0x00, 0x00, 0x00, 0x00, 0x50, 
    0x55, 0x55, 0x55, 0x00, 0x00, 0x00, 0x00, 0x00, 0x01, 0x51, 0x55, 0x55, 0x54, 0x00, 0x15, 0x55, 
    0x51, 0x50, 0x40, 0x00, 0x00, 0x00, 0x00, 0x00, 0x00, 0x00, 0x00, 0x00, 0x00, 0x00, 0x00, 0x01, 
    0xff, 0xff, 0xfc, 0x03, 0xff, 0xff, 0x7f, 0xd5, 0xbf, 0xef, 0xff, 0x97, 0xe6, 0xaa, 0xaa, 0xb5, 
    0x55, 0x15, 0x55, 0x47, 0xd4, 0x00, 0xff, 0xff, 0xfa, 0xea, 0x57, 0xfd, 0xff, 0xff, 0xf9, 0x95, 
    0x5a, 0x50, 0x05, 0x50, 0x45, 0x55, 0x55, 0x55, 0x82, 0xf8, 0x50, 0xbf, 0xff, 0xff, 0xff, 0xff, 
    0xff, 0xff, 0xff, 0xff, 0xff, 0xff, 0xff, 0xbf, 0xff, 0xff, 0xff, 0xff, 0xff, 0xff, 0xff, 0x65, 
    0x55, 0x55, 0x55, 0x51, 0xbf, 0x4f, 0xff, 0xff, 0xff, 0xf8, 0x1e, 0x54, 0x45, 0x55, 0x17, 0x40, 
    0x00, 0x00, 0x00, 0x00, 0x00, 0x40, 0x00, 0x00, 0x00, 0x14, 0x00, 0x02, 0x55, 0x05, 0x55, 0x19, 
    0x00, 0x06, 0x94, 0x00, 0x00, 0x01, 0xbf, 0xea, 0xaf, 0xff, 0xff, 0xe1, 0x1c, 0x00, 0x00, 0x27, 
    0x80, 0xff, 0xfd, 0x88, 0xd0, 0x09, 0x51, 0xf8, 0x03, 0x0f, 0xdf, 0xff, 0xf6, 0xaa, 0xea, 0xaa, 
    0xaa, 0x68, 0x02, 0xaa, 0xa2, 0xa0, 0x09, 0xa9, 0x6b, 0xaa, 0xa0, 0x90, 0x00, 0x00, 0x00, 0x40, 
    0x00, 0x04, 0x01, 0x50, 0x00, 0x00, 0x45, 0x51, 0x55, 0x41, 0x05, 0x45, 0x50, 0x2a, 0x80, 0x00, 
    0x00, 0x00, 0x10, 0x00, 0x00, 0x00, 0x15, 0x00, 0x55, 0x55, 0x54, 0x00, 0x00, 0x00, 0x00, 0x00, 
    0x15, 0x45, 0x55, 0x55, 0x55, 0x01, 0x55, 0x55, 0x15, 0x51, 0x00, 0x00, 0x00, 0x00, 0x00, 0x00, 
    0x00, 0x00, 0x00, 0x00, 0x00, 0x00, 0x00, 0x00, 0xff, 0xff, 0xd0, 0x00, 0xbf, 0xff, 0xbf, 0xd3, 
    0xbf, 0xef, 0xff, 0xb9, 0xf9, 0x6a, 0xaa, 0xad, 0x55, 0x45, 0x51, 0x51, 0xd0, 0x00, 0xff, 0xff, 
    0xfd, 0xe5, 0x97, 0xfd, 0xff, 0xff, 0xf9, 0x55, 0x55, 0x50, 0x0a, 0x41, 0x55, 0x55, 0x55, 0x55, 
    0xf4, 0x7f, 0x98, 0x1f, 0xff, 0xff, 0xff, 0xff, 0xff, 0xff, 0xff, 0xff, 0xff, 0xff, 0xff, 0xff, 
    0xff, 0xff, 0xff, 0xff, 0xff, 0xff, 0xff, 0xe6, 0x55, 0x55, 0x55, 0x40, 0x55, 0x47, 0xff, 0xff, 
    0xff, 0xe0, 0x01, 0xa5, 0x51, 0x55, 0x06, 0x00, 0x00, 0x00, 0x00, 0x00, 0x00, 0x0a, 0x00, 0x00, 
    0x00, 0x85, 0x00, 0x01, 0x6f, 0x00, 0x00, 0x1a, 0x80, 0x02, 0xa5, 0x00, 0x00, 0x00, 0x5f, 0xfa, 
    0x57, 0xff, 0xff, 0xfc, 0x46, 0x00, 0x80, 0x09, 0xe6, 0xa9, 0xfe, 0x19, 0x70, 0x01, 0x90, 0xdc, 
    0x07, 0x04, 0x0f, 0xff, 0xfc, 0x41, 0xf2, 0xaa, 0x0f, 0xaa, 0x82, 0xaa, 0xa2, 0x14, 0x05, 0xaa, 
    0x6f, 0xaa, 0xa1, 0x90, 0x00, 0x00, 0x00, 0x00, 0x00, 0x00, 0x06, 0x50, 0x00, 0x01, 0x55, 0x55, 
    0x55, 0x04, 0x15, 0x55, 0x40, 0x7e, 0x40, 0x00, 0x00, 0x40, 0x00, 0x00, 0x00, 0x01, 0x54, 0x01, 
    0x55, 0x55, 0x40, 0x00, 0x00, 0x00, 0x00, 0x01, 0x55, 0x05, 0x55, 0x55, 0x54, 0x15, 0x15, 0x51, 
    0x55, 0x04, 0x00, 0x00, 0x00, 0x00, 0x00, 0x00, 0x00, 0x00, 0x00, 0x00, 0x00, 0x00, 0x00, 0x00, 
    0x7f, 0xff, 0xf0, 0x00, 0x3f, 0xff, 0xff, 0xdb, 0xff, 0xbf, 0xff, 0xfe, 0x3f, 0x5a, 0xaa, 0xab, 
    0x55, 0x51, 0x55, 0x54, 0x50, 0x00, 0xff, 0xff, 0xfe, 0xd0, 0xd7, 0xfd, 0xff, 0xff, 0xfd, 0x55, 
    0x45, 0x50, 0x15, 0x45, 0x55, 0x55, 0x55, 0x50, 0xff, 0x07, 0xf5, 0x42, 0xff, 0xff, 0xff, 0xff, 
    0xff, 0xff, 0xff, 0xff, 0xff, 0xff, 0xff, 0xff, 0xff, 0xff, 0xff, 0xff, 0xff, 0xff, 0xff, 0xfe, 
    0x65, 0x55, 0x55, 0x01, 0x55, 0x51, 0xff, 0xff, 0xff, 0x80, 0x00, 0x0a, 0x55, 0x54, 0x01, 0x00, 
    0x00, 0x04, 0x00, 0x00, 0x00, 0x09, 0x00, 0x00, 0x54, 0x92, 0x00, 0x01, 0x7f, 0x94, 0x00, 0x07, 
    0xa0, 0x00, 0xaa, 0x51, 0x00, 0x00, 0x16, 0xfe, 0x95, 0xff, 0xff, 0xff, 0xa0, 0x00, 0x20, 0x07, 
    0xbf, 0xe0, 0xbf, 0x40, 0x38, 0x03, 0xe4, 0xae, 0x03, 0x80, 0x0b, 0xff, 0xfd, 0x01, 0xf1, 0xa9, 
    0x0b, 0x5a, 0x80, 0xaa, 0xa4, 0x14, 0x05, 0xaa, 0x1f, 0xaa, 0xa1, 0x90, 0x00, 0x00, 0x00, 0x00, 
    0x00, 0x00, 0x06, 0x40, 0x00, 0x01, 0x15, 0x55, 0x54, 0x14, 0x55, 0x54, 0x40, 0xbd, 0x00, 0x00, 
    0x00, 0x00, 0x00, 0x00, 0x00, 0x55, 0x40, 0x05, 0x55, 0x54, 0x00, 0x00, 0x00, 0x00, 0x00, 0x15, 
    0x50, 0x55, 0x55, 0x55, 0x50, 0x05, 0x55, 0x05, 0x54, 0x00, 0x00, 0x00, 0x00, 0x00, 0x00, 0x00, 
    0x00, 0x00, 0x00, 0x00, 0x00, 0x00, 0x00, 0x00, 0x3f, 0xff, 0xf8, 0x00, 0x2f, 0xff, 0xff, 0xff, 
    0xff, 0xff, 0xfe, 0xff, 0xcf, 0xe9, 0xaa, 0xaa, 0xe5, 0x54, 0x55, 0x15, 0x00, 0x20, 0xff, 0xff, 
    0xff, 0xd0, 0x9b, 0xfd, 0xff, 0xff, 0xfe, 0x55, 0x45, 0x10, 0x15, 0x00, 0x15, 0x55, 0x55, 0x04, 
    0xff, 0xe0, 0xfe, 0x58, 0x7f, 0xff, 0xff, 0xff, 0xff, 0xff, 0xff, 0xff, 0xff, 0xff, 0xff, 0xff, 
    0xff, 0xff, 0xff, 0xff, 0xfe, 0xff, 0xff, 0xff, 0xda, 0x55, 0x05, 0x50, 0x15, 0x54, 0x3f, 0xff, 
    0xfc, 0x00, 0x00, 0x00, 0x90, 0x11, 0x05, 0x00, 0x00, 0x00, 0x00, 0x00, 0x00, 0x18, 0x00, 0x01, 
    0x55, 0xa4, 0x80, 0x00, 0xbb, 0xc1, 0x40, 0x01, 0xa9, 0x00, 0x2a, 0x91, 0x50, 0x00, 0x01, 0xaa, 
    0x69, 0x7f, 0xff, 0xff, 0xfd, 0x00, 0x08, 0x01, 0xab, 0xe4, 0x3f, 0xc0, 0x00, 0x01, 0xf4, 0x27, 
    0x03, 0x82, 0x03, 0xff, 0xff, 0x01, 0xf4, 0xa0, 0x06, 0x5a, 0x90, 0x6a, 0xa4, 0x14, 0x05, 0x96, 
    0x2f, 0xaa, 0xa2, 0x90, 0x00, 0x00, 0x00, 0x00, 0x00, 0x01, 0x42, 0x40, 0x00, 0x05, 0x15, 0x55, 
    0x50, 0x55, 0x55, 0x54, 0x00, 0xf4, 0x00, 0x00, 0x40, 0x40, 0x00, 0x00, 0x00, 0x54, 0x04, 0x15, 
    0x55, 0x40, 0x00, 0x00, 0x00, 0x00, 0x01, 0x55, 0x00, 0x55, 0x55, 0x55, 0x40, 0x01, 0x50, 0x55, 
    0x40, 0x00, 0x00, 0x00, 0x00, 0x00, 0x00, 0x00, 0x00, 0x00, 0x00, 0x00, 0x00, 0x00, 0x00, 0x00, 
    0x1f, 0xff, 0xf8, 0x00, 0x0f, 0xff, 0xff, 0xdf, 0xfd, 0x7f, 0xff, 0xff, 0xf6, 0xfa, 0xaa, 0xaa, 
    0xb9, 0x55, 0x15, 0x45, 0x40, 0xa0, 0xff, 0xff, 0xff, 0x81, 0x5a, 0xfd, 0xff, 0xff, 0xff, 0xa5, 
    0x00, 0x00, 0x10, 0x05, 0x55, 0x55, 0x50, 0x14, 0xff, 0xfd, 0x1f, 0xe2, 0x87, 0xff, 0xff, 0xff, 
    0xff, 0xff, 0xff, 0xff, 0xff, 0xff, 0xff, 0xff, 0xff, 0xff, 0xff, 0xff, 0xff, 0xef, 0xff, 0xff, 
    0xfd, 0xa5, 0x01, 0x40, 0x05, 0x95, 0x0b, 0xff, 0xfc, 0x00, 0x00, 0x00, 0x05, 0x00, 0x05, 0x00, 
    0x00, 0x00, 0x00, 0x00, 0x00, 0x14, 0x00, 0x00, 0x10, 0x44, 0x10, 0x00, 0xab, 0xc0, 0x19, 0x00, 
    0x1f, 0x80, 0x0a, 0xa8, 0x29, 0x00, 0x00, 0x18, 0x19, 0x5f, 0xff, 0xff, 0xff, 0x40, 0x0a, 0x00, 
    0x6a, 0xb4, 0x2f, 0xe0, 0x00, 0x00, 0xb4, 0x17, 0x83, 0xc0, 0x03, 0xff, 0xff, 0x02, 0xb8, 0x40, 
    0x06, 0xa9, 0x20, 0x68, 0x64, 0x65, 0x05, 0x56, 0x7e, 0xea, 0xa5, 0x90, 0x00, 0x00, 0x00, 0x00, 
    0x00, 0x02, 0x42, 0x40, 0x00, 0x04, 0x55, 0x55, 0x40, 0x55, 0x54, 0x54, 0x02, 0xa0, 0x00, 0x01, 
    0x05, 0x00, 0x00, 0x00, 0x00, 0x11, 0x51, 0x55, 0x54, 0x00, 0x00, 0x00, 0x00, 0x00, 0x15, 0x55, 
    0x05, 0x55, 0x55, 0x50, 0x40, 0x55, 0x05, 0x55, 0x00, 0x00, 0x00, 0x00, 0x00, 0x00, 0x00, 0x00, 
    0x00, 0x00, 0x00, 0x00, 0x00, 0x00, 0x00, 0x00, 0x02, 0xff, 0xf8, 0x00, 0x0b, 0xff, 0xff, 0xdf, 
    0xfe, 0x6f, 0xfe, 0xff, 0xfd, 0xbd, 0xaa, 0xaa, 0xab, 0x55, 0x45, 0x51, 0x54, 0xa0, 0xff, 0xff, 
    0xff, 0x47, 0x6a, 0x7d, 0xff, 0xff, 0xff, 0xa9, 0x05, 0x50, 0x00, 0x00, 0x55, 0x55, 0x01, 0x40, 
    0xff, 0xff, 0xd2, 0xfd, 0x69, 0xbf, 0xff, 0xff, 0xff, 0xff, 0xff, 0xff, 0xff, 0xff, 0xff, 0xff, 
    0xff, 0xff, 0xff, 0xff, 0xff, 0xfb, 0xff, 0xff, 0xff, 0x99, 0x50, 0x50, 0x00, 0x15, 0x00, 0xff, 
    0xfc, 0x00, 0x00, 0x00, 0x01, 0x40, 0x54, 0x00, 0x00, 0x00, 0x00, 0x00, 0x00, 0x04, 0x00, 0x01, 
    0x51, 0x54, 0x18, 0x55, 0x7a, 0xc0, 0x07, 0xe4, 0x01, 0xe0, 0x00, 0xaa, 0x6e, 0x00, 0x00, 0x01, 
    0x55, 0x57, 0xff, 0xff, 0xff, 0xa0, 0x03, 0x40, 0x2e, 0xfe, 0x5f, 0xf5, 0x00, 0x20, 0x29, 0x0b, 
    0xd4, 0xc0, 0x86, 0xff, 0xff, 0x86, 0x3c, 0x00, 0x0a, 0x44, 0x29, 0x68, 0x14, 0x54, 0x00, 0x2f, 
    0xb6, 0xaa, 0xa5, 0x90, 0x00, 0x00, 0x00, 0x00, 0x00, 0x02, 0x41, 0x50, 0x00, 0x04, 0x15, 0x55, 
    0x41, 0x55, 0x55, 0x50, 0x02, 0x10, 0x00, 0x00, 0x00, 0x00, 0x00, 0x00, 0x00, 0x55, 0x4a, 0x55, 
    0x40, 0x00, 0x00, 0x00, 0x00, 0x00, 0x55, 0x55, 0x01, 0x55, 0x55, 0x40, 0x01, 0x40, 0x55, 0x54, 
    0x05, 0x00, 0x00, 0x00, 0x00, 0x00, 0x00, 0x00, 0x00, 0x00, 0x00, 0x00, 0x00, 0x00, 0x00, 0x00, 
    0x00, 0x2f, 0xe4, 0x00, 0x07, 0xff, 0xff, 0xdf, 0xfe, 0x2f, 0xfe, 0xff, 0xff, 0x5f, 0x6a, 0xaa, 
    0xaa, 0xd5, 0x51, 0x54, 0x55, 0x00, 0xff, 0xff, 0xff, 0x0b, 0x6a, 0x9d, 0xff, 0xff, 0xff, 0xa9, 
    0x01, 0x50, 0x00, 0x05, 0x55, 0x40, 0x00, 0x00, 0xff, 0xff, 0xf8, 0x7f, 0xd7, 0x9f, 0xff, 0xff, 
    0xff, 0xff, 0xff, 0xff, 0xff, 0xff, 0xff, 0xff, 0xff, 0xef, 0xff, 0xff, 0xff, 0xfe, 0xbf, 0xff, 
    0xff, 0xf9, 0x95, 0x00, 0x00, 0x15, 0x40, 0x1f, 0xfc, 0x00, 0x00, 0x00, 0x00, 0x11, 0x44, 0x00, 
    0x00, 0x00, 0x00, 0x00, 0x01, 0x04, 0x00, 0x10, 0x11, 0x40, 0x09, 0x15, 0x5b, 0xe0, 0x01, 0xf0, 
    0x00, 0x20, 0x00, 0x1a, 0x90, 0x40, 0x00, 0x40, 0x55, 0x4b, 0xff, 0xfd, 0xff, 0xd8, 0x00, 0xc0, 
    0x4b, 0xa6, 0x9f, 0xfd, 0x80, 0x70, 0x24, 0x0b, 0xe4, 0xa0, 0x51, 0xff, 0xff, 0xce, 0x2d, 0x19, 
    0x06, 0x04, 0x29, 0x69, 0x04, 0xa4, 0x01, 0x7e, 0xab, 0xaa, 0xa5, 0x90, 0x00, 0x00, 0x00, 0x00, 
    0x00, 0x01, 0x01, 0x50, 0x00, 0x11, 0x55, 0x54, 0x05, 0x55, 0x51, 0x50, 0x00, 0x40, 0x00, 0x00, 
    0x00, 0x00, 0x00, 0x15, 0x05, 0x55, 0x69, 0x54, 0x00, 0x00, 0x00, 0x00, 0x00, 0x05, 0x55, 0x00, 
    0x05, 0x55, 0x55, 0x00, 0x50, 0x05, 0x55, 0x40, 0x01, 0xa9, 0x00, 0x00, 0x00, 0x00, 0x00, 0x00, 
    0x00, 0x00, 0x00, 0x00, 0x00, 0x00, 0x00, 0x00, 0x00, 0x05, 0x04, 0x00, 0x02, 0xff, 0xff, 0xef, 
    0xfc, 0x6f, 0xfe, 0xff, 0xff, 0xd7, 0xea, 0xaa, 0xaa, 0xb9, 0x54, 0x45, 0x15, 0x40, 0xff, 0xff, 
    0xff, 0x4f, 0xaa, 0xa8, 0xff, 0xff, 0xff, 0xe9, 0x00, 0x50, 0x00, 0x55, 0x54, 0x00, 0x00, 0x00, 
    0xff, 0xff, 0xff, 0x8b, 0xf9, 0xb6, 0xff, 0xff, 0xff, 0xff, 0xff, 0xff, 0xff, 0xff, 0xff, 0xff, 
    0xff, 0xff, 0xff, 0xff, 0xff, 0xff, 0xef, 0xff, 0xff, 0xff, 0x54, 0x40, 0x00, 0x05, 0x54, 0x01, 
    0xf5, 0x40, 0x00, 0x00, 0x00, 0x05, 0x55, 0x00, 0x00, 0x00, 0x00, 0x00, 0x00, 0x00, 0x00, 0x00, 
    0x00, 0x00, 0x02, 0x55, 0x55, 0x60, 0x06, 0xb8, 0x00, 0x00, 0x00, 0x01, 0xa9, 0x00, 0x00, 0x00, 
    0x1a, 0x41, 0xff, 0xff, 0xff, 0xf5, 0x40, 0x70, 0x17, 0xf7, 0x53, 0xff, 0x20, 0x78, 0x04, 0x07, 
    0xf0, 0x30, 0x00, 0xbf, 0xff, 0xe4, 0x1d, 0x01, 0x05, 0x55, 0x1a, 0x1f, 0x14, 0x55, 0x0a, 0x09, 
    0xdb, 0x9a, 0xa4, 0x90, 0x00, 0x00, 0x00, 0x00, 0x00, 0x05, 0x11, 0x00, 0x00, 0x79, 0x55, 0x50, 
    0x05, 0x55, 0x55, 0x40, 0x00, 0x01, 0x40, 0x00, 0x00, 0x00, 0x00, 0x14, 0x15, 0x56, 0xe5, 0x50, 
    0x00, 0x00, 0x00, 0x00, 0x00, 0x54, 0x50, 0x00, 0x15, 0x55, 0x44, 0x05, 0x05, 0x55, 0x54, 0x04, 
    0x00, 0x00, 0x00, 0x00, 0x00, 0x00, 0x00, 0x00, 0x00, 0x00, 0x00, 0x00, 0x00, 0x00, 0x00, 0x00, 
    0x00, 0x00, 0x00, 0x00, 0x00, 0xff, 0xff, 0xff, 0xe9, 0xaf, 0xeb, 0xff, 0xff, 0xf1, 0xf9, 0xaa, 
    0xaa, 0xae, 0x55, 0x11, 0x45, 0x50, 0xff, 0xff, 0xff, 0xff, 0xaa, 0xa9, 0xff, 0xff, 0xff, 0xe9, 
    0x00, 0x00, 0x01, 0xa5, 0x00, 0x00, 0x00, 0x00, 0xff, 0xff, 0xff, 0xf4, 0xbf, 0x9e, 0x6f, 0xff, 
    0xff, 0xff, 0xff, 0xff, 0xff, 0xff, 0xff, 0xff, 0xff, 0xff, 0xff, 0xff, 0xff, 0xff, 0xfa, 0xff, 
    0xff, 0xff, 0xe5, 0x40, 0x00, 0x00, 0x54, 0x00, 0x21, 0x00, 0x00, 0x00, 0x00, 0x00, 0x55, 0x00, 
    0x00, 0x00, 0x00, 0x00, 0x00, 0x00, 0x01, 0x50, 0x00, 0x00, 0x00, 0xa9, 0x55, 0x51, 0x07, 0xaa, 
    0x00, 0x00, 0x00, 0x00, 0x1a, 0x80, 0x00, 0x00, 0xbf, 0xf8, 0x7f, 0xff, 0xff, 0xfe, 0x52, 0x28, 
    0x25, 0xfe, 0x02, 0xff, 0x84, 0x1c, 0x01, 0x42, 0xf4, 0x00, 0x40, 0x7f, 0xff, 0xf5, 0x0e, 0x00, 
    0x00, 0x00, 0x0b, 0x98, 0x95, 0x2a, 0x4e, 0x02, 0xe9, 0x96, 0xa4, 0x60, 0x00, 0x00, 0x00, 0x00, 
    0x00, 0x05, 0x54, 0x00, 0x00, 0xad, 0x55, 0x40, 0x45, 0x55, 0x45, 0x40, 0x00, 0x03, 0xa0, 0x00, 
    0x00, 0x00, 0x00, 0x04, 0x55, 0xfb, 0x55, 0x40, 0x00, 0x00, 0x00, 0x00, 0x05, 0x54, 0x10, 0x01, 
    0x55, 0x55, 0x40, 0x40, 0x15, 0x55, 0x51, 0x50, 0x00, 0x00, 0x00, 0x00, 0x00, 0x00, 0x00, 0x00, 
    0x00, 0x00, 0x00, 0x00, 0x00, 0x00, 0x00, 0x00, 0x40, 0x00, 0x00, 0x00, 0x00, 0x7f, 0xff, 0xff, 
    0xfb, 0x5b, 0xeb, 0xff, 0xff, 0xe5, 0x3e, 0x6a, 0xaa, 0xab, 0x95, 0x44, 0x51, 0x54, 0x7f, 0xff, 
    0xff, 0xff, 0xaa, 0xad, 0xf5, 0xff, 0xff, 0xe8, 0x04, 0x00, 0x01, 0x40, 0x10, 0x00, 0x00, 0x00, 
    0xff, 0xff, 0xff, 0xff, 0x5f, 0xf5, 0xd7, 0xff, 0xff, 0xff, 0xff, 0xff, 0xff, 0xff, 0xff, 0xef, 
    0xff, 0xff, 0xff, 0xff, 0xff, 0xff, 0xff, 0xbf, 0xff, 0xff, 0xfe, 0x00, 0x00, 0x00, 0x05, 0x10, 
    0x00, 0x00, 0x00, 0x00, 0x00, 0x00, 0x16, 0x00, 0x00, 0x00, 0x00, 0x00, 0x00, 0x00, 0x00, 0x50, 
    0x00, 0x00, 0x01, 0x3f, 0x95, 0x54, 0x05, 0xae, 0x40, 0x00, 0x00, 0x00, 0x01, 0xa5, 0x50, 0x00, 
    0x2f, 0xf7, 0xaf, 0xff, 0xff, 0xff, 0xd9, 0x08, 0x3c, 0x95, 0x41, 0xff, 0xe1, 0x00, 0x04, 0x41, 
    0xfc, 0x00, 0x40, 0x3f, 0xff, 0xf5, 0x0f, 0x00, 0x00, 0x00, 0x0b, 0x90, 0x80, 0x1a, 0xaf, 0x07, 
    0xf8, 0x65, 0xa9, 0xa0, 0x00, 0x01, 0x04, 0x00, 0x00, 0x14, 0x50, 0x00, 0x00, 0x95, 0x55, 0x01, 
    0x55, 0x55, 0x45, 0x40, 0xa4, 0xa5, 0x80, 0x00, 0x00, 0x00, 0x00, 0x05, 0x5b, 0xb9, 0x40, 0x00, 
    0x00, 0x00, 0x00, 0x00, 0x55, 0x55, 0x00, 0x05, 0x55, 0x55, 0x00, 0x05, 0x45, 0x51, 0x05, 0x40, 
    0x00, 0x00, 0x00, 0x00, 0x00, 0x00, 0x00, 0x00, 0x00, 0x00, 0x00, 0x00, 0x00, 0x00, 0x00, 0x00, 
    0x00, 0x00, 0x00, 0x00, 0x00, 0x2f, 0xff, 0xff, 0xef, 0x87, 0xf7, 0xff, 0xff, 0xd5, 0x4f, 0x9a, 
    0xaa, 0xaa, 0xf5, 0x51, 0x55, 0x55, 0x0f, 0xff, 0xf7, 0xff, 0xea, 0xad, 0xb0, 0xff, 0xff, 0xf4, 
    0x00, 0x00, 0x00, 0x05, 0x00, 0x00, 0x00, 0x00, 0xff, 0xff, 0xff, 0xff, 0xe2, 0xfe, 0x6d, 0xbf, 
    0xff, 0xff, 0xff, 0xff, 0xff, 0xff, 0xff, 0xfa, 0xff, 0xff, 0xff, 0xff, 0xff, 0xff, 0xff, 0xef, 
    0xff, 0xff, 0xff, 0xd0, 0x00, 0x00, 0x00, 0x04, 0x00, 0x00, 0x00, 0x00, 0x00, 0x00, 0x06, 0x00, 
    0x00, 0x00, 0x00, 0x00, 0x00, 0x00, 0x00, 0x40, 0x00, 0x00, 0x00, 0x0f, 0xe5, 0x55, 0x01, 0xa6, 
    0xc0, 0x00, 0x00, 0x04, 0x00, 0x16, 0xd0, 0x00, 0x07, 0xf9, 0xff, 0xff, 0xff, 0xff, 0xfa, 0x02, 
    0x06, 0x4d, 0x00, 0x3f, 0xf6, 0x00, 0x09, 0x80, 0xfe, 0x00, 0x20, 0x3f, 0xff, 0xfc, 0x0b, 0x40, 
    0x04, 0x00, 0x7d, 0x6b, 0x80, 0x06, 0x97, 0x6b, 0xe8, 0x59, 0x64, 0x50, 0x00, 0x14, 0x00, 0x00, 
    0x00, 0x04, 0x50, 0x04, 0x01, 0x95, 0x54, 0x05, 0x55, 0x55, 0x55, 0x01, 0xf8, 0x1b, 0xe0, 0x40, 
    0x00, 0x00, 0x00, 0x15, 0x19, 0x50, 0x00, 0x00, 0x00, 0x00, 0x00, 0x01, 0x55, 0x55, 0x00, 0x15, 
    0x55, 0x54, 0x10, 0x50, 0x55, 0x50, 0x14, 0x00, 0x00, 0x00, 0x00, 0x00, 0x00, 0x00, 0x00, 0x00, 
    0x00, 0x00, 0x00, 0x00, 0x00, 0x00, 0x00, 0x00, 0x10, 0x00, 0x00, 0x00, 0x00, 0x0f, 0xff, 0xff, 
    0xfb, 0xab, 0x97, 0xff, 0xff, 0xd5, 0x53, 0xc2, 0xaa, 0xaa, 0xbd, 0x54, 0x55, 0x45, 0x42, 0xff, 
    0xf2, 0xff, 0xea, 0xad, 0x75, 0xff, 0xff, 0xf0, 0x00, 0x00, 0x00, 0x00, 0x00, 0x00, 0x00, 0x00, 
    0xff, 0xff, 0xff, 0xff, 0xfd, 0x6f, 0xe7, 0x9f, 0xff, 0xff, 0xff, 0xff, 0xff, 0xff, 0xff, 0xfe, 
    0xbb, 0xff, 0xff, 0xff, 0xff, 0xff, 0xff, 0xfe, 0xff, 0xff, 0xff, 0xfd, 0x00, 0x00, 0x00, 0x00, 
    0x40, 0x00, 0x00, 0x00, 0x00, 0x00, 0x05, 0x00, 0x00, 0x00, 0x00, 0x00, 0x00, 0x00, 0x00, 0x00, 
    0x00, 0x00, 0x00, 0x67, 0xa9, 0x54, 0x00, 0x64, 0x50, 0x00, 0x50, 0x00, 0x00, 0x05, 0xb8, 0x02, 
    0x41, 0xbe, 0x2f, 0xff, 0xff, 0xff, 0xff, 0x80, 0x8a, 0x0b, 0xc0, 0xff, 0xfd, 0x80, 0x03, 0x80, 
    0xbf, 0x00, 0x24, 0x2f, 0xff, 0xfd, 0x07, 0x81, 0x00, 0x40, 0x0a, 0x13, 0xd0, 0x02, 0x92, 0xab, 
    0xf4, 0x6a, 0x60, 0x40, 0x00, 0x19, 0x00, 0x00, 0x00, 0x00, 0x50, 0x04, 0x02, 0x05, 0x54, 0x15, 
    0x56, 0x55, 0x15, 0x02, 0xfe, 0x0f, 0xe0, 0x00, 0x00, 0x00, 0x00, 0x06, 0x15, 0x40, 0x00, 0x00, 
    0x00, 0x00, 0x00, 0x15, 0x55, 0x40, 0x00, 0x55, 0x55, 0x40, 0x40, 0x11, 0x55, 0x41, 0x50, 0x00, 
    0x00, 0x00, 0x00, 0x00, 0x00, 0x00, 0x00, 0x00, 0x00, 0x00, 0x00, 0x00, 0x00, 0x00, 0x00, 0x00, 
    0x00, 0x00, 0x00, 0x00, 0x00, 0x0b, 0xff, 0xff, 0xfb, 0xbf, 0x0b, 0xef, 0xff, 0x95, 0x54, 0xb4, 
    0xaa, 0xaa, 0xaf, 0x55, 0x15, 0x55, 0x54, 0xbf, 0xe1, 0xff, 0xaa, 0xad, 0x7f, 0xff, 0xff, 0xf0, 
    0x00, 0x00, 0x10, 0x00, 0x00, 0x00, 0x00, 0x00, 0xff, 0xff, 0xff, 0xff, 0xff, 0xd7, 0xfe, 0xb9, 
    0xff, 0xff, 0xff, 0xff, 0xff, 0xff, 0xff, 0xff, 0xdf, 0xff, 0xff, 0xff, 0xff, 0xff, 0xff, 0xff, 
    0xbf, 0xff, 0xff, 0xff, 0xd0, 0x00, 0x00, 0x00, 0x10, 0x00, 0x00, 0x00, 0x00, 0x00, 0x05, 0x00, 
    0x00, 0x00, 0x00, 0x00, 0x00, 0x00, 0x00, 0x00, 0x00, 0x00, 0x00, 0x55, 0xd1, 0x54, 0x00, 0x00, 
    0x10, 0x00, 0x18, 0x00, 0x50, 0x00, 0x5f, 0x40, 0x1a, 0x54, 0x0b, 0xff, 0xff, 0xff, 0xff, 0xf4, 
    0xaf, 0x43, 0xf0, 0xff, 0xff, 0xb4, 0x47, 0x82, 0x7f, 0x80, 0x08, 0x0f, 0xff, 0xff, 0x42, 0xc0, 
    0x00, 0x00, 0x0b, 0x02, 0x90, 0x00, 0x80, 0xaf, 0xe1, 0x15, 0x58, 0x10, 0x00, 0x24, 0x00, 0x00, 
    0x00, 0x04, 0x10, 0x00, 0x02, 0x05, 0x40, 0x15, 0x55, 0x55, 0x14, 0x03, 0xff, 0x7f, 0x80, 0x01, 
    0x00, 0x00, 0x00, 0xb9, 0x54, 0x00, 0x00, 0x00, 0x00, 0x00, 0x01, 0x55, 0x55, 0x00, 0x01, 0x55, 
    0x55, 0x00, 0x01, 0x55, 0x55, 0x05, 0x50, 0x00, 0x00, 0x00, 0x00, 0x00, 0x00, 0x00, 0x00, 0x00, 
    0x00, 0x00, 0x00, 0x00, 0x00, 0x00, 0x00, 0x00, 0x04, 0x00, 0x00, 0x00, 0x00, 0x07, 0xff, 0xff, 
    0xf7, 0xbd, 0x4b, 0xff, 0xff, 0x95, 0x54, 0x2e, 0x1a, 0xaa, 0xab, 0xd5, 0x41, 0x55, 0x55, 0x2f, 
    0xe2, 0xfe, 0xaa, 0xad, 0x7f, 0xff, 0xff, 0xeb, 0xe0, 0x00, 0x00, 0x00, 0x00, 0x00, 0x00, 0x00, 
    0xff, 0xff, 0xff, 0xff, 0xff, 0xf8, 0xbf, 0xeb, 0x6f, 0xff, 0xff, 0xff, 0xff, 0xff, 0xff, 0xff, 
    0xf6, 0xfb, 0xff, 0xff, 0xff, 0xff, 0xff, 0xff, 0xff, 0xff, 0xff, 0xff, 0xfd, 0x15, 0x04, 0x00, 
    0x00, 0x00, 0x00, 0x00, 0x00, 0x00, 0x01, 0x00, 0x00, 0x00, 0x00, 0x00, 0x00, 0x00, 0x00, 0x00, 
    0x00, 0x00, 0x05, 0x55, 0x38, 0x15, 0x40, 0x00, 0x04, 0x00, 0x06, 0x00, 0x14, 0x15, 0x55, 0xe4, 
    0x0a, 0x51, 0x01, 0xff, 0xff, 0xff, 0xff, 0xea, 0x6f, 0xd1, 0xfd, 0x7f, 0xff, 0xf9, 0x5b, 0xd2, 
    0x7f, 0xc0, 0x08, 0x0f, 0xff, 0xff, 0x82, 0xc0, 0x00, 0x00, 0x07, 0x56, 0x05, 0x00, 0x00, 0x6f, 
    0xf4, 0x49, 0x54, 0x28, 0x00, 0x54, 0x00, 0x00, 0x00, 0x00, 0x00, 0x00, 0x05, 0x05, 0x40, 0x55, 
    0x59, 0x55, 0x54, 0x03, 0x8e, 0xfd, 0x00, 0x0f, 0x40, 0x00, 0x1b, 0xd1, 0x40, 0x00, 0x00, 0x00, 
    0x00, 0x00, 0x05, 0x55, 0x40, 0x00, 0x05, 0x55, 0x40, 0x40, 0x55, 0x55, 0x50, 0x55, 0x55, 0x50, 
    0x00, 0x00, 0x00, 0x00, 0x00, 0x00, 0x00, 0x00, 0x00, 0x00, 0x00, 0x00, 0x00, 0x00, 0x00, 0x00, 
    0x00, 0x00, 0x00, 0x00, 0x00, 0x00, 0xbf, 0xff, 0xfa, 0xbe, 0x4b, 0xef, 0xf7, 0x55, 0x54, 0x07, 
    0xc6, 0xaa, 0xaa, 0xf5, 0x50, 0x55, 0x55, 0x47, 0xe7, 0xfe, 0xa5, 0x6d, 0xbf, 0xff, 0xfe, 0xbf, 
    0x80, 0x40, 0x00, 0x00, 0x00, 0x00, 0x00, 0x00, 0xff, 0xff, 0xff, 0xff, 0xff, 0xff, 0x4b, 0xfe, 
    0xbb, 0xff, 0xff, 0xff, 0xff, 0xff, 0xff, 0xff, 0xfe, 0x7a, 0xbf, 0xff, 0xff, 0xff, 0xff, 0xbf, 
    0xff, 0xff, 0xff, 0xff, 0xff, 0x95, 0x55, 0x40, 0x00, 0x00, 0x00, 0x00, 0x00, 0x00, 0x00, 0x00, 
    0x00, 0x00, 0x00, 0x00, 0x00, 0x00, 0x00, 0x00, 0x00, 0x14, 0x55, 0x50, 0x0f, 0x05, 0x54, 0x00, 
    0x00, 0x42, 0x91, 0x80, 0x05, 0x41, 0x55, 0x79, 0x00, 0x00, 0x09, 0x7f, 0xff, 0xf6, 0xff, 0xf5, 
    0xdf, 0xf4, 0xbf, 0xff, 0xff, 0xfe, 0x0b, 0xf4, 0x2f, 0xe1, 0x06, 0x0b, 0xff, 0xff, 0xc1, 0xd0, 
    0x02, 0x74, 0x03, 0xea, 0x16, 0x52, 0x50, 0x7f, 0x58, 0x05, 0x5a, 0x28, 0x00, 0x51, 0x55, 0x40, 
    0x01, 0x00, 0x00, 0x00, 0x09, 0x00, 0x00, 0x55, 0x55, 0x55, 0x50, 0x02, 0x68, 0x60, 0x00, 0x2b, 
    0x40, 0x15, 0xfe, 0x00, 0x00, 0x00, 0x00, 0x00, 0x00, 0x00, 0x55, 0x55, 0x00, 0x00, 0x05, 0x54, 
    0x00, 0x05, 0x55, 0x55, 0x01, 0x55, 0x55, 0x40, 0x00, 0x00, 0x00, 0x00, 0x00, 0x00, 0x00, 0x00, 
    0x00, 0x00, 0x00, 0x00, 0x00, 0x00, 0x00, 0x00, 0x00, 0x00, 0x00, 0x00, 0x00, 0x00, 0x3f, 0xff, 
    0xf9, 0xbf, 0x4b, 0xeb, 0xfa, 0x55, 0x50, 0x01, 0xf5, 0x6a, 0xaa, 0xbe, 0x55, 0x15, 0x55, 0x51, 
    0xff, 0xff, 0xa9, 0x6e, 0x75, 0xff, 0xf4, 0xb8, 0x04, 0x40, 0x00, 0x00, 0x00, 0x00, 0x00, 0x00, 
    0xff, 0xff, 0xff, 0xff, 0xff, 0xff, 0xf5, 0xff, 0xee, 0xbf, 0xff, 0xff, 0xff, 0xff, 0xff, 0xff, 
    0xff, 0x9e, 0xef, 0xff, 0xff, 0xff, 0xff, 0xfb, 0xff, 0xff, 0xff, 0xff, 0xff, 0xf9, 0x55, 0x50, 
    0x00, 0x01, 0x00, 0x00, 0x00, 0x00, 0x00, 0x50, 0x00, 0x00, 0x00, 0x00, 0x00, 0x00, 0x00, 0x00, 
    0x00, 0x55, 0x65, 0x45, 0x51, 0x00, 0x54, 0x00, 0x00, 0x0a, 0xb4, 0x20, 0x01, 0x44, 0x55, 0x6f, 
    0x40, 0x00, 0x01, 0xaf, 0xff, 0xfd, 0xff, 0xfe, 0x7b, 0xf8, 0x3f, 0xbf, 0xff, 0xff, 0xc7, 0xf8, 
    0x1f, 0xf5, 0x06, 0xa7, 0xff, 0xff, 0xe0, 0xf0, 0x02, 0xfd, 0x03, 0xca, 0x55, 0x9a, 0xa0, 0xbe, 
    0x94, 0x01, 0x5a, 0x5c, 0x00, 0x05, 0x55, 0x00, 0x14, 0x00, 0x00, 0x00, 0x04, 0x00, 0x01, 0x6e, 
    0x55, 0x55, 0x40, 0x00, 0x30, 0x00, 0x00, 0x2f, 0xd0, 0x6b, 0xf8, 0x00, 0x00, 0x00, 0x00, 0x00, 
    0x00, 0x05, 0x55, 0x54, 0x00, 0x00, 0x15, 0x51, 0x40, 0x55, 0x55, 0x54, 0x15, 0x55, 0x55, 0x00, 
    0x00, 0x00, 0x00, 0x00, 0x00, 0x00, 0x00, 0x00, 0x00, 0x00, 0x00, 0x00, 0x00, 0x00, 0x00, 0x00, 
    0x00, 0x00, 0x00, 0x00, 0x00, 0x00, 0x0f, 0xff, 0xfe, 0xfe, 0x9b, 0xfb, 0xf9, 0x55, 0x40, 0x01, 
    0x7d, 0x5a, 0xaa, 0xaf, 0x95, 0x50, 0x55, 0x50, 0x3f, 0xfe, 0xa5, 0x6d, 0x24, 0xff, 0xd0, 0x00, 
    0x14, 0x40, 0x00, 0x00, 0x00, 0x00, 0x00, 0x05, 0xff, 0xff, 0xff, 0xff, 0xff, 0xff, 0xfe, 0x1f, 
    0xfa, 0xeb, 0xff, 0xff, 0xff, 0xfa, 0xbf, 0xff, 0xff, 0xf6, 0xba, 0xff, 0xff, 0xff, 0xff, 0xfe, 
    0xbf, 0xff, 0xff, 0xff, 0xff, 0xff, 0x55, 0x54, 0x00, 0x00, 0x14, 0x00, 0x00, 0x00, 0x1a, 0xc0, 
    0x00, 0x00, 0x00, 0x00, 0x00, 0x00, 0x00, 0x00, 0x01, 0x15, 0x59, 0x41, 0x54, 0x90, 0x00, 0x00, 
    0x00, 0x01, 0xff, 0x84, 0x00, 0x95, 0x55, 0x6a, 0xe0, 0x00, 0x00, 0x7f, 0xff, 0xff, 0xff, 0xff, 
    0xde, 0xfe, 0x1f, 0xef, 0xff, 0xff, 0xe1, 0xfe, 0xef, 0xf9, 0x46, 0xd3, 0xff, 0xff, 0xf0, 0xf0, 
    0x03, 0xff, 0xc3, 0xca, 0x81, 0x95, 0xb8, 0xfe, 0x50, 0x02, 0x91, 0x5c, 0x00, 0x15, 0x50, 0x55, 
    0x50, 0x00, 0x00, 0x00, 0x14, 0x00, 0x05, 0x7d, 0x55, 0x55, 0x40, 0x01, 0x50, 0x00, 0x00, 0x7f, 
    0x96, 0xff, 0x80, 0x00, 0x00, 0x00, 0x00, 0x00, 0x00, 0x55, 0x55, 0x50, 0x00, 0x01, 0x45, 0x15, 
    0x45, 0x55, 0x55, 0x51, 0x55, 0x05, 0x54, 0x00, 0x00, 0x00, 0x00, 0x00, 0x00, 0x00, 0x00, 0x00, 
    0x00, 0x00, 0x00, 0x00, 0x00, 0x00, 0x40, 0x00, 0x00, 0x00, 0x00, 0x00, 0x00, 0x00, 0x01, 0xff, 
    0xfe, 0xfe, 0x97, 0xf7, 0xf8, 0x05, 0x00, 0x0e, 0x9f, 0x56, 0xaa, 0xab, 0xf5, 0x55, 0x11, 0x54, 
    0x0b, 0xfe, 0xa9, 0xbc, 0x24, 0xff, 0x55, 0x00, 0x55, 0x00, 0x00, 0x00, 0x00, 0x00, 0x01, 0x15, 
    0x7f, 0xff, 0xff, 0xff, 0xff, 0xff, 0xff, 0xe2, 0xff, 0xfe, 0xff, 0xff, 0xff, 0xff, 0x8b, 0xff, 
    0xff, 0xfd, 0xab, 0x6f, 0xff, 0xff, 0xff, 0xff, 0xef, 0xff, 0xff, 0xff, 0xff, 0xff, 0xf5, 0x55, 
    0x40, 0x00, 0x01, 0x90, 0x00, 0x02, 0x5b, 0xf4, 0x00, 0x00, 0x00, 0x00, 0x00, 0x00, 0x00, 0x00, 
    0x00, 0x06, 0xa4, 0x01, 0x54, 0x25, 0x55, 0x00, 0x00, 0x00, 0x1e, 0xf8, 0x00, 0x15, 0x56, 0x5a, 
    0xbe, 0x00, 0x00, 0x1f, 0xff, 0xff, 0xff, 0xff, 0xf6, 0xff, 0x87, 0xef, 0xff, 0xff, 0xf8, 0x7f, 
    0xff, 0xfd, 0x96, 0xea, 0xff, 0xff, 0xf8, 0xa4, 0x17, 0xbf, 0xf6, 0xce, 0x90, 0xa6, 0x2a, 0xea, 
    0x50, 0x02, 0xa0, 0x1d, 0x00, 0x15, 0x55, 0x54, 0x00, 0x00, 0x00, 0x00, 0x14, 0x00, 0x55, 0xb9, 
    0x55, 0x55, 0x00, 0x04, 0x00, 0x00, 0x00, 0xaf, 0x6f, 0xfe, 0x00, 0x00, 0x00, 0x00, 0x00, 0x00, 
    0x05, 0x55, 0x55, 0x54, 0x00, 0x05, 0x01, 0x55, 0x55, 0x55, 0x55, 0x45, 0x55, 0x41, 0x50, 0x00, 
    0x00, 0x00, 0x00, 0x00, 0x00, 0x00, 0x00, 0x00, 0x00, 0x00, 0x00, 0x00, 0x00, 0x00, 0x00, 0x00, 
    0x00, 0x00, 0x00, 0x00, 0x00, 0x00, 0x00, 0xff, 0xfe, 0xff, 0x97, 0xfb, 0xe4, 0x00, 0x10, 0x1e, 
    0xe3, 0xe4, 0x6a, 0xaa, 0xfd, 0x55, 0x45, 0x55, 0x12, 0xfe, 0xa9, 0xbd, 0x02, 0xf8, 0x14, 0x05, 
    0x54, 0x00, 0x00, 0x00, 0x00, 0x00, 0x15, 0x50, 0x87, 0xff, 0xff, 0xff, 0xff, 0xff, 0xff, 0xfd, 
    0x7f, 0xff, 0xaf, 0xff, 0xff, 0xff, 0xf5, 0xff, 0xff, 0xff, 0x5a, 0xe7, 0xff, 0xff, 0xff, 0xff, 
    0xf9, 0xbf, 0xef, 0xff, 0xff, 0xff, 0xfe, 0x55, 0x40, 0x00, 0x00, 0x1a, 0x55, 0x5a, 0x95, 0xac, 
    0x00, 0x00, 0x00, 0x00, 0x00, 0x00, 0x00, 0x00, 0x00, 0x15, 0x55, 0x45, 0xa5, 0x0a, 0x54, 0x00, 
    0x00, 0x00, 0x01, 0x06, 0x90, 0x06, 0x96, 0x55, 0x5b, 0xd0, 0x00, 0x07, 0xff, 0xff, 0xff, 0xff, 
    0xfd, 0xbf, 0xe0, 0xff, 0xff, 0xff, 0xfd, 0x3f, 0xfb, 0xfe, 0xd6, 0xbe, 0xff, 0xff, 0xfc, 0xac, 
    0x2f, 0xeb, 0xae, 0xdf, 0xa9, 0x64, 0x5b, 0x46, 0x50, 0x11, 0x94, 0x09, 0x00, 0x15, 0x15, 0x54, 
    0x00, 0x00, 0x00, 0x00, 0x10, 0x00, 0x56, 0xb9, 0x55, 0x55, 0x00, 0x04, 0x00, 0x00, 0x00, 0xdb, 
    0xff, 0xfc, 0x80, 0x00, 0x00, 0x00, 0x00, 0x01, 0x55, 0x01, 0x45, 0x55, 0x00, 0x14, 0x55, 0x55, 
    0x56, 0x55, 0x50, 0x15, 0x55, 0x01, 0x50, 0x00, 0x00, 0x00, 0x00, 0x00, 0x00, 0x00, 0x00, 0x00, 
    0x00, 0x00, 0x00, 0x00, 0x00, 0x00, 0x00, 0x00, 0x00, 0x00, 0x00, 0x00, 0x00, 0x00, 0x00, 0xff, 
    0xfe, 0xff, 0xe7, 0xff, 0x55, 0x50, 0x14, 0x2e, 0xf8, 0xf9, 0x1a, 0xaa, 0xbf, 0x55, 0x51, 0x15, 
    0x44, 0xbe, 0xa6, 0xbd, 0x03, 0xe0, 0x01, 0x55, 0x40, 0x00, 0x00, 0x00, 0x00, 0x00, 0x14, 0x00, 
    0xf4, 0xbf, 0xff, 0xff, 0xff, 0xff, 0xff, 0xff, 0xd7, 0xff, 0xfa, 0xff, 0xff, 0xff, 0xfe, 0xbf, 
    0xff, 0xff, 0xe2, 0x69, 0xbf, 0xff, 0xff, 0xff, 0xff, 0x5b, 0xff, 0xff, 0xff, 0xff, 0xff, 0x89, 
    0x50, 0x00, 0x00, 0x00, 0x56, 0xaa, 0x95, 0x5b, 0x00, 0x00, 0x00, 0x00, 0x00, 0x00, 0x00, 0x00, 
    0x00, 0x14, 0x14, 0x05, 0x00, 0x02, 0x95, 0x40, 0x00, 0x00, 0x00, 0x00, 0x1b, 0xe0, 0x69, 0x55, 
    0x55, 0xbe, 0x50, 0x01, 0xff, 0xff, 0xff, 0xff, 0xff, 0xff, 0xfd, 0x2b, 0xff, 0xff, 0xff, 0xab, 
    0xff, 0xff, 0xfb, 0xbf, 0xff, 0xff, 0xfd, 0x6d, 0x0f, 0xfb, 0x42, 0xdf, 0xaa, 0xa0, 0x5f, 0x41, 
    0x40, 0x10, 0x54, 0x0a, 0x00, 0x04, 0x55, 0x50, 0x00, 0x00, 0x00, 0x00, 0x50, 0x01, 0x5a, 0xf5, 
    0x55, 0x54, 0x00, 0x00, 0x00, 0x50, 0x00, 0x22, 0xff, 0xf0, 0x50, 0x00, 0x00, 0x00, 0x00, 0x55, 
    0x50, 0x00, 0x40, 0x05, 0x40, 0x51, 0x55, 0x55, 0x55, 0x55, 0x50, 0x15, 0x55, 0x15, 0x54, 0x00, 
    0x00, 0x00, 0x00, 0x00, 0x00, 0x00, 0x00, 0x00, 0x00, 0x00, 0x00, 0x00, 0x00, 0x00, 0x00, 0x00, 
    0x00, 0x00, 0x00, 0x00, 0x00, 0x00, 0x00, 0x7f, 0xff, 0xfe, 0xf7, 0xff, 0x15, 0x00, 0x14, 0x3e, 
    0xfe, 0x2e, 0x06, 0xaa, 0xab, 0xe5, 0x54, 0x45, 0x51, 0x2e, 0xa6, 0xbd, 0x01, 0x00, 0x05, 0x55, 
    0x00, 0x00, 0x00, 0x00, 0x00, 0x01, 0x40, 0x00, 0xff, 0x4b, 0xff, 0xff, 0xff, 0xff, 0xff, 0xff, 
    0xf9, 0xbf, 0xff, 0xbf, 0xff, 0xff, 0xff, 0xef, 0xff, 0xff, 0xfd, 0x56, 0x5f, 0xff, 0xff, 0xff, 
    0xff, 0xf5, 0xff, 0xbf, 0xff, 0xff, 0xff, 0xf6, 0x94, 0x00, 0x00, 0x00, 0x01, 0x5a, 0xa5, 0x56, 
    0xc0, 0x00, 0x00, 0x00, 0x00, 0x00, 0x00, 0x00, 0x00, 0x15, 0x55, 0x50, 0x00, 0x00, 0xb4, 0x40, 
    0x00, 0x01, 0x90, 0x00, 0x41, 0xfc, 0x1a, 0x95, 0x55, 0x5b, 0xfe, 0x41, 0x7f, 0xff, 0xff, 0xff, 
    0xff, 0xfb, 0xff, 0x4b, 0xff, 0xff, 0xff, 0xea, 0xff, 0xff, 0xff, 0xbf, 0xff, 0xff, 0xff, 0x39, 
    0x07, 0xeb, 0xd7, 0x8a, 0xaa, 0xaa, 0x6f, 0x40, 0x00, 0x00, 0x15, 0x57, 0x00, 0x05, 0x05, 0x44, 
    0x00, 0x04, 0x02, 0x80, 0x40, 0x05, 0x6f, 0xe5, 0x55, 0x50, 0x03, 0x80, 0x00, 0x90, 0x00, 0x00, 
    0x2f, 0xfe, 0x40, 0x00, 0x00, 0x00, 0x05, 0x55, 0x40, 0x01, 0x55, 0x00, 0x00, 0x05, 0x55, 0x55, 
    0x55, 0x55, 0x55, 0x54, 0x05, 0x55, 0xa8, 0x00, 0x00, 0x00, 0x00, 0x00, 0x00, 0x00, 0x00, 0x00, 
    0x00, 0x00, 0x00, 0x00, 0x00, 0x00, 0x00, 0x00, 0x00, 0x00, 0x00, 0x00, 0x00, 0x00, 0x00, 0x2f, 
    0xff, 0xff, 0xfb, 0xfa, 0x40, 0x78, 0x04, 0x7d, 0xff, 0x1b, 0x81, 0xaa, 0xaa, 0xf9, 0x55, 0x55, 
    0x54, 0x46, 0xaa, 0xfe, 0x40, 0x60, 0x15, 0x55, 0x00, 0x00, 0x00, 0x00, 0x00, 0x01, 0x00, 0x00, 
    0xff, 0xf5, 0xff, 0xff, 0xff, 0xff, 0xff, 0xff, 0xff, 0x9f, 0xff, 0xeb, 0xff, 0xff, 0xff, 0xeb, 
    0xff, 0xff, 0xff, 0x85, 0xa2, 0xff, 0xff, 0xff, 0xff, 0xfe, 0x6f, 0xff, 0xff, 0xff, 0xff, 0xfd, 
    0xb5, 0x00, 0x00, 0x00, 0x00, 0x55, 0xaa, 0x55, 0x64, 0x00, 0x00, 0x00, 0x00, 0x00, 0x00, 0x00, 
    0x00, 0x15, 0x41, 0x55, 0x00, 0x00, 0x1e, 0x15, 0x50, 0x00, 0x00, 0x00, 0xe0, 0x1b, 0x01, 0x90, 
    0x55, 0x55, 0xff, 0xfd, 0x6f, 0xff, 0xff, 0xff, 0xff, 0xf5, 0xff, 0xf5, 0xff, 0xff, 0xff, 0xf9, 
    0xff, 0xff, 0xff, 0xef, 0xff, 0xff, 0xff, 0x7b, 0x0b, 0xe6, 0xfe, 0x5a, 0xaa, 0xa5, 0xbf, 0x00, 
    0x00, 0x00, 0x00, 0x57, 0x00, 0x08, 0x00, 0x00, 0x00, 0x10, 0x06, 0x90, 0x40, 0x05, 0x5f, 0xd5, 
    0x55, 0x40, 0x03, 0x80, 0x00, 0x00, 0x00, 0x00, 0x1f, 0xfe, 0x00, 0x00, 0x00, 0x00, 0x55, 0x55, 
    0x40, 0x15, 0x55, 0x00, 0x00, 0x55, 0x55, 0x55, 0x55, 0x55, 0x45, 0x50, 0x05, 0x55, 0x68, 0x00, 
    0x00, 0x00, 0x00, 0x00, 0x00, 0x00, 0x00, 0x00, 0x00, 0x00, 0x00, 0x00, 0x00, 0x00, 0x00, 0x00, 
    0x00, 0x00, 0x00, 0x00, 0x00, 0x1f, 0x40, 0x0f, 0xff, 0xff, 0xf7, 0xfb, 0xe4, 0xbd, 0x00, 0x7d, 
    0xfe, 0x35, 0xf0, 0x6a, 0xaa, 0xbe, 0x55, 0x55, 0x55, 0x10, 0xaa, 0xfe, 0x40, 0x00, 0x55, 0x55, 
    0x00, 0x00, 0x00, 0x00, 0x00, 0x00, 0x00, 0x00, 0xff, 0xff, 0x5f, 0xff, 0xff, 0xff, 0xff, 0xff, 
    0xff, 0xf5, 0xff, 0xfe, 0xbf, 0xff, 0xff, 0xfe, 0xff, 0xff, 0xff, 0xf0, 0x99, 0x7f, 0xff, 0xff, 
    0xff, 0xff, 0xe7, 0xff, 0xff, 0xff, 0xff, 0xfd, 0x1d, 0x40, 0x00, 0x00, 0x00, 0x55, 0x5a, 0x9a, 
    0x5d, 0x00, 0x00, 0x00, 0x00, 0x00, 0x00, 0x00, 0x00, 0x00, 0x00, 0x00, 0x05, 0x55, 0x03, 0x80, 
    0x00, 0x00, 0x00, 0x00, 0x10, 0x01, 0xd0, 0x55, 0x55, 0x54, 0x7f, 0xff, 0x9b, 0xff, 0xfe, 0xff, 
    0xff, 0xfe, 0x7f, 0xee, 0xff, 0xff, 0xff, 0xff, 0xff, 0xff, 0xff, 0xdf, 0xff, 0xff, 0xff, 0xfb, 
    0x01, 0x79, 0xbe, 0x5a, 0xaa, 0x69, 0xbf, 0x40, 0x00, 0x00, 0x00, 0x1b, 0x06, 0x40, 0x00, 0x00, 
    0x00, 0x18, 0x1a, 0x80, 0x40, 0x15, 0x57, 0xd5, 0x55, 0x40, 0x07, 0x40, 0x00, 0x00, 0x00, 0x00, 
    0x2f, 0xfe, 0x00, 0x00, 0x00, 0x05, 0x54, 0x00, 0x00, 0x05, 0x55, 0x00, 0x01, 0x54, 0x55, 0x55, 
    0x55, 0x54, 0x15, 0x54, 0x00, 0x55, 0x60, 0x00, 0x00, 0x00, 0x00, 0x00, 0x00, 0x00, 0x00, 0x00, 
    0x00, 0x00, 0x00, 0x00, 0x00, 0x00, 0x00, 0x00, 0x00, 0x00, 0x00, 0x00, 0x00, 0x7f, 0xff, 0x87, 
    0xfe, 0xff, 0xff, 0xfd, 0xe9, 0xfe, 0x00, 0xf9, 0xfd, 0x7d, 0x7d, 0x1a, 0xaa, 0xaf, 0x95, 0x54, 
    0x55, 0x44, 0x1b, 0xfe, 0xa4, 0x01, 0x55, 0x50, 0x00, 0x00, 0x00, 0x00, 0x00, 0x00, 0x00, 0x00, 
    0xff, 0xff, 0xe5, 0xff, 0xff, 0xff, 0xff, 0xff, 0xff, 0xfe, 0x6f, 0xff, 0xef, 0xff, 0xff, 0xff, 
    0x1f, 0xff, 0xff, 0xfd, 0x1a, 0x9b, 0xff, 0xff, 0xff, 0xff, 0xfd, 0xbf, 0xff, 0xff, 0xff, 0xfd, 
    0x43, 0x80, 0x00, 0x00, 0x05, 0x55, 0x56, 0x2f, 0xff, 0x80, 0x00, 0x00, 0x00, 0x00, 0x00, 0x00, 
    0x00, 0x00, 0x00, 0x00, 0x01, 0x54, 0x00, 0x91, 0x80, 0x00, 0x00, 0x00, 0x80, 0x00, 0x7e, 0x15, 
    0xaf, 0x50, 0x5b, 0xff, 0xf9, 0xff, 0xff, 0xff, 0xff, 0xff, 0xaf, 0xff, 0xff, 0xff, 0xff, 0xff, 
    0xff, 0xff, 0xff, 0xef, 0xff, 0xff, 0xff, 0xff, 0x80, 0xbe, 0x5e, 0x8a, 0xaa, 0x5a, 0xfe, 0x40, 
    0x00, 0x04, 0x00, 0x7b, 0x5f, 0xd0, 0x00, 0x00, 0x00, 0x29, 0x06, 0x41, 0x40, 0x15, 0x5b, 0x95, 
    0x45, 0x00, 0x0a, 0x01, 0x90, 0x00, 0x00, 0x02, 0xff, 0xf9, 0x40, 0x00, 0x00, 0x55, 0x00, 0x00, 
    0x00, 0x00, 0x00, 0x00, 0x05, 0x55, 0x55, 0x55, 0x55, 0x54, 0x55, 0x54, 0x01, 0x55, 0x90, 0x00, 
    0x00, 0x00, 0x00, 0x00, 0x00, 0x00, 0x00, 0x00, 0x00, 0x00, 0x00, 0x00, 0x00, 0x00, 0x00, 0x00, 
    0x00, 0x00, 0x00, 0x00, 0x01, 0xff, 0xff, 0xff, 0xfe, 0xff, 0xff, 0xff, 0xe7, 0xfc, 0x00, 0xfd, 
    0xfd, 0xbf, 0x9f, 0x4a, 0xaa, 0xab, 0xe5, 0x55, 0x55, 0x55, 0x07, 0xfe, 0xe0, 0x55, 0x55, 0x40, 
    0x00, 0x00, 0x00, 0x00, 0x50, 0x00, 0x00, 0x00, 0xff, 0xff, 0xfe, 0x5f, 0xff, 0xff, 0xff, 0xff, 
    0xff, 0xff, 0xe7, 0xff, 0xfe, 0xff, 0xff, 0xff, 0x83, 0xff, 0xff, 0xff, 0x41, 0x79, 0xff, 0xff, 
    0xff, 0xff, 0xff, 0x9b, 0xff, 0xff, 0xff, 0xfd, 0x40, 0xe0, 0x00, 0x00, 0x05, 0x41, 0x95, 0xaf, 
    0xfd, 0xb4, 0x00, 0x00, 0x00, 0x00, 0x00, 0x00, 0x00, 0x00, 0x00, 0x00, 0x00, 0x01, 0x40, 0x2e, 
    0x40, 0x00, 0x00, 0x00, 0x01, 0x00, 0x02, 0xe9, 0x5a, 0xa4, 0x19, 0xbf, 0xff, 0xbf, 0xff, 0xff, 
    0xff, 0xff, 0xfe, 0xff, 0xfb, 0xff, 0xff, 0xff, 0xff, 0xff, 0xff, 0xf7, 0xff, 0xff, 0xff, 0xff, 
    0xc0, 0xbf, 0xef, 0xc6, 0xaa, 0x5b, 0xfc, 0x40, 0x40, 0x00, 0x00, 0xfb, 0xaf, 0x80, 0x00, 0x00, 
    0x01, 0x2a, 0x02, 0x41, 0x00, 0x55, 0x5f, 0x55, 0x05, 0x00, 0x14, 0x02, 0x40, 0x00, 0x04, 0x2f, 
    0x80, 0x46, 0x48, 0x00, 0x15, 0x00, 0x00, 0x00, 0x00, 0x00, 0x00, 0x00, 0x11, 0x55, 0x55, 0x55, 
    0x55, 0x50, 0x40, 0x55, 0x05, 0x55, 0xe5, 0x80, 0x00, 0x00, 0x00, 0x00, 0x00, 0x00, 0x00, 0x00, 
    0x00, 0x00, 0x00, 0x00, 0x00, 0x00, 0x00, 0x00, 0x00, 0x00, 0x00, 0x00, 0x02, 0xff, 0xff, 0xff, 
    0xff, 0xff, 0xff, 0xff, 0xef, 0xfc, 0x02, 0xfd, 0xfc, 0xff, 0xe7, 0xe2, 0xaa, 0xaa, 0xf9, 0x55, 
    0x15, 0x54, 0x43, 0xff, 0x41, 0x55, 0x55, 0x00, 0x00, 0x00, 0x00, 0x00, 0x00, 0x00, 0x00, 0x00, 
    0xff, 0xff, 0xff, 0xe6, 0xff, 0xff, 0xff, 0xff, 0xff, 0xff, 0xfd, 0x7f, 0xff, 0xbf, 0xff, 0xff, 
    0xfd, 0xbf, 0xff, 0xff, 0xe0, 0x1e, 0x2f, 0xff, 0xff, 0xff, 0xff, 0xf9, 0xff, 0xff, 0xff, 0xfd, 
    0x40, 0x29, 0x00, 0x00, 0x00, 0x00, 0x15, 0xaf, 0xff, 0x5e, 0x40, 0x00, 0x00, 0x00, 0x00, 0x00, 
    0x00, 0x00, 0x00, 0x00, 0x01, 0x50, 0x00, 0x0b, 0xf4, 0x00, 0x15, 0x00, 0x00, 0x00, 0x00, 0x0a, 
    0x59, 0x59, 0x45, 0x5b, 0xff, 0xff, 0xff, 0xff, 0xff, 0xff, 0xff, 0xbf, 0xff, 0xff, 0xff, 0xff, 
    0xff, 0xff, 0xff, 0xf7, 0xff, 0xff, 0xff, 0xfe, 0xc0, 0x6f, 0xfd, 0x52, 0xaa, 0x91, 0xf4, 0x54, 
    0x00, 0x00, 0x10, 0x77, 0xfc, 0x00, 0x00, 0x40, 0x15, 0x69, 0x00, 0x51, 0x00, 0x56, 0x9f, 0x55, 
    0x04, 0x00, 0x00, 0x01, 0x00, 0x05, 0x6e, 0xe4, 0x00, 0x00, 0x15, 0x01, 0x55, 0x40, 0x00, 0x00, 
    0x00, 0x00, 0x00, 0x01, 0x55, 0x55, 0x55, 0x55, 0x55, 0x4a, 0x00, 0x55, 0x55, 0x56, 0xe5, 0x00, 
    0x00, 0x00, 0x00, 0x00, 0x00, 0x00, 0x00, 0x00, 0x00, 0x00, 0x00, 0x00, 0x00, 0x00, 0x00, 0x00, 
    0x00, 0x00, 0x00, 0x00, 0x03, 0xff, 0xfe, 0xbf, 0xff, 0xff, 0xff, 0xff, 0xef, 0xfc, 0x03, 0xfd, 
    0xa1, 0xff, 0xf9, 0xf9, 0xaa, 0xaa, 0xbf, 0x55, 0x45, 0x55, 0x10, 0xfd, 0x05, 0x55, 0x55, 0x00, 
    0x00, 0x00, 0x00, 0x10, 0x00, 0x00, 0x00, 0x00, 0xff, 0xff, 0xff, 0xfe, 0x6f, 0xff, 0xff, 0xff, 
    0xff, 0xff, 0xff, 0x9b, 0xff, 0xff, 0xff, 0xff, 0xff, 0xff, 0xff, 0xff, 0xfd, 0x02, 0xd7, 0xff, 
    0xff, 0xff, 0xff, 0xff, 0x6f, 0xff, 0xff, 0xfd, 0x00, 0x06, 0x00, 0x00, 0x00, 0x00, 0x01, 0x57, 
    0xff, 0x82, 0xe4, 0x00, 0x00, 0x00, 0x00, 0x00, 0x00, 0x29, 0x00, 0x00, 0x05, 0x40, 0x00, 0x02, 
    0xfa, 0x90, 0x00, 0x50, 0x00, 0x00, 0x00, 0x05, 0x55, 0x51, 0x55, 0x51, 0xff, 0xff, 0xff, 0xff, 
    0xff, 0xff, 0xff, 0xeb, 0xff, 0xff, 0xff, 0xff, 0xff, 0xff, 0xff, 0xfa, 0xff, 0xff, 0xff, 0xff, 
    0xd2, 0x97, 0xf8, 0x30, 0xa9, 0x0a, 0xb0, 0x45, 0x00, 0x00, 0x00, 0x16, 0xe0, 0x00, 0x00, 0x00, 
    0x56, 0x90, 0x00, 0x05, 0x00, 0x57, 0x9b, 0x54, 0x00, 0x01, 0x90, 0x0b, 0x40, 0x1b, 0xe5, 0x00, 
    0x00, 0x50, 0x00, 0x00, 0x50, 0x00, 0x00, 0x00, 0x00, 0x00, 0x10, 0x05, 0x55, 0x55, 0x55, 0x55, 
    0x54, 0x2e, 0x01, 0x55, 0x55, 0x5b, 0x40, 0x00, 0x00, 0x00, 0x00, 0x00, 0x00, 0x00, 0x00, 0x00, 
    0x00, 0x00, 0x00, 0x00, 0x00, 0x00, 0x00, 0x00, 0x00, 0x00, 0x00, 0x00, 0x07, 0xff, 0xff, 0xff, 
    0xff, 0xff, 0xfe, 0xff, 0xaf, 0xfd, 0x42, 0xfd, 0x02, 0xff, 0xfe, 0x3e, 0x56, 0xaa, 0xab, 0xd5, 
    0x51, 0x55, 0x45, 0x20, 0x15, 0x55, 0x54, 0x00, 0x00, 0x00, 0x00, 0x00, 0x00, 0x00, 0x00, 0x00, 
    0xff, 0xff, 0xff, 0xff, 0xd6, 0xff, 0xff, 0xff, 0xff, 0xff, 0xff, 0xf9, 0xbf, 0xff, 0xff, 0xff, 
    0xff, 0xff, 0xff, 0xff, 0xff, 0x80, 0x78, 0xbf, 0xff, 0xff, 0xff, 0xff, 0xfb, 0xff, 0xff, 0xfe, 
    0x00, 0x00, 0x15, 0x50, 0x00, 0x00, 0x00, 0x15, 0xbf, 0xe9, 0xbf, 0x80, 0x00, 0x00, 0x00, 0x00, 
    0x01, 0xf5, 0x60, 0x00, 0x00, 0x00, 0x00, 0x00, 0xbe, 0xa4, 0x01, 0x40, 0x00, 0x00, 0x00, 0x0b, 
    0x55, 0x55, 0x78, 0x59, 0x2f, 0xff, 0xff, 0xff, 0xff, 0xff, 0xff, 0xf8, 0xb9, 0xbf, 0xff, 0xff, 
    0xff, 0xff, 0xff, 0xfd, 0xfb, 0xff, 0xff, 0xff, 0xf1, 0x01, 0x00, 0x3d, 0x10, 0x1d, 0xa5, 0x7e, 
    0x50, 0x00, 0x50, 0xa7, 0xc0, 0x00, 0x15, 0x52, 0xbe, 0x40, 0x00, 0x05, 0x01, 0x56, 0x56, 0x54, 
    0x00, 0x03, 0xdc, 0xfe, 0x54, 0x15, 0x60, 0x00, 0x00, 0x80, 0x00, 0x46, 0x50, 0x00, 0x00, 0x00, 
    0x00, 0x01, 0x00, 0x15, 0x55, 0x05, 0x55, 0x55, 0x50, 0x29, 0x59, 0x50, 0x56, 0x54, 0x00, 0x00, 
    0x00, 0x00, 0x00, 0x00, 0x00, 0x00, 0x00, 0x00, 0x00, 0x00, 0x00, 0x00, 0x00, 0x00, 0x00, 0x00, 
    0x00, 0x00, 0x00, 0x00, 0x03, 0xff, 0xff, 0xfb, 0xff, 0xff, 0xfe, 0xff, 0xff, 0xfe, 0x43, 0xff, 
    0x03, 0xff, 0xff, 0xcf, 0x80, 0x55, 0xaa, 0xf5, 0x54, 0x55, 0x51, 0x40, 0x55, 0x55, 0x50, 0x00, 
    0x00, 0x00, 0x00, 0x00, 0x00, 0x00, 0x00, 0x00, 0xff, 0xff, 0xff, 0xff, 0xfd, 0x6f, 0xff, 0xff, 
    0xff, 0xff, 0xff, 0xff, 0x5f, 0xff, 0xff, 0xff, 0xff, 0xff, 0xff, 0xff, 0xff, 0xf4, 0x0b, 0x5f, 
    0xff, 0xff, 0xff, 0xff, 0xfe, 0xff, 0xff, 0xff, 0x10, 0x00, 0x00, 0x15, 0x00, 0x00, 0x00, 0x05, 
    0x5b, 0xfe, 0xae, 0xaa, 0x40, 0x00, 0x00, 0x00, 0x07, 0x90, 0x20, 0x00, 0x00, 0x00, 0x00, 0x00, 
    0x2f, 0x80, 0x00, 0x90, 0x00, 0x00, 0x00, 0x01, 0x55, 0x02, 0xb8, 0x56, 0x46, 0xff, 0xff, 0xff, 
    0xff, 0xff, 0xff, 0xff, 0x5a, 0x3f, 0xff, 0xff, 0xff, 0xff, 0xff, 0xfe, 0xff, 0xff, 0xff, 0xff, 
    0xf4, 0x00, 0x00, 0x3f, 0x00, 0x2d, 0x80, 0xb4, 0x09, 0x00, 0x00, 0x56, 0xc0, 0x00, 0x01, 0x5b, 
    0xe9, 0x00, 0x00, 0x04, 0x01, 0x5a, 0x41, 0x50, 0x00, 0x07, 0x2e, 0xfe, 0xa4, 0x02, 0xd0, 0x01, 
    0x02, 0x40, 0x01, 0x6a, 0xa0, 0x00, 0x00, 0x00, 0x00, 0x54, 0x01, 0x01, 0x55, 0x55, 0x55, 0x55, 
    0x7c, 0x90, 0x00, 0x00, 0x00, 0x00, 0x00, 0x00, 0x00, 0x00, 0x00, 0x01, 0x40, 0x00, 0x00, 0x00, 
    0x00, 0x00, 0x00, 0x00, 0x00, 0x00, 0x00, 0x00, 0x00, 0x00, 0x00, 0x00, 0x03, 0xff, 0xff, 0xf7, 
    0xfb, 0xff, 0xfe, 0x6b, 0xbf, 0xff, 0x43, 0xfe, 0x13, 0xff, 0xff, 0xf2, 0xf0, 0x54, 0x6a, 0xbe, 
    0x55, 0x55, 0x54, 0x50, 0x55, 0x54, 0x00, 0x00, 0x00, 0x00, 0x00, 0x00, 0x00, 0x00, 0x00, 0x00, 
    0xff, 0xff, 0xff, 0xff, 0xff, 0xd6, 0xff, 0xff, 0xff, 0xff, 0xff, 0xff, 0xf6, 0xff, 0xff, 0xff, 
    0xff, 0xff, 0xff, 0xff, 0xff, 0xfd, 0x01, 0xd1, 0xff, 0xff, 0xff, 0xff, 0xff, 0xff, 0xff, 0xff, 
    0x00, 0x00, 0x01, 0x10, 0x50, 0x00, 0x00, 0x05, 0x5b, 0xfd, 0xb9, 0x50, 0x6a, 0xaa, 0xa5, 0x55, 
    0x59, 0x80, 0x14, 0x00, 0x00, 0x00, 0x00, 0x00, 0x07, 0x95, 0x90, 0x18, 0x00, 0x50, 0x15, 0x40, 
    0x01, 0x00, 0x64, 0x55, 0x10, 0x7f, 0xff, 0xff, 0xff, 0xff, 0xff, 0xff, 0xe0, 0x0f, 0xff, 0xff, 
    0xff, 0xff, 0xff, 0xff, 0xbf, 0xff, 0xff, 0xff, 0xf8, 0x00, 0x00, 0x2e, 0x10, 0x78, 0x54, 0x40, 
    0x02, 0x00, 0x04, 0x14, 0xd0, 0x00, 0x15, 0x55, 0x55, 0x00, 0x00, 0x04, 0x00, 0x2c, 0x30, 0x00, 
    0x00, 0x08, 0xbf, 0xf4, 0x00, 0x0b, 0xc0, 0x04, 0x06, 0x00, 0x05, 0x40, 0x00, 0x00, 0x00, 0x00, 
    0x01, 0x50, 0x05, 0x54, 0x51, 0x55, 0x55, 0x55, 0xf8, 0x00, 0x00, 0x00, 0x00, 0x00, 0x00, 0x00, 
    0x00, 0x00, 0x15, 0x40, 0x40, 0x00, 0x00, 0x00, 0x00, 0x00, 0x00, 0x00, 0x00, 0x00, 0x00, 0x00, 
    0x00, 0x00, 0x00, 0x00, 0x03, 0xff, 0xff, 0xf4, 0xff, 0xff, 0xfd, 0x6a, 0xff, 0xff, 0xd3, 0xfe, 
    0xb7, 0xff, 0xff, 0xf0, 0xbd, 0x55, 0xaa, 0xaf, 0x95, 0x55, 0x55, 0x14, 0x05, 0x40, 0x00, 0x00, 
    0x00, 0x00, 0x00, 0x00, 0x00, 0x00, 0x00, 0x00, 0xff, 0xff, 0xff, 0xff, 0xff, 0xfe, 0x6f, 0xff, 
    0xff, 0xff, 0xff, 0xff, 0xfe, 0x6f, 0xff, 0xf9, 0xff, 0xff, 0xff, 0xff, 0xff, 0xff, 0x84, 0x29, 
    0x3f, 0xff, 0xff, 0xff, 0xff, 0xff, 0xff, 0xff, 0x00, 0x00, 0x01, 0x10, 0x05, 0x00, 0x00, 0x01, 
    0x57, 0xfe, 0x65, 0x50, 0x00, 0x1b, 0xff, 0xf8, 0x2a, 0x90, 0x25, 0x00, 0x00, 0x00, 0x00, 0x00, 
    0x00, 0xaa, 0x54, 0x01, 0x0a, 0x58, 0x64, 0x00, 0x00, 0x56, 0x00, 0x9b, 0x80, 0x07, 0xff, 0x5f, 
    0xff, 0xff, 0xff, 0xff, 0xf8, 0x15, 0xff, 0xff, 0xff, 0xff, 0xff, 0xff, 0xff, 0xff, 0xff, 0xff, 
    0xfc, 0x00, 0x00, 0x0f, 0xc8, 0xfd, 0x56, 0x60, 0x00, 0x40, 0x00, 0x00, 0x90, 0x00, 0x15, 0x55, 
    0x65, 0x00, 0x00, 0x04, 0x00, 0x60, 0x70, 0x00, 0x00, 0x16, 0xff, 0xd0, 0x00, 0x3f, 0x40, 0x04, 
    0x05, 0x00, 0x14, 0x00, 0x00, 0x00, 0x00, 0x00, 0x55, 0x00, 0x55, 0x54, 0x15, 0x55, 0x55, 0x42, 
    0x40, 0x00, 0x00, 0x00, 0x00, 0x00, 0x00, 0x00, 0x00, 0x00, 0x15, 0x50, 0x10, 0x00, 0x00, 0x00, 
    0x00, 0x00, 0x00, 0x00, 0x00, 0x00, 0x00, 0x00, 0x00, 0x00, 0x00, 0x00, 0x03, 0xff, 0xff, 0xf9, 
    0xff, 0xff, 0xfd, 0xae, 0xff, 0xff, 0xd3, 0xfe, 0x63, 0xff, 0xfe, 0x5a, 0x2f, 0x41, 0xaa, 0xab, 
    0xe5, 0x55, 0x55, 0x45, 0x01, 0x00, 0x00, 0x00, 0x00, 0x00, 0x00, 0x00, 0x00, 0x00, 0x00, 0x00, 
    0xff, 0xff, 0xff, 0xff, 0xff, 0xff, 0x96, 0xff, 0xff, 0xff, 0xff, 0xff, 0xff, 0xd7, 0xff, 0xfe, 
    0x6f, 0xff, 0xff, 0xff, 0xff, 0xff, 0xe0, 0x02, 0x8b, 0xff, 0xff, 0xff, 0xff, 0xff, 0xff, 0xff, 
    0x40, 0x00, 0x01, 0x50, 0x00, 0x50, 0x00, 0x05, 0x55, 0x87, 0x95, 0x50, 0x00, 0xaa, 0xa9, 0x50, 
    0x12, 0xa0, 0x19, 0x00, 0x00, 0x00, 0x40, 0x00, 0x00, 0x18, 0xb8, 0x00, 0x00, 0x00, 0x00, 0x00, 
    0x00, 0x18, 0x90, 0x1a, 0xc0, 0x00, 0xbf, 0x83, 0xff, 0xff, 0xff, 0xff, 0xff, 0x7f, 0x5f, 0xff, 
    0xff, 0xff, 0xff, 0xff, 0xff, 0xff, 0xff, 0xff, 0xfd, 0x41, 0x00, 0x07, 0x40, 0xb8, 0x00, 0x70, 
    0x00, 0x00, 0x00, 0x00, 0x10, 0x00, 0x19, 0x55, 0xa5, 0x00, 0x00, 0x04, 0x00, 0x00, 0x20, 0x00, 
    0x00, 0x23, 0x7f, 0x80, 0x00, 0xff, 0x05, 0x00, 0x08, 0x01, 0x40, 0x00, 0x00, 0x00, 0x69, 0x15, 
    0x44, 0x05, 0x55, 0x55, 0x55, 0x55, 0x55, 0x00, 0x00, 0x00, 0x00, 0x00, 0x00, 0x51, 0x51, 0x00, 
    0x00, 0x00, 0x14, 0x54, 0x00, 0x00, 0x00, 0x00, 0x00, 0x00, 0x00, 0x00, 0x00, 0x00, 0x00, 0x00, 
    0x00, 0x00, 0x00, 0x00, 0x03, 0xff, 0xff, 0xff, 0xff, 0xff, 0xfe, 0xae, 0xff, 0xff, 0xd3, 0xf8, 
    0x03, 0xff, 0xf1, 0xfc, 0x07, 0xe4, 0xaa, 0xaa, 0xfd, 0x55, 0x55, 0x51, 0x40, 0x00, 0x00, 0x00, 
    0x00, 0x00, 0x00, 0x01, 0x00, 0x00, 0x00, 0x01, 0xff, 0xff, 0xff, 0xff, 0xff, 0xff, 0xe4, 0x2f, 
    0xff, 0xff, 0xff, 0xff, 0xff, 0xfd, 0xbf, 0xff, 0xe7, 0xff, 0xff, 0xff, 0xff, 0xff, 0xfd, 0x10, 
    0x78, 0xbf, 0xff, 0xff, 0xff, 0xff, 0xff, 0xff, 0x40, 0x00, 0x05, 0x40, 0x00, 0x14, 0x00, 0x00, 
    0x55, 0xff, 0x41, 0x55, 0x00, 0x2a, 0xea, 0x60, 0x01, 0x90, 0x1d, 0x20, 0x00, 0x00, 0x00, 0x00, 
    0x00, 0x07, 0xa0, 0x00, 0x00, 0x00, 0x00, 0x00, 0x00, 0x02, 0x59, 0x06, 0x80, 0x00, 0x0b, 0xfb, 
    0xff, 0xff, 0xff, 0xff, 0xff, 0xdf, 0xfe, 0xff, 0xff, 0xff, 0xff, 0xff, 0xff, 0xff, 0xff, 0xff, 
    0xfe, 0x43, 0x00, 0x00, 0x00, 0xf4, 0x01, 0xf4, 0x00, 0x00, 0x00, 0x64, 0xa0, 0x01, 0x55, 0x55, 
    0xa5, 0x00, 0x00, 0x14, 0x00, 0x04, 0x00, 0x00, 0x06, 0x92, 0x7c, 0x90, 0x03, 0xfd, 0x00, 0x00, 
    0x14, 0x04, 0x00, 0x00, 0x00, 0x1b, 0x41, 0x55, 0x05, 0x55, 0x59, 0x55, 0x55, 0x55, 0x40, 0x04, 
    0x00, 0x00, 0x00, 0x00, 0x01, 0x55, 0x54, 0x40, 0x00, 0x00, 0x15, 0x55, 0x40, 0x00, 0x00, 0x00, 
    0x00, 0x00, 0x00, 0x00, 0x00, 0x00, 0x00, 0x00, 0x00, 0x00, 0x00, 0x00, 0x01, 0xff, 0xff, 0xff, 
    0xff, 0xff, 0xff, 0xbf, 0xff, 0xff, 0xd7, 0xfa, 0x03, 0xff, 0x9b, 0xe0, 0x01, 0xf9, 0xaa, 0xaa, 
    0xbf, 0x55, 0x55, 0x54, 0x54, 0x00, 0x00, 0x00, 0x00, 0x00, 0x00, 0x04, 0x00, 0x00, 0x00, 0x05, 
    0xff, 0xff, 0xff, 0xff, 0xff, 0xff, 0xfd, 0x02, 0xff, 0xff, 0xff, 0xff, 0xff, 0xff, 0x9b, 0xff, 
    0xfd, 0x7f, 0xff, 0xff, 0xff, 0xff, 0xff, 0x84, 0x0b, 0x5f, 0xff, 0xff, 0xff, 0xff, 0xff, 0xff, 
    0x80, 0x00, 0x05, 0x44, 0x00, 0x01, 0x40, 0x00, 0x15, 0xbf, 0xe0, 0x55, 0x50, 0x06, 0x6f, 0x90, 
    0x00, 0x00, 0x1a, 0xa4, 0x00, 0x00, 0x00, 0x00, 0x05, 0x01, 0x90, 0x00, 0x00, 0x00, 0x00, 0x00, 
    0x00, 0x00, 0x6b, 0xe4, 0x40, 0x00, 0x01, 0xff, 0xff, 0xff, 0xff, 0xff, 0xff, 0xf6, 0xff, 0xff, 
    0xff, 0xff, 0xff, 0xff, 0xff, 0xff, 0xff, 0xff, 0xff, 0x52, 0x50, 0x00, 0x01, 0xf0, 0x02, 0xaa, 
    0x00, 0x00, 0x00, 0x02, 0xd0, 0x05, 0x40, 0x11, 0x55, 0x00, 0x00, 0x14, 0x00, 0x6f, 0x00, 0x00, 
    0x0e, 0xc3, 0x84, 0x00, 0x0f, 0xf8, 0x00, 0x00, 0x21, 0x40, 0x00, 0x00, 0x02, 0xa5, 0x05, 0x55, 
    0x45, 0x55, 0x55, 0x55, 0x55, 0x55, 0x00, 0x10, 0x00, 0x00, 0x00, 0x00, 0x01, 0x55, 0x54, 0x10, 
    0x00, 0x00, 0x05, 0x55, 0x54, 0x00, 0x00, 0x00, 0x00, 0x00, 0x00, 0x00, 0x00, 0x00, 0x00, 0x00, 
    0x00, 0x00, 0x00, 0x00, 0x00, 0x2f, 0xff, 0xff, 0xff, 0xff, 0xfe, 0xbf, 0xff, 0xff, 0x87, 0xbf, 
    0x03, 0xfd, 0x0f, 0xc0, 0x05, 0x7e, 0xaa, 0xaa, 0xaf, 0xd5, 0x55, 0x55, 0x15, 0x00, 0x00, 0x00, 
    0x00, 0x00, 0x00, 0x00, 0x00, 0x00, 0x00, 0x05, 0xff, 0xff, 0xff, 0xff, 0xff, 0xff, 0xff, 0xd0, 
    0x1f, 0xff, 0xff, 0xff, 0xff, 0xff, 0xf9, 0xff, 0xff, 0x9b, 0xff, 0xff, 0xff, 0xff, 0xff, 0xf0, 
    0x41, 0xe6, 0xff, 0xff, 0xff, 0xff, 0xff, 0xff, 0xc4, 0x10, 0x15, 0x50, 0x00, 0x00, 0x64, 0x00, 
    0x01, 0x5f, 0xe4, 0x15, 0x54, 0x00, 0x00, 0x28, 0x6c, 0x00, 0x04, 0x0a, 0x40, 0x00, 0x00, 0x07, 
    0xff, 0x00, 0x28, 0x00, 0x00, 0x00, 0x00, 0xa0, 0x00, 0x00, 0x0b, 0xfe, 0x40, 0x50, 0x00, 0x1f, 
    0xff, 0xff, 0xff, 0xff, 0xff, 0xfc, 0xff, 0xff, 0xff, 0xff, 0xff, 0xff, 0xff, 0xff, 0xff, 0xff, 
    0xff, 0xa2, 0xb4, 0x07, 0x07, 0xf0, 0x50, 0x00, 0x40, 0x15, 0xaa, 0x1f, 0xcc, 0x15, 0x00, 0x40, 
    0x55, 0x50, 0x00, 0x10, 0x01, 0xfe, 0x00, 0x00, 0x0e, 0xaf, 0xc0, 0x01, 0x3f, 0xf4, 0x00, 0x00, 
    0x40, 0x00, 0x00, 0x00, 0x00, 0x15, 0x55, 0x55, 0x55, 0x55, 0x55, 0x55, 0x55, 0x54, 0x00, 0x00, 
    0x00, 0x00, 0x00, 0x00, 0x00, 0x55, 0x55, 0x14, 0x00, 0x00, 0x05, 0x55, 0x55, 0x40, 0x00, 0x00, 
    0x00, 0x00, 0x00, 0x00, 0x00, 0x00, 0x00, 0x00, 0x00, 0x00, 0x00, 0x00, 0x00, 0x0f, 0xff, 0xff, 
    0xff, 0xff, 0xfe, 0xff, 0xff, 0xff, 0x01, 0xff, 0x43, 0xf7, 0x9f, 0xc0, 0x25, 0x9f, 0xaa, 0xaa, 
    0xab, 0xe5, 0x55, 0x55, 0x45, 0x40, 0x00, 0x00, 0x00, 0x00, 0x00, 0x10, 0x00, 0x00, 0x04, 0x15, 
    0xff, 0xff, 0xff, 0xff, 0xff, 0xff, 0xff, 0xf8, 0x01, 0xff, 0xff, 0xff, 0xff, 0xff, 0xff, 0x6f, 
    0xff, 0xf8, 0xbf, 0xff, 0xff, 0xff, 0xff, 0xfc, 0x10, 0x2e, 0x2f, 0xff, 0xff, 0xff, 0xff, 0xff, 
    0xd8, 0x00, 0x15, 0x50, 0x00, 0x00, 0x06, 0x40, 0x01, 0x56, 0xa0, 0x15, 0x55, 0x00, 0x00, 0x06, 
    0x54, 0x00, 0x00, 0x00, 0x80, 0x00, 0x00, 0x0f, 0xda, 0x00, 0x3e, 0x00, 0x00, 0x00, 0x00, 0x24, 
    0x02, 0x00, 0x00, 0x6d, 0x6a, 0x40, 0x00, 0x56, 0xff, 0xff, 0xff, 0xff, 0xff, 0xff, 0x7f, 0xff, 
    0xff, 0xff, 0xff, 0xff, 0xff, 0xff, 0xff, 0xff, 0xff, 0xb6, 0xa8, 0xbf, 0x1f, 0xf2, 0x04, 0x00, 
    0x00, 0x55, 0x56, 0xff, 0xee, 0x04, 0x00, 0x00, 0x05, 0x50, 0x00, 0x10, 0x07, 0x08, 0x00, 0x00, 
    0x16, 0xff, 0x80, 0x00, 0xff, 0xe0, 0x00, 0x00, 0x00, 0x00, 0x00, 0x00, 0x01, 0x55, 0x55, 0x55, 
    0x55, 0x55, 0x55, 0x55, 0x5b, 0x55, 0x00, 0x00, 0x00, 0x00, 0x00, 0x00, 0x00, 0x15, 0x55, 0x41, 
    0x00, 0x00, 0x01, 0x55, 0x54, 0x00, 0x00, 0x00, 0x00, 0x00, 0x00, 0x00, 0x00, 0x00, 0x00, 0x00, 
    0x00, 0x00, 0x00, 0x00, 0x00, 0x0b, 0xff, 0xff, 0xff, 0xff, 0xff, 0xff, 0xff, 0xff, 0x03, 0xff, 
    0x83, 0xdf, 0xff, 0xc0, 0x27, 0xe7, 0xd6, 0xaa, 0xaa, 0xfd, 0x55, 0x55, 0x51, 0x40, 0x00, 0x00, 
    0x00, 0x00, 0x00, 0x10, 0x00, 0x00, 0x04, 0x15, 0xff, 0xff, 0xa5, 0x41, 0xbf, 0xff, 0xff, 0xff, 
    0x80, 0x2f, 0xff, 0xff, 0xff, 0xff, 0xff, 0xe7, 0xff, 0xff, 0x0f, 0xff, 0xff, 0xff, 0xff, 0xff, 
    0x45, 0x02, 0x97, 0xff, 0xff, 0xff, 0xff, 0xff, 0xe9, 0x00, 0x15, 0x51, 0x00, 0x00, 0x00, 0x50, 
    0x0a, 0x92, 0x90, 0x00, 0x15, 0x50, 0x00, 0x08, 0x00, 0x00, 0x00, 0x00, 0x85, 0x00, 0x14, 0x44, 
    0x08, 0x00, 0x1d, 0x80, 0x00, 0x00, 0x01, 0x01, 0x55, 0x00, 0x19, 0x56, 0xd1, 0xa0, 0x5a, 0x5a, 
    0x6f, 0xff, 0xff, 0xff, 0xff, 0xff, 0xff, 0xff, 0xfb, 0xff, 0xff, 0xff, 0xff, 0xff, 0xff, 0xff, 
    0xff, 0xdf, 0xdd, 0xbf, 0x7f, 0xfb, 0x04, 0x00, 0x00, 0x55, 0xbf, 0xef, 0xbe, 0x50, 0x00, 0x00, 
    0x04, 0x50, 0x00, 0x24, 0x0e, 0x08, 0x00, 0x00, 0x06, 0x51, 0x01, 0x43, 0xff, 0xc0, 0x00, 0x01, 
    0x00, 0x00, 0x00, 0x00, 0x15, 0x55, 0x55, 0x55, 0x55, 0x55, 0x55, 0x55, 0x65, 0x55, 0x02, 0x00, 
    0x00, 0x00, 0x00, 0x00, 0x00, 0x01, 0x15, 0x50, 0x00, 0x00, 0x01, 0x55, 0x55, 0x40, 0x00, 0x00, 
    0x00, 0x00, 0x00, 0x00, 0x00, 0x00, 0x00, 0x00, 0x00, 0x00, 0x00, 0x00, 0x00, 0x07, 0xff, 0xff, 
    0xff, 0xff, 0x96, 0xff, 0xff, 0xff, 0x07, 0xff, 0x83, 0x7f, 0xff, 0xf0, 0x1b, 0xfc, 0xf9, 0xaa, 
    0xaa, 0xbf, 0x55, 0x55, 0x54, 0x14, 0x00, 0x00, 0x00, 0x00, 0x00, 0x10, 0x00, 0x00, 0x00, 0x05, 
    0xff, 0xf4, 0x05, 0x50, 0x0b, 0xff, 0xff, 0xff, 0xe9, 0x02, 0xff, 0xfb, 0xff, 0xff, 0xff, 0xfe, 
    0xbf, 0xff, 0xe1, 0xff, 0xff, 0xff, 0xff, 0xff, 0xe0, 0x40, 0x28, 0xbf, 0xff, 0xff, 0xff, 0xff, 
    0xf2, 0x00, 0x15, 0x51, 0x00, 0x00, 0x00, 0x14, 0x06, 0x50, 0x69, 0x00, 0x00, 0x00, 0x00, 0x20, 
    0x00, 0x00, 0x40, 0x00, 0x40, 0x6f, 0xd1, 0x40, 0x2e, 0x00, 0x03, 0x90, 0x00, 0x00, 0x1a, 0x1c, 
    0x01, 0x00, 0x01, 0xea, 0x90, 0x24, 0x05, 0x69, 0x96, 0xff, 0xff, 0xff, 0xff, 0xff, 0xff, 0xff, 
    0xf8, 0xff, 0xff, 0xff, 0xff, 0xff, 0xff, 0xff, 0xff, 0xdf, 0xed, 0x7f, 0xff, 0xff, 0x04, 0x00, 
    0x00, 0x0b, 0xff, 0xa4, 0x95, 0x44, 0x00, 0x00, 0x01, 0x54, 0x00, 0x24, 0x2b, 0xa0, 0x00, 0x00, 
    0x08, 0x00, 0x00, 0x4f, 0xff, 0x80, 0x00, 0x00, 0x00, 0x00, 0x00, 0x01, 0x55, 0x55, 0x55, 0x55, 
    0x51, 0x55, 0x55, 0x5a, 0x45, 0x55, 0x45, 0x00, 0x00, 0x00, 0x00, 0x00, 0x00, 0x40, 0x15, 0x50, 
    0x00, 0x00, 0x01, 0x55, 0x55, 0x50, 0x00, 0x00, 0x00, 0x00, 0x00, 0x00, 0x00, 0x00, 0x00, 0x00, 
    0x00, 0x00, 0x00, 0x00, 0x00, 0x03, 0xff, 0xff, 0xff, 0xf4, 0x00, 0x17, 0xff, 0xff, 0x9b, 0xff, 
    0x91, 0xbf, 0xff, 0xf0, 0x27, 0xff, 0x2f, 0x5a, 0xaa, 0xaf, 0xd5, 0x55, 0x55, 0x05, 0x00, 0x00, 
    0x00, 0x00, 0x01, 0x00, 0x00, 0x00, 0x00, 0x01, 0xff, 0xe0, 0x01, 0x50, 0x15, 0x7f, 0xff, 0xff, 
    0xff, 0xd0, 0x7f, 0xf9, 0xff, 0xff, 0xff, 0xff, 0xdb, 0xff, 0xfd, 0x2f, 0xff, 0xff, 0xff, 0xff, 
    0xfd, 0x14, 0x06, 0x5f, 0xff, 0xff, 0xff, 0xff, 0xf5, 0x40, 0x04, 0x55, 0x40, 0x40, 0x00, 0x05, 
    0x02, 0x90, 0x2e, 0x40, 0x00, 0x00, 0x01, 0x80, 0x00, 0x00, 0x00, 0x01, 0x00, 0x00, 0x02, 0x89, 
    0x5f, 0x00, 0x02, 0xd0, 0x00, 0x02, 0x5a, 0x0e, 0x00, 0x00, 0x00, 0x1a, 0xa8, 0x08, 0x02, 0xe8, 
    0x1d, 0x1f, 0xff, 0xff, 0xff, 0xff, 0xfe, 0xbf, 0xff, 0xfd, 0xff, 0xff, 0xff, 0xff, 0xff, 0xff, 
    0xff, 0xeb, 0xf9, 0x7f, 0xff, 0xf5, 0x60, 0x00, 0x00, 0x1f, 0xe6, 0x94, 0x40, 0x00, 0x00, 0x00, 
    0x00, 0x45, 0x54, 0x20, 0x6f, 0x41, 0x00, 0x00, 0x09, 0x00, 0x01, 0x7f, 0xff, 0x00, 0x00, 0x04, 
    0x00, 0x00, 0x00, 0x15, 0x54, 0x06, 0x95, 0x55, 0x05, 0x55, 0x55, 0xa4, 0x55, 0x55, 0x18, 0x00, 
    0x00, 0x00, 0x00, 0x00, 0x00, 0x15, 0x00, 0x15, 0x00, 0x00, 0x00, 0x55, 0x55, 0x54, 0x00, 0x00, 
    0x00, 0x00, 0x00, 0x00, 0x00, 0x00, 0x00, 0x00, 0x00, 0x00, 0x00, 0x00, 0x00, 0x00, 0xff, 0xff, 
    0xff, 0xf0, 0x00, 0x01, 0xff, 0xff, 0x8b, 0xff, 0x82, 0xff, 0xff, 0xf0, 0x17, 0xff, 0xdb, 0x96, 
    0xaa, 0xaa, 0xf5, 0x55, 0x55, 0x41, 0x40, 0x00, 0x00, 0x00, 0x01, 0x00, 0x00, 0x00, 0x00, 0x00, 
    0xff, 0xe1, 0x54, 0x00, 0x55, 0x0f, 0xff, 0xff, 0xff, 0xfd, 0x1f, 0xfc, 0xbf, 0xff, 0xff, 0xff, 
    0xf9, 0xff, 0xff, 0xd6, 0xff, 0xff, 0xff, 0xff, 0xff, 0x42, 0x44, 0xa2, 0xff, 0xff, 0xff, 0xff, 
    0xf4, 0x40, 0x04, 0x55, 0x54, 0x50, 0x14, 0x01, 0x8a, 0xa0, 0x0e, 0x10, 0x00, 0x00, 0x07, 0x80, 
    0x00, 0x00, 0x00, 0x00, 0x50, 0x00, 0x00, 0x06, 0xfd, 0x00, 0x00, 0x7e, 0x90, 0x53, 0xfe, 0x0e, 
    0x00, 0x00, 0x00, 0x01, 0xaf, 0x50, 0x00, 0x04, 0x02, 0xd3, 0xfd, 0xff, 0xff, 0xff, 0xff, 0xff, 
    0xff, 0xff, 0xff, 0xff, 0xff, 0xbf, 0xff, 0xff, 0xff, 0xf7, 0xff, 0xff, 0xff, 0xf0, 0x64, 0x00, 
    0x01, 0x9f, 0x45, 0x94, 0x40, 0x00, 0x00, 0x00, 0x00, 0x01, 0x40, 0x20, 0x09, 0x01, 0x80, 0x00, 
    0x10, 0x24, 0x05, 0xff, 0xfe, 0x00, 0x00, 0x00, 0x00, 0x00, 0x01, 0x41, 0x50, 0x01, 0x55, 0x55, 
    0x55, 0x55, 0x52, 0x05, 0x55, 0x55, 0x74, 0x00, 0x00, 0x00, 0x00, 0x01, 0x54, 0x05, 0x41, 0x00, 
    0x00, 0x00, 0x00, 0x15, 0x55, 0x54, 0x00, 0x00, 0x00, 0x00, 0x00, 0x00, 0x00, 0x00, 0x00, 0x00, 
    0x00, 0x00, 0x00, 0x00, 0x00, 0x00, 0x2f, 0xff, 0xff, 0xd0, 0x00, 0x00, 0x7f, 0xff, 0x9f, 0xff, 
    0x87, 0xff, 0xdf, 0xf0, 0x0b, 0xff, 0xd2, 0xf5, 0xaa, 0xaa, 0xfd, 0x55, 0x55, 0x50, 0x50, 0x00, 
    0x00, 0x40, 0x11, 0x00, 0x00, 0x00, 0x01, 0x00, 0xff, 0xf4, 0x55, 0x40, 0x55, 0x57, 0xff, 0xff, 
    0xff, 0xff, 0xda, 0xfe, 0x2f, 0xff, 0xff, 0xff, 0xff, 0xaf, 0xff, 0xf6, 0x7f, 0xff, 0xff, 0xff, 
    0xff, 0xe0, 0x60, 0x5e, 0x7f, 0xff, 0xff, 0xff, 0xfc, 0x45, 0x01, 0x55, 0x55, 0x55, 0x55, 0x55, 
    0x55, 0xa4, 0x02, 0x00, 0x00, 0x00, 0x05, 0x00, 0x00, 0x00, 0x00, 0x01, 0x80, 0x00, 0x00, 0x00, 
    0x2a, 0xe5, 0x00, 0x1f, 0xf4, 0x2f, 0xc0, 0x0f, 0x80, 0x00, 0x00, 0x00, 0x1f, 0xa6, 0xfa, 0x40, 
    0x15, 0x6f, 0xff, 0xff, 0xff, 0xff, 0xff, 0xff, 0xff, 0xff, 0xff, 0xff, 0xff, 0x7f, 0xff, 0xff, 
    0xff, 0xf7, 0xff, 0xff, 0xff, 0xf4, 0x50, 0x00, 0x0b, 0xf4, 0x01, 0x54, 0x60, 0x60, 0x40, 0x00, 
    0x00, 0x00, 0x00, 0x14, 0x04, 0x00, 0x40, 0x00, 0x1a, 0x7d, 0x06, 0xff, 0xfc, 0x50, 0x40, 0x10, 
    0x00, 0x00, 0x50, 0x00, 0x00, 0x00, 0x01, 0x55, 0x55, 0x41, 0x01, 0x55, 0x55, 0x55, 0x70, 0x00, 
    0x00, 0x00, 0x00, 0x05, 0x44, 0x00, 0x55, 0x55, 0x00, 0x00, 0x00, 0x15, 0x55, 0x54, 0x00, 0x00, 
    0x00, 0x00, 0x00, 0x00, 0x00, 0x00, 0x00, 0x00, 0x00, 0x00, 0x00, 0x00, 0x00, 0x00, 0x07, 0xff, 
    0xff, 0x40, 0x00, 0x00, 0x1f, 0xff, 0xaf, 0xfe, 0x1e, 0xff, 0xef, 0xd0, 0x07, 0xff, 0x00, 0xbd, 
    0xaa, 0xaa, 0xaf, 0x85, 0x55, 0x54, 0x14, 0x00, 0x01, 0x40, 0x11, 0x00, 0x00, 0x00, 0x05, 0x00, 
    0xff, 0xfc, 0x15, 0x55, 0x00, 0x55, 0xff, 0xff, 0xff, 0xff, 0xfd, 0x6f, 0x4b, 0xff, 0xff, 0xff, 
    0xff, 0xfa, 0xff, 0xfd, 0x6b, 0xff, 0xff, 0xff, 0xff, 0xfc, 0x09, 0x26, 0xdb, 0xff, 0xff, 0xff, 
    0xfe, 0x55, 0x40, 0x11, 0x55, 0x55, 0x41, 0x52, 0xfa, 0x80, 0x02, 0x40, 0x00, 0x00, 0x60, 0x00, 
    0x00, 0x00, 0x00, 0x19, 0x00, 0x00, 0x00, 0x00, 0x00, 0x06, 0xb9, 0x40, 0xb4, 0x2f, 0xc0, 0x1b, 
    0xea, 0x59, 0x02, 0x0c, 0x1e, 0x40, 0x1f, 0xff, 0xa6, 0xd7, 0xff, 0xff, 0xff, 0xff, 0xff, 0xff, 
    0xff, 0xff, 0xff, 0xff, 0xff, 0xbf, 0xff, 0xff, 0xff, 0xfa, 0xff, 0xff, 0xff, 0xf2, 0xf0, 0x00, 
    0x69, 0x50, 0x00, 0x55, 0x2f, 0x40, 0x00, 0x00, 0x14, 0x00, 0x00, 0x14, 0x00, 0x00, 0x00, 0x00, 
    0xbf, 0xbf, 0x97, 0xff, 0xf9, 0xbe, 0x98, 0x80, 0x00, 0x15, 0x40, 0x00, 0x00, 0x00, 0x05, 0x55, 
    0x54, 0x68, 0x15, 0x55, 0x55, 0x55, 0xa0, 0x00, 0x00, 0x00, 0x00, 0x15, 0x41, 0x54, 0x55, 0x55, 
    0x40, 0x00, 0x00, 0x15, 0x55, 0x54, 0x00, 0x00, 0x00, 0x00, 0x00, 0x00, 0x00, 0x00, 0x00, 0x00, 
    0x00, 0x00, 0x00, 0x00, 0x00, 0x10, 0x00, 0x7f, 0xf8, 0x00, 0x00, 0x00, 0x07, 0xff, 0xaf, 0xfd, 
    0x39, 0xff, 0xff, 0xd0, 0x07, 0xf8, 0x05, 0x2f, 0x5a, 0xaa, 0xab, 0xe1, 0x55, 0x55, 0x05, 0x00, 
    0x00, 0x04, 0x01, 0x10, 0x00, 0x00, 0x15, 0x40, 0xff, 0xfe, 0x25, 0x55, 0x50, 0x14, 0xbf, 0xff, 
    0xff, 0xff, 0xff, 0xd6, 0xc3, 0xff, 0xff, 0xff, 0xff, 0xfe, 0x7f, 0xff, 0x89, 0xbf, 0xff, 0xff, 
    0xff, 0xff, 0x41, 0xc6, 0x78, 0xff, 0xff, 0xff, 0xff, 0x25, 0x50, 0x11, 0x55, 0x55, 0x55, 0x40, 
    0x2f, 0x00, 0x00, 0x40, 0x00, 0x00, 0x30, 0x00, 0x00, 0x00, 0x00, 0x00, 0x00, 0x00, 0x00, 0x00, 
    0x00, 0x00, 0x01, 0xbe, 0xfc, 0x0f, 0xc0, 0x69, 0xaa, 0xe2, 0x95, 0x92, 0x42, 0xe9, 0x01, 0xbc, 
    0xbe, 0x5d, 0x7f, 0xff, 0xff, 0xff, 0xff, 0xff, 0xff, 0xff, 0xff, 0xff, 0xff, 0xaf, 0xff, 0xff, 
    0xff, 0xfe, 0xff, 0xff, 0xff, 0xd3, 0xd0, 0x07, 0xe0, 0x00, 0x00, 0x25, 0x67, 0x00, 0x00, 0x01, 
    0xa5, 0x40, 0x00, 0x70, 0x00, 0x00, 0x00, 0x07, 0xff, 0xff, 0xdf, 0xef, 0xf1, 0x45, 0x46, 0x80, 
    0x05, 0x51, 0x50, 0x00, 0x00, 0x00, 0x55, 0x55, 0x5a, 0x55, 0x55, 0x55, 0x55, 0x55, 0x80, 0x00, 
    0x00, 0x00, 0x00, 0x15, 0x55, 0x55, 0x55, 0x55, 0x54, 0x00, 0x00, 0x15, 0x55, 0x50, 0x00, 0x00, 
    0x00, 0x00, 0x00, 0x00, 0x00, 0x00, 0x00, 0x00, 0x00, 0x00, 0x00, 0x00, 0x00, 0x00, 0x00, 0x04, 
    0x00, 0x00, 0x00, 0x00, 0x01, 0xff, 0xef, 0xfc, 0x32, 0xff, 0xff, 0xf3, 0x0b, 0xd0, 0x15, 0x4b, 
    0xd5, 0xaa, 0xaa, 0xf8, 0x55, 0x55, 0x41, 0x40, 0x00, 0x04, 0x15, 0x10, 0x00, 0x00, 0x15, 0x50, 
    0xff, 0xff, 0x9a, 0x55, 0x50, 0x00, 0x3f, 0xff, 0xff, 0xff, 0xff, 0xf9, 0x12, 0xff, 0xff, 0xff, 
    0xff, 0xff, 0xd7, 0xff, 0xf5, 0x9b, 0xff, 0xff, 0xff, 0xff, 0xe4, 0x24, 0x97, 0x5f, 0xff, 0xff, 
    0xff, 0x69, 0x54, 0x00, 0x05, 0x55, 0x55, 0x45, 0x02, 0x40, 0x00, 0x00, 0x00, 0x00, 0x10, 0x00, 
    0x00, 0x00, 0x00, 0x00, 0x00, 0x00, 0x00, 0x00, 0x00, 0x01, 0x00, 0x01, 0xbf, 0x95, 0x40, 0xaa, 
    0x69, 0x60, 0x2b, 0xf4, 0x74, 0x04, 0x04, 0x1c, 0x7f, 0xfa, 0x9b, 0xff, 0xff, 0xff, 0xff, 0xff, 
    0xff, 0xff, 0xff, 0xff, 0xff, 0xdb, 0xff, 0xff, 0xff, 0xfe, 0xff, 0xff, 0xff, 0xeb, 0xef, 0xff, 
    0x90, 0x00, 0x01, 0x44, 0x59, 0x00, 0x00, 0x05, 0x6a, 0x40, 0x00, 0x50, 0x01, 0x00, 0x00, 0x97, 
    0xff, 0xbf, 0x7f, 0xbf, 0xd0, 0x02, 0x1b, 0x44, 0x00, 0x00, 0x00, 0x00, 0x00, 0x00, 0x01, 0x59, 
    0xa5, 0x05, 0x55, 0x15, 0x55, 0x04, 0x00, 0x00, 0x00, 0x00, 0x00, 0x05, 0x55, 0x05, 0x55, 0x55, 
    0x55, 0x00, 0x00, 0x05, 0x55, 0x55, 0x40, 0x00, 0x00, 0x00, 0x00, 0x00, 0x00, 0x00, 0x00, 0x00, 
    0x00, 0x00, 0x00, 0x00, 0x00, 0x00, 0x00, 0x00, 0x01, 0x00, 0x00, 0x00, 0x00, 0x7f, 0xff, 0xfe, 
    0x73, 0xff, 0xff, 0xfa, 0x0b, 0x40, 0x00, 0x02, 0xf5, 0x6a, 0xaa, 0xbe, 0x15, 0x55, 0x51, 0x50, 
    0x00, 0x05, 0x15, 0x00, 0x00, 0x01, 0x55, 0x55, 0xff, 0xff, 0xf9, 0x55, 0x51, 0x54, 0x0f, 0xff, 
    0xff, 0xff, 0xff, 0xff, 0x90, 0xbf, 0xff, 0xff, 0xff, 0xff, 0xfd, 0xbf, 0xfe, 0x19, 0xff, 0xff, 
    0xff, 0xff, 0xf9, 0x86, 0x19, 0xa7, 0xff, 0xff, 0xff, 0xcd, 0x55, 0x00, 0x05, 0x55, 0x55, 0x45, 
    0x41, 0x00, 0x00, 0x10, 0x00, 0x00, 0x15, 0x40, 0x00, 0x00, 0x00, 0x00, 0x00, 0x00, 0x00, 0x00, 
    0x01, 0x5a, 0x55, 0x00, 0x06, 0xbf, 0x90, 0xaa, 0xaa, 0x40, 0x18, 0x29, 0x68, 0x06, 0x00, 0x02, 
    0xff, 0xf4, 0xbf, 0x6f, 0xff, 0xff, 0xff, 0xff, 0xff, 0xff, 0xff, 0xff, 0xff, 0xdb, 0xff, 0xff, 
    0xff, 0xff, 0xff, 0xff, 0xff, 0xff, 0xff, 0xfe, 0xd0, 0x02, 0xf0, 0x01, 0x14, 0x00, 0x00, 0x01, 
    0x16, 0x40, 0x00, 0x60, 0x3f, 0xc0, 0x19, 0x0e, 0xaf, 0x69, 0xff, 0xff, 0xc0, 0x07, 0x12, 0x00, 
    0x00, 0x00, 0x00, 0x00, 0x14, 0x14, 0x15, 0xf4, 0x01, 0x55, 0x55, 0x55, 0x55, 0x04, 0x00, 0x00, 
    0x00, 0x00, 0x00, 0x05, 0x45, 0x55, 0x55, 0x55, 0x55, 0x40, 0x00, 0x05, 0x55, 0x55, 0x40, 0x00, 
    0x00, 0x00, 0x00, 0x00, 0x00, 0x00, 0x00, 0x00, 0x00, 0x00, 0x00, 0x00, 0x00, 0x00, 0x00, 0x00, 
    0x01, 0x40, 0x00, 0x00, 0x00, 0x2f, 0xff, 0xff, 0x77, 0xff, 0xff, 0xff, 0x46, 0x00, 0x00, 0x00, 
    0x7d, 0xaa, 0xaa, 0xaf, 0x85, 0x55, 0x54, 0x54, 0x00, 0x05, 0x15, 0x00, 0x00, 0x01, 0x55, 0x54, 
    0xff, 0xff, 0xff, 0x90, 0x05, 0x40, 0x1f, 0xff, 0xff, 0xff, 0xff, 0xff, 0xfc, 0x0f, 0xff, 0xff, 
    0xff, 0xff, 0xff, 0x9f, 0xff, 0xd2, 0x5f, 0xff, 0xff, 0xff, 0xff, 0x24, 0xd2, 0x9d, 0x7f, 0xff, 
    0xff, 0xea, 0x55, 0x00, 0x0d, 0x55, 0x55, 0x55, 0x42, 0x80, 0x00, 0x00, 0x00, 0x00, 0x00, 0x00, 
    0x00, 0x00, 0x00, 0x00, 0x00, 0x00, 0x00, 0x00, 0x50, 0x05, 0x54, 0x00, 0x10, 0x01, 0xbf, 0xaa, 
    0xa9, 0x00, 0x06, 0x6b, 0xf9, 0x52, 0x00, 0x00, 0x1f, 0xe0, 0x2f, 0xc6, 0xff, 0xff, 0xff, 0xff, 
    0xff, 0xbf, 0xff, 0xff, 0xff, 0xf6, 0xff, 0xff, 0xff, 0xfe, 0xff, 0xff, 0xff, 0xff, 0xff, 0xfd, 
    0x40, 0x00, 0x68, 0x00, 0x0c, 0x14, 0x00, 0x00, 0x01, 0x90, 0x00, 0x35, 0xff, 0xfe, 0xa0, 0x00, 
    0x0f, 0xea, 0xff, 0xff, 0x45, 0x06, 0x3e, 0x00, 0x00, 0x00, 0x00, 0x00, 0x05, 0x59, 0xaa, 0x40, 
    0x01, 0x55, 0x55, 0x95, 0x55, 0x54, 0x00, 0x00, 0x00, 0x00, 0x00, 0x05, 0x55, 0x55, 0x55, 0x55, 
    0x55, 0x54, 0x00, 0x01, 0x55, 0x55, 0x40, 0x00, 0x00, 0x00, 0x00, 0x00, 0x00, 0x00, 0x00, 0x00, 
    0x00, 0x00, 0x00, 0x00, 0x00, 0x00, 0x00, 0x00, 0x04, 0x00, 0x00, 0x00, 0x00, 0x0b, 0xff, 0xff, 
    0x7b, 0xff, 0xff, 0xff, 0xd0, 0x00, 0x00, 0x00, 0x1f, 0x6a, 0xaa, 0xab, 0xe5, 0x55, 0x55, 0x15, 
    0x00, 0x05, 0x00, 0x00, 0x00, 0x00, 0x55, 0x40, 0xff, 0xff, 0xff, 0xf9, 0x51, 0xaa, 0xff, 0xff, 
    0xff, 0xff, 0xff, 0xff, 0xfd, 0x01, 0xff, 0xff, 0xff, 0xff, 0xff, 0xf9, 0xff, 0xf8, 0x66, 0xff, 
    0xff, 0xff, 0xff, 0xd6, 0x28, 0xba, 0xdb, 0xff, 0xff, 0xf7, 0x55, 0x05, 0x5f, 0x05, 0x55, 0x55, 
    0x14, 0x2d, 0x00, 0x00, 0x00, 0x00, 0x00, 0x00, 0x00, 0x00, 0x00, 0x00, 0x00, 0x00, 0x00, 0x04, 
    0x00, 0x00, 0x05, 0x40, 0x00, 0x00, 0x45, 0xfe, 0xa4, 0x00, 0x09, 0x00, 0x06, 0xfe, 0x00, 0x03, 
    0x92, 0xf5, 0x47, 0xee, 0xef, 0xff, 0xff, 0xff, 0xff, 0x4b, 0xff, 0xff, 0xff, 0xf1, 0xff, 0xff, 
    0xff, 0xfd, 0xbf, 0xff, 0xff, 0xff, 0xff, 0xf8, 0x00, 0x42, 0x01, 0x00, 0x09, 0x01, 0x00, 0x00, 
    0x00, 0x64, 0x00, 0x0b, 0xff, 0xff, 0x80, 0x00, 0x0e, 0xa7, 0x6f, 0xff, 0x00, 0x05, 0x7d, 0x10, 
    0x00, 0x10, 0x00, 0x06, 0x54, 0x00, 0x00, 0x00, 0x05, 0x55, 0x59, 0x55, 0x15, 0x54, 0x00, 0x00, 
    0x00, 0x00, 0x00, 0x01, 0x55, 0x55, 0x51, 0x55, 0x55, 0x55, 0x00, 0x01, 0x55, 0x55, 0x40, 0x00, 
    0x00, 0x00, 0x00, 0x00, 0x00, 0x00, 0x00, 0x00, 0x00, 0x00, 0x00, 0x00, 0x00, 0x00, 0x00, 0x00, 
    0x00, 0x00, 0x00, 0x00, 0x00, 0x03, 0xff, 0xff, 0x77, 0xff, 0xff, 0xff, 0xf0, 0x00, 0x00, 0x00, 
    0x07, 0xd6, 0xaa, 0xaa, 0xf9, 0x55, 0x55, 0x45, 0x50, 0x04, 0x00, 0x04, 0x00, 0x40, 0x55, 0x00, 
    0xff, 0xff, 0xff, 0xff, 0xff, 0xff, 0xff, 0xff, 0xff, 0xff, 0xff, 0xff, 0xfe, 0x09, 0x1f, 0xff, 
    0xff, 0xff, 0xff, 0xff, 0x6f, 0xff, 0x46, 0x7f, 0xff, 0xff, 0xff, 0xf4, 0x97, 0x5b, 0xb9, 0xff, 
    0xff, 0xf9, 0xd5, 0x56, 0x55, 0x41, 0x55, 0x55, 0x05, 0x07, 0xe4, 0x00, 0x00, 0x00, 0x00, 0x00, 
    0x00, 0x00, 0x00, 0x00, 0x00, 0x00, 0x06, 0x50, 0x00, 0x10, 0x00, 0x00, 0x01, 0x00, 0x15, 0xaa, 
    0xfe, 0x40, 0x08, 0x00, 0x00, 0x00, 0x28, 0x00, 0x7e, 0x6e, 0xb9, 0xbf, 0xfb, 0xff, 0xff, 0xff, 
    0xff, 0xd0, 0xbf, 0xff, 0xff, 0xf8, 0x7f, 0xff, 0xff, 0xfe, 0x3f, 0xdf, 0xff, 0xff, 0xff, 0xf0, 
    0x07, 0xe9, 0x00, 0x01, 0x0a, 0x54, 0x00, 0x00, 0x00, 0x18, 0x00, 0x1f, 0xff, 0xeb, 0x05, 0x00, 
    0x1d, 0x0d, 0x6f, 0xfd, 0x00, 0x09, 0xfc, 0x00, 0x00, 0xa8, 0x00, 0x64, 0x00, 0x00, 0x00, 0x00, 
    0x41, 0x55, 0x55, 0x55, 0x55, 0x57, 0xc0, 0x00, 0x00, 0x00, 0x00, 0x00, 0x45, 0x55, 0x55, 0x55, 
    0x55, 0x55, 0x50, 0x00, 0x55, 0x55, 0x54, 0x00, 0x00, 0x00, 0x00, 0x00, 0x00, 0x00, 0x00, 0x00, 
    0x00, 0x00, 0x00, 0x00, 0x00, 0x00, 0x01, 0x00, 0x00, 0x00, 0x00, 0x00, 0x00, 0x01, 0xff, 0xfe, 
    0x7b, 0xff, 0xff, 0xff, 0x80, 0x00, 0x00, 0x00, 0x00, 0xf5, 0xaa, 0xaa, 0xfa, 0x55, 0x55, 0x50, 
    0x14, 0x04, 0x05, 0x14, 0x40, 0x00, 0x50, 0x00, 0xff, 0xff, 0xff, 0xff, 0xff, 0xff, 0xff, 0xff, 
    0xff, 0xff, 0xff, 0xff, 0xff, 0x4b, 0xe1, 0xff, 0xff, 0xff, 0xff, 0xff, 0xe7, 0xff, 0xe0, 0x9b, 
    0xff, 0xff, 0xff, 0xfe, 0x14, 0x96, 0xaf, 0xbf, 0xff, 0xfd, 0xe5, 0x16, 0xd9, 0x01, 0x55, 0x55, 
    0x00, 0x00, 0xbe, 0x80, 0x00, 0x00, 0x00, 0x00, 0x00, 0x00, 0x00, 0x00, 0x00, 0x00, 0x01, 0x00, 
    0x00, 0x00, 0x00, 0x00, 0x00, 0x00, 0xe0, 0xaa, 0x95, 0xff, 0x90, 0x00, 0x00, 0x00, 0x05, 0x00, 
    0x02, 0xf9, 0x5b, 0xff, 0xf9, 0xff, 0xff, 0xff, 0xff, 0xf4, 0x17, 0xff, 0xff, 0xfc, 0x3f, 0xff, 
    0xff, 0xff, 0x2f, 0xf7, 0xff, 0xff, 0xff, 0xd0, 0x00, 0x2a, 0xd0, 0x00, 0x07, 0xd5, 0x40, 0x00, 
    0x00, 0x00, 0x00, 0x0b, 0xff, 0xed, 0x0b, 0x10, 0x1f, 0xa8, 0x7f, 0xf8, 0x00, 0x04, 0x2c, 0x00, 
    0x05, 0x6d, 0x00, 0x00, 0x00, 0x00, 0x00, 0x01, 0x54, 0x05, 0x55, 0x05, 0x55, 0x57, 0xc0, 0x00, 
    0x00, 0x00, 0x00, 0x00, 0x55, 0x55, 0x55, 0x55, 0x55, 0x55, 0x55, 0x00, 0x55, 0x55, 0x54, 0x00, 
    0x00, 0x00, 0x00, 0x00, 0x00, 0x00, 0x00, 0x00, 0x00, 0x00, 0x00, 0x00, 0x00, 0x00, 0x00, 0x00, 
    0x00, 0x00, 0x00, 0x00, 0x00, 0x00, 0x7f, 0xfe, 0x7b, 0xff, 0xff, 0xfd, 0x00, 0x00, 0x00, 0x00, 
    0x00, 0x3d, 0x6a, 0xaa, 0xba, 0x95, 0x55, 0x54, 0x05, 0x05, 0x45, 0x55, 0x00, 0x05, 0x40, 0x00, 
    0xff, 0xff, 0xff, 0xff, 0xff, 0xff, 0xff, 0xff, 0xff, 0xff, 0xff, 0xff, 0xff, 0x82, 0xfe, 0x6f, 
    0xff, 0xff, 0xff, 0xff, 0xfd, 0x7f, 0xfd, 0x19, 0xbf, 0xff, 0xff, 0xff, 0xd2, 0x59, 0xaf, 0xff, 
    0xff, 0xff, 0x75, 0x55, 0xeb, 0xe1, 0x55, 0x55, 0x00, 0x00, 0x0b, 0xf9, 0x00, 0x00, 0x00, 0x00, 
    0x00, 0x00, 0x00, 0x00, 0x00, 0x00, 0x00, 0x00, 0x00, 0x10, 0x01, 0x55, 0x14, 0x01, 0xf6, 0xaa, 
    0xa8, 0x07, 0xff, 0xe4, 0x00, 0x00, 0x00, 0x00, 0x05, 0x06, 0xf9, 0xbf, 0xe7, 0xff, 0xff, 0xff, 
    0xff, 0xff, 0x61, 0xff, 0xff, 0xfc, 0x1f, 0xff, 0xff, 0xff, 0x5f, 0xfb, 0xff, 0xff, 0xff, 0x80, 
    0x01, 0xbf, 0xfe, 0x41, 0x90, 0xa9, 0x00, 0x00, 0x00, 0x00, 0x00, 0x2f, 0xff, 0xf8, 0x05, 0x00, 
    0x1e, 0x70, 0xbf, 0xf0, 0x00, 0x00, 0x78, 0x00, 0x00, 0x00, 0x00, 0x00, 0x00, 0x00, 0x00, 0x01, 
    0x40, 0x05, 0x54, 0x15, 0x55, 0x56, 0x90, 0x00, 0x00, 0x00, 0x00, 0x00, 0x15, 0x55, 0x55, 0x55, 
    0x55, 0x55, 0x55, 0x40, 0x55, 0x55, 0x55, 0x00, 0x00, 0x00, 0x00, 0x00, 0x00, 0x00, 0x00, 0x00, 
    0x00, 0x00, 0x00, 0x00, 0x00, 0x00, 0x00, 0x00, 0x00, 0x00, 0x00, 0x00, 0x00, 0x00, 0x3f, 0xfe, 
    0x6b, 0xff, 0xff, 0xf8, 0x00, 0x00, 0x00, 0x00, 0x00, 0x0f, 0x5a, 0xaa, 0xae, 0xa5, 0x55, 0x55, 
    0x01, 0x41, 0x45, 0x55, 0x40, 0x04, 0x00, 0x00, 0xff, 0xff, 0xff, 0xff, 0xff, 0xff, 0xff, 0xff, 
    0xff, 0xff, 0xff, 0xff, 0xff, 0xd4, 0xbf, 0xe6, 0xff, 0xff, 0xff, 0xff, 0xff, 0xdb, 0xff, 0x82, 
    0x9f, 0xff, 0xff, 0xff, 0xf8, 0x02, 0x5e, 0xff, 0xff, 0xff, 0xad, 0x54, 0xfa, 0xb8, 0x55, 0x54, 
    0x01, 0x40, 0x00, 0x1b, 0x90, 0x00, 0x00, 0x00, 0x00, 0x00, 0x00, 0x00, 0x00, 0x00, 0x40, 0x00, 
    0x00, 0x00, 0x0b, 0x94, 0x06, 0xa0, 0xb9, 0xa9, 0xa8, 0x00, 0x1b, 0xff, 0xf9, 0x00, 0x00, 0x00, 
    0x40, 0x40, 0x1b, 0xff, 0xf4, 0x7f, 0xff, 0xff, 0xff, 0xff, 0xd0, 0xff, 0xff, 0xfd, 0x0f, 0xff, 
    0xff, 0xff, 0x8f, 0xff, 0xff, 0x6f, 0xfe, 0x00, 0xbf, 0xd7, 0xeb, 0xaf, 0xf8, 0x00, 0x00, 0x00, 
    0x00, 0x05, 0x1f, 0x7f, 0xff, 0xf4, 0x04, 0x00, 0x18, 0xd1, 0xff, 0xe0, 0x00, 0x00, 0x40, 0x00, 
    0x00, 0x00, 0x00, 0x00, 0x00, 0x00, 0x00, 0x15, 0x50, 0x05, 0x50, 0x55, 0x55, 0x44, 0x64, 0x00, 
    0x00, 0x00, 0x00, 0x00, 0x15, 0x55, 0x55, 0x55, 0x55, 0x55, 0x55, 0x55, 0x15, 0x55, 0x55, 0x00, 
    0x00, 0x00, 0x10, 0x00, 0x00, 0x00, 0x00, 0x00, 0x00, 0x00, 0x00, 0x00, 0x00, 0x00, 0x00, 0x00, 
    0x00, 0x00, 0x00, 0x00, 0x00, 0x00, 0x05, 0x00, 0x6b, 0xff, 0xff, 0xf4, 0x00, 0x00, 0x00, 0x00, 
    0x00, 0x03, 0xd2, 0xaa, 0xaa, 0xa9, 0x54, 0x55, 0x40, 0x50, 0x41, 0x55, 0x56, 0x00, 0x00, 0x00, 
    0xff, 0xff, 0xff, 0xff, 0xff, 0xff, 0xff, 0xff, 0xff, 0xff, 0xff, 0xff, 0xff, 0xf5, 0x5f, 0xfe, 
    0x5f, 0xff, 0xff, 0xff, 0xff, 0xf9, 0xff, 0xf4, 0x25, 0xff, 0xff, 0xff, 0xff, 0x00, 0xb7, 0xff, 
    0xff, 0xff, 0xdb, 0x56, 0xbf, 0x95, 0x51, 0x55, 0x50, 0x00, 0x00, 0x00, 0x7f, 0x90, 0x00, 0x00, 
    0x00, 0x00, 0x00, 0x00, 0x00, 0x00, 0x00, 0x00, 0x00, 0x01, 0x55, 0xbf, 0xff, 0xf2, 0x56, 0xea, 
    0xa9, 0x40, 0x00, 0x6f, 0xff, 0xfe, 0xb9, 0x00, 0x3a, 0x80, 0x2f, 0xff, 0xff, 0x5b, 0xff, 0xff, 
    0xff, 0xff, 0xf8, 0x7f, 0xff, 0xff, 0x1b, 0xff, 0xff, 0xff, 0xdb, 0xff, 0xff, 0xff, 0xf4, 0x02, 
    0xff, 0xff, 0xff, 0xfd, 0x00, 0x00, 0x00, 0x00, 0xbf, 0x9b, 0xe9, 0x00, 0x6f, 0xe0, 0x00, 0x00, 
    0x0a, 0x42, 0xff, 0xc0, 0x00, 0x00, 0x40, 0x00, 0x00, 0x00, 0x00, 0x00, 0x00, 0x00, 0x00, 0x55, 
    0x51, 0x00, 0x00, 0x11, 0x55, 0x00, 0x1a, 0xa4, 0x00, 0x00, 0x00, 0x00, 0x01, 0x55, 0x55, 0x55, 
    0x55, 0x55, 0x55, 0x55, 0x01, 0x55, 0x55, 0x40, 0x00, 0x00, 0x00, 0x00, 0x00, 0x00, 0x00, 0x00, 
    0x00, 0x00, 0x00, 0x00, 0x00, 0x00, 0x00, 0x00, 0x00, 0x00, 0x00, 0x00, 0x00, 0x00, 0x00, 0x00, 
    0x1f, 0xff, 0xff, 0xf0, 0x00, 0x00, 0x00, 0x00, 0x00, 0x00, 0xf4, 0xaa, 0xaa, 0xaa, 0x55, 0x55, 
    0x50, 0x14, 0x00, 0x55, 0x57, 0x94, 0x00, 0x00, 0xff, 0xff, 0xff, 0xff, 0xff, 0xff, 0xff, 0xff, 
    0xff, 0xff, 0xff, 0xff, 0xff, 0xf5, 0x5b, 0xff, 0xe5, 0xff, 0xff, 0xff, 0xff, 0xff, 0xaf, 0xfe, 
    0x0a, 0x6f, 0xff, 0xff, 0xff, 0xe0, 0x1e, 0xbf, 0xff, 0xff, 0xf7, 0x85, 0x6f, 0xfd, 0x54, 0x55, 
    0x54, 0x00, 0x00, 0x00, 0x40, 0x40, 0x00, 0x0f, 0xfd, 0x00, 0x00, 0x14, 0x15, 0x40, 0x00, 0x00, 
    0x00, 0x05, 0x6f, 0xff, 0xff, 0xea, 0xba, 0xea, 0xa9, 0x54, 0x00, 0x01, 0x6b, 0xff, 0xff, 0xff, 
    0xbf, 0xff, 0xff, 0xff, 0xff, 0xff, 0xff, 0xff, 0xff, 0xff, 0xfd, 0x3f, 0xff, 0xff, 0x43, 0xff, 
    0xff, 0xff, 0xd7, 0xff, 0xff, 0xff, 0xfd, 0xff, 0xff, 0xff, 0xff, 0xf8, 0x00, 0x00, 0x00, 0x02, 
    0xff, 0xe4, 0x00, 0x00, 0x00, 0x14, 0x00, 0x00, 0x02, 0x07, 0xff, 0x80, 0x00, 0x00, 0x40, 0x00, 
    0x00, 0x00, 0x00, 0x00, 0x00, 0x00, 0x40, 0x55, 0x55, 0x00, 0x00, 0x00, 0x01, 0x00, 0x2f, 0xa4, 
    0x00, 0x00, 0x00, 0x00, 0x01, 0x55, 0x55, 0x55, 0x55, 0x55, 0x41, 0x55, 0x50, 0x55, 0x55, 0x40, 
    0x00, 0x00, 0x04, 0x04, 0x00, 0x00, 0x00, 0x00, 0x00, 0x00, 0x00, 0x00, 0x00, 0x00, 0x00, 0x00, 
    0x00, 0x00, 0x00, 0x00, 0x00, 0x00, 0x00, 0x00, 0x03, 0xff, 0xff, 0xd0, 0x00, 0x00, 0x00, 0x00, 
    0x00, 0x00, 0x2e, 0x2a, 0xaa, 0xaa, 0xa5, 0x41, 0x50, 0x05, 0x00, 0x55, 0x6f, 0x90, 0x00, 0x00, 
    0xff, 0xff, 0xff, 0xff, 0xff, 0xff, 0xff, 0xff, 0xff, 0xff, 0xff, 0xff, 0xff, 0xd5, 0x57, 0xff, 
    0xfe, 0x5f, 0xff, 0xff, 0xff, 0xff, 0xf6, 0xff, 0xc0, 0x97, 0xff, 0xff, 0xff, 0xfc, 0x02, 0xef, 
    0xff, 0xff, 0xfd, 0xe1, 0x56, 0x6e, 0xe5, 0x05, 0x54, 0x00, 0x00, 0x01, 0xd0, 0x1a, 0x50, 0x0b, 
    0xf6, 0xa5, 0x01, 0x95, 0x40, 0x00, 0x00, 0x00, 0x00, 0x02, 0xff, 0xff, 0xff, 0xda, 0xaa, 0xb1, 
    0xa4, 0x10, 0x00, 0x00, 0x40, 0x5b, 0xff, 0xff, 0xff, 0xff, 0xff, 0xff, 0xff, 0xff, 0xff, 0xff, 
    0xff, 0xff, 0xff, 0xfb, 0xff, 0xff, 0x82, 0xff, 0xff, 0xff, 0xe7, 0xff, 0xf7, 0xff, 0xff, 0xff, 
    0xff, 0xff, 0xff, 0xfe, 0x54, 0x00, 0x00, 0x6f, 0xea, 0x80, 0x00, 0x00, 0x00, 0x05, 0x00, 0x00, 
    0x04, 0x0f, 0xff, 0x01, 0x00, 0x00, 0x00, 0x00, 0x00, 0x00, 0x00, 0x00, 0x00, 0x05, 0x01, 0x55, 
    0x55, 0x00, 0x00, 0x00, 0x00, 0x40, 0x6a, 0x80, 0x00, 0x00, 0x00, 0x00, 0x00, 0x55, 0x55, 0x55, 
    0x55, 0x05, 0x55, 0x55, 0x54, 0x55, 0x55, 0x50, 0x00, 0x00, 0x05, 0x05, 0x00, 0x00, 0x00, 0x00, 
    0x00, 0x00, 0x00, 0x00, 0x00, 0x00, 0x00, 0x00, 0x00, 0x00, 0x00, 0x00, 0x00, 0x00, 0x00, 0x00, 
    0x02, 0xff, 0xff, 0x80, 0x00, 0x00, 0x00, 0x00, 0x00, 0x00, 0x0b, 0x9a, 0xaa, 0xaa, 0xa9, 0x54, 
    0x54, 0x01, 0x41, 0x55, 0x65, 0x00, 0x00, 0x00, 0xff, 0xff, 0xff, 0xff, 0xff, 0xff, 0xff, 0xff, 
    0xff, 0xff, 0xff, 0xff, 0xff, 0xe5, 0x56, 0xff, 0xff, 0xe0, 0xbf, 0xff, 0xff, 0xff, 0xfe, 0x7f, 
    0xf4, 0x19, 0xbf, 0xff, 0xff, 0xff, 0x40, 0x7b, 0xff, 0xff, 0xfe, 0x78, 0x55, 0xa9, 0x65, 0x41, 
    0x45, 0x00, 0x00, 0x00, 0x74, 0x00, 0x6a, 0xa9, 0xad, 0x41, 0x55, 0x10, 0x00, 0x00, 0x00, 0x00, 
    0x00, 0x0f, 0xff, 0xff, 0xff, 0xca, 0xaa, 0xad, 0xaa, 0x40, 0x00, 0x00, 0x39, 0x55, 0x5b, 0xff, 
    0xff, 0xff, 0xff, 0xff, 0xff, 0xff, 0xff, 0x7f, 0xff, 0xff, 0xff, 0xff, 0xff, 0xff, 0xc1, 0xff, 
    0xff, 0xff, 0xf2, 0xff, 0xff, 0xff, 0xff, 0xff, 0xff, 0xff, 0xff, 0xff, 0xff, 0xe9, 0x5b, 0xe4, 
    0x6f, 0xfb, 0x10, 0x00, 0x00, 0x05, 0x00, 0x00, 0x04, 0x1f, 0xfd, 0x01, 0x54, 0x00, 0x00, 0x00, 
    0x40, 0x00, 0x00, 0x00, 0x00, 0x15, 0x01, 0x45, 0x55, 0x50, 0x00, 0x00, 0x00, 0x06, 0xa9, 0x15, 
    0x40, 0x00, 0x00, 0x00, 0x00, 0x55, 0x55, 0x55, 0x55, 0x45, 0x51, 0x55, 0x55, 0x45, 0x55, 0x50, 
    0x00, 0x00, 0x00, 0x05, 0x40, 0x00, 0x00, 0x00, 0x00, 0x00, 0x00, 0x00, 0x00, 0x00, 0x00, 0x00, 
    0x00, 0x00, 0x00, 0x00, 0x00, 0x00, 0x00, 0x00, 0x00, 0xbd, 0x04, 0x00, 0x00, 0x00, 0x00, 0x00, 
    0x00, 0x00, 0x02, 0xe6, 0xaa, 0xaa, 0xaa, 0x55, 0x15, 0x00, 0x50, 0x55, 0xd4, 0x00, 0x00, 0x00, 
    0xff, 0xff, 0xff, 0xff, 0xff, 0xff, 0xff, 0xff, 0xff, 0xff, 0xff, 0xff, 0xff, 0xf5, 0x01, 0xbf, 
    0xff, 0xfe, 0x0b, 0xff, 0xff, 0xff, 0xff, 0xd7, 0xfe, 0x02, 0x9b, 0xff, 0xff, 0xff, 0xe0, 0x5f, 
    0xff, 0xff, 0xff, 0xad, 0x15, 0x57, 0x59, 0x50, 0x15, 0x40, 0x00, 0x00, 0x05, 0x50, 0x00, 0x2f, 
    0xff, 0xfb, 0x95, 0x00, 0x00, 0x00, 0x00, 0x00, 0x00, 0x2f, 0xff, 0xff, 0xff, 0x9a, 0xa9, 0x5b, 
    0x65, 0x54, 0x00, 0x01, 0x55, 0x6b, 0xe0, 0x1f, 0xff, 0xff, 0xff, 0xff, 0xff, 0xff, 0xff, 0xef, 
    0xff, 0xf5, 0xff, 0xd2, 0xff, 0xaf, 0xc0, 0xff, 0xff, 0xff, 0xf5, 0xff, 0xff, 0xff, 0xff, 0xff, 
    0xff, 0xff, 0xff, 0x59, 0x6f, 0xff, 0xf8, 0x07, 0xff, 0xff, 0x70, 0x00, 0x00, 0x01, 0x00, 0x10, 
    0x10, 0x3f, 0xfc, 0x41, 0x55, 0x40, 0x00, 0x00, 0x00, 0x00, 0x00, 0x01, 0x40, 0x14, 0x05, 0x55, 
    0x55, 0x55, 0x10, 0x00, 0x00, 0x15, 0x60, 0x55, 0x55, 0x00, 0x00, 0x00, 0x00, 0x15, 0x55, 0x55, 
    0x55, 0x55, 0x55, 0x55, 0x55, 0x55, 0x55, 0x54, 0x00, 0x00, 0x00, 0x05, 0x50, 0x00, 0x00, 0x00, 
    0x05, 0x00, 0x15, 0x00, 0x00, 0x00, 0x00, 0x00, 0x00, 0x00, 0x00, 0x00, 0x00, 0x00, 0x00, 0x00, 
    0x00, 0x00, 0x00, 0x00, 0x00, 0x00, 0x00, 0x00, 0x00, 0x00, 0x00, 0xb8, 0xaa, 0xaa, 0x6a, 0x95, 
    0x45, 0x40, 0x14, 0x15, 0x95, 0x10, 0x00, 0x00, 0xff, 0xff, 0xff, 0xff, 0xff, 0xff, 0xff, 0xff, 
    0xff, 0xff, 0xff, 0xff, 0xff, 0xf5, 0x54, 0x6f, 0xff, 0xff, 0xe1, 0xff, 0xff, 0xff, 0xff, 0xf9, 
    0xbf, 0xd0, 0x75, 0xff, 0xff, 0xff, 0xfd, 0x17, 0xff, 0xff, 0xff, 0xeb, 0x41, 0x55, 0xad, 0x54, 
    0x01, 0x50, 0x00, 0x00, 0x00, 0x00, 0x00, 0x06, 0xff, 0xfe, 0x61, 0x00, 0x00, 0x00, 0x00, 0x00, 
    0x00, 0x1f, 0xff, 0xff, 0xff, 0x5a, 0xa9, 0x50, 0xe1, 0x40, 0x60, 0x9f, 0xaf, 0xff, 0xfa, 0x40, 
    0x6f, 0xff, 0xff, 0xff, 0xff, 0xff, 0xff, 0xff, 0xff, 0xfc, 0x3f, 0xf5, 0xff, 0xe7, 0xc0, 0xbf, 
    0xff, 0xff, 0xf8, 0xff, 0xf4, 0xbf, 0xff, 0xff, 0xff, 0xff, 0xff, 0xff, 0xff, 0xfe, 0x80, 0x1f, 
    0xff, 0xff, 0x94, 0x00, 0x00, 0x00, 0x00, 0x00, 0x40, 0x7f, 0xf5, 0x41, 0x55, 0x54, 0x00, 0x00, 
    0x40, 0x00, 0x00, 0x01, 0x40, 0x10, 0x15, 0x55, 0x55, 0x55, 0x50, 0x00, 0x01, 0x55, 0x81, 0x55, 
    0x55, 0x50, 0x00, 0x00, 0x00, 0x15, 0x55, 0x55, 0x55, 0x50, 0x14, 0x55, 0x55, 0x55, 0x55, 0x54, 
    0x00, 0x00, 0x01, 0x55, 0x40, 0x00, 0x00, 0x00, 0x00, 0x00, 0x00, 0x00, 0x00, 0x00, 0x00, 0x00, 
    0x00, 0x00, 0x00, 0x00, 0x00, 0x00, 0x00, 0x00, 0x00, 0x00, 0x00, 0x00, 0x00, 0x00, 0x00, 0x00, 
    0x00, 0x00, 0x00, 0x1f, 0x2a, 0xaa, 0x0a, 0xa5, 0x51, 0x50, 0x01, 0x06, 0x95, 0x04, 0x00, 0x00, 
    0xff, 0xff, 0xff, 0xff, 0xff, 0xff, 0xff, 0xff, 0xff, 0xff, 0xff, 0xff, 0xff, 0xf8, 0x55, 0x0b, 
    0xff, 0xff, 0xfe, 0x6f, 0xff, 0xff, 0xff, 0xff, 0x5f, 0xf8, 0x0b, 0x6f, 0xff, 0xff, 0xff, 0x89, 
    0xbf, 0xff, 0xff, 0xf6, 0xc0, 0x55, 0x5b, 0x54, 0x05, 0x50, 0x00, 0x00, 0x00, 0x00, 0x00, 0x01, 
    0x6a, 0xfe, 0x90, 0x00, 0x00, 0x00, 0x00, 0x00, 0x19, 0x6f, 0xff, 0xff, 0xff, 0x4a, 0x19, 0x00, 
    0x50, 0x00, 0x02, 0xe9, 0x55, 0x55, 0x55, 0x51, 0x55, 0x05, 0xbf, 0xff, 0xff, 0xff, 0xff, 0xff, 
    0xff, 0xff, 0xf5, 0xbf, 0xff, 0xf0, 0x00, 0x3f, 0xff, 0xff, 0xf9, 0xbf, 0xe0, 0x1b, 0xff, 0xe0, 
    0x5f, 0xff, 0xff, 0xff, 0xff, 0xa0, 0x00, 0x64, 0x3f, 0xff, 0x80, 0x00, 0x00, 0x00, 0x50, 0x00, 
    0x40, 0xff, 0xf1, 0x41, 0x15, 0x54, 0x00, 0x00, 0x40, 0x00, 0x00, 0x00, 0x40, 0x55, 0x55, 0x55, 
    0x55, 0x55, 0x50, 0x00, 0x05, 0x55, 0x85, 0x55, 0x55, 0x55, 0x00, 0x00, 0x00, 0x15, 0x55, 0x55, 
    0x55, 0x54, 0x15, 0x55, 0x55, 0x55, 0x55, 0x41, 0x00, 0x00, 0x01, 0x51, 0x00, 0x00, 0x00, 0x00, 
    0x00, 0x00, 0x00, 0x00, 0x00, 0x00, 0x00, 0x00, 0x00, 0x00, 0x00, 0x00, 0x00, 0x00, 0x00, 0x00, 
    0x00, 0x00, 0x00, 0x00, 0x00, 0x00, 0x00, 0x00, 0x00, 0x00, 0x00, 0x07, 0xd6, 0xaa, 0x42, 0xbd, 
    0x54, 0x54, 0x00, 0x41, 0x95, 0x41, 0x00, 0x00, 0x2f, 0xff, 0xff, 0xff, 0xff, 0xff, 0xff, 0xff, 
    0xff, 0xff, 0xff, 0xff, 0xff, 0xfd, 0x55, 0x55, 0x6f, 0xff, 0xff, 0xe7, 0xff, 0xff, 0xff, 0xff, 
    0xe5, 0xfe, 0x01, 0xe6, 0xff, 0xff, 0xff, 0xf5, 0x6f, 0xff, 0xff, 0xfd, 0x70, 0x15, 0x55, 0x94, 
    0x00, 0x54, 0x00, 0x00, 0x00, 0x00, 0x00, 0x00, 0x56, 0xff, 0x81, 0x00, 0x00, 0x00, 0x00, 0x01, 
    0xbf, 0xff, 0xdf, 0xff, 0xfe, 0x80, 0x01, 0x6a, 0x54, 0x00, 0x19, 0x00, 0x11, 0x55, 0x55, 0x56, 
    0xf5, 0x00, 0x02, 0xff, 0xff, 0xff, 0xff, 0xff, 0xff, 0xff, 0xf9, 0x3f, 0xff, 0xf8, 0x00, 0x3f, 
    0xff, 0xff, 0xfa, 0x7f, 0xe9, 0x03, 0xeb, 0x9b, 0xcb, 0xaf, 0xff, 0xff, 0xff, 0x00, 0x00, 0x54, 
    0x7f, 0xff, 0x80, 0x00, 0x00, 0x00, 0x10, 0x01, 0x02, 0xff, 0xd1, 0x41, 0x05, 0x54, 0x00, 0x01, 
    0x00, 0x00, 0x00, 0x00, 0x40, 0x15, 0x55, 0x55, 0x55, 0x55, 0x60, 0x00, 0x55, 0x6f, 0x55, 0x55, 
    0x55, 0x55, 0x50, 0x00, 0x00, 0x04, 0x55, 0x55, 0x55, 0x55, 0x15, 0x15, 0x55, 0x55, 0x55, 0x50, 
    0x00, 0x00, 0x00, 0x55, 0x41, 0x40, 0x00, 0x00, 0x00, 0x00, 0x00, 0x00, 0x00, 0x00, 0x00, 0x00, 
    0x00, 0x00, 0x00, 0x00, 0x00, 0x00, 0x00, 0x00, 0x00, 0x00, 0x04, 0x00, 0x00, 0x00, 0x00, 0x00, 
    0x00, 0x00, 0x00, 0x01, 0xf5, 0xaa, 0x91, 0xaa, 0x55, 0x15, 0x00, 0x10, 0x15, 0x41, 0x04, 0x00, 
    0x02, 0xff, 0xff, 0xff, 0xff, 0xff, 0xff, 0xff, 0xff, 0xff, 0xff, 0xff, 0xff, 0xff, 0x55, 0x55, 
    0x57, 0xff, 0xff, 0xfe, 0xbf, 0xff, 0xff, 0xff, 0xfe, 0x2f, 0xd0, 0x1d, 0x7f, 0xff, 0xff, 0xfe, 
    0x57, 0xff, 0xff, 0xff, 0x58, 0x01, 0x55, 0xa4, 0x14, 0x10, 0x04, 0x00, 0x00, 0x00, 0x00, 0x05, 
    0x55, 0x56, 0xa5, 0x45, 0x40, 0x00, 0x00, 0x01, 0xff, 0xfe, 0x0b, 0xff, 0xf7, 0x80, 0x6a, 0xa5, 
    0x55, 0x15, 0x40, 0x01, 0x24, 0x1e, 0xaa, 0xa9, 0x56, 0xa4, 0x16, 0xff, 0xff, 0xff, 0xff, 0xff, 
    0xff, 0xff, 0xff, 0xff, 0xff, 0xff, 0x40, 0x1f, 0xff, 0xff, 0xfe, 0x7f, 0xff, 0x02, 0x40, 0x1f, 
    0xff, 0x9f, 0xff, 0xff, 0xff, 0xc0, 0x00, 0xff, 0xef, 0xfe, 0x00, 0x00, 0x08, 0x00, 0x10, 0x05, 
    0x03, 0xff, 0x85, 0x51, 0x41, 0x18, 0x00, 0x01, 0x00, 0x04, 0x00, 0x41, 0x40, 0x15, 0x55, 0x55, 
    0x55, 0x42, 0xf4, 0x15, 0xa5, 0x01, 0x55, 0x55, 0x55, 0x55, 0x55, 0x00, 0x00, 0x00, 0x55, 0x55, 
    0x55, 0x55, 0x45, 0x55, 0x55, 0x55, 0x55, 0x54, 0x00, 0x00, 0x00, 0x55, 0x55, 0x55, 0x00, 0x00, 
    0x00, 0x00, 0x00, 0x00, 0x00, 0x00, 0x00, 0x00, 0x00, 0x00, 0x00, 0x00, 0x00, 0x00, 0x00, 0x00, 
    0x00, 0x00, 0x04, 0x00, 0x00, 0x00, 0x00, 0x00, 0x00, 0x00, 0x00, 0x00, 0x7d, 0x6a, 0xa5, 0x6a, 
    0x95, 0x05, 0x40, 0x05, 0x05, 0x40, 0x00, 0x00, 0x90, 0x6f, 0xff, 0xff, 0xff, 0xff, 0xff, 0xff, 
    0xff, 0xff, 0xff, 0xff, 0xff, 0xff, 0xc5, 0x55, 0x54, 0xff, 0xff, 0xff, 0xeb, 0xff, 0xff, 0xff, 
    0xff, 0xd7, 0xf8, 0x02, 0x97, 0xff, 0xfe, 0xff, 0xd5, 0xbf, 0xff, 0xff, 0xe6, 0x00, 0x15, 0x40, 
    0x55, 0x75, 0x55, 0x58, 0x00, 0x01, 0x00, 0x00, 0x00, 0x00, 0x01, 0x9e, 0xa4, 0x00, 0x00, 0x03, 
    0xff, 0xff, 0xaf, 0xff, 0xdf, 0x96, 0x50, 0x54, 0x01, 0x54, 0x01, 0x00, 0x00, 0x0e, 0xaa, 0xaa, 
    0xff, 0xe0, 0x1b, 0xff, 0xff, 0xff, 0xff, 0xff, 0xff, 0xff, 0xff, 0xff, 0x95, 0xff, 0xe0, 0x0f, 
    0xff, 0xff, 0xff, 0xaf, 0xff, 0x42, 0x07, 0xff, 0xff, 0xff, 0xff, 0xff, 0xf9, 0x08, 0x00, 0xbf, 
    0xff, 0xf8, 0x00, 0x00, 0x0e, 0x00, 0x40, 0x04, 0x0b, 0xff, 0x05, 0x41, 0x41, 0x04, 0x01, 0x40, 
    0x00, 0x04, 0x01, 0x80, 0x51, 0x00, 0x55, 0x55, 0x55, 0x01, 0x7d, 0x55, 0x01, 0x55, 0x55, 0x55, 
    0x55, 0x55, 0x55, 0x00, 0x00, 0x00, 0x15, 0x55, 0x55, 0x55, 0x55, 0x54, 0x55, 0x55, 0x55, 0x55, 
    0x00, 0x00, 0x00, 0x55, 0x55, 0x54, 0x00, 0x00, 0x00, 0x00, 0x00, 0x00, 0x00, 0x00, 0x00, 0x00, 
    0x00, 0x00, 0x00, 0x00, 0x00, 0x10, 0x00, 0x00, 0x00, 0x00, 0x40, 0x00, 0x00, 0x00, 0x00, 0x00, 
    0x00, 0x00, 0x00, 0x00, 0x1f, 0x56, 0xa6, 0x6a, 0xb9, 0x41, 0x50, 0x05, 0x41, 0x54, 0x00, 0x00, 
    0xf9, 0x06, 0xff, 0xff, 0xff, 0xff, 0xff, 0xff, 0xff, 0xff, 0xff, 0xff, 0xff, 0xff, 0xe5, 0x55, 
    0x54, 0xbf, 0xff, 0xff, 0xfe, 0xbf, 0xff, 0xff, 0xff, 0xf8, 0xbf, 0x00, 0xa9, 0xbf, 0xff, 0x9f, 
    0xf5, 0xaf, 0xff, 0xff, 0xf9, 0x80, 0x05, 0x55, 0x55, 0xa5, 0x54, 0x06, 0x90, 0x01, 0x00, 0x00, 
    0x00, 0x1f, 0x00, 0x00, 0x04, 0x00, 0x00, 0x02, 0xff, 0xff, 0xff, 0xff, 0xda, 0x80, 0x04, 0x55, 
    0x55, 0x54, 0x00, 0x50, 0x00, 0x01, 0xaa, 0x55, 0xbf, 0xfc, 0x00, 0xaf, 0xff, 0xff, 0x47, 0xff, 
    0xff, 0xff, 0xff, 0xfe, 0x00, 0x7f, 0xf8, 0x4b, 0xff, 0xff, 0xff, 0x9f, 0xff, 0x46, 0x7f, 0xff, 
    0xff, 0xff, 0xff, 0xff, 0x80, 0x7f, 0xd0, 0x3f, 0xff, 0xe0, 0x00, 0x01, 0xaa, 0x00, 0x40, 0x10, 
    0x1f, 0xfe, 0x00, 0x41, 0x41, 0x14, 0x01, 0x50, 0x00, 0x04, 0x02, 0x80, 0x50, 0x01, 0x55, 0x55, 
    0x55, 0x16, 0xb4, 0x00, 0x05, 0x55, 0x55, 0x55, 0x55, 0x55, 0x50, 0x54, 0x00, 0x00, 0x05, 0x55, 
    0x55, 0x55, 0x51, 0x55, 0x55, 0x55, 0x55, 0x55, 0x00, 0x00, 0x00, 0x15, 0x55, 0x40, 0x00, 0x00, 
    0x00, 0x00, 0x00, 0x00, 0x00, 0x00, 0x00, 0x00, 0x00, 0x00, 0x00, 0x00, 0x00, 0x10, 0x00, 0x00, 
    0x00, 0x00, 0x10, 0x00, 0x00, 0x00, 0x00, 0x00, 0x00, 0x00, 0x00, 0x00, 0x07, 0xea, 0xa5, 0xaa, 
    0xae, 0x50, 0x54, 0x01, 0x50, 0x55, 0x00, 0x00, 0x1f, 0x90, 0x6f, 0xff, 0xff, 0xff, 0xff, 0xff, 
    0xff, 0xff, 0xff, 0xff, 0xff, 0xff, 0xf4, 0x55, 0x40, 0xbf, 0xff, 0xff, 0xff, 0xff, 0xff, 0xff, 
    0xff, 0xff, 0x5f, 0xd0, 0x2a, 0x9f, 0xff, 0xf5, 0xfe, 0x6b, 0xff, 0xff, 0xfe, 0x20, 0x00, 0x55, 
    0x55, 0xd5, 0x54, 0x00, 0x00, 0x00, 0x50, 0x00, 0x00, 0x1a, 0x40, 0x00, 0x00, 0x54, 0x00, 0x03, 
    0xff, 0xff, 0xff, 0xff, 0x51, 0x60, 0x05, 0x15, 0x55, 0x44, 0x01, 0x10, 0x00, 0x41, 0x55, 0x07, 
    0xbf, 0xfd, 0x00, 0x15, 0x5a, 0xff, 0xe1, 0xff, 0xff, 0xff, 0x9b, 0xfe, 0x00, 0x2f, 0xe4, 0x47, 
    0xff, 0xff, 0xff, 0x67, 0xfd, 0x42, 0xff, 0xff, 0xff, 0xff, 0xff, 0xff, 0x40, 0x7e, 0x80, 0x7f, 
    0xff, 0xf8, 0x00, 0x1f, 0xf4, 0x59, 0x50, 0x10, 0x3f, 0xfc, 0x00, 0x01, 0x41, 0x14, 0x00, 0x50, 
    0x50, 0x00, 0x11, 0x40, 0x51, 0x50, 0x50, 0x55, 0x51, 0xb9, 0x00, 0x00, 0x15, 0x55, 0x55, 0x55, 
    0x55, 0x55, 0x40, 0x55, 0x54, 0x00, 0x05, 0x55, 0x55, 0x55, 0x55, 0x55, 0x55, 0x55, 0x55, 0x55, 
    0x40, 0x00, 0x00, 0x15, 0x55, 0x40, 0x04, 0x00, 0x00, 0x00, 0x00, 0x00, 0x00, 0x00, 0x00, 0x00, 
    0x00, 0x00, 0x00, 0x00, 0x04, 0x00, 0x00, 0x00, 0x00, 0x00, 0x10, 0x00, 0x00, 0x00, 0x00, 0x00, 
    0x00, 0x00, 0x00, 0x00, 0x00, 0xfd, 0xa9, 0xaa, 0xaf, 0x94, 0x15, 0x00, 0x54, 0x00, 0x00, 0x00, 
    0x42, 0xfd, 0x07, 0xff, 0xff, 0xff, 0xff, 0xff, 0xff, 0xff, 0xff, 0xff, 0xff, 0xff, 0xfe, 0x45, 
    0x55, 0x3f, 0xff, 0xff, 0xff, 0xff, 0xff, 0xff, 0xff, 0xff, 0xe2, 0xf4, 0x06, 0x65, 0xff, 0xfd, 
    0x7f, 0xda, 0xff, 0xff, 0xff, 0xd5, 0x00, 0x05, 0x54, 0xd5, 0x55, 0x40, 0x00, 0x01, 0x64, 0x00, 
    0x00, 0x00, 0x00, 0x00, 0x00, 0x1a, 0x54, 0x1f, 0xff, 0xff, 0xff, 0x64, 0x00, 0x00, 0x05, 0x51, 
    0x55, 0x40, 0x00, 0x00, 0x00, 0x05, 0x54, 0x0f, 0xff, 0x90, 0x02, 0xa9, 0x04, 0x06, 0xbf, 0xff, 
    0xff, 0xfe, 0x1f, 0xfe, 0x00, 0x02, 0xc0, 0x03, 0xff, 0xff, 0xff, 0x54, 0x00, 0x50, 0x3f, 0xff, 
    0xff, 0xff, 0xeb, 0xff, 0xfe, 0xfe, 0xa4, 0x2f, 0xff, 0xfd, 0x02, 0xff, 0xff, 0x80, 0x00, 0x40, 
    0x7f, 0xf4, 0x00, 0x00, 0x00, 0x04, 0x00, 0x40, 0x01, 0x00, 0x01, 0x50, 0x10, 0x51, 0x90, 0x15, 
    0xba, 0x40, 0x00, 0x00, 0x55, 0x55, 0x55, 0x55, 0x55, 0x55, 0x55, 0x55, 0x55, 0x40, 0x01, 0x55, 
    0x55, 0x55, 0x54, 0x55, 0x55, 0x55, 0x55, 0x55, 0x50, 0x00, 0x00, 0x05, 0x55, 0x50, 0x00, 0x00, 
    0x00, 0x00, 0x00, 0x00, 0x00, 0x00, 0x00, 0x00, 0x00, 0x00, 0x00, 0x05, 0x40, 0x00, 0x00, 0x00, 
    0x00, 0x00, 0x00, 0x00, 0x00, 0x00, 0x00, 0x00, 0x00, 0x00, 0x00, 0x00, 0x00, 0x3e, 0x6a, 0xaa, 
    0xab, 0xe5, 0x05, 0x40, 0x51, 0x00, 0x00, 0x00, 0xf4, 0x1f, 0xf4, 0x7f, 0xff, 0xff, 0xff, 0xff, 
    0xff, 0xff, 0xff, 0xff, 0xff, 0xff, 0xff, 0xf4, 0x15, 0x1f, 0xff, 0xff, 0xff, 0xff, 0xff, 0xff, 
    0xff, 0xff, 0xfd, 0xbe, 0x00, 0x9a, 0x6f, 0xff, 0xdf, 0xf9, 0xff, 0xff, 0xff, 0xf9, 0x80, 0x00, 
    0x51, 0x59, 0x54, 0x00, 0x00, 0x00, 0x08, 0x00, 0x00, 0x00, 0x00, 0x00, 0x00, 0x06, 0xbf, 0xff, 
    0xff, 0xfe, 0x7c, 0x04, 0x00, 0x40, 0x15, 0x54, 0x05, 0x00, 0x00, 0x16, 0x40, 0x01, 0x5b, 0x94, 
    0x00, 0x00, 0x00, 0x0a, 0xaf, 0x40, 0x01, 0x6f, 0xff, 0xff, 0x7f, 0xff, 0x43, 0xc0, 0x00, 0x12, 
    0xff, 0xff, 0xff, 0xc4, 0xf6, 0xf0, 0x07, 0xff, 0xff, 0xff, 0xff, 0xff, 0xff, 0xfe, 0xe0, 0x1a, 
    0xff, 0xfc, 0x1f, 0xff, 0xff, 0xfd, 0x00, 0x40, 0xff, 0xf0, 0x00, 0x00, 0x00, 0x04, 0x00, 0x50, 
    0x00, 0x04, 0x05, 0x60, 0x68, 0x52, 0x81, 0x47, 0xe0, 0x00, 0x00, 0x01, 0x55, 0x55, 0x54, 0x55, 
    0x55, 0x55, 0x55, 0x55, 0x55, 0x55, 0x00, 0x55, 0x55, 0x55, 0x55, 0x55, 0x55, 0x55, 0x55, 0x55, 
    0x54, 0x00, 0x00, 0x05, 0x55, 0x55, 0x00, 0x00, 0x00, 0x00, 0x00, 0x00, 0x00, 0x00, 0x00, 0x00, 
    0x00, 0x00, 0x00, 0x55, 0x00, 0x00, 0x00, 0x00, 0x00, 0x00, 0x40, 0x00, 0x00, 0x00, 0x00, 0x00, 
    0x00, 0x00, 0x00, 0x00, 0x00, 0x4f, 0x81, 0xaa, 0xaa, 0xb9, 0x41, 0x50, 0x10, 0x40, 0x40, 0x00, 
    0xff, 0x41, 0xab, 0x87, 0xff, 0xff, 0xff, 0xff, 0xff, 0xff, 0xff, 0xff, 0xff, 0xff, 0xff, 0xff, 
    0x41, 0x0b, 0xff, 0xff, 0xff, 0xff, 0xff, 0xff, 0xff, 0xff, 0xff, 0x9f, 0xd0, 0x19, 0xa6, 0xff, 
    0xf7, 0xff, 0xaf, 0xff, 0xff, 0xfe, 0x14, 0x00, 0x04, 0x00, 0x55, 0x40, 0x00, 0x00, 0x02, 0x40, 
    0x00, 0x00, 0x00, 0x00, 0x00, 0x2f, 0xff, 0xff, 0xff, 0xff, 0xf8, 0x3f, 0x00, 0x74, 0x05, 0x50, 
    0x00, 0x00, 0x00, 0x40, 0x06, 0xaa, 0xfe, 0x7f, 0xf8, 0x0b, 0xfc, 0x07, 0x9a, 0xfd, 0x6b, 0xea, 
    0xff, 0xff, 0xff, 0xff, 0xdb, 0xd0, 0x00, 0x01, 0xff, 0xff, 0xff, 0xd0, 0xff, 0xf9, 0x42, 0xff, 
    0xff, 0xff, 0xff, 0xff, 0xff, 0xff, 0xfa, 0x40, 0x7f, 0xfd, 0xbf, 0xff, 0xff, 0xff, 0x41, 0x01, 
    0xff, 0xd4, 0x00, 0x00, 0x00, 0x04, 0x04, 0x54, 0x00, 0x05, 0x40, 0x55, 0xf9, 0x10, 0x40, 0x80, 
    0x00, 0x00, 0x00, 0x01, 0x55, 0x55, 0x55, 0x15, 0x55, 0x55, 0x55, 0x55, 0x55, 0x55, 0x55, 0x55, 
    0x55, 0x55, 0x54, 0x55, 0x55, 0x55, 0x55, 0x55, 0x55, 0x00, 0x00, 0x05, 0x55, 0x54, 0x00, 0x00, 
    0x00, 0x00, 0x00, 0x00, 0x00, 0x00, 0x00, 0x00, 0x00, 0x00, 0x15, 0x54, 0x00, 0x00, 0x00, 0x00, 
    0x00, 0x00, 0x40, 0x00, 0x00, 0x00, 0x00, 0x00, 0x00, 0x00, 0x00, 0x00, 0x10, 0x53, 0xe4, 0x0a, 
    0xaa, 0xaf, 0x40, 0x54, 0x04, 0x10, 0x00, 0x00, 0xff, 0xf4, 0x1a, 0xb8, 0x7f, 0xff, 0xff, 0xff, 
    0xff, 0xff, 0xff, 0xff, 0xff, 0xff, 0xff, 0xff, 0xfe, 0x03, 0xff, 0xff, 0xff, 0xff, 0xff, 0xff, 
    0xff, 0xff, 0xff, 0xf6, 0xfd, 0x02, 0x9e, 0x6f, 0xff, 0xff, 0xfb, 0xff, 0xff, 0xff, 0x01, 0x40, 
    0x04, 0x55, 0x00, 0x00, 0x00, 0x02, 0x45, 0x50, 0x00, 0x00, 0x00, 0x00, 0x00, 0x7f, 0xff, 0xff, 
    0xff, 0xff, 0xff, 0xff, 0x1f, 0xf1, 0x05, 0x40, 0x05, 0x51, 0x50, 0x04, 0x00, 0x55, 0x55, 0xff, 
    0xff, 0xaf, 0xfe, 0x5b, 0xd0, 0x1a, 0xff, 0xd3, 0xff, 0xff, 0xff, 0xff, 0xff, 0xf4, 0x00, 0x00, 
    0xff, 0xff, 0xff, 0xf0, 0xff, 0xff, 0xc0, 0x0f, 0xff, 0xff, 0xff, 0xff, 0xff, 0xff, 0xff, 0xf7, 
    0xff, 0xfe, 0xbf, 0xff, 0xff, 0xff, 0xd1, 0x03, 0xff, 0xc0, 0x00, 0x00, 0x00, 0x00, 0x05, 0x44, 
    0x00, 0x01, 0x40, 0x55, 0x57, 0x05, 0x06, 0x80, 0x00, 0x00, 0x00, 0x05, 0x55, 0x55, 0x55, 0x05, 
    0x55, 0x55, 0x55, 0x55, 0x55, 0x55, 0x55, 0x55, 0x55, 0x55, 0x54, 0x15, 0x55, 0x55, 0x55, 0x55, 
    0x55, 0x00, 0x00, 0x05, 0x55, 0x50, 0x00, 0x00, 0x00, 0x00, 0x00, 0x00, 0x00, 0x00, 0x00, 0x00, 
    0x00, 0x00, 0x05, 0x00, 0x00, 0x00, 0x00, 0x00, 0x00, 0x00, 0x00, 0x00, 0x00, 0x00, 0x00, 0x00, 
    0x00, 0x00, 0x00, 0x01, 0x10, 0x54, 0xfe, 0x86, 0xaa, 0xab, 0xd4, 0x14, 0x01, 0x04, 0x00, 0x00, 
    0xff, 0xff, 0x41, 0xab, 0x8b, 0xff, 0xff, 0xff, 0xff, 0xff, 0xff, 0xff, 0xff, 0xff, 0xff, 0xff, 
    0xff, 0xef, 0xff, 0xff, 0xff, 0xff, 0xff, 0xff, 0xff, 0xff, 0xff, 0xfd, 0x7f, 0x90, 0x7a, 0xe6, 
    0xfe, 0xff, 0xff, 0xff, 0xff, 0xff, 0x40, 0x10, 0x02, 0x00, 0x05, 0x55, 0x55, 0x6a, 0x54, 0x00, 
    0x00, 0x00, 0x00, 0x00, 0x00, 0xff, 0xff, 0xff, 0xff, 0xff, 0xff, 0xfe, 0x44, 0xb5, 0x41, 0x40, 
    0x15, 0x00, 0x01, 0x40, 0x00, 0x29, 0x55, 0xff, 0xff, 0xff, 0x14, 0xff, 0x80, 0x00, 0x00, 0x07, 
    0xff, 0xff, 0xff, 0xff, 0xff, 0xff, 0x0b, 0x80, 0xbf, 0xff, 0xff, 0xf5, 0xff, 0xff, 0xff, 0x87, 
    0xff, 0xff, 0xff, 0xff, 0xff, 0xff, 0xff, 0xfe, 0xff, 0xe4, 0x7f, 0xff, 0xff, 0xff, 0xe4, 0x07, 
    0xff, 0x51, 0x00, 0x00, 0x00, 0x00, 0x05, 0x55, 0x00, 0x00, 0x00, 0x15, 0x57, 0x40, 0x1b, 0x40, 
    0x00, 0x00, 0x00, 0x05, 0x55, 0x55, 0x55, 0x41, 0x55, 0x55, 0x55, 0x55, 0x55, 0x55, 0x55, 0x51, 
    0x55, 0x55, 0x55, 0x55, 0x55, 0x55, 0x55, 0x55, 0x55, 0x40, 0x00, 0x05, 0x51, 0x50, 0x00, 0x00, 
    0x00, 0x00, 0x00, 0x00, 0x00, 0x00, 0x00, 0x04, 0x00, 0x00, 0x00, 0x00, 0x00, 0x00, 0x00, 0x00, 
    0x00, 0x00, 0x00, 0x00, 0x00, 0x00, 0x00, 0x00, 0x00, 0x00, 0x00, 0x00, 0x11, 0x55, 0x3f, 0xaa, 
    0xaa, 0xaa, 0xf4, 0x05, 0x00, 0x01, 0x00, 0x00, 0xff, 0xff, 0xf8, 0x05, 0xf9, 0xbf, 0xbf, 0xff, 
    0xff, 0xff, 0xff, 0xff, 0xff, 0xff, 0xff, 0xff, 0xff, 0xff, 0xff, 0xff, 0xff, 0xff, 0xff, 0xff, 
    0xff, 0xff, 0xff, 0xff, 0x87, 0xe9, 0x5b, 0xbd, 0x14, 0x7f, 0xff, 0xff, 0xff, 0xff, 0xe0, 0x00, 
    0x06, 0x00, 0x00, 0x40, 0x00, 0x00, 0x06, 0xab, 0x80, 0x00, 0x00, 0x00, 0x02, 0xff, 0xff, 0xff, 
    0xff, 0xff, 0xff, 0xfd, 0x80, 0x99, 0x40, 0x40, 0x05, 0x85, 0x50, 0x00, 0x00, 0x25, 0x53, 0xff, 
    0xff, 0xff, 0xf8, 0xff, 0xe0, 0x14, 0x14, 0x7f, 0xff, 0xff, 0xff, 0xff, 0xeb, 0xff, 0xc7, 0xd4, 
    0xbf, 0xff, 0xff, 0xf9, 0xbe, 0xbf, 0xff, 0xff, 0xff, 0xff, 0xfd, 0xff, 0xff, 0xff, 0xff, 0xfe, 
    0xbf, 0xf4, 0x10, 0xbf, 0xff, 0xff, 0xd4, 0x0f, 0xfe, 0x04, 0x00, 0x00, 0x00, 0x04, 0x05, 0x55, 
    0x00, 0x00, 0x00, 0x15, 0x56, 0xe4, 0x5e, 0x00, 0x00, 0x00, 0x00, 0x05, 0x15, 0x55, 0x55, 0x55, 
    0x55, 0x55, 0x55, 0x55, 0x55, 0x55, 0x55, 0x55, 0x55, 0x55, 0x55, 0x55, 0x55, 0x55, 0x55, 0x55, 
    0x55, 0x40, 0x00, 0x05, 0x55, 0x50, 0x00, 0x00, 0x00, 0x00, 0x00, 0x00, 0x00, 0x00, 0x00, 0x10, 
    0x00, 0x00, 0x00, 0x00, 0x00, 0x00, 0x00, 0x00, 0x00, 0x00, 0x00, 0x00, 0x00, 0x00, 0x00, 0x00, 
    0x00, 0x00, 0x00, 0x00, 0x05, 0x55, 0x4f, 0xea, 0xaa, 0xaa, 0xad, 0x01, 0x40, 0x00, 0x40, 0x00, 
    0xff, 0xff, 0xff, 0x90, 0x1f, 0x96, 0x5f, 0xff, 0xff, 0xff, 0xff, 0xff, 0xff, 0xff, 0xff, 0xff, 
    0xff, 0xff, 0xff, 0xff, 0xff, 0xff, 0xff, 0xff, 0xff, 0xff, 0xff, 0xff, 0xf8, 0xba, 0xd6, 0xef, 
    0x90, 0x0f, 0xff, 0xff, 0xff, 0xff, 0xf8, 0x00, 0x28, 0x00, 0x00, 0x00, 0x00, 0x00, 0x00, 0x06, 
    0xf8, 0x00, 0x00, 0x00, 0x07, 0xff, 0xff, 0xff, 0xff, 0xff, 0xff, 0xfe, 0x50, 0x15, 0x80, 0x00, 
    0x54, 0x00, 0x55, 0x50, 0x01, 0x55, 0x53, 0xff, 0xff, 0xff, 0xff, 0xff, 0xf4, 0x05, 0xaa, 0xff, 
    0xff, 0xff, 0xff, 0xff, 0xff, 0xff, 0xe1, 0xa9, 0x3f, 0xff, 0xff, 0xfc, 0x7d, 0x7f, 0xff, 0xff, 
    0xff, 0xef, 0xfb, 0xff, 0xe4, 0x6a, 0xbf, 0xff, 0xd7, 0xfe, 0xf9, 0xbf, 0xff, 0xff, 0x90, 0x1d, 
    0xbc, 0x04, 0x00, 0x00, 0x00, 0x00, 0x00, 0x55, 0x50, 0x00, 0x40, 0x15, 0xd5, 0xf0, 0x1c, 0x00, 
    0x00, 0x00, 0x00, 0x05, 0x15, 0x55, 0x55, 0x55, 0x55, 0x55, 0x55, 0x55, 0x55, 0x55, 0x55, 0x55, 
    0x55, 0x55, 0x45, 0x55, 0x55, 0x55, 0x55, 0x55, 0x55, 0x54, 0x00, 0x05, 0x55, 0x40, 0x00, 0x00, 
    0x00, 0x00, 0x00, 0x00, 0x00, 0x00, 0x00, 0x00, 0x00, 0x00, 0x00, 0x00, 0x00, 0x00, 0x00, 0x00, 
    0x00, 0x00, 0x00, 0x00, 0x00, 0x00, 0x00, 0x00, 0x00, 0x00, 0x00, 0x00, 0x15, 0x51, 0x53, 0xfe, 
    0xaa, 0xaa, 0xab, 0x40, 0x50, 0x00, 0x10, 0x00, 0x6f, 0xff, 0xff, 0xfd, 0x02, 0xf9, 0x07, 0xff, 
    0xff, 0xff, 0xff, 0xff, 0xff, 0xff, 0xff, 0xff, 0xff, 0xff, 0xff, 0xff, 0xff, 0xff, 0xff, 0xff, 
    0xff, 0xff, 0xff, 0xff, 0xff, 0x5f, 0xb9, 0x6f, 0xfe, 0x5f, 0xff, 0xff, 0xff, 0xff, 0xfc, 0x01, 
    0xd0, 0x00, 0x00, 0x00, 0x00, 0x00, 0x00, 0x00, 0x02, 0x90, 0x00, 0x00, 0x0f, 0xff, 0xff, 0xff, 
    0xf7, 0xff, 0xff, 0xfa, 0x10, 0x55, 0xaa, 0x55, 0x00, 0x01, 0x55, 0x41, 0x55, 0x51, 0x43, 0xff, 
    0xfc, 0x3f, 0xff, 0xfe, 0x46, 0xff, 0x91, 0xff, 0xff, 0xf8, 0x07, 0xff, 0xfe, 0xbf, 0xf4, 0x06, 
    0x2f, 0xff, 0xff, 0xfe, 0x14, 0x0f, 0xff, 0xff, 0xff, 0xff, 0xf4, 0x56, 0x9a, 0xff, 0xd2, 0xef, 
    0xfd, 0x2f, 0xff, 0xff, 0xff, 0xff, 0x40, 0x3e, 0x78, 0x04, 0x00, 0x00, 0x00, 0x01, 0x05, 0x51, 
    0xa8, 0x01, 0x50, 0x06, 0xa5, 0xb8, 0x74, 0x00, 0x00, 0x00, 0x00, 0x05, 0x05, 0x55, 0x55, 0x55, 
    0x55, 0x55, 0x55, 0x55, 0x55, 0x55, 0x55, 0x55, 0x55, 0x55, 0x55, 0x55, 0x55, 0x55, 0x55, 0x55, 
    0x55, 0x54, 0x00, 0x05, 0x54, 0x40, 0x00, 0x00, 0x00, 0x00, 0x00, 0x00, 0x00, 0x00, 0x00, 0x00, 
    0x00, 0x00, 0x00, 0x00, 0x00, 0x00, 0x00, 0x00, 0x00, 0x00, 0x00, 0x00, 0x00, 0x00, 0x00, 0x00, 
    0x00, 0x00, 0x00, 0x00, 0x05, 0x15, 0x54, 0xfe, 0xaa, 0xaa, 0xaa, 0xd0, 0x14, 0x00, 0x04, 0x00, 
    0x96, 0xff, 0xff, 0xff, 0xd0, 0x6f, 0x90, 0xbf, 0xff, 0xff, 0xff, 0xff, 0xff, 0xff, 0xff, 0xff, 
    0xff, 0xff, 0xff, 0xff, 0xff, 0xff, 0xff, 0xff, 0xff, 0xff, 0xff, 0xff, 0xff, 0xe1, 0xef, 0xaa, 
    0xff, 0xff, 0xff, 0xff, 0xff, 0xff, 0xfd, 0x1a, 0xaa, 0xa5, 0x50, 0x40, 0x00, 0x00, 0x00, 0x00, 
    0x05, 0x6b, 0x40, 0x00, 0x1f, 0xff, 0xff, 0xff, 0xa2, 0xff, 0xff, 0xf9, 0x01, 0x05, 0x69, 0x40, 
    0x00, 0x00, 0x51, 0x45, 0x55, 0x01, 0x0b, 0xff, 0xfe, 0xbf, 0xf9, 0x01, 0x90, 0x00, 0x1b, 0xff, 
    0xff, 0xfe, 0x2f, 0xff, 0xfe, 0x3f, 0xf8, 0x07, 0x5f, 0xff, 0xff, 0xff, 0x4a, 0xff, 0xff, 0xff, 
    0xff, 0xff, 0xff, 0x80, 0x1f, 0xff, 0x95, 0x5a, 0xaf, 0xef, 0xbf, 0xff, 0xff, 0xfd, 0x40, 0xbf, 
    0xf3, 0xf0, 0x00, 0x00, 0x00, 0x05, 0x06, 0x80, 0x00, 0x00, 0x10, 0x05, 0x55, 0x70, 0x10, 0x00, 
    0x00, 0x00, 0x00, 0x00, 0x05, 0x55, 0x55, 0x55, 0x55, 0x55, 0x55, 0x55, 0x55, 0x55, 0x55, 0x55, 
    0x55, 0x55, 0x55, 0x55, 0x55, 0x55, 0x55, 0x55, 0x55, 0x54, 0x00, 0x04, 0x50, 0x00, 0x00, 0x00, 
    0x00, 0x00, 0x00, 0x00, 0x00, 0x00, 0x00, 0x00, 0x00, 0x00, 0x00, 0x00, 0x00, 0x00, 0x00, 0x00, 
    0x00, 0x04, 0x00, 0x00, 0x00, 0x10, 0x00, 0x00, 0x00, 0x00, 0x00, 0x00, 0x05, 0x55, 0xa6, 0x2f, 
    0x6a, 0xaa, 0xaa, 0xb4, 0x05, 0x00, 0x01, 0x00, 0xf8, 0x2f, 0xff, 0xff, 0xfd, 0x07, 0xf8, 0x1f, 
    0xff, 0xff, 0xff, 0xff, 0xff, 0xff, 0xff, 0xff, 0xff, 0xff, 0xff, 0xff, 0xff, 0xff, 0xff, 0xff, 
    0xff, 0xff, 0xff, 0xff, 0xff, 0xfd, 0x2f, 0xfa, 0xaf, 0xff, 0xff, 0xff, 0xff, 0xff, 0xff, 0x9a, 
    0xaa, 0x6a, 0xfe, 0x40, 0x00, 0x00, 0x00, 0x56, 0xfa, 0xbf, 0xa4, 0x10, 0x3f, 0xff, 0xff, 0xff, 
    0xff, 0xff, 0xff, 0xe9, 0x01, 0x15, 0x56, 0x90, 0x00, 0x05, 0x55, 0x55, 0x54, 0x00, 0x07, 0xfe, 
    0xbf, 0xe7, 0xd5, 0xbf, 0xd0, 0x00, 0x6f, 0xff, 0xff, 0xff, 0xff, 0xe9, 0xff, 0x5b, 0xe8, 0x01, 
    0xcf, 0xff, 0xff, 0xff, 0xdf, 0xff, 0xf7, 0xff, 0xff, 0xff, 0xff, 0xf4, 0x1f, 0xe5, 0xaa, 0xff, 
    0xfe, 0xa9, 0x5f, 0xff, 0xff, 0xf9, 0x00, 0xff, 0xeb, 0xf1, 0x00, 0x00, 0x00, 0x01, 0x00, 0x00, 
    0x00, 0x00, 0x10, 0x05, 0x55, 0x50, 0x00, 0x00, 0x00, 0x00, 0x00, 0x00, 0x01, 0x55, 0x55, 0x55, 
    0x55, 0x55, 0x55, 0x55, 0x55, 0x55, 0x55, 0x55, 0x55, 0x55, 0x51, 0x55, 0x55, 0x55, 0x55, 0x55, 
    0x55, 0x55, 0x00, 0x05, 0x00, 0x00, 0x00, 0x00, 0x00, 0x00, 0x00, 0x00, 0x04, 0x40, 0x00, 0x00, 
    0x00, 0x00, 0x00, 0x00, 0x00, 0x00, 0x00, 0x40, 0x00, 0x00, 0x00, 0x00, 0x01, 0x00, 0x00, 0x00, 
    0x00, 0x00, 0x00, 0x00, 0x01, 0x55, 0xaa, 0x8b, 0xd1, 0xaa, 0xaa, 0xa8, 0x01, 0x00, 0x00, 0x40, 
    0xff, 0x86, 0xff, 0xff, 0xff, 0xe0, 0xbe, 0x07, 0xff, 0xff, 0xff, 0xff, 0xff, 0xff, 0xff, 0xff, 
    0xff, 0xff, 0xff, 0xff, 0xff, 0xff, 0xff, 0xff, 0xff, 0xff, 0xff, 0xff, 0xff, 0xff, 0x81, 0xfe, 
    0xbf, 0xff, 0xff, 0xff, 0xff, 0xff, 0xff, 0xff, 0xff, 0xfe, 0xaa, 0xff, 0xfa, 0xab, 0xee, 0xa9, 
    0x6a, 0xba, 0xaa, 0xa9, 0xff, 0xff, 0xff, 0xff, 0xff, 0xff, 0xff, 0xc4, 0x00, 0x55, 0x55, 0x05, 
    0x40, 0x00, 0x05, 0x55, 0x00, 0x00, 0x0b, 0xf8, 0x29, 0x17, 0xff, 0xff, 0x84, 0x00, 0x6f, 0xd0, 
    0x7f, 0xff, 0xfa, 0x80, 0xbf, 0x80, 0x40, 0x00, 0xe7, 0xff, 0xff, 0xff, 0xaf, 0xff, 0xd1, 0xff, 
    0xff, 0xff, 0xff, 0x8a, 0x2f, 0x68, 0xff, 0xff, 0xff, 0xff, 0xe9, 0x97, 0xff, 0xf5, 0x02, 0xff, 
    0xdf, 0xf1, 0x00, 0x01, 0x00, 0x01, 0x00, 0x00, 0x00, 0x00, 0x14, 0x01, 0x55, 0x40, 0x40, 0x00, 
    0x00, 0x00, 0x00, 0x00, 0x05, 0x55, 0x55, 0x55, 0x55, 0x55, 0x55, 0x55, 0x55, 0x55, 0x55, 0x55, 
    0x55, 0x55, 0x50, 0x15, 0x55, 0x55, 0x55, 0x55, 0x55, 0x55, 0x00, 0x00, 0x00, 0x00, 0x00, 0x00, 
    0x00, 0x00, 0x00, 0x01, 0x01, 0x50, 0x00, 0x00, 0x00, 0x00, 0x00, 0x00, 0x00, 0x00, 0x00, 0x01, 
    0x50, 0x00, 0x00, 0x00, 0x00, 0x00, 0x00, 0x00, 0x00, 0x00, 0x00, 0x00, 0x01, 0x45, 0xaa, 0x52, 
    0xf4, 0x6a, 0xa9, 0xa9, 0x00, 0x00, 0x00, 0x10, 0xff, 0xf8, 0x7f, 0xff, 0xff, 0xfd, 0x1f, 0x40, 
    0x7f, 0xff, 0xff, 0xff, 0xff, 0xff, 0xff, 0xff, 0xff, 0xff, 0xff, 0xff, 0xff, 0xff, 0xff, 0xff, 
    0xff, 0xff, 0xff, 0xff, 0xff, 0xff, 0xf4, 0x1f, 0xef, 0xff, 0xff, 0xff, 0xff, 0xff, 0xff, 0xff, 
    0xff, 0xff, 0xff, 0xea, 0xaa, 0xaa, 0x5a, 0xbf, 0xff, 0xff, 0xff, 0xff, 0xff, 0xff, 0xff, 0xff, 
    0xff, 0xff, 0xff, 0x90, 0x00, 0x2c, 0x14, 0x00, 0x15, 0x40, 0x01, 0x00, 0x05, 0x41, 0x1d, 0x7c, 
    0x1a, 0xbf, 0xff, 0xf2, 0x00, 0x05, 0xda, 0x41, 0xff, 0xff, 0x87, 0x01, 0x1f, 0xc0, 0x00, 0x7e, 
    0xb3, 0xff, 0xff, 0xff, 0xbf, 0xff, 0xff, 0xfc, 0xff, 0xff, 0xff, 0xe1, 0x4f, 0x86, 0xff, 0xff, 
    0xaf, 0xff, 0xfe, 0x97, 0xff, 0xe4, 0x07, 0xff, 0xaf, 0xf4, 0x00, 0x01, 0x40, 0x01, 0x00, 0x00, 
    0x00, 0x00, 0x14, 0x01, 0x55, 0x50, 0x60, 0x00, 0x00, 0x00, 0x00, 0x00, 0x05, 0x55, 0x55, 0x55, 
    0x55, 0x55, 0x55, 0x55, 0x55, 0x55, 0x55, 0x55, 0x55, 0x55, 0x50, 0x55, 0x55, 0x55, 0x55, 0x55, 
    0x55, 0x55, 0x40, 0x00, 0x00, 0x00, 0x00, 0x00, 0x00, 0x00, 0x00, 0x00, 0x05, 0x40, 0x00, 0x00, 
    0x00, 0x00, 0x00, 0x00, 0x00, 0x00, 0x00, 0x01, 0x00, 0x00, 0x00, 0x00, 0x04, 0x00, 0x00, 0x00, 
    0x00, 0x00, 0x00, 0x00, 0x00, 0x56, 0xaa, 0x40, 0xbe, 0xaa, 0xa9, 0xaa, 0x40, 0x00, 0x00, 0x05, 
    0x2f, 0xff, 0x96, 0xff, 0xff, 0xff, 0xd1, 0xd5, 0x07, 0xff, 0xff, 0xff, 0xff, 0xff, 0xff, 0xff, 
    0xff, 0xff, 0xff, 0xff, 0xff, 0xff, 0xff, 0xff, 0xff, 0xff, 0xff, 0xff, 0xff, 0xff, 0xfe, 0x02, 
    0xff, 0xff, 0xff, 0xff, 0xff, 0xff, 0xff, 0xff, 0xff, 0xff, 0xff, 0xff, 0xff, 0xff, 0xff, 0xff, 
    0xff, 0xff, 0xff, 0xff, 0xff, 0xff, 0xff, 0xff, 0xff, 0xff, 0xff, 0x00, 0x00, 0x54, 0x14, 0x04, 
    0x00, 0xb8, 0x05, 0x76, 0xaa, 0x00, 0x05, 0xbe, 0xbf, 0xff, 0xff, 0xe0, 0x40, 0x1f, 0x90, 0x1f, 
    0xff, 0xea, 0x14, 0x00, 0x0f, 0x54, 0x01, 0x7f, 0x76, 0xff, 0xff, 0xff, 0xef, 0xff, 0xf8, 0xfe, 
    0x1f, 0xff, 0xff, 0xfd, 0x02, 0xef, 0xff, 0xef, 0xff, 0xff, 0xff, 0xff, 0xdb, 0xd4, 0x0b, 0xff, 
    0x7f, 0xf8, 0x10, 0x00, 0x50, 0x01, 0x40, 0x00, 0x00, 0x00, 0x10, 0x41, 0x95, 0x50, 0x50, 0x00, 
    0x00, 0x00, 0x00, 0x00, 0x00, 0x51, 0x55, 0x55, 0x55, 0x55, 0x55, 0x55, 0x55, 0x55, 0x55, 0x55, 
    0x55, 0x55, 0x54, 0x55, 0x55, 0x55, 0x55, 0x55, 0x55, 0x55, 0x51, 0x40, 0x00, 0x00, 0x00, 0x00, 
    0x00, 0x00, 0x00, 0x00, 0x44, 0x00, 0x00, 0x00, 0x00, 0x00, 0x00, 0x00, 0x00, 0x00, 0x00, 0x04, 
    0x00, 0x00, 0x00, 0x00, 0x14, 0x00, 0x40, 0x00, 0x00, 0x00, 0x00, 0x00, 0x00, 0x29, 0x05, 0x95, 
    0x2f, 0xaa, 0xaa, 0xaa, 0x90, 0x00, 0x00, 0x00, 0x86, 0xff, 0xf9, 0x7f, 0xff, 0xff, 0xfe, 0x41, 
    0x40, 0xbf, 0xff, 0xff, 0xff, 0xff, 0xff, 0xff, 0xff, 0xff, 0xff, 0xff, 0xff, 0xff, 0xff, 0xff, 
    0xff, 0xff, 0xff, 0xff, 0xff, 0xff, 0xff, 0xd0, 0x7f, 0xff, 0xff, 0xff, 0xff, 0xff, 0xff, 0xff, 
    0xff, 0xff, 0xff, 0xff, 0xff, 0xff, 0xff, 0xff, 0xff, 0xff, 0xff, 0xff, 0xff, 0xff, 0xff, 0xff, 
    0xff, 0xff, 0xfd, 0x40, 0x01, 0x15, 0x54, 0x00, 0x00, 0x20, 0x00, 0x7a, 0xa9, 0x00, 0x2f, 0xff, 
    0xff, 0xff, 0xff, 0xe6, 0x40, 0xb9, 0x15, 0x02, 0xf9, 0x5e, 0xb4, 0x00, 0x0f, 0x0a, 0x5b, 0xff, 
    0xb9, 0xff, 0xff, 0xff, 0xdf, 0xff, 0xf0, 0xbf, 0x02, 0xff, 0xff, 0xfe, 0xba, 0x6f, 0xff, 0xff, 
    0xff, 0xff, 0xff, 0xff, 0xff, 0x90, 0x1f, 0xfd, 0xbf, 0xfc, 0x00, 0x54, 0x10, 0x01, 0x40, 0x00, 
    0x00, 0x00, 0x00, 0x51, 0x55, 0x50, 0x00, 0x00, 0x00, 0x00, 0x00, 0x00, 0x00, 0x50, 0x55, 0x51, 
    0x55, 0x55, 0x55, 0x55, 0x55, 0x55, 0x55, 0x55, 0x55, 0x55, 0x55, 0x15, 0x51, 0x55, 0x55, 0x55, 
    0x55, 0x55, 0x55, 0x40, 0x00, 0x00, 0x00, 0x00, 0x00, 0x00, 0x00, 0x01, 0x44, 0x00, 0x00, 0x00, 
    0x10, 0x00, 0x00, 0x00, 0x00, 0x00, 0x00, 0x00, 0x00, 0x00, 0x00, 0x00, 0x04, 0x00, 0x00, 0x00, 
    0x00, 0x00, 0x00, 0x00, 0x00, 0x45, 0x01, 0x55, 0x4b, 0xea, 0xa6, 0x9a, 0xa4, 0x00, 0x00, 0x00, 
    0xf8, 0x7f, 0xff, 0xdb, 0xff, 0xff, 0xff, 0xf8, 0x50, 0x1f, 0xff, 0xff, 0xff, 0xff, 0xff, 0xff, 
    0xff, 0xff, 0xff, 0xff, 0xff, 0xff, 0xff, 0xff, 0xff, 0xff, 0xff, 0xff, 0xff, 0xff, 0xff, 0xf8, 
    0x1f, 0xff, 0xff, 0xff, 0xff, 0xff, 0xff, 0xff, 0xff, 0xff, 0xff, 0xff, 0xff, 0xff, 0xff, 0xff, 
    0xff, 0xff, 0xff, 0xff, 0xff, 0xff, 0xfa, 0xff, 0xff, 0xff, 0xfd, 0x00, 0x05, 0x55, 0x50, 0x00, 
    0x00, 0x00, 0x01, 0xaa, 0x94, 0x10, 0xff, 0xff, 0xff, 0xff, 0xfe, 0x15, 0x60, 0x40, 0x23, 0xf5, 
    0x55, 0x69, 0xea, 0x60, 0x07, 0x03, 0xc7, 0xff, 0xed, 0xff, 0xff, 0xff, 0xea, 0xff, 0xf8, 0x7f, 
    0xc6, 0xaf, 0xff, 0xfc, 0x7e, 0xd6, 0xff, 0xff, 0xff, 0xc3, 0xff, 0xff, 0xff, 0x40, 0x2f, 0xfd, 
    0xff, 0xfd, 0x00, 0x01, 0x95, 0x41, 0x40, 0x00, 0x00, 0x00, 0x00, 0x51, 0x55, 0x54, 0x00, 0x00, 
    0x00, 0x00, 0x00, 0x00, 0x00, 0x10, 0x55, 0x55, 0x55, 0x55, 0x55, 0x55, 0x55, 0x55, 0x55, 0x55, 
    0x55, 0x55, 0x55, 0x05, 0x51, 0x55, 0x54, 0x55, 0x55, 0x55, 0x55, 0x00, 0x00, 0x00, 0x00, 0x00, 
    0x04, 0x00, 0x01, 0x50, 0x50, 0x00, 0x00, 0x00, 0x00, 0x00, 0x00, 0x00, 0x00, 0x00, 0x00, 0x00, 
    0x00, 0x00, 0x00, 0x00, 0x00, 0x00, 0x00, 0x00, 0x00, 0x00, 0x00, 0x00, 0x01, 0x00, 0x15, 0x55, 
    0x52, 0xfa, 0xaa, 0xa6, 0xa9, 0x00, 0x00, 0x00, 0xff, 0x87, 0xff, 0xfe, 0xa5, 0xbf, 0xff, 0xff, 
    0x15, 0x01, 0xff, 0xff, 0xff, 0xff, 0xff, 0xff, 0xff, 0xff, 0xff, 0xff, 0xff, 0xff, 0xff, 0xff, 
    0xff, 0xff, 0xff, 0xff, 0xff, 0xff, 0xff, 0xff, 0x41, 0xff, 0xff, 0xff, 0xff, 0xff, 0xff, 0xff, 
    0xff, 0xff, 0xff, 0xff, 0xff, 0xff, 0xff, 0xff, 0xff, 0xff, 0xff, 0xff, 0xff, 0xff, 0xf9, 0xff, 
    0xff, 0xff, 0xf5, 0x01, 0x01, 0x54, 0x00, 0x00, 0x01, 0x55, 0x55, 0x45, 0x6f, 0xff, 0xff, 0xff, 
    0xff, 0xff, 0xfc, 0x06, 0x50, 0x00, 0x2e, 0x6b, 0x95, 0x57, 0xea, 0xa9, 0x12, 0x02, 0x80, 0xff, 
    0xdf, 0xff, 0xff, 0xff, 0xf6, 0xf7, 0xad, 0x7f, 0xd4, 0x76, 0xbf, 0xff, 0xbf, 0x1a, 0xbf, 0xff, 
    0xff, 0xeb, 0xff, 0xff, 0xfe, 0x40, 0x7e, 0xf6, 0xff, 0xfe, 0x2e, 0x6a, 0x55, 0x51, 0x40, 0x00, 
    0x00, 0x10, 0x00, 0x14, 0x55, 0x54, 0x40, 0x00, 0x00, 0x00, 0x00, 0x00, 0x00, 0x00, 0x55, 0x55, 
    0x55, 0x55, 0x55, 0x55, 0x55, 0x55, 0x55, 0x55, 0x55, 0x55, 0x55, 0x45, 0x51, 0x45, 0x55, 0x55, 
    0x55, 0x55, 0x55, 0x00, 0x00, 0x00, 0x00, 0x00, 0x05, 0x00, 0x01, 0x55, 0x50, 0x00, 0x00, 0x00, 
    0x00, 0x00, 0x00, 0x00, 0x00, 0x00, 0x00, 0x00, 0x00, 0x10, 0x00, 0x00, 0x00, 0x00, 0x00, 0x00, 
    0x00, 0x00, 0x00, 0x00, 0x10, 0x00, 0x15, 0x55, 0x54, 0xbe, 0xaa, 0xa6, 0x6a, 0x40, 0x00, 0x00, 
    0xff, 0xf8, 0xbf, 0xff, 0xff, 0x4b, 0xff, 0xff, 0x45, 0x40, 0x1f, 0xff, 0xff, 0xff, 0xff, 0xff, 
    0xff, 0xff, 0xff, 0xff, 0xff, 0xff, 0xff, 0xff, 0xff, 0xff, 0xff, 0xfd, 0xff, 0xff, 0xff, 0xff, 
    0xf0, 0x6f, 0xff, 0xff, 0xff, 0xff, 0xff, 0xff, 0xff, 0xff, 0xff, 0xff, 0xff, 0xff, 0xff, 0xff, 
    0xff, 0xff, 0xff, 0xff, 0xff, 0xff, 0xff, 0xff, 0xff, 0xff, 0xe4, 0x01, 0x01, 0x50, 0x00, 0x01, 
    0x40, 0x04, 0x15, 0x47, 0xff, 0xff, 0xff, 0xff, 0xff, 0xff, 0xe0, 0x60, 0x00, 0x00, 0x06, 0xff, 
    0xd5, 0x6a, 0xea, 0xa6, 0x94, 0x01, 0x80, 0x07, 0xef, 0xff, 0xff, 0xff, 0xf6, 0xa0, 0x02, 0xff, 
    0xe6, 0x2b, 0x87, 0xff, 0xff, 0xc0, 0x0b, 0xff, 0xff, 0xff, 0xff, 0xff, 0xfd, 0x40, 0xab, 0xf7, 
    0xff, 0xf4, 0xff, 0xff, 0xd1, 0x55, 0x50, 0x05, 0x00, 0x55, 0x00, 0x15, 0x55, 0x55, 0x60, 0x00, 
    0x00, 0x00, 0x00, 0x14, 0x00, 0x00, 0x55, 0x55, 0x55, 0x55, 0x55, 0x55, 0x55, 0x55, 0x55, 0x55, 
    0x55, 0x55, 0x55, 0x44, 0x51, 0x45, 0x50, 0x55, 0x55, 0x55, 0x55, 0x00, 0x00, 0x00, 0x00, 0x00, 
    0x0a, 0x14, 0x45, 0x45, 0x40, 0x00, 0x00, 0x00, 0x00, 0x00, 0x00, 0x00, 0x00, 0x00, 0x00, 0x00, 
    0x00, 0x10, 0x00, 0x00, 0x40, 0x00, 0x10, 0x00, 0x00, 0x10, 0x00, 0x01, 0x40, 0x00, 0x05, 0x55, 
    0x55, 0x1f, 0x6a, 0xaa, 0x5a, 0x90, 0x00, 0x00, 0xff, 0xff, 0x4b, 0xff, 0xff, 0xf4, 0x7f, 0xff, 
    0xc5, 0x50, 0x02, 0xff, 0xff, 0xff, 0xff, 0xff, 0xff, 0x43, 0xff, 0xff, 0xff, 0xff, 0xff, 0xff, 
    0xff, 0xff, 0xff, 0xff, 0xff, 0xff, 0xff, 0xff, 0xfe, 0x1b, 0xff, 0xff, 0xff, 0xff, 0xff, 0xff, 
    0xff, 0xff, 0xff, 0xff, 0xff, 0xff, 0xff, 0xff, 0xff, 0xff, 0xff, 0xff, 0xff, 0xff, 0xff, 0xff, 
    0xff, 0xff, 0xd4, 0x01, 0x15, 0x50, 0x00, 0x00, 0x00, 0x00, 0x55, 0x7f, 0xff, 0xff, 0xff, 0xff, 
    0xff, 0xff, 0x45, 0x00, 0x00, 0x00, 0x2f, 0xff, 0xe5, 0xab, 0xea, 0xaa, 0x94, 0x00, 0x40, 0x02, 
    0xfb, 0xff, 0xff, 0xff, 0xfa, 0xb4, 0x00, 0xbf, 0xf3, 0xf9, 0xa4, 0x7f, 0xff, 0xe0, 0x02, 0xff, 
    0xff, 0xff, 0xff, 0xff, 0xfa, 0x00, 0xef, 0xdf, 0xff, 0xf7, 0xff, 0xff, 0xfd, 0x55, 0x10, 0x00, 
    0x00, 0x55, 0x40, 0x04, 0x05, 0x55, 0x74, 0x00, 0x00, 0x00, 0x00, 0x05, 0x40, 0x00, 0x15, 0x55, 
    0x55, 0x55, 0x55, 0x55, 0x55, 0x55, 0x55, 0x55, 0x55, 0x55, 0x55, 0x41, 0x54, 0x41, 0x11, 0x55, 
    0x55, 0x55, 0x55, 0x00, 0x00, 0x00, 0x00, 0x00, 0x08, 0x55, 0x10, 0x55, 0x00, 0x00, 0x00, 0x00, 
    0x00, 0x00, 0x00, 0x00, 0x00, 0x00, 0x00, 0x00, 0x00, 0x10, 0x00, 0x00, 0x40, 0x00, 0x10, 0x00, 
    0x00, 0x04, 0x00, 0x04, 0x00, 0x00, 0x00, 0x55, 0x55, 0x47, 0xd6, 0xaa, 0x96, 0xa4, 0x00, 0x00, 
    0xff, 0xff, 0xf4, 0xbf, 0xff, 0xff, 0x86, 0xff, 0xf5, 0x50, 0x00, 0x2f, 0xff, 0xff, 0xff, 0xff, 
    0xff, 0xc0, 0xbf, 0xff, 0xff, 0xff, 0xff, 0xff, 0xff, 0xff, 0xff, 0xff, 0xff, 0xff, 0xff, 0xff, 
    0xff, 0xd2, 0xff, 0xff, 0xff, 0xff, 0xff, 0xff, 0xff, 0xff, 0xff, 0xff, 0xff, 0xff, 0xff, 0xff, 
    0xff, 0xff, 0xff, 0xff, 0xff, 0xff, 0xff, 0xff, 0xff, 0xff, 0x90, 0x04, 0x55, 0x50, 0x00, 0x00, 
    0x00, 0x01, 0x55, 0xff, 0xff, 0xff, 0xff, 0xff, 0xff, 0xf4, 0x00, 0x00, 0x02, 0xff, 0x7f, 0xff, 
    0xea, 0xeb, 0xaa, 0xaa, 0x9e, 0x40, 0x00, 0x00, 0xfb, 0xff, 0xff, 0xff, 0xfd, 0xe4, 0x00, 0x3f, 
    0xd5, 0xe0, 0x00, 0x07, 0xbf, 0xf8, 0x05, 0x3f, 0xfa, 0xff, 0xff, 0xff, 0xf6, 0x02, 0xaf, 0xdf, 
    0xff, 0xff, 0xff, 0xff, 0xff, 0x85, 0x10, 0x00, 0x00, 0x15, 0x50, 0x05, 0x01, 0x55, 0x68, 0x00, 
    0x00, 0x00, 0x00, 0x05, 0x54, 0x00, 0x15, 0x55, 0x55, 0x55, 0x55, 0x55, 0x55, 0x55, 0x55, 0x55, 
    0x55, 0x55, 0x55, 0x51, 0x54, 0x41, 0x01, 0x55, 0x55, 0x55, 0x55, 0x00, 0x00, 0x00, 0x00, 0x00, 
    0x04, 0x45, 0x55, 0x14, 0x00, 0x00, 0x00, 0x00, 0x00, 0x00, 0x00, 0x00, 0x00, 0x00, 0x00, 0x00, 
    0x00, 0x14, 0x00, 0x00, 0x01, 0x01, 0x10, 0x05, 0x41, 0x00, 0x00, 0x50, 0x00, 0x00, 0x00, 0x01, 
    0x55, 0x51, 0xf5, 0xaa, 0xa6, 0xa9, 0x00, 0x00, 0xff, 0xff, 0xff, 0x8b, 0xff, 0xff, 0xfd, 0x2f, 
    0xfc, 0x55, 0x41, 0x12, 0xff, 0xff, 0xff, 0xff, 0xff, 0xf0, 0x0b, 0xff, 0xff, 0xff, 0xff, 0xff, 
    0xff, 0xff, 0xff, 0xff, 0xff, 0xff, 0xff, 0xff, 0xff, 0xfc, 0x7f, 0xff, 0xff, 0xff, 0xff, 0xff, 
    0xff, 0xff, 0xff, 0xff, 0xff, 0xff, 0xff, 0xff, 0xff, 0xff, 0xff, 0xff, 0xff, 0xff, 0xff, 0xff, 
    0xff, 0xc0, 0x00, 0x00, 0x51, 0x40, 0x00, 0x00, 0x00, 0x15, 0x57, 0xff, 0xff, 0xff, 0xff, 0xff, 
    0xff, 0x44, 0x00, 0x00, 0x03, 0xff, 0x7f, 0xff, 0xed, 0xaa, 0xab, 0xaa, 0xae, 0x00, 0x00, 0x00, 
    0x3e, 0xff, 0xff, 0xff, 0xff, 0xd8, 0x00, 0x0a, 0xfd, 0x90, 0x00, 0x10, 0x4f, 0x6f, 0x00, 0x0f, 
    0xaf, 0xff, 0xff, 0xff, 0xe9, 0x03, 0xaf, 0x7f, 0xff, 0xff, 0xff, 0xff, 0xff, 0xf4, 0x50, 0x00, 
    0x00, 0x15, 0x50, 0x01, 0x11, 0x55, 0x4c, 0x00, 0x00, 0x00, 0x00, 0x01, 0x55, 0x00, 0x15, 0x55, 
    0x55, 0x55, 0x55, 0x55, 0x55, 0x55, 0x55, 0x55, 0x55, 0x55, 0x55, 0x55, 0x14, 0x00, 0x41, 0x15, 
    0x55, 0x55, 0x55, 0x40, 0x00, 0x00, 0x00, 0x00, 0x01, 0x41, 0x54, 0x40, 0x00, 0x00, 0x00, 0x00, 
    0x00, 0x00, 0x00, 0x00, 0x00, 0x00, 0x00, 0x00, 0x00, 0x14, 0x00, 0x01, 0x01, 0x05, 0x44, 0x05, 
    0x40, 0x01, 0x01, 0x00, 0x00, 0x00, 0x00, 0x04, 0x01, 0x54, 0x7c, 0x6a, 0xa5, 0xaa, 0x40, 0x00, 
    0xff, 0xff, 0xff, 0xf8, 0x7f, 0xff, 0xff, 0xd6, 0xfe, 0x15, 0x50, 0x04, 0x2f, 0xff, 0xff, 0xff, 
    0xff, 0xf8, 0x55, 0xff, 0xff, 0xff, 0xff, 0xff, 0xef, 0xff, 0xff, 0xff, 0xff, 0xff, 0xff, 0xff, 
    0xff, 0xff, 0x8b, 0xff, 0xff, 0xff, 0xff, 0xff, 0xff, 0xff, 0xff, 0xff, 0xff, 0xff, 0xff, 0xff, 
    0xff, 0xff, 0xff, 0xff, 0xff, 0xff, 0xff, 0xff, 0xff, 0x00, 0x40, 0x15, 0x55, 0x00, 0x00, 0x00, 
    0x00, 0x55, 0x6f, 0xff, 0xff, 0xff, 0xff, 0xff, 0xfe, 0x00, 0x15, 0xbf, 0x81, 0xff, 0xff, 0xff, 
    0x95, 0x65, 0xaa, 0xa9, 0x64, 0x00, 0x1e, 0x90, 0x1d, 0xff, 0xff, 0xff, 0xff, 0xad, 0x10, 0x00, 
    0x7e, 0x34, 0x00, 0x19, 0x01, 0x57, 0xd0, 0x0b, 0xff, 0xff, 0xff, 0xff, 0xd9, 0x0a, 0xbf, 0x7f, 
    0xff, 0xfb, 0xff, 0xff, 0xff, 0xfe, 0x04, 0x00, 0x00, 0x05, 0x54, 0x01, 0x15, 0x51, 0x69, 0x00, 
    0x00, 0x00, 0x00, 0x01, 0x55, 0x45, 0x05, 0x55, 0x55, 0x55, 0x55, 0x55, 0x55, 0x55, 0x55, 0x55, 
    0x55, 0x55, 0x55, 0x05, 0x44, 0x00, 0x40, 0x15, 0x55, 0x55, 0x55, 0x40, 0x00, 0x00, 0x00, 0x00, 
    0x01, 0x01, 0x54, 0x00, 0x00, 0x00, 0x00, 0x00, 0x00, 0x00, 0x00, 0x00, 0x00, 0x00, 0x00, 0x00, 
    0x00, 0x04, 0x00, 0x05, 0x01, 0x55, 0x44, 0x01, 0x40, 0x01, 0x50, 0x00, 0x00, 0x00, 0x00, 0x00, 
    0x00, 0x00, 0x1f, 0x1a, 0xa9, 0x6a, 0x90, 0x00, 0xff, 0xff, 0xff, 0xff, 0x86, 0xff, 0xff, 0xfd, 
    0x7f, 0x95, 0x55, 0x05, 0x46, 0xff, 0xff, 0xff, 0xff, 0xfd, 0x55, 0x6f, 0xff, 0xff, 0xff, 0xff, 
    0xff, 0xff, 0xff, 0xff, 0xff, 0xff, 0xff, 0xff, 0xff, 0xff, 0xf5, 0xff, 0xff, 0xff, 0xff, 0xff, 
    0xff, 0xff, 0xff, 0xff, 0xff, 0xff, 0xff, 0xff, 0xff, 0xff, 0xff, 0xff, 0xff, 0xff, 0xff, 0xff, 
    0xff, 0x10, 0x00, 0x05, 0x54, 0x00, 0x00, 0x00, 0x00, 0x55, 0xff, 0xff, 0xff, 0xff, 0xff, 0xf4, 
    0xbf, 0x6f, 0xff, 0xff, 0xfb, 0xff, 0xff, 0x7f, 0xea, 0x16, 0xaa, 0xa6, 0xb4, 0x18, 0x1f, 0xf9, 
    0x49, 0xbf, 0xff, 0xff, 0xff, 0xeb, 0xf3, 0xe0, 0x1f, 0x6c, 0x00, 0x6a, 0x9e, 0x00, 0x78, 0x03, 
    0xff, 0xff, 0xff, 0xff, 0x65, 0x1f, 0xbd, 0xff, 0xff, 0xff, 0xff, 0xff, 0xff, 0xff, 0x04, 0x00, 
    0x00, 0x01, 0x45, 0x00, 0x05, 0x51, 0x51, 0x00, 0x00, 0x00, 0x00, 0x00, 0x55, 0x55, 0x55, 0x55, 
    0x55, 0x55, 0x55, 0x55, 0x55, 0x55, 0x55, 0x55, 0x55, 0x55, 0x55, 0x15, 0x41, 0x11, 0x44, 0x15, 
    0x55, 0x55, 0x55, 0x40, 0x00, 0x00, 0x00, 0x00, 0x05, 0x40, 0x50, 0x00, 0x00, 0x00, 0x00, 0x00, 
    0x00, 0x00, 0x00, 0x00, 0x00, 0x00, 0x00, 0x00, 0x00, 0x04, 0x00, 0x04, 0x05, 0x55, 0x51, 0x01, 
    0x40, 0x01, 0x40, 0x00, 0x00, 0x00, 0x00, 0x00, 0x01, 0x00, 0x07, 0xca, 0xaa, 0x56, 0xa8, 0x00, 
    0xff, 0xff, 0xff, 0xff, 0xf9, 0x7f, 0xff, 0xff, 0xe7, 0xd5, 0x55, 0x50, 0x04, 0x1b, 0xff, 0xff, 
    0xff, 0xfc, 0x55, 0x57, 0xff, 0xff, 0xff, 0xff, 0xff, 0xff, 0xff, 0xff, 0xff, 0xff, 0xff, 0xff, 
    0xff, 0xff, 0xff, 0x6f, 0xff, 0xff, 0xff, 0xff, 0xff, 0xff, 0xff, 0xff, 0xff, 0xff, 0xff, 0xff, 
    0xfd, 0x2f, 0xff, 0xff, 0xff, 0xff, 0xff, 0xff, 0xff, 0x50, 0x00, 0x15, 0x50, 0x00, 0x00, 0x00, 
    0x05, 0x47, 0xff, 0xff, 0xff, 0xff, 0xef, 0xd0, 0x7f, 0xff, 0xff, 0xff, 0xff, 0xff, 0xff, 0xff, 
    0xfb, 0x6a, 0xaa, 0xaa, 0xf9, 0x96, 0x1f, 0xbf, 0x82, 0x7f, 0xff, 0xff, 0xff, 0xeb, 0xe7, 0x78, 
    0x01, 0xcf, 0x00, 0xaa, 0xab, 0xd0, 0x06, 0x00, 0xff, 0xff, 0xff, 0xff, 0x65, 0x3f, 0xfd, 0xff, 
    0xff, 0xff, 0xff, 0xff, 0xff, 0xff, 0x00, 0x00, 0x00, 0x60, 0x40, 0x00, 0x04, 0x51, 0x54, 0x80, 
    0x00, 0x00, 0x00, 0x00, 0x15, 0x55, 0x55, 0x55, 0x55, 0x55, 0x55, 0x55, 0x55, 0x55, 0x55, 0x55, 
    0x55, 0x55, 0x55, 0x55, 0x41, 0x11, 0x00, 0x15, 0x55, 0x55, 0x55, 0x40, 0x00, 0x00, 0x00, 0x00, 
    0x05, 0x40, 0x00, 0x00, 0x00, 0x00, 0x00, 0x04, 0x00, 0x00, 0x00, 0x00, 0x00, 0x00, 0x00, 0x00, 
    0x00, 0x04, 0x00, 0x00, 0x15, 0x50, 0x45, 0x01, 0x50, 0x55, 0x00, 0x00, 0x00, 0x00, 0x00, 0x00, 
    0x00, 0x00, 0x01, 0xf6, 0xaa, 0xa5, 0xaa, 0x00, 0xff, 0xff, 0xff, 0xff, 0xff, 0x9b, 0xff, 0xff, 
    0xfe, 0x51, 0x55, 0x54, 0x00, 0x54, 0x1b, 0xff, 0x95, 0x65, 0x55, 0x54, 0x7f, 0xff, 0xff, 0xff, 
    0xff, 0xff, 0xff, 0xff, 0xff, 0xff, 0xff, 0xff, 0xff, 0xff, 0xff, 0xeb, 0xff, 0xff, 0xff, 0xff, 
    0xff, 0xff, 0xff, 0xff, 0xff, 0xff, 0xff, 0xff, 0xfd, 0x00, 0x00, 0xaf, 0xff, 0xff, 0xff, 0xff, 
    0xff, 0x50, 0x01, 0x55, 0x10, 0x00, 0x00, 0x00, 0x15, 0x2f, 0xff, 0xff, 0xff, 0xff, 0x07, 0xe6, 
    0xff, 0xff, 0xff, 0xff, 0xff, 0xfb, 0xff, 0xff, 0xfe, 0x96, 0xa8, 0x2a, 0xfa, 0x4a, 0x5f, 0xbf, 
    0xa5, 0xbf, 0xff, 0xff, 0xff, 0xf7, 0xda, 0x7c, 0x50, 0xe3, 0xc0, 0xaa, 0xaf, 0xf8, 0x00, 0x40, 
    0x2f, 0xff, 0xff, 0xfd, 0x95, 0xbf, 0xf7, 0xff, 0xef, 0xff, 0xff, 0xff, 0xff, 0xfa, 0x91, 0x00, 
    0x02, 0xf4, 0x00, 0x04, 0x05, 0x05, 0x54, 0x20, 0x00, 0x00, 0x00, 0x00, 0x15, 0x54, 0x55, 0x55, 
    0x55, 0x55, 0x55, 0x55, 0x55, 0x55, 0x55, 0x55, 0x55, 0x55, 0x55, 0x44, 0x40, 0x00, 0x00, 0x45, 
    0x55, 0x55, 0x55, 0x40, 0x00, 0x00, 0x00, 0x00, 0x05, 0x54, 0x00, 0x00, 0x00, 0x00, 0x00, 0x44, 
    0x00, 0x00, 0x00, 0x00, 0x00, 0x00, 0x00, 0x00, 0x00, 0x08, 0x00, 0x00, 0x14, 0x05, 0x40, 0x41, 
    0x55, 0x51, 0x00, 0x00, 0x00, 0x00, 0x00, 0x00, 0x00, 0x00, 0x00, 0x7d, 0x6a, 0xa9, 0x56, 0x80, 
    0xff, 0xff, 0xff, 0xff, 0xff, 0xf9, 0xbf, 0xff, 0xff, 0xe1, 0x55, 0x55, 0x51, 0x15, 0x50, 0x00, 
    0x55, 0x55, 0x45, 0x55, 0x46, 0xff, 0xff, 0xff, 0xff, 0xfe, 0xff, 0xff, 0xff, 0xff, 0xff, 0xff, 
    0xff, 0xff, 0xff, 0xff, 0xff, 0xff, 0xff, 0xff, 0xff, 0xff, 0xff, 0xff, 0xff, 0xff, 0xff, 0xff, 
    0xfd, 0x15, 0x50, 0x00, 0x7f, 0xff, 0xff, 0xff, 0xfd, 0x40, 0x01, 0x54, 0x00, 0x00, 0x00, 0x01, 
    0x55, 0xff, 0xff, 0xff, 0xff, 0xff, 0xff, 0xff, 0xff, 0xff, 0xff, 0xff, 0xff, 0xff, 0xf7, 0xfa, 
    0xef, 0x45, 0xa0, 0x6a, 0xea, 0xaa, 0x6e, 0xbf, 0xfe, 0xef, 0xff, 0xff, 0xff, 0xfa, 0xe8, 0x7c, 
    0xf8, 0x72, 0xf4, 0xaa, 0xaf, 0xff, 0x65, 0x00, 0x0b, 0xff, 0xff, 0xfd, 0x95, 0xff, 0xf7, 0xff, 
    0xfc, 0xbf, 0xff, 0xff, 0xff, 0xf7, 0xd5, 0x00, 0x6f, 0xfc, 0x00, 0x01, 0x01, 0x04, 0x55, 0x18, 
    0x00, 0x00, 0x00, 0x00, 0x05, 0x54, 0x55, 0x55, 0x55, 0x55, 0x55, 0x55, 0x55, 0x55, 0x55, 0x55, 
    0x55, 0x55, 0x55, 0x44, 0x00, 0x00, 0x00, 0x45, 0x55, 0x55, 0x55, 0x50, 0x00, 0x00, 0x00, 0x00, 
    0x15, 0x40, 0x00, 0x00, 0x00, 0x00, 0x01, 0x50, 0x00, 0x00, 0x00, 0x00, 0x11, 0x00, 0x00, 0x00, 
    0x00, 0x04, 0x00, 0x14, 0x54, 0x55, 0x50, 0x05, 0x55, 0x60, 0x40, 0x14, 0x00, 0x00, 0x00, 0x00, 
    0x00, 0x00, 0x00, 0x1f, 0x6a, 0xaa, 0x51, 0xa0, 0xff, 0xff, 0xff, 0xff, 0xff, 0xff, 0x9f, 0xbf, 
    0xff, 0xfd, 0x55, 0x55, 0x54, 0x50, 0x55, 0x55, 0x55, 0x55, 0x55, 0x55, 0x44, 0x2f, 0xff, 0xff, 
    0xff, 0xff, 0xff, 0xff, 0xff, 0xff, 0xff, 0xff, 0xff, 0xff, 0xff, 0xff, 0xff, 0xff, 0xff, 0xff, 
    0xff, 0xff, 0xff, 0xff, 0xff, 0xff, 0xfe, 0xbf, 0xff, 0x15, 0x40, 0x00, 0x3f, 0xff, 0xff, 0xff, 
    0xfa, 0x04, 0x05, 0x50, 0x00, 0x00, 0x00, 0x01, 0x47, 0xff, 0xff, 0xff, 0xff, 0xff, 0xff, 0xff, 
    0xff, 0xff, 0xff, 0xff, 0xff, 0xff, 0xff, 0xff, 0xef, 0x68, 0x10, 0xaa, 0xea, 0xaa, 0xaf, 0xef, 
    0xff, 0xef, 0xff, 0xff, 0xff, 0xfd, 0xe5, 0x3f, 0xff, 0x40, 0xc5, 0xaa, 0xaf, 0xff, 0xff, 0xf4, 
    0x01, 0xff, 0xff, 0xf6, 0x96, 0xff, 0xdb, 0xff, 0xfd, 0x1f, 0xff, 0xff, 0xff, 0x6f, 0xd5, 0x0f, 
    0xff, 0xfd, 0x00, 0x01, 0x01, 0x40, 0x55, 0x48, 0x00, 0x00, 0x00, 0x00, 0x01, 0x55, 0x15, 0x55, 
    0x55, 0x55, 0x55, 0x55, 0x55, 0x55, 0x55, 0x55, 0x55, 0x55, 0x54, 0x14, 0x10, 0x00, 0x10, 0x45, 
    0x55, 0x55, 0x55, 0x50, 0x00, 0x00, 0x00, 0x00, 0x54, 0x00, 0x00, 0x00, 0x00, 0x00, 0x05, 0x50, 
    0x00, 0x00, 0x00, 0x00, 0x11, 0x00, 0x00, 0x00, 0x00, 0x05, 0x00, 0x05, 0x55, 0x55, 0x50, 0x11, 
    0x55, 0x90, 0x00, 0x05, 0x54, 0x00, 0x00, 0x00, 0x00, 0x00, 0x00, 0x07, 0xd6, 0xaa, 0x64, 0x68, 
    0xff, 0xff, 0xff, 0xff, 0xff, 0xff, 0xf9, 0xeb, 0xff, 0xff, 0x55, 0x55, 0x55, 0x15, 0x05, 0x55, 
    0x55, 0x55, 0x45, 0x55, 0x55, 0x4f, 0xff, 0xff, 0xff, 0xff, 0xfd, 0xff, 0xff, 0xff, 0xff, 0xff, 
    0xff, 0xff, 0xff, 0xff, 0xff, 0xff, 0xff, 0xff, 0xff, 0xff, 0xff, 0xff, 0xff, 0xff, 0x90, 0xbf, 
    0xff, 0x85, 0x05, 0x40, 0x1f, 0xff, 0xff, 0xff, 0xe4, 0x04, 0x15, 0x50, 0x00, 0x00, 0x00, 0x15, 
    0x2f, 0xff, 0xff, 0xff, 0xff, 0xff, 0xff, 0xff, 0xff, 0xff, 0xff, 0xff, 0xff, 0xfe, 0xbf, 0xff, 
    0xff, 0x91, 0x90, 0x66, 0x4a, 0xaa, 0x7f, 0x5f, 0xff, 0xfb, 0xff, 0xff, 0xff, 0xfe, 0x77, 0x2f, 
    0xff, 0xe0, 0x81, 0xaa, 0xae, 0x2f, 0xff, 0xff, 0x82, 0xbf, 0xff, 0xf6, 0xa7, 0xff, 0xdf, 0xff, 
    0xff, 0x6e, 0x7f, 0xff, 0xff, 0x9f, 0xe5, 0x5f, 0xff, 0xfd, 0x00, 0x00, 0x01, 0x40, 0x55, 0x57, 
    0x00, 0x00, 0x00, 0x00, 0x01, 0x55, 0x05, 0x55, 0x55, 0x55, 0x55, 0x55, 0x55, 0x55, 0x55, 0x55, 
    0x55, 0x55, 0x54, 0x15, 0x10, 0x00, 0x01, 0x05, 0x55, 0x55, 0x55, 0x50, 0x00, 0x00, 0x00, 0x00, 
    0x00, 0x00, 0x00, 0x00, 0x00, 0x00, 0x05, 0x50, 0x00, 0x00, 0x00, 0x00, 0x15, 0x40, 0x00, 0x00, 
    0x00, 0x01, 0x00, 0x05, 0x15, 0x55, 0x50, 0x02, 0xea, 0x00, 0x10, 0x15, 0x54, 0x00, 0x00, 0x00, 
    0x00, 0x00, 0x00, 0x01, 0xe1, 0xaa, 0xa9, 0x1a, 0xff, 0xff, 0xff, 0xff, 0xff, 0xff, 0xff, 0xae, 
    0xbf, 0xff, 0xc5, 0x55, 0x55, 0x45, 0x55, 0x55, 0x55, 0x55, 0x41, 0x15, 0x55, 0x4b, 0xff, 0xff, 
    0xff, 0xff, 0xfd, 0x1f, 0xff, 0xff, 0xff, 0xff, 0xff, 0xff, 0xff, 0xff, 0xff, 0xff, 0xff, 0xff, 
    0xff, 0xff, 0xff, 0xff, 0xff, 0xff, 0x42, 0xff, 0xff, 0xf4, 0x00, 0x10, 0x07, 0xff, 0xff, 0xff, 
    0x54, 0x05, 0x14, 0x10, 0x00, 0x00, 0x00, 0x54, 0x7f, 0xff, 0xff, 0xff, 0xff, 0xff, 0xff, 0xff, 
    0xff, 0xff, 0xff, 0xff, 0xff, 0x3f, 0xff, 0xff, 0xff, 0x9f, 0x91, 0xa6, 0x4a, 0xaa, 0x7f, 0xab, 
    0xff, 0xfb, 0xff, 0xff, 0xff, 0xff, 0x7b, 0xff, 0xff, 0xfd, 0x20, 0xaa, 0xaf, 0x0f, 0xff, 0xff, 
    0xfd, 0x79, 0x6f, 0xda, 0x9b, 0xff, 0x6f, 0xff, 0xff, 0xfe, 0x0f, 0x6f, 0xff, 0xfe, 0xf5, 0x0f, 
    0xfe, 0x7d, 0x00, 0x00, 0x01, 0x00, 0x15, 0x56, 0x80, 0x00, 0x00, 0x00, 0x00, 0x55, 0x45, 0x55, 
    0x54, 0x55, 0x55, 0x55, 0x55, 0x55, 0x55, 0x55, 0x55, 0x55, 0x54, 0x55, 0x11, 0x00, 0x01, 0x11, 
    0x55, 0x55, 0x55, 0x50, 0x00, 0x00, 0x00, 0x00, 0x00, 0x00, 0x00, 0x00, 0x00, 0x00, 0x05, 0x50, 
    0x00, 0x00, 0x00, 0x00, 0x15, 0x40, 0x00, 0x00, 0x00, 0x02, 0x00, 0x15, 0x55, 0x55, 0x50, 0x06, 
    0x55, 0x40, 0x14, 0x55, 0x01, 0x00, 0x00, 0x00, 0x00, 0x00, 0x00, 0x00, 0x78, 0x1a, 0xaa, 0x46, 
    0xff, 0xff, 0xff, 0xff, 0xff, 0xff, 0xff, 0xfa, 0x9b, 0xff, 0xe1, 0x55, 0x55, 0x55, 0x55, 0x55, 
    0x15, 0x55, 0x55, 0x55, 0x54, 0x02, 0xff, 0xff, 0xff, 0xff, 0xff, 0xeb, 0xff, 0xff, 0xff, 0xff, 
    0xff, 0xff, 0xff, 0xff, 0xff, 0xff, 0xff, 0xff, 0xff, 0xff, 0xff, 0xff, 0xff, 0xfd, 0x02, 0xff, 
    0xff, 0xfe, 0x44, 0x00, 0x00, 0xbf, 0xff, 0xf0, 0x00, 0x15, 0x84, 0x10, 0x00, 0x00, 0x01, 0x17, 
    0x3f, 0xff, 0xff, 0xff, 0xff, 0xff, 0xff, 0xff, 0xff, 0xff, 0xff, 0xff, 0xff, 0xff, 0xff, 0xff, 
    0xfe, 0x79, 0x86, 0xa1, 0x96, 0xa5, 0x60, 0xaa, 0xff, 0xfd, 0xff, 0xff, 0xff, 0xff, 0xbf, 0xff, 
    0xff, 0xef, 0x54, 0xaa, 0xaf, 0xcb, 0xff, 0xff, 0xff, 0xfd, 0x01, 0x9a, 0x9f, 0xff, 0x7f, 0xff, 
    0xff, 0xff, 0x00, 0x1f, 0xff, 0xef, 0xb8, 0x0f, 0xff, 0x6f, 0x80, 0x00, 0x01, 0x00, 0x55, 0x55, 
    0xb4, 0x00, 0x00, 0x00, 0x00, 0x15, 0x51, 0x55, 0x54, 0x15, 0x55, 0x55, 0x55, 0x55, 0x55, 0x55, 
    0x55, 0x55, 0x54, 0x15, 0x55, 0x00, 0x00, 0x11, 0x55, 0x55, 0x55, 0x50, 0x00, 0x00, 0x00, 0x00, 
    0x00, 0x00, 0x00, 0x00, 0x00, 0x00, 0x15, 0x50, 0x00, 0x00, 0x00, 0x00, 0x10, 0x00, 0x00, 0x00, 
    0x00, 0x01, 0x00, 0x15, 0x55, 0x55, 0x50, 0x09, 0x55, 0x40, 0x55, 0x14, 0x40, 0x00, 0x00, 0x00, 
    0x00, 0x00, 0x00, 0x00, 0x1e, 0x06, 0xa6, 0xaa, 0xff, 0xff, 0xff, 0xff, 0xff, 0xff, 0xff, 0xff, 
    0xea, 0xbf, 0xf4, 0x55, 0x55, 0x55, 0x55, 0x55, 0x55, 0x55, 0x55, 0x55, 0x55, 0xd4, 0xff, 0xff, 
    0xff, 0xff, 0xff, 0xff, 0xff, 0x6f, 0xff, 0xff, 0xff, 0xff, 0xff, 0xff, 0xff, 0xff, 0xff, 0xff, 
    0xff, 0xff, 0xff, 0xff, 0xff, 0xf4, 0x01, 0xff, 0xff, 0xff, 0xfd, 0x01, 0x00, 0x01, 0xff, 0xc0, 
    0x00, 0x15, 0x80, 0x00, 0x00, 0x00, 0x00, 0x0f, 0x5f, 0xff, 0xff, 0xff, 0xff, 0xff, 0xff, 0xff, 
    0xff, 0xff, 0xff, 0xff, 0xff, 0xff, 0xff, 0xff, 0xf7, 0xff, 0x1a, 0xa6, 0x56, 0xa6, 0xa5, 0xaa, 
    0xff, 0xf4, 0x7f, 0xff, 0xff, 0xfe, 0xef, 0xff, 0xff, 0xff, 0x98, 0x6a, 0xbf, 0xff, 0xff, 0xff, 
    0xff, 0xfd, 0xb4, 0x1a, 0xaf, 0xfd, 0xbf, 0xff, 0xff, 0xff, 0xea, 0xff, 0xff, 0xbf, 0xe5, 0x5f, 
    0xff, 0xff, 0xf8, 0x00, 0x01, 0x40, 0x15, 0x55, 0xbd, 0x00, 0x00, 0x00, 0x00, 0x05, 0x41, 0x55, 
    0x55, 0x55, 0x51, 0x55, 0x55, 0x55, 0x55, 0x55, 0x55, 0x55, 0x50, 0x55, 0x55, 0x40, 0x00, 0x01, 
    0x55, 0x55, 0x55, 0x54, 0x00, 0x00, 0x00, 0x00, 0x00, 0x00, 0x00, 0x00, 0x00, 0x00, 0x15, 0x50, 
    0x00, 0x00, 0x00, 0x00, 0x10, 0x00, 0x01, 0x00, 0x00, 0x00, 0x00, 0x55, 0x40, 0x55, 0x50, 0x04, 
    0x55, 0x50, 0x15, 0x00, 0x00, 0x00, 0x00, 0x00, 0x00, 0x00, 0x00, 0x00, 0x07, 0x81, 0xaa, 0xaa, 
    0xff, 0xff, 0xff, 0xff, 0xff, 0xff, 0xff, 0xff, 0xfa, 0xef, 0xfc, 0x55, 0x55, 0x55, 0x55, 0x55, 
    0x55, 0x55, 0x55, 0x55, 0x55, 0xff, 0xff, 0xff, 0xff, 0xff, 0xff, 0xfa, 0xff, 0xeb, 0xff, 0xff, 
    0xff, 0xff, 0xff, 0xff, 0xff, 0xff, 0xff, 0xff, 0xff, 0xff, 0xff, 0xff, 0xff, 0xf4, 0x00, 0xff, 
    0xff, 0xff, 0xff, 0x44, 0x00, 0x00, 0x06, 0xc0, 0x00, 0x5b, 0x54, 0x00, 0x00, 0x00, 0x00, 0x75, 
    0x87, 0xff, 0xff, 0xff, 0xff, 0xff, 0xff, 0xff, 0xff, 0xff, 0xff, 0xff, 0xfd, 0xff, 0xff, 0xfe, 
    0x5f, 0xef, 0x9a, 0x55, 0x6a, 0xaa, 0xa5, 0xaa, 0xff, 0xf5, 0x2f, 0xff, 0xff, 0xfe, 0xaf, 0xff, 
    0xff, 0xfb, 0x86, 0x1a, 0xbf, 0xff, 0xff, 0xff, 0xff, 0xff, 0x2f, 0x40, 0x2f, 0xfd, 0xff, 0x6f, 
    0xff, 0xff, 0xff, 0xff, 0xfd, 0xbb, 0x40, 0x0f, 0xff, 0xfd, 0xbf, 0x80, 0x01, 0x50, 0x05, 0x55, 
    0x6f, 0x80, 0x00, 0x00, 0x00, 0x01, 0x50, 0x15, 0x55, 0x55, 0x50, 0x55, 0x55, 0x55, 0x55, 0x55, 
    0x55, 0x55, 0x50, 0x55, 0x55, 0x40, 0x00, 0x01, 0x55, 0x55, 0x55, 0x54, 0x00, 0x00, 0x00, 0x00, 
    0x00, 0x00, 0x00, 0x00, 0x00, 0x00, 0x55, 0x50, 0x00, 0x00, 0x00, 0x10, 0x00, 0x00, 0x01, 0x00, 
    0x00, 0x00, 0x40, 0x41, 0x50, 0x50, 0xa4, 0x15, 0x15, 0x54, 0x05, 0x00, 0x00, 0x00, 0x00, 0x00, 
    0x00, 0x00, 0x00, 0x00, 0x01, 0xe1, 0xaa, 0xaa, 0xff, 0xff, 0xff, 0xff, 0xff, 0xff, 0xff, 0xff, 
    0xff, 0xae, 0xff, 0x15, 0x55, 0x55, 0x55, 0x55, 0x55, 0x55, 0x55, 0x54, 0x55, 0xff, 0xff, 0xff, 
    0xff, 0xff, 0xff, 0xfe, 0x6b, 0xff, 0x9f, 0xff, 0xff, 0xff, 0xff, 0xff, 0xff, 0xff, 0xff, 0xff, 
    0xff, 0xff, 0xff, 0xff, 0xff, 0xf4, 0x01, 0xff, 0xff, 0xff, 0xff, 0xc0, 0x00, 0x00, 0x00, 0x00, 
    0x01, 0x5f, 0x81, 0x00, 0x00, 0x00, 0x10, 0x7e, 0x45, 0x6f, 0xff, 0xe4, 0x1f, 0xff, 0xff, 0xff, 
    0xff, 0xff, 0xef, 0xff, 0xf1, 0xbf, 0xff, 0xfc, 0x7f, 0xef, 0xda, 0x49, 0xaa, 0xaa, 0xa5, 0xaa, 
    0xbf, 0xf9, 0x1f, 0xff, 0xff, 0xff, 0x7b, 0xff, 0xfa, 0xfa, 0xa6, 0x4a, 0xbf, 0xff, 0xff, 0xff, 
    0xff, 0xff, 0xc6, 0xfe, 0x00, 0x66, 0xff, 0x41, 0xff, 0xff, 0xff, 0xff, 0xfe, 0xbc, 0x00, 0x0f, 
    0xff, 0xfe, 0x19, 0xb8, 0x00, 0x50, 0x05, 0x55, 0x6e, 0x40, 0x00, 0x00, 0x00, 0x00, 0x54, 0x04, 
    0x55, 0x55, 0x50, 0x55, 0x55, 0x55, 0x55, 0x55, 0x55, 0x55, 0x51, 0x55, 0x55, 0x50, 0x00, 0x00, 
    0x55, 0x55, 0x55, 0x54, 0x00, 0x00, 0x00, 0x00, 0x00, 0x00, 0x00, 0x00, 0x00, 0x00, 0x55, 0x50, 
    0x00, 0x00, 0x00, 0x15, 0x00, 0x00, 0x41, 0x00, 0x00, 0x00, 0x44, 0x41, 0x55, 0x56, 0xbd, 0x55, 
    0x05, 0x55, 0x05, 0x00, 0x00, 0x00, 0x00, 0x00, 0x00, 0x00, 0x00, 0x00, 0x00, 0x7c, 0x6a, 0xaa, 
    0xff, 0xff, 0xff, 0xff, 0xff, 0xff, 0xff, 0xff, 0xff, 0xfe, 0xaf, 0x45, 0x55, 0x55, 0x55, 0x55, 
    0x55, 0x55, 0x55, 0x55, 0x15, 0xff, 0xff, 0xff, 0xff, 0xff, 0xff, 0xff, 0x9a, 0xbf, 0xba, 0xff, 
    0xff, 0xff, 0xff, 0xff, 0xff, 0xff, 0xff, 0xff, 0xff, 0xff, 0xff, 0xff, 0xff, 0xe0, 0x02, 0xff, 
    0xff, 0xff, 0xff, 0xe0, 0x15, 0x50, 0x00, 0x04, 0x15, 0x6e, 0x00, 0x14, 0x00, 0x00, 0x00, 0x3f, 
    0xe5, 0x55, 0x65, 0x05, 0x51, 0xbe, 0x6f, 0xff, 0xff, 0xff, 0xff, 0xff, 0xd0, 0xbf, 0xff, 0xf6, 
    0xff, 0xff, 0xe5, 0x5a, 0xa9, 0x6a, 0xa5, 0xaa, 0xae, 0xfd, 0x4f, 0xff, 0xff, 0xff, 0x7b, 0xfb, 
    0xfb, 0xaa, 0xa9, 0xd6, 0xbf, 0xaf, 0xff, 0xff, 0xff, 0xff, 0xe2, 0x80, 0x00, 0x00, 0xbf, 0x90, 
    0x07, 0xff, 0xff, 0xff, 0xfa, 0xbf, 0x80, 0x0b, 0xff, 0xff, 0xe1, 0xff, 0x80, 0x90, 0x01, 0x55, 
    0x3c, 0x00, 0x00, 0x00, 0x00, 0x00, 0x10, 0x00, 0x14, 0x15, 0x54, 0x55, 0x54, 0x55, 0x55, 0x55, 
    0x55, 0x55, 0x51, 0x55, 0x55, 0x54, 0x00, 0x05, 0x55, 0x55, 0x55, 0x54, 0x00, 0x00, 0x00, 0x00, 
    0x00, 0x00, 0x00, 0x00, 0x00, 0x00, 0x55, 0x50, 0x00, 0x00, 0x00, 0x55, 0x50, 0x00, 0x00, 0x00, 
    0x00, 0x00, 0x11, 0x51, 0x55, 0x57, 0x96, 0x55, 0x45, 0x55, 0x51, 0x40, 0x00, 0x00, 0x00, 0x00, 
    0x00, 0x00, 0x00, 0x00, 0x00, 0x1f, 0x06, 0xaa, 0xff, 0xff, 0xff, 0xff, 0xff, 0xff, 0xff, 0xff, 
    0xff, 0xff, 0xea, 0xc1, 0x55, 0x55, 0x55, 0x55, 0x55, 0x55, 0x55, 0x55, 0x45, 0xff, 0xff, 0xff, 
    0xff, 0xff, 0xff, 0xff, 0xe6, 0xab, 0xf4, 0x3f, 0xff, 0xff, 0xff, 0xff, 0xff, 0xff, 0xff, 0xff, 
    0xff, 0xff, 0xff, 0xff, 0xff, 0xd0, 0x07, 0xff, 0xff, 0xff, 0xff, 0xf0, 0x55, 0x50, 0x00, 0x40, 
    0x15, 0xb5, 0x06, 0x41, 0x50, 0x00, 0x00, 0xff, 0xfd, 0x55, 0x15, 0x55, 0x55, 0x40, 0x01, 0xff, 
    0xff, 0xff, 0xff, 0xff, 0x83, 0xff, 0xff, 0xd3, 0xff, 0xff, 0xf5, 0x6a, 0xa4, 0xaa, 0xe5, 0xaa, 
    0xae, 0xbd, 0xd7, 0xff, 0xff, 0xff, 0xae, 0xf1, 0xeb, 0xaa, 0xaa, 0x62, 0xbf, 0xff, 0xff, 0xff, 
    0xff, 0xff, 0xf1, 0xe0, 0x00, 0x40, 0x7f, 0xea, 0x66, 0x9f, 0xff, 0xff, 0xfb, 0xff, 0xf8, 0x03, 
    0xff, 0xfe, 0x1b, 0xff, 0xf0, 0xa4, 0x01, 0x55, 0x34, 0x00, 0x00, 0x00, 0x00, 0x00, 0x14, 0x00, 
    0x05, 0x45, 0x54, 0x55, 0x54, 0x55, 0x55, 0x55, 0x55, 0x55, 0x51, 0x55, 0x55, 0x54, 0x00, 0x00, 
    0x55, 0x55, 0x55, 0x54, 0x00, 0x00, 0x00, 0x54, 0x00, 0x00, 0x00, 0x00, 0x00, 0x01, 0x55, 0x54, 
    0x00, 0x00, 0x00, 0x45, 0x50, 0x00, 0x00, 0x00, 0x00, 0x00, 0x21, 0x55, 0xa5, 0xb5, 0x95, 0x55, 
    0x51, 0x54, 0x14, 0x00, 0x00, 0x00, 0x00, 0x00, 0x00, 0x00, 0x00, 0x00, 0x00, 0x07, 0xc1, 0xaa, 
    0xbf, 0xff, 0xff, 0xff, 0xff, 0xff, 0xff, 0xff, 0xff, 0xff, 0xfe, 0xa5, 0x55, 0x55, 0x55, 0x55, 
    0x55, 0x55, 0x55, 0x55, 0x50, 0xbf, 0xff, 0xff, 0xff, 0xff, 0xff, 0xff, 0xfa, 0x6e, 0xad, 0x0f, 
    0xff, 0xff, 0xff, 0xff, 0xff, 0xff, 0xff, 0xff, 0xff, 0xff, 0xff, 0xff, 0xff, 0xc0, 0x07, 0xff, 
    0xff, 0xff, 0xff, 0xd0, 0x55, 0x54, 0x00, 0x00, 0x06, 0xa5, 0x59, 0x40, 0x01, 0x51, 0x1b, 0xff, 
    0xfe, 0x55, 0x55, 0x55, 0x55, 0x55, 0x55, 0x2f, 0xff, 0xff, 0xff, 0xfe, 0x0f, 0xfa, 0x10, 0x4b, 
    0xff, 0xff, 0xf9, 0xaa, 0xa8, 0xaa, 0x99, 0xaa, 0xab, 0x7d, 0xb3, 0xff, 0xff, 0xff, 0xde, 0xe0, 
    0x2b, 0xaa, 0xaa, 0x95, 0xbf, 0xff, 0xff, 0xff, 0xff, 0xff, 0xf0, 0xf8, 0x00, 0x00, 0x0b, 0xfa, 
    0x6a, 0x47, 0xff, 0xff, 0xff, 0xff, 0xfe, 0xf6, 0xff, 0xe1, 0xbf, 0xff, 0xfc, 0x74, 0x01, 0x55, 
    0x30, 0x00, 0x00, 0x00, 0x00, 0x01, 0x15, 0x00, 0x05, 0x55, 0x54, 0x55, 0x55, 0x55, 0x55, 0x55, 
    0x55, 0x55, 0x55, 0x55, 0x55, 0x41, 0x00, 0x00, 0x15, 0x55, 0x55, 0x54, 0x00, 0x00, 0x05, 0x55, 
    0x00, 0x00, 0x00, 0x00, 0x00, 0x01, 0x55, 0x50, 0x00, 0x00, 0x00, 0x45, 0x54, 0x00, 0x00, 0x00, 
    0x00, 0x00, 0x18, 0x56, 0xe9, 0xfe, 0xba, 0x45, 0x54, 0x54, 0x00, 0x00, 0x00, 0x00, 0x00, 0x00, 
    0x00, 0x00, 0x00, 0x00, 0x00, 0x01, 0xf4, 0x6a, 0x0b, 0xff, 0xff, 0xff, 0xff, 0xff, 0xff, 0xff, 
    0xff, 0xff, 0xff, 0xf4, 0x55, 0x55, 0x55, 0x55, 0x55, 0x55, 0x55, 0x55, 0x50, 0x7f, 0xff, 0xff, 
    0xff, 0xff, 0xff, 0xff, 0xfd, 0x6a, 0xe2, 0xd3, 0xff, 0xff, 0xff, 0xff, 0xff, 0xff, 0xff, 0xff, 
    0xff, 0xff, 0xff, 0xff, 0xff, 0xd0, 0x02, 0xff, 0xff, 0xff, 0xff, 0xc1, 0x51, 0x55, 0x00, 0x00, 
    0x5b, 0xd0, 0x55, 0x00, 0x00, 0x04, 0xff, 0xff, 0xff, 0x95, 0x55, 0x55, 0x55, 0x55, 0x55, 0x47, 
    0xff, 0xff, 0xff, 0xf8, 0x3f, 0xf0, 0x00, 0x3f, 0xff, 0xff, 0xfd, 0xaa, 0xa5, 0xaa, 0xa9, 0x96, 
    0xaa, 0x69, 0x66, 0xff, 0xff, 0xff, 0xea, 0xb4, 0x1a, 0xa0, 0xaa, 0xaf, 0xef, 0xff, 0xff, 0xfb, 
    0xff, 0xff, 0xe4, 0x77, 0x80, 0x04, 0x00, 0x2a, 0xaa, 0x92, 0xff, 0xff, 0xfb, 0xff, 0xff, 0xfd, 
    0xff, 0x4b, 0xff, 0x6a, 0xfe, 0x24, 0x01, 0x55, 0x30, 0x00, 0x00, 0x00, 0x00, 0x00, 0x15, 0x00, 
    0x01, 0x15, 0x54, 0x15, 0x55, 0x55, 0x55, 0x55, 0x55, 0x55, 0x55, 0x55, 0x55, 0x00, 0x00, 0x00, 
    0x01, 0x55, 0x55, 0x54, 0x00, 0x00, 0x15, 0x55, 0x40, 0x00, 0x00, 0x00, 0x01, 0x01, 0x55, 0x50, 
    0x00, 0x00, 0x00, 0x15, 0x54, 0x00, 0x10, 0x00, 0x00, 0x00, 0x0c, 0xff, 0x6f, 0xf6, 0xd4, 0x55, 
    0x55, 0x15, 0x40, 0x00, 0x00, 0x00, 0x00, 0x00, 0x00, 0x00, 0x00, 0x00, 0x00, 0x00, 0x7d, 0x5a, 
    0x00, 0xbf, 0xff, 0xff, 0xff, 0xff, 0xff, 0xff, 0xff, 0xff, 0xff, 0xfe, 0x01, 0x55, 0x55, 0x55, 
    0x55, 0x55, 0x55, 0x55, 0x55, 0x3f, 0xff, 0xff, 0xff, 0xff, 0xff, 0xff, 0xff, 0x96, 0xa9, 0x2b, 
    0xff, 0xff, 0xff, 0xff, 0xff, 0xff, 0xff, 0xff, 0xff, 0xf5, 0x2f, 0xff, 0xff, 0xe0, 0x00, 0xbf, 
    0xff, 0xff, 0xff, 0xc0, 0x15, 0x55, 0x00, 0x04, 0xa6, 0x50, 0x04, 0x00, 0x01, 0x17, 0xff, 0xff, 
    0xff, 0xd5, 0x6d, 0x55, 0x55, 0x55, 0x55, 0x53, 0xff, 0xff, 0xff, 0xe1, 0xff, 0xe0, 0x00, 0xbf, 
    0xff, 0xff, 0xfd, 0x9a, 0xa9, 0x6a, 0xa9, 0xa6, 0xa9, 0x6a, 0x3d, 0xff, 0xff, 0xff, 0xf6, 0x74, 
    0x1a, 0x84, 0x6a, 0xa7, 0xeb, 0xff, 0xf7, 0xe3, 0xff, 0xff, 0xd8, 0x1b, 0xf4, 0x01, 0x50, 0x0a, 
    0xaa, 0xaf, 0xff, 0xff, 0xfb, 0xff, 0xfb, 0xff, 0xf9, 0x2f, 0xff, 0xff, 0xff, 0x05, 0x55, 0x55, 
    0xa0, 0x00, 0x00, 0x00, 0x00, 0x00, 0x01, 0x40, 0x00, 0x55, 0x55, 0x15, 0x55, 0x55, 0x55, 0x55, 
    0x55, 0x55, 0x41, 0x55, 0x55, 0x01, 0x50, 0x00, 0x00, 0x55, 0x55, 0x45, 0x00, 0x00, 0x55, 0x55, 
    0x40, 0x00, 0x00, 0x00, 0x04, 0x00, 0x55, 0x50, 0x00, 0x00, 0x00, 0x15, 0x54, 0x00, 0x54, 0x40, 
    0x00, 0x00, 0x4a, 0x6d, 0x5a, 0xe6, 0x55, 0x05, 0x55, 0x55, 0x40, 0x00, 0x00, 0x00, 0x00, 0x00, 
    0x00, 0x00, 0x00, 0x00, 0x00, 0x00, 0x1f, 0x9a, 0x00, 0x0b, 0xff, 0xff, 0xff, 0xff, 0xff, 0xff, 
    0xff, 0xff, 0xff, 0xff, 0xea, 0x55, 0x55, 0x55, 0x55, 0x55, 0x55, 0x55, 0x55, 0x5f, 0xff, 0xff, 
    0xff, 0xff, 0xff, 0xff, 0xff, 0xf9, 0xbf, 0xeb, 0xff, 0xff, 0xff, 0xff, 0xff, 0xff, 0xff, 0xff, 
    0xff, 0xf4, 0x2f, 0xff, 0xff, 0xf4, 0x00, 0x1f, 0xff, 0xff, 0xff, 0x80, 0x05, 0x55, 0x00, 0x04, 
    0x01, 0x40, 0x40, 0x01, 0x00, 0x4f, 0xff, 0xff, 0xff, 0xd5, 0x59, 0x55, 0x55, 0x55, 0x55, 0x56, 
    0xff, 0xff, 0xff, 0xff, 0xff, 0xd0, 0x05, 0x7f, 0xff, 0xff, 0xff, 0x06, 0xa4, 0x6a, 0x69, 0xaa, 
    0xa6, 0xa9, 0x6e, 0xff, 0xff, 0xff, 0xf7, 0x59, 0xaa, 0x46, 0x6a, 0xa9, 0x97, 0xff, 0xf6, 0xff, 
    0xff, 0xff, 0x95, 0x0d, 0xbd, 0x00, 0x66, 0x92, 0xaa, 0xaf, 0xff, 0xff, 0xfb, 0xfe, 0xef, 0xff, 
    0xe3, 0xef, 0xff, 0xff, 0xff, 0x45, 0x45, 0x55, 0x64, 0x00, 0x00, 0x00, 0x00, 0x00, 0x00, 0x10, 
    0x00, 0x15, 0x05, 0x05, 0x55, 0x55, 0x55, 0x55, 0x55, 0x55, 0x41, 0x55, 0x54, 0x01, 0x54, 0x00, 
    0x40, 0x55, 0x55, 0x45, 0x50, 0x01, 0x55, 0x55, 0x40, 0x00, 0x00, 0x00, 0x04, 0x00, 0x15, 0x50, 
    0x00, 0x00, 0x00, 0x15, 0x54, 0x00, 0x54, 0x50, 0x00, 0x00, 0x47, 0x2a, 0x6d, 0x51, 0x55, 0x00, 
    0x55, 0x55, 0x40, 0x00, 0x00, 0x00, 0x00, 0x00, 0x00, 0x00, 0x00, 0x00, 0x00, 0x00, 0x07, 0xe9, 
    0xd0, 0x00, 0xbf, 0xff, 0xff, 0xff, 0xff, 0xff, 0xff, 0xff, 0xff, 0xff, 0xff, 0xf9, 0x55, 0x55, 
    0x55, 0x55, 0x55, 0x55, 0x55, 0x5f, 0xff, 0xff, 0xff, 0xff, 0xff, 0xff, 0xff, 0xff, 0xfe, 0xaf, 
    0xff, 0xff, 0xff, 0xff, 0xff, 0xff, 0xff, 0xff, 0xff, 0xf8, 0x1b, 0xff, 0xff, 0xf8, 0x00, 0x02, 
    0xff, 0xff, 0xfe, 0x00, 0x00, 0x55, 0x00, 0x00, 0x00, 0x40, 0x00, 0x00, 0x00, 0x3f, 0xff, 0xff, 
    0xff, 0xf5, 0x55, 0x55, 0x55, 0x55, 0x55, 0x54, 0xff, 0xff, 0xff, 0xff, 0xff, 0xf1, 0xbf, 0xff, 
    0xfd, 0xff, 0xfe, 0xe2, 0xa9, 0x2a, 0x6a, 0xaa, 0x6a, 0xaa, 0x5f, 0x7f, 0xff, 0xff, 0xfe, 0x9b, 
    0xaa, 0x56, 0xaa, 0xaa, 0x49, 0xff, 0xcb, 0xbf, 0xff, 0xff, 0x69, 0x1f, 0xaf, 0x80, 0x01, 0x51, 
    0xaa, 0xaf, 0xff, 0xff, 0xeb, 0xff, 0xef, 0xff, 0xaf, 0xff, 0xff, 0xff, 0xff, 0x85, 0x05, 0x55, 
    0x58, 0x00, 0x00, 0x00, 0x00, 0x00, 0x00, 0x05, 0x00, 0x05, 0x41, 0x05, 0x55, 0x55, 0x55, 0x55, 
    0x55, 0x55, 0x41, 0x55, 0x50, 0x15, 0x01, 0x00, 0x00, 0x55, 0x55, 0x41, 0x50, 0x05, 0x55, 0x05, 
    0x50, 0x00, 0x00, 0x00, 0x14, 0x00, 0x55, 0x50, 0x00, 0x00, 0x00, 0x05, 0x14, 0x00, 0x00, 0x50, 
    0x14, 0x00, 0x42, 0x96, 0x69, 0x00, 0x55, 0x04, 0x15, 0x55, 0x55, 0x00, 0x00, 0x00, 0x00, 0x00, 
    0x00, 0x00, 0x00, 0x00, 0x00, 0x00, 0x01, 0xf9, 0xf9, 0x00, 0x1b, 0xff, 0xff, 0xff, 0xff, 0xff, 
    0xff, 0xff, 0xff, 0xff, 0xff, 0xff, 0x85, 0x55, 0x55, 0x55, 0x55, 0x55, 0x55, 0x4b, 0xff, 0xff, 
    0xff, 0xff, 0xff, 0xff, 0xff, 0xff, 0xff, 0xfa, 0x9b, 0xff, 0xff, 0xff, 0xff, 0xff, 0xff, 0xff, 
    0xff, 0xfc, 0x00, 0xbf, 0xff, 0xfd, 0x00, 0x00, 0x07, 0xff, 0xe0, 0x00, 0x00, 0x01, 0x00, 0x00, 
    0x00, 0x40, 0x00, 0x00, 0x00, 0xbf, 0xff, 0xff, 0xff, 0xfd, 0x55, 0x54, 0x55, 0x55, 0x55, 0x55, 
    0x7f, 0xff, 0xff, 0xff, 0xff, 0xe7, 0xff, 0xf9, 0xfe, 0xff, 0xfd, 0xfc, 0x99, 0x15, 0x6a, 0xa5, 
    0x5a, 0xab, 0x5e, 0x3f, 0xff, 0xff, 0xfd, 0x87, 0xa9, 0x0a, 0xaa, 0xaa, 0x49, 0xbf, 0xd2, 0xff, 
    0xff, 0xfe, 0x69, 0x3e, 0x7b, 0xe0, 0x01, 0x01, 0xaa, 0xaf, 0xff, 0xff, 0xeb, 0xef, 0xaf, 0xf9, 
    0xbf, 0xfe, 0xff, 0xff, 0xff, 0x45, 0x05, 0x55, 0x59, 0x00, 0x00, 0x00, 0x00, 0x00, 0x00, 0x00, 
    0x40, 0x01, 0x41, 0x45, 0x45, 0x55, 0x55, 0x55, 0x55, 0x55, 0x55, 0x55, 0x50, 0x55, 0x55, 0x00, 
    0x00, 0x55, 0x55, 0x51, 0x05, 0x55, 0x55, 0x05, 0x50, 0x00, 0x00, 0x00, 0x50, 0x00, 0x15, 0x54, 
    0x00, 0x00, 0x00, 0x15, 0x50, 0x00, 0x00, 0x14, 0x50, 0x44, 0x15, 0xd5, 0x65, 0x00, 0x55, 0x54, 
    0x05, 0x55, 0x55, 0x00, 0x00, 0x00, 0x00, 0x00, 0x00, 0x00, 0x00, 0x00, 0x00, 0x00, 0x00, 0xbe, 
    0xbf, 0x90, 0x00, 0xbf, 0xff, 0xff, 0xff, 0xff, 0xff, 0xff, 0xff, 0xff, 0xff, 0xff, 0xf5, 0x55, 
    0x55, 0x55, 0x55, 0x55, 0x55, 0x52, 0xff, 0xff, 0xff, 0xff, 0xff, 0xff, 0xff, 0xff, 0xff, 0xff, 
    0x91, 0xff, 0xff, 0xff, 0xff, 0xff, 0xff, 0xff, 0xff, 0xfd, 0x40, 0x2f, 0xff, 0xff, 0xc0, 0x00, 
    0x00, 0xa4, 0x00, 0x00, 0x00, 0x01, 0x00, 0x00, 0x04, 0x04, 0x00, 0x00, 0x00, 0xff, 0xff, 0xff, 
    0xff, 0xfe, 0x55, 0x55, 0x55, 0x55, 0x55, 0x55, 0x7f, 0xff, 0xff, 0xff, 0xff, 0xef, 0xff, 0xf4, 
    0x7f, 0xff, 0xfd, 0xfe, 0x26, 0x51, 0x55, 0xaa, 0x46, 0xaa, 0x59, 0x2f, 0xff, 0xff, 0xfe, 0x53, 
    0x9a, 0x66, 0xaa, 0xa9, 0x6d, 0xbf, 0xf4, 0xbf, 0xff, 0xfd, 0xa9, 0xbf, 0x07, 0xf0, 0x01, 0x50, 
    0x1a, 0xaf, 0xff, 0xff, 0xea, 0xae, 0xbf, 0xd7, 0xff, 0xff, 0xef, 0xff, 0xff, 0x95, 0x41, 0x55, 
    0x59, 0x00, 0x00, 0x00, 0x00, 0x00, 0x00, 0x00, 0x04, 0x00, 0x44, 0x41, 0x55, 0x55, 0x55, 0x55, 
    0x55, 0x55, 0x51, 0x55, 0x50, 0x15, 0x55, 0x00, 0x00, 0x55, 0x55, 0x50, 0x55, 0x55, 0x55, 0x05, 
    0x50, 0x00, 0x00, 0x00, 0x50, 0x00, 0x55, 0x54, 0x00, 0x00, 0x00, 0x05, 0x54, 0x00, 0x00, 0x15, 
    0x11, 0x54, 0x14, 0xbb, 0xf9, 0x00, 0x55, 0x54, 0x00, 0x55, 0x45, 0x54, 0x00, 0x00, 0x00, 0x00, 
    0x00, 0x00, 0x00, 0x00, 0x00, 0x00, 0x00, 0x2f, 0x07, 0xf8, 0x00, 0x0b, 0xff, 0xff, 0xff, 0xff, 
    0xff, 0xff, 0xff, 0xff, 0xff, 0xff, 0xfe, 0x55, 0x55, 0x55, 0x55, 0x55, 0x55, 0x54, 0xbf, 0xeb, 
    0xff, 0xff, 0xff, 0xff, 0xff, 0xff, 0xff, 0xff, 0xf8, 0x2f, 0xff, 0xff, 0xff, 0xff, 0xff, 0xff, 
    0xff, 0xfe, 0x40, 0x0f, 0xff, 0xff, 0xf0, 0x00, 0x00, 0x00, 0x00, 0x00, 0x00, 0x00, 0x00, 0x00, 
    0x00, 0x01, 0x00, 0x00, 0x01, 0xff, 0xff, 0xff, 0xff, 0xff, 0x55, 0x54, 0x55, 0x55, 0x55, 0x55, 
    0x6f, 0xff, 0xff, 0xff, 0xff, 0xff, 0xff, 0xf0, 0x7b, 0xff, 0xfe, 0xff, 0xf9, 0x95, 0x5a, 0xa6, 
    0x56, 0xaa, 0x56, 0x4f, 0xff, 0xff, 0xff, 0x11, 0xda, 0xaa, 0xaa, 0x41, 0xfe, 0x5f, 0xfe, 0xff, 
    0xff, 0xfd, 0xa9, 0x9f, 0x02, 0xf0, 0x01, 0x41, 0x81, 0xaf, 0xff, 0xff, 0xea, 0xaa, 0xbe, 0x6f, 
    0xff, 0xff, 0xff, 0xff, 0xff, 0x55, 0x51, 0x55, 0x58, 0x00, 0x00, 0x00, 0x00, 0x00, 0x00, 0x00, 
    0x01, 0x40, 0x04, 0x11, 0x55, 0x55, 0x54, 0x15, 0x55, 0x55, 0x55, 0x45, 0x41, 0x55, 0x55, 0x00, 
    0x00, 0x55, 0x55, 0x52, 0x55, 0x55, 0x55, 0x15, 0x50, 0x00, 0x00, 0x00, 0x50, 0x00, 0x15, 0x54, 
    0x00, 0x00, 0x00, 0x15, 0x54, 0x00, 0x00, 0x05, 0x55, 0x54, 0x01, 0x77, 0xf5, 0x00, 0x55, 0x55, 
    0x54, 0x01, 0x40, 0x01, 0x40, 0x00, 0x00, 0x00, 0x00, 0x00, 0x00, 0x00, 0x00, 0x00, 0x00, 0x0b, 
    0x80, 0x7f, 0x80, 0x01, 0xbf, 0xff, 0xff, 0xff, 0xff, 0xff, 0xff, 0xff, 0xff, 0xff, 0xff, 0xd5, 
    0x55, 0x55, 0x55, 0x55, 0x55, 0x55, 0x4b, 0xf6, 0xff, 0xff, 0xff, 0xff, 0xff, 0xff, 0xff, 0xff, 
    0xff, 0x9b, 0xff, 0xff, 0xff, 0xff, 0xff, 0xff, 0xff, 0xff, 0x50, 0x0b, 0xff, 0xff, 0xf4, 0x00, 
    0x00, 0x00, 0x00, 0x00, 0x00, 0x00, 0x14, 0x00, 0x00, 0x00, 0x00, 0x14, 0x01, 0xff, 0xff, 0xff, 
    0xff, 0xff, 0xd0, 0x15, 0x55, 0x55, 0x55, 0x55, 0x5f, 0xff, 0xff, 0xff, 0xff, 0xff, 0xff, 0xd2, 
    0xd2, 0xff, 0xff, 0xff, 0xfe, 0x02, 0x55, 0xa2, 0x5a, 0xaa, 0x56, 0x4f, 0xff, 0xff, 0xff, 0xa7, 
    0xe6, 0xaa, 0xa9, 0x51, 0xff, 0xdb, 0xff, 0xff, 0xff, 0xf6, 0xa6, 0x01, 0x05, 0x50, 0x01, 0x01, 
    0xa5, 0x6b, 0xff, 0xff, 0x96, 0x2a, 0xb9, 0xff, 0xff, 0xff, 0xff, 0xff, 0xff, 0x15, 0x40, 0x55, 
    0x54, 0x00, 0x00, 0x00, 0x00, 0x00, 0x00, 0x00, 0x00, 0x14, 0x01, 0x00, 0x51, 0x55, 0x54, 0x55, 
    0x55, 0x55, 0x54, 0x41, 0x55, 0x55, 0x55, 0x00, 0x00, 0x15, 0x55, 0x52, 0x55, 0x55, 0x55, 0x55, 
    0x44, 0x00, 0x00, 0x10, 0x40, 0x00, 0x15, 0x55, 0x00, 0x00, 0x00, 0x15, 0x54, 0x14, 0x00, 0x05, 
    0x54, 0x55, 0x41, 0x6d, 0xd4, 0x01, 0x55, 0x45, 0x55, 0x00, 0x00, 0x00, 0x00, 0x00, 0x00, 0x00, 
    0x00, 0x00, 0x00, 0x00, 0x00, 0x00, 0x00, 0x02, 0xf8, 0x07, 0xf9, 0x00, 0x1b, 0xff, 0xff, 0xff, 
    0xff, 0xff, 0xff, 0xff, 0xff, 0xff, 0xff, 0xf4, 0x55, 0x55, 0x55, 0x55, 0x55, 0x55, 0x52, 0xfc, 
    0x2f, 0xff, 0xff, 0xff, 0xff, 0xff, 0xff, 0xff, 0xff, 0xfa, 0x6f, 0xff, 0xff, 0xff, 0xff, 0xff, 
    0xff, 0xff, 0x94, 0x02, 0xff, 0xff, 0xfd, 0x80, 0x00, 0x00, 0x00, 0x00, 0x00, 0x01, 0x55, 0x00, 
    0x00, 0x00, 0x00, 0x00, 0x00, 0xff, 0xff, 0xff, 0xff, 0xff, 0xf4, 0x05, 0x55, 0x55, 0x55, 0x54, 
    0x57, 0xff, 0xff, 0xff, 0xff, 0xff, 0xff, 0xe3, 0xfb, 0xff, 0xff, 0xff, 0xff, 0x82, 0xa5, 0x51, 
    0x9a, 0xaa, 0x95, 0x97, 0xff, 0xff, 0xff, 0xdb, 0xe6, 0xaa, 0xaa, 0x42, 0xff, 0xfa, 0xff, 0xff, 
    0xff, 0xf6, 0xa7, 0x01, 0x05, 0x54, 0x01, 0x52, 0xaa, 0x4b, 0xff, 0xff, 0x2f, 0xe5, 0x97, 0xff, 
    0xff, 0xff, 0xff, 0xff, 0xff, 0x15, 0x40, 0x45, 0x54, 0x00, 0x00, 0x00, 0x00, 0x00, 0x00, 0x00, 
    0x00, 0x05, 0x40, 0x00, 0x55, 0x55, 0x54, 0x15, 0x55, 0x55, 0x55, 0x15, 0x45, 0x55, 0x55, 0x40, 
    0x00, 0x15, 0x55, 0x50, 0x55, 0x55, 0x55, 0x55, 0x44, 0x00, 0x00, 0x10, 0x40, 0x00, 0x15, 0x55, 
    0x00, 0x00, 0x00, 0x15, 0x54, 0x14, 0x00, 0x01, 0x54, 0x55, 0x55, 0x5e, 0x50, 0x01, 0x51, 0x55, 
    0x51, 0x50, 0x00, 0x00, 0x00, 0x00, 0x00, 0x00, 0x00, 0x00, 0x00, 0x00, 0x00, 0x00, 0x00, 0x00, 
    0x1f, 0x90, 0x7f, 0xd0, 0x01, 0xbf, 0xff, 0xff, 0xff, 0xff, 0xff, 0xff, 0xff, 0xff, 0xff, 0xfc, 
    0x15, 0x55, 0x55, 0x55, 0x55, 0x55, 0x55, 0x69, 0x56, 0xff, 0xff, 0xff, 0xff, 0xff, 0xff, 0xff, 
    0xff, 0xff, 0xd7, 0xff, 0xff, 0xff, 0xff, 0xff, 0xff, 0xff, 0xc4, 0x00, 0x2f, 0xff, 0xff, 0xf0, 
    0x00, 0x00, 0x00, 0x00, 0x00, 0x14, 0x15, 0x00, 0x00, 0x00, 0x00, 0x00, 0x00, 0xff, 0xff, 0xff, 
    0xff, 0xff, 0xff, 0xaa, 0x5a, 0xa5, 0x95, 0x55, 0x55, 0xff, 0xff, 0xff, 0xff, 0xff, 0xff, 0xe7, 
    0xff, 0xff, 0xff, 0xff, 0xff, 0xe5, 0x99, 0x51, 0x95, 0xaa, 0xa5, 0xa7, 0xff, 0xff, 0xff, 0xee, 
    0xea, 0xaa, 0xaa, 0x96, 0xff, 0xfe, 0xff, 0xff, 0xff, 0xda, 0xab, 0x80, 0x15, 0x55, 0x01, 0x16, 
    0xaa, 0xa6, 0xff, 0xfd, 0x5b, 0xbc, 0x1a, 0x5a, 0x95, 0x4b, 0xff, 0xff, 0xfe, 0x14, 0x04, 0x11, 
    0x50, 0x00, 0x00, 0x00, 0x00, 0x00, 0x00, 0x00, 0x00, 0x00, 0x50, 0x10, 0x15, 0x55, 0x55, 0x15, 
    0x55, 0x15, 0x55, 0x0a, 0x45, 0x55, 0x55, 0x40, 0x00, 0x15, 0x55, 0x50, 0x55, 0x55, 0x54, 0x15, 
    0x44, 0x00, 0x00, 0x10, 0x40, 0x00, 0x15, 0x55, 0x00, 0x00, 0x00, 0x15, 0x54, 0x14, 0x00, 0x00, 
    0x54, 0x55, 0x55, 0x5b, 0x14, 0x00, 0x05, 0x15, 0x40, 0x54, 0x00, 0x00, 0x00, 0x00, 0x00, 0x00, 
    0x00, 0x00, 0x00, 0x00, 0x00, 0x00, 0x00, 0x00, 0x01, 0xfd, 0x06, 0xfd, 0x00, 0x1b, 0xff, 0xff, 
    0xff, 0xff, 0xff, 0xff, 0xff, 0xff, 0xff, 0xff, 0x14, 0x55, 0x55, 0x55, 0x55, 0x55, 0x55, 0x54, 
    0x54, 0x7f, 0xff, 0xff, 0xff, 0xff, 0xff, 0xff, 0xff, 0xff, 0xfe, 0xff, 0xff, 0xff, 0xff, 0xff, 
    0xff, 0xff, 0xd5, 0x00, 0x01, 0xbf, 0xff, 0xfc, 0x00, 0x00, 0x00, 0x00, 0x00, 0x05, 0x55, 0x04, 
    0x00, 0x00, 0x00, 0x00, 0x02, 0xff, 0xff, 0xff, 0xff, 0xff, 0xff, 0xff, 0xff, 0xff, 0xfe, 0x55, 
    0x15, 0x7f, 0xff, 0xff, 0xff, 0xff, 0xff, 0xdb, 0xff, 0xff, 0xff, 0xff, 0xff, 0xe9, 0x55, 0x42, 
    0xa5, 0xba, 0xa4, 0xbb, 0xff, 0xff, 0xff, 0xfb, 0xea, 0xea, 0xaa, 0x9b, 0xff, 0xe9, 0xbf, 0xff, 
    0xff, 0xda, 0x9f, 0xd0, 0x15, 0x55, 0x40, 0x41, 0x96, 0x94, 0xb9, 0xf5, 0x56, 0x08, 0x5b, 0xff, 
    0xff, 0x46, 0xfe, 0xbf, 0xfe, 0x54, 0x05, 0x11, 0x40, 0x00, 0x00, 0x00, 0x00, 0x00, 0x00, 0x00, 
    0x00, 0x00, 0x14, 0x00, 0x05, 0x55, 0x55, 0x15, 0x45, 0x55, 0x40, 0x01, 0x05, 0x55, 0x55, 0x00, 
    0x00, 0x15, 0x55, 0x50, 0x55, 0x55, 0x54, 0x55, 0x51, 0x00, 0x00, 0x11, 0x40, 0x00, 0x15, 0x54, 
    0x00, 0x00, 0x00, 0x15, 0x50, 0x55, 0x00, 0x00, 0x15, 0x05, 0x55, 0x53, 0x84, 0x00, 0x00, 0x15, 
    0x40, 0x15, 0x40, 0x00, 0x00, 0x00, 0x00, 0x00, 0x00, 0x00, 0x00, 0x00, 0x00, 0x00, 0x00, 0x00, 
    0x00, 0x1b, 0xd0, 0x6f, 0xd0, 0x01, 0xbf, 0xff, 0xff, 0xff, 0xff, 0xff, 0xff, 0xff, 0xff, 0xff, 
    0xc5, 0x45, 0x55, 0x55, 0x55, 0x55, 0x55, 0x55, 0x04, 0x1f, 0xff, 0xff, 0xff, 0xff, 0xff, 0xff, 
    0xff, 0xff, 0xff, 0xff, 0xff, 0xff, 0xff, 0xff, 0xff, 0xff, 0xe5, 0x04, 0x00, 0x0a, 0xbf, 0xf8, 
    0x00, 0x00, 0x00, 0x00, 0x05, 0x15, 0x55, 0x44, 0x10, 0x00, 0x00, 0x00, 0x07, 0xff, 0xff, 0xff, 
    0xff, 0xff, 0xff, 0xff, 0xff, 0xff, 0xff, 0xf8, 0x15, 0x1f, 0xff, 0xff, 0xff, 0xff, 0xff, 0xef, 
    0xff, 0xff, 0xff, 0xff, 0xff, 0xf9, 0x55, 0x42, 0xa5, 0xaa, 0xa5, 0x7e, 0xff, 0xff, 0xff, 0xfa, 
    0xfa, 0xaa, 0xaa, 0x51, 0xbf, 0xe5, 0x3f, 0xff, 0xff, 0x6a, 0xaf, 0xf8, 0x15, 0x55, 0x40, 0x51, 
    0x55, 0x55, 0x52, 0xe9, 0x55, 0x09, 0xff, 0xff, 0xff, 0xff, 0xf9, 0x1a, 0xfd, 0x54, 0x01, 0x05, 
    0x50, 0x00, 0x00, 0x00, 0x00, 0x00, 0x00, 0x00, 0x00, 0x00, 0x01, 0x40, 0x05, 0x55, 0x55, 0x05, 
    0x45, 0x45, 0x00, 0x04, 0x15, 0x55, 0x55, 0x50, 0x00, 0x15, 0x55, 0x50, 0x45, 0x55, 0x54, 0x55, 
    0x50, 0x00, 0x00, 0x11, 0x40, 0x00, 0x05, 0x54, 0x00, 0x00, 0x00, 0x15, 0x50, 0x55, 0x00, 0x00, 
    0x15, 0x55, 0x55, 0x55, 0xd1, 0x50, 0x01, 0x55, 0x54, 0x00, 0x00, 0x00, 0x00, 0x00, 0x00, 0x00, 
    0x00, 0x00, 0x00, 0x00, 0x00, 0x00, 0x00, 0x00, 0xd0, 0x01, 0xbe, 0x02, 0xfd, 0x00, 0x0b, 0xff, 
    0xff, 0xff, 0xff, 0xff, 0xff, 0xff, 0xff, 0xff, 0xe1, 0x54, 0x55, 0x55, 0x55, 0x55, 0x55, 0x55, 
    0x50, 0x57, 0xff, 0xff, 0xff, 0xff, 0xff, 0xff, 0xff, 0xff, 0xff, 0xff, 0xff, 0xff, 0xff, 0xff, 
    0xff, 0xff, 0xf5, 0x54, 0x00, 0x00, 0x00, 0x01, 0x04, 0x00, 0x00, 0x00, 0x14, 0x15, 0x59, 0x54, 
    0x04, 0x10, 0x00, 0x5a, 0xbf, 0xff, 0xff, 0xff, 0xff, 0xff, 0xff, 0xff, 0xff, 0xff, 0xff, 0xff, 
    0x05, 0x57, 0xff, 0xff, 0xff, 0xff, 0xff, 0xff, 0xff, 0xff, 0xff, 0xff, 0xff, 0xee, 0x15, 0x5a, 
    0xa5, 0xaa, 0x9b, 0xbd, 0xff, 0xff, 0xff, 0xfe, 0xba, 0xba, 0xa9, 0x01, 0x55, 0x55, 0x01, 0xff, 
    0xff, 0x7a, 0x7f, 0xfd, 0x05, 0x55, 0x14, 0x54, 0x56, 0x55, 0x51, 0x05, 0x55, 0x16, 0xff, 0xbf, 
    0xff, 0xff, 0xff, 0xf9, 0x2c, 0x40, 0x00, 0x55, 0x52, 0x00, 0x00, 0x00, 0x00, 0x00, 0x00, 0x00, 
    0x00, 0x00, 0x00, 0x54, 0x01, 0x45, 0x55, 0x41, 0x50, 0x41, 0x40, 0x00, 0x01, 0x55, 0x55, 0x50, 
    0x00, 0x15, 0x55, 0x50, 0x55, 0x55, 0x51, 0x55, 0x51, 0x00, 0x00, 0x01, 0x40, 0x00, 0x05, 0x54, 
    0x40, 0x00, 0x00, 0x15, 0x50, 0x14, 0x00, 0x00, 0x05, 0x55, 0x5a, 0x55, 0xb0, 0x14, 0x00, 0x54, 
    0x00, 0x00, 0x05, 0x40, 0x00, 0x00, 0x00, 0x00, 0x00, 0x00, 0x00, 0x00, 0x00, 0x00, 0x00, 0x00, 
    0xfe, 0x00, 0x0b, 0xe4, 0x2f, 0xe0, 0x00, 0xbf, 0xff, 0xff, 0xff, 0xff, 0xff, 0xff, 0xff, 0xff, 
    0xf1, 0x55, 0x55, 0x55, 0x55, 0x55, 0x55, 0x55, 0x54, 0x52, 0xff, 0xff, 0xff, 0xff, 0xff, 0xff, 
    0xff, 0xff, 0xff, 0xff, 0xff, 0xff, 0xff, 0xff, 0xff, 0xff, 0xff, 0x54, 0x00, 0x00, 0x00, 0x00, 
    0x01, 0x40, 0x00, 0x01, 0x50, 0x55, 0x95, 0x54, 0x05, 0x00, 0x00, 0xff, 0xff, 0xff, 0xff, 0xff, 
    0xff, 0xff, 0xff, 0xff, 0xff, 0xff, 0xff, 0xff, 0x86, 0x55, 0x7f, 0xff, 0xff, 0xff, 0xff, 0xff, 
    0xff, 0xff, 0xff, 0xff, 0xff, 0xef, 0x05, 0x5a, 0x65, 0xaa, 0x97, 0xed, 0xbf, 0xff, 0xff, 0xff, 
    0x7a, 0xae, 0xa9, 0x01, 0x56, 0x55, 0x04, 0x1f, 0xfe, 0xaa, 0x7f, 0xf7, 0xd5, 0x54, 0x00, 0x54, 
    0x15, 0x55, 0x59, 0xd4, 0x55, 0x02, 0xff, 0xff, 0xff, 0xff, 0xff, 0xff, 0xf8, 0x00, 0x00, 0x15, 
    0x51, 0x50, 0x00, 0x00, 0x00, 0x00, 0x00, 0x00, 0x00, 0x00, 0x00, 0x05, 0x40, 0x15, 0x55, 0x51, 
    0x55, 0x51, 0x40, 0x00, 0x00, 0x55, 0x55, 0x50, 0x00, 0x55, 0x55, 0x50, 0x54, 0x55, 0x51, 0x55, 
    0x55, 0x00, 0x00, 0x01, 0x40, 0x00, 0x05, 0x55, 0x50, 0x00, 0x00, 0x11, 0x50, 0x14, 0x00, 0x00, 
    0x05, 0x6b, 0xfd, 0x55, 0x28, 0x00, 0x00, 0x00, 0x00, 0x00, 0x00, 0x00, 0x00, 0x00, 0x00, 0x00, 
    0x00, 0x00, 0x00, 0x00, 0x00, 0x00, 0x00, 0x00, 0xff, 0xe0, 0x00, 0xbf, 0x42, 0xfe, 0x00, 0x0b, 
    0xff, 0xff, 0xff, 0xff, 0xff, 0xff, 0xff, 0xff, 0xf8, 0x55, 0x55, 0x55, 0x55, 0x55, 0x55, 0x55, 
    0x54, 0x51, 0xff, 0xff, 0xff, 0xff, 0xff, 0xff, 0xff, 0xff, 0xff, 0xff, 0xff, 0xff, 0xff, 0xff, 
    0xff, 0xff, 0xff, 0xd4, 0x00, 0x00, 0x00, 0x00, 0x00, 0x00, 0x00, 0x04, 0x18, 0x5a, 0x55, 0x55, 
    0x11, 0x50, 0x02, 0xff, 0xff, 0xff, 0xff, 0xff, 0xff, 0xff, 0xff, 0xff, 0xff, 0xff, 0xff, 0xff, 
    0xe6, 0x55, 0x4b, 0xff, 0xff, 0xff, 0xff, 0xff, 0xff, 0xff, 0xff, 0xff, 0xff, 0xef, 0x82, 0x56, 
    0x15, 0x96, 0x96, 0xec, 0x7f, 0xff, 0xff, 0xff, 0x7a, 0xab, 0xe4, 0x01, 0x55, 0x55, 0x45, 0x0f, 
    0xfd, 0xea, 0xbf, 0xf7, 0xf8, 0x50, 0x05, 0x40, 0x06, 0xa5, 0xba, 0xca, 0x55, 0x43, 0xff, 0xfe, 
    0xff, 0xff, 0xff, 0xff, 0xe0, 0x04, 0x00, 0x15, 0x56, 0x90, 0x00, 0x00, 0x00, 0x00, 0x00, 0x00, 
    0x00, 0x00, 0x00, 0x00, 0x54, 0x01, 0x55, 0x50, 0x51, 0x51, 0x50, 0x00, 0x10, 0x15, 0x55, 0x50, 
    0x41, 0x05, 0x55, 0x50, 0x55, 0x55, 0x55, 0x55, 0x55, 0x40, 0x00, 0x01, 0x80, 0x00, 0x05, 0x55, 
    0x50, 0x00, 0x00, 0x05, 0x40, 0x15, 0x00, 0x00, 0x01, 0x7f, 0xe5, 0x55, 0x49, 0x00, 0x00, 0x00, 
    0x00, 0x00, 0x00, 0x00, 0x00, 0x00, 0x00, 0x00, 0x00, 0x00, 0x00, 0x00, 0x00, 0x00, 0x00, 0x00, 
    0xff, 0xfe, 0x00, 0x0b, 0xf4, 0x1f, 0xe0, 0x00, 0xbf, 0xff, 0xff, 0xff, 0xff, 0xff, 0xff, 0xff, 
    0xfd, 0x15, 0x55, 0x15, 0x55, 0x55, 0x55, 0x55, 0x55, 0x02, 0xff, 0xff, 0xff, 0xff, 0xff, 0xff, 
    0xff, 0xff, 0xff, 0xff, 0xff, 0xff, 0xff, 0xff, 0xff, 0xff, 0xff, 0xf4, 0x00, 0x00, 0x00, 0x00, 
    0x00, 0x00, 0x00, 0x00, 0x06, 0x55, 0x55, 0x54, 0x11, 0x40, 0x03, 0xff, 0xff, 0xff, 0xff, 0xff, 
    0xff, 0xff, 0xff, 0xff, 0xff, 0xff, 0xff, 0xff, 0xf9, 0x51, 0x64, 0xbf, 0xff, 0xff, 0xfe, 0xff, 
    0xff, 0xff, 0xff, 0xff, 0xff, 0xef, 0xc1, 0x55, 0x95, 0x56, 0x86, 0xee, 0x3f, 0xff, 0xff, 0xfe, 
    0xee, 0x6a, 0xe0, 0x05, 0x55, 0x55, 0x55, 0x4f, 0xfa, 0xe9, 0xff, 0xdf, 0xff, 0x40, 0x15, 0x41, 
    0x06, 0xa9, 0xbb, 0xc6, 0x55, 0x43, 0xff, 0xfe, 0x6f, 0xfe, 0xbf, 0xff, 0xc0, 0x01, 0x00, 0x05, 
    0x54, 0xc0, 0x00, 0x00, 0x00, 0x00, 0x00, 0x00, 0x00, 0x00, 0x00, 0x00, 0x15, 0x41, 0x55, 0x54, 
    0x10, 0x54, 0x54, 0x00, 0x14, 0x05, 0x54, 0x54, 0x90, 0x55, 0x55, 0x51, 0x55, 0x55, 0x41, 0x55, 
    0x55, 0x40, 0x00, 0x02, 0x40, 0x00, 0x01, 0x55, 0x50, 0x00, 0x00, 0x05, 0x40, 0x15, 0x40, 0x00, 
    0x01, 0x7f, 0x95, 0x55, 0x42, 0x40, 0x00, 0x00, 0x00, 0x00, 0x00, 0x00, 0x00, 0x00, 0x00, 0x00, 
    0x00, 0x00, 0x00, 0x00, 0x00, 0x00, 0x00, 0x00, 0xff, 0xff, 0xe4, 0x00, 0x7f, 0x81, 0xbe, 0x40, 
    0x0b, 0xff, 0xff, 0xff, 0xff, 0xff, 0xff, 0xff, 0xff, 0x15, 0x55, 0x55, 0x55, 0x55, 0x55, 0x55, 
    0x55, 0x7f, 0xff, 0xff, 0xff, 0xff, 0xff, 0xff, 0xff, 0xff, 0xff, 0xff, 0xff, 0xff, 0xff, 0xff, 
    0xff, 0xff, 0xff, 0xfe, 0x40, 0x00, 0x00, 0x00, 0x50, 0x54, 0x00, 0x00, 0x05, 0x55, 0x55, 0x44, 
    0x00, 0x40, 0x07, 0xff, 0xff, 0xff, 0xff, 0xff, 0xff, 0xff, 0xff, 0xff, 0xff, 0xff, 0xff, 0xff, 
    0xfd, 0xa9, 0x99, 0x06, 0xff, 0xff, 0xd0, 0x7f, 0xff, 0xff, 0xc2, 0xff, 0xff, 0xef, 0xc0, 0x55, 
    0x94, 0x55, 0x56, 0xbb, 0x9f, 0xff, 0xff, 0xfe, 0xae, 0x6a, 0xa0, 0x05, 0x55, 0x61, 0x55, 0x0f, 
    0xf7, 0xea, 0xff, 0xdf, 0xff, 0xd4, 0x15, 0x05, 0x41, 0x54, 0x6b, 0x95, 0xd5, 0x52, 0xfb, 0xff, 
    0xaf, 0xff, 0x1a, 0xff, 0xe8, 0x00, 0x00, 0x01, 0x54, 0x60, 0x00, 0x00, 0x00, 0x00, 0x00, 0x00, 
    0x00, 0x00, 0x00, 0x00, 0x01, 0x50, 0x55, 0x54, 0x10, 0x55, 0x54, 0x00, 0x00, 0x05, 0x55, 0x55, 
    0x40, 0x01, 0x55, 0x54, 0x15, 0x55, 0x45, 0x55, 0x55, 0x40, 0x00, 0x02, 0x40, 0x00, 0x01, 0x55, 
    0x50, 0x00, 0x00, 0x05, 0x40, 0x15, 0x40, 0x00, 0x00, 0x6e, 0x55, 0x55, 0x50, 0x90, 0x00, 0x00, 
    0x00, 0x00, 0x00, 0x00, 0x00, 0x00, 0x00, 0x00, 0x00, 0x00, 0x00, 0x00, 0x00, 0x00, 0x00, 0x00, 
    0xff, 0xff, 0xff, 0x40, 0x06, 0xf9, 0x1b, 0xf4, 0x00, 0xbf, 0xff, 0xff, 0xff, 0xff, 0xff, 0xff, 
    0xff, 0xd5, 0x55, 0x55, 0x55, 0x55, 0x55, 0x55, 0x55, 0x7f, 0xff, 0xff, 0xff, 0xff, 0xff, 0xff, 
    0xff, 0xff, 0xff, 0xff, 0xff, 0xff, 0xff, 0xff, 0xff, 0xff, 0xff, 0xff, 0xf0, 0x00, 0x00, 0x00, 
    0x00, 0x50, 0x00, 0x00, 0x04, 0x15, 0x51, 0x00, 0x00, 0x00, 0x0f, 0xff, 0xff, 0xff, 0xff, 0xff, 
    0xff, 0xff, 0xff, 0xff, 0xff, 0xff, 0xff, 0xff, 0xfd, 0xaa, 0x5a, 0x54, 0x2f, 0xfa, 0x18, 0x0b, 
    0xff, 0xff, 0x54, 0x2f, 0xff, 0xef, 0xd0, 0x51, 0x84, 0x51, 0x66, 0xbb, 0xcf, 0xff, 0xff, 0xff, 
    0xae, 0x00, 0x64, 0x15, 0x55, 0x75, 0x55, 0x5f, 0xe7, 0xe7, 0xef, 0xaf, 0xff, 0xee, 0x81, 0x05, 
    0x50, 0x14, 0xaa, 0x55, 0xb5, 0x52, 0xf7, 0xff, 0xff, 0xff, 0xeb, 0xff, 0xfe, 0x0a, 0x40, 0x01, 
    0x55, 0x74, 0x00, 0x00, 0x00, 0x00, 0x00, 0x00, 0x00, 0x00, 0x00, 0x00, 0x00, 0x15, 0x05, 0x55, 
    0x00, 0x15, 0x54, 0x01, 0x54, 0x00, 0x15, 0x55, 0x85, 0x01, 0x55, 0x54, 0x55, 0x55, 0x44, 0x05, 
    0x55, 0x40, 0x00, 0x06, 0x40, 0x00, 0x01, 0x55, 0x50, 0x00, 0x00, 0x01, 0x40, 0x04, 0x50, 0x00, 
    0x00, 0x19, 0x55, 0x55, 0x50, 0x20, 0x00, 0x00, 0x00, 0x00, 0x00, 0x00, 0x00, 0x00, 0x00, 0x00, 
    0x00, 0x00, 0x00, 0x00, 0x00, 0x00, 0x00, 0x00, 0xff, 0xff, 0xff, 0xf4, 0x00, 0x6b, 0xd0, 0xbf, 
    0x40, 0x0b, 0xff, 0xff, 0xff, 0xff, 0xff, 0xff, 0xff, 0xd5, 0x55, 0x55, 0x45, 0x55, 0x55, 0x55, 
    0x55, 0x3f, 0xff, 0xff, 0xff, 0xff, 0xff, 0xff, 0xff, 0xff, 0xff, 0xff, 0xff, 0xff, 0xff, 0xff, 
    0xff, 0xff, 0xff, 0xd6, 0xfd, 0x05, 0x80, 0x00, 0x05, 0x05, 0x55, 0x54, 0x10, 0x55, 0x00, 0x00, 
    0x04, 0x54, 0x1f, 0xff, 0xff, 0xff, 0xff, 0xf6, 0xbf, 0xff, 0xff, 0xff, 0xff, 0xff, 0xff, 0xff, 
    0xfe, 0x6a, 0x95, 0xa5, 0x50, 0x01, 0x69, 0x12, 0xff, 0xfe, 0x29, 0x01, 0xff, 0xaf, 0xd0, 0x10, 
    0x59, 0x55, 0xa9, 0xaa, 0x4b, 0xff, 0xff, 0xff, 0xaa, 0x40, 0x00, 0x15, 0x16, 0xb5, 0x55, 0x27, 
    0xdf, 0xdb, 0xaf, 0x7f, 0xbf, 0xfb, 0xd9, 0xaa, 0x50, 0x00, 0xa4, 0x55, 0x52, 0x50, 0x57, 0xff, 
    0xff, 0xff, 0xff, 0xd7, 0xff, 0x4b, 0xfd, 0x00, 0x55, 0x74, 0x00, 0x00, 0x00, 0x00, 0x00, 0x00, 
    0x00, 0x00, 0x00, 0x00, 0x00, 0x05, 0x41, 0x55, 0x01, 0x05, 0x55, 0x40, 0x55, 0x00, 0x15, 0x55, 
    0x42, 0x01, 0x55, 0x54, 0x15, 0x54, 0x04, 0x05, 0x55, 0x50, 0x00, 0x15, 0x00, 0x00, 0x05, 0x55, 
    0x40, 0x40, 0x00, 0x01, 0x40, 0x00, 0x54, 0x00, 0x00, 0x15, 0x55, 0x55, 0x40, 0x08, 0x00, 0x00, 
    0x00, 0x00, 0x00, 0x00, 0x00, 0x00, 0x00, 0x00, 0x00, 0x00, 0x00, 0x00, 0x00, 0x00, 0x00, 0x00, 
    0xff, 0xff, 0xff, 0xff, 0x40, 0x0a, 0xae, 0x07, 0xf4, 0x00, 0xbf, 0xff, 0xff, 0xff, 0xff, 0xff, 
    0xff, 0xc5, 0x55, 0x55, 0x55, 0x55, 0x55, 0x55, 0x55, 0x6f, 0xff, 0xff, 0xff, 0xff, 0xff, 0xfe, 
    0xff, 0xff, 0xff, 0xff, 0xff, 0xff, 0xff, 0xff, 0xff, 0xff, 0xff, 0xc4, 0x6f, 0xff, 0xfa, 0xbd, 
    0x01, 0x04, 0x01, 0x00, 0x00, 0xa4, 0x00, 0x00, 0x12, 0xff, 0xff, 0xff, 0xff, 0xff, 0xff, 0x40, 
    0xbf, 0xff, 0xff, 0xff, 0xff, 0xff, 0xff, 0xff, 0x95, 0x2a, 0xa5, 0x69, 0x55, 0x1a, 0xaa, 0x94, 
    0xff, 0xfd, 0x6a, 0xa5, 0x67, 0x6f, 0xe0, 0x10, 0x1a, 0x59, 0xaa, 0xae, 0xc3, 0xff, 0xff, 0xff, 
    0xdb, 0x04, 0x00, 0x15, 0x56, 0x59, 0x55, 0x7a, 0x9f, 0xdf, 0xfe, 0xbe, 0x6f, 0xff, 0xe9, 0x6e, 
    0xaa, 0x40, 0x80, 0x55, 0x57, 0xf9, 0x2b, 0xff, 0xff, 0xff, 0xff, 0xff, 0xfe, 0xeb, 0xff, 0xe4, 
    0x55, 0x60, 0x00, 0x00, 0x10, 0x00, 0x00, 0x00, 0x00, 0x00, 0x00, 0x00, 0x00, 0x00, 0x54, 0x14, 
    0x00, 0x01, 0x15, 0x40, 0x15, 0x00, 0x15, 0x55, 0x4a, 0x41, 0x55, 0x54, 0x15, 0x50, 0x14, 0x05, 
    0x55, 0x50, 0x00, 0x15, 0x00, 0x00, 0x01, 0x55, 0x41, 0x50, 0x00, 0x00, 0x40, 0x00, 0x15, 0x00, 
    0x00, 0x05, 0x55, 0x55, 0x00, 0x42, 0x00, 0x00, 0x00, 0x00, 0x00, 0x00, 0x00, 0x00, 0x00, 0x00, 
    0x00, 0x00, 0x00, 0x00, 0x00, 0x00, 0x00, 0x01, 0xff, 0xff, 0xff, 0xff, 0xf8, 0x00, 0xba, 0xe4, 
    0x7f, 0x90, 0x07, 0xff, 0xff, 0xff, 0xff, 0xff, 0xff, 0xe5, 0x55, 0x55, 0x55, 0x55, 0x55, 0x55, 
    0x55, 0x5f, 0xff, 0xff, 0xff, 0xff, 0xff, 0xfe, 0x1f, 0xff, 0xff, 0xff, 0xff, 0xff, 0xff, 0xff, 
    0xff, 0xff, 0xff, 0xe1, 0x02, 0xff, 0xff, 0xe4, 0x00, 0x10, 0x01, 0x00, 0x06, 0x04, 0x00, 0x01, 
    0x5f, 0xff, 0xff, 0xff, 0xff, 0xff, 0xff, 0xf4, 0xff, 0xff, 0xff, 0xff, 0xff, 0xff, 0xff, 0xfd, 
    0x14, 0x1a, 0xa9, 0x69, 0x55, 0x01, 0xaa, 0x94, 0x2f, 0xf6, 0x2a, 0xa9, 0x51, 0x2f, 0xe1, 0x10, 
    0x4a, 0x59, 0xaa, 0xaa, 0xd2, 0xff, 0xff, 0xff, 0xda, 0x44, 0x00, 0x15, 0x55, 0x56, 0x55, 0x7e, 
    0x2f, 0xef, 0xfd, 0x96, 0x6f, 0xfe, 0xa5, 0xba, 0xea, 0x94, 0x51, 0x55, 0x57, 0xfe, 0x6f, 0xff, 
    0xff, 0xff, 0xff, 0xff, 0xff, 0xfe, 0xff, 0xfe, 0x15, 0x60, 0x00, 0x00, 0x00, 0x00, 0x00, 0x00, 
    0x14, 0x00, 0x40, 0x00, 0x00, 0x00, 0x15, 0x40, 0x40, 0x00, 0x55, 0x40, 0x05, 0x40, 0x05, 0x55, 
    0x46, 0xa0, 0x55, 0x54, 0x15, 0x00, 0x14, 0x01, 0x55, 0x54, 0x00, 0x14, 0x00, 0x00, 0x01, 0x55, 
    0x55, 0x54, 0x00, 0x00, 0x40, 0x00, 0x15, 0x40, 0x00, 0x01, 0x55, 0x45, 0x01, 0x55, 0x80, 0x00, 
    0x00, 0x00, 0x00, 0x00, 0x00, 0x00, 0x00, 0x00, 0x00, 0x00, 0x00, 0x00, 0x00, 0x00, 0x00, 0x06, 
    0xff, 0xff, 0xff, 0xff, 0xff, 0x80, 0x0b, 0x5b, 0x86, 0xfd, 0x00, 0x7f, 0xff, 0xff, 0xff, 0xff, 
    0xbf, 0xf5, 0x55, 0x55, 0x55, 0x55, 0x55, 0x55, 0x55, 0x5b, 0xff, 0xff, 0xff, 0xff, 0xff, 0xff, 
    0x40, 0xbf, 0xff, 0xff, 0xff, 0xff, 0xff, 0xff, 0xff, 0xff, 0xff, 0xf5, 0x00, 0x2f, 0xfd, 0x00, 
    0x00, 0x00, 0x00, 0x00, 0x01, 0x40, 0x00, 0x15, 0xbf, 0xff, 0xff, 0xff, 0xff, 0xff, 0xff, 0xff, 
    0xff, 0xff, 0xff, 0xff, 0xff, 0xff, 0xff, 0xfc, 0x55, 0x4a, 0xaa, 0xaa, 0x65, 0x55, 0x5a, 0xa5, 
    0x0b, 0xf2, 0x0a, 0xaa, 0x59, 0x2f, 0x46, 0x01, 0x49, 0x45, 0xaa, 0xa9, 0xb1, 0xff, 0xff, 0xff, 
    0xe2, 0x80, 0x00, 0x55, 0x55, 0x4e, 0x55, 0xbe, 0x7f, 0xbf, 0xf9, 0xe5, 0x5f, 0xff, 0xa6, 0xb9, 
    0x6a, 0x01, 0x11, 0x55, 0x57, 0xbf, 0x9f, 0xff, 0xff, 0xff, 0xff, 0xff, 0xff, 0xff, 0xff, 0xff, 
    0x45, 0x50, 0x00, 0x00, 0x00, 0x00, 0x00, 0x00, 0x0b, 0x42, 0x50, 0x00, 0x00, 0x00, 0x01, 0x6d, 
    0x00, 0x14, 0x54, 0x00, 0x15, 0x00, 0x05, 0x55, 0x41, 0x58, 0x55, 0x54, 0x14, 0x00, 0x04, 0x00, 
    0x55, 0x54, 0x00, 0x00, 0x00, 0x00, 0x01, 0x55, 0x55, 0x54, 0x00, 0x00, 0x00, 0x00, 0x01, 0x40, 
    0x00, 0x01, 0x45, 0x51, 0x05, 0x55, 0x64, 0x00, 0x00, 0x00, 0x00, 0x00, 0x00, 0x00, 0x00, 0x00, 
    0x00, 0x00, 0x00, 0x00, 0x00, 0x00, 0x00, 0x6a, 0xff, 0xff, 0xff, 0xff, 0xff, 0xf8, 0x00, 0xb9, 
    0xb9, 0x6f, 0xd0, 0x07, 0xff, 0xff, 0xff, 0xff, 0x4b, 0xf5, 0x55, 0x55, 0x55, 0x55, 0x55, 0x55, 
    0x51, 0x57, 0xff, 0xff, 0xff, 0xff, 0xff, 0xff, 0x85, 0x42, 0xff, 0xff, 0xff, 0xff, 0xff, 0xff, 
    0xff, 0xff, 0xff, 0xf9, 0x00, 0x0b, 0x90, 0x00, 0x00, 0x00, 0x00, 0x06, 0x51, 0x01, 0x01, 0x5b, 
    0xff, 0xff, 0xff, 0xff, 0xff, 0xff, 0xff, 0xff, 0xff, 0xff, 0xff, 0xff, 0xff, 0xff, 0xff, 0xf5, 
    0x55, 0x56, 0xaa, 0xa5, 0x99, 0x55, 0x95, 0x96, 0x83, 0xd5, 0x5a, 0xaa, 0x86, 0xbd, 0x6a, 0x01, 
    0x04, 0x82, 0xaa, 0xa9, 0xb4, 0xff, 0xff, 0xff, 0xf2, 0xc5, 0x00, 0x55, 0x55, 0x55, 0x56, 0xfc, 
    0xbf, 0xbf, 0xf7, 0xfa, 0x9f, 0xff, 0x5a, 0xb9, 0x5f, 0xa0, 0x21, 0x55, 0x56, 0xbe, 0x5f, 0xff, 
    0xff, 0xff, 0xff, 0xff, 0xff, 0xff, 0xff, 0xff, 0xd5, 0x50, 0x00, 0x00, 0x05, 0x00, 0x00, 0x00, 
    0x02, 0x6f, 0xe6, 0x00, 0x00, 0x00, 0x00, 0x15, 0x41, 0x55, 0x55, 0x00, 0x15, 0x40, 0x01, 0x15, 
    0x55, 0xd1, 0x15, 0x54, 0x10, 0x00, 0x14, 0x00, 0x55, 0x54, 0x00, 0x10, 0x00, 0x00, 0x01, 0x55, 
    0x55, 0x54, 0x00, 0x00, 0x00, 0x00, 0x00, 0x50, 0x00, 0x00, 0x51, 0x55, 0x55, 0x55, 0x5a, 0x00, 
    0x00, 0x00, 0x00, 0x00, 0x00, 0x00, 0x00, 0x00, 0x00, 0x00, 0x00, 0x00, 0x00, 0x00, 0x01, 0xaa, 
    0xff, 0xff, 0xff, 0xff, 0xff, 0xff, 0x90, 0x07, 0x96, 0xd2, 0xfe, 0x00, 0x6f, 0xff, 0xff, 0xff, 
    0xc1, 0xf9, 0x55, 0x55, 0x55, 0x55, 0x55, 0x55, 0x55, 0x55, 0xff, 0xff, 0xff, 0xff, 0xff, 0xff, 
    0xe5, 0x54, 0xbf, 0xff, 0xff, 0xff, 0xff, 0xff, 0xff, 0xff, 0xff, 0xfd, 0x00, 0x00, 0x00, 0x00, 
    0x00, 0x00, 0x00, 0x01, 0x00, 0x00, 0x01, 0xff, 0xff, 0xff, 0xff, 0xff, 0xff, 0xff, 0xff, 0xff, 
    0xff, 0xff, 0xff, 0xff, 0xff, 0xff, 0xff, 0xe5, 0x55, 0x56, 0xaa, 0xa5, 0x66, 0x95, 0x6a, 0x92, 
    0xa2, 0x41, 0x0a, 0xaa, 0xa0, 0x06, 0xa9, 0x41, 0x06, 0x93, 0xea, 0xad, 0xbc, 0xbf, 0xff, 0xff, 
    0xf9, 0xd1, 0x00, 0x55, 0x55, 0x19, 0x54, 0xfc, 0xbf, 0xff, 0xe7, 0xff, 0xaf, 0xff, 0x5f, 0xbe, 
    0x95, 0x19, 0x10, 0x50, 0x55, 0xa9, 0x5f, 0xff, 0xff, 0xff, 0xef, 0xff, 0xff, 0xff, 0xff, 0xff, 
    0xe1, 0x54, 0x00, 0x00, 0x01, 0x80, 0x00, 0x00, 0x00, 0x0b, 0xf8, 0x00, 0x00, 0x00, 0x00, 0x01, 
    0x55, 0x55, 0x54, 0x00, 0x00, 0x55, 0x01, 0x45, 0x54, 0xb5, 0x45, 0x55, 0x10, 0x00, 0x15, 0x00, 
    0x55, 0x51, 0x00, 0x10, 0x00, 0x01, 0x00, 0x45, 0x55, 0x55, 0x00, 0x00, 0x00, 0x00, 0x00, 0x15, 
    0x00, 0x00, 0x10, 0x55, 0x50, 0x55, 0x52, 0xd0, 0x00, 0x00, 0x00, 0x00, 0x00, 0x00, 0x00, 0x00, 
    0x00, 0x00, 0x00, 0x00, 0x00, 0x00, 0x1a, 0xaa, 0xff, 0xff, 0xff, 0xff, 0xff, 0xff, 0xfd, 0x00, 
    0x79, 0x6e, 0x5f, 0xe0, 0x06, 0xff, 0xff, 0xff, 0xf0, 0x01, 0x55, 0x55, 0x55, 0x55, 0x55, 0x55, 
    0x55, 0x54, 0x7f, 0xff, 0xff, 0xff, 0xff, 0xff, 0xf9, 0x55, 0x1f, 0xff, 0xff, 0xff, 0xff, 0xff, 
    0xff, 0xff, 0xff, 0xfe, 0x00, 0x00, 0x00, 0x00, 0x00, 0x14, 0x20, 0x44, 0x00, 0x00, 0x2f, 0xff, 
    0xff, 0xff, 0xff, 0xff, 0xff, 0xff, 0xff, 0xff, 0xff, 0xff, 0xff, 0xff, 0xff, 0xff, 0xfd, 0x04, 
    0x15, 0x55, 0xaa, 0xa9, 0x59, 0x59, 0x6a, 0xaa, 0xa0, 0x00, 0x0a, 0xaa, 0x99, 0x00, 0x05, 0x40, 
    0x0a, 0xab, 0xbe, 0xaa, 0xad, 0x3f, 0xff, 0xff, 0xfc, 0x50, 0x00, 0x55, 0x55, 0x95, 0x54, 0xf6, 
    0xbe, 0xff, 0xdf, 0xff, 0xaf, 0xff, 0x6f, 0xfd, 0x55, 0x51, 0x94, 0x50, 0x16, 0x28, 0x5f, 0xff, 
    0xff, 0xff, 0xdb, 0xfa, 0xfb, 0xef, 0xff, 0xff, 0xf8, 0x58, 0x00, 0x00, 0x00, 0x50, 0x00, 0x00, 
    0x00, 0x00, 0x68, 0x00, 0x00, 0x00, 0x00, 0x10, 0x55, 0x91, 0x54, 0x00, 0x00, 0x15, 0x40, 0x15, 
    0x54, 0x25, 0x15, 0x55, 0x40, 0x00, 0x05, 0x40, 0x15, 0x55, 0x40, 0xe0, 0x00, 0x01, 0x40, 0x55, 
    0x55, 0x55, 0x40, 0x00, 0x00, 0x00, 0x00, 0x04, 0x05, 0x40, 0x04, 0x15, 0x54, 0x15, 0x54, 0x78, 
    0x00, 0x00, 0x00, 0x00, 0x00, 0x00, 0x00, 0x00, 0x00, 0x00, 0x00, 0x00, 0x00, 0x00, 0xaa, 0xaa, 
    0xff, 0xff, 0xff, 0xff, 0xff, 0xff, 0xff, 0xd0, 0x07, 0xd2, 0xe5, 0xbe, 0x40, 0x7f, 0xff, 0xff, 
    0xfc, 0x01, 0x55, 0x55, 0x55, 0x55, 0x55, 0x55, 0x55, 0x50, 0x2f, 0xff, 0xff, 0xff, 0xff, 0xff, 
    0xf9, 0x55, 0x43, 0xff, 0xff, 0xff, 0xff, 0xff, 0xff, 0xff, 0xff, 0xff, 0x95, 0x10, 0x00, 0x00, 
    0x02, 0xff, 0x00, 0x10, 0x00, 0x01, 0xff, 0xff, 0xff, 0xff, 0xff, 0xff, 0xff, 0xff, 0xff, 0xff, 
    0xff, 0xff, 0xff, 0xff, 0xff, 0xff, 0xf8, 0x00, 0x05, 0x55, 0xaa, 0xaa, 0x56, 0xaa, 0x55, 0xaa, 
    0xa4, 0x00, 0x06, 0xaa, 0xa5, 0x55, 0x40, 0x00, 0x0a, 0xab, 0xee, 0xb6, 0x4e, 0x2f, 0xff, 0xff, 
    0xfe, 0x00, 0x00, 0x55, 0x55, 0x55, 0x54, 0xb3, 0xff, 0xff, 0xdf, 0xff, 0xfa, 0x7d, 0x6f, 0xf0, 
    0x55, 0x40, 0x1d, 0x40, 0x03, 0xd0, 0x1f, 0xff, 0xff, 0xff, 0xff, 0xfe, 0xfb, 0xff, 0xaf, 0xef, 
    0xe9, 0x19, 0x00, 0x00, 0x00, 0x10, 0x00, 0x00, 0x00, 0x00, 0x00, 0x00, 0x00, 0x00, 0x00, 0x55, 
    0x01, 0x59, 0x55, 0x00, 0x01, 0x15, 0x50, 0x05, 0x54, 0x29, 0xe8, 0x55, 0x40, 0x00, 0x05, 0x50, 
    0x15, 0x55, 0x52, 0xf4, 0x00, 0x01, 0x90, 0x05, 0x55, 0x55, 0x55, 0x00, 0x00, 0x00, 0x00, 0x04, 
    0x55, 0x40, 0x00, 0x41, 0x55, 0x55, 0x01, 0x05, 0x00, 0x00, 0x00, 0x00, 0x00, 0x00, 0x00, 0x00, 
    0x00, 0x00, 0x00, 0x00, 0x00, 0x06, 0xaa, 0xaa, 0xff, 0xff, 0xff, 0xff, 0xff, 0xff, 0xff, 0xfe, 
    0x00, 0x7d, 0x2f, 0x4b, 0xf4, 0x07, 0xff, 0xff, 0xff, 0x01, 0x55, 0x55, 0x55, 0x55, 0x55, 0x55, 
    0x55, 0x54, 0x0b, 0xff, 0xff, 0xff, 0xff, 0xff, 0xf8, 0x55, 0x50, 0xff, 0xff, 0xff, 0xff, 0xff, 
    0xff, 0xff, 0xff, 0xff, 0xf5, 0x50, 0x00, 0x00, 0x7f, 0xf8, 0x54, 0x05, 0x00, 0x07, 0xff, 0xff, 
    0xff, 0xff, 0xff, 0xff, 0xff, 0xff, 0xff, 0xff, 0xff, 0xff, 0xfe, 0x94, 0x00, 0x00, 0x00, 0x00, 
    0x00, 0x04, 0x6a, 0xaa, 0x95, 0xaa, 0xa5, 0x5a, 0xaa, 0x40, 0x00, 0xaa, 0xaa, 0x00, 0x00, 0x04, 
    0x1a, 0xab, 0xef, 0xfe, 0x4f, 0x1f, 0xff, 0xff, 0xfe, 0x00, 0x00, 0x55, 0x50, 0x55, 0x50, 0x5b, 
    0xfb, 0xff, 0x6f, 0xff, 0x95, 0x50, 0x1a, 0xf9, 0x55, 0x45, 0x00, 0x00, 0x02, 0xda, 0x0f, 0xff, 
    0xff, 0xaf, 0xff, 0xff, 0xfe, 0xff, 0x7f, 0xfa, 0xea, 0x1a, 0x00, 0x00, 0x00, 0x04, 0x00, 0x00, 
    0x00, 0x00, 0x00, 0x00, 0x00, 0x00, 0x00, 0x55, 0x40, 0x15, 0x55, 0x00, 0x00, 0x01, 0x54, 0x51, 
    0x55, 0x69, 0x90, 0x15, 0x00, 0x00, 0x15, 0x54, 0x45, 0x55, 0x55, 0x68, 0x00, 0x05, 0x90, 0x00, 
    0x55, 0x55, 0x55, 0x40, 0x00, 0x00, 0x00, 0x00, 0x59, 0x00, 0x00, 0x00, 0x55, 0x55, 0x41, 0x51, 
    0x40, 0x00, 0x00, 0x00, 0x00, 0x00, 0x00, 0x00, 0x00, 0x00, 0x00, 0x00, 0x00, 0x1f, 0xaa, 0xaa, 
    0xff, 0xff, 0xff, 0xff, 0xff, 0xff, 0xff, 0xff, 0xe0, 0x07, 0xd1, 0xf4, 0x7f, 0x40, 0x6f, 0xff, 
    0xff, 0x81, 0x55, 0x55, 0x55, 0x55, 0x55, 0x55, 0x55, 0x55, 0x51, 0xff, 0xff, 0xff, 0xff, 0xff, 
    0xd1, 0x55, 0x55, 0x7f, 0xff, 0xff, 0xff, 0xff, 0xff, 0xff, 0xff, 0xff, 0xff, 0x54, 0x00, 0x0b, 
    0xff, 0xd1, 0x40, 0x00, 0x00, 0x7f, 0xff, 0xff, 0xff, 0xff, 0xff, 0xff, 0xff, 0xff, 0xff, 0xff, 
    0xff, 0xff, 0xe0, 0x55, 0xa5, 0xaa, 0xa5, 0x40, 0x00, 0x00, 0x2a, 0xaa, 0xa5, 0x6a, 0xa9, 0x5a, 
    0xaa, 0x90, 0x02, 0xaa, 0xaa, 0x00, 0x00, 0x54, 0x2a, 0xa9, 0xaf, 0xfe, 0x07, 0x8f, 0xff, 0xff, 
    0xff, 0x40, 0x00, 0x55, 0x54, 0x55, 0xb0, 0x0f, 0xff, 0xff, 0x01, 0xf4, 0x55, 0x50, 0x06, 0xbf, 
    0x55, 0x01, 0x00, 0x01, 0x07, 0xd9, 0x97, 0xff, 0xff, 0xff, 0xff, 0xfe, 0xaa, 0xfb, 0xbf, 0xff, 
    0xff, 0x85, 0x00, 0x00, 0x00, 0x01, 0x00, 0x00, 0x00, 0x00, 0x00, 0x00, 0x00, 0x00, 0x05, 0x55, 
    0x54, 0x05, 0x55, 0x00, 0x00, 0x04, 0x55, 0x65, 0x55, 0x56, 0x00, 0x55, 0x00, 0x00, 0x05, 0x55, 
    0x05, 0x55, 0xa0, 0x15, 0x00, 0x09, 0x90, 0x00, 0x55, 0x55, 0x55, 0x50, 0x00, 0x00, 0x00, 0x00, 
    0x16, 0x90, 0x00, 0x00, 0x01, 0x55, 0x40, 0x15, 0x14, 0x00, 0x00, 0x00, 0x00, 0x00, 0x00, 0x00, 
    0x00, 0x00, 0x00, 0x00, 0x00, 0x6f, 0xaa, 0xaa, 0xff, 0xff, 0xff, 0xff, 0xff, 0xff, 0xff, 0xff, 
    0xfe, 0x40, 0x7e, 0x1f, 0x87, 0xf4, 0x06, 0xff, 0xff, 0xe0, 0x15, 0x55, 0x55, 0x55, 0x55, 0x55, 
    0x55, 0x55, 0x54, 0x2f, 0xff, 0x2f, 0xff, 0xfd, 0x15, 0x55, 0x55, 0x5f, 0xff, 0xff, 0xff, 0xff, 
    0xff, 0xff, 0xff, 0xff, 0xff, 0xe0, 0x51, 0xbf, 0xff, 0x04, 0x00, 0x05, 0x46, 0xff, 0xff, 0xff, 
    0xff, 0xff, 0xff, 0xff, 0xff, 0xff, 0xff, 0xff, 0xff, 0xfe, 0x06, 0x95, 0x45, 0xaa, 0xaa, 0x55, 
    0x40, 0x05, 0x1a, 0xaa, 0xa9, 0x56, 0xaa, 0x5a, 0xaa, 0xa8, 0x02, 0xaa, 0xa9, 0x40, 0x01, 0x59, 
    0x66, 0xa6, 0x6f, 0xfc, 0x13, 0xcb, 0xff, 0xff, 0xff, 0x80, 0x01, 0x55, 0x55, 0x55, 0x69, 0x2f, 
    0xff, 0xfe, 0xa4, 0x05, 0x55, 0x10, 0x02, 0x5f, 0x58, 0x10, 0x00, 0x00, 0x0b, 0x99, 0x59, 0xff, 
    0xff, 0xff, 0xff, 0xfe, 0xaf, 0xff, 0xff, 0xff, 0xff, 0xe5, 0x40, 0x00, 0x00, 0x00, 0x00, 0x00, 
    0x00, 0x00, 0x00, 0x00, 0x00, 0x15, 0x55, 0x55, 0x55, 0x40, 0x55, 0x50, 0x00, 0x04, 0x55, 0x40, 
    0x15, 0x55, 0x40, 0x39, 0x00, 0x00, 0x05, 0x55, 0x05, 0x56, 0xe0, 0x19, 0x00, 0x01, 0x90, 0x01, 
    0x55, 0x55, 0x55, 0x54, 0x00, 0x00, 0x00, 0x00, 0x04, 0x65, 0x00, 0x00, 0x01, 0x41, 0x07, 0x85, 
    0x51, 0x40, 0x00, 0x00, 0x00, 0x00, 0x00, 0x00, 0x00, 0x00, 0x00, 0x00, 0x06, 0xaf, 0xaa, 0xaa, 
    0xff, 0xff, 0xff, 0xff, 0xff, 0xff, 0xff, 0xff, 0xff, 0xf4, 0x07, 0xe1, 0xf8, 0x7f, 0x80, 0x7f, 
    0xff, 0xf8, 0x05, 0x55, 0x55, 0x55, 0x55, 0x55, 0x55, 0x55, 0x55, 0x01, 0xff, 0x87, 0xff, 0x90, 
    0x55, 0x55, 0x55, 0x52, 0xff, 0xff, 0xff, 0xff, 0xff, 0xff, 0xff, 0xff, 0xff, 0xfe, 0xa8, 0x1f, 
    0xe4, 0x10, 0x00, 0xbf, 0xff, 0xff, 0xff, 0xff, 0xff, 0xff, 0xe7, 0xdf, 0xff, 0xff, 0xff, 0xff, 
    0xff, 0xf4, 0x0a, 0x95, 0x5a, 0x95, 0x55, 0x6a, 0x59, 0x00, 0x4a, 0xaa, 0xaa, 0x51, 0xaa, 0x5a, 
    0xaa, 0x6a, 0x42, 0xa2, 0xa9, 0x00, 0x06, 0x55, 0xaa, 0x60, 0x7f, 0xf8, 0x1f, 0xe3, 0xff, 0xff, 
    0xff, 0xc0, 0x01, 0x55, 0x55, 0x55, 0x5a, 0x3f, 0xff, 0xfd, 0xe4, 0x11, 0x54, 0x00, 0x02, 0xe9, 
    0x55, 0x10, 0x00, 0x40, 0x02, 0x49, 0x1b, 0x6f, 0xfe, 0xbf, 0xfe, 0xee, 0xff, 0xff, 0xfe, 0xff, 
    0xe6, 0xb5, 0x00, 0x00, 0x00, 0x05, 0x40, 0x00, 0x00, 0x00, 0x06, 0xfa, 0x01, 0xf1, 0x55, 0x55, 
    0x55, 0x54, 0x15, 0x54, 0x00, 0x04, 0x45, 0x44, 0x01, 0x55, 0x90, 0x05, 0x00, 0x00, 0x05, 0x55, 
    0x41, 0x55, 0x91, 0xb9, 0x00, 0x11, 0xa0, 0x00, 0x55, 0x55, 0x55, 0x55, 0x00, 0x01, 0x00, 0x00, 
    0x05, 0x55, 0x00, 0x00, 0x10, 0x00, 0x00, 0x55, 0x54, 0x54, 0x00, 0x00, 0x00, 0x00, 0x00, 0x00, 
    0x00, 0x00, 0x00, 0x00, 0x2a, 0xaf, 0xaa, 0xaa, 0xff, 0xff, 0xff, 0xff, 0xff, 0xff, 0xff, 0xff, 
    0xff, 0xff, 0x40, 0x7e, 0x1f, 0x87, 0xf8, 0x06, 0xff, 0xfe, 0x01, 0x55, 0x55, 0x55, 0x55, 0x55, 
    0x55, 0x55, 0x55, 0x55, 0x16, 0x80, 0xa4, 0x15, 0x55, 0x45, 0x55, 0x00, 0x3f, 0xff, 0xff, 0xff, 
    0xff, 0xff, 0xff, 0xff, 0xff, 0xff, 0xf5, 0x00, 0x01, 0x00, 0x0b, 0xff, 0xff, 0xff, 0xff, 0xff, 
    0xff, 0xff, 0xff, 0xff, 0xff, 0xff, 0xff, 0xff, 0xff, 0xe0, 0x1a, 0xaa, 0xa5, 0x59, 0x55, 0xaa, 
    0x95, 0x41, 0x02, 0xaa, 0xaa, 0x95, 0x06, 0xaa, 0xaa, 0x49, 0x42, 0x9a, 0xa8, 0x00, 0x5a, 0x10, 
    0xa5, 0xa1, 0xfb, 0xf4, 0xbf, 0xf3, 0xff, 0xff, 0xff, 0xd0, 0x05, 0x55, 0x55, 0x55, 0x59, 0x7f, 
    0xff, 0xf9, 0xf4, 0x45, 0x15, 0x00, 0x02, 0xf9, 0x55, 0x00, 0x40, 0x00, 0x03, 0x8a, 0x01, 0x9a, 
    0xff, 0xff, 0xff, 0xea, 0xfe, 0xff, 0xfe, 0xff, 0xfe, 0xb8, 0x40, 0x00, 0x00, 0x15, 0x10, 0x00, 
    0x00, 0x0a, 0xbf, 0xff, 0xfb, 0xf8, 0x55, 0x55, 0x55, 0x50, 0x41, 0x55, 0x00, 0x05, 0x55, 0x10, 
    0x01, 0x55, 0x55, 0x05, 0x40, 0x00, 0x05, 0x5a, 0x40, 0x01, 0xa6, 0x75, 0x40, 0x12, 0x94, 0x00, 
    0x15, 0x55, 0x55, 0x55, 0x40, 0x01, 0x00, 0x00, 0x06, 0x40, 0x40, 0x00, 0x01, 0x40, 0x1a, 0x05, 
    0x55, 0x01, 0x40, 0x00, 0x00, 0x00, 0x00, 0x00, 0x00, 0x00, 0x00, 0x02, 0xaa, 0xaf, 0xaa, 0xaa, 
    0xff, 0xff, 0xff, 0xff, 0xff, 0xff, 0xff, 0xff, 0xff, 0xff, 0xf8, 0x06, 0xe1, 0xf8, 0xbf, 0x80, 
    0x2f, 0xff, 0xd1, 0x55, 0x55, 0x55, 0x55, 0x55, 0x55, 0x55, 0x55, 0x55, 0x54, 0x00, 0x15, 0x55, 
    0x55, 0x55, 0x00, 0x40, 0x05, 0xbf, 0xff, 0xff, 0xff, 0xff, 0xff, 0xff, 0xff, 0xff, 0xf5, 0x40, 
    0x00, 0x00, 0x1f, 0xff, 0xff, 0xff, 0xff, 0xff, 0xff, 0xff, 0xff, 0xff, 0xff, 0xff, 0xff, 0xff, 
    0xff, 0xd0, 0xaa, 0x96, 0x81, 0x56, 0xa1, 0xaa, 0xaa, 0x95, 0x01, 0xaa, 0xaa, 0xa5, 0x01, 0xaa, 
    0xaa, 0x04, 0x02, 0xaa, 0xa4, 0x01, 0xaa, 0x41, 0x96, 0xa7, 0xc6, 0xa1, 0xfe, 0xf9, 0xff, 0xff, 
    0xff, 0xe0, 0x05, 0x55, 0x55, 0x54, 0x59, 0xbf, 0xbf, 0xf7, 0xf4, 0x50, 0x00, 0x00, 0x01, 0x2d, 
    0x55, 0x40, 0x20, 0x14, 0x03, 0x5d, 0x00, 0x14, 0x2b, 0xfe, 0xff, 0xaf, 0xff, 0xff, 0xff, 0xef, 
    0xff, 0xfe, 0x10, 0x00, 0x02, 0xff, 0xc4, 0x00, 0x00, 0x1f, 0xff, 0xff, 0xff, 0xfc, 0x15, 0x55, 
    0x54, 0x40, 0x00, 0x15, 0x40, 0x00, 0x55, 0x04, 0x01, 0x55, 0x52, 0x0a, 0x40, 0x00, 0x05, 0x5a, 
    0x00, 0x45, 0xa5, 0x75, 0x40, 0x26, 0x85, 0x00, 0x15, 0x55, 0x55, 0x55, 0x55, 0x01, 0x00, 0x00, 
    0x00, 0x54, 0x00, 0x00, 0x00, 0x05, 0x5f, 0x50, 0x55, 0x40, 0x19, 0x00, 0x00, 0x00, 0x00, 0x00, 
    0x00, 0x00, 0x00, 0x1a, 0xaa, 0xaf, 0xaa, 0xaa, 0xff, 0xff, 0xff, 0xff, 0xff, 0xff, 0xff, 0xff, 
    0xff, 0xff, 0xff, 0x80, 0x6e, 0x1f, 0x9b, 0xf8, 0x02, 0xff, 0xf8, 0x55, 0x55, 0x55, 0x55, 0x55, 
    0x55, 0x55, 0x57, 0xd5, 0x55, 0x05, 0x55, 0x55, 0x55, 0x55, 0x40, 0x55, 0x55, 0x40, 0x41, 0x7f, 
    0xff, 0xff, 0xff, 0xff, 0xff, 0xff, 0xfd, 0x14, 0x40, 0x00, 0xbf, 0xff, 0xff, 0xff, 0xff, 0xff, 
    0xff, 0xff, 0xff, 0xff, 0xff, 0xff, 0xff, 0xff, 0xff, 0xf5, 0x96, 0x95, 0xaa, 0xaa, 0x66, 0xaa, 
    0xaa, 0xaa, 0x54, 0x6a, 0xaa, 0xa5, 0x44, 0xaa, 0xaa, 0x80, 0x12, 0xaa, 0xa4, 0x06, 0xa9, 0x02, 
    0x55, 0xbf, 0xc6, 0x82, 0xaa, 0xfd, 0xff, 0xff, 0xff, 0xf4, 0x05, 0x55, 0x55, 0x51, 0x68, 0xff, 
    0xff, 0xf7, 0xf5, 0x50, 0x00, 0x00, 0x01, 0x55, 0x55, 0x50, 0x00, 0x06, 0x41, 0xa5, 0x00, 0x6a, 
    0x00, 0x14, 0x6f, 0xaf, 0xff, 0xff, 0xff, 0xff, 0xef, 0xff, 0x50, 0x00, 0x1f, 0xff, 0xe1, 0x00, 
    0x00, 0x1f, 0xff, 0xff, 0xff, 0xfd, 0x15, 0x55, 0x55, 0x00, 0x01, 0x01, 0x54, 0x00, 0x01, 0x00, 
    0x00, 0x15, 0x54, 0x05, 0x40, 0x00, 0x05, 0x55, 0x00, 0x55, 0x5a, 0xa5, 0x50, 0x6e, 0xa5, 0x00, 
    0x15, 0x55, 0x55, 0x55, 0x55, 0x40, 0x00, 0x00, 0x00, 0x15, 0x40, 0x00, 0x00, 0x00, 0x15, 0x55, 
    0x55, 0x40, 0x00, 0x55, 0x00, 0x00, 0x00, 0x00, 0x00, 0x00, 0x00, 0xaa, 0xaa, 0xaf, 0xaa, 0xaa, 
    0xff, 0xff, 0xff, 0xff, 0xff, 0xff, 0xff, 0xff, 0xff, 0xff, 0xff, 0xf9, 0x02, 0xe1, 0xf9, 0x7f, 
    0x90, 0x2f, 0xfe, 0x15, 0x55, 0x55, 0x55, 0x55, 0x55, 0x55, 0x56, 0xf9, 0x55, 0x55, 0x05, 0x51, 
    0x56, 0x55, 0x55, 0x55, 0x55, 0x15, 0x54, 0x06, 0xff, 0xff, 0xff, 0xff, 0xff, 0xff, 0xff, 0xd1, 
    0x40, 0x03, 0xff, 0xff, 0xff, 0xff, 0xff, 0xff, 0xff, 0xff, 0xff, 0xff, 0xff, 0xff, 0xff, 0xff, 
    0xff, 0xf6, 0x95, 0x6a, 0xaa, 0xa9, 0x1a, 0xaa, 0xab, 0xea, 0xaa, 0x06, 0xaa, 0xa5, 0x45, 0xaa, 
    0x95, 0x40, 0x16, 0xaa, 0xa4, 0x2a, 0x46, 0x46, 0xae, 0xbe, 0xaa, 0x41, 0x69, 0xbe, 0xff, 0xff, 
    0xff, 0xf5, 0x05, 0x55, 0x55, 0x51, 0x66, 0xfe, 0xff, 0xdb, 0xf9, 0x40, 0x01, 0x55, 0x00, 0x02, 
    0xa5, 0x40, 0x00, 0x05, 0x7b, 0x59, 0x00, 0x15, 0x95, 0x50, 0xaa, 0xeb, 0xaf, 0xff, 0xff, 0xff, 
    0xbb, 0xff, 0x80, 0x00, 0xbf, 0xff, 0xfc, 0x40, 0x00, 0x1f, 0xff, 0xff, 0xff, 0xfe, 0x15, 0x55, 
    0x14, 0x14, 0x00, 0x50, 0x15, 0x40, 0x00, 0x00, 0x00, 0x55, 0x54, 0x2f, 0x00, 0x00, 0x01, 0x95, 
    0x00, 0x01, 0x5f, 0xd5, 0x54, 0xaa, 0x96, 0x44, 0x01, 0x05, 0x54, 0x55, 0x55, 0x50, 0x00, 0x00, 
    0x00, 0x15, 0x54, 0x00, 0x00, 0x05, 0x55, 0x55, 0x50, 0x00, 0x00, 0x00, 0x55, 0x50, 0x00, 0x00, 
    0x00, 0x00, 0x07, 0xea, 0xaa, 0xaf, 0x6a, 0xaa, 0xff, 0xff, 0xff, 0xff, 0xff, 0xff, 0xff, 0xff, 
    0xff, 0xff, 0xff, 0xff, 0xd0, 0x2e, 0x1f, 0x9b, 0xfd, 0x07, 0xff, 0xd1, 0x55, 0x55, 0x55, 0x55, 
    0x55, 0x50, 0x55, 0x55, 0x55, 0x55, 0x41, 0x55, 0x55, 0x55, 0x55, 0x55, 0x55, 0x55, 0x55, 0x50, 
    0x3f, 0xff, 0xff, 0xff, 0xff, 0xff, 0xff, 0xfd, 0x10, 0x1f, 0xff, 0xff, 0xff, 0xff, 0xff, 0xff, 
    0xff, 0xff, 0xff, 0xff, 0xff, 0xff, 0xff, 0xff, 0xff, 0xd6, 0xa9, 0x6a, 0xaa, 0xa9, 0xaa, 0xaa, 
    0xab, 0xaa, 0xa9, 0x24, 0x6a, 0xa9, 0x45, 0x2a, 0xa4, 0x50, 0x56, 0xaa, 0x91, 0xa9, 0xa4, 0x1e, 
    0xaa, 0xa1, 0xba, 0x04, 0x66, 0x7f, 0xbf, 0xff, 0xff, 0xf9, 0x05, 0x55, 0x55, 0x51, 0x63, 0xff, 
    0xff, 0xdf, 0xfd, 0x40, 0x01, 0x80, 0x00, 0x01, 0x81, 0x00, 0x10, 0x01, 0xd5, 0x59, 0x00, 0x05, 
    0xb6, 0xff, 0xaa, 0xff, 0xff, 0xfe, 0xff, 0xff, 0xbf, 0xff, 0x90, 0x02, 0xff, 0xff, 0xff, 0x40, 
    0x00, 0x3f, 0xff, 0xff, 0xff, 0xff, 0x10, 0x01, 0x54, 0x55, 0x01, 0x00, 0x00, 0x50, 0x00, 0x00, 
    0x00, 0x15, 0x55, 0x47, 0xf0, 0x00, 0x01, 0x45, 0x40, 0x00, 0x55, 0x95, 0x54, 0xa9, 0x96, 0x84, 
    0x00, 0x10, 0x55, 0x55, 0x55, 0x55, 0x40, 0x00, 0x00, 0x05, 0x56, 0x00, 0x00, 0x00, 0x55, 0x55, 
    0x40, 0x00, 0x00, 0x00, 0x00, 0x01, 0x55, 0x55, 0x40, 0x00, 0x2f, 0xea, 0xaa, 0xab, 0xaa, 0xaa, 
    0xff, 0xff, 0xff, 0xff, 0xff, 0xff, 0xff, 0xff, 0xff, 0xff, 0xff, 0xff, 0xfd, 0x02, 0xe5, 0xf9, 
    0xbf, 0xd0, 0x6f, 0xf8, 0x55, 0x55, 0x55, 0x55, 0x55, 0x54, 0x55, 0x55, 0x55, 0x55, 0x55, 0x15, 
    0x55, 0x55, 0x55, 0x55, 0x55, 0x55, 0x55, 0x54, 0x0f, 0xff, 0xff, 0xff, 0xff, 0xff, 0xff, 0xff, 
    0xff, 0xff, 0xff, 0xff, 0xff, 0xff, 0xff, 0xff, 0xff, 0xff, 0xff, 0xff, 0xff, 0xff, 0xe7, 0xff, 
    0xff, 0x9a, 0xa5, 0xaa, 0xaa, 0xaa, 0xaa, 0xaa, 0xaa, 0xa9, 0x6a, 0x59, 0x5a, 0xa9, 0x5a, 0x56, 
    0xa0, 0x10, 0x5a, 0xaa, 0x52, 0x57, 0x90, 0x7e, 0xaa, 0xaa, 0xb8, 0x01, 0x55, 0xaf, 0xbf, 0xff, 
    0xff, 0xfd, 0x40, 0x00, 0x55, 0x51, 0x17, 0xff, 0xff, 0xaf, 0xbe, 0x44, 0x00, 0x00, 0x25, 0x01, 
    0x41, 0x00, 0x50, 0x03, 0x55, 0xad, 0x00, 0x01, 0x58, 0xaa, 0xae, 0xff, 0xff, 0xff, 0xfe, 0xff, 
    0xbf, 0xea, 0xa0, 0x07, 0xff, 0xff, 0xff, 0xd0, 0x00, 0xff, 0xff, 0xff, 0xff, 0xff, 0x9f, 0x80, 
    0x00, 0x15, 0x00, 0x10, 0x00, 0x00, 0x00, 0x00, 0x00, 0x05, 0x55, 0x40, 0xa8, 0x00, 0x00, 0x55, 
    0x40, 0x40, 0x15, 0x55, 0x54, 0x95, 0x9a, 0x91, 0x00, 0x55, 0x55, 0x55, 0x55, 0x55, 0x10, 0x00, 
    0x00, 0x05, 0x55, 0x40, 0x00, 0x00, 0x04, 0x55, 0x50, 0x00, 0x00, 0x00, 0x00, 0x00, 0x00, 0x00, 
    0x00, 0x01, 0xbf, 0xea, 0xaa, 0xef, 0xaa, 0xaa, 0x6f, 0xff, 0xff, 0xff, 0xff, 0xff, 0xff, 0xff, 
    0xff, 0xff, 0xff, 0xff, 0xff, 0xe0, 0x1e, 0x5f, 0x9b, 0xfd, 0xa7, 0xff, 0x15, 0x55, 0x55, 0x55, 
    0x55, 0x55, 0x55, 0x55, 0x55, 0x55, 0x55, 0x55, 0x55, 0x55, 0x55, 0x55, 0x55, 0x54, 0x55, 0x55, 
    0x53, 0xff, 0xff, 0xff, 0xff, 0xff, 0xff, 0xff, 0xff, 0xff, 0xff, 0xff, 0xff, 0xff, 0xff, 0xff, 
    0xff, 0xff, 0xff, 0xff, 0xff, 0xf9, 0x1f, 0xff, 0xff, 0x1a, 0x69, 0x5a, 0xaa, 0xaa, 0xaa, 0xaa, 
    0xaa, 0xaa, 0x46, 0x9a, 0x51, 0xa5, 0x5a, 0x06, 0xa8, 0x10, 0x6a, 0xaa, 0x15, 0xa6, 0x01, 0xfe, 
    0x9b, 0xe9, 0xe0, 0x01, 0x15, 0x9f, 0xef, 0xff, 0xff, 0xfe, 0x40, 0x00, 0x00, 0x15, 0x8e, 0xfb, 
    0xff, 0x70, 0x59, 0x00, 0x01, 0x41, 0x38, 0x01, 0x01, 0x40, 0x50, 0x06, 0x56, 0xb8, 0x00, 0x00, 
    0x15, 0x2a, 0xaf, 0xff, 0xff, 0xff, 0xfe, 0xff, 0xa5, 0x5a, 0x44, 0x03, 0xff, 0xff, 0xff, 0xf4, 
    0x00, 0x3f, 0xff, 0xff, 0xff, 0xff, 0xca, 0x90, 0x05, 0x54, 0x01, 0x40, 0x04, 0x00, 0x00, 0x00, 
    0x00, 0x01, 0x55, 0x50, 0x18, 0x00, 0x00, 0x15, 0x50, 0x68, 0x15, 0x55, 0x54, 0x80, 0x6a, 0x91, 
    0x00, 0x05, 0x55, 0x55, 0x55, 0x55, 0x54, 0x00, 0x00, 0x01, 0x54, 0x00, 0x00, 0x00, 0x00, 0x54, 
    0x00, 0x00, 0x00, 0x00, 0x00, 0x00, 0x00, 0x55, 0x55, 0x9f, 0xff, 0xea, 0xaa, 0xed, 0xaa, 0xaa, 
    0x52, 0xff, 0xff, 0xff, 0xff, 0xff, 0xff, 0xff, 0xff, 0xff, 0xff, 0xff, 0xff, 0xfe, 0x01, 0xf5, 
    0xfe, 0xbf, 0xea, 0xbf, 0xd5, 0x55, 0x55, 0x55, 0x55, 0x55, 0x55, 0x55, 0x55, 0x55, 0x55, 0x54, 
    0x55, 0x55, 0x55, 0x55, 0x55, 0x55, 0x51, 0x55, 0x54, 0xff, 0xff, 0xff, 0xff, 0xff, 0xff, 0xff, 
    0xff, 0xff, 0xff, 0xff, 0xff, 0xff, 0xff, 0xff, 0xff, 0xff, 0xff, 0xff, 0xff, 0xd0, 0x3f, 0xff, 
    0xfd, 0x5a, 0xaa, 0x55, 0xaa, 0xaa, 0xaa, 0xaa, 0xa8, 0x1a, 0xa1, 0x9a, 0x94, 0x55, 0x9e, 0xaa, 
    0x98, 0x41, 0x2a, 0xaa, 0x06, 0xe4, 0x0b, 0xbe, 0xab, 0xe2, 0xc0, 0x00, 0x15, 0x6f, 0xef, 0xff, 
    0xff, 0xff, 0x50, 0x0d, 0x00, 0x00, 0x1f, 0xff, 0xff, 0x00, 0x00, 0x24, 0x00, 0x00, 0x0a, 0x40, 
    0x00, 0x40, 0x10, 0x09, 0x97, 0xa0, 0x00, 0x00, 0x45, 0x56, 0xff, 0xff, 0xef, 0xff, 0xe6, 0xaf, 
    0xfa, 0xa5, 0x94, 0x42, 0xff, 0xff, 0xff, 0xfc, 0x00, 0x0b, 0xff, 0xff, 0xff, 0xff, 0xc6, 0x95, 
    0x55, 0x55, 0x65, 0x00, 0x00, 0x00, 0x01, 0x00, 0x00, 0x01, 0x55, 0x50, 0x68, 0x00, 0x00, 0x05, 
    0x50, 0x15, 0x04, 0x55, 0x50, 0xc0, 0x1a, 0xa0, 0x00, 0x05, 0x55, 0x55, 0x55, 0x55, 0x55, 0x00, 
    0x00, 0x00, 0x15, 0x40, 0x00, 0x00, 0x00, 0x00, 0x00, 0x00, 0x00, 0x00, 0x00, 0x00, 0x05, 0x55, 
    0x47, 0xdb, 0xef, 0xea, 0xaa, 0xa8, 0x6a, 0xaa, 0x9a, 0x1f, 0xff, 0xff, 0xff, 0xff, 0xff, 0xff, 
    0xff, 0xff, 0xff, 0xff, 0xff, 0xff, 0xe0, 0x1f, 0xaf, 0xeb, 0xfd, 0x6f, 0xf8, 0x55, 0x55, 0x55, 
    0x55, 0x55, 0x55, 0x55, 0x55, 0x55, 0x55, 0x55, 0x15, 0x55, 0x55, 0x55, 0x55, 0x55, 0x50, 0x55, 
    0x55, 0x3f, 0xff, 0xff, 0xff, 0xff, 0xff, 0xff, 0xff, 0xff, 0xff, 0xff, 0xff, 0xff, 0xff, 0xff, 
    0xff, 0xff, 0xff, 0xff, 0xfe, 0x05, 0x1f, 0xff, 0x80, 0x56, 0x96, 0x91, 0x6a, 0xaa, 0xaa, 0xaa, 
    0xaa, 0x52, 0xa9, 0x56, 0xa5, 0x51, 0x6f, 0xaa, 0x88, 0x42, 0x3a, 0xa9, 0x1a, 0xa0, 0x2e, 0xfe, 
    0xab, 0xdb, 0x40, 0x00, 0x09, 0x6b, 0xeb, 0xff, 0xff, 0xff, 0x61, 0xbf, 0x80, 0x00, 0x3f, 0xef, 
    0xfd, 0x80, 0x00, 0x00, 0x00, 0x00, 0x01, 0x49, 0x00, 0x00, 0x04, 0x1f, 0x9b, 0x80, 0x00, 0x00, 
    0x05, 0x04, 0x16, 0xff, 0xff, 0xff, 0xbf, 0xea, 0xaa, 0xaa, 0x96, 0x67, 0xff, 0xff, 0xff, 0xff, 
    0x00, 0xa7, 0xff, 0xff, 0xff, 0xff, 0x81, 0x69, 0x55, 0x44, 0x01, 0x80, 0x00, 0x00, 0x00, 0x50, 
    0x00, 0x00, 0x55, 0x54, 0x7d, 0x00, 0x00, 0x54, 0x60, 0xce, 0x54, 0x15, 0x51, 0xc0, 0x0a, 0x94, 
    0x01, 0x15, 0x55, 0x55, 0x55, 0x55, 0x55, 0x00, 0x00, 0x00, 0x15, 0x54, 0x00, 0x00, 0x00, 0x14, 
    0x00, 0x00, 0x00, 0x00, 0x00, 0x00, 0x55, 0x55, 0x1f, 0xd9, 0xef, 0xea, 0xba, 0xa8, 0x6a, 0xaa, 
    0xf4, 0x65, 0xbf, 0xff, 0xff, 0xff, 0xff, 0xff, 0xff, 0xff, 0xff, 0xff, 0xff, 0xff, 0xfe, 0x41, 
    0xfa, 0xfe, 0xbf, 0xd2, 0xff, 0x55, 0x55, 0x55, 0x55, 0x55, 0x55, 0x55, 0x95, 0x55, 0x55, 0x55, 
    0x55, 0x59, 0x55, 0x55, 0x69, 0x55, 0x54, 0x55, 0x55, 0x1f, 0xff, 0xff, 0xff, 0xff, 0xff, 0xff, 
    0xff, 0xff, 0xff, 0xff, 0xff, 0xff, 0xff, 0xff, 0xff, 0xff, 0xff, 0xff, 0xe0, 0x15, 0x40, 0x15, 
    0x15, 0x6a, 0x55, 0x55, 0x6a, 0xa5, 0xaa, 0xaa, 0xaa, 0xa8, 0x66, 0x56, 0xa9, 0x05, 0x6a, 0xaa, 
    0x0d, 0x52, 0x7f, 0xe8, 0x6a, 0x84, 0xbb, 0xfe, 0x9b, 0xbe, 0x00, 0x00, 0x09, 0x5b, 0xf7, 0xff, 
    0xff, 0xff, 0xcb, 0xff, 0x90, 0x00, 0x3f, 0xff, 0xfd, 0xd0, 0x00, 0x00, 0x00, 0x00, 0x00, 0x65, 
    0x00, 0x00, 0x00, 0x27, 0xff, 0x00, 0x01, 0x50, 0x29, 0x40, 0x50, 0xff, 0xff, 0xff, 0xff, 0xff, 
    0xfe, 0xaa, 0x94, 0xf7, 0xff, 0xff, 0xff, 0xff, 0xf7, 0xff, 0xff, 0xff, 0xff, 0x95, 0x00, 0x51, 
    0x55, 0x54, 0x10, 0x00, 0x00, 0x00, 0x14, 0x05, 0x00, 0x00, 0x15, 0x55, 0x15, 0x40, 0x00, 0x19, 
    0x54, 0x9b, 0x54, 0x05, 0x53, 0x40, 0x05, 0x59, 0x00, 0x55, 0x55, 0x55, 0x55, 0x55, 0x41, 0x40, 
    0x00, 0x00, 0x05, 0x55, 0x40, 0x00, 0x00, 0x50, 0x00, 0x00, 0x00, 0x00, 0x00, 0x00, 0x11, 0x40, 
    0xbf, 0xd5, 0xab, 0xea, 0xaa, 0xa9, 0x2a, 0xaa, 0xff, 0x91, 0x57, 0xff, 0xff, 0xff, 0xff, 0xff, 
    0xff, 0xff, 0xff, 0xff, 0xff, 0xff, 0xff, 0xf4, 0x1f, 0xaf, 0xeb, 0xfd, 0x6f, 0xd5, 0x55, 0x55, 
    0x55, 0x55, 0x55, 0x55, 0x55, 0x55, 0x55, 0x55, 0x55, 0x55, 0x55, 0x55, 0x54, 0x55, 0x54, 0x55, 
    0x15, 0x07, 0xff, 0xff, 0xff, 0xff, 0xff, 0xff, 0xff, 0xff, 0xff, 0xff, 0xff, 0xff, 0xff, 0x47, 
    0xff, 0xff, 0xff, 0xff, 0x86, 0x54, 0x16, 0xa4, 0x55, 0x55, 0x5a, 0xaa, 0xa4, 0x06, 0x9a, 0xaa, 
    0xaa, 0xaa, 0x19, 0x81, 0xaa, 0x51, 0x6a, 0xa9, 0x2d, 0x46, 0xbf, 0xf4, 0xba, 0x25, 0xdb, 0xfa, 
    0x6a, 0x7c, 0x00, 0x00, 0x01, 0x6a, 0xf6, 0xff, 0xff, 0xff, 0xd5, 0xaf, 0x94, 0x00, 0xbf, 0xbf, 
    0xf6, 0xf0, 0x05, 0x40, 0x00, 0x00, 0x00, 0x08, 0x00, 0x00, 0x00, 0xd9, 0xfc, 0x00, 0x04, 0x80, 
    0x29, 0x59, 0x50, 0xbf, 0xff, 0xea, 0xbf, 0xff, 0xfe, 0xaa, 0x92, 0xf3, 0xff, 0xff, 0xff, 0xff, 
    0xff, 0xff, 0xff, 0xff, 0xfd, 0x40, 0x00, 0x50, 0x05, 0x54, 0x10, 0x00, 0x00, 0x00, 0xbe, 0x00, 
    0x00, 0x00, 0x15, 0x55, 0x45, 0x14, 0x05, 0x01, 0x54, 0x77, 0x55, 0x05, 0x53, 0x00, 0x01, 0x55, 
    0x00, 0x55, 0x55, 0x55, 0x55, 0x55, 0x50, 0x50, 0x00, 0x00, 0x01, 0x51, 0x54, 0x00, 0x01, 0x00, 
    0x00, 0x00, 0x00, 0x00, 0x55, 0x55, 0x50, 0x07, 0xff, 0xd1, 0xaf, 0xea, 0xaa, 0xa5, 0x2a, 0xaa, 
    0xff, 0xfd, 0x19, 0x7f, 0xff, 0xff, 0xff, 0xff, 0xff, 0xff, 0xff, 0xff, 0xff, 0xff, 0xff, 0xff, 
    0x41, 0xfe, 0xff, 0xff, 0xe6, 0xf8, 0x55, 0x55, 0x55, 0x55, 0x55, 0x55, 0x55, 0x55, 0x54, 0x55, 
    0x55, 0x55, 0x55, 0x55, 0x45, 0x55, 0x54, 0x55, 0x55, 0x00, 0x7f, 0xff, 0xff, 0xff, 0xff, 0xff, 
    0xff, 0xff, 0xff, 0xff, 0xff, 0xff, 0xf4, 0x01, 0xff, 0xff, 0xff, 0xff, 0x15, 0x55, 0x56, 0xaa, 
    0x5a, 0x55, 0x6a, 0xaa, 0x55, 0xaa, 0xa6, 0xaa, 0xaa, 0xaa, 0x46, 0x50, 0xaa, 0x94, 0xaa, 0xa8, 
    0xbe, 0x49, 0xbf, 0xd2, 0xf9, 0xd2, 0xaf, 0xe9, 0xba, 0xf4, 0x00, 0x00, 0x00, 0x6a, 0xfd, 0xff, 
    0xff, 0xff, 0xe0, 0x02, 0x45, 0x40, 0xff, 0xff, 0xf2, 0xc6, 0xff, 0x95, 0x40, 0x00, 0x00, 0x10, 
    0x00, 0x00, 0x03, 0x85, 0xb4, 0x00, 0x16, 0x60, 0x19, 0x55, 0x04, 0xef, 0xfe, 0xbf, 0xfe, 0xef, 
    0xfa, 0xaa, 0x4b, 0xf5, 0xff, 0xff, 0xff, 0xff, 0xff, 0xff, 0xff, 0xff, 0xf1, 0x80, 0x00, 0x15, 
    0x55, 0x55, 0x10, 0x00, 0x00, 0x47, 0xea, 0x40, 0x00, 0x00, 0x05, 0x55, 0x41, 0x55, 0x02, 0x00, 
    0x01, 0x6a, 0x95, 0x55, 0x43, 0x00, 0x00, 0x55, 0x00, 0x15, 0x14, 0x55, 0x55, 0x55, 0x54, 0x10, 
    0x00, 0x00, 0x00, 0x15, 0x90, 0x00, 0x14, 0x00, 0x00, 0x00, 0x00, 0x00, 0x54, 0x15, 0x00, 0x0b, 
    0xff, 0xd2, 0xaf, 0xea, 0xa9, 0x95, 0x2a, 0xaa, 0xff, 0xff, 0xe1, 0xa6, 0xff, 0xff, 0xff, 0xff, 
    0xff, 0xff, 0xff, 0xff, 0xff, 0xff, 0xff, 0xff, 0xf8, 0x1f, 0xef, 0xff, 0xfe, 0x6e, 0x15, 0x55, 
    0x55, 0x45, 0x55, 0x55, 0x54, 0x55, 0x55, 0x45, 0x55, 0x55, 0x55, 0x55, 0x55, 0x55, 0x55, 0x55, 
    0x55, 0x40, 0x2f, 0xff, 0xff, 0xff, 0xff, 0xff, 0xff, 0xff, 0xff, 0xff, 0xff, 0xff, 0xfe, 0x83, 
    0xff, 0xff, 0xff, 0xfe, 0x16, 0x55, 0x56, 0xa9, 0x55, 0x69, 0x6a, 0xaa, 0xa5, 0x55, 0x54, 0x2a, 
    0xaa, 0xaa, 0x92, 0xa4, 0xaa, 0x90, 0x2a, 0xa8, 0xae, 0x08, 0xff, 0x92, 0xeb, 0x17, 0xff, 0xea, 
    0xb1, 0xe0, 0x55, 0x50, 0x00, 0x56, 0xbd, 0xbf, 0xff, 0xff, 0xf0, 0x00, 0x05, 0x65, 0xfe, 0xff, 
    0xe6, 0x50, 0x7f, 0xe9, 0x65, 0x00, 0x00, 0x14, 0x00, 0x00, 0x19, 0x69, 0xb0, 0x00, 0x01, 0x64, 
    0x05, 0x55, 0x44, 0xaa, 0xaa, 0xff, 0xba, 0xaf, 0xea, 0xfe, 0x1f, 0xf8, 0xff, 0xff, 0xff, 0xff, 
    0xff, 0xff, 0xff, 0xff, 0xe3, 0x00, 0x00, 0x15, 0x55, 0x55, 0x00, 0x00, 0x00, 0x0a, 0x94, 0x00, 
    0x00, 0x00, 0x01, 0x55, 0x40, 0x41, 0x56, 0x41, 0x00, 0x17, 0xd5, 0x45, 0x4a, 0x00, 0x00, 0x15, 
    0x00, 0x05, 0x55, 0x55, 0x55, 0x45, 0x55, 0x14, 0x00, 0x00, 0x00, 0x06, 0xa4, 0x01, 0x55, 0x00, 
    0x00, 0x00, 0x00, 0x05, 0x00, 0x00, 0x00, 0x1f, 0xf7, 0x42, 0xbf, 0xea, 0xae, 0x54, 0x1a, 0xaa, 
    0xff, 0xff, 0xfe, 0x5a, 0x6f, 0xff, 0xff, 0xff, 0xff, 0xff, 0xff, 0xff, 0xff, 0xff, 0xff, 0xff, 
    0xff, 0x92, 0xfe, 0xff, 0xff, 0xe5, 0x45, 0x55, 0x55, 0x55, 0x65, 0x55, 0x55, 0x55, 0x55, 0x55, 
    0x55, 0x55, 0x54, 0x55, 0x55, 0x55, 0x55, 0x55, 0x55, 0x54, 0x1f, 0xff, 0xff, 0xff, 0xff, 0xff, 
    0xff, 0xff, 0xff, 0xff, 0xff, 0xff, 0xff, 0xff, 0xff, 0xff, 0xff, 0xfc, 0x55, 0x55, 0xaa, 0x95, 
    0x5a, 0xaa, 0xaa, 0xaa, 0xaa, 0xaa, 0x40, 0x06, 0x9a, 0xaa, 0xa0, 0xaa, 0x6a, 0xa0, 0x1a, 0xa4, 
    0xaa, 0x05, 0xaa, 0x5a, 0x5f, 0x5b, 0xff, 0xaa, 0xa2, 0x86, 0x95, 0x56, 0x50, 0x5a, 0x7f, 0x7f, 
    0xff, 0xff, 0xf8, 0x00, 0x00, 0x62, 0xfe, 0xff, 0xd0, 0x59, 0x1f, 0xfe, 0x55, 0x40, 0x00, 0x10, 
    0x00, 0x00, 0x60, 0x55, 0xe0, 0x00, 0x00, 0x50, 0x06, 0x55, 0x54, 0x6a, 0xab, 0xff, 0xae, 0xaa, 
    0xaf, 0xfd, 0x7f, 0xfc, 0x7f, 0xff, 0xff, 0xff, 0xff, 0xff, 0xff, 0xff, 0xe6, 0xc0, 0x00, 0x00, 
    0x05, 0x54, 0x00, 0x00, 0x00, 0x04, 0x00, 0x00, 0x00, 0x00, 0x00, 0x55, 0x50, 0x10, 0x15, 0x00, 
    0xe8, 0x05, 0xd5, 0x6d, 0x19, 0x40, 0x00, 0x05, 0x00, 0x05, 0x55, 0x44, 0x55, 0x55, 0x45, 0x54, 
    0x00, 0x00, 0x00, 0x10, 0x55, 0x50, 0x01, 0x40, 0x00, 0x00, 0x00, 0x00, 0x00, 0x00, 0x00, 0x2f, 
    0xfa, 0x06, 0xbf, 0xea, 0xad, 0x14, 0x2a, 0xaa, 0xbf, 0xff, 0xff, 0xf4, 0x69, 0xbf, 0xff, 0xff, 
    0xff, 0xff, 0xff, 0xff, 0xff, 0xff, 0xff, 0xff, 0xff, 0xfd, 0x1f, 0xff, 0xff, 0xfe, 0x40, 0x55, 
    0x55, 0x55, 0x55, 0x55, 0x55, 0x45, 0x55, 0x55, 0x55, 0x55, 0x55, 0x55, 0x55, 0x51, 0x55, 0x55, 
    0x15, 0x51, 0x4f, 0xff, 0xff, 0xff, 0xff, 0xff, 0xff, 0xff, 0xff, 0xff, 0xff, 0xff, 0xff, 0xff, 
    0xff, 0xff, 0xff, 0xf9, 0x55, 0x55, 0x95, 0x55, 0x6a, 0xaa, 0xaa, 0xaa, 0xaa, 0x90, 0x00, 0x01, 
    0x95, 0xaa, 0xa8, 0x69, 0x2a, 0xa4, 0x5a, 0xa4, 0x6a, 0x42, 0xaa, 0x48, 0x7d, 0x6f, 0xfe, 0xa9, 
    0xa6, 0x00, 0x00, 0x01, 0xa9, 0x96, 0xaf, 0x7f, 0xff, 0xff, 0xfc, 0x00, 0x00, 0x07, 0xff, 0xff, 
    0xc0, 0x00, 0x59, 0x55, 0x54, 0x55, 0x00, 0x10, 0x00, 0x02, 0x80, 0x42, 0xd0, 0x00, 0x00, 0x00, 
    0x01, 0x15, 0x54, 0x01, 0xa5, 0x5a, 0xfe, 0xe6, 0xff, 0xf8, 0xff, 0xfe, 0x1f, 0xff, 0xff, 0xff, 
    0xff, 0xff, 0xff, 0xfe, 0xfc, 0xf4, 0x00, 0x00, 0x10, 0x14, 0x00, 0x00, 0x00, 0x00, 0x00, 0x00, 
    0x00, 0x00, 0x00, 0x15, 0x54, 0x50, 0x05, 0x40, 0x79, 0x00, 0x95, 0x55, 0x19, 0x50, 0x00, 0x05, 
    0x44, 0x01, 0x55, 0x50, 0x15, 0x55, 0x55, 0x54, 0x00, 0x00, 0x00, 0x00, 0x15, 0x54, 0x00, 0x00, 
    0x00, 0x00, 0x00, 0x00, 0x00, 0x00, 0x00, 0x3f, 0xfd, 0x0b, 0xff, 0xaa, 0xae, 0x54, 0x6a, 0xaa, 
    0x07, 0xff, 0xff, 0xff, 0x86, 0xab, 0xff, 0xff, 0xff, 0xff, 0xff, 0xff, 0xff, 0xff, 0xff, 0xff, 
    0xff, 0xff, 0xe1, 0xff, 0xff, 0xff, 0xe0, 0x15, 0x55, 0x55, 0x69, 0x55, 0x55, 0x50, 0x55, 0x55, 
    0x55, 0x55, 0x55, 0x55, 0x55, 0x51, 0x55, 0x55, 0x55, 0x55, 0x43, 0xff, 0xff, 0xff, 0xff, 0xff, 
    0xff, 0xff, 0xff, 0xff, 0xff, 0xff, 0xff, 0xff, 0xff, 0xff, 0xff, 0xf5, 0x55, 0x55, 0x59, 0x56, 
    0xaa, 0xaa, 0xaa, 0xaa, 0xaa, 0x50, 0x00, 0x00, 0x65, 0xaa, 0xaa, 0x68, 0x2a, 0xa5, 0x16, 0xa5, 
    0xaa, 0x43, 0xa9, 0x55, 0xfd, 0xbf, 0xea, 0xbf, 0xe8, 0x00, 0x00, 0x05, 0x8b, 0xf9, 0x9f, 0xef, 
    0xff, 0xff, 0xfd, 0x10, 0x00, 0x0b, 0xfb, 0xff, 0x40, 0x00, 0x02, 0x9f, 0xe8, 0x55, 0x41, 0x40, 
    0x00, 0x1e, 0xe0, 0x01, 0x40, 0x00, 0x00, 0x00, 0x01, 0x05, 0x50, 0x0a, 0xaa, 0xff, 0xfa, 0x6b, 
    0xfb, 0xf2, 0xff, 0xff, 0xff, 0xff, 0xff, 0xff, 0xff, 0xff, 0xff, 0xf7, 0xf9, 0x55, 0x40, 0x00, 
    0x05, 0x01, 0x00, 0x40, 0x00, 0x00, 0x00, 0x00, 0x00, 0x00, 0x04, 0x04, 0x54, 0x14, 0x01, 0x55, 
    0x74, 0x01, 0x15, 0xd4, 0x05, 0x50, 0x00, 0x01, 0x45, 0x00, 0x45, 0x55, 0x11, 0x55, 0x55, 0x54, 
    0x00, 0x00, 0x00, 0x00, 0x00, 0x14, 0x00, 0x00, 0x00, 0x00, 0x00, 0x00, 0x00, 0x00, 0x00, 0x3f, 
    0xfe, 0x0a, 0xaf, 0xaa, 0xae, 0x54, 0x6a, 0xaa, 0x40, 0x2f, 0xff, 0xff, 0xfd, 0x1e, 0xbf, 0xff, 
    0xff, 0xff, 0xff, 0xff, 0xff, 0xff, 0xff, 0xff, 0xff, 0xff, 0xfe, 0x5f, 0xff, 0xff, 0xf4, 0x05, 
    0x55, 0x54, 0x55, 0x65, 0x55, 0x56, 0xaa, 0xa5, 0x55, 0x55, 0x55, 0x55, 0x55, 0x55, 0x55, 0x55, 
    0x55, 0x54, 0x01, 0xff, 0xff, 0xff, 0xff, 0xff, 0xff, 0xff, 0xff, 0xff, 0xff, 0xff, 0xff, 0xff, 
    0xff, 0xff, 0xff, 0x45, 0x55, 0x55, 0x56, 0x5a, 0xaa, 0xaa, 0xaa, 0xaa, 0x95, 0x5a, 0x55, 0x50, 
    0x05, 0xaa, 0xaa, 0xa4, 0x0a, 0xa9, 0x66, 0xa9, 0xaa, 0x46, 0xaa, 0x7e, 0xff, 0xbf, 0xaf, 0xff, 
    0xe0, 0x00, 0x00, 0x01, 0x8b, 0xef, 0xbb, 0xef, 0xff, 0xff, 0xfe, 0x54, 0x00, 0x0f, 0xff, 0xff, 
    0x10, 0x00, 0x00, 0x61, 0x56, 0x51, 0x40, 0x10, 0x00, 0x7d, 0xb4, 0x01, 0x00, 0x00, 0x00, 0x00, 
    0x05, 0x55, 0x50, 0x00, 0x02, 0xaa, 0x96, 0xff, 0xea, 0xd7, 0xff, 0xff, 0xff, 0xff, 0xff, 0xff, 
    0xff, 0xff, 0xff, 0xdf, 0xd5, 0x7f, 0xd8, 0x00, 0x41, 0x00, 0x00, 0x00, 0x00, 0x40, 0x00, 0x05, 
    0x54, 0x00, 0x00, 0x41, 0x55, 0x05, 0x01, 0x55, 0xe4, 0x00, 0x29, 0xa5, 0x05, 0x14, 0x00, 0x00, 
    0x15, 0x40, 0x55, 0x55, 0x00, 0x55, 0x55, 0x54, 0x15, 0x40, 0x00, 0x00, 0x00, 0x00, 0x00, 0x00, 
    0x00, 0x00, 0x00, 0x00, 0x00, 0x00, 0x00, 0x3f, 0xfe, 0x0a, 0xaf, 0xaa, 0xaa, 0x68, 0x6a, 0x2a, 
    0xb8, 0x01, 0xff, 0xff, 0xff, 0xe4, 0xaf, 0xff, 0xff, 0xff, 0xff, 0xff, 0xff, 0xff, 0xff, 0xff, 
    0xff, 0xff, 0xff, 0xf5, 0xbf, 0xff, 0xfc, 0x01, 0x55, 0x54, 0x55, 0x65, 0x55, 0x55, 0xaa, 0xa9, 
    0x55, 0x55, 0x55, 0x55, 0x55, 0x55, 0x55, 0x55, 0x55, 0x54, 0x5b, 0xff, 0xff, 0xff, 0xff, 0xff, 
    0xff, 0xff, 0xff, 0xff, 0xff, 0xff, 0xff, 0xf6, 0xff, 0xff, 0xf4, 0x05, 0x55, 0x55, 0x66, 0xaa, 
    0xaa, 0xaa, 0xaa, 0x95, 0x55, 0x94, 0x00, 0x01, 0x00, 0xaa, 0xaa, 0x44, 0x0a, 0xaa, 0x96, 0xaa, 
    0xef, 0x4a, 0xa9, 0x77, 0xff, 0xbe, 0xbe, 0xff, 0xc0, 0x00, 0x01, 0xa4, 0x07, 0x9b, 0xff, 0xff, 
    0xff, 0xff, 0xff, 0x58, 0x00, 0x2f, 0xef, 0xfe, 0x10, 0x00, 0x00, 0x19, 0x95, 0x40, 0x00, 0x00, 
    0x01, 0x91, 0x9c, 0x00, 0x00, 0x00, 0x00, 0x00, 0x01, 0x55, 0x51, 0x40, 0x01, 0x5a, 0xbe, 0xff, 
    0xfb, 0x8f, 0xff, 0xff, 0xff, 0xff, 0xff, 0xff, 0xff, 0xff, 0xff, 0x67, 0x96, 0x9f, 0x46, 0x40, 
    0x80, 0x00, 0x00, 0x00, 0x00, 0x00, 0x50, 0x00, 0x00, 0x01, 0x90, 0x00, 0x55, 0x45, 0x00, 0x55, 
    0x79, 0x00, 0x59, 0x65, 0x01, 0x55, 0x00, 0x00, 0x15, 0x00, 0x05, 0x15, 0x45, 0x05, 0x55, 0x55, 
    0x05, 0x00, 0x00, 0x00, 0x00, 0x00, 0x00, 0x00, 0x00, 0x00, 0x00, 0x00, 0x00, 0x00, 0x00, 0x3f, 
    0xff, 0x8e, 0xef, 0xaa, 0xaa, 0xa8, 0x6a, 0x6a, 0x06, 0xe0, 0x1b, 0xff, 0xff, 0xff, 0x46, 0xff, 
    0xff, 0xff, 0xff, 0xff, 0xff, 0xff, 0xff, 0xff, 0xff, 0xff, 0xff, 0xff, 0x9b, 0xff, 0xfd, 0x04, 
    0x15, 0x55, 0x16, 0x55, 0x55, 0x55, 0x55, 0x55, 0x55, 0x55, 0x55, 0x55, 0x55, 0x55, 0x55, 0x55, 
    0x55, 0x55, 0xff, 0xff, 0xff, 0xff, 0xff, 0xff, 0xff, 0xff, 0xff, 0xff, 0xff, 0xff, 0xff, 0xf9, 
    0xff, 0xff, 0x40, 0x15, 0x55, 0x55, 0x55, 0xa9, 0xa6, 0xaa, 0x94, 0x15, 0x14, 0x50, 0x00, 0x15, 
    0x00, 0x2a, 0xaa, 0x95, 0x46, 0xaa, 0x99, 0xaa, 0xdf, 0x4b, 0xf9, 0x7b, 0xfe, 0xfd, 0xef, 0xff, 
    0x80, 0x01, 0x40, 0x55, 0x07, 0xda, 0xbf, 0xff, 0xff, 0xff, 0xff, 0x95, 0x00, 0x3f, 0xef, 0xfc, 
    0x54, 0x00, 0x00, 0x01, 0x64, 0x00, 0x01, 0x00, 0x25, 0x07, 0xdd, 0x00, 0x00, 0x00, 0x00, 0x00, 
    0x00, 0x51, 0x55, 0xfa, 0x42, 0xaa, 0x7f, 0xff, 0xfe, 0x2f, 0xff, 0xff, 0xff, 0xff, 0xff, 0xff, 
    0xff, 0xff, 0x95, 0xa5, 0x5a, 0xa5, 0x14, 0xe0, 0x00, 0x10, 0x00, 0x00, 0x0a, 0x40, 0x00, 0x04, 
    0x55, 0x54, 0x00, 0x00, 0x15, 0x00, 0x00, 0x00, 0x58, 0x00, 0x11, 0x74, 0x00, 0x55, 0x40, 0x00, 
    0x01, 0x40, 0x15, 0x15, 0x50, 0x11, 0x55, 0x55, 0x41, 0x40, 0x00, 0x00, 0x00, 0x00, 0x00, 0x00, 
    0x00, 0x00, 0x00, 0x00, 0x00, 0x00, 0x00, 0x7f, 0xff, 0xce, 0xef, 0xaa, 0xaa, 0xa8, 0x2a, 0x2a, 
    0xf4, 0x2e, 0x40, 0x6f, 0xff, 0xff, 0xf9, 0x1a, 0xbf, 0xff, 0xff, 0xff, 0xff, 0xff, 0xff, 0xff, 
    0xff, 0xff, 0xff, 0xff, 0xfa, 0xbf, 0xfe, 0x11, 0x45, 0x55, 0x55, 0x55, 0x55, 0x55, 0x54, 0x55, 
    0x55, 0x55, 0x55, 0x55, 0x45, 0x55, 0x55, 0x55, 0x55, 0x54, 0xff, 0xff, 0xff, 0xff, 0xff, 0xff, 
    0xff, 0xff, 0xff, 0xff, 0xff, 0xff, 0xff, 0xff, 0xf4, 0x00, 0x00, 0x15, 0x55, 0x55, 0x59, 0xaa, 
    0x65, 0x94, 0x00, 0x15, 0xaa, 0x40, 0x00, 0x14, 0x54, 0x0a, 0xaa, 0xa5, 0x56, 0xaa, 0x99, 0xaa, 
    0xdf, 0x8e, 0xec, 0x7f, 0xbb, 0xfb, 0xff, 0xfe, 0x40, 0x15, 0x56, 0xaf, 0x93, 0x9a, 0xbf, 0xff, 
    0xff, 0xff, 0xff, 0xca, 0x40, 0x7f, 0xff, 0xfc, 0x55, 0x55, 0x40, 0x00, 0x68, 0x1a, 0x54, 0x00, 
    0xa0, 0x6f, 0xfe, 0x10, 0x00, 0x00, 0x00, 0x00, 0x00, 0x00, 0x5e, 0xfe, 0x41, 0x56, 0xaf, 0xff, 
    0xf8, 0x7f, 0xff, 0xff, 0xff, 0xff, 0xff, 0xff, 0xff, 0xff, 0x86, 0xd5, 0x5a, 0x41, 0x40, 0x78, 
    0x00, 0x00, 0x00, 0x00, 0x00, 0x00, 0x01, 0x50, 0x02, 0x40, 0x00, 0x00, 0x00, 0x00, 0x00, 0x00, 
    0x55, 0x00, 0x00, 0x55, 0x00, 0x51, 0x50, 0x00, 0x00, 0x40, 0x05, 0x05, 0x54, 0x04, 0x15, 0x55, 
    0x55, 0x54, 0x00, 0x00, 0x00, 0x00, 0x00, 0x00, 0x00, 0x00, 0x00, 0x00, 0x00, 0x00, 0x01, 0xff, 
    0xff, 0xdf, 0xff, 0xaa, 0xba, 0x68, 0x5a, 0x2a, 0xff, 0x91, 0xb9, 0x01, 0xff, 0xff, 0xff, 0xd1, 
    0x6a, 0xff, 0xff, 0xff, 0xff, 0xff, 0xff, 0xff, 0xff, 0xff, 0xff, 0xff, 0xff, 0xeb, 0xff, 0x11, 
    0x11, 0x55, 0x55, 0x55, 0x55, 0x55, 0x55, 0x15, 0x55, 0x55, 0x55, 0x55, 0x55, 0x55, 0x55, 0x55, 
    0x55, 0x51, 0xff, 0xff, 0xff, 0xff, 0xff, 0xff, 0xff, 0xff, 0xff, 0xff, 0xff, 0xff, 0xff, 0xff, 
    0xff, 0xd4, 0x00, 0x15, 0x55, 0x55, 0x56, 0x6a, 0x55, 0x50, 0x55, 0x1a, 0xa9, 0x00, 0x04, 0x01, 
    0x54, 0x02, 0xaa, 0xa9, 0x82, 0xaa, 0x95, 0xaa, 0xe9, 0x8e, 0xe8, 0x5e, 0xfb, 0xff, 0xff, 0xfa, 
    0x00, 0x06, 0xa9, 0xa6, 0xf9, 0x9e, 0xbf, 0xbf, 0xff, 0xff, 0xff, 0xd1, 0x50, 0xbf, 0xbf, 0xf4, 
    0x0b, 0x95, 0x40, 0x00, 0x02, 0xbe, 0x40, 0x10, 0xc0, 0x01, 0x2a, 0x40, 0x00, 0x00, 0x15, 0x40, 
    0x00, 0x00, 0x5a, 0xff, 0x02, 0xaa, 0xbb, 0xbf, 0xe1, 0xff, 0xff, 0xff, 0xff, 0xd6, 0xff, 0xff, 
    0xff, 0xff, 0xc1, 0x15, 0x6a, 0x00, 0x00, 0x1f, 0x80, 0x00, 0x00, 0x00, 0x00, 0x00, 0x00, 0x00, 
    0x00, 0x50, 0x00, 0x00, 0x00, 0x04, 0x00, 0x00, 0x00, 0x40, 0x00, 0x55, 0x00, 0x15, 0x64, 0x00, 
    0x00, 0x00, 0x01, 0x41, 0x54, 0x10, 0x05, 0x55, 0x55, 0x55, 0x00, 0x00, 0x00, 0x00, 0x00, 0x00, 
    0x00, 0x00, 0x00, 0x00, 0x00, 0x00, 0x03, 0xff, 0xff, 0xdf, 0xbf, 0x95, 0xba, 0x54, 0x16, 0x2a, 
    0xff, 0xf9, 0x07, 0xd4, 0x0b, 0xff, 0xff, 0xff, 0x46, 0xaf, 0xff, 0xff, 0xff, 0xff, 0xff, 0xff, 
    0xff, 0xff, 0xff, 0xff, 0xff, 0xff, 0xbf, 0x44, 0x44, 0x15, 0x55, 0x55, 0x55, 0x55, 0x55, 0x55, 
    0x55, 0x55, 0x55, 0x55, 0x15, 0x55, 0x54, 0x55, 0x55, 0x52, 0xff, 0xff, 0xff, 0xff, 0xff, 0xff, 
    0xff, 0xff, 0xff, 0xff, 0xff, 0xff, 0xff, 0xff, 0xff, 0xff, 0xfe, 0x15, 0x55, 0x55, 0x66, 0x69, 
    0x51, 0x05, 0x55, 0x55, 0x58, 0x15, 0x45, 0x00, 0x00, 0x00, 0x6a, 0xaa, 0x91, 0xaa, 0xa5, 0xbb, 
    0xe9, 0x8a, 0xe8, 0x6f, 0xef, 0xff, 0xfb, 0xf9, 0x00, 0x5a, 0xaa, 0x16, 0xbe, 0x6e, 0xbf, 0xbf, 
    0xff, 0xff, 0xff, 0xe0, 0x14, 0xff, 0xbf, 0xf0, 0x00, 0x15, 0x50, 0x00, 0x05, 0x94, 0x00, 0x64, 
    0x00, 0x00, 0x24, 0x00, 0x00, 0x00, 0x00, 0x50, 0x00, 0x00, 0x2a, 0xf9, 0x01, 0xaa, 0xbe, 0xae, 
    0x87, 0xff, 0xff, 0xff, 0xff, 0xfd, 0xbf, 0xff, 0xff, 0xff, 0xe1, 0x55, 0x55, 0x55, 0x51, 0x41, 
    0x5a, 0xa4, 0x04, 0x00, 0x01, 0x00, 0x00, 0x00, 0x00, 0x00, 0x00, 0x00, 0x00, 0x01, 0x00, 0x00, 
    0x00, 0x50, 0x00, 0x15, 0x40, 0x05, 0x55, 0x40, 0x00, 0x00, 0x01, 0x50, 0x50, 0x00, 0x00, 0x01, 
    0x50, 0x15, 0x40, 0x00, 0x00, 0x00, 0x00, 0x00, 0x00, 0x00, 0x00, 0x40, 0x00, 0x00, 0x03, 0xff, 
    0xff, 0xdf, 0xb9, 0x5a, 0xb9, 0x55, 0x56, 0x46, 0xff, 0xff, 0xd0, 0x6e, 0x50, 0x6f, 0xff, 0xff, 
    0xf9, 0x56, 0xff, 0xff, 0xff, 0xff, 0xff, 0xff, 0xff, 0xff, 0xff, 0xff, 0xff, 0xff, 0xff, 0x85, 
    0x04, 0x05, 0x55, 0x55, 0x55, 0x55, 0x55, 0x55, 0x55, 0x55, 0x55, 0x55, 0x15, 0x55, 0x55, 0x55, 
    0x55, 0x56, 0xff, 0xff, 0xff, 0xff, 0xff, 0xff, 0xff, 0xff, 0xff, 0xff, 0xff, 0xff, 0xff, 0xff, 
    0xff, 0xff, 0xfe, 0x55, 0x55, 0x55, 0x55, 0x55, 0x11, 0x55, 0x55, 0x55, 0x54, 0x54, 0x05, 0x41, 
    0x40, 0x00, 0x1a, 0xaa, 0xa0, 0xaa, 0xa5, 0x6b, 0xe9, 0x8b, 0xf4, 0x7b, 0xaf, 0xff, 0xdb, 0xd8, 
    0x16, 0x6a, 0xbf, 0x82, 0xaa, 0x9e, 0xaf, 0xef, 0xff, 0xff, 0xff, 0xf0, 0x41, 0xfe, 0xff, 0xe0, 
    0x00, 0x19, 0x50, 0x00, 0x01, 0x40, 0x56, 0xa9, 0x00, 0x05, 0x80, 0x00, 0x00, 0x00, 0x00, 0x00, 
    0x00, 0x00, 0x00, 0x50, 0x05, 0x55, 0xbf, 0xba, 0x1f, 0xff, 0xff, 0xff, 0xff, 0xff, 0xff, 0xff, 
    0xff, 0xff, 0xf8, 0x15, 0x55, 0x55, 0x45, 0x40, 0x01, 0x68, 0x00, 0x00, 0x00, 0x55, 0x00, 0x00, 
    0x00, 0x00, 0x00, 0x00, 0x00, 0x05, 0x04, 0x00, 0x00, 0x50, 0x40, 0x15, 0x40, 0x01, 0x15, 0x55, 
    0x40, 0x00, 0x00, 0x54, 0x10, 0x50, 0x00, 0x00, 0x40, 0x05, 0x55, 0x00, 0x00, 0x00, 0x00, 0x00, 
    0x00, 0x00, 0x01, 0x55, 0x00, 0x00, 0x1f, 0xff, 0xff, 0xdf, 0xff, 0xaa, 0xba, 0x65, 0x55, 0x46, 
    0xff, 0xff, 0xfe, 0x41, 0xf9, 0x42, 0xff, 0xff, 0xff, 0xd0, 0x5b, 0xff, 0xff, 0xff, 0xff, 0xff, 
    0xff, 0xff, 0xff, 0xff, 0xff, 0xff, 0xff, 0xc5, 0x51, 0x01, 0x55, 0x55, 0x55, 0x55, 0x55, 0x55, 
    0x55, 0x51, 0x55, 0x55, 0x05, 0x55, 0x55, 0x55, 0x55, 0x55, 0xff, 0xff, 0xff, 0xff, 0xff, 0xff, 
    0xff, 0xff, 0xff, 0xff, 0xff, 0xff, 0xff, 0xff, 0xff, 0xff, 0xfe, 0x55, 0x55, 0x55, 0x55, 0x50, 
    0x55, 0x69, 0x55, 0x55, 0x51, 0x50, 0x01, 0x51, 0x00, 0x01, 0x96, 0xaa, 0xa4, 0xaa, 0xa5, 0x5b, 
    0xe8, 0x9b, 0xf4, 0xaf, 0x9f, 0xff, 0xcf, 0xe0, 0x06, 0xab, 0xe0, 0x00, 0x00, 0x57, 0xbf, 0xef, 
    0xff, 0xff, 0xff, 0xf8, 0x03, 0xfe, 0xff, 0xc0, 0x00, 0x01, 0x94, 0x00, 0x00, 0x84, 0x42, 0x7f, 
    0xc0, 0x0d, 0x00, 0x00, 0x00, 0x00, 0x00, 0x00, 0x00, 0x00, 0x00, 0x01, 0x09, 0x55, 0xbf, 0xf8, 
    0x7f, 0xff, 0xff, 0xff, 0xff, 0xff, 0xff, 0xff, 0xff, 0xff, 0xfe, 0x05, 0x55, 0x55, 0x40, 0x00, 
    0x00, 0x01, 0x11, 0x00, 0x00, 0x00, 0x50, 0x00, 0x00, 0x00, 0x00, 0x00, 0x00, 0x00, 0x41, 0x00, 
    0x00, 0x19, 0x40, 0x9b, 0x40, 0x00, 0x04, 0x55, 0x54, 0x00, 0x00, 0x15, 0x54, 0x54, 0x00, 0x00, 
    0x04, 0x01, 0x55, 0x40, 0x00, 0x05, 0x01, 0x50, 0x00, 0x55, 0x01, 0x55, 0x00, 0x06, 0xff, 0xff, 
    0xff, 0xdf, 0xfe, 0xaa, 0xda, 0x95, 0x05, 0x46, 0xff, 0xff, 0xff, 0xf9, 0x1b, 0xa5, 0x1b, 0xff, 
    0xff, 0xfe, 0x41, 0xbf, 0xff, 0xff, 0xff, 0xff, 0xff, 0xff, 0xff, 0xff, 0xff, 0xff, 0xff, 0xd5, 
    0x40, 0x01, 0x15, 0x55, 0x55, 0x55, 0x55, 0x55, 0x55, 0x55, 0x55, 0x55, 0x55, 0x55, 0x55, 0x54, 
    0x55, 0x54, 0xff, 0xff, 0xff, 0xff, 0xff, 0xff, 0xff, 0xd7, 0xff, 0xff, 0xff, 0xff, 0xff, 0xff, 
    0xff, 0xff, 0xfd, 0x55, 0x55, 0x5a, 0x59, 0x10, 0x55, 0x55, 0x55, 0x55, 0x52, 0x81, 0x55, 0x50, 
    0x00, 0x69, 0x55, 0xaa, 0xa4, 0xaa, 0xa4, 0x9b, 0xed, 0xbb, 0xf4, 0x6f, 0x6f, 0xff, 0xdf, 0xe0, 
    0x6a, 0xfd, 0x00, 0x00, 0x00, 0x07, 0xff, 0xfb, 0xff, 0xff, 0xff, 0xfc, 0x07, 0xff, 0xff, 0xc0, 
    0x00, 0x00, 0x79, 0x00, 0x00, 0x26, 0x0a, 0x3f, 0x90, 0x60, 0x00, 0x00, 0x00, 0x00, 0x00, 0x05, 
    0x00, 0x00, 0x00, 0x00, 0x01, 0x55, 0xbf, 0xd2, 0xff, 0xff, 0xff, 0xff, 0xff, 0xff, 0xff, 0xff, 
    0xff, 0xff, 0xff, 0x42, 0x15, 0x55, 0x00, 0x00, 0x00, 0x01, 0x50, 0x00, 0x00, 0x00, 0x00, 0x00, 
    0x00, 0x00, 0x00, 0x00, 0x00, 0x64, 0x00, 0x40, 0x00, 0x14, 0xc0, 0x15, 0xa4, 0x00, 0x14, 0x06, 
    0x55, 0x40, 0x00, 0x15, 0x55, 0x54, 0x00, 0x00, 0x00, 0x01, 0x55, 0x50, 0x00, 0x04, 0x15, 0x55, 
    0x55, 0x55, 0x55, 0x54, 0x00, 0x7f, 0xff, 0xff, 0xff, 0xdf, 0xfe, 0xff, 0xe9, 0x40, 0x62, 0x09, 
    0xff, 0xff, 0xff, 0xff, 0xd0, 0x6a, 0x90, 0x6f, 0xff, 0xff, 0xf8, 0x02, 0xff, 0xff, 0xff, 0xff, 
    0xff, 0xff, 0xff, 0xff, 0xff, 0xff, 0xff, 0xe1, 0x40, 0x41, 0x45, 0x55, 0x55, 0x55, 0x55, 0x55, 
    0x55, 0x55, 0x55, 0x55, 0x51, 0x55, 0x55, 0x55, 0x55, 0x54, 0xff, 0xff, 0xff, 0xff, 0xff, 0xff, 
    0xff, 0xfd, 0x7f, 0xff, 0xff, 0xff, 0xff, 0xff, 0xff, 0xff, 0xf9, 0x55, 0x55, 0x55, 0x55, 0x05, 
    0x55, 0x54, 0x55, 0x6a, 0x92, 0x5a, 0xa9, 0x01, 0x10, 0x29, 0x55, 0x6a, 0xa5, 0x6a, 0x90, 0xa6, 
    0xbd, 0x7b, 0xf5, 0x3f, 0xbf, 0xff, 0x6f, 0xd1, 0xab, 0x90, 0x00, 0x00, 0x00, 0x02, 0xff, 0xe7, 
    0xff, 0xff, 0xff, 0xfd, 0x0b, 0xfb, 0xff, 0x40, 0x00, 0x00, 0x06, 0x00, 0x00, 0x05, 0xa1, 0x14, 
    0x01, 0x40, 0x00, 0x00, 0x00, 0x00, 0x00, 0x00, 0x40, 0x00, 0x00, 0x00, 0x04, 0x15, 0xbe, 0x1f, 
    0xff, 0xff, 0xff, 0xff, 0xff, 0xff, 0xff, 0xff, 0xff, 0xff, 0xff, 0xca, 0x91, 0x55, 0x00, 0x00, 
    0x00, 0x00, 0x00, 0x00, 0x00, 0x00, 0x00, 0x00, 0x00, 0x00, 0x00, 0x00, 0x00, 0x3f, 0x80, 0x00, 
    0x00, 0x05, 0x40, 0x15, 0x50, 0x00, 0x15, 0x1a, 0x55, 0x54, 0x00, 0x05, 0x55, 0x51, 0x00, 0x00, 
    0x00, 0x01, 0x55, 0x54, 0x00, 0x15, 0x55, 0x55, 0x55, 0x55, 0x55, 0x00, 0x5f, 0xff, 0xff, 0xff, 
    0xff, 0xdf, 0xff, 0xf9, 0x55, 0x54, 0x01, 0x05, 0xff, 0xff, 0xff, 0xff, 0xfe, 0x42, 0xaa, 0x41, 
    0xbf, 0xff, 0xff, 0xd0, 0x1b, 0xff, 0xff, 0xff, 0xff, 0xff, 0xff, 0xff, 0xff, 0xff, 0xff, 0xd1, 
    0x51, 0x00, 0x55, 0x15, 0x55, 0x55, 0x55, 0x55, 0x55, 0x54, 0x55, 0x55, 0x15, 0x55, 0x55, 0x55, 
    0x55, 0x54, 0xff, 0xff, 0xff, 0xff, 0xff, 0xff, 0xff, 0xff, 0xff, 0xff, 0xff, 0xff, 0xff, 0xff, 
    0xff, 0xff, 0xf5, 0x55, 0x55, 0x55, 0x50, 0x15, 0x55, 0x54, 0x0a, 0xaa, 0x90, 0x6a, 0x90, 0x66, 
    0xa4, 0x2a, 0x56, 0x5a, 0xaa, 0x6a, 0x90, 0x66, 0xaa, 0x3b, 0xf4, 0xbe, 0xff, 0xff, 0x7f, 0xc6, 
    0xb9, 0x00, 0x00, 0x00, 0x00, 0x00, 0xbf, 0x82, 0xff, 0xff, 0xff, 0xfe, 0x0f, 0xff, 0xff, 0x00, 
    0x00, 0x00, 0x00, 0x00, 0x00, 0x05, 0x40, 0x00, 0x00, 0x00, 0x00, 0x00, 0x00, 0x00, 0x00, 0x00, 
    0x00, 0x00, 0x00, 0x00, 0x65, 0x45, 0xa4, 0x7f, 0xff, 0xff, 0xff, 0xff, 0xff, 0xff, 0xff, 0xff, 
    0xff, 0xff, 0xff, 0xf5, 0xa4, 0x00, 0x00, 0x00, 0x00, 0x00, 0x00, 0x00, 0x00, 0x00, 0x00, 0x00, 
    0x00, 0x00, 0x00, 0x00, 0x01, 0xff, 0xf4, 0x00, 0x00, 0x01, 0x40, 0x15, 0x50, 0x00, 0x06, 0x99, 
    0x55, 0x55, 0x40, 0x01, 0x55, 0x50, 0x00, 0x00, 0x00, 0x00, 0x05, 0x55, 0x00, 0x15, 0x55, 0x55, 
    0x55, 0x00, 0x01, 0xb7, 0xff, 0xff, 0xff, 0xff, 0xff, 0xcf, 0xf9, 0x56, 0x95, 0x55, 0x52, 0x4a, 
    0x6f, 0xff, 0xff, 0xff, 0xff, 0xf8, 0x0b, 0xa9, 0x0a, 0xff, 0xff, 0xfe, 0x00, 0xbf, 0xff, 0xff, 
    0xff, 0xff, 0xff, 0xff, 0xff, 0xff, 0xff, 0xc1, 0x40, 0x10, 0x15, 0x45, 0x55, 0x55, 0x55, 0x55, 
    0x55, 0x55, 0x55, 0x55, 0x55, 0x55, 0x69, 0x55, 0x45, 0x54, 0xff, 0xff, 0xff, 0xff, 0xff, 0xff, 
    0xff, 0xff, 0xff, 0xff, 0xff, 0xff, 0xff, 0xff, 0xff, 0xff, 0xe1, 0x15, 0x55, 0x54, 0x55, 0x55, 
    0x69, 0x00, 0x01, 0xaa, 0x90, 0xa9, 0x06, 0xa6, 0xaa, 0x4a, 0x95, 0x42, 0xaa, 0x6a, 0xa1, 0x2a, 
    0xaa, 0x3b, 0xf5, 0xff, 0xff, 0xff, 0x7f, 0x4a, 0xe0, 0x00, 0x00, 0x00, 0x00, 0x04, 0x0b, 0x41, 
    0xef, 0xff, 0xff, 0xff, 0x1f, 0xef, 0xfe, 0x04, 0x00, 0x00, 0x00, 0x00, 0x00, 0x01, 0x40, 0x00, 
    0x00, 0x00, 0x00, 0x00, 0x00, 0x00, 0x00, 0x01, 0x00, 0x00, 0x04, 0x00, 0x05, 0x45, 0x41, 0xff, 
    0xff, 0xff, 0xff, 0xff, 0xff, 0xff, 0xff, 0xff, 0xff, 0xff, 0xff, 0xfe, 0x68, 0x19, 0x00, 0x00, 
    0x00, 0x00, 0x00, 0x10, 0x00, 0x00, 0x00, 0x00, 0x00, 0x00, 0x00, 0x00, 0x07, 0xff, 0xfe, 0x00, 
    0x00, 0x01, 0x50, 0x55, 0x54, 0x00, 0x01, 0x95, 0x55, 0x55, 0x54, 0x19, 0x55, 0x55, 0x00, 0x00, 
    0x00, 0x00, 0x00, 0x55, 0x54, 0x15, 0x55, 0x55, 0x40, 0x06, 0xbf, 0xfb, 0xff, 0xff, 0xff, 0xff, 
    0xef, 0x9a, 0x95, 0x41, 0x86, 0xaa, 0xa6, 0x46, 0x41, 0xbf, 0xff, 0xff, 0xff, 0xff, 0x90, 0x6a, 
    0x90, 0x1f, 0xff, 0xff, 0xf4, 0x06, 0xff, 0xff, 0xff, 0xff, 0xff, 0xff, 0xff, 0xff, 0xff, 0xc1, 
    0x54, 0x50, 0x05, 0x55, 0x55, 0x55, 0x55, 0x55, 0x55, 0x55, 0x55, 0x55, 0x55, 0x55, 0x55, 0x55, 
    0x55, 0x54, 0xbf, 0xff, 0xff, 0xff, 0xff, 0xff, 0xff, 0xff, 0xff, 0xff, 0xff, 0xff, 0xff, 0xff, 
    0xff, 0xff, 0x84, 0x45, 0x55, 0x14, 0xa1, 0x6a, 0xaa, 0xaa, 0x95, 0x5a, 0x82, 0x90, 0x15, 0xaa, 
    0xaa, 0x85, 0x40, 0x00, 0xaa, 0x5a, 0xa4, 0x2a, 0xaa, 0x67, 0xf5, 0xfe, 0xbf, 0xfe, 0x6f, 0x1b, 
    0x40, 0x00, 0x00, 0x00, 0x00, 0x00, 0x01, 0x01, 0xef, 0xff, 0xff, 0xff, 0xaf, 0xef, 0xfd, 0x54, 
    0x00, 0x00, 0x00, 0x00, 0x00, 0x00, 0x10, 0x00, 0x00, 0x40, 0x00, 0x00, 0x00, 0x00, 0x00, 0x00, 
    0x50, 0x00, 0x05, 0x00, 0x01, 0x50, 0x07, 0xff, 0xff, 0xff, 0xff, 0xff, 0xff, 0xff, 0xff, 0xff, 
    0xff, 0xff, 0xff, 0xff, 0xd5, 0x5e, 0x00, 0x00, 0x00, 0x00, 0x00, 0x04, 0x15, 0x50, 0x00, 0x00, 
    0x00, 0x00, 0x00, 0x00, 0x1f, 0xff, 0xff, 0xc0, 0x00, 0x01, 0x50, 0x55, 0x54, 0x00, 0x00, 0x55, 
    0x51, 0x55, 0x50, 0x1e, 0x05, 0x55, 0x50, 0x00, 0x00, 0x00, 0x00, 0x10, 0x00, 0x00, 0x55, 0x54, 
    0x00, 0x2f, 0xff, 0xfb, 0xff, 0xff, 0xff, 0xff, 0x89, 0x1f, 0xda, 0x55, 0xaa, 0xaa, 0xa2, 0x05, 
    0x69, 0x0b, 0xff, 0xff, 0xff, 0xff, 0xfe, 0x02, 0xab, 0x80, 0x6f, 0xff, 0xff, 0x90, 0x2f, 0xff, 
    0xff, 0xff, 0xff, 0xff, 0xff, 0xff, 0xff, 0xc5, 0x55, 0x04, 0x01, 0x55, 0x55, 0x55, 0x55, 0x55, 
    0x55, 0x55, 0x15, 0x55, 0x45, 0x55, 0x55, 0x55, 0x51, 0x44, 0x3f, 0xff, 0xff, 0xff, 0xff, 0xff, 
    0xff, 0xff, 0xff, 0xff, 0xff, 0xff, 0xff, 0xff, 0xff, 0xff, 0x00, 0x44, 0x45, 0x6a, 0x96, 0xaa, 
    0xaa, 0xaa, 0xa9, 0x46, 0x41, 0x65, 0xa9, 0xaa, 0xaa, 0x90, 0x00, 0x00, 0x29, 0x4a, 0xa9, 0x06, 
    0xaa, 0x92, 0xe6, 0xfd, 0xbf, 0xfe, 0x7d, 0x1d, 0x00, 0x00, 0x00, 0x00, 0x00, 0x00, 0x54, 0x05, 
    0xb7, 0xff, 0xff, 0xff, 0xef, 0xff, 0xfc, 0x55, 0x01, 0x00, 0x00, 0x40, 0x00, 0x00, 0x05, 0x00, 
    0x00, 0x10, 0x00, 0x00, 0x00, 0x00, 0x00, 0x00, 0x14, 0x00, 0x15, 0x00, 0x00, 0x50, 0x2f, 0xff, 
    0xff, 0xff, 0xff, 0xff, 0xff, 0xff, 0xff, 0xff, 0xff, 0xff, 0xff, 0xff, 0xf9, 0x19, 0x00, 0x00, 
    0x00, 0x00, 0x00, 0x45, 0xa9, 0x40, 0x00, 0x00, 0x01, 0x50, 0x00, 0x55, 0xff, 0xff, 0xff, 0xf0, 
    0x00, 0x00, 0x55, 0x15, 0x54, 0x00, 0x00, 0x00, 0x54, 0x15, 0x55, 0x57, 0x40, 0x05, 0x54, 0x00, 
    0x00, 0x00, 0x01, 0x54, 0x00, 0x00, 0x55, 0x40, 0x00, 0x3f, 0xff, 0xfb, 0xff, 0xff, 0xeb, 0xff, 
    0x6f, 0xdf, 0xe6, 0x7a, 0xaa, 0xaa, 0xa5, 0x04, 0x91, 0xa4, 0x2f, 0xff, 0xff, 0xff, 0xff, 0xe4, 
    0x29, 0xaa, 0x41, 0xbf, 0xff, 0xfd, 0x01, 0xbf, 0xff, 0xff, 0xff, 0xff, 0xff, 0xff, 0xff, 0xc5, 
    0x55, 0x14, 0x41, 0x55, 0x55, 0x55, 0x55, 0x55, 0x51, 0x55, 0x55, 0x51, 0x45, 0x55, 0x55, 0x55, 
    0x54, 0x10, 0x2f, 0xff, 0xff, 0xff, 0xff, 0xff, 0xff, 0xff, 0xff, 0xff, 0xff, 0xff, 0xff, 0xff, 
    0xff, 0xfd, 0x01, 0x11, 0x69, 0x5a, 0x9a, 0xaa, 0xaa, 0xaa, 0xaa, 0x80, 0x01, 0x52, 0xaa, 0x96, 
    0xaa, 0x40, 0x69, 0x00, 0x05, 0x8a, 0xaa, 0x0b, 0xea, 0x82, 0xa6, 0xfd, 0x7f, 0xfd, 0xbc, 0xa0, 
    0x00, 0x00, 0x00, 0x00, 0x00, 0x00, 0x55, 0x51, 0xbb, 0xff, 0xff, 0xff, 0xef, 0xbf, 0xf4, 0x05, 
    0x41, 0x90, 0x00, 0x40, 0x00, 0x00, 0x11, 0x40, 0x00, 0x10, 0x40, 0x00, 0x00, 0x00, 0x00, 0x00, 
    0x00, 0x45, 0x00, 0x00, 0x00, 0x10, 0x3f, 0xff, 0xff, 0xff, 0xff, 0xff, 0xff, 0xff, 0xff, 0xff, 
    0xff, 0xff, 0xff, 0xff, 0xff, 0xd1, 0x40, 0x00, 0x00, 0x00, 0x40, 0x2f, 0xff, 0xff, 0xea, 0xaa, 
    0xff, 0xff, 0xff, 0xff, 0xff, 0xff, 0xff, 0xfc, 0x00, 0x00, 0x15, 0x05, 0x14, 0x00, 0x00, 0x00, 
    0x15, 0x05, 0x55, 0x96, 0xd5, 0x45, 0x50, 0x00, 0x00, 0x00, 0x00, 0x50, 0x00, 0x00, 0x54, 0x04, 
    0x00, 0xbf, 0xff, 0xfb, 0xff, 0xff, 0xff, 0xff, 0xff, 0xdf, 0xe5, 0x7a, 0xaa, 0xa9, 0x94, 0x00, 
    0xfe, 0x06, 0x90, 0xbf, 0xff, 0xff, 0xff, 0xff, 0x42, 0xa6, 0xbd, 0x07, 0xff, 0xff, 0xe4, 0x07, 
    0xff, 0xff, 0xff, 0xff, 0xff, 0xff, 0xff, 0xd5, 0x55, 0x45, 0x50, 0x55, 0x55, 0x55, 0x55, 0x55, 
    0x54, 0x55, 0x15, 0x55, 0x55, 0x55, 0x55, 0x55, 0x54, 0x40, 0x0f, 0xff, 0xff, 0xff, 0xff, 0xff, 
    0xff, 0xff, 0xff, 0xff, 0xff, 0xff, 0xff, 0xff, 0xff, 0xf4, 0x00, 0x16, 0xa9, 0x5a, 0xaa, 0xaa, 
    0xaa, 0xaa, 0x94, 0x00, 0x0a, 0x4b, 0xea, 0x91, 0x00, 0x02, 0xaa, 0x90, 0x01, 0x96, 0xaa, 0x07, 
    0xfa, 0x81, 0xa7, 0xfd, 0xbf, 0xfd, 0xb5, 0x80, 0x00, 0x00, 0x00, 0x00, 0x00, 0x00, 0x05, 0x79, 
    0xee, 0xff, 0xff, 0xff, 0xfb, 0xff, 0xf0, 0x01, 0x50, 0xb8, 0x00, 0x10, 0x40, 0x00, 0x11, 0x55, 
    0x00, 0x04, 0x40, 0x00, 0x00, 0x00, 0x00, 0x00, 0x00, 0x00, 0x00, 0x04, 0x00, 0x54, 0x3f, 0xff, 
    0xff, 0xff, 0xff, 0xff, 0xff, 0xff, 0xff, 0xff, 0xff, 0xff, 0xff, 0xff, 0xff, 0xfd, 0x01, 0x00, 
    0x00, 0x00, 0x05, 0xff, 0xff, 0xff, 0xff, 0xff, 0xff, 0xff, 0xff, 0xff, 0xff, 0xff, 0xff, 0xff, 
    0x40, 0x00, 0x15, 0x05, 0x55, 0x00, 0x00, 0x00, 0x01, 0x55, 0x55, 0x65, 0x79, 0x55, 0x54, 0x00, 
    0x00, 0x00, 0x00, 0x00, 0x55, 0x51, 0x51, 0x40, 0x00, 0xff, 0xff, 0xfb, 0xff, 0xff, 0xbf, 0xef, 
    0xff, 0xdf, 0xf5, 0x7e, 0xaa, 0xa9, 0x54, 0x00, 0xff, 0xf4, 0x2e, 0x46, 0xff, 0xff, 0xff, 0xff, 
    0xf9, 0x1b, 0xa6, 0xe4, 0x1f, 0xff, 0xff, 0x80, 0x6f, 0xff, 0xff, 0xff, 0xff, 0xff, 0xff, 0xd5, 
    0x55, 0x55, 0x01, 0x15, 0x45, 0x55, 0x55, 0x55, 0x54, 0x55, 0x45, 0x55, 0x55, 0x55, 0x55, 0x55, 
    0x55, 0x00, 0x0b, 0xff, 0xff, 0xff, 0xff, 0xff, 0xff, 0xff, 0xff, 0xff, 0xff, 0xff, 0xff, 0xff, 
    0xff, 0xe0, 0x01, 0xaa, 0xaa, 0xaa, 0xa5, 0x6a, 0xaa, 0xa9, 0x00, 0x00, 0x05, 0x2f, 0xfa, 0x50, 
    0x00, 0x01, 0x6a, 0xa8, 0x04, 0x62, 0xaa, 0x43, 0xf9, 0x81, 0x5b, 0xfd, 0xbf, 0xf9, 0xb1, 0x00, 
    0x00, 0x00, 0x00, 0x00, 0x00, 0x00, 0x55, 0x5b, 0xea, 0xff, 0xff, 0xff, 0xfb, 0xff, 0xe0, 0x01, 
    0x54, 0x26, 0x00, 0x00, 0x20, 0x00, 0x00, 0xb5, 0x40, 0x04, 0x00, 0x00, 0x01, 0x40, 0x00, 0x00, 
    0x00, 0x00, 0x00, 0x00, 0x01, 0x54, 0xbf, 0xff, 0xff, 0xff, 0xff, 0xff, 0xff, 0x4b, 0xff, 0xff, 
    0xff, 0xff, 0xff, 0xff, 0xff, 0xff, 0xe4, 0x00, 0x05, 0x56, 0xff, 0xff, 0xff, 0xff, 0xff, 0xff, 
    0xff, 0xff, 0xff, 0xff, 0xff, 0xff, 0xff, 0xff, 0xd1, 0x00, 0x01, 0x55, 0x55, 0x00, 0x00, 0x00, 
    0x00, 0x06, 0x55, 0x55, 0x55, 0x55, 0x55, 0x00, 0x00, 0x00, 0x01, 0x56, 0x51, 0x45, 0x55, 0x40, 
    0x01, 0xff, 0xff, 0xfb, 0xff, 0xfe, 0xbf, 0xdf, 0xbf, 0xdf, 0xfe, 0x7e, 0xaa, 0xa9, 0x64, 0x00, 
    0xff, 0xff, 0x91, 0xb9, 0x1b, 0xff, 0xff, 0xff, 0xff, 0xe0, 0x1b, 0x9a, 0xe5, 0xbf, 0xff, 0xfd, 
    0x02, 0xff, 0xff, 0xff, 0xff, 0xff, 0xff, 0xe1, 0x55, 0x55, 0x44, 0x05, 0x55, 0x55, 0x55, 0x55, 
    0x55, 0x14, 0x41, 0x55, 0x51, 0x55, 0x55, 0x55, 0x55, 0x40, 0x17, 0xff, 0xff, 0xff, 0xff, 0xff, 
    0xff, 0xff, 0xff, 0xff, 0xff, 0xff, 0xff, 0xff, 0xff, 0xc0, 0x55, 0x6a, 0xaa, 0xaa, 0xaa, 0xaa, 
    0xaa, 0xa4, 0x16, 0xa0, 0x00, 0x3f, 0x90, 0x00, 0x00, 0x00, 0x1a, 0xaa, 0x41, 0x25, 0xaa, 0x82, 
    0xfd, 0x80, 0x4f, 0xfd, 0xbf, 0xfb, 0xd0, 0x10, 0x00, 0x00, 0x00, 0x00, 0x00, 0x00, 0x05, 0x56, 
    0xf2, 0xbf, 0xff, 0xff, 0xfa, 0xff, 0xd0, 0x00, 0x40, 0x1d, 0x80, 0x00, 0x04, 0x04, 0x04, 0xa6, 
    0x41, 0x54, 0x00, 0x00, 0x00, 0x50, 0x00, 0x00, 0x00, 0x00, 0x00, 0x00, 0x47, 0x55, 0x2f, 0xff, 
    0xff, 0xff, 0xff, 0xff, 0xff, 0xd6, 0xff, 0xff, 0xff, 0xff, 0xff, 0xff, 0xff, 0xff, 0xff, 0xff, 
    0xff, 0xff, 0xff, 0xff, 0xff, 0xff, 0xff, 0xff, 0xff, 0xff, 0xfe, 0xff, 0xff, 0xff, 0xff, 0xff, 
    0xf4, 0x00, 0x11, 0x55, 0x55, 0x00, 0x00, 0x00, 0x00, 0x01, 0x55, 0x55, 0x55, 0x55, 0x55, 0x50, 
    0x00, 0x00, 0x00, 0x50, 0x14, 0x41, 0x55, 0x00, 0x02, 0xff, 0xff, 0xf7, 0xff, 0xfc, 0xff, 0xef, 
    0x7f, 0xdf, 0xff, 0x7e, 0xaa, 0xaa, 0x64, 0x00, 0xff, 0xff, 0xfe, 0x06, 0xa4, 0xbf, 0xff, 0xff, 
    0xff, 0xfe, 0x40, 0xbe, 0x6b, 0x96, 0xff, 0xff, 0xe4, 0x1b, 0xff, 0xff, 0xff, 0xff, 0xff, 0xf1, 
    0x55, 0x54, 0x40, 0x41, 0x55, 0x55, 0x55, 0x55, 0x95, 0x14, 0x40, 0x55, 0x55, 0x55, 0x55, 0x55, 
    0x55, 0x40, 0x12, 0xff, 0xff, 0xff, 0xff, 0xff, 0xff, 0xff, 0xff, 0xff, 0xff, 0xff, 0xff, 0xff, 
    0xfd, 0x15, 0x55, 0xaa, 0xaa, 0xaa, 0xaa, 0xa4, 0x05, 0x90, 0x6a, 0xa4, 0x00, 0x69, 0x40, 0x00, 
    0x00, 0x00, 0x01, 0xaa, 0xa0, 0x04, 0x56, 0x90, 0xfe, 0x81, 0x9a, 0xfa, 0xff, 0xfb, 0x40, 0x50, 
    0x00, 0x00, 0x00, 0x00, 0x00, 0x00, 0x01, 0x55, 0xb4, 0x7f, 0xff, 0xff, 0xfd, 0xff, 0xc0, 0x00, 
    0x10, 0x06, 0x10, 0x00, 0x04, 0x04, 0x00, 0x00, 0x94, 0x00, 0x00, 0x00, 0x00, 0x14, 0x00, 0x00, 
    0x00, 0x00, 0x00, 0x01, 0x55, 0x55, 0x5f, 0xff, 0xff, 0xff, 0xff, 0xff, 0xff, 0xff, 0xff, 0xff, 
    0xff, 0xff, 0xff, 0xff, 0xff, 0xff, 0xff, 0xff, 0xff, 0xff, 0xff, 0xff, 0xff, 0xff, 0xff, 0xff, 
    0xff, 0xff, 0xfe, 0xff, 0xff, 0xff, 0xff, 0xff, 0xfd, 0x00, 0x05, 0x55, 0x55, 0x00, 0x00, 0x00, 
    0x01, 0x55, 0x55, 0x15, 0x55, 0x55, 0x55, 0x54, 0x00, 0x00, 0x05, 0x40, 0x01, 0x04, 0x00, 0x00, 
    0x07, 0x9b, 0xff, 0xf7, 0xff, 0xfc, 0xff, 0xff, 0x2f, 0xdf, 0xee, 0x7e, 0xaa, 0xaa, 0xa4, 0x01, 
    0xff, 0xff, 0xff, 0xf4, 0x0a, 0x96, 0xff, 0xff, 0xff, 0xff, 0xf9, 0x06, 0xf9, 0xbd, 0x1b, 0xff, 
    0xff, 0x80, 0xbf, 0xff, 0xff, 0xff, 0xff, 0xf1, 0x55, 0x55, 0x40, 0x14, 0x55, 0x55, 0x55, 0x55, 
    0x55, 0x45, 0x55, 0x55, 0x55, 0x69, 0x55, 0x55, 0x55, 0x50, 0x14, 0xff, 0xff, 0xff, 0xff, 0xff, 
    0xff, 0xff, 0xff, 0xff, 0xff, 0xff, 0xff, 0xff, 0x81, 0x91, 0x59, 0xaa, 0xaa, 0xaa, 0x55, 0x00, 
    0x04, 0x05, 0xaa, 0x90, 0x00, 0x55, 0x54, 0x00, 0x10, 0x05, 0x50, 0x69, 0xa9, 0x00, 0x01, 0xa0, 
    0x7a, 0x92, 0xdf, 0xfa, 0xff, 0xe6, 0x00, 0xae, 0x00, 0x00, 0x00, 0x00, 0x00, 0x00, 0x99, 0x55, 
    0x64, 0x3f, 0xff, 0xff, 0xfe, 0xff, 0x80, 0x00, 0x04, 0x00, 0x40, 0x00, 0x04, 0x00, 0x04, 0x14, 
    0x01, 0x01, 0x00, 0x00, 0x00, 0x04, 0x00, 0x00, 0x00, 0x00, 0x00, 0x41, 0x55, 0x55, 0x4f, 0xff, 
    0xff, 0xff, 0xff, 0xff, 0xff, 0xff, 0xff, 0xff, 0xff, 0xff, 0xff, 0xff, 0xff, 0xff, 0xff, 0xff, 
    0xff, 0xff, 0xff, 0xff, 0xff, 0xff, 0xff, 0xff, 0xff, 0xff, 0xff, 0xff, 0xff, 0xff, 0xff, 0xff, 
    0xff, 0x81, 0x55, 0x55, 0x55, 0x40, 0x00, 0x00, 0x15, 0x55, 0x55, 0x01, 0x55, 0x55, 0x45, 0x15, 
    0x00, 0x00, 0x10, 0x00, 0x14, 0x40, 0x00, 0x00, 0x0b, 0xeb, 0xff, 0xfb, 0xff, 0xfc, 0xbf, 0xff, 
    0xfe, 0x45, 0xef, 0xba, 0x9a, 0xaa, 0xa4, 0x00, 0xff, 0xff, 0xff, 0xff, 0x90, 0x69, 0x1b, 0xff, 
    0xff, 0xff, 0xff, 0xe4, 0x1b, 0xe6, 0xe4, 0x6f, 0xff, 0xfd, 0x06, 0xff, 0xff, 0xff, 0xff, 0xf1, 
    0x55, 0x55, 0x40, 0x51, 0x15, 0x55, 0x55, 0x55, 0x55, 0x55, 0x54, 0x05, 0x55, 0x55, 0x55, 0x55, 
    0x55, 0x54, 0x04, 0xbf, 0xff, 0xff, 0xff, 0xff, 0xff, 0xff, 0xff, 0xff, 0xff, 0xff, 0xff, 0xe4, 
    0x19, 0x56, 0xaa, 0xa9, 0x6a, 0xa9, 0x00, 0x00, 0x00, 0x06, 0xaa, 0x90, 0x00, 0x55, 0x50, 0x00, 
    0x41, 0x2a, 0xaa, 0x26, 0xa4, 0x00, 0x00, 0x00, 0x2e, 0xa1, 0xd5, 0xfe, 0xbf, 0xe4, 0x01, 0xad, 
    0x00, 0x00, 0x00, 0x00, 0x00, 0x00, 0x06, 0x51, 0x04, 0x1f, 0xff, 0xff, 0xff, 0xff, 0x50, 0x00, 
    0x04, 0x00, 0x00, 0x00, 0x04, 0x00, 0x04, 0x04, 0x00, 0x01, 0x00, 0x00, 0x00, 0x00, 0x00, 0x00, 
    0x00, 0x00, 0x00, 0x05, 0x55, 0x55, 0x4b, 0xff, 0xff, 0xff, 0xff, 0xff, 0xff, 0xff, 0xff, 0xff, 
    0xff, 0xff, 0xff, 0xff, 0xff, 0xff, 0xff, 0xff, 0xff, 0xff, 0xff, 0xff, 0xff, 0xff, 0xff, 0xff, 
    0xff, 0xff, 0xfe, 0xff, 0xff, 0xff, 0xff, 0xff, 0xff, 0xe0, 0x55, 0x54, 0x15, 0x50, 0x00, 0x00, 
    0x05, 0x55, 0x40, 0x00, 0x05, 0x55, 0x01, 0x05, 0x50, 0x00, 0x11, 0x01, 0x40, 0x00, 0x00, 0x00, 
    0x0f, 0xff, 0xff, 0xf7, 0xff, 0xff, 0xff, 0xff, 0xf9, 0x0a, 0xff, 0xaa, 0xaa, 0xaa, 0x50, 0x00, 
    0xff, 0xff, 0xff, 0xff, 0xfe, 0x41, 0xa4, 0xbf, 0xff, 0xff, 0xff, 0xff, 0x80, 0x6e, 0x6f, 0x96, 
    0x6f, 0xff, 0xd0, 0x1f, 0xff, 0xff, 0xff, 0xf1, 0x55, 0x55, 0x54, 0x44, 0x45, 0x55, 0x55, 0x55, 
    0x55, 0x55, 0x54, 0x05, 0x55, 0x55, 0x55, 0x55, 0x95, 0x55, 0x05, 0x3f, 0xff, 0xff, 0xff, 0xff, 
    0xff, 0xff, 0xff, 0xff, 0xff, 0xff, 0xfe, 0x45, 0x55, 0x56, 0xaa, 0xaa, 0x6a, 0xa5, 0x40, 0x00, 
    0x50, 0x06, 0xa6, 0x90, 0x40, 0x55, 0x40, 0x01, 0x50, 0x2a, 0xaa, 0x06, 0x40, 0x00, 0x0a, 0x69, 
    0x0a, 0xa0, 0xe9, 0xbe, 0xbf, 0xf4, 0x02, 0x94, 0x00, 0x00, 0x00, 0x00, 0x00, 0x00, 0x00, 0x65, 
    0x05, 0x0f, 0xff, 0xff, 0xff, 0xff, 0x10, 0x00, 0x01, 0x00, 0x00, 0x00, 0x10, 0x04, 0x04, 0x04, 
    0x00, 0x00, 0x40, 0x00, 0x00, 0x00, 0x40, 0x00, 0x00, 0x00, 0x00, 0x55, 0x55, 0x55, 0x07, 0xff, 
    0xff, 0xff, 0xff, 0xff, 0xff, 0xff, 0xff, 0xff, 0xff, 0xff, 0xff, 0xff, 0xff, 0xff, 0xff, 0xff, 
    0xff, 0xff, 0xff, 0xff, 0xff, 0xff, 0xff, 0xff, 0xff, 0xff, 0xff, 0xff, 0xff, 0xff, 0xff, 0xff, 
    0xff, 0xf8, 0x15, 0x55, 0x55, 0x50, 0x00, 0x00, 0x15, 0x54, 0x00, 0x00, 0x00, 0x15, 0x55, 0x41, 
    0x54, 0x00, 0x15, 0x50, 0x00, 0x00, 0x00, 0x00, 0x2f, 0xff, 0xff, 0xeb, 0xff, 0xfc, 0xff, 0xdf, 
    0xfe, 0x0b, 0xef, 0xaa, 0xaa, 0xa9, 0x50, 0x00, 0xff, 0xff, 0xff, 0xff, 0xff, 0xf9, 0x06, 0x96, 
    0xff, 0xff, 0xff, 0xff, 0xfd, 0x01, 0xe5, 0xbf, 0xf9, 0xbf, 0x4b, 0x81, 0xbf, 0xff, 0xff, 0xd5, 
    0x55, 0x55, 0x55, 0x14, 0x11, 0x55, 0x55, 0x55, 0x55, 0x55, 0x54, 0x05, 0x55, 0x55, 0x55, 0x55, 
    0x55, 0x55, 0x41, 0x0f, 0xff, 0xff, 0xff, 0xff, 0xff, 0xff, 0xff, 0xff, 0xff, 0xff, 0x91, 0x56, 
    0x55, 0x5a, 0xaa, 0x9a, 0xaa, 0x95, 0x00, 0x05, 0x54, 0x01, 0x55, 0x95, 0x00, 0x11, 0x00, 0x00, 
    0x04, 0x6a, 0xb9, 0x00, 0x00, 0x00, 0x96, 0xaa, 0x81, 0x90, 0xaa, 0x6a, 0xbf, 0xf8, 0x01, 0x80, 
    0x00, 0x00, 0x00, 0x00, 0x00, 0x00, 0x00, 0x1f, 0xab, 0x0b, 0xff, 0xff, 0xff, 0xfd, 0x54, 0x00, 
    0x01, 0x00, 0x00, 0x00, 0x50, 0x00, 0x00, 0x04, 0x00, 0x00, 0x40, 0x00, 0x00, 0x00, 0x40, 0x00, 
    0x00, 0x10, 0x01, 0x55, 0x55, 0x50, 0x6f, 0xff, 0xff, 0xff, 0xff, 0xff, 0xff, 0xff, 0xff, 0xff, 
    0xff, 0xff, 0xff, 0xff, 0xff, 0xff, 0xff, 0xff, 0xff, 0xff, 0xff, 0xff, 0xff, 0xff, 0xff, 0xff, 
    0xff, 0xff, 0xfe, 0xff, 0xbf, 0xff, 0xff, 0xff, 0xff, 0xfe, 0x05, 0x51, 0x56, 0x54, 0x00, 0x00, 
    0x15, 0x50, 0x00, 0x00, 0x00, 0x01, 0x55, 0x55, 0x55, 0x41, 0x55, 0x55, 0x40, 0x00, 0x00, 0x00, 
    0x3f, 0xff, 0x0b, 0xcf, 0xff, 0xf8, 0xf3, 0xff, 0xff, 0x07, 0xef, 0xaa, 0xaa, 0xa9, 0x80, 0x00, 
    0xff, 0xff, 0xff, 0xff, 0xff, 0xff, 0xe4, 0x19, 0x5b, 0xff, 0xff, 0xff, 0xff, 0xe4, 0x1b, 0x96, 
    0xff, 0xe5, 0x41, 0xf9, 0x0b, 0xff, 0xff, 0xc5, 0x55, 0x55, 0x55, 0x10, 0x00, 0x55, 0x55, 0x55, 
    0x55, 0x55, 0x54, 0x05, 0x55, 0x55, 0x55, 0x55, 0x55, 0x54, 0x55, 0x42, 0xff, 0xff, 0xff, 0xff, 
    0xff, 0xff, 0xff, 0xff, 0xff, 0xf4, 0x15, 0x5a, 0x99, 0x9a, 0xaa, 0xa6, 0xaa, 0x40, 0x00, 0x55, 
    0x54, 0x00, 0x55, 0x59, 0x00, 0x10, 0x00, 0x00, 0x00, 0x15, 0x64, 0x14, 0x00, 0x15, 0x55, 0x9a, 
    0x95, 0x10, 0x7a, 0xaa, 0xbf, 0xbc, 0x06, 0x80, 0x00, 0x00, 0x10, 0x00, 0x00, 0x00, 0x00, 0x16, 
    0xfb, 0x47, 0xff, 0xff, 0xff, 0xec, 0x55, 0x00, 0x00, 0x40, 0x00, 0x00, 0x80, 0x00, 0x00, 0x01, 
    0x00, 0x10, 0x40, 0x00, 0x00, 0x00, 0x40, 0x00, 0x00, 0x10, 0x15, 0x55, 0x55, 0x47, 0xff, 0xff, 
    0xff, 0xff, 0xff, 0xff, 0xff, 0xff, 0xff, 0xff, 0xff, 0xff, 0xff, 0xff, 0xff, 0xff, 0xff, 0xff, 
    0xff, 0x4f, 0xff, 0xff, 0xff, 0xff, 0xfe, 0xff, 0xff, 0xff, 0xff, 0xeb, 0xff, 0xff, 0xff, 0xfe, 
    0xff, 0xfe, 0xd0, 0x04, 0x55, 0x94, 0x00, 0x00, 0x15, 0x00, 0x00, 0x00, 0x00, 0x00, 0x15, 0x55, 
    0x55, 0x50, 0x15, 0x50, 0x00, 0x00, 0x00, 0x00, 0xbf, 0xff, 0x9a, 0x4f, 0xff, 0x82, 0xeb, 0xff, 
    0xfe, 0x43, 0xff, 0xba, 0xab, 0xa5, 0x40, 0x00, 0xff, 0xff, 0xff, 0xff, 0xff, 0xff, 0xff, 0x90, 
    0x69, 0x6f, 0xff, 0xff, 0xff, 0xff, 0x80, 0x6e, 0x6b, 0xfe, 0x00, 0x7f, 0xe4, 0x7f, 0xff, 0x85, 
    0x55, 0x55, 0x55, 0x04, 0x04, 0x15, 0x55, 0x55, 0x55, 0x55, 0x55, 0x05, 0x55, 0x55, 0x55, 0x59, 
    0x55, 0x54, 0x54, 0x40, 0xbf, 0xff, 0xff, 0xff, 0xff, 0xff, 0xff, 0xff, 0xfe, 0x05, 0x95, 0xaa, 
    0xa6, 0xa6, 0xaa, 0xaa, 0x90, 0x14, 0x14, 0x55, 0x51, 0x05, 0x15, 0x5d, 0x00, 0x00, 0x00, 0x00, 
    0x00, 0x10, 0x50, 0x40, 0x00, 0x55, 0x55, 0xaa, 0xa6, 0x90, 0x3b, 0x9a, 0xbf, 0xfd, 0x0b, 0x40, 
    0x00, 0x45, 0x40, 0x00, 0x00, 0x00, 0x40, 0x15, 0xff, 0xc3, 0xff, 0xff, 0xff, 0xe8, 0x55, 0x40, 
    0x00, 0x40, 0x00, 0x08, 0x00, 0x00, 0x00, 0x01, 0x14, 0x28, 0x40, 0x00, 0x00, 0x00, 0x00, 0x00, 
    0x00, 0x14, 0x55, 0x55, 0x54, 0x3f, 0xff, 0xff, 0xff, 0xff, 0xff, 0xff, 0xff, 0xff, 0xff, 0xff, 
    0xff, 0xff, 0xff, 0xff, 0xff, 0xff, 0xff, 0xff, 0xff, 0xff, 0xff, 0xff, 0xff, 0xff, 0xed, 0x3f, 
    0xff, 0xff, 0xff, 0xf9, 0xff, 0xfa, 0xff, 0xff, 0xff, 0xfe, 0xf8, 0x05, 0x55, 0x60, 0x00, 0x00, 
    0x55, 0x50, 0x00, 0x11, 0x54, 0x00, 0x05, 0x55, 0x55, 0x55, 0x55, 0x40, 0x00, 0x00, 0x00, 0x00, 
    0xff, 0xff, 0xfa, 0xdf, 0xff, 0x8f, 0xfb, 0xff, 0xfd, 0x92, 0xff, 0xba, 0xaf, 0xa5, 0x00, 0x00, 
    0x6f, 0xff, 0xff, 0xff, 0xff, 0xff, 0xff, 0xfe, 0x02, 0xd1, 0xbf, 0xff, 0xff, 0xff, 0xfd, 0x02, 
    0xf9, 0xbf, 0xd0, 0x0b, 0xff, 0x82, 0xfe, 0x15, 0x55, 0x55, 0x55, 0x51, 0x44, 0x05, 0x55, 0x55, 
    0x55, 0x51, 0x55, 0x11, 0x55, 0x59, 0x55, 0x55, 0x55, 0x55, 0x55, 0x00, 0x1f, 0xff, 0xff, 0xff, 
    0xff, 0xff, 0xff, 0xff, 0xc0, 0x55, 0x66, 0xaa, 0xaa, 0xaa, 0xa5, 0x54, 0x00, 0x51, 0x55, 0x55, 
    0x52, 0x01, 0x54, 0x28, 0x00, 0x00, 0x00, 0x00, 0x00, 0x05, 0x50, 0x00, 0x0a, 0x95, 0x55, 0x6a, 
    0xa6, 0xb4, 0x17, 0x8a, 0xaf, 0xfe, 0x0c, 0x00, 0x01, 0x41, 0x00, 0x40, 0x00, 0x00, 0x00, 0x06, 
    0x5a, 0xe6, 0xff, 0xff, 0xff, 0xf1, 0x55, 0x50, 0x00, 0x00, 0x00, 0x04, 0x00, 0x00, 0x00, 0x01, 
    0x14, 0x69, 0x90, 0x00, 0x00, 0x00, 0x00, 0x00, 0x00, 0x51, 0x55, 0x55, 0x40, 0x1f, 0xff, 0xff, 
    0xff, 0xff, 0xff, 0xff, 0xff, 0xff, 0xff, 0xff, 0xff, 0xff, 0xff, 0xff, 0xff, 0xff, 0xff, 0xff, 
    0xff, 0xff, 0xff, 0xff, 0xff, 0xff, 0xff, 0x6a, 0xff, 0xff, 0xff, 0xff, 0xbf, 0xff, 0xff, 0xff, 
    0xff, 0xfe, 0xff, 0x05, 0x55, 0x44, 0x04, 0x05, 0x50, 0x00, 0x00, 0x00, 0x01, 0x5a, 0xf8, 0x55, 
    0x55, 0x55, 0x54, 0x00, 0x00, 0x00, 0x00, 0x00, 0xff, 0xff, 0xff, 0xdf, 0xff, 0xff, 0xff, 0xff, 
    0xfd, 0xd0, 0xff, 0xfe, 0xae, 0x90, 0x04, 0x00, 0x80, 0xbf, 0xff, 0xff, 0xff, 0xff, 0xff, 0xff, 
    0xf8, 0x1a, 0x42, 0xff, 0xff, 0xff, 0xff, 0xe4, 0x0b, 0xe5, 0x68, 0x00, 0xbf, 0xfd, 0x28, 0x55, 
    0x55, 0x55, 0x55, 0x55, 0x14, 0x01, 0x55, 0x55, 0x55, 0x55, 0x54, 0x41, 0x55, 0x55, 0x55, 0x55, 
    0x55, 0x55, 0x55, 0x40, 0x03, 0xff, 0xff, 0xff, 0xff, 0xff, 0xff, 0xf9, 0x15, 0x55, 0x55, 0xa6, 
    0xaa, 0xaa, 0xa5, 0x55, 0x05, 0x50, 0x41, 0x55, 0x56, 0x01, 0x55, 0x34, 0x00, 0x00, 0x00, 0x00, 
    0x00, 0x01, 0x40, 0x00, 0x1b, 0xfe, 0x51, 0x06, 0xa9, 0xa8, 0x07, 0x8a, 0xaf, 0xfb, 0x19, 0x00, 
    0x00, 0x00, 0x00, 0x00, 0x00, 0x00, 0x01, 0x00, 0x16, 0xfa, 0xff, 0xff, 0xff, 0xf5, 0x55, 0x50, 
    0x00, 0x00, 0x00, 0x00, 0x00, 0x10, 0x00, 0x01, 0x3a, 0xfd, 0xa4, 0x00, 0x00, 0x00, 0x00, 0x00, 
    0x00, 0x45, 0x55, 0x55, 0x00, 0x0b, 0xff, 0xff, 0xff, 0xff, 0xff, 0xff, 0xff, 0xff, 0xff, 0xff, 
    0xff, 0xff, 0xff, 0xff, 0xff, 0xff, 0xff, 0xff, 0xff, 0xff, 0xff, 0xff, 0xff, 0xff, 0xff, 0x8b, 
    0xff, 0xff, 0xff, 0xff, 0xe7, 0xfb, 0xff, 0xff, 0xff, 0xff, 0xff, 0xc1, 0x55, 0x54, 0x55, 0x55, 
    0x40, 0x00, 0x00, 0x00, 0x0b, 0xff, 0xff, 0x45, 0x55, 0x55, 0x44, 0x15, 0x40, 0x00, 0x00, 0x02, 
    0xff, 0xff, 0xff, 0xde, 0xff, 0xff, 0xff, 0xff, 0xfd, 0xd0, 0xff, 0xff, 0xae, 0x00, 0x55, 0x00, 
    0xfe, 0x41, 0xbf, 0xff, 0xff, 0xff, 0xff, 0xff, 0xff, 0xd0, 0x69, 0x07, 0xff, 0xff, 0xff, 0xff, 
    0x90, 0x6f, 0x40, 0x15, 0x07, 0xff, 0x00, 0x55, 0x55, 0x55, 0x55, 0x54, 0x51, 0x10, 0x55, 0x55, 
    0x55, 0x55, 0x54, 0x45, 0x55, 0x55, 0x55, 0x55, 0x55, 0x55, 0x55, 0x50, 0x00, 0xbf, 0xff, 0xff, 
    0xff, 0xff, 0xfe, 0x01, 0x55, 0x55, 0xa5, 0x6a, 0xaa, 0xaa, 0x99, 0x40, 0x14, 0x56, 0xa5, 0x55, 
    0x55, 0x00, 0x44, 0x20, 0x00, 0x00, 0x00, 0x00, 0x00, 0x00, 0x00, 0x00, 0x1b, 0xe5, 0x40, 0x00, 
    0x5a, 0x6a, 0x06, 0x96, 0xaf, 0xfb, 0x24, 0x00, 0x00, 0x00, 0x04, 0x00, 0x00, 0x00, 0x00, 0x02, 
    0x06, 0xfb, 0xff, 0xff, 0xff, 0xf8, 0x55, 0x54, 0x00, 0x10, 0x08, 0x04, 0x00, 0x10, 0x00, 0x01, 
    0x67, 0x95, 0x74, 0x00, 0x00, 0x00, 0x00, 0x00, 0x00, 0x05, 0x54, 0x50, 0x00, 0x03, 0xff, 0xff, 
    0xff, 0xff, 0xff, 0xff, 0xff, 0xff, 0xff, 0xff, 0xff, 0xff, 0xff, 0xff, 0xff, 0xff, 0xff, 0xff, 
    0xff, 0xff, 0xff, 0xff, 0xff, 0xff, 0xff, 0xef, 0xff, 0xff, 0xff, 0xfd, 0xae, 0xbf, 0xff, 0xff, 
    0xff, 0xff, 0xff, 0xf8, 0x55, 0x44, 0x15, 0x55, 0x50, 0x00, 0x00, 0x00, 0x2f, 0xff, 0xff, 0xf0, 
    0x55, 0x55, 0x50, 0x00, 0x00, 0x00, 0x00, 0x0b, 0xff, 0xff, 0xff, 0xcb, 0xff, 0xff, 0xff, 0xff, 
    0xfd, 0x40, 0xff, 0xff, 0xe4, 0x00, 0x00, 0x40, 0xff, 0xf9, 0x06, 0xff, 0xff, 0xff, 0xff, 0xff, 
    0xff, 0xfe, 0x46, 0xf4, 0x1f, 0xff, 0xff, 0xff, 0xfe, 0x41, 0xa0, 0x01, 0x10, 0xa9, 0x00, 0x05, 
    0xb5, 0x55, 0x55, 0x41, 0x44, 0x41, 0x55, 0x55, 0x55, 0x55, 0x54, 0x51, 0x55, 0x55, 0x55, 0x55, 
    0x55, 0x95, 0x55, 0x55, 0x00, 0x0b, 0xff, 0xff, 0xff, 0xff, 0xf4, 0x15, 0x6a, 0xaa, 0xa6, 0x5a, 
    0xa5, 0x6a, 0x95, 0x41, 0x45, 0x54, 0x05, 0x95, 0x5d, 0x12, 0xf4, 0x90, 0x00, 0x00, 0x00, 0x00, 
    0x15, 0x00, 0x00, 0x00, 0x00, 0x00, 0x00, 0x00, 0x01, 0x69, 0x82, 0x96, 0xaf, 0xeb, 0x16, 0x40, 
    0x00, 0x00, 0x00, 0x00, 0x00, 0x00, 0x04, 0x00, 0x15, 0xbe, 0xff, 0xff, 0xff, 0xfc, 0x55, 0x54, 
    0x00, 0x18, 0x09, 0x10, 0x00, 0x40, 0x10, 0x00, 0x83, 0xaa, 0x14, 0x00, 0x00, 0x00, 0x00, 0x00, 
    0x01, 0x45, 0x54, 0x40, 0x00, 0x01, 0xff, 0xff, 0xff, 0xff, 0xff, 0xff, 0xff, 0xff, 0xff, 0xff, 
    0xff, 0xff, 0xff, 0xff, 0xff, 0xff, 0xff, 0xff, 0xff, 0xff, 0xff, 0xff, 0xff, 0xff, 0xff, 0xff, 
    0xff, 0xff, 0xaf, 0xff, 0x5f, 0x9b, 0xff, 0xff, 0xff, 0xff, 0xff, 0xfe, 0x00, 0x01, 0x55, 0x55, 
    0x50, 0x00, 0x00, 0x00, 0x2f, 0xff, 0xff, 0xfc, 0x05, 0x54, 0x04, 0x00, 0x00, 0x00, 0x00, 0x7f, 
    0xff, 0xff, 0xff, 0x0b, 0xff, 0xff, 0xff, 0xff, 0xf5, 0x40, 0xff, 0xfe, 0x45, 0x50, 0x00, 0x00, 
    0x1b, 0xff, 0xe4, 0x1b, 0xff, 0xff, 0xff, 0xff, 0xff, 0xff, 0xf8, 0x1a, 0x00, 0x7f, 0xff, 0xff, 
    0xff, 0xf8, 0x01, 0x50, 0x15, 0x55, 0x54, 0x11, 0x65, 0x55, 0x55, 0x51, 0x05, 0x10, 0x15, 0x55, 
    0x55, 0x54, 0x51, 0x15, 0x55, 0x55, 0x55, 0x55, 0x55, 0x55, 0x51, 0x55, 0x40, 0x00, 0x2b, 0xff, 
    0xff, 0xe5, 0x05, 0x59, 0xaa, 0x6a, 0xaa, 0xa6, 0xa6, 0x59, 0x54, 0x05, 0x55, 0x55, 0x55, 0x15, 
    0x6e, 0x02, 0x59, 0x40, 0x00, 0x00, 0x00, 0x19, 0x67, 0xe0, 0x00, 0x00, 0x00, 0x00, 0x54, 0x54, 
    0x69, 0x0a, 0x52, 0xa2, 0xbb, 0xfb, 0x02, 0x80, 0x00, 0x10, 0x00, 0x00, 0x00, 0x00, 0x00, 0x01, 
    0x55, 0x6e, 0xff, 0xff, 0xff, 0xfe, 0x15, 0x54, 0x00, 0x14, 0x01, 0x40, 0x00, 0x00, 0x00, 0x00, 
    0xe2, 0x5b, 0x04, 0x00, 0x00, 0x00, 0x00, 0x00, 0x00, 0x04, 0x05, 0x00, 0x00, 0x00, 0x2b, 0xff, 
    0xff, 0xff, 0xff, 0xff, 0xff, 0xff, 0xff, 0xff, 0xff, 0xff, 0xff, 0xff, 0xff, 0xff, 0xff, 0xff, 
    0xff, 0xff, 0xff, 0xaa, 0xab, 0xff, 0xff, 0xff, 0xff, 0xff, 0xef, 0xfb, 0xff, 0xe7, 0xff, 0xff, 
    0xbf, 0xbe, 0xff, 0xef, 0xd0, 0x15, 0x55, 0x55, 0x45, 0x50, 0x00, 0x02, 0xaf, 0xff, 0xff, 0xf8, 
    0x40, 0x00, 0x00, 0x00, 0x00, 0x00, 0x02, 0xff, 0xfe, 0xff, 0xfd, 0x0b, 0xff, 0xff, 0xff, 0xff, 
    0xf5, 0x40, 0xbf, 0xe0, 0x01, 0x55, 0x55, 0x50, 0x40, 0x6f, 0xff, 0x90, 0x6f, 0xff, 0xff, 0xff, 
    0xff, 0xff, 0xff, 0x90, 0x52, 0x41, 0xbf, 0xff, 0xff, 0xff, 0xe8, 0x55, 0x41, 0x55, 0x55, 0x50, 
    0x15, 0x55, 0x55, 0x55, 0x11, 0x54, 0x05, 0x55, 0x55, 0x55, 0x54, 0x55, 0x55, 0x55, 0x55, 0x56, 
    0x95, 0x55, 0x55, 0x15, 0x50, 0x00, 0x00, 0x00, 0x00, 0x05, 0x54, 0x05, 0x99, 0xaa, 0xaa, 0xa5, 
    0x55, 0x51, 0x50, 0x59, 0x55, 0x55, 0x6a, 0x95, 0x6a, 0x00, 0x29, 0x00, 0x00, 0x00, 0x06, 0x90, 
    0x01, 0x00, 0x00, 0x00, 0x00, 0x1b, 0xfd, 0x55, 0x2a, 0x94, 0x50, 0x92, 0xab, 0xfb, 0x02, 0x90, 
    0x00, 0x10, 0x00, 0x00, 0x00, 0x05, 0x00, 0x01, 0x55, 0x5b, 0xbf, 0xff, 0xff, 0xff, 0x15, 0x55, 
    0x00, 0x14, 0x00, 0x40, 0x00, 0x00, 0x10, 0x00, 0x58, 0x07, 0x00, 0x00, 0x00, 0x00, 0x00, 0x00, 
    0x00, 0x00, 0x40, 0x00, 0x00, 0x00, 0x00, 0x00, 0x6b, 0xff, 0xff, 0xff, 0xff, 0xff, 0xff, 0xff, 
    0xff, 0xff, 0xff, 0xff, 0xef, 0xff, 0xff, 0xff, 0xff, 0xff, 0xfd, 0x9f, 0xf8, 0x6f, 0xff, 0xff, 
    0xff, 0xff, 0xf7, 0xff, 0xfe, 0xee, 0xff, 0xff, 0xff, 0xe6, 0xff, 0xef, 0xf4, 0x15, 0x55, 0x54, 
    0x01, 0x40, 0x00, 0x01, 0x6b, 0xff, 0xff, 0xf4, 0x6e, 0x00, 0x00, 0x00, 0x00, 0x00, 0x2f, 0xff, 
    0xff, 0xff, 0xf4, 0x97, 0xff, 0xff, 0xdf, 0xff, 0xd5, 0x40, 0x7e, 0x00, 0x55, 0x55, 0x55, 0x00, 
    0xf9, 0x00, 0x6f, 0xfe, 0x41, 0xbf, 0xff, 0xff, 0xff, 0xff, 0xff, 0xfe, 0x00, 0x69, 0x07, 0xff, 
    0xff, 0xff, 0xfd, 0x50, 0x10, 0x15, 0x55, 0x55, 0x05, 0x55, 0x55, 0x55, 0x55, 0x51, 0x55, 0x55, 
    0x55, 0x55, 0x54, 0x55, 0x55, 0x55, 0x55, 0x55, 0x55, 0x55, 0x56, 0x51, 0x55, 0x00, 0x00, 0x01, 
    0x6a, 0xa9, 0x55, 0x55, 0x56, 0x6a, 0xaa, 0x96, 0x55, 0x14, 0x16, 0x65, 0x55, 0x55, 0x59, 0x66, 
    0x86, 0x40, 0x21, 0x00, 0x00, 0x00, 0x00, 0x06, 0x40, 0x00, 0x00, 0x00, 0x42, 0x96, 0xfe, 0x55, 
    0x0a, 0xe9, 0x40, 0x61, 0xaa, 0xf9, 0x02, 0x90, 0x00, 0x00, 0x00, 0x00, 0x00, 0x00, 0x00, 0x00, 
    0x55, 0x5b, 0x7f, 0xff, 0xff, 0xff, 0x85, 0x55, 0x00, 0x14, 0x00, 0x00, 0x00, 0x00, 0x04, 0x00, 
    0x41, 0x00, 0x00, 0x00, 0x00, 0x00, 0x00, 0x00, 0x00, 0x00, 0x00, 0x00, 0x56, 0xaa, 0xaa, 0xaa, 
    0x50, 0x1b, 0xff, 0xff, 0xff, 0xff, 0xff, 0xff, 0xff, 0xff, 0xff, 0xff, 0xef, 0xff, 0xff, 0xff, 
    0xff, 0xff, 0xfb, 0xe2, 0xf4, 0xe6, 0xff, 0xff, 0xff, 0xd5, 0xbe, 0xbf, 0xff, 0xfb, 0xeb, 0xff, 
    0xff, 0xaa, 0xfb, 0xef, 0xfd, 0x05, 0x55, 0x54, 0x01, 0x50, 0x00, 0x00, 0x2e, 0xff, 0xff, 0xfd, 
    0xbf, 0xe4, 0x00, 0x00, 0x00, 0x06, 0xff, 0xff, 0xf7, 0xff, 0xfa, 0xd7, 0xff, 0xff, 0xef, 0xfd, 
    0x69, 0x40, 0x51, 0x55, 0x55, 0x00, 0x00, 0x00, 0xff, 0xe4, 0x01, 0xbf, 0xfd, 0x06, 0xff, 0xff, 
    0xff, 0xff, 0xff, 0xff, 0xe4, 0x01, 0xf4, 0x1b, 0xff, 0xff, 0xfe, 0x05, 0x05, 0x11, 0x55, 0x55, 
    0x55, 0x55, 0x55, 0x55, 0x55, 0x51, 0x15, 0x55, 0x55, 0x55, 0x55, 0x15, 0x55, 0x55, 0x55, 0x51, 
    0x55, 0x5a, 0x56, 0x65, 0x46, 0x40, 0x00, 0x15, 0x00, 0x00, 0x15, 0x55, 0x56, 0x6a, 0xaa, 0x91, 
    0x45, 0x41, 0x5a, 0x49, 0xa5, 0x59, 0x96, 0xe6, 0xfe, 0x00, 0x04, 0x00, 0x00, 0x00, 0x1d, 0x09, 
    0xa4, 0x00, 0x00, 0x04, 0x6a, 0xa9, 0x2f, 0xa9, 0x03, 0xea, 0x40, 0x25, 0xe9, 0xfe, 0x05, 0x50, 
    0x00, 0x01, 0x00, 0x00, 0x00, 0x00, 0x00, 0x00, 0x19, 0x56, 0xaf, 0xff, 0xff, 0xff, 0xc4, 0x41, 
    0x00, 0x10, 0x01, 0x00, 0x00, 0x00, 0x04, 0x00, 0x00, 0x40, 0x00, 0x00, 0x00, 0x00, 0x00, 0x00, 
    0x00, 0x00, 0x00, 0x5a, 0xaa, 0xaa, 0xaa, 0xaa, 0x94, 0x00, 0x1f, 0xff, 0xff, 0xff, 0xff, 0xff, 
    0xff, 0xff, 0xff, 0xff, 0xff, 0xff, 0xff, 0xff, 0xff, 0xff, 0xaf, 0xfd, 0xaa, 0x7f, 0xab, 0xff, 
    0xff, 0xf8, 0x19, 0x0f, 0xff, 0xfa, 0xff, 0xff, 0xff, 0xbb, 0xfb, 0xff, 0xfe, 0xc1, 0x55, 0x54, 
    0x00, 0x00, 0x00, 0x02, 0x6e, 0xff, 0xff, 0xfe, 0xff, 0xff, 0xfe, 0x90, 0x00, 0x3f, 0xff, 0xff, 
    0xe3, 0xff, 0xff, 0xd0, 0xbf, 0xff, 0xff, 0xd5, 0xbf, 0xd0, 0x05, 0x65, 0x55, 0x55, 0x40, 0x00, 
    0xff, 0xff, 0x90, 0x01, 0xbf, 0xf4, 0x1b, 0xff, 0xff, 0xff, 0xff, 0xff, 0xf9, 0x90, 0x1b, 0xd0, 
    0x7f, 0xff, 0xfc, 0x55, 0x55, 0x50, 0x05, 0x55, 0x55, 0x55, 0x55, 0x55, 0x55, 0x15, 0x45, 0x55, 
    0x55, 0x55, 0x15, 0x55, 0x55, 0x55, 0x55, 0x55, 0x55, 0x55, 0xa5, 0x55, 0x51, 0x90, 0x00, 0x00, 
    0x01, 0x55, 0x40, 0x55, 0x55, 0xaa, 0xaa, 0xaa, 0xa9, 0x55, 0x5a, 0x66, 0x59, 0x56, 0x69, 0x55, 
    0x5c, 0x00, 0x11, 0x00, 0x00, 0x00, 0x29, 0x00, 0x00, 0x00, 0x00, 0x01, 0xaa, 0x95, 0x06, 0xda, 
    0x41, 0xf6, 0xa4, 0x18, 0xa9, 0xfe, 0x85, 0x80, 0x01, 0x00, 0x00, 0x00, 0x00, 0x00, 0x00, 0x00, 
    0x15, 0x55, 0x6f, 0xff, 0xff, 0xff, 0xd4, 0x14, 0x00, 0x10, 0x00, 0x00, 0x00, 0x00, 0x02, 0x00, 
    0x00, 0x40, 0x00, 0x00, 0x00, 0x00, 0x00, 0x00, 0x40, 0x40, 0x06, 0xaa, 0xaa, 0xaa, 0xa9, 0x55, 
    0x56, 0xaa, 0x50, 0x7f, 0xff, 0xff, 0xff, 0xff, 0xff, 0xff, 0xff, 0xff, 0xff, 0xff, 0xff, 0xff, 
    0xff, 0xfa, 0xff, 0xff, 0xfe, 0x9b, 0xf8, 0xbf, 0xf9, 0xbf, 0x80, 0x6f, 0xff, 0xf9, 0xbb, 0xff, 
    0xff, 0xbb, 0xfb, 0xaf, 0xfe, 0xf4, 0x15, 0x50, 0x00, 0x00, 0x04, 0x06, 0x6e, 0xfe, 0xff, 0xfe, 
    0xff, 0xff, 0xff, 0xff, 0xe6, 0xbf, 0xff, 0xff, 0xe3, 0xff, 0xff, 0xd3, 0xff, 0xff, 0xff, 0xd0, 
    0x7a, 0x40, 0x00, 0x00, 0x05, 0x54, 0x00, 0x15, 0xff, 0xff, 0xfe, 0x40, 0x06, 0xff, 0xd0, 0x6f, 
    0xff, 0xff, 0xff, 0xff, 0xff, 0xa4, 0x00, 0x6f, 0x41, 0xff, 0xfc, 0x15, 0x55, 0x55, 0x44, 0x55, 
    0x55, 0x55, 0x55, 0x55, 0x55, 0x05, 0x55, 0x55, 0x55, 0x55, 0x55, 0x55, 0x55, 0x55, 0x55, 0x55, 
    0x55, 0x55, 0x55, 0x55, 0x55, 0x18, 0x00, 0x00, 0x15, 0x55, 0x55, 0x55, 0x56, 0xaa, 0xaa, 0xaa, 
    0x95, 0x5a, 0x59, 0x69, 0xa9, 0x54, 0x16, 0x40, 0x1c, 0x00, 0x11, 0x00, 0x00, 0x00, 0x1f, 0x80, 
    0x00, 0x00, 0x00, 0x00, 0x1a, 0x94, 0x00, 0x6a, 0x90, 0x7a, 0xa4, 0x08, 0xa9, 0xbe, 0x85, 0x40, 
    0x06, 0x00, 0x00, 0x00, 0x00, 0x00, 0x00, 0x00, 0x05, 0x55, 0xbf, 0xff, 0xff, 0xff, 0xf1, 0x51, 
    0x00, 0x10, 0x00, 0x00, 0x00, 0x00, 0x02, 0x01, 0x00, 0x00, 0x00, 0x00, 0x00, 0x00, 0x00, 0x01, 
    0x52, 0xa0, 0x6a, 0xaa, 0xbf, 0xe9, 0x6f, 0xfa, 0xbf, 0xff, 0xff, 0x91, 0xff, 0xff, 0xff, 0xff, 
    0xff, 0xff, 0xff, 0xff, 0xff, 0xff, 0xff, 0xff, 0xff, 0x5f, 0xff, 0xff, 0xff, 0x87, 0xf9, 0x2f, 
    0xfd, 0x9f, 0xe0, 0x0b, 0xff, 0xff, 0xaa, 0xff, 0xff, 0xba, 0xbb, 0xaf, 0xfa, 0xfa, 0x05, 0x40, 
    0x00, 0x02, 0xff, 0xa9, 0x6f, 0xbf, 0xff, 0xfe, 0xff, 0xff, 0xff, 0xff, 0xff, 0xbf, 0xff, 0xff, 
    0xe2, 0xff, 0xff, 0xd2, 0xff, 0xff, 0xff, 0xc0, 0x00, 0x00, 0x00, 0x00, 0x01, 0x40, 0x02, 0xfe, 
    0xff, 0xff, 0xff, 0xfd, 0x00, 0x06, 0xff, 0x41, 0xbf, 0xff, 0xff, 0xff, 0xff, 0xf8, 0x01, 0xea, 
    0xbd, 0x0b, 0xfd, 0x15, 0x55, 0x55, 0x51, 0xa4, 0x55, 0x55, 0x55, 0x55, 0x55, 0x55, 0x55, 0x45, 
    0x55, 0x55, 0x55, 0x05, 0x55, 0x55, 0x55, 0x55, 0x55, 0x96, 0x55, 0x55, 0x55, 0x55, 0x00, 0x00, 
    0x00, 0x00, 0x55, 0x55, 0x5a, 0xa9, 0x56, 0xaa, 0x5a, 0xa9, 0x55, 0xaa, 0xa9, 0x42, 0xa0, 0x00, 
    0x24, 0x00, 0x40, 0x00, 0x00, 0x00, 0x00, 0x00, 0x00, 0x00, 0x06, 0x40, 0x01, 0x66, 0x54, 0x0a, 
    0xa4, 0x09, 0xaa, 0x01, 0xb5, 0xbf, 0x85, 0x40, 0x08, 0x00, 0x00, 0x10, 0x00, 0x00, 0x00, 0x00, 
    0x05, 0x55, 0xfb, 0xff, 0xff, 0xff, 0xf5, 0x40, 0x00, 0x10, 0x00, 0x00, 0x00, 0x00, 0x02, 0x01, 
    0x01, 0x00, 0x00, 0x00, 0x00, 0x00, 0x00, 0x01, 0x5a, 0x80, 0x6a, 0xab, 0xea, 0xbf, 0xff, 0xff, 
    0xff, 0xff, 0xff, 0xfe, 0x46, 0xff, 0xff, 0xff, 0xff, 0xff, 0xff, 0xff, 0xff, 0xff, 0xff, 0xff, 
    0xff, 0x1b, 0xff, 0xff, 0xfc, 0x0a, 0xf0, 0x0f, 0xff, 0xff, 0xf8, 0x4b, 0xff, 0xff, 0xaf, 0xbf, 
    0xff, 0xbf, 0xbb, 0xaf, 0xfe, 0xfb, 0xd0, 0x00, 0x15, 0xfb, 0xff, 0xda, 0x6f, 0xbe, 0xff, 0xfe, 
    0xff, 0xff, 0xff, 0xff, 0xfe, 0xbf, 0xff, 0xff, 0xe2, 0xff, 0xff, 0xd1, 0xff, 0xff, 0xff, 0x98, 
    0x00, 0x00, 0x00, 0x00, 0x00, 0x00, 0x0b, 0xe6, 0xff, 0xff, 0xff, 0xff, 0xf9, 0x00, 0x1b, 0xfe, 
    0x46, 0xff, 0xff, 0xff, 0xff, 0xfe, 0x00, 0x1f, 0xea, 0xb4, 0x68, 0x05, 0x55, 0x55, 0x55, 0x55, 
    0x55, 0x55, 0x55, 0x55, 0x55, 0x51, 0x45, 0x55, 0x55, 0x55, 0x55, 0x55, 0x55, 0x55, 0x55, 0x55, 
    0x55, 0x55, 0x55, 0x55, 0x55, 0x55, 0x40, 0x00, 0x01, 0x55, 0x56, 0x55, 0x66, 0xaa, 0x55, 0x69, 
    0x65, 0xa9, 0x6a, 0xaa, 0xb4, 0x69, 0x00, 0x00, 0x30, 0x00, 0x00, 0x00, 0x00, 0x00, 0x00, 0x00, 
    0x04, 0x00, 0x01, 0x40, 0x02, 0x90, 0x1a, 0x92, 0x94, 0x00, 0x5a, 0x80, 0xb5, 0xbf, 0x86, 0x40, 
    0x00, 0x14, 0x00, 0x00, 0x00, 0x00, 0x00, 0x00, 0x51, 0x55, 0xff, 0xff, 0xff, 0xff, 0xf8, 0x40, 
    0x00, 0x10, 0x00, 0x00, 0x04, 0x00, 0x02, 0x01, 0x01, 0x00, 0x00, 0x00, 0x00, 0x00, 0x00, 0x00, 
    0x01, 0x01, 0xaa, 0xaa, 0xff, 0xff, 0xff, 0xff, 0xff, 0xff, 0xe5, 0x00, 0x00, 0x0b, 0xff, 0xff, 
    0xff, 0xff, 0xff, 0xff, 0xff, 0xff, 0xff, 0xff, 0xff, 0x95, 0xbf, 0xff, 0xfe, 0x1f, 0xd0, 0x53, 
    0xff, 0xff, 0xff, 0xe3, 0xff, 0xff, 0xeb, 0xeb, 0xff, 0xab, 0x6b, 0x9e, 0xfa, 0xfb, 0xf8, 0x1b, 
    0xfe, 0xfb, 0xef, 0xd7, 0xaf, 0xbf, 0xff, 0xfe, 0xfb, 0xff, 0xff, 0xff, 0xff, 0xbf, 0xff, 0xff, 
    0xf3, 0xff, 0xff, 0xd1, 0xff, 0xff, 0xff, 0xf0, 0x00, 0x00, 0x00, 0x00, 0x00, 0x00, 0x2f, 0xfb, 
    0xff, 0xff, 0xff, 0xff, 0xff, 0xf9, 0x00, 0x1b, 0xf9, 0x0b, 0xff, 0xff, 0xff, 0xff, 0xd0, 0x00, 
    0x6f, 0xea, 0x40, 0x54, 0x55, 0x55, 0x55, 0x55, 0x55, 0x59, 0x55, 0x55, 0x55, 0x55, 0x51, 0x55, 
    0x55, 0x55, 0x51, 0x51, 0x55, 0x55, 0x55, 0x55, 0x55, 0x55, 0x95, 0x55, 0x95, 0x56, 0x64, 0x00, 
    0x00, 0x01, 0x55, 0x45, 0x55, 0x55, 0x55, 0x51, 0x6a, 0xa5, 0xaa, 0xaa, 0x97, 0xe5, 0x50, 0x00, 
    0x90, 0x00, 0x00, 0x00, 0x00, 0x00, 0x00, 0x00, 0x04, 0x00, 0x41, 0x99, 0x02, 0x02, 0x95, 0x54, 
    0xa9, 0x40, 0x06, 0xa0, 0x79, 0x7f, 0x82, 0x40, 0x00, 0x00, 0x00, 0x00, 0x00, 0x00, 0x00, 0x00, 
    0x51, 0x56, 0xfe, 0xff, 0xff, 0xff, 0xfc, 0x40, 0x00, 0x40, 0x00, 0x00, 0x10, 0x00, 0x01, 0x00, 
    0x05, 0x11, 0x00, 0x00, 0x00, 0x00, 0x00, 0x04, 0x00, 0x56, 0xaa, 0xbf, 0xff, 0xff, 0xff, 0xff, 
    0xff, 0xe4, 0x00, 0x00, 0x00, 0x00, 0x2f, 0xff, 0xff, 0xff, 0xff, 0xff, 0xff, 0xff, 0xff, 0xff, 
    0xff, 0xd6, 0x99, 0xeb, 0xaf, 0xe9, 0x00, 0x55, 0xff, 0xff, 0xff, 0xf9, 0xff, 0xff, 0xff, 0xfb, 
    0xfe, 0xbb, 0xd7, 0xae, 0xfa, 0xff, 0xfd, 0xff, 0xfe, 0xfb, 0xef, 0xd7, 0xaf, 0xff, 0xff, 0xfe, 
    0xfb, 0xff, 0xff, 0xff, 0xff, 0xbf, 0xff, 0xff, 0xf3, 0xff, 0xff, 0xc1, 0xff, 0xff, 0xfe, 0xd0, 
    0x00, 0x00, 0x40, 0x00, 0xc0, 0x00, 0x2b, 0xff, 0xff, 0xff, 0xff, 0xff, 0xff, 0xff, 0xe4, 0x00, 
    0x6f, 0xe4, 0x2f, 0xff, 0xff, 0xea, 0xf8, 0x00, 0x02, 0xba, 0xe1, 0x55, 0x55, 0x55, 0x55, 0x51, 
    0x55, 0x55, 0x55, 0x55, 0x55, 0x55, 0x55, 0x54, 0x55, 0x55, 0x51, 0x55, 0x55, 0x55, 0x55, 0x55, 
    0x55, 0x55, 0x55, 0x56, 0x65, 0x55, 0xaa, 0x40, 0x54, 0x55, 0x5a, 0xaa, 0xaa, 0xaa, 0xaa, 0x45, 
    0xaa, 0xaa, 0xaa, 0xa9, 0xbf, 0xe4, 0x00, 0x00, 0xc0, 0x00, 0x00, 0x00, 0x00, 0x00, 0x00, 0x00, 
    0x00, 0x04, 0x1a, 0x9f, 0x00, 0x00, 0x05, 0x00, 0x2a, 0x90, 0x05, 0x94, 0x38, 0x6f, 0xd1, 0x40, 
    0x14, 0x00, 0x00, 0x00, 0x00, 0x00, 0x00, 0x01, 0x55, 0x53, 0xfe, 0xff, 0xff, 0xff, 0xfe, 0x00, 
    0x00, 0x40, 0x00, 0x00, 0x00, 0x00, 0x01, 0x0a, 0x00, 0x00, 0x00, 0x00, 0x00, 0x00, 0x00, 0x00, 
    0x01, 0xaa, 0xab, 0xff, 0xff, 0xff, 0xff, 0xff, 0xfd, 0x00, 0x00, 0x00, 0x00, 0x00, 0x01, 0xbf, 
    0xff, 0xff, 0xff, 0xff, 0xff, 0xff, 0xff, 0xff, 0xff, 0xf6, 0x56, 0xa5, 0x6f, 0xd0, 0x00, 0x15, 
    0x7f, 0xff, 0xff, 0xfd, 0xbf, 0xff, 0xff, 0xff, 0xfd, 0xaf, 0xf7, 0xae, 0xfe, 0xfb, 0xfa, 0xff, 
    0xfe, 0xff, 0xef, 0xe6, 0xaf, 0xef, 0xff, 0x5e, 0xdb, 0xff, 0xff, 0xff, 0xfd, 0x7f, 0xff, 0xff, 
    0xfb, 0xff, 0xff, 0xc1, 0x7f, 0xe9, 0x55, 0x40, 0x00, 0x00, 0x00, 0x01, 0xf0, 0x00, 0x5b, 0xff, 
    0xff, 0xff, 0xff, 0xff, 0xff, 0xff, 0xff, 0x90, 0x00, 0x6f, 0x90, 0x7f, 0xff, 0xff, 0xe8, 0x00, 
    0x00, 0x00, 0x00, 0x55, 0x55, 0x55, 0x55, 0x55, 0x55, 0x55, 0x55, 0x55, 0x55, 0x55, 0x54, 0x55, 
    0x15, 0x55, 0x55, 0x55, 0x55, 0x55, 0x55, 0x55, 0x55, 0x55, 0x55, 0x55, 0x55, 0xa6, 0xa6, 0xa9, 
    0x01, 0x40, 0x55, 0xaa, 0xaa, 0xaa, 0xa9, 0x1a, 0xaa, 0xaa, 0xaa, 0x97, 0xf9, 0x00, 0x01, 0x52, 
    0x81, 0x40, 0x00, 0x00, 0x00, 0x00, 0x01, 0x40, 0x00, 0x00, 0x00, 0x00, 0x00, 0x00, 0x01, 0xea, 
    0x8a, 0xa5, 0x10, 0x64, 0x18, 0x1f, 0xe0, 0x10, 0x20, 0x00, 0x00, 0x00, 0x01, 0xae, 0x14, 0x00, 
    0x14, 0x57, 0xff, 0xff, 0xff, 0xff, 0xff, 0x00, 0x00, 0x00, 0x00, 0x00, 0x00, 0x00, 0x01, 0x00, 
    0x00, 0x00, 0x00, 0x00, 0x00, 0x00, 0x01, 0x44, 0x0a, 0xaa, 0xbf, 0xff, 0xff, 0xff, 0xff, 0xff, 
    0xd0, 0x00, 0x00, 0x00, 0x00, 0x00, 0x00, 0x01, 0xbf, 0xff, 0xff, 0xff, 0xff, 0xff, 0xff, 0xff, 
    0xff, 0xf9, 0x95, 0x55, 0x65, 0x00, 0x15, 0x50, 0x6f, 0xff, 0xff, 0xff, 0x7f, 0xff, 0xff, 0xfb, 
    0xad, 0xef, 0xfb, 0x49, 0xfe, 0xfb, 0xf7, 0xff, 0xfe, 0xff, 0xef, 0xf5, 0xbf, 0xcf, 0xff, 0xfe, 
    0x9f, 0xff, 0xff, 0xff, 0xfa, 0x3f, 0xfa, 0xbf, 0xfb, 0xff, 0xff, 0xc0, 0x15, 0x05, 0x50, 0x02, 
    0x00, 0x00, 0x00, 0x01, 0xf0, 0x02, 0x56, 0xfe, 0xff, 0xff, 0xff, 0xff, 0xff, 0xff, 0xff, 0xff, 
    0x90, 0x01, 0xbe, 0x42, 0xff, 0xff, 0xff, 0x80, 0x00, 0x05, 0x55, 0x00, 0x15, 0x55, 0x55, 0x55, 
    0x55, 0x55, 0x55, 0x55, 0x55, 0x55, 0x55, 0x55, 0x45, 0x55, 0x54, 0x55, 0x55, 0x65, 0x55, 0x55, 
    0x55, 0x55, 0x56, 0x95, 0x55, 0x6a, 0x9a, 0xaa, 0x90, 0x15, 0x41, 0xaa, 0x91, 0xaa, 0xa4, 0x6a, 
    0xaa, 0xaa, 0xaa, 0x6f, 0x40, 0x00, 0x00, 0x03, 0x05, 0x00, 0x00, 0x00, 0x00, 0x00, 0x00, 0x04, 
    0x00, 0x00, 0x00, 0x1b, 0xea, 0x90, 0x02, 0xfe, 0xa2, 0xaa, 0x44, 0x69, 0x89, 0x0b, 0xf0, 0x10, 
    0x20, 0x00, 0x00, 0x00, 0x6a, 0x50, 0x16, 0xb4, 0x14, 0x4b, 0xff, 0xff, 0xff, 0xff, 0xff, 0x40, 
    0x00, 0x00, 0x00, 0x00, 0x00, 0x00, 0x00, 0x01, 0x00, 0x00, 0x00, 0x00, 0x00, 0x00, 0x15, 0x00, 
    0x2a, 0xab, 0xff, 0xd5, 0xbf, 0xff, 0xff, 0xfd, 0x00, 0x00, 0x00, 0x60, 0x00, 0x40, 0x00, 0x00, 
    0x06, 0xff, 0xff, 0xff, 0xff, 0xff, 0xff, 0xff, 0xff, 0xfd, 0xa5, 0x55, 0x55, 0x54, 0x15, 0x55, 
    0x5f, 0xff, 0xff, 0xfe, 0xef, 0xff, 0xff, 0xfe, 0xbb, 0xef, 0xfa, 0x04, 0xff, 0xf7, 0xf7, 0xff, 
    0xfd, 0xff, 0x9f, 0xf5, 0xbf, 0xdf, 0xff, 0xfd, 0x6b, 0xff, 0xff, 0xff, 0xfb, 0x7f, 0xf0, 0xbf, 
    0xf7, 0xff, 0xff, 0xc9, 0x00, 0x1f, 0xe0, 0x4b, 0x80, 0x00, 0x01, 0x00, 0xb0, 0x0b, 0x55, 0xff, 
    0xff, 0xff, 0xff, 0xff, 0xff, 0xff, 0xff, 0xff, 0xfe, 0x40, 0x01, 0xb9, 0x0b, 0xff, 0xff, 0xf8, 
    0x15, 0x45, 0x45, 0x50, 0x00, 0x55, 0x55, 0x55, 0x55, 0x55, 0x55, 0x55, 0x55, 0x55, 0x55, 0x51, 
    0x41, 0x55, 0x55, 0x55, 0x55, 0x65, 0x55, 0x55, 0x55, 0x55, 0x56, 0xa5, 0x55, 0xaa, 0xaa, 0xaa, 
    0xa9, 0x05, 0x55, 0x50, 0x16, 0xaa, 0x95, 0xaa, 0xaa, 0xaa, 0xa5, 0xf4, 0x55, 0x00, 0x00, 0x0a, 
    0x08, 0x00, 0x00, 0x00, 0x00, 0x00, 0x00, 0x00, 0x00, 0x00, 0x55, 0x40, 0x7e, 0xff, 0xe4, 0x1a, 
    0xa8, 0xaa, 0x91, 0x1a, 0x57, 0x83, 0xf8, 0x00, 0x50, 0x00, 0x00, 0x05, 0x14, 0x00, 0x00, 0x16, 
    0x85, 0x4f, 0xff, 0xff, 0xff, 0xff, 0xff, 0x80, 0x00, 0x00, 0x00, 0x00, 0x00, 0x00, 0x00, 0x01, 
    0x00, 0x00, 0x00, 0x00, 0x00, 0x00, 0x15, 0x00, 0x1a, 0xbf, 0xff, 0xa6, 0xff, 0xff, 0xff, 0xe0, 
    0x00, 0x00, 0x00, 0x00, 0x00, 0x00, 0x00, 0x00, 0x00, 0x1b, 0xff, 0xff, 0xff, 0xff, 0xff, 0xff, 
    0xff, 0xff, 0x65, 0x56, 0xa9, 0x65, 0x45, 0x51, 0x57, 0xff, 0xff, 0xfe, 0xfe, 0xaf, 0xff, 0xff, 
    0xe6, 0xef, 0xf9, 0x00, 0xbe, 0xff, 0xf6, 0xff, 0xf9, 0xff, 0xef, 0xf5, 0x7f, 0xdb, 0xff, 0xfc, 
    0x5b, 0xef, 0xff, 0xff, 0xfb, 0x7f, 0xf7, 0xff, 0xfb, 0xff, 0xff, 0x9f, 0xec, 0x1f, 0x42, 0xcf, 
    0xc0, 0x00, 0x05, 0x00, 0x10, 0x2a, 0x55, 0xff, 0xff, 0xff, 0xff, 0xff, 0xff, 0xff, 0xff, 0xff, 
    0xff, 0xfe, 0x40, 0x06, 0xe4, 0x1f, 0xff, 0xff, 0x05, 0x55, 0x55, 0x55, 0x55, 0x05, 0x55, 0x55, 
    0x55, 0x55, 0x55, 0x55, 0x55, 0x55, 0x55, 0x55, 0x55, 0x55, 0x55, 0x15, 0x55, 0x55, 0x55, 0x55, 
    0x55, 0x56, 0x55, 0x69, 0x96, 0xaa, 0xaa, 0xaa, 0xaa, 0x90, 0x00, 0x11, 0xaa, 0xaa, 0x5a, 0xaa, 
    0xaa, 0xaa, 0x4b, 0xe9, 0x40, 0x00, 0x00, 0x0d, 0x20, 0x00, 0x00, 0x00, 0x00, 0x10, 0x00, 0x00, 
    0x02, 0xaa, 0xaa, 0xba, 0x56, 0xff, 0xff, 0x80, 0x00, 0x11, 0xa4, 0x06, 0x94, 0xba, 0xfc, 0x00, 
    0x80, 0x00, 0x00, 0x50, 0x7c, 0x00, 0x00, 0x05, 0xa5, 0x1f, 0xff, 0xff, 0xff, 0xff, 0xff, 0xc0, 
    0x00, 0x40, 0x00, 0x00, 0x10, 0x00, 0x00, 0x01, 0x00, 0x00, 0x00, 0x00, 0x00, 0x00, 0x04, 0x40, 
    0x6b, 0xff, 0xfb, 0xef, 0xff, 0xff, 0xff, 0x40, 0x00, 0x00, 0x00, 0x00, 0x00, 0x00, 0x00, 0x00, 
    0x00, 0x00, 0xbf, 0xff, 0xff, 0xff, 0xff, 0xff, 0xff, 0xff, 0x95, 0x6a, 0xaa, 0x55, 0x54, 0x01, 
    0x56, 0xff, 0xff, 0xfe, 0xff, 0xfb, 0xff, 0xfe, 0xf5, 0xef, 0xfa, 0xd9, 0xbd, 0xef, 0xf4, 0xff, 
    0xfa, 0xef, 0xff, 0xf5, 0x6f, 0xef, 0xff, 0xf4, 0x7f, 0xef, 0xff, 0xff, 0xff, 0xbf, 0xff, 0xff, 
    0xfb, 0xff, 0xff, 0x9f, 0xb0, 0x00, 0x2b, 0x5f, 0xd0, 0x00, 0x00, 0x00, 0x00, 0x31, 0x15, 0x7a, 
    0xff, 0xff, 0xff, 0xff, 0xff, 0xff, 0xff, 0xff, 0xff, 0xff, 0xf9, 0x00, 0x1a, 0x90, 0x6f, 0xff, 
    0xc1, 0x55, 0x55, 0x55, 0x55, 0x54, 0x41, 0x55, 0x55, 0x51, 0x55, 0x55, 0x55, 0x55, 0x55, 0x55, 
    0x55, 0x55, 0x55, 0x55, 0x55, 0x55, 0x55, 0x55, 0x55, 0x55, 0x56, 0x65, 0x6a, 0xaa, 0xaa, 0xaa, 
    0xaa, 0xa9, 0x59, 0x59, 0x6a, 0xa9, 0x6a, 0xaa, 0xaa, 0xa9, 0x7f, 0x90, 0x00, 0x00, 0x40, 0x28, 
    0x50, 0x00, 0x00, 0x00, 0x00, 0x00, 0x01, 0x00, 0x00, 0x06, 0xaa, 0xba, 0xb8, 0x6f, 0xff, 0xf8, 
    0x00, 0x19, 0x64, 0x01, 0xac, 0x0a, 0xbd, 0x00, 0x80, 0x00, 0x02, 0x42, 0xe8, 0x00, 0x00, 0x05, 
    0x95, 0x3f, 0xff, 0xff, 0xff, 0xff, 0xff, 0xe0, 0x00, 0x00, 0x40, 0x00, 0x40, 0x00, 0x00, 0x04, 
    0x00, 0x00, 0x00, 0x00, 0x01, 0x00, 0x15, 0x01, 0xaf, 0xff, 0xfe, 0xff, 0xff, 0xff, 0xf8, 0x00, 
    0x00, 0x01, 0x00, 0x00, 0x00, 0x00, 0x00, 0x10, 0x00, 0x00, 0x0b, 0xff, 0xff, 0xff, 0xff, 0xff, 
    0xff, 0xff, 0xd5, 0x6a, 0xa5, 0x55, 0x55, 0x00, 0x15, 0xff, 0xff, 0xff, 0xff, 0xfe, 0xff, 0xff, 
    0xf9, 0xff, 0xff, 0xda, 0xbe, 0xef, 0xf4, 0xff, 0xf5, 0xaf, 0xfe, 0xf5, 0x7f, 0xeb, 0xff, 0xf8, 
    0x7a, 0xfb, 0xff, 0xff, 0xff, 0xbf, 0xf0, 0xff, 0xfd, 0xff, 0xff, 0xaf, 0xf0, 0xb4, 0xdb, 0xff, 
    0xf0, 0x05, 0x55, 0x40, 0x00, 0xb9, 0x19, 0x55, 0xff, 0xff, 0xff, 0xff, 0xff, 0xff, 0xff, 0xff, 
    0xff, 0xff, 0xff, 0xf8, 0x05, 0xa9, 0x41, 0xbf, 0xf4, 0x51, 0x55, 0x55, 0x55, 0x55, 0x55, 0x45, 
    0x55, 0x55, 0x55, 0x55, 0x55, 0x55, 0x55, 0x55, 0x55, 0x55, 0x55, 0x45, 0x55, 0x55, 0x96, 0xaa, 
    0x95, 0x55, 0x65, 0xa5, 0xaa, 0xaa, 0xaa, 0xaa, 0xaa, 0xaa, 0xaa, 0xaa, 0x95, 0x56, 0xaa, 0xaa, 
    0xaa, 0xa6, 0xf9, 0x00, 0x00, 0x00, 0x00, 0x30, 0x50, 0x00, 0x00, 0x00, 0x00, 0x00, 0x00, 0x00, 
    0x10, 0x00, 0x2a, 0x9a, 0xa4, 0x6a, 0xff, 0xff, 0x80, 0x09, 0x05, 0x40, 0x6a, 0x41, 0x6e, 0x00, 
    0x40, 0x00, 0x1f, 0x5b, 0xf8, 0x00, 0x00, 0x05, 0x50, 0x3f, 0xff, 0xff, 0xff, 0xff, 0xff, 0xf0, 
    0x00, 0x00, 0x40, 0x00, 0x00, 0x00, 0x00, 0x08, 0x00, 0x00, 0x00, 0x00, 0x05, 0x10, 0x55, 0x86, 
    0xbf, 0xff, 0xff, 0xff, 0xff, 0xff, 0xd0, 0x00, 0x00, 0x10, 0x00, 0x00, 0x00, 0x00, 0x00, 0x00, 
    0x00, 0x00, 0x00, 0xbf, 0xff, 0xff, 0xff, 0xff, 0xff, 0xff, 0xf1, 0x5a, 0x95, 0x55, 0x54, 0x05, 
    0x00, 0xbf, 0xff, 0xfe, 0xff, 0xff, 0xff, 0xff, 0xfb, 0xff, 0xff, 0xf5, 0xbd, 0xff, 0xf9, 0xfa, 
    0xf5, 0x9b, 0xff, 0xf5, 0x7f, 0xeb, 0xff, 0xfe, 0x7f, 0xfb, 0xff, 0xff, 0xfb, 0xbf, 0xf0, 0xff, 
    0xfe, 0xbf, 0xff, 0x6f, 0xf2, 0xf3, 0xcf, 0xff, 0xf8, 0x05, 0x55, 0x40, 0x51, 0xff, 0x15, 0xb9, 
    0xff, 0xff, 0xff, 0xff, 0xff, 0xff, 0xff, 0xff, 0xff, 0xff, 0xff, 0xff, 0xe4, 0x1a, 0x94, 0x06, 
    0xfe, 0x00, 0x55, 0x55, 0x55, 0x55, 0x55, 0x55, 0x55, 0x45, 0x55, 0x55, 0x55, 0x55, 0x55, 0x55, 
    0x55, 0x55, 0x55, 0x55, 0x55, 0x55, 0x55, 0x65, 0xaa, 0x55, 0x99, 0x65, 0x56, 0xaa, 0xaa, 0xaa, 
    0xaa, 0xaa, 0xaa, 0xaa, 0xa9, 0x45, 0x55, 0x5a, 0xaa, 0x9b, 0x90, 0x00, 0x00, 0x00, 0x00, 0xa0, 
    0x40, 0x00, 0x00, 0x00, 0x00, 0x00, 0x00, 0x00, 0x60, 0x01, 0xa4, 0x12, 0xa4, 0x2a, 0xff, 0xaf, 
    0xf4, 0x02, 0x40, 0x00, 0x1a, 0x94, 0x5b, 0x00, 0x40, 0x00, 0x65, 0xbe, 0x68, 0x00, 0x00, 0x01, 
    0x44, 0x6f, 0xff, 0xfe, 0xff, 0xff, 0xff, 0xf8, 0x21, 0x01, 0x40, 0x40, 0x00, 0x00, 0x00, 0x10, 
    0x00, 0x00, 0x00, 0x50, 0x00, 0x41, 0x5b, 0x5b, 0xff, 0xff, 0xff, 0xff, 0xff, 0xff, 0x40, 0x00, 
    0x01, 0x00, 0x00, 0x00, 0x00, 0x00, 0x00, 0x00, 0x10, 0x00, 0x00, 0x1f, 0xff, 0xff, 0xff, 0xff, 
    0xff, 0xff, 0xf8, 0x6a, 0xa5, 0x55, 0x55, 0x05, 0x40, 0x7f, 0xff, 0xfe, 0xff, 0xff, 0xbf, 0xff, 
    0xfd, 0xff, 0xfe, 0xf9, 0x7c, 0xbf, 0xf4, 0xff, 0xfd, 0x0b, 0xff, 0xf5, 0x7f, 0xea, 0xff, 0xfe, 
    0x7f, 0xe7, 0xff, 0xff, 0xfb, 0xbf, 0xf0, 0xff, 0xff, 0xaf, 0xdf, 0xaf, 0xf3, 0xff, 0xff, 0xf9, 
    0xfc, 0x00, 0x55, 0x43, 0xfb, 0xff, 0x19, 0x7e, 0xff, 0xff, 0xff, 0xff, 0xff, 0xff, 0xff, 0xff, 
    0xff, 0xff, 0xff, 0xff, 0xff, 0xd0, 0x6e, 0x50, 0x1b, 0xd0, 0x55, 0x55, 0x55, 0x55, 0x55, 0x55, 
    0x55, 0x55, 0x55, 0x55, 0x55, 0x55, 0x55, 0x55, 0x55, 0x55, 0x55, 0x55, 0x55, 0x55, 0x55, 0x95, 
    0x55, 0xaa, 0x69, 0x6a, 0x55, 0x6a, 0xaa, 0xaa, 0xaa, 0xaa, 0xaa, 0xaa, 0xaa, 0x69, 0x56, 0xaa, 
    0xaa, 0x2d, 0x50, 0x54, 0x00, 0x00, 0x00, 0x90, 0x00, 0x00, 0x00, 0x00, 0x00, 0x00, 0x00, 0x01, 
    0x80, 0x0f, 0xff, 0x81, 0xa9, 0x2b, 0xff, 0xff, 0xff, 0x01, 0x94, 0x00, 0x0a, 0x9a, 0x5a, 0x40, 
    0x40, 0x01, 0x9d, 0x75, 0xe4, 0x00, 0x00, 0x05, 0x50, 0xef, 0xbf, 0xf4, 0xff, 0xff, 0xff, 0xfd, 
    0x19, 0x01, 0x00, 0x00, 0x00, 0x00, 0x14, 0x00, 0x00, 0x00, 0x00, 0x00, 0x00, 0x45, 0x6e, 0x6f, 
    0xff, 0xff, 0xff, 0xff, 0xff, 0xfd, 0x00, 0x00, 0x04, 0x00, 0x00, 0x00, 0x00, 0x00, 0x00, 0x00, 
    0x00, 0x00, 0x00, 0x02, 0xff, 0xff, 0xff, 0xff, 0xff, 0xff, 0xfe, 0x56, 0x95, 0x55, 0x00, 0x11, 
    0x40, 0xbf, 0xff, 0xff, 0xff, 0xff, 0xef, 0xff, 0xff, 0xff, 0xfb, 0xfb, 0x78, 0xbf, 0xf4, 0xff, 
    0xfd, 0x4f, 0xff, 0xf5, 0x4f, 0xea, 0xff, 0xfe, 0x7f, 0xea, 0xff, 0xff, 0xfb, 0xef, 0xd9, 0xbf, 
    0xff, 0xfb, 0x4f, 0x9f, 0xf7, 0xff, 0xff, 0xf8, 0xfe, 0x00, 0x15, 0x52, 0xfb, 0xff, 0x49, 0x7e, 
    0x1b, 0xff, 0xff, 0xff, 0xff, 0xff, 0xff, 0xff, 0xff, 0xff, 0xff, 0xff, 0xff, 0xff, 0x91, 0xba, 
    0x90, 0x14, 0x15, 0x55, 0x55, 0x55, 0x55, 0x55, 0x55, 0x55, 0x55, 0x55, 0x55, 0x55, 0x55, 0x55, 
    0x55, 0x55, 0x45, 0x55, 0x55, 0x55, 0x55, 0x9a, 0x55, 0x6a, 0xaa, 0x9a, 0xa9, 0x5a, 0xa9, 0x56, 
    0xaa, 0xaa, 0xaa, 0xaa, 0xaa, 0x41, 0x6a, 0xaa, 0xa9, 0xf7, 0x4a, 0x40, 0x00, 0x00, 0x02, 0x40, 
    0x00, 0x00, 0x00, 0x00, 0x00, 0x00, 0x00, 0x05, 0x40, 0x0f, 0xff, 0xf1, 0xa9, 0x5a, 0xef, 0xff, 
    0xef, 0xd0, 0x95, 0x40, 0x06, 0x96, 0xa2, 0x90, 0x40, 0x02, 0x7d, 0x0e, 0xb8, 0x00, 0x00, 0x00, 
    0x51, 0xab, 0xff, 0xf4, 0xbf, 0xff, 0xff, 0xff, 0x09, 0x01, 0x00, 0x00, 0x00, 0x00, 0x00, 0x00, 
    0x00, 0x00, 0x10, 0x00, 0x01, 0x55, 0x7d, 0xbf, 0xff, 0xff, 0xff, 0xff, 0xff, 0xf4, 0x00, 0x00, 
    0x50, 0x00, 0x00, 0x00, 0x00, 0x00, 0x00, 0x00, 0x00, 0x00, 0x00, 0x00, 0x7f, 0xff, 0xff, 0xff, 
    0xff, 0xff, 0xff, 0xf9, 0x65, 0x50, 0x55, 0x14, 0x14, 0x7f, 0xff, 0xff, 0xbf, 0xff, 0xef, 0xff, 
    0xff, 0xff, 0xfb, 0xfb, 0xe9, 0xbf, 0xf9, 0xbf, 0xfc, 0x5f, 0xfe, 0xf5, 0x53, 0xea, 0xff, 0xfc, 
    0x7f, 0xee, 0xfd, 0xff, 0xff, 0xdf, 0x8e, 0xbf, 0xff, 0xff, 0xae, 0x1f, 0xf7, 0xff, 0xff, 0xf9, 
    0xfe, 0x00, 0x01, 0x50, 0x17, 0xff, 0xc6, 0x7f, 0x00, 0x1b, 0xff, 0xff, 0xff, 0xff, 0xff, 0xff, 
    0xff, 0xff, 0xff, 0xff, 0xff, 0xff, 0xfe, 0x5a, 0xbe, 0x90, 0x00, 0x55, 0x55, 0x55, 0x55, 0x55, 
    0x55, 0x55, 0x55, 0x55, 0x55, 0x55, 0x55, 0x55, 0x55, 0x55, 0x51, 0x55, 0x55, 0x55, 0x56, 0xaa, 
    0x55, 0x59, 0xaa, 0xaa, 0xaa, 0xaa, 0xa5, 0x00, 0x01, 0xaa, 0xaa, 0xa5, 0xa4, 0x16, 0xaa, 0xaa, 
    0xa7, 0xed, 0x64, 0x00, 0x00, 0x00, 0x06, 0x00, 0x00, 0x00, 0x00, 0x00, 0x00, 0x00, 0x00, 0x11, 
    0x04, 0x05, 0x5a, 0xfd, 0xa9, 0x55, 0x9a, 0xa9, 0x6b, 0xf8, 0x20, 0x05, 0x01, 0xa5, 0x68, 0xa4, 
    0x40, 0x09, 0xf4, 0x02, 0xe4, 0x00, 0x00, 0x05, 0x52, 0xaa, 0xff, 0xf8, 0x7f, 0xff, 0xff, 0xff, 
    0x42, 0x00, 0x14, 0x00, 0x00, 0x00, 0x10, 0x00, 0x00, 0x00, 0x40, 0x00, 0x01, 0x54, 0x45, 0xbf, 
    0xff, 0xff, 0x7f, 0xff, 0xff, 0xd0, 0x00, 0x01, 0x40, 0x00, 0x00, 0x00, 0x00, 0x00, 0x00, 0x00, 
    0x00, 0x00, 0x00, 0x00, 0x0b, 0xff, 0xff, 0xff, 0xff, 0xff, 0xff, 0xff, 0x95, 0x41, 0x55, 0x55, 
    0x10, 0x3f, 0xff, 0xff, 0xff, 0xff, 0xff, 0xff, 0xff, 0xdb, 0xfb, 0xf7, 0xf5, 0x7f, 0xf5, 0xff, 
    0xfd, 0x1f, 0xdf, 0xf5, 0x01, 0xa4, 0x3f, 0x64, 0x7f, 0xda, 0xc4, 0xbf, 0xfb, 0xdb, 0x27, 0xff, 
    0xff, 0xff, 0xf4, 0x1f, 0xf7, 0xff, 0xff, 0xff, 0xff, 0x15, 0x55, 0x50, 0x03, 0xff, 0xd5, 0x7f, 
    0x90, 0x00, 0x6f, 0xff, 0xff, 0xff, 0xff, 0xff, 0xff, 0xff, 0xff, 0xff, 0xff, 0xff, 0xff, 0xfe, 
    0x6a, 0xae, 0x80, 0x01, 0x55, 0x55, 0x55, 0x55, 0x55, 0x55, 0x55, 0x55, 0x55, 0x55, 0x55, 0x55, 
    0x55, 0x55, 0x55, 0x15, 0x55, 0x55, 0x55, 0x6a, 0xa6, 0x9a, 0xaa, 0xaa, 0xa6, 0x9a, 0xaa, 0xaa, 
    0x50, 0x06, 0xaa, 0xaa, 0x95, 0x56, 0xaa, 0xaa, 0x9f, 0xfa, 0x40, 0x00, 0x00, 0x00, 0x08, 0x00, 
    0x00, 0x00, 0x00, 0x00, 0x00, 0x00, 0x00, 0xa0, 0x19, 0x00, 0x0a, 0xaf, 0x2a, 0x5a, 0x9b, 0xfe, 
    0xaa, 0xff, 0x54, 0x00, 0x00, 0xa9, 0x59, 0x64, 0x40, 0x1a, 0xf0, 0x01, 0xb0, 0x00, 0x00, 0x00, 
    0x16, 0xaa, 0xff, 0xd5, 0x3f, 0xff, 0xff, 0xff, 0x42, 0x19, 0x64, 0x00, 0x00, 0x00, 0x00, 0x00, 
    0x00, 0x00, 0x00, 0x00, 0x05, 0x54, 0x02, 0xff, 0xff, 0xff, 0xff, 0xff, 0xff, 0x80, 0x00, 0x01, 
    0x00, 0x00, 0x00, 0x00, 0x00, 0x00, 0x00, 0x00, 0x00, 0x00, 0x00, 0x00, 0x01, 0xff, 0xff, 0xff, 
    0xff, 0xff, 0xff, 0xff, 0xf5, 0x40, 0x05, 0x55, 0x15, 0xbf, 0xff, 0xff, 0xbf, 0xfb, 0xff, 0x6f, 
    0xff, 0xeb, 0xfb, 0xf7, 0xf4, 0x3f, 0xe2, 0xff, 0xfd, 0x1f, 0xff, 0xf5, 0x03, 0xe9, 0x7f, 0x6d, 
    0x7f, 0xd0, 0x41, 0x6f, 0xfb, 0xe1, 0x77, 0xff, 0xfe, 0x95, 0x00, 0x0b, 0xf7, 0xff, 0xff, 0xff, 
    0xff, 0x05, 0x55, 0x54, 0x03, 0xff, 0xe1, 0x7e, 0xff, 0x90, 0x00, 0x6f, 0xff, 0xff, 0xff, 0xff, 
    0xff, 0xff, 0xff, 0xff, 0xff, 0xff, 0xff, 0xff, 0xfa, 0xaa, 0xbe, 0x90, 0x05, 0x55, 0x55, 0x55, 
    0x55, 0x55, 0x55, 0x55, 0x55, 0x55, 0x55, 0x55, 0x55, 0x59, 0x95, 0x45, 0x55, 0x59, 0x55, 0xa6, 
    0x55, 0xaa, 0xaa, 0xaa, 0xaa, 0xaa, 0xaa, 0xaa, 0xa9, 0x01, 0xaa, 0xaa, 0x56, 0xaa, 0xaa, 0xaa, 
    0x7f, 0xe8, 0x00, 0x00, 0x00, 0x00, 0x14, 0x00, 0x00, 0x00, 0x00, 0x00, 0x00, 0x00, 0x01, 0x80, 
    0x2f, 0x80, 0x9b, 0xf7, 0x6a, 0x9a, 0xba, 0xea, 0xaa, 0xaf, 0xe5, 0x00, 0x00, 0x6a, 0x56, 0x40, 
    0x40, 0x27, 0xb1, 0x03, 0xf0, 0x00, 0x00, 0x00, 0x05, 0xab, 0xff, 0xc6, 0x1f, 0xff, 0xff, 0xff, 
    0x90, 0x29, 0xa0, 0x00, 0x00, 0x00, 0x00, 0x00, 0x00, 0x00, 0x00, 0x04, 0x05, 0x5c, 0x0a, 0xff, 
    0xff, 0xff, 0xff, 0xff, 0xff, 0x00, 0x00, 0x04, 0x00, 0x00, 0x00, 0x00, 0x00, 0x00, 0x00, 0x00, 
    0x00, 0x00, 0x00, 0x00, 0x00, 0x3f, 0xff, 0xff, 0xfe, 0x7f, 0xff, 0xff, 0xfe, 0x1a, 0xff, 0xff, 
    0xff, 0xff, 0xff, 0xff, 0x7f, 0xef, 0xff, 0x5f, 0xff, 0xfb, 0xff, 0xf7, 0xf8, 0x7f, 0xe3, 0xfb, 
    0xfd, 0x1f, 0xff, 0xf5, 0x1b, 0xfa, 0xef, 0xf8, 0x7f, 0xe3, 0xcf, 0xe7, 0xfb, 0xf4, 0x16, 0x94, 
    0x00, 0x00, 0x3e, 0x00, 0x07, 0xff, 0xff, 0xff, 0xff, 0x85, 0x55, 0x54, 0x03, 0xff, 0xf0, 0x7d, 
    0x0b, 0xfe, 0x90, 0x00, 0xbf, 0xff, 0xff, 0xff, 0xff, 0xff, 0xff, 0xff, 0xff, 0xff, 0xff, 0xff, 
    0xff, 0xff, 0xea, 0xfc, 0x00, 0x05, 0x55, 0x55, 0x55, 0x55, 0x55, 0x55, 0x55, 0x55, 0x55, 0x55, 
    0x55, 0x55, 0x55, 0x51, 0x45, 0xa9, 0x5a, 0x69, 0xaa, 0x6a, 0xaa, 0xaa, 0xaa, 0xaa, 0xaa, 0xaa, 
    0xaa, 0x80, 0x1a, 0xa9, 0x6a, 0xaa, 0xaa, 0xa9, 0xbf, 0x90, 0x00, 0x00, 0x00, 0x00, 0x10, 0x00, 
    0x00, 0x00, 0x00, 0x00, 0x00, 0x00, 0x05, 0x02, 0x8b, 0x90, 0x26, 0xbe, 0xea, 0xaa, 0xbe, 0xba, 
    0xaa, 0xaa, 0xa1, 0x00, 0x00, 0x2a, 0x95, 0x90, 0x40, 0x2e, 0xba, 0x4a, 0xe0, 0x05, 0x40, 0x00, 
    0x08, 0x67, 0xff, 0x85, 0x4f, 0xff, 0xff, 0xff, 0xd0, 0x26, 0x10, 0x00, 0x00, 0x00, 0x40, 0x00, 
    0x00, 0x00, 0x00, 0x00, 0x16, 0x50, 0x0b, 0xff, 0xff, 0xff, 0xff, 0xff, 0xfd, 0x00, 0x00, 0x00, 
    0x00, 0x00, 0x00, 0x00, 0x00, 0x00, 0x00, 0x00, 0x01, 0x00, 0x00, 0x00, 0x00, 0x0b, 0xff, 0xff, 
    0xff, 0xff, 0xff, 0xff, 0xff, 0xff, 0xff, 0xff, 0xff, 0xff, 0xff, 0xff, 0xaf, 0xbf, 0xfa, 0x9b, 
    0xff, 0xfb, 0xfb, 0xfb, 0xfc, 0x3e, 0xd3, 0xfb, 0xfe, 0x0f, 0xff, 0xf4, 0x2f, 0xfa, 0xfb, 0xa4, 
    0x7f, 0xd7, 0xff, 0xfe, 0x1b, 0xbd, 0x00, 0x00, 0x00, 0x00, 0x29, 0x00, 0x0b, 0xff, 0xff, 0xff, 
    0xff, 0xd5, 0x55, 0x55, 0x07, 0xff, 0xfd, 0x69, 0x90, 0x1a, 0xff, 0x50, 0x01, 0xbf, 0xff, 0xff, 
    0xff, 0xff, 0xff, 0xff, 0xff, 0xff, 0xff, 0xff, 0xff, 0xff, 0xff, 0xab, 0x45, 0x40, 0x05, 0x55, 
    0x55, 0x55, 0x55, 0x55, 0x55, 0x55, 0x55, 0x55, 0x55, 0x55, 0x59, 0x55, 0x15, 0x59, 0x66, 0x9a, 
    0x9a, 0xaa, 0xaa, 0xaa, 0xaa, 0xaa, 0xaa, 0xaa, 0x95, 0x50, 0x01, 0xaa, 0xaa, 0xaa, 0xaa, 0xa9, 
    0xfa, 0x00, 0x00, 0x1a, 0x80, 0x00, 0x00, 0x00, 0x00, 0x00, 0x00, 0x00, 0x00, 0x00, 0x14, 0x1a, 
    0xf0, 0xe0, 0x00, 0x3d, 0xea, 0xaa, 0xbf, 0xaa, 0xaa, 0xaa, 0xa8, 0x40, 0x00, 0x56, 0xa5, 0x68, 
    0x40, 0x5d, 0x7a, 0x5d, 0x56, 0xa5, 0xa9, 0x00, 0x04, 0x5b, 0xff, 0x55, 0x8b, 0xff, 0xff, 0xff, 
    0xe4, 0x2d, 0x00, 0x00, 0x00, 0x00, 0x00, 0x00, 0x00, 0x00, 0x01, 0x00, 0x15, 0x54, 0x2b, 0xff, 
    0xff, 0xff, 0xff, 0xff, 0xfc, 0x00, 0x00, 0x00, 0x00, 0x00, 0x00, 0x00, 0x00, 0x00, 0x00, 0x00, 
    0x00, 0x00, 0x00, 0x00, 0x00, 0x02, 0xff, 0xff, 0xff, 0xff, 0xff, 0xff, 0xff, 0xff, 0xff, 0xff, 
    0xff, 0xff, 0xff, 0xff, 0xfe, 0xef, 0xfd, 0xb1, 0xff, 0xfb, 0xfb, 0xfb, 0xfd, 0x7f, 0x42, 0xfb, 
    0xfe, 0x0f, 0xff, 0xf8, 0x2f, 0xfa, 0xfb, 0xf4, 0x3f, 0xef, 0xff, 0xff, 0x4a, 0xa4, 0x20, 0x05, 
    0x00, 0x00, 0x00, 0x00, 0x0f, 0xff, 0xff, 0xff, 0xff, 0xe5, 0x45, 0x55, 0x07, 0xff, 0xfd, 0x56, 
    0xff, 0x90, 0x06, 0xfe, 0x50, 0x06, 0xff, 0xff, 0xff, 0xff, 0xff, 0xff, 0xff, 0xff, 0xff, 0xff, 
    0xff, 0xff, 0xff, 0xfe, 0x80, 0x01, 0x50, 0x00, 0x55, 0x55, 0x55, 0x55, 0x55, 0x55, 0x55, 0x55, 
    0x55, 0x55, 0x5a, 0x55, 0x51, 0x55, 0x55, 0x5a, 0xa6, 0xaa, 0xaa, 0xaa, 0xaa, 0xaa, 0xaa, 0xa5, 
    0x6a, 0xa9, 0x00, 0x6a, 0xaa, 0xaa, 0xaa, 0xa7, 0xe8, 0x00, 0x00, 0x15, 0x00, 0x00, 0x00, 0x00, 
    0x00, 0x00, 0x00, 0x00, 0x00, 0x00, 0x10, 0x6b, 0xe8, 0x10, 0x01, 0x7d, 0xea, 0xaa, 0xbf, 0xaa, 
    0xaa, 0xaa, 0xa9, 0x00, 0x00, 0x06, 0xa9, 0x58, 0x00, 0xad, 0xae, 0x95, 0x50, 0x10, 0x00, 0x54, 
    0x10, 0x1f, 0xff, 0x11, 0x63, 0xff, 0xff, 0xff, 0xf0, 0x68, 0x00, 0x00, 0x00, 0x01, 0x00, 0x00, 
    0x00, 0x00, 0x45, 0x40, 0x15, 0x54, 0x2b, 0xff, 0xff, 0xff, 0xff, 0xff, 0xf4, 0x00, 0x00, 0x40, 
    0x00, 0x00, 0x00, 0x00, 0x00, 0x00, 0x00, 0x00, 0x00, 0x00, 0x00, 0x00, 0x00, 0x00, 0x7f, 0xff, 
    0xff, 0xff, 0xff, 0xff, 0xff, 0xff, 0xff, 0xff, 0xff, 0xfb, 0xee, 0xff, 0xff, 0xaf, 0xfc, 0x70, 
    0xbf, 0xff, 0xfb, 0xfb, 0xfe, 0xaf, 0x03, 0xfa, 0x6d, 0x0b, 0xfb, 0xf8, 0x2f, 0xfe, 0xff, 0xf8, 
    0x7f, 0xff, 0xff, 0x6f, 0xf2, 0x50, 0x00, 0x1f, 0x51, 0x55, 0x90, 0x00, 0x0f, 0xff, 0xff, 0xff, 
    0xff, 0xe5, 0x45, 0x50, 0x07, 0xff, 0xff, 0x56, 0xff, 0xff, 0x90, 0x06, 0xbf, 0x90, 0x06, 0xff, 
    0xff, 0xff, 0xff, 0xff, 0xff, 0xff, 0xff, 0xff, 0xff, 0xff, 0xff, 0xff, 0xf9, 0x00, 0x15, 0x54, 
    0x01, 0x55, 0x55, 0x55, 0x55, 0x55, 0x55, 0x55, 0x55, 0x55, 0x66, 0x55, 0x14, 0x15, 0x55, 0x9a, 
    0xa6, 0xaa, 0xa6, 0xaa, 0xaa, 0xaa, 0xaa, 0x46, 0xaa, 0x95, 0x40, 0x0a, 0xaa, 0xaa, 0xaa, 0x9b, 
    0x50, 0x00, 0x00, 0x00, 0x00, 0x00, 0x00, 0x00, 0x00, 0x00, 0x00, 0x00, 0x00, 0x00, 0x01, 0x56, 
    0xbf, 0x80, 0x01, 0x6a, 0xda, 0xaa, 0xae, 0xaa, 0xaa, 0xbe, 0xaa, 0x10, 0x00, 0x09, 0xa9, 0x64, 
    0x00, 0xe9, 0x6f, 0xa9, 0x10, 0x00, 0x00, 0x18, 0x20, 0x1f, 0xfe, 0x15, 0x66, 0xff, 0xff, 0xff, 
    0xf9, 0x70, 0x00, 0x00, 0x00, 0x10, 0x00, 0x00, 0x00, 0x05, 0x04, 0x01, 0x55, 0x55, 0x6b, 0xff, 
    0xff, 0xff, 0xff, 0xff, 0xf0, 0x84, 0x02, 0x00, 0x00, 0x00, 0x00, 0x00, 0x00, 0x00, 0x00, 0x00, 
    0x00, 0x00, 0x00, 0x00, 0x00, 0x00, 0x1f, 0xff, 0xff, 0xfc, 0x7f, 0xff, 0xff, 0xff, 0xff, 0xff, 
    0x9f, 0xe7, 0xfa, 0xff, 0xff, 0x7f, 0xfd, 0x64, 0x1b, 0xfb, 0xab, 0xef, 0xfe, 0xde, 0x06, 0xff, 
    0xe8, 0x07, 0x51, 0xb4, 0x2f, 0xfe, 0xff, 0xf8, 0x7f, 0xff, 0xfd, 0x3f, 0xf4, 0x00, 0x47, 0x8d, 
    0x00, 0x5f, 0xe6, 0x40, 0x0f, 0xff, 0xff, 0xff, 0xff, 0xe5, 0x01, 0x00, 0x0b, 0xff, 0xff, 0x95, 
    0xff, 0xff, 0xff, 0x90, 0x01, 0xbf, 0x90, 0x06, 0xff, 0xff, 0xff, 0xff, 0xff, 0xff, 0xff, 0xff, 
    0xff, 0xff, 0xff, 0xff, 0xff, 0x95, 0x40, 0x14, 0x54, 0x05, 0x55, 0x55, 0x55, 0x55, 0x55, 0x55, 
    0x55, 0x55, 0x55, 0x55, 0x50, 0x45, 0xa5, 0x56, 0xaa, 0xa6, 0xaa, 0xaa, 0xaa, 0xaa, 0xa4, 0x6a, 
    0xaa, 0xaa, 0xa0, 0x02, 0xaa, 0xaa, 0xaa, 0x9e, 0x40, 0x00, 0x00, 0x00, 0x00, 0x00, 0x00, 0x00, 
    0x00, 0x01, 0x50, 0x00, 0x00, 0x00, 0x00, 0x6f, 0xff, 0xf0, 0x00, 0x03, 0xea, 0xaa, 0xae, 0xaa, 
    0xae, 0xfe, 0xfa, 0x54, 0x00, 0x06, 0x6a, 0x64, 0x01, 0xea, 0x7f, 0xe4, 0x20, 0x00, 0x00, 0x02, 
    0x10, 0x2f, 0xfd, 0x15, 0x58, 0xff, 0xff, 0xff, 0xfc, 0xe0, 0x00, 0x00, 0x00, 0x40, 0x00, 0x00, 
    0x00, 0x04, 0x10, 0x00, 0x55, 0x58, 0x6b, 0xff, 0xff, 0xff, 0xff, 0xff, 0xd0, 0x40, 0x0a, 0x00, 
    0x00, 0x00, 0x00, 0x00, 0x00, 0x00, 0x00, 0x00, 0x00, 0x00, 0x00, 0x00, 0x00, 0x00, 0x0b, 0xff, 
    0xff, 0xff, 0xff, 0xff, 0xff, 0xff, 0xff, 0xfe, 0xaf, 0xfe, 0x6b, 0xff, 0xff, 0xff, 0xff, 0xb4, 
    0x05, 0xbb, 0xf9, 0xec, 0xbf, 0xd8, 0x9b, 0xff, 0xfd, 0x03, 0x7b, 0x40, 0x1f, 0xfe, 0xff, 0xf4, 
    0x7f, 0xff, 0xf4, 0xbf, 0xf4, 0x02, 0xdf, 0xe0, 0x10, 0x1f, 0xff, 0x80, 0x0f, 0xff, 0xff, 0xff, 
    0xff, 0xe5, 0x10, 0x10, 0x0b, 0xff, 0xff, 0x17, 0xff, 0xff, 0xff, 0xff, 0x50, 0x01, 0xbf, 0xae, 
    0xab, 0xff, 0xff, 0xff, 0xff, 0xff, 0xff, 0xff, 0xff, 0xff, 0xff, 0xff, 0xff, 0xd5, 0x55, 0x54, 
    0x15, 0x55, 0x55, 0x55, 0x55, 0x55, 0x55, 0x55, 0x55, 0x55, 0x55, 0x65, 0x55, 0x11, 0x5a, 0xa5, 
    0xaa, 0xaa, 0xaa, 0xaa, 0xaa, 0xaa, 0x46, 0xaa, 0xaa, 0xaa, 0xa8, 0x00, 0xaa, 0xaa, 0xaa, 0x6d, 
    0x40, 0x00, 0x00, 0x00, 0x00, 0x00, 0x00, 0x00, 0x00, 0x00, 0x10, 0x00, 0x00, 0x00, 0x06, 0xbf, 
    0xff, 0xfd, 0x00, 0x0f, 0xfa, 0xaa, 0xea, 0xaa, 0xab, 0xf8, 0x7a, 0x9a, 0x40, 0x02, 0x9a, 0xa9, 
    0x01, 0xec, 0xbf, 0x51, 0xa0, 0x04, 0x00, 0x00, 0x40, 0x3f, 0xfc, 0x55, 0x59, 0xbf, 0xff, 0xff, 
    0xfe, 0x60, 0x00, 0x00, 0x00, 0x40, 0x00, 0x00, 0x01, 0x04, 0x10, 0x00, 0x16, 0x54, 0xab, 0xff, 
    0xff, 0xff, 0xff, 0xff, 0xc0, 0x00, 0x09, 0x00, 0x00, 0x00, 0x00, 0x00, 0x00, 0x00, 0x00, 0x00, 
    0x00, 0x00, 0x00, 0x00, 0x00, 0x00, 0x02, 0xff, 0xff, 0xff, 0xff, 0xff, 0xff, 0xff, 0xff, 0xff, 
    0xef, 0xfa, 0x6e, 0xff, 0xff, 0xff, 0xff, 0xac, 0x07, 0xab, 0xfb, 0xed, 0x3f, 0xf5, 0x8b, 0xff, 
    0xfd, 0x47, 0xbf, 0x80, 0x1f, 0xfe, 0xff, 0xb0, 0x3f, 0xff, 0xf5, 0xff, 0xf5, 0x07, 0xdf, 0xfc, 
    0x00, 0x7f, 0xff, 0x80, 0x0f, 0xff, 0xff, 0xff, 0xff, 0xf5, 0x51, 0x14, 0x0a, 0x2f, 0xff, 0x07, 
    0xff, 0xff, 0xff, 0xff, 0xfe, 0x50, 0x01, 0xbf, 0xff, 0xaa, 0xff, 0xff, 0xff, 0xff, 0xff, 0xff, 
    0xff, 0xff, 0xff, 0xff, 0xff, 0xd1, 0x55, 0x55, 0x54, 0x05, 0x55, 0x55, 0x55, 0x55, 0x55, 0x55, 
    0x55, 0x55, 0x55, 0xa5, 0x95, 0x55, 0x55, 0x5a, 0x6a, 0xaa, 0xaa, 0xaa, 0xbe, 0xa9, 0x15, 0x55, 
    0x6a, 0xaa, 0xaa, 0x00, 0x2a, 0xaa, 0xaa, 0x7a, 0x05, 0x00, 0x00, 0x00, 0x00, 0x00, 0x00, 0x00, 
    0x00, 0x00, 0x05, 0x00, 0x00, 0x05, 0x2a, 0xff, 0xff, 0xff, 0x40, 0x02, 0xfe, 0xaa, 0xae, 0xaa, 
    0xaf, 0xfd, 0x7a, 0xda, 0x90, 0x02, 0x92, 0xa9, 0x02, 0xe9, 0xfc, 0x67, 0x91, 0x40, 0x00, 0x00, 
    0x80, 0x7f, 0xf9, 0x55, 0x57, 0xbf, 0xff, 0xff, 0xff, 0x70, 0x00, 0x00, 0x01, 0x00, 0x00, 0x00, 
    0x00, 0x04, 0x10, 0x01, 0x46, 0x50, 0xaa, 0xff, 0xff, 0xff, 0xff, 0xff, 0xc0, 0x00, 0x04, 0x00, 
    0x00, 0x00, 0x00, 0x00, 0x00, 0x00, 0x00, 0x00, 0x00, 0x00, 0x00, 0x00, 0x00, 0x00, 0x00, 0xff, 
    0xff, 0xff, 0xff, 0xff, 0xff, 0xff, 0xff, 0xff, 0xfa, 0xfa, 0x96, 0xff, 0xfe, 0xff, 0xff, 0xde, 
    0x13, 0xe2, 0xfb, 0xee, 0x6b, 0xf8, 0x0b, 0xef, 0xfd, 0x07, 0xff, 0xa4, 0x1f, 0xfe, 0xff, 0xe0, 
    0x3f, 0xff, 0xff, 0xff, 0xfa, 0x0f, 0xdf, 0xfd, 0x70, 0x3f, 0xfe, 0x01, 0x0f, 0xff, 0xff, 0xff, 
    0xff, 0xf1, 0x51, 0x55, 0x0f, 0x2f, 0xff, 0x41, 0xff, 0xff, 0xff, 0xff, 0xff, 0xff, 0x90, 0x01, 
    0x6a, 0xb9, 0x1b, 0xff, 0xff, 0xff, 0xff, 0xff, 0xff, 0xff, 0xff, 0xff, 0xff, 0xf4, 0x55, 0x55, 
    0x54, 0x05, 0x55, 0x55, 0x55, 0x55, 0x55, 0x55, 0x55, 0x55, 0x55, 0x55, 0x55, 0x55, 0x55, 0x55, 
    0x55, 0x56, 0xaa, 0xaa, 0x55, 0x00, 0x00, 0x00, 0x01, 0x6a, 0xaa, 0x40, 0x16, 0xaa, 0xa9, 0xf8, 
    0x51, 0x00, 0x00, 0x00, 0x00, 0x00, 0x00, 0x00, 0x00, 0x00, 0x00, 0x00, 0x00, 0x15, 0xab, 0xff, 
    0xff, 0xff, 0xe0, 0x00, 0x5f, 0xbf, 0xbe, 0xea, 0xbb, 0xfe, 0x6a, 0xaa, 0xa4, 0x01, 0x90, 0xaa, 
    0x02, 0xfd, 0xf1, 0xff, 0x95, 0x6a, 0x99, 0x40, 0x40, 0xbf, 0xf5, 0xee, 0x9b, 0x7f, 0xff, 0xff, 
    0xff, 0xd0, 0x00, 0x00, 0x01, 0x00, 0x00, 0x00, 0x50, 0x00, 0x00, 0x02, 0x00, 0x40, 0xaa, 0xff, 
    0xff, 0xff, 0xff, 0xff, 0xc0, 0x00, 0x14, 0x00, 0x00, 0x00, 0x00, 0x00, 0x00, 0x00, 0x00, 0x00, 
    0x00, 0x00, 0x00, 0x00, 0x00, 0x00, 0x00, 0x3f, 0xff, 0xff, 0xff, 0xea, 0xff, 0xff, 0xff, 0xff, 
    0xff, 0xa9, 0xaa, 0x6f, 0xe6, 0xff, 0xff, 0xeb, 0x3f, 0xf4, 0x7f, 0xee, 0x02, 0xf8, 0x0b, 0xff, 
    0xfc, 0x13, 0xff, 0xe0, 0x3f, 0xfb, 0xff, 0xe4, 0x3f, 0xff, 0xff, 0xff, 0xfb, 0x1f, 0xdf, 0xff, 
    0xb4, 0x07, 0xff, 0x97, 0xcf, 0xff, 0xff, 0xff, 0xff, 0xf8, 0x00, 0x15, 0x2f, 0xff, 0xff, 0xc0, 
    0xff, 0xff, 0xff, 0xff, 0xff, 0xff, 0xfe, 0x40, 0x01, 0x56, 0xa4, 0x6f, 0xff, 0xff, 0xff, 0xff, 
    0xff, 0xff, 0xff, 0xff, 0xff, 0xfe, 0x15, 0x55, 0x55, 0x55, 0x55, 0x55, 0x55, 0x55, 0x55, 0x55, 
    0x55, 0x55, 0x55, 0x55, 0x65, 0x55, 0x15, 0xaa, 0xa9, 0xbe, 0xaa, 0xa5, 0x50, 0x00, 0x00, 0x00, 
    0x01, 0xaf, 0xe9, 0x40, 0x22, 0xaa, 0xa9, 0xe1, 0x00, 0x00, 0x00, 0x00, 0x00, 0x00, 0x00, 0x00, 
    0x00, 0x00, 0x00, 0x00, 0x00, 0x16, 0xbf, 0xfe, 0xff, 0xff, 0xf8, 0x00, 0x6f, 0xbf, 0xff, 0xff, 
    0xff, 0xfe, 0xaa, 0x66, 0xa8, 0x00, 0xa5, 0x6a, 0x43, 0xbe, 0xd7, 0xfa, 0x55, 0x00, 0x00, 0x51, 
    0x00, 0xff, 0xf0, 0xab, 0xaa, 0xaf, 0xff, 0xff, 0xff, 0xd0, 0x00, 0x00, 0x00, 0x00, 0x15, 0x05, 
    0x00, 0x10, 0x04, 0x00, 0x04, 0x00, 0xaa, 0xff, 0xff, 0xff, 0xff, 0xff, 0xc0, 0x00, 0x10, 0x00, 
    0x00, 0x00, 0x00, 0x00, 0x00, 0x00, 0x00, 0x00, 0x00, 0x00, 0x00, 0x00, 0x00, 0x14, 0x00, 0x1f, 
    0xff, 0xff, 0xff, 0xfb, 0xff, 0xff, 0xff, 0xff, 0xff, 0xab, 0x9f, 0xfb, 0xef, 0xff, 0xff, 0xfe, 
    0x6f, 0xf5, 0x5f, 0xef, 0x42, 0xfd, 0x0b, 0xff, 0xfc, 0x01, 0xff, 0xf0, 0x3f, 0xfb, 0xff, 0xa4, 
    0x7f, 0xff, 0xff, 0xff, 0xfb, 0x6f, 0xaf, 0xff, 0x78, 0x56, 0xbf, 0xf1, 0x0f, 0xff, 0xff, 0xff, 
    0xff, 0xfd, 0x00, 0x05, 0x7f, 0xff, 0xff, 0xff, 0xff, 0xff, 0xff, 0xff, 0xff, 0xff, 0xff, 0xfe, 
    0x40, 0x0a, 0x46, 0xa5, 0xaf, 0xff, 0xff, 0xff, 0xff, 0xff, 0xff, 0xff, 0xff, 0xff, 0x95, 0x55, 
    0x55, 0x51, 0x55, 0x55, 0x55, 0x55, 0x55, 0x55, 0x55, 0x55, 0x55, 0x55, 0x69, 0x55, 0x51, 0xaa, 
    0xaa, 0x95, 0xae, 0x55, 0x00, 0x00, 0x00, 0x00, 0x00, 0x6b, 0xfe, 0x90, 0x09, 0xaa, 0xa7, 0xc4, 
    0x50, 0x05, 0x00, 0x00, 0x00, 0x00, 0x00, 0x00, 0x00, 0x00, 0x00, 0x00, 0x00, 0x5a, 0xff, 0xff, 
    0xff, 0xe7, 0xfe, 0x01, 0xaf, 0xbf, 0xff, 0xff, 0xff, 0xfa, 0xaa, 0x56, 0xa8, 0x01, 0xa9, 0x5a, 
    0x92, 0xbb, 0xe6, 0x95, 0x00, 0x00, 0x00, 0x00, 0x01, 0xff, 0xe0, 0x27, 0xea, 0xdf, 0xff, 0xff, 
    0xff, 0xf0, 0x00, 0x00, 0x00, 0x00, 0x00, 0x14, 0x40, 0x00, 0x19, 0x00, 0x04, 0x01, 0xaa, 0xff, 
    0xff, 0xff, 0xff, 0xff, 0xc0, 0x00, 0x20, 0x00, 0x00, 0x00, 0x00, 0x00, 0x00, 0x00, 0x00, 0x00, 
    0x00, 0x00, 0x00, 0x00, 0x00, 0x00, 0x00, 0x07, 0xff, 0xff, 0xfa, 0xfe, 0xff, 0xff, 0xff, 0xff, 
    0xff, 0xfb, 0xff, 0xfe, 0xaf, 0xff, 0xff, 0xff, 0x9f, 0xf4, 0x57, 0xee, 0x03, 0xfd, 0x0f, 0xff, 
    0xfc, 0x01, 0xff, 0xf4, 0x3f, 0xfb, 0xff, 0xa4, 0x2f, 0xff, 0xff, 0xff, 0xfb, 0x7f, 0x7f, 0xff, 
    0xbd, 0x55, 0xff, 0xe0, 0x0f, 0xff, 0xff, 0xff, 0xff, 0xfd, 0x00, 0x00, 0x3f, 0xff, 0xff, 0xff, 
    0xff, 0xff, 0xff, 0xff, 0xff, 0xff, 0xff, 0xff, 0xfe, 0x40, 0x69, 0x46, 0x91, 0xbf, 0xff, 0xff, 
    0xff, 0xff, 0xff, 0xff, 0xff, 0xff, 0xd5, 0x55, 0x51, 0x55, 0x15, 0x55, 0x55, 0x55, 0x55, 0x55, 
    0x55, 0x55, 0x55, 0x55, 0x55, 0x55, 0x55, 0x5a, 0xaa, 0xa9, 0xf5, 0x00, 0x00, 0x00, 0x00, 0x00, 
    0x00, 0x16, 0xaa, 0xa0, 0x05, 0xaa, 0xa7, 0x55, 0x40, 0x00, 0x00, 0x00, 0x00, 0x00, 0x00, 0x00, 
    0x00, 0x00, 0x00, 0x00, 0x00, 0x6b, 0xff, 0xff, 0xfb, 0xff, 0xff, 0x81, 0x6f, 0xff, 0xff, 0xff, 
    0xfb, 0xff, 0x6a, 0x99, 0xa8, 0x00, 0xa9, 0x5a, 0x91, 0xfb, 0x96, 0x50, 0x00, 0x40, 0x10, 0x14, 
    0x02, 0xff, 0xd0, 0x0a, 0xaa, 0xfb, 0xff, 0xff, 0xff, 0xf4, 0x00, 0x00, 0x00, 0x10, 0x00, 0x51, 
    0x00, 0x40, 0x10, 0x00, 0x04, 0x11, 0xaa, 0xff, 0xff, 0xff, 0xff, 0xff, 0xc0, 0x00, 0x20, 0x00, 
    0x00, 0x00, 0x00, 0x00, 0x00, 0x00, 0x00, 0x00, 0x00, 0x00, 0x00, 0x00, 0x00, 0x00, 0x00, 0x02, 
    0xff, 0xff, 0xff, 0xff, 0xff, 0xff, 0xff, 0xff, 0xff, 0xfe, 0xff, 0xfd, 0xbf, 0xff, 0xff, 0xff, 
    0xdf, 0xe4, 0x55, 0xbe, 0x56, 0xfe, 0x8f, 0xff, 0xfc, 0x0d, 0x6b, 0xf4, 0x3f, 0xff, 0xff, 0xa4, 
    0x3f, 0xff, 0xff, 0xff, 0xfb, 0x7f, 0x7f, 0xff, 0xde, 0x02, 0xff, 0xe0, 0x0f, 0xff, 0xff, 0xff, 
    0xff, 0xfd, 0x00, 0x00, 0x1f, 0xff, 0xff, 0xff, 0xff, 0xff, 0xff, 0xff, 0xff, 0xff, 0xff, 0xff, 
    0xff, 0xfd, 0x40, 0x69, 0x5a, 0x56, 0xff, 0xff, 0xff, 0xff, 0xff, 0xff, 0xff, 0xff, 0x95, 0x55, 
    0x55, 0x55, 0x55, 0x55, 0x55, 0x55, 0x55, 0x55, 0x55, 0x55, 0x55, 0x55, 0x55, 0x55, 0x56, 0x56, 
    0xaa, 0xaa, 0xd0, 0x00, 0x00, 0x00, 0x00, 0x00, 0x00, 0x02, 0x6a, 0xa4, 0x01, 0x6a, 0x9a, 0xa5, 
    0x00, 0x00, 0x14, 0x00, 0x00, 0x00, 0x00, 0x00, 0x00, 0x00, 0x00, 0x00, 0x01, 0xaa, 0xaa, 0xaa, 
    0xaa, 0xbf, 0xff, 0xd1, 0xbf, 0xff, 0xeb, 0xff, 0xf6, 0xff, 0xaa, 0x9a, 0x68, 0x00, 0x6a, 0x16, 
    0xa5, 0xef, 0x9d, 0x40, 0x00, 0x50, 0x10, 0x15, 0x02, 0xff, 0xc4, 0x05, 0x9a, 0x7f, 0xff, 0xff, 
    0xff, 0xfc, 0x01, 0x40, 0x40, 0x45, 0x00, 0x00, 0x00, 0x00, 0x00, 0x00, 0x01, 0x01, 0xaa, 0xff, 
    0xff, 0xff, 0xff, 0xff, 0x80, 0x00, 0x20, 0x00, 0x00, 0x00, 0x00, 0x00, 0x00, 0x00, 0x00, 0x00, 
    0x00, 0x00, 0x00, 0x00, 0x00, 0x00, 0x00, 0x00, 0xbf, 0xff, 0xff, 0xff, 0xff, 0xff, 0xff, 0xfe, 
    0xba, 0xfe, 0xaf, 0x1b, 0xff, 0xff, 0xff, 0xff, 0x9b, 0x94, 0x55, 0x7f, 0xe5, 0xfe, 0x8f, 0xbf, 
    0xfd, 0x1e, 0x0f, 0xf4, 0x3f, 0xff, 0xff, 0xa5, 0x6b, 0xff, 0xff, 0xff, 0xfb, 0x7f, 0x7f, 0xff, 
    0xdf, 0x00, 0x3f, 0xf4, 0x0f, 0xff, 0xff, 0xff, 0xff, 0xfe, 0x00, 0x00, 0x0f, 0xff, 0xff, 0xef, 
    0xff, 0xff, 0xff, 0xff, 0xff, 0xff, 0xff, 0xff, 0xff, 0xff, 0xfe, 0x50, 0x69, 0x6a, 0x46, 0xff, 
    0xff, 0xff, 0xff, 0xff, 0x6f, 0xff, 0xd5, 0x55, 0x55, 0x15, 0x55, 0x55, 0x55, 0x55, 0x55, 0x55, 
    0x55, 0x55, 0x55, 0x55, 0x55, 0x56, 0x9a, 0xa5, 0xaa, 0xa8, 0x00, 0x00, 0x00, 0x00, 0x00, 0x00, 
    0x00, 0x01, 0x56, 0xa8, 0x01, 0x2a, 0x9e, 0x98, 0x00, 0x00, 0x00, 0x00, 0x00, 0x00, 0x00, 0x00, 
    0x00, 0x00, 0x00, 0x00, 0x01, 0x55, 0x50, 0x00, 0x00, 0x5a, 0xaf, 0x9a, 0xaf, 0xff, 0xef, 0xff, 
    0xff, 0xff, 0xda, 0x9b, 0x68, 0x00, 0x69, 0x55, 0xa9, 0xdf, 0x66, 0x00, 0x00, 0x06, 0x40, 0x36, 
    0x00, 0xbf, 0x86, 0x01, 0x55, 0x6e, 0xff, 0xff, 0xfe, 0xfd, 0x09, 0x00, 0x04, 0x44, 0x45, 0x44, 
    0x00, 0x00, 0x00, 0x00, 0x01, 0x01, 0xaa, 0xbf, 0xff, 0xff, 0xff, 0xff, 0x80, 0x00, 0x20, 0x00, 
    0x00, 0x00, 0x00, 0x00, 0x00, 0x00, 0x00, 0x00, 0x00, 0x00, 0x00, 0x00, 0x00, 0x01, 0x00, 0x00, 
    0x3f, 0xff, 0xff, 0xff, 0xff, 0xff, 0xff, 0xff, 0xff, 0xff, 0xab, 0x56, 0xbf, 0xff, 0xff, 0xff, 
    0xd7, 0xe5, 0x14, 0x6f, 0xe9, 0xfe, 0x0b, 0xff, 0xfe, 0x1d, 0x02, 0xf4, 0x3d, 0xbf, 0xff, 0x75, 
    0x6b, 0xff, 0xff, 0xff, 0xfa, 0x7e, 0xbf, 0xff, 0xef, 0x00, 0x2e, 0x7c, 0x1f, 0xff, 0xff, 0xff, 
    0xff, 0xfe, 0x00, 0x00, 0x0f, 0xff, 0xff, 0xff, 0xff, 0xff, 0xff, 0xff, 0xff, 0xff, 0xff, 0xff, 
    0xff, 0xff, 0xff, 0xff, 0x95, 0xba, 0xaa, 0x5a, 0xff, 0xff, 0xff, 0xff, 0xe1, 0xff, 0xe5, 0x55, 
    0x55, 0x55, 0x55, 0x55, 0x55, 0x55, 0x55, 0x55, 0x55, 0x55, 0x55, 0x55, 0x55, 0x55, 0xaa, 0xaa, 
    0xaa, 0x90, 0x00, 0x00, 0x00, 0x00, 0x00, 0x00, 0x00, 0x40, 0x10, 0x68, 0x00, 0x1a, 0x9f, 0x10, 
    0x00, 0x00, 0x00, 0x00, 0x00, 0x00, 0x00, 0x40, 0x00, 0x00, 0x00, 0x00, 0x00, 0x00, 0x00, 0x00, 
    0x00, 0x00, 0x56, 0xf5, 0xef, 0xff, 0xbf, 0xff, 0xff, 0xff, 0xda, 0xae, 0x95, 0x00, 0x69, 0xa8, 
    0xa9, 0xad, 0x75, 0x00, 0x04, 0x00, 0x40, 0x73, 0x00, 0x2f, 0x44, 0x41, 0x55, 0x5e, 0xff, 0xff, 
    0xff, 0xff, 0x10, 0x00, 0x55, 0x55, 0x65, 0x00, 0x01, 0x00, 0x01, 0x00, 0x00, 0x02, 0xaa, 0xbf, 
    0xff, 0xff, 0xff, 0xff, 0xc0, 0x00, 0x20, 0x00, 0x00, 0x00, 0x00, 0x00, 0x00, 0x00, 0x00, 0x00, 
    0x00, 0x00, 0x00, 0x00, 0x00, 0x01, 0x40, 0x00, 0x0f, 0xff, 0xff, 0xff, 0xae, 0xda, 0x9f, 0xff, 
    0xff, 0xff, 0xfe, 0xaa, 0xaf, 0xff, 0xff, 0xff, 0xf5, 0xf8, 0x01, 0x5f, 0xe5, 0xff, 0x0b, 0xfb, 
    0xfd, 0x9f, 0xe5, 0x00, 0x3f, 0xfb, 0xff, 0xf4, 0x57, 0xff, 0xff, 0xff, 0xfa, 0x7d, 0xff, 0xff, 
    0xfb, 0x40, 0x7f, 0xf8, 0x1f, 0xff, 0xff, 0xff, 0xff, 0xfd, 0x00, 0x00, 0x0f, 0xff, 0xfd, 0xfb, 
    0xff, 0xff, 0xff, 0xff, 0xff, 0xff, 0xff, 0xff, 0xff, 0xff, 0xff, 0xff, 0xff, 0xa5, 0xaa, 0xbe, 
    0x5b, 0xff, 0xff, 0xff, 0xf8, 0x16, 0xf5, 0x55, 0x55, 0x54, 0x40, 0x45, 0x45, 0x11, 0x55, 0x55, 
    0x55, 0x55, 0x55, 0x55, 0x55, 0x96, 0xaa, 0xaa, 0xae, 0x00, 0x15, 0x40, 0x00, 0x00, 0x00, 0x01, 
    0x40, 0x00, 0x04, 0x18, 0x00, 0x0a, 0x7c, 0x80, 0x00, 0x00, 0x00, 0x00, 0x00, 0x00, 0x00, 0x00, 
    0x00, 0x00, 0x00, 0x00, 0x00, 0x00, 0x00, 0x00, 0x05, 0x40, 0x00, 0x17, 0xff, 0xff, 0xbf, 0xff, 
    0xff, 0xaf, 0xda, 0xff, 0xe1, 0x40, 0x6a, 0x69, 0x69, 0x3d, 0xe9, 0x00, 0x0a, 0xa4, 0x00, 0x76, 
    0x80, 0x0b, 0x01, 0x80, 0x95, 0x5b, 0x7f, 0xff, 0xff, 0xff, 0x84, 0x15, 0x54, 0x00, 0x04, 0x00, 
    0x01, 0x00, 0x00, 0x00, 0x00, 0x06, 0xaa, 0x6f, 0xff, 0xff, 0xff, 0xff, 0xc0, 0x00, 0x00, 0x00, 
    0x00, 0x00, 0x00, 0x00, 0x00, 0x00, 0x00, 0x00, 0x00, 0x00, 0x00, 0x00, 0x00, 0x00, 0x64, 0x00, 
    0x03, 0xff, 0xff, 0xfa, 0xbf, 0xaf, 0xfb, 0x7f, 0xff, 0xff, 0xfd, 0x6f, 0xbe, 0xff, 0xff, 0xff, 
    0xfd, 0x7d, 0x01, 0x5b, 0xe5, 0xdb, 0x0b, 0xfb, 0xfd, 0x9f, 0xfb, 0x95, 0x3f, 0xfb, 0xff, 0xe0, 
    0x17, 0xff, 0xaf, 0xff, 0xba, 0x78, 0xff, 0xff, 0xfb, 0xc0, 0x6f, 0xf0, 0x1f, 0xff, 0xff, 0xff, 
    0xff, 0xfc, 0x00, 0x00, 0x0a, 0x5f, 0xf8, 0xbf, 0xff, 0xff, 0xff, 0xff, 0xff, 0xff, 0xff, 0xff, 
    0xff, 0xff, 0xff, 0xff, 0xff, 0xff, 0xe5, 0xbf, 0xfa, 0xaf, 0xff, 0xff, 0xfe, 0x04, 0x00, 0x55, 
    0x55, 0x55, 0x40, 0x15, 0x55, 0x44, 0x55, 0x55, 0x55, 0x55, 0x55, 0x55, 0x55, 0x56, 0xaa, 0xaa, 
    0xb9, 0x01, 0x55, 0x00, 0x00, 0x00, 0x00, 0x00, 0x00, 0x00, 0x05, 0x01, 0x00, 0x0a, 0x76, 0x00, 
    0x00, 0x00, 0x00, 0x00, 0x00, 0x00, 0x00, 0x00, 0x00, 0x00, 0x00, 0x00, 0x00, 0x00, 0x00, 0x06, 
    0xaf, 0xff, 0xfa, 0x41, 0xbf, 0xff, 0xff, 0xff, 0xfa, 0x6b, 0xa5, 0xff, 0xa2, 0x40, 0x69, 0x6a, 
    0x6a, 0x36, 0xe6, 0x00, 0x05, 0x00, 0x08, 0xa8, 0xc0, 0x01, 0x00, 0x28, 0x55, 0x57, 0x7f, 0xff, 
    0xff, 0xff, 0xc4, 0x41, 0x01, 0x40, 0x14, 0x00, 0x01, 0x00, 0x01, 0x00, 0x00, 0x06, 0xaa, 0xaf, 
    0xff, 0xff, 0xff, 0xff, 0xc0, 0x00, 0x00, 0x00, 0x00, 0x00, 0x00, 0x00, 0x00, 0x00, 0x00, 0x00, 
    0x00, 0x00, 0x00, 0x00, 0x00, 0x00, 0x29, 0x00, 0x00, 0xff, 0xff, 0xff, 0xff, 0xeb, 0xef, 0xff, 
    0xff, 0xff, 0xfb, 0xaa, 0xbf, 0xbf, 0xff, 0xff, 0xfe, 0x9e, 0x41, 0x57, 0xdd, 0xe7, 0x4b, 0xff, 
    0xfc, 0x1f, 0xf7, 0xff, 0xbf, 0xff, 0xfb, 0xc0, 0x16, 0xfe, 0x5f, 0xff, 0xfa, 0x61, 0xff, 0xff, 
    0xfb, 0xd5, 0x57, 0xf4, 0x2f, 0xff, 0xff, 0xff, 0xff, 0xf8, 0x40, 0x00, 0x07, 0x0b, 0xf4, 0xff, 
    0xff, 0xff, 0xff, 0xff, 0xff, 0xff, 0xff, 0xff, 0xff, 0xff, 0xff, 0xff, 0xff, 0xff, 0xff, 0xea, 
    0xaf, 0xfe, 0xaf, 0xff, 0xff, 0xd1, 0x54, 0x55, 0x55, 0x55, 0x55, 0x55, 0x55, 0x51, 0x45, 0x55, 
    0x55, 0x55, 0x54, 0x55, 0x5a, 0x65, 0xaa, 0xab, 0xd0, 0x15, 0x40, 0x00, 0x00, 0x00, 0x00, 0x00, 
    0x00, 0x00, 0x01, 0x01, 0x00, 0x06, 0x65, 0x00, 0x00, 0x00, 0x00, 0x00, 0x00, 0x00, 0x00, 0x00, 
    0x00, 0x00, 0x00, 0x00, 0x00, 0x00, 0x00, 0x00, 0x05, 0xaf, 0xff, 0xfe, 0x46, 0xff, 0xff, 0xfe, 
    0xaa, 0xaa, 0xb4, 0xff, 0xa1, 0x90, 0x6a, 0x5a, 0x9a, 0x26, 0xf7, 0x00, 0x14, 0x00, 0x24, 0x9c, 
    0x80, 0x00, 0x00, 0x06, 0x95, 0x56, 0xef, 0xff, 0xff, 0xff, 0xe0, 0x00, 0x00, 0x01, 0x40, 0x00, 
    0x41, 0x40, 0x00, 0x00, 0x00, 0x86, 0xaa, 0xaf, 0xff, 0xff, 0xff, 0xff, 0xd0, 0x00, 0x00, 0x00, 
    0x00, 0x00, 0x00, 0x00, 0x00, 0x00, 0x00, 0x00, 0x00, 0x00, 0x00, 0x00, 0x00, 0x00, 0x00, 0x00, 
    0x00, 0x3f, 0xff, 0xff, 0xff, 0xff, 0xbb, 0xfe, 0xff, 0xff, 0xaa, 0x6a, 0xaf, 0xeb, 0xef, 0xff, 
    0xff, 0xa5, 0x44, 0x56, 0xde, 0xf9, 0x0b, 0xff, 0xf8, 0x1e, 0xfb, 0xff, 0xaf, 0xff, 0xff, 0xc0, 
    0x16, 0xff, 0xaf, 0xff, 0xfa, 0x0b, 0xff, 0xff, 0xfd, 0xd5, 0x56, 0xab, 0x2f, 0xff, 0xff, 0xff, 
    0xff, 0xf0, 0xf0, 0x50, 0x03, 0x9f, 0xf5, 0xff, 0xff, 0xff, 0xff, 0xff, 0xff, 0xff, 0xff, 0xff, 
    0xff, 0xff, 0xff, 0xff, 0xff, 0xff, 0xff, 0xff, 0xfa, 0xbf, 0xfe, 0xbf, 0xff, 0xf8, 0x55, 0x55, 
    0x55, 0x55, 0x54, 0x11, 0x01, 0x54, 0x55, 0x55, 0x55, 0x55, 0x55, 0x59, 0x66, 0xaa, 0xaa, 0xae, 
    0x41, 0x55, 0x40, 0x00, 0x00, 0x00, 0x00, 0x05, 0x00, 0x00, 0x00, 0x40, 0x00, 0x05, 0x98, 0x00, 
    0x00, 0x00, 0x00, 0x00, 0x00, 0x10, 0x00, 0x00, 0x00, 0x00, 0x00, 0x00, 0x00, 0x00, 0x00, 0x00, 
    0x04, 0x06, 0xaf, 0xff, 0xe6, 0xaf, 0xfa, 0xbe, 0xae, 0xea, 0xa8, 0xbe, 0x90, 0xa4, 0x6a, 0x9a, 
    0xa6, 0x2a, 0xfb, 0x40, 0x01, 0x60, 0x20, 0x2a, 0x41, 0x55, 0x00, 0x00, 0x75, 0x55, 0xdf, 0xff, 
    0xff, 0xff, 0xb0, 0x00, 0x40, 0x00, 0x00, 0x00, 0xe5, 0x44, 0x00, 0x00, 0x00, 0x62, 0xaa, 0xab, 
    0xff, 0xff, 0xff, 0xff, 0xe0, 0x00, 0x00, 0x00, 0x00, 0x00, 0x00, 0x00, 0x00, 0x00, 0x00, 0x00, 
    0x00, 0x00, 0x00, 0x00, 0x00, 0x00, 0x00, 0x00, 0x00, 0x0b, 0xff, 0xff, 0xff, 0xff, 0xfb, 0xff, 
    0xfe, 0xaa, 0xa9, 0x7f, 0xef, 0xe9, 0xbf, 0xff, 0xff, 0xae, 0x15, 0x55, 0xff, 0xf9, 0x0b, 0xff, 
    0xf8, 0x1f, 0xfe, 0xff, 0x5f, 0xff, 0xff, 0xc4, 0x15, 0xbf, 0xff, 0xfa, 0xfa, 0x07, 0xff, 0xff, 
    0xfe, 0xe5, 0x5b, 0xfd, 0x2f, 0xff, 0xff, 0xff, 0xff, 0xf1, 0xf4, 0x51, 0x53, 0xef, 0xf5, 0xaf, 
    0xff, 0xff, 0xff, 0xff, 0xff, 0xff, 0xff, 0xff, 0xff, 0xff, 0xff, 0xff, 0xff, 0xff, 0xff, 0xff, 
    0xff, 0xff, 0xff, 0xff, 0xff, 0xfe, 0x05, 0x55, 0x55, 0x55, 0x55, 0x55, 0x55, 0x05, 0x45, 0x55, 
    0x55, 0x55, 0x55, 0x15, 0xaa, 0x56, 0xaa, 0xb5, 0x05, 0x40, 0x00, 0x00, 0x00, 0x00, 0x00, 0x40, 
    0x00, 0x00, 0x00, 0x00, 0x00, 0x01, 0xe0, 0x00, 0x00, 0x00, 0x00, 0x00, 0x00, 0x00, 0x00, 0x00, 
    0x00, 0x00, 0x00, 0x00, 0x00, 0x00, 0x00, 0x00, 0x00, 0x00, 0x6a, 0xff, 0xfe, 0xba, 0xaa, 0xba, 
    0xaa, 0xab, 0xbe, 0xbf, 0xc0, 0x28, 0x6a, 0x96, 0xa5, 0x27, 0x86, 0xc0, 0x00, 0x69, 0x04, 0x4b, 
    0x14, 0x04, 0x00, 0x40, 0x0a, 0x55, 0x4b, 0xff, 0xff, 0xff, 0xb8, 0x40, 0x00, 0x00, 0x00, 0x00, 
    0x05, 0x00, 0x00, 0x00, 0x00, 0x12, 0xaa, 0xab, 0xff, 0xff, 0xff, 0xff, 0xe0, 0x00, 0x00, 0x00, 
    0x00, 0x00, 0x00, 0x00, 0x00, 0x00, 0x00, 0x00, 0x00, 0x00, 0x00, 0x00, 0x00, 0x00, 0x00, 0x00, 
    0x00, 0x01, 0xff, 0xff, 0xff, 0xeb, 0xff, 0xff, 0xea, 0xff, 0xff, 0xff, 0xf9, 0xbf, 0xff, 0xff, 
    0xff, 0xfb, 0xd0, 0x04, 0x7e, 0xeb, 0x8b, 0xff, 0xa0, 0x1f, 0xff, 0xbe, 0x0b, 0xff, 0xff, 0x80, 
    0x55, 0x7f, 0xfb, 0xf0, 0xfa, 0x0b, 0xff, 0xff, 0xff, 0x45, 0x5b, 0xfd, 0x2f, 0xff, 0xff, 0xff, 
    0xbf, 0xf2, 0xf4, 0x55, 0x51, 0xff, 0xf5, 0x5b, 0xff, 0xff, 0xff, 0xff, 0xff, 0xff, 0xff, 0xff, 
    0xff, 0xff, 0xff, 0xff, 0xff, 0xff, 0xff, 0xff, 0xff, 0xff, 0xff, 0xff, 0xff, 0xff, 0xd1, 0x55, 
    0x55, 0x55, 0x55, 0x55, 0x55, 0x45, 0x50, 0x51, 0x55, 0x55, 0x55, 0x55, 0x59, 0x55, 0xab, 0x94, 
    0x55, 0x00, 0x00, 0x00, 0x00, 0x00, 0x14, 0x01, 0x40, 0x00, 0x00, 0x10, 0x00, 0x00, 0xe0, 0x00, 
    0x00, 0x00, 0x00, 0x00, 0x00, 0x00, 0x00, 0x00, 0x00, 0x00, 0x00, 0x00, 0x00, 0x00, 0x00, 0x00, 
    0x00, 0x00, 0x06, 0xbf, 0xff, 0xf9, 0xaa, 0xaa, 0xaa, 0xbb, 0xff, 0xff, 0x80, 0x29, 0xaa, 0x5a, 
    0xa9, 0x29, 0x15, 0xe0, 0x00, 0x18, 0x04, 0x4b, 0x40, 0x00, 0x10, 0x40, 0x42, 0x99, 0x43, 0xff, 
    0xff, 0xff, 0xed, 0x94, 0x00, 0x00, 0x00, 0x01, 0x05, 0x04, 0x00, 0x00, 0x00, 0x05, 0xaa, 0xaa, 
    0xff, 0xff, 0xff, 0xff, 0xf0, 0x00, 0x05, 0x00, 0x00, 0x00, 0x00, 0x00, 0x00, 0x00, 0x00, 0x00, 
    0x00, 0x00, 0x00, 0x00, 0x00, 0x00, 0x00, 0x00, 0x00, 0x00, 0x3f, 0xff, 0xff, 0xff, 0xff, 0xfe, 
    0xbe, 0xff, 0xff, 0xff, 0xfe, 0xff, 0xff, 0xef, 0xff, 0xba, 0xf8, 0x44, 0x7f, 0xab, 0x4f, 0xfe, 
    0xc0, 0x1f, 0xff, 0xbf, 0x0b, 0xff, 0xff, 0x84, 0x55, 0x6f, 0xff, 0xf4, 0xba, 0x1f, 0xff, 0xff, 
    0xff, 0x95, 0x56, 0xfd, 0x3f, 0xff, 0xff, 0xfe, 0x3f, 0xf6, 0xf5, 0x55, 0x54, 0xff, 0xf5, 0x5b, 
    0x06, 0xbf, 0xff, 0xff, 0xff, 0xff, 0xff, 0xff, 0xff, 0xff, 0xff, 0xff, 0xff, 0xff, 0xff, 0xff, 
    0xff, 0xff, 0xff, 0xff, 0xff, 0xff, 0xf8, 0x15, 0x55, 0x55, 0x55, 0x55, 0x55, 0x15, 0x15, 0x00, 
    0x55, 0xa5, 0x55, 0x55, 0x42, 0xaa, 0xa9, 0x61, 0x54, 0x00, 0x00, 0x00, 0x00, 0x01, 0x55, 0x40, 
    0x04, 0x00, 0x00, 0x04, 0x00, 0x01, 0xc0, 0x10, 0x00, 0x00, 0x00, 0x00, 0x00, 0x00, 0x00, 0x00, 
    0x00, 0x00, 0x00, 0x00, 0x00, 0x00, 0x00, 0x00, 0x00, 0x00, 0x01, 0x6a, 0xff, 0xfa, 0x6e, 0xff, 
    0xeb, 0xbf, 0xef, 0xff, 0x80, 0x0a, 0xaa, 0x9a, 0xa9, 0x1e, 0xc3, 0x74, 0x00, 0x00, 0x01, 0x0e, 
    0x00, 0x00, 0x40, 0x21, 0x80, 0xa6, 0x42, 0xff, 0xff, 0xff, 0xde, 0xf8, 0x00, 0x00, 0x00, 0x00, 
    0x04, 0x00, 0x00, 0x00, 0x00, 0x04, 0xaa, 0xaa, 0xff, 0xff, 0xff, 0xff, 0xf4, 0x00, 0x06, 0x00, 
    0x00, 0x00, 0x00, 0x00, 0x00, 0x00, 0x00, 0x00, 0x00, 0x00, 0x00, 0x00, 0x00, 0x00, 0x00, 0x00, 
    0x00, 0x00, 0x07, 0xff, 0xff, 0xff, 0xff, 0xfe, 0xaa, 0xff, 0xff, 0xff, 0xff, 0xff, 0xfe, 0xfb, 
    0xff, 0xbd, 0xff, 0xeb, 0xff, 0x7f, 0x8a, 0xbe, 0xd1, 0x0f, 0xff, 0xec, 0x0b, 0xff, 0xff, 0x84, 
    0x55, 0x5f, 0xff, 0x6f, 0xfa, 0x7f, 0xff, 0xff, 0xff, 0xc0, 0x45, 0x50, 0x3f, 0xff, 0xff, 0xff, 
    0x3f, 0xf9, 0x69, 0x45, 0x40, 0xff, 0xe5, 0x5b, 0x90, 0x01, 0xaf, 0xff, 0xff, 0xff, 0xff, 0xff, 
    0xff, 0xff, 0xff, 0xff, 0xff, 0xff, 0xff, 0xff, 0xff, 0xff, 0xff, 0xff, 0xff, 0xff, 0xf8, 0x05, 
    0x55, 0x55, 0x55, 0x55, 0x55, 0x45, 0x55, 0x54, 0x45, 0x55, 0x55, 0x55, 0x55, 0x6a, 0x95, 0xa5, 
    0x55, 0x00, 0x00, 0x00, 0x00, 0x01, 0x55, 0x40, 0x00, 0x00, 0x00, 0x04, 0x04, 0x55, 0x80, 0x40, 
    0x00, 0x00, 0x00, 0x00, 0x00, 0x00, 0x00, 0x10, 0x00, 0x00, 0x00, 0x00, 0x00, 0x00, 0x00, 0x00, 
    0x00, 0x00, 0x00, 0x56, 0xff, 0xea, 0xab, 0xfe, 0xfe, 0xef, 0xeb, 0xbf, 0x00, 0x0a, 0xaa, 0x6a, 
    0x69, 0x2f, 0x01, 0xad, 0x01, 0x6a, 0x40, 0x4c, 0x00, 0x10, 0x00, 0x00, 0x00, 0x26, 0x40, 0xff, 
    0xff, 0xff, 0xeb, 0xbc, 0x00, 0x00, 0x00, 0x00, 0x00, 0x01, 0x00, 0x00, 0x00, 0x00, 0xaa, 0xaa, 
    0xbf, 0xff, 0xff, 0xff, 0xf8, 0x00, 0x02, 0x00, 0x00, 0x00, 0x00, 0x00, 0x00, 0x00, 0x00, 0x00, 
    0x00, 0x00, 0x00, 0x00, 0x00, 0x00, 0x00, 0x00, 0x00, 0x00, 0x00, 0xbf, 0xff, 0xff, 0xff, 0xff, 
    0xaf, 0xbf, 0xff, 0xff, 0xff, 0xff, 0xfe, 0xff, 0xff, 0xff, 0x7f, 0xff, 0xf7, 0x7f, 0xc9, 0xbf, 
    0xf0, 0x1f, 0xff, 0xf4, 0x03, 0xff, 0xff, 0x80, 0x52, 0x5b, 0xff, 0x1f, 0xf9, 0x7f, 0xff, 0xff, 
    0xff, 0xcc, 0x5a, 0xa4, 0x3f, 0xff, 0xff, 0xff, 0x6f, 0xf9, 0x6d, 0x54, 0x00, 0xbf, 0xe5, 0x5b, 
    0xff, 0xe5, 0x00, 0x6f, 0xff, 0xff, 0xff, 0xff, 0xff, 0xff, 0xff, 0xff, 0xff, 0xff, 0xff, 0xff, 
    0xff, 0xff, 0xff, 0xff, 0xff, 0xff, 0xff, 0x80, 0x55, 0x55, 0x55, 0x55, 0x55, 0x55, 0x55, 0x55, 
    0x15, 0x55, 0x55, 0x55, 0x55, 0x56, 0x55, 0xd5, 0x54, 0x00, 0x00, 0x00, 0x00, 0x15, 0x50, 0x00, 
    0x00, 0x00, 0x00, 0x01, 0x95, 0x96, 0x41, 0x00, 0x00, 0x00, 0x00, 0x00, 0x00, 0x00, 0x00, 0x40, 
    0x00, 0x00, 0x00, 0x00, 0x00, 0x00, 0x00, 0x00, 0x00, 0x00, 0x00, 0x00, 0x6a, 0xaf, 0xfe, 0xff, 
    0xbe, 0xff, 0xff, 0xbe, 0x00, 0x16, 0xa9, 0x6a, 0x99, 0x78, 0x00, 0xff, 0x40, 0x01, 0xf4, 0x14, 
    0x00, 0x01, 0x05, 0x00, 0x00, 0x0d, 0x50, 0xbf, 0xff, 0xff, 0xf7, 0xbf, 0x00, 0x00, 0x00, 0x00, 
    0x00, 0x00, 0x00, 0x00, 0x00, 0x00, 0x6a, 0xaa, 0xaf, 0xff, 0xff, 0xff, 0xfc, 0x00, 0x01, 0x40, 
    0x00, 0x00, 0x00, 0x00, 0x00, 0x00, 0x00, 0x00, 0x00, 0x00, 0x00, 0x00, 0x00, 0x00, 0x00, 0x00, 
    0x00, 0x00, 0x00, 0x1f, 0xff, 0xff, 0xff, 0xff, 0xef, 0xaf, 0xff, 0xff, 0xff, 0xff, 0x6f, 0xff, 
    0xff, 0xff, 0x6f, 0xff, 0xff, 0xff, 0xd8, 0xff, 0xf4, 0x1f, 0xff, 0xf0, 0x03, 0xff, 0xff, 0x54, 
    0x56, 0x57, 0xff, 0x0f, 0xfa, 0xbf, 0xff, 0xff, 0xff, 0xee, 0x15, 0x64, 0x3f, 0xff, 0xfa, 0xff, 
    0x8f, 0xf9, 0x6d, 0x55, 0x50, 0x7f, 0xd5, 0x6f, 0xff, 0xff, 0xfa, 0x50, 0x1b, 0xff, 0xff, 0xff, 
    0xff, 0xff, 0xff, 0xff, 0xff, 0xff, 0xff, 0xff, 0xff, 0xff, 0xff, 0xff, 0xff, 0xff, 0xff, 0xf8, 
    0x15, 0x55, 0x55, 0x55, 0x55, 0x55, 0x51, 0x55, 0x55, 0x55, 0x55, 0x55, 0x55, 0x56, 0x9a, 0xd5, 
    0x50, 0x00, 0x00, 0x00, 0x00, 0x05, 0x55, 0x00, 0x00, 0x00, 0x00, 0x03, 0x00, 0x22, 0x01, 0x00, 
    0x00, 0x00, 0x00, 0x00, 0x00, 0x00, 0x00, 0x00, 0x00, 0x00, 0x00, 0x00, 0x00, 0x00, 0x00, 0x00, 
    0x00, 0x00, 0x00, 0x00, 0x1e, 0x7f, 0xfb, 0xbf, 0xeb, 0xaf, 0xbe, 0xad, 0x00, 0x42, 0xa9, 0x6a, 
    0xa9, 0xd0, 0x00, 0x38, 0xd0, 0x28, 0x00, 0x10, 0x00, 0x00, 0x00, 0x69, 0x00, 0x0a, 0x94, 0x3f, 
    0xff, 0xff, 0xfb, 0xef, 0x65, 0x00, 0x00, 0x00, 0x00, 0x00, 0x40, 0x00, 0x00, 0x00, 0x2a, 0xaa, 
    0xab, 0xff, 0xff, 0xff, 0xfd, 0x00, 0x00, 0x80, 0x00, 0x00, 0x00, 0x00, 0x00, 0x00, 0x00, 0x00, 
    0x00, 0x00, 0x00, 0x00, 0x00, 0x00, 0x00, 0x00, 0x00, 0x00, 0x00, 0x01, 0xff, 0xff, 0xff, 0xff, 
    0xef, 0xfb, 0xff, 0xff, 0xff, 0xef, 0xef, 0xbd, 0x6f, 0xff, 0x9f, 0xff, 0xff, 0xfb, 0xd5, 0xff, 
    0xec, 0x1f, 0xff, 0xf0, 0x25, 0xff, 0xfb, 0x54, 0x5a, 0x56, 0xff, 0x6f, 0xfa, 0xbf, 0xff, 0xff, 
    0xff, 0xff, 0x40, 0x40, 0x3f, 0xf1, 0xff, 0xff, 0xdf, 0xf5, 0xbe, 0x55, 0x54, 0x3f, 0x95, 0x6f, 
    0x5b, 0xff, 0xff, 0xff, 0xe5, 0x06, 0xff, 0xff, 0xff, 0xff, 0xff, 0xff, 0xff, 0xff, 0xff, 0xff, 
    0xff, 0xff, 0xff, 0xff, 0xff, 0xff, 0xff, 0xff, 0x81, 0x55, 0x55, 0x55, 0x55, 0x55, 0x55, 0x55, 
    0x54, 0x50, 0x55, 0x55, 0x55, 0x55, 0xa7, 0x55, 0x40, 0x00, 0x00, 0x00, 0x00, 0x55, 0x55, 0x04, 
    0x00, 0x00, 0x00, 0x08, 0x01, 0x02, 0x04, 0x00, 0x00, 0x00, 0x00, 0x00, 0x00, 0x00, 0x01, 0x00, 
    0x00, 0x00, 0x00, 0x00, 0x00, 0x00, 0x00, 0x00, 0x00, 0x00, 0x00, 0x00, 0x01, 0x6f, 0xff, 0xaf, 
    0xff, 0xff, 0xff, 0xfc, 0x00, 0x02, 0xa9, 0xaa, 0xb9, 0x80, 0x00, 0x18, 0x28, 0x00, 0x05, 0x54, 
    0x00, 0x00, 0x00, 0x02, 0x55, 0x07, 0x68, 0x2f, 0xff, 0xff, 0xfd, 0xef, 0x94, 0x00, 0x00, 0x00, 
    0x00, 0x00, 0x00, 0x00, 0x00, 0x00, 0x2a, 0xaa, 0xaa, 0xff, 0xff, 0xff, 0xff, 0x00, 0x00, 0x50, 
    0x00, 0x00, 0x00, 0x00, 0x00, 0x00, 0x00, 0x00, 0x00, 0x00, 0x00, 0x00, 0x00, 0x00, 0x00, 0x00, 
    0x00, 0x00, 0x00, 0x00, 0x2f, 0xff, 0xff, 0xff, 0xff, 0xfd, 0x7f, 0xff, 0xff, 0xff, 0xdf, 0xbf, 
    0x7f, 0xbf, 0x4b, 0xff, 0xff, 0xfb, 0xca, 0xff, 0xc8, 0x5f, 0xff, 0xe0, 0x7c, 0xfb, 0xff, 0x14, 
    0x56, 0x99, 0xff, 0x7f, 0xf6, 0xbf, 0xff, 0xff, 0xff, 0xfb, 0x80, 0xc0, 0x3f, 0xf0, 0xeb, 0xff, 
    0xff, 0xfa, 0xfe, 0x15, 0x50, 0x3f, 0x55, 0x7f, 0x00, 0x06, 0xff, 0xff, 0xff, 0xf9, 0x41, 0xbf, 
    0xff, 0xff, 0xff, 0xff, 0xff, 0xff, 0xff, 0xff, 0xff, 0xff, 0xff, 0xff, 0xff, 0xff, 0xff, 0xff, 
    0xf4, 0x55, 0x55, 0x55, 0x55, 0x55, 0x55, 0x55, 0x55, 0x14, 0x15, 0x55, 0x55, 0x55, 0x6f, 0x55, 
    0x00, 0x00, 0x00, 0x00, 0x54, 0x05, 0x55, 0x55, 0x54, 0x00, 0x00, 0x1e, 0x05, 0x1a, 0x10, 0x00, 
    0x00, 0x00, 0x00, 0x00, 0x00, 0x00, 0x00, 0x00, 0x00, 0x00, 0x00, 0x00, 0x00, 0x00, 0x00, 0x00, 
    0x00, 0x00, 0x00, 0x00, 0x00, 0x5a, 0xbf, 0xff, 0xff, 0xff, 0xff, 0xf8, 0x00, 0x09, 0xa5, 0xa9, 
    0xa6, 0x00, 0x00, 0x05, 0x0f, 0x00, 0x1e, 0xa0, 0x00, 0x00, 0x00, 0x00, 0x80, 0x03, 0x69, 0x1f, 
    0xff, 0xff, 0xfd, 0xfb, 0xc0, 0x00, 0x00, 0x00, 0x00, 0x00, 0x00, 0x00, 0x00, 0x00, 0x1a, 0xaa, 
    0xaa, 0xfe, 0xff, 0xff, 0xff, 0x80, 0x00, 0x24, 0x00, 0x00, 0x00, 0x00, 0x00, 0x00, 0x00, 0x00, 
    0x00, 0x00, 0x00, 0x00, 0x00, 0x00, 0x00, 0x00, 0x00, 0x00, 0x00, 0x00, 0x02, 0xff, 0xff, 0xff, 
    0xff, 0xff, 0xa9, 0xbf, 0xff, 0xff, 0xf6, 0xff, 0xef, 0xbf, 0x4b, 0xff, 0xff, 0xf7, 0xee, 0xff, 
    0x99, 0x9f, 0xff, 0xe0, 0x7d, 0xbf, 0xff, 0x14, 0x55, 0x55, 0xbf, 0xbf, 0xf5, 0xbf, 0xff, 0xff, 
    0xff, 0xfb, 0xc2, 0xd5, 0x3f, 0xf0, 0x7f, 0xff, 0xff, 0xfe, 0xff, 0x15, 0x50, 0x3f, 0x55, 0x7f, 
    0x00, 0x00, 0x01, 0x6b, 0xff, 0xff, 0xfe, 0x91, 0x6b, 0xff, 0xff, 0xff, 0xff, 0xff, 0xff, 0xff, 
    0xff, 0xff, 0xff, 0xff, 0xff, 0xff, 0xff, 0xff, 0xff, 0x45, 0x55, 0x55, 0x55, 0x55, 0x55, 0x55, 
    0x55, 0x55, 0x55, 0x55, 0x55, 0x55, 0x6d, 0x54, 0x00, 0x00, 0x00, 0x00, 0x00, 0x00, 0x00, 0x01, 
    0x54, 0x00, 0x00, 0x35, 0x04, 0x76, 0x40, 0x00, 0x00, 0x00, 0x00, 0x00, 0x00, 0x00, 0x00, 0x00, 
    0x00, 0x00, 0x00, 0x00, 0x00, 0x00, 0x00, 0x00, 0x00, 0x00, 0x00, 0x00, 0x00, 0x15, 0xff, 0xff, 
    0xff, 0xff, 0xfe, 0xf4, 0x00, 0x29, 0xa6, 0xa6, 0xa5, 0x00, 0x00, 0x01, 0x9f, 0xe0, 0x00, 0x24, 
    0x00, 0x00, 0x06, 0x6a, 0xc0, 0x03, 0x5f, 0x5f, 0xff, 0xff, 0xff, 0x7f, 0xd0, 0x00, 0x00, 0x00, 
    0x00, 0x00, 0x00, 0x00, 0x00, 0x01, 0x4a, 0xaa, 0xaa, 0xaf, 0xff, 0xff, 0xff, 0xc0, 0x00, 0x18, 
    0x00, 0x00, 0x00, 0x00, 0x00, 0x00, 0x40, 0x00, 0x00, 0x00, 0x00, 0x00, 0x00, 0x00, 0x00, 0x00, 
    0x00, 0x00, 0x00, 0x00, 0x00, 0x7f, 0xff, 0xff, 0xff, 0xff, 0xff, 0xaf, 0xff, 0xff, 0xff, 0xfe, 
    0xbf, 0xff, 0x6e, 0xff, 0xf7, 0xf7, 0xe9, 0xff, 0x58, 0x1f, 0xff, 0xf0, 0xbe, 0x7f, 0xff, 0x40, 
    0x15, 0x59, 0x7f, 0xff, 0xf0, 0xbf, 0xfb, 0xff, 0xff, 0xfb, 0xff, 0x55, 0x1f, 0xf8, 0x2f, 0xff, 
    0xff, 0xfd, 0xbf, 0x45, 0x54, 0x2e, 0x55, 0x7f, 0xfa, 0x40, 0x00, 0x00, 0x06, 0xbf, 0xff, 0xff, 
    0xe5, 0x5a, 0xff, 0xff, 0xff, 0xff, 0xff, 0xff, 0xff, 0xff, 0xff, 0xff, 0xff, 0xff, 0xff, 0xff, 
    0xff, 0xe0, 0x55, 0x55, 0x55, 0x55, 0x55, 0x55, 0x55, 0x55, 0x55, 0x55, 0x55, 0x55, 0xb9, 0x50, 
    0x00, 0x00, 0x00, 0x00, 0x00, 0x00, 0x54, 0x01, 0x01, 0x54, 0x00, 0xa0, 0x10, 0xb5, 0x40, 0x00, 
    0x00, 0x00, 0x00, 0x00, 0x00, 0x00, 0x00, 0x00, 0x00, 0x00, 0x00, 0x00, 0x00, 0x00, 0x00, 0x00, 
    0x00, 0x00, 0x00, 0x00, 0x50, 0x01, 0xef, 0xfe, 0xee, 0xff, 0xee, 0xa0, 0x00, 0xa9, 0xaa, 0x96, 
    0xa1, 0x00, 0x00, 0x00, 0x3d, 0xbd, 0x00, 0x50, 0x40, 0x01, 0x40, 0x41, 0xa0, 0x02, 0x5b, 0xff, 
    0xff, 0xff, 0xff, 0x7e, 0xd0, 0x00, 0x00, 0x00, 0x00, 0x00, 0x00, 0x00, 0x00, 0x00, 0x46, 0xaa, 
    0xaa, 0xaa, 0xbb, 0xff, 0xff, 0xf0, 0x00, 0x05, 0x00, 0x55, 0x06, 0xe4, 0x00, 0x00, 0x00, 0x00, 
    0x00, 0x00, 0x00, 0x00, 0x00, 0x00, 0x00, 0x00, 0x00, 0x00, 0x00, 0x00, 0x00, 0x0b, 0xff, 0xff, 
    0xff, 0xfe, 0xfc, 0xbf, 0xbf, 0xff, 0xff, 0xff, 0xff, 0xbe, 0x6d, 0xff, 0xfe, 0xf7, 0xe5, 0xff, 
    0x0f, 0x1f, 0xff, 0xf0, 0xbe, 0x3f, 0xff, 0x40, 0x05, 0x59, 0x7f, 0xff, 0xd0, 0xbf, 0xd7, 0xff, 
    0xff, 0xfe, 0xef, 0x10, 0x09, 0xbe, 0x5f, 0xff, 0xff, 0xfd, 0xbb, 0x80, 0x15, 0x5f, 0x59, 0x7f, 
    0xff, 0xff, 0xa5, 0x00, 0x00, 0x01, 0x6f, 0xff, 0xff, 0xfe, 0x56, 0xbf, 0xff, 0xff, 0xff, 0xff, 
    0xff, 0xff, 0xff, 0xff, 0xff, 0xff, 0xff, 0xff, 0xff, 0xfd, 0x15, 0x55, 0x55, 0x55, 0x55, 0x55, 
    0x55, 0x55, 0x45, 0x55, 0x55, 0x55, 0xf5, 0x00, 0x00, 0x00, 0x00, 0x00, 0x00, 0x00, 0x01, 0x55, 
    0x40, 0x05, 0x40, 0xc0, 0x81, 0xb0, 0x00, 0x00, 0x00, 0x00, 0x00, 0x00, 0x00, 0x01, 0x50, 0x00, 
    0x00, 0x00, 0x00, 0x00, 0x00, 0x00, 0x00, 0x00, 0x00, 0x00, 0x00, 0x00, 0x00, 0x00, 0x5b, 0xff, 
    0xae, 0xbf, 0xea, 0x90, 0x01, 0xaa, 0x6a, 0x55, 0x88, 0x00, 0x00, 0x00, 0x0a, 0xfb, 0xd0, 0x00, 
    0x00, 0x00, 0x34, 0x00, 0x50, 0x07, 0x47, 0xff, 0xff, 0xff, 0xff, 0x9f, 0x60, 0x40, 0x00, 0x00, 
    0x00, 0x00, 0x00, 0x00, 0x00, 0x00, 0x12, 0xaa, 0xaa, 0xaa, 0x7f, 0xbf, 0xff, 0xf8, 0x00, 0x00, 
    0x07, 0xee, 0xfa, 0xa1, 0x40, 0x00, 0x00, 0x00, 0x00, 0x00, 0x00, 0x00, 0x00, 0x00, 0x00, 0x00, 
    0x00, 0x00, 0x00, 0x00, 0x00, 0x00, 0xff, 0xff, 0xff, 0xfa, 0xf8, 0x25, 0x7f, 0xff, 0xbf, 0xfd, 
    0xff, 0xb9, 0x2e, 0xbf, 0xff, 0xbb, 0xe7, 0xff, 0x2f, 0x5f, 0xff, 0xf8, 0xbf, 0x6f, 0xff, 0x40, 
    0x01, 0x5a, 0xaf, 0xff, 0xc0, 0xbf, 0xdb, 0xff, 0xff, 0xfd, 0xee, 0x00, 0x0e, 0xa9, 0x4b, 0xff, 
    0xff, 0xf9, 0xb9, 0x40, 0x55, 0x4f, 0x5a, 0x7f, 0xff, 0xff, 0xff, 0xfe, 0x50, 0x00, 0x54, 0x16, 
    0xff, 0xff, 0xff, 0xeb, 0xff, 0xff, 0xff, 0xff, 0xff, 0xff, 0xff, 0xff, 0xff, 0xff, 0xff, 0xff, 
    0xff, 0xff, 0xd1, 0x55, 0x55, 0x55, 0x55, 0x55, 0x5a, 0xa5, 0x51, 0x15, 0x55, 0x56, 0xe4, 0x00, 
    0x00, 0x00, 0x00, 0x00, 0x00, 0x00, 0x05, 0x40, 0x00, 0x00, 0x12, 0xc0, 0x42, 0xf0, 0x00, 0x00, 
    0x00, 0x00, 0x00, 0x00, 0x00, 0x00, 0x01, 0x00, 0x00, 0x00, 0x00, 0x00, 0x00, 0x00, 0x00, 0x00, 
    0x1a, 0xaa, 0xaa, 0xea, 0xa4, 0x00, 0x06, 0xbf, 0xea, 0xae, 0xea, 0x80, 0x02, 0xaa, 0x69, 0x52, 
    0x94, 0x00, 0x00, 0x00, 0x01, 0xd3, 0xfd, 0x00, 0x00, 0x14, 0x1f, 0x40, 0x10, 0x0f, 0x16, 0xfe, 
    0xff, 0xff, 0xff, 0xcf, 0x7a, 0xf0, 0x00, 0x00, 0x00, 0x00, 0x00, 0x00, 0x00, 0x00, 0x09, 0xaa, 
    0xaa, 0xaa, 0x8f, 0xff, 0xff, 0xfd, 0x00, 0x00, 0x2f, 0xff, 0x94, 0x59, 0x90, 0x00, 0x00, 0x00, 
    0x00, 0x00, 0x00, 0x00, 0x00, 0x00, 0x00, 0x00, 0x00, 0x00, 0x00, 0x00, 0x00, 0x00, 0x2f, 0xff, 
    0xff, 0xff, 0xfc, 0x57, 0xff, 0xff, 0xef, 0xff, 0xff, 0xb8, 0x03, 0x7f, 0xff, 0xb6, 0xdb, 0xfc, 
    0x7f, 0x9f, 0xff, 0xfd, 0xbf, 0xdf, 0xfb, 0x00, 0x00, 0x5a, 0x9f, 0xff, 0x80, 0x7f, 0xff, 0xff, 
    0xff, 0xfe, 0xfc, 0x00, 0x0b, 0xff, 0x99, 0xff, 0xff, 0xf9, 0xb9, 0x80, 0x01, 0x4b, 0xfa, 0xbf, 
    0xff, 0xff, 0xff, 0xff, 0xff, 0xa5, 0x00, 0x45, 0x51, 0x6f, 0xff, 0xff, 0xff, 0xff, 0xff, 0xff, 
    0xff, 0xff, 0xff, 0xff, 0xff, 0xff, 0xff, 0xff, 0xff, 0xff, 0xfd, 0x15, 0x55, 0x55, 0x55, 0x55, 
    0x55, 0x55, 0x55, 0x55, 0x55, 0x5b, 0xd4, 0x00, 0x00, 0x00, 0x00, 0x00, 0x00, 0x00, 0x14, 0x00, 
    0x01, 0x54, 0x03, 0xc0, 0x02, 0xf0, 0x00, 0x00, 0x00, 0x00, 0x00, 0x00, 0x00, 0x40, 0x00, 0x00, 
    0x00, 0x00, 0x00, 0x00, 0x00, 0x00, 0x00, 0x00, 0x01, 0xaa, 0xab, 0xff, 0xe0, 0x06, 0x80, 0x7f, 
    0xaa, 0xaa, 0x9a, 0x80, 0x06, 0xa9, 0x68, 0x1a, 0x54, 0x00, 0x00, 0x2f, 0xa9, 0x6f, 0xbb, 0x90, 
    0x00, 0x28, 0x01, 0x80, 0x00, 0x3a, 0x45, 0xff, 0xff, 0xff, 0xff, 0xd7, 0xdf, 0xf9, 0x40, 0x00, 
    0x00, 0x00, 0x00, 0x00, 0x00, 0x00, 0x01, 0xaa, 0xaa, 0xaa, 0x92, 0xfa, 0xbf, 0xff, 0x00, 0x00, 
    0x16, 0xaa, 0x00, 0x06, 0x40, 0x00, 0x00, 0x00, 0x00, 0x00, 0x00, 0x00, 0x00, 0x00, 0x00, 0x00, 
    0x00, 0x00, 0x00, 0x00, 0x00, 0x00, 0x00, 0x6f, 0xff, 0xff, 0xfe, 0xa7, 0xff, 0xff, 0xff, 0xff, 
    0xff, 0xb6, 0x06, 0xaf, 0xff, 0xe4, 0x87, 0xf4, 0xff, 0xcb, 0xff, 0xee, 0xbf, 0xeb, 0xf2, 0x00, 
    0x05, 0x56, 0x9b, 0xff, 0x00, 0xbd, 0xff, 0xff, 0xff, 0xfe, 0xf8, 0x00, 0x07, 0xff, 0xcf, 0x9b, 
    0xff, 0xf5, 0xba, 0x50, 0x00, 0x03, 0xfb, 0xff, 0xff, 0xff, 0xff, 0xff, 0xff, 0xff, 0xfe, 0x50, 
    0x15, 0x55, 0x5a, 0xff, 0xff, 0xff, 0xff, 0xff, 0xff, 0xff, 0xff, 0xff, 0xff, 0xff, 0xff, 0xff, 
    0xff, 0xff, 0xff, 0x81, 0x55, 0x55, 0x55, 0x55, 0x55, 0x55, 0x55, 0x55, 0x55, 0x5b, 0xd0, 0x00, 
    0x00, 0x00, 0x00, 0x00, 0x00, 0x01, 0x55, 0x15, 0x55, 0x55, 0x47, 0xc4, 0x5a, 0xf0, 0x00, 0x00, 
    0x00, 0x00, 0x00, 0x00, 0x00, 0x00, 0x00, 0x00, 0x00, 0x00, 0x00, 0x00, 0x00, 0x00, 0x00, 0x00, 
    0x00, 0x1a, 0xab, 0xff, 0xf0, 0x01, 0xa0, 0x4b, 0x9a, 0xaa, 0xaa, 0x00, 0x0a, 0xa8, 0x64, 0x6a, 
    0x40, 0x00, 0x00, 0xff, 0xaa, 0x06, 0xfb, 0xaf, 0x40, 0x00, 0x00, 0x00, 0x06, 0xe9, 0x15, 0xbf, 
    0x7f, 0xff, 0xff, 0xf3, 0xef, 0xf1, 0x40, 0x00, 0x00, 0x00, 0x00, 0x00, 0x00, 0x00, 0x01, 0x6a, 
    0xaa, 0xa6, 0xa5, 0x6a, 0xbf, 0xff, 0xc0, 0x00, 0x00, 0x00, 0x00, 0x00, 0x00, 0x00, 0x00, 0x00, 
    0x00, 0x00, 0x00, 0x00, 0x00, 0x00, 0x00, 0x00, 0x00, 0x00, 0x00, 0x00, 0x00, 0x00, 0x00, 0x83, 
    0xff, 0xff, 0xff, 0xf9, 0xff, 0xff, 0xfb, 0xff, 0xff, 0xb9, 0x1e, 0xfb, 0xff, 0xfc, 0x47, 0xd8, 
    0xff, 0xdf, 0xff, 0xed, 0xbe, 0xb7, 0xc0, 0x00, 0x25, 0x51, 0x57, 0xff, 0x00, 0xbf, 0xff, 0xff, 
    0xff, 0xbf, 0x70, 0x01, 0x43, 0xff, 0xdf, 0xf4, 0x6f, 0xe6, 0xaa, 0x90, 0x00, 0x02, 0xfb, 0xfc, 
    0xff, 0xff, 0xff, 0xff, 0xff, 0xff, 0xff, 0xff, 0xe9, 0x41, 0xaa, 0x96, 0xbf, 0xff, 0xff, 0xff, 
    0xff, 0xff, 0xff, 0xff, 0xff, 0xff, 0xff, 0xff, 0xff, 0xff, 0xff, 0xf8, 0x15, 0x55, 0x55, 0x55, 
    0x54, 0x55, 0x69, 0x55, 0xa5, 0x5b, 0x90, 0x00, 0x00, 0x00, 0x00, 0x00, 0x00, 0x05, 0x54, 0x55, 
    0xa9, 0x55, 0x5b, 0x9c, 0x5e, 0xe0, 0x00, 0x00, 0x00, 0x00, 0x00, 0x00, 0x00, 0x00, 0x00, 0x00, 
    0x00, 0x00, 0x00, 0x00, 0x00, 0x00, 0x00, 0x00, 0x00, 0x01, 0x6b, 0xff, 0xe0, 0x0b, 0x75, 0x54, 
    0x6a, 0x6f, 0xaa, 0x00, 0x1a, 0xa0, 0x21, 0xaa, 0x40, 0x00, 0x02, 0xff, 0xea, 0x00, 0x6e, 0x96, 
    0xbe, 0x54, 0x00, 0x05, 0xaa, 0x98, 0x10, 0xaf, 0xaf, 0xff, 0xff, 0xf5, 0xf7, 0xe1, 0x44, 0x00, 
    0x00, 0x00, 0x00, 0x00, 0x00, 0x00, 0x00, 0x5a, 0xaa, 0xaa, 0xa9, 0x6a, 0xaa, 0xbf, 0xf0, 0x00, 
    0x00, 0x00, 0x00, 0x00, 0x00, 0x00, 0x01, 0x00, 0x00, 0x00, 0x00, 0x00, 0x00, 0x00, 0x00, 0x00, 
    0x00, 0x00, 0x00, 0x00, 0x00, 0x00, 0x00, 0x64, 0xbf, 0xff, 0xff, 0xfa, 0xbf, 0xff, 0xfd, 0xff, 
    0xff, 0xac, 0x1e, 0xff, 0xff, 0xff, 0x07, 0xd5, 0xff, 0xea, 0xff, 0xee, 0xff, 0x7a, 0xc0, 0x00, 
    0x55, 0x55, 0x55, 0xfd, 0x00, 0xbf, 0xff, 0xff, 0xff, 0xbf, 0x70, 0x01, 0x42, 0xff, 0xdb, 0xfb, 
    0x96, 0xe5, 0xaa, 0xa0, 0x00, 0x00, 0x40, 0x54, 0xff, 0xff, 0xff, 0xff, 0xff, 0xff, 0xff, 0xff, 
    0xff, 0xfe, 0x95, 0x5a, 0xaa, 0xff, 0xff, 0xff, 0xff, 0xff, 0xff, 0xff, 0xff, 0xff, 0xff, 0xff, 
    0xff, 0xff, 0xff, 0xff, 0x85, 0x55, 0x55, 0x55, 0x55, 0x55, 0x55, 0x55, 0x55, 0x6f, 0x00, 0x00, 
    0x00, 0x00, 0x00, 0x00, 0x00, 0x00, 0x41, 0x55, 0x55, 0x15, 0x4f, 0x7e, 0x9e, 0xe0, 0x00, 0x00, 
    0x00, 0x00, 0x01, 0x00, 0x00, 0x00, 0x00, 0x00, 0x00, 0x00, 0x00, 0x00, 0x00, 0x00, 0x00, 0x00, 
    0x00, 0x10, 0x5a, 0xef, 0xd0, 0x07, 0xed, 0xa5, 0x94, 0x6f, 0xf8, 0x00, 0x9a, 0x90, 0x16, 0xa5, 
    0x40, 0x00, 0x1f, 0xfe, 0xaa, 0x00, 0x06, 0x9b, 0xd1, 0x56, 0xaa, 0xa5, 0x00, 0x50, 0x04, 0x5b, 
    0xcf, 0xff, 0xff, 0xf8, 0xfa, 0xc6, 0x95, 0x40, 0x00, 0x00, 0x00, 0x00, 0x00, 0x00, 0x00, 0x1a, 
    0xaa, 0xaa, 0xaa, 0x4a, 0xba, 0xaa, 0xa8, 0x00, 0x00, 0x00, 0x00, 0x00, 0x40, 0x00, 0x00, 0x00, 
    0x00, 0x00, 0x40, 0x00, 0x00, 0x00, 0x00, 0x00, 0x00, 0x01, 0x00, 0x14, 0x01, 0x00, 0x00, 0x24, 
    0x2f, 0xff, 0xff, 0xff, 0xeb, 0xff, 0xfd, 0xaf, 0xfe, 0x2d, 0x69, 0xfe, 0xff, 0xff, 0x4b, 0xe9, 
    0xfb, 0xf9, 0xff, 0xdd, 0xbf, 0xbc, 0xe0, 0x00, 0xe5, 0x55, 0x41, 0xfc, 0x00, 0xbf, 0xff, 0xff, 
    0xff, 0x7f, 0xb4, 0x00, 0x01, 0xff, 0xf7, 0xff, 0xff, 0x41, 0xaa, 0xa0, 0x00, 0x00, 0x00, 0x10, 
    0xff, 0xff, 0xff, 0xff, 0xff, 0xff, 0xff, 0xff, 0xff, 0xff, 0xff, 0xfa, 0x9a, 0xaf, 0xff, 0xff, 
    0xff, 0xff, 0xff, 0xff, 0xff, 0xff, 0xff, 0xff, 0xff, 0xff, 0xff, 0xff, 0xf8, 0x55, 0x55, 0x55, 
    0x55, 0x55, 0x55, 0x55, 0x55, 0x6d, 0x00, 0x00, 0x00, 0x00, 0x00, 0x05, 0x00, 0x00, 0x14, 0x55, 
    0x01, 0x55, 0x5f, 0x7f, 0xde, 0xe0, 0x00, 0x00, 0x00, 0x00, 0x00, 0x50, 0x00, 0x00, 0x00, 0x00, 
    0x00, 0x00, 0x00, 0x00, 0x00, 0x00, 0x00, 0x00, 0x00, 0x04, 0x19, 0xaf, 0xc0, 0x01, 0xec, 0xae, 
    0x60, 0x14, 0xb4, 0x06, 0x8a, 0x50, 0x1a, 0x94, 0x40, 0x02, 0xff, 0xfa, 0x54, 0x00, 0x08, 0x1a, 
    0x85, 0x15, 0x40, 0x00, 0x00, 0x40, 0x45, 0x23, 0xdb, 0xff, 0xff, 0xfc, 0x7d, 0x81, 0x55, 0x54, 
    0x40, 0x00, 0x00, 0x00, 0x00, 0x00, 0x00, 0x01, 0xaa, 0xaa, 0xaa, 0x96, 0xaa, 0xaa, 0xaa, 0x40, 
    0x00, 0x00, 0x00, 0x00, 0x14, 0x00, 0x00, 0x00, 0x00, 0x00, 0x00, 0x00, 0x00, 0x00, 0x00, 0x00, 
    0x00, 0x00, 0x00, 0x00, 0x05, 0x40, 0x00, 0x20, 0x0b, 0xff, 0xff, 0xff, 0xfa, 0xff, 0xff, 0xbf, 
    0xff, 0xbe, 0xa9, 0xff, 0xef, 0xff, 0xd1, 0xea, 0xfb, 0xfd, 0xff, 0xfd, 0xbf, 0xed, 0x7a, 0x01, 
    0xe5, 0x55, 0x40, 0x78, 0x00, 0xbf, 0xff, 0xff, 0xff, 0xff, 0x9c, 0x00, 0x00, 0xbf, 0xfb, 0xff, 
    0xef, 0xd0, 0x1a, 0xa4, 0x00, 0x00, 0x00, 0x00, 0xff, 0xff, 0xff, 0xff, 0xff, 0xff, 0xff, 0xff, 
    0xff, 0xff, 0xff, 0xff, 0xff, 0xfa, 0x96, 0xaf, 0xff, 0xff, 0xff, 0xff, 0xff, 0xff, 0xff, 0xff, 
    0xff, 0xff, 0xff, 0xff, 0xff, 0x85, 0x55, 0x55, 0x55, 0x55, 0x55, 0x55, 0x55, 0x7c, 0x00, 0x00, 
    0x00, 0x00, 0x05, 0x15, 0x00, 0x01, 0x41, 0x41, 0x55, 0x54, 0x0f, 0x3f, 0x9b, 0xf0, 0x00, 0x00, 
    0x00, 0x00, 0x00, 0x00, 0x00, 0x00, 0x00, 0x00, 0x00, 0x00, 0x00, 0x00, 0x00, 0x00, 0x00, 0x00, 
    0x00, 0x00, 0x06, 0x6a, 0x44, 0x06, 0xdc, 0x6a, 0x80, 0x69, 0xa0, 0x6a, 0x99, 0x05, 0x59, 0x14, 
    0x00, 0x2f, 0xfa, 0xfe, 0x94, 0x00, 0x19, 0x00, 0x56, 0x51, 0x00, 0x00, 0x00, 0x00, 0x40, 0x15, 
    0xf7, 0xff, 0xff, 0xfe, 0x2e, 0x55, 0x55, 0x44, 0x54, 0x00, 0x00, 0x00, 0x00, 0x00, 0x01, 0x00, 
    0x6a, 0xaa, 0xaa, 0xaa, 0xaa, 0xaa, 0xaa, 0xe0, 0x00, 0x00, 0x00, 0x00, 0x00, 0x00, 0x00, 0x00, 
    0x00, 0x00, 0x00, 0x00, 0x00, 0x00, 0x00, 0x00, 0x00, 0x00, 0x00, 0x00, 0x14, 0x40, 0x00, 0x14, 
    0x02, 0xff, 0xff, 0xff, 0xff, 0xff, 0xff, 0xd7, 0xff, 0xbe, 0xae, 0xfa, 0xff, 0xfe, 0xf5, 0xfe, 
    0xfa, 0xbd, 0xbf, 0xfe, 0xff, 0xea, 0x3f, 0x01, 0xe5, 0x15, 0x54, 0x18, 0x00, 0xff, 0xff, 0xff, 
    0xff, 0xff, 0xcc, 0x55, 0x50, 0x3f, 0xff, 0xff, 0xef, 0x85, 0x41, 0xe4, 0x00, 0x00, 0x00, 0x00, 
    0xff, 0xff, 0xff, 0xff, 0xff, 0xff, 0xff, 0xff, 0xff, 0xff, 0xff, 0xff, 0xff, 0xff, 0xff, 0xfa, 
    0xaf, 0xff, 0xff, 0xff, 0xff, 0xff, 0xff, 0xff, 0xff, 0xff, 0xff, 0xff, 0xff, 0xf8, 0x55, 0x55, 
    0x55, 0x55, 0x55, 0x55, 0x55, 0xb4, 0x00, 0x00, 0x00, 0x00, 0x05, 0x54, 0x00, 0x06, 0x40, 0x04, 
    0x05, 0x55, 0x4f, 0x1b, 0x52, 0x60, 0x00, 0x00, 0x00, 0x00, 0x00, 0x05, 0x00, 0x00, 0x00, 0x00, 
    0x00, 0x00, 0x00, 0x00, 0x00, 0x00, 0x00, 0x00, 0x00, 0x00, 0x00, 0x9b, 0x04, 0x0b, 0xac, 0xaa, 
    0x40, 0x2f, 0xc2, 0xa6, 0x49, 0x50, 0x54, 0x50, 0x00, 0x7f, 0xff, 0xff, 0xe0, 0x00, 0x14, 0x00, 
    0x00, 0x15, 0x40, 0x00, 0x00, 0x00, 0x00, 0x08, 0x7a, 0xff, 0xff, 0xff, 0x1f, 0x7e, 0x55, 0x45, 
    0x14, 0x00, 0x00, 0x00, 0x00, 0x00, 0x00, 0x01, 0x1a, 0xaa, 0xa6, 0x96, 0x16, 0xaa, 0xaa, 0xa9, 
    0x00, 0x00, 0x50, 0x00, 0x00, 0x00, 0x00, 0x00, 0x00, 0x00, 0x00, 0x00, 0x00, 0x00, 0x00, 0x00, 
    0x00, 0x00, 0x00, 0x00, 0x01, 0x10, 0x00, 0x04, 0x00, 0xbf, 0xff, 0xff, 0xff, 0x7b, 0xff, 0xf5, 
    0xff, 0xbe, 0xae, 0xf6, 0xef, 0xfd, 0xbc, 0xff, 0xfa, 0xbe, 0x2d, 0xff, 0xff, 0xf7, 0x7d, 0x01, 
    0xd9, 0x15, 0x55, 0x40, 0x00, 0xff, 0xff, 0xff, 0xff, 0xff, 0xd8, 0x05, 0x00, 0x3f, 0xdb, 0xff, 
    0xec, 0x05, 0x55, 0x54, 0x00, 0x00, 0x00, 0x00, 0xff, 0xff, 0xff, 0xff, 0xff, 0xff, 0xff, 0xff, 
    0xff, 0xff, 0xff, 0xff, 0xff, 0xff, 0xff, 0xff, 0xff, 0xff, 0xff, 0xff, 0xff, 0xfe, 0x7f, 0xff, 
    0xff, 0xff, 0xff, 0xff, 0xff, 0xff, 0x40, 0x15, 0x55, 0x55, 0x55, 0x55, 0x55, 0xb0, 0x00, 0x00, 
    0x00, 0x01, 0x54, 0x50, 0x00, 0x56, 0x40, 0x41, 0x55, 0x54, 0x0b, 0x05, 0x92, 0x64, 0x00, 0x00, 
    0x00, 0x00, 0x14, 0x04, 0x14, 0x00, 0x00, 0x00, 0x00, 0x00, 0x00, 0x00, 0x00, 0x00, 0x00, 0x00, 
    0x00, 0x00, 0x00, 0x1a, 0x04, 0x12, 0x7c, 0x6a, 0x00, 0x7f, 0x1a, 0xa6, 0x4a, 0x82, 0x55, 0x40, 
    0x00, 0xbf, 0xff, 0xff, 0xfc, 0x00, 0x60, 0x00, 0x00, 0x05, 0x40, 0x50, 0x00, 0x00, 0x01, 0x57, 
    0xfd, 0xff, 0xff, 0xff, 0x4b, 0xaf, 0x55, 0x55, 0x44, 0x00, 0x00, 0x00, 0x10, 0x00, 0x10, 0x00, 
    0x42, 0xaa, 0xaa, 0xba, 0x50, 0xaa, 0xaa, 0xaa, 0x80, 0x01, 0x59, 0x00, 0x00, 0x00, 0x00, 0x00, 
    0x00, 0x00, 0x00, 0x00, 0x00, 0x00, 0x00, 0x00, 0x00, 0x00, 0x40, 0x00, 0x01, 0x55, 0x00, 0x18, 
    0x45, 0x2f, 0xff, 0xff, 0xff, 0xfb, 0xff, 0xfc, 0x7f, 0xbf, 0xba, 0xff, 0x9f, 0xff, 0x2f, 0x7f, 
    0xff, 0xae, 0x39, 0x7e, 0xbf, 0xff, 0xec, 0x01, 0xe8, 0x15, 0x55, 0x40, 0x00, 0xff, 0xff, 0xff, 
    0xff, 0xff, 0xe0, 0x15, 0x00, 0x9f, 0xd7, 0xff, 0xed, 0x15, 0x56, 0x80, 0x1a, 0x95, 0x40, 0x10, 
    0xff, 0xff, 0xff, 0xff, 0xff, 0xff, 0xff, 0xff, 0xff, 0xff, 0xff, 0xff, 0xff, 0xff, 0xff, 0xff, 
    0xff, 0xff, 0xff, 0xff, 0xff, 0xff, 0xaf, 0xff, 0xff, 0xff, 0xff, 0xff, 0xff, 0xff, 0xf8, 0x05, 
    0x55, 0x55, 0x55, 0x55, 0x55, 0xd0, 0x00, 0x00, 0x00, 0x15, 0x54, 0x80, 0x01, 0x69, 0x00, 0x05, 
    0x55, 0x90, 0x07, 0x42, 0x91, 0x68, 0x00, 0x00, 0x00, 0x00, 0x15, 0x54, 0x44, 0x00, 0x00, 0x00, 
    0x00, 0x00, 0x00, 0x00, 0x00, 0x00, 0x00, 0x00, 0x00, 0x01, 0x40, 0x04, 0x20, 0x10, 0xfc, 0x1a, 
    0x04, 0x7d, 0x2a, 0x46, 0x5a, 0x06, 0x50, 0x00, 0x00, 0x7f, 0xff, 0xff, 0xff, 0x40, 0x00, 0x00, 
    0x00, 0x09, 0xaa, 0xa0, 0x00, 0x00, 0x02, 0xc7, 0xfe, 0xbf, 0xff, 0xff, 0xc3, 0xdf, 0x95, 0x41, 
    0x54, 0x00, 0x04, 0x00, 0x04, 0x00, 0x00, 0x00, 0x10, 0x6a, 0xaa, 0xdb, 0xe4, 0x5a, 0xaa, 0xaa, 
    0xa4, 0x00, 0x00, 0x00, 0x00, 0x00, 0x00, 0x00, 0x00, 0x00, 0x00, 0x00, 0x00, 0x00, 0x00, 0x00, 
    0x00, 0x00, 0x40, 0x00, 0x00, 0x15, 0x00, 0x25, 0x01, 0x45, 0xbf, 0xff, 0xff, 0xff, 0xff, 0xfd, 
    0x0b, 0xab, 0xfa, 0xfe, 0xaf, 0xff, 0x0f, 0xef, 0xff, 0xed, 0x1c, 0x2e, 0xbf, 0xff, 0xe4, 0x02, 
    0xe8, 0x15, 0x55, 0x50, 0x00, 0xff, 0xff, 0xff, 0xff, 0xff, 0xf0, 0x54, 0x02, 0xcf, 0xfb, 0xff, 
    0xea, 0x95, 0x56, 0xa5, 0x00, 0x15, 0x60, 0x00, 0xff, 0xff, 0xff, 0xff, 0xff, 0xff, 0xff, 0xff, 
    0xff, 0xff, 0xff, 0xff, 0xff, 0xff, 0xff, 0xff, 0xff, 0xff, 0xff, 0xff, 0xff, 0xf8, 0x07, 0xff, 
    0xff, 0xff, 0xff, 0xff, 0xff, 0xff, 0xff, 0x80, 0x55, 0x55, 0x55, 0x55, 0x56, 0xc0, 0x00, 0x00, 
    0x01, 0x15, 0x55, 0x40, 0x05, 0x65, 0x00, 0x55, 0x55, 0x40, 0x07, 0x81, 0x91, 0x69, 0x00, 0x00, 
    0x00, 0x00, 0x05, 0x55, 0x50, 0x00, 0x00, 0x00, 0x00, 0x00, 0x00, 0x00, 0x00, 0x00, 0x00, 0x00, 
    0x00, 0x04, 0x24, 0x00, 0x20, 0x07, 0xf8, 0x9a, 0xa8, 0x61, 0x50, 0x15, 0x50, 0x19, 0x40, 0x00, 
    0x00, 0x3f, 0xff, 0xff, 0xff, 0xd0, 0x00, 0x00, 0x00, 0x19, 0xaa, 0xa4, 0x00, 0x00, 0x01, 0xda, 
    0xff, 0x7f, 0xff, 0xff, 0xd6, 0xeb, 0x95, 0x55, 0x51, 0x00, 0x00, 0x00, 0x00, 0x00, 0x00, 0x00, 
    0x00, 0x0a, 0xaa, 0xaa, 0xaa, 0x65, 0x5a, 0xaa, 0xaa, 0x90, 0x00, 0x00, 0x00, 0x00, 0x00, 0x00, 
    0x00, 0x00, 0x00, 0x00, 0x00, 0x00, 0x00, 0x00, 0x00, 0x00, 0x40, 0x00, 0x00, 0x01, 0x00, 0x29, 
    0x41, 0x51, 0x5f, 0xff, 0xff, 0xff, 0xff, 0xff, 0x4b, 0x41, 0xff, 0xfe, 0xef, 0xfb, 0x97, 0xfb, 
    0xff, 0xfd, 0x4a, 0x3c, 0xbf, 0xff, 0xd0, 0x02, 0xf5, 0x15, 0x55, 0x50, 0x00, 0xff, 0xfd, 0xff, 
    0xff, 0xff, 0xf0, 0x00, 0x03, 0xe7, 0xfb, 0xff, 0xea, 0x95, 0x56, 0xaa, 0x00, 0x00, 0x00, 0x00, 
    0xff, 0xff, 0xff, 0xff, 0xff, 0xff, 0xff, 0xff, 0xff, 0xff, 0xff, 0xff, 0xff, 0xff, 0xff, 0xff, 
    0xff, 0xff, 0xff, 0xff, 0xff, 0xf9, 0x5b, 0xff, 0xff, 0xff, 0xff, 0xff, 0xff, 0xff, 0xff, 0xf4, 
    0x01, 0x55, 0x55, 0x55, 0x56, 0x80, 0x00, 0x00, 0x15, 0x15, 0x51, 0x00, 0x15, 0x54, 0x05, 0x15, 
    0x50, 0x00, 0x02, 0x80, 0x55, 0x5a, 0x00, 0x00, 0x00, 0x00, 0x05, 0x55, 0x50, 0x00, 0x00, 0x00, 
    0x00, 0x00, 0x00, 0x00, 0x00, 0x00, 0x00, 0x00, 0x00, 0x00, 0x06, 0x00, 0x60, 0x6f, 0xf0, 0x6a, 
    0xa5, 0x41, 0x56, 0x45, 0x55, 0x14, 0x04, 0x40, 0x00, 0x2f, 0xaf, 0xff, 0xff, 0xf9, 0x00, 0x00, 
    0x00, 0x8a, 0xaa, 0xa8, 0x00, 0x00, 0x0d, 0xba, 0xff, 0xff, 0xff, 0xff, 0xf5, 0xf7, 0xa5, 0x55, 
    0x50, 0x00, 0x00, 0x00, 0x00, 0x00, 0x00, 0x00, 0x00, 0x00, 0xaa, 0xaa, 0xaa, 0x96, 0x94, 0x05, 
    0xaa, 0xba, 0x40, 0x00, 0x01, 0xaf, 0x40, 0x00, 0x00, 0x00, 0x00, 0x00, 0x00, 0x00, 0x00, 0x00, 
    0x00, 0x00, 0x01, 0x00, 0x00, 0x00, 0x00, 0x6d, 0x50, 0x55, 0x53, 0xff, 0xff, 0xff, 0xff, 0xff, 
    0xe7, 0x56, 0x6f, 0xff, 0xef, 0xb7, 0xa6, 0xfe, 0xbf, 0xfc, 0xb2, 0xbd, 0xff, 0xff, 0xe0, 0x02, 
    0xfe, 0x55, 0x55, 0x54, 0x00, 0xff, 0xfe, 0xbf, 0xff, 0xff, 0xf8, 0x55, 0x47, 0xf7, 0xf7, 0xff, 
    0xfa, 0x95, 0x6a, 0xaa, 0x00, 0x00, 0x00, 0x00, 0xff, 0xff, 0xff, 0xff, 0xff, 0xff, 0xff, 0xff, 
    0xff, 0xff, 0xff, 0xff, 0xff, 0xff, 0xff, 0xef, 0xff, 0xff, 0xff, 0xff, 0xff, 0xff, 0xff, 0xff, 
    0xff, 0xff, 0xff, 0xff, 0xff, 0xff, 0xff, 0xff, 0x40, 0x05, 0x55, 0x55, 0x56, 0x00, 0x00, 0x01, 
    0x55, 0x15, 0x50, 0x00, 0x51, 0x54, 0x15, 0x55, 0x00, 0x00, 0x01, 0x80, 0x05, 0x9a, 0x00, 0x00, 
    0x00, 0x00, 0x15, 0x55, 0x50, 0x00, 0x00, 0x00, 0x00, 0x00, 0x00, 0x00, 0x00, 0x00, 0x00, 0x00, 
    0x00, 0x00, 0x02, 0xa0, 0x10, 0x7f, 0xd4, 0xaa, 0x60, 0x16, 0x95, 0x05, 0x50, 0x00, 0x51, 0x50, 
    0x00, 0xb7, 0xeb, 0xff, 0xff, 0xff, 0x90, 0x00, 0x01, 0xa2, 0xaa, 0xa8, 0x00, 0x00, 0x0a, 0x6e, 
    0xbf, 0xff, 0xff, 0xff, 0xf4, 0xbd, 0x6d, 0xa5, 0x54, 0x00, 0x00, 0x00, 0x00, 0x00, 0x00, 0x00, 
    0x01, 0x00, 0x06, 0xaa, 0xaa, 0x6a, 0x42, 0x95, 0x55, 0x6a, 0xa9, 0x02, 0xbf, 0xff, 0xc0, 0x00, 
    0x00, 0x00, 0x00, 0x00, 0x00, 0x00, 0x00, 0x00, 0x00, 0x00, 0x04, 0x40, 0x00, 0x00, 0x00, 0x81, 
    0x00, 0x05, 0x54, 0xbf, 0xff, 0xff, 0xff, 0xff, 0xf9, 0x6f, 0xe6, 0xff, 0xef, 0xf7, 0xe4, 0xff, 
    0xe6, 0xff, 0xfa, 0xbc, 0xff, 0xff, 0xf4, 0x01, 0xff, 0x55, 0x55, 0x55, 0x7e, 0xff, 0xff, 0xbf, 
    0xff, 0xff, 0xfc, 0x55, 0x4f, 0xf5, 0xfb, 0xff, 0xe9, 0x9a, 0xaa, 0xaa, 0x40, 0x00, 0x00, 0x00, 
    0xff, 0xff, 0xff, 0xff, 0xff, 0xff, 0xff, 0xff, 0xff, 0xff, 0xff, 0xff, 0xff, 0xff, 0xff, 0xff, 
    0xff, 0xff, 0xff, 0xff, 0xff, 0xff, 0xff, 0xff, 0xff, 0xff, 0xfa, 0xff, 0xff, 0xff, 0xff, 0xff, 
    0xe0, 0x05, 0x55, 0x55, 0x55, 0x00, 0x00, 0x15, 0x55, 0x55, 0x50, 0x01, 0x45, 0x69, 0x55, 0x54, 
    0x00, 0x00, 0x00, 0x50, 0x14, 0x46, 0x40, 0x00, 0x00, 0x00, 0x01, 0x55, 0x40, 0x00, 0x00, 0x00, 
    0x00, 0x00, 0x00, 0x00, 0x00, 0x00, 0x00, 0x00, 0x00, 0x00, 0x00, 0xa0, 0x00, 0x3e, 0x2a, 0xa9, 
    0x80, 0x15, 0x54, 0x05, 0x40, 0x01, 0x51, 0x10, 0x00, 0xfe, 0xff, 0xff, 0xff, 0xff, 0xe8, 0x00, 
    0x00, 0x15, 0xea, 0xa8, 0x00, 0x00, 0x17, 0x6a, 0xbf, 0xef, 0xff, 0xff, 0xfc, 0x7e, 0xbd, 0xb5, 
    0x54, 0x00, 0x00, 0x00, 0x00, 0x00, 0x01, 0x00, 0x00, 0x46, 0xa6, 0xaa, 0xaa, 0xaa, 0xa9, 0x40, 
    0x01, 0x6a, 0x90, 0x02, 0xff, 0xff, 0xf5, 0x80, 0x00, 0x00, 0x00, 0x00, 0x00, 0x00, 0x00, 0x00, 
    0x00, 0x00, 0x25, 0x50, 0x00, 0x00, 0x01, 0x50, 0x00, 0x01, 0x54, 0x7f, 0xff, 0xff, 0xff, 0xff, 
    0xff, 0xdb, 0xff, 0xab, 0xef, 0xb7, 0xd4, 0x2f, 0xf9, 0xff, 0xfd, 0x68, 0xff, 0xff, 0xf4, 0x01, 
    0xfb, 0x15, 0x61, 0x55, 0x69, 0xff, 0xfd, 0xff, 0xff, 0xff, 0xfc, 0x01, 0x0f, 0xf0, 0xff, 0xff, 
    0xea, 0xaa, 0xaa, 0xaa, 0x80, 0x40, 0x00, 0x01, 0xff, 0xff, 0xff, 0xff, 0xff, 0xff, 0xff, 0xff, 
    0xff, 0xff, 0xea, 0xaf, 0xff, 0xff, 0xff, 0xff, 0xff, 0xff, 0xff, 0xff, 0xff, 0xff, 0xff, 0xef, 
    0xff, 0xff, 0xd0, 0xff, 0xff, 0xff, 0xff, 0xff, 0xfe, 0x01, 0x55, 0x55, 0x58, 0x00, 0x01, 0x55, 
    0x55, 0x55, 0x50, 0x15, 0x15, 0x65, 0x55, 0x50, 0x00, 0x00, 0x00, 0x24, 0x01, 0x12, 0x80, 0x00, 
    0x00, 0x00, 0x00, 0x54, 0x00, 0x00, 0x00, 0x00, 0x00, 0x00, 0x00, 0x00, 0x00, 0x00, 0x00, 0x00, 
    0x00, 0x00, 0x00, 0x11, 0x40, 0x24, 0x6a, 0xa4, 0x18, 0x01, 0x90, 0x54, 0x00, 0x05, 0x95, 0x10, 
    0x02, 0xff, 0xff, 0xff, 0xff, 0xff, 0xfe, 0x56, 0xaa, 0xa4, 0x6a, 0xa9, 0x00, 0x00, 0x16, 0xab, 
    0xaf, 0xeb, 0xff, 0xff, 0xfd, 0x2f, 0x7e, 0x75, 0x54, 0x00, 0x00, 0x00, 0x00, 0x00, 0x00, 0x01, 
    0x00, 0x00, 0x05, 0xaa, 0xaa, 0xaa, 0xaa, 0xaa, 0xaa, 0x50, 0x00, 0x04, 0xbf, 0xff, 0xff, 0xd0, 
    0x00, 0x00, 0x00, 0x01, 0x40, 0x00, 0x00, 0x00, 0x00, 0x00, 0x95, 0x40, 0x00, 0x00, 0x59, 0x20, 
    0x00, 0x01, 0x54, 0x3f, 0xff, 0xff, 0xff, 0xff, 0xff, 0xfb, 0xff, 0xfa, 0x8f, 0xb7, 0xd4, 0x1b, 
    0xff, 0x7f, 0xff, 0x68, 0xff, 0xff, 0xf8, 0x01, 0x87, 0x15, 0x51, 0x55, 0x29, 0xff, 0xfe, 0xff, 
    0xff, 0xff, 0xfc, 0x00, 0x0f, 0xf0, 0xbf, 0xff, 0xe5, 0xaa, 0xaa, 0xaa, 0x81, 0x51, 0x10, 0x02, 
    0xff, 0xff, 0xff, 0xff, 0xff, 0xff, 0xff, 0xff, 0xff, 0xfe, 0x6f, 0xc1, 0xff, 0xff, 0xff, 0xff, 
    0xff, 0xff, 0xff, 0xff, 0xff, 0xff, 0xff, 0xab, 0xff, 0xff, 0xfa, 0xff, 0xff, 0xff, 0xff, 0xff, 
    0xff, 0xe0, 0x55, 0x55, 0x58, 0x00, 0x01, 0x55, 0x55, 0x45, 0x50, 0x45, 0x15, 0x55, 0x55, 0x44, 
    0x00, 0x00, 0x00, 0x19, 0x04, 0x45, 0x80, 0x00, 0x00, 0x00, 0x00, 0x55, 0x00, 0x00, 0x00, 0x00, 
    0x00, 0x00, 0x00, 0x00, 0x00, 0x00, 0x00, 0x00, 0x00, 0x00, 0x00, 0x06, 0x40, 0x00, 0x6a, 0x50, 
    0x74, 0x55, 0x00, 0x40, 0x00, 0x1a, 0x85, 0x10, 0x0b, 0xff, 0xff, 0xff, 0xff, 0xff, 0xff, 0xaa, 
    0xaa, 0xaa, 0x1a, 0xaa, 0x00, 0x00, 0x15, 0xde, 0xaf, 0xd7, 0xff, 0xff, 0xfe, 0x1f, 0xbf, 0x6d, 
    0x54, 0x00, 0x00, 0x00, 0x00, 0x00, 0x00, 0x00, 0x00, 0x00, 0x00, 0x05, 0xaa, 0xaa, 0xaa, 0xaa, 
    0x94, 0x00, 0x00, 0x01, 0x7f, 0xff, 0xff, 0xf0, 0x00, 0x00, 0x00, 0x54, 0x05, 0x00, 0x00, 0x00, 
    0x00, 0x01, 0x95, 0x40, 0x00, 0x00, 0x04, 0x25, 0x00, 0x00, 0x14, 0x0b, 0xff, 0xff, 0xff, 0xff, 
    0xff, 0xff, 0xbf, 0xff, 0x52, 0xb7, 0xc4, 0x6e, 0xff, 0xdf, 0xdf, 0x98, 0xff, 0xc6, 0xfe, 0x00, 
    0x6f, 0x55, 0x51, 0x55, 0x00, 0xbf, 0xff, 0xff, 0xff, 0xfd, 0xfc, 0x00, 0x0f, 0xf0, 0x7f, 0xff, 
    0xe5, 0x6a, 0xaa, 0xaa, 0xb2, 0x50, 0x00, 0x01, 0xff, 0xff, 0xff, 0xff, 0xff, 0xff, 0xff, 0xff, 
    0xff, 0xfa, 0xff, 0xd6, 0xbf, 0xff, 0xff, 0xff, 0xfe, 0xef, 0xff, 0xff, 0xff, 0xff, 0xff, 0xff, 
    0xff, 0xff, 0xff, 0xff, 0xff, 0xff, 0xff, 0xff, 0xff, 0xf9, 0x15, 0x55, 0x64, 0x00, 0x10, 0x55, 
    0x55, 0x55, 0x40, 0x44, 0x55, 0x65, 0x65, 0x10, 0x00, 0x00, 0x00, 0x05, 0x01, 0x00, 0x50, 0x00, 
    0x00, 0x00, 0x00, 0x54, 0x00, 0x00, 0x00, 0x00, 0x00, 0x00, 0x00, 0x00, 0x00, 0x00, 0x00, 0x00, 
    0x00, 0x00, 0x00, 0x06, 0x90, 0x02, 0xa9, 0x01, 0xd1, 0x50, 0x00, 0x00, 0x00, 0x6a, 0x81, 0x40, 
    0x2f, 0xff, 0xfe, 0xff, 0xff, 0xff, 0xff, 0xaa, 0xaa, 0xaa, 0x4a, 0xaa, 0x00, 0x00, 0x15, 0xaa, 
    0xdf, 0xe7, 0xff, 0xff, 0xff, 0x5b, 0xdf, 0x5a, 0x54, 0x00, 0x00, 0x00, 0x00, 0x00, 0x00, 0x00, 
    0x00, 0x01, 0x00, 0x00, 0x01, 0x6a, 0x95, 0x50, 0x00, 0x00, 0x00, 0x00, 0x2f, 0xff, 0xff, 0xf9, 
    0x00, 0x00, 0x00, 0x00, 0x00, 0x00, 0x00, 0x00, 0x00, 0x00, 0x55, 0x54, 0x00, 0x00, 0x10, 0x15, 
    0x40, 0x00, 0x10, 0x01, 0xff, 0xff, 0xff, 0xff, 0xfe, 0xff, 0xef, 0xf8, 0x3e, 0x17, 0x42, 0x6f, 
    0x5f, 0xfb, 0xeb, 0xd4, 0xff, 0xd3, 0xfe, 0x41, 0xff, 0x95, 0x55, 0x55, 0x00, 0x1f, 0xff, 0xff, 
    0xff, 0xfe, 0xfc, 0x15, 0x07, 0xe1, 0x3f, 0xff, 0xe9, 0xaa, 0xaa, 0xaa, 0xf5, 0x00, 0x00, 0x00, 
    0xff, 0xff, 0xff, 0xff, 0xff, 0xff, 0xff, 0xff, 0xff, 0xdb, 0xff, 0xe7, 0xef, 0xff, 0xff, 0xff, 
    0xfd, 0x01, 0xff, 0xdf, 0xff, 0xff, 0xff, 0xff, 0xff, 0xff, 0xff, 0xff, 0xff, 0xff, 0xff, 0xff, 
    0xfe, 0xbf, 0xe5, 0x55, 0x60, 0x01, 0x54, 0x55, 0x55, 0x54, 0x40, 0x14, 0x55, 0x5a, 0x78, 0x40, 
    0x00, 0x00, 0x00, 0x01, 0x50, 0x00, 0x00, 0x00, 0x00, 0x00, 0x00, 0x00, 0x00, 0x00, 0x00, 0x00, 
    0x00, 0x00, 0x00, 0x00, 0x00, 0x00, 0x00, 0x00, 0x00, 0x00, 0x00, 0x00, 0xa8, 0x01, 0xa0, 0x07, 
    0x44, 0x00, 0x00, 0x00, 0x01, 0xaa, 0x55, 0x00, 0xbf, 0xff, 0xff, 0x6f, 0xff, 0xff, 0xff, 0xea, 
    0xaa, 0xaa, 0x69, 0xaa, 0x40, 0x00, 0x15, 0x76, 0xab, 0xfb, 0xff, 0xff, 0xff, 0x97, 0xe7, 0x56, 
    0x55, 0x00, 0x00, 0x00, 0x00, 0x00, 0x00, 0x00, 0x00, 0x00, 0x00, 0x00, 0x00, 0x00, 0x00, 0x00, 
    0x00, 0x00, 0x00, 0x00, 0x0f, 0xff, 0xff, 0xff, 0xf0, 0x00, 0x00, 0x40, 0x00, 0x00, 0x00, 0x00, 
    0x00, 0x00, 0x06, 0x54, 0x00, 0x00, 0x10, 0x04, 0x50, 0x00, 0x10, 0x00, 0x7f, 0xff, 0xff, 0xff, 
    0xf9, 0xff, 0xf5, 0x50, 0x2f, 0x81, 0x02, 0x67, 0xd1, 0xff, 0xfb, 0xf0, 0xbf, 0xeb, 0xfd, 0x82, 
    0xff, 0xe5, 0x55, 0x55, 0x00, 0x1f, 0xff, 0xdb, 0xff, 0xff, 0xfc, 0x50, 0x39, 0x4b, 0x6f, 0xff, 
    0xea, 0x6f, 0xfa, 0xaa, 0xac, 0x00, 0x00, 0x00, 0xff, 0xff, 0xff, 0xff, 0xff, 0xff, 0xff, 0xff, 
    0xff, 0xd6, 0xff, 0xff, 0x97, 0xff, 0xff, 0xff, 0xff, 0xd6, 0xfe, 0x0f, 0xff, 0xff, 0xff, 0xff, 
    0xff, 0xff, 0xff, 0xff, 0xff, 0xff, 0xff, 0xfa, 0xbf, 0xff, 0xfe, 0x55, 0x90, 0x05, 0x54, 0x01, 
    0x55, 0x55, 0x40, 0x11, 0x55, 0x55, 0x55, 0x00, 0x00, 0x00, 0x00, 0x00, 0x69, 0x00, 0x00, 0x00, 
    0x00, 0x00, 0x00, 0x05, 0x00, 0x00, 0x00, 0x00, 0x00, 0x00, 0x00, 0x00, 0x00, 0x00, 0x00, 0x00, 
    0x00, 0x00, 0x00, 0x00, 0x18, 0x0a, 0x40, 0x09, 0x00, 0x00, 0x00, 0x00, 0x06, 0xa8, 0x54, 0x43, 
    0xff, 0xef, 0xfa, 0x87, 0xff, 0xff, 0xff, 0xea, 0xaa, 0xaa, 0x6a, 0xa0, 0x00, 0x00, 0x45, 0x7a, 
    0x77, 0xff, 0xff, 0xff, 0xff, 0xc6, 0xf5, 0x55, 0x95, 0x00, 0x00, 0x00, 0x40, 0x00, 0x01, 0x50, 
    0x00, 0x00, 0x00, 0x00, 0x00, 0x00, 0x00, 0x00, 0x00, 0x00, 0x00, 0x00, 0x0f, 0xff, 0xff, 0xff, 
    0xf4, 0x00, 0x01, 0x00, 0x00, 0x00, 0x00, 0x00, 0x00, 0x00, 0x01, 0x55, 0x00, 0x00, 0x80, 0x08, 
    0x50, 0x01, 0x52, 0x01, 0x5f, 0xff, 0xff, 0xfb, 0xf9, 0xff, 0xfe, 0x50, 0x2d, 0x01, 0x02, 0x99, 
    0xf4, 0x7f, 0xfb, 0xf4, 0x7f, 0xff, 0xfd, 0xc2, 0xef, 0xe5, 0x95, 0x55, 0x00, 0x4b, 0xff, 0x9b, 
    0xff, 0xff, 0xfc, 0x54, 0x7d, 0x7f, 0xdf, 0xff, 0xea, 0xaf, 0xfa, 0xaa, 0xac, 0x00, 0x00, 0x00, 
    0xff, 0xff, 0xff, 0xff, 0xff, 0xff, 0xff, 0xff, 0xff, 0xe5, 0x55, 0x59, 0x43, 0xff, 0xff, 0xff, 
    0xfe, 0x1f, 0xfd, 0x0f, 0xff, 0xff, 0x7f, 0xff, 0xff, 0xff, 0xff, 0xff, 0xff, 0xff, 0xea, 0xbf, 
    0xff, 0xff, 0xff, 0xf5, 0xc0, 0x15, 0x54, 0x00, 0x55, 0x05, 0x40, 0x11, 0x55, 0x55, 0x14, 0x00, 
    0x00, 0x00, 0x00, 0x00, 0x19, 0x40, 0x10, 0x00, 0x00, 0x00, 0x01, 0x54, 0x00, 0x00, 0x00, 0x00, 
    0x00, 0x00, 0x00, 0x00, 0x00, 0x00, 0x00, 0x00, 0x00, 0x00, 0x00, 0x00, 0x00, 0x00, 0x00, 0x00, 
    0x00, 0x00, 0x00, 0x00, 0x1a, 0x91, 0x41, 0x0b, 0xff, 0xeb, 0xff, 0x90, 0xbf, 0xfe, 0xff, 0xaa, 
    0xaa, 0xaa, 0x6a, 0xa4, 0x00, 0x11, 0x45, 0x6d, 0xa7, 0xff, 0xff, 0xff, 0xff, 0xe5, 0xfc, 0x55, 
    0x55, 0x00, 0x00, 0x00, 0x14, 0x00, 0x10, 0x54, 0x00, 0x00, 0x00, 0x00, 0x00, 0x00, 0x00, 0x00, 
    0x00, 0x00, 0x00, 0x00, 0x0b, 0xff, 0xff, 0xff, 0xfc, 0x00, 0x02, 0x00, 0x00, 0x00, 0x00, 0x00, 
    0x00, 0x00, 0x00, 0x15, 0x50, 0x01, 0x80, 0x06, 0x50, 0x00, 0x40, 0x90, 0x53, 0xff, 0xff, 0xeb, 
    0xfe, 0xff, 0xff, 0xdb, 0xa8, 0x01, 0x03, 0x49, 0xbf, 0x9f, 0xff, 0xfd, 0x7f, 0xff, 0xf8, 0x92, 
    0xff, 0xf5, 0x55, 0x55, 0x04, 0x47, 0xff, 0xff, 0xff, 0xff, 0xfc, 0x54, 0x7d, 0xff, 0xcf, 0xef, 
    0xea, 0x7f, 0xfa, 0xaa, 0xad, 0x00, 0x40, 0x01, 0xff, 0xff, 0xff, 0xff, 0xff, 0xff, 0xff, 0xff, 
    0xff, 0xf1, 0x55, 0x55, 0x56, 0xff, 0xff, 0xff, 0xff, 0xaf, 0xff, 0xef, 0xff, 0xff, 0xff, 0xff, 
    0xff, 0xff, 0xff, 0xff, 0xff, 0xe9, 0xaf, 0xff, 0xff, 0xff, 0xff, 0xfe, 0x80, 0x05, 0x55, 0x05, 
    0x55, 0x05, 0x40, 0x45, 0x15, 0x54, 0x10, 0x00, 0x00, 0x00, 0x00, 0x00, 0x01, 0x55, 0x44, 0x00, 
    0x00, 0x00, 0x00, 0x00, 0x00, 0x00, 0x00, 0x00, 0x00, 0x00, 0x00, 0x00, 0x00, 0x00, 0x00, 0x00, 
    0x00, 0x00, 0x00, 0x00, 0x00, 0x00, 0x00, 0x00, 0x00, 0x00, 0x00, 0x01, 0xa9, 0x55, 0x00, 0x0b, 
    0xff, 0xff, 0xff, 0xfe, 0x1b, 0xff, 0xff, 0xaa, 0xaa, 0xaa, 0x6a, 0x90, 0x00, 0x05, 0x51, 0x0e, 
    0xad, 0xff, 0xff, 0xff, 0xff, 0xf5, 0xbd, 0x55, 0x55, 0x00, 0x00, 0x00, 0x55, 0x00, 0x50, 0x00, 
    0x00, 0x00, 0x00, 0x00, 0x00, 0x00, 0x00, 0x00, 0x04, 0x00, 0x00, 0x00, 0x03, 0xff, 0xff, 0xff, 
    0xff, 0x00, 0x01, 0x55, 0x00, 0x00, 0x00, 0x00, 0x00, 0x00, 0x00, 0x02, 0x54, 0x02, 0x80, 0x04, 
    0x54, 0x00, 0x40, 0x10, 0x18, 0xbf, 0xff, 0xea, 0xff, 0xff, 0xff, 0xfa, 0xf0, 0x00, 0x07, 0x55, 
    0x3f, 0xfb, 0xfd, 0xfd, 0xbf, 0xff, 0xf4, 0x92, 0xff, 0xf9, 0x55, 0x55, 0x00, 0x56, 0xff, 0xef, 
    0xff, 0xff, 0xfc, 0x14, 0xbf, 0xff, 0xd7, 0xef, 0xaa, 0xbf, 0xea, 0xaa, 0xae, 0x54, 0x50, 0x0a, 
    0xff, 0xff, 0xff, 0xff, 0xff, 0xff, 0xff, 0xff, 0xff, 0xf8, 0x15, 0x51, 0x55, 0xff, 0xff, 0xff, 
    0xff, 0xff, 0xff, 0xff, 0xff, 0xff, 0xff, 0xff, 0xff, 0xff, 0xff, 0xff, 0xfa, 0x6f, 0xff, 0xff, 
    0xff, 0xff, 0xff, 0xff, 0x47, 0x40, 0x55, 0x05, 0x55, 0x55, 0x40, 0x45, 0x15, 0x50, 0x50, 0x00, 
    0x00, 0x00, 0x00, 0x00, 0x00, 0x00, 0x00, 0x00, 0x00, 0x00, 0x00, 0x00, 0x00, 0x00, 0x00, 0x00, 
    0x00, 0x00, 0x00, 0x00, 0x00, 0x00, 0x00, 0x00, 0x00, 0x00, 0x00, 0x00, 0x00, 0x00, 0x00, 0x00, 
    0x00, 0x00, 0x00, 0x15, 0x51, 0x55, 0x50, 0x07, 0xff, 0xff, 0xff, 0xff, 0xd1, 0xff, 0xfe, 0xaa, 
    0xaa, 0xa5, 0xaa, 0x00, 0x00, 0x15, 0x51, 0x07, 0xad, 0xbf, 0xef, 0xff, 0xff, 0xf9, 0x7f, 0x55, 
    0x55, 0x00, 0x00, 0x00, 0x15, 0x41, 0x54, 0x00, 0x00, 0x00, 0x00, 0x00, 0x00, 0x00, 0x00, 0x00, 
    0x02, 0xbe, 0x50, 0x00, 0x03, 0xff, 0xff, 0xff, 0xff, 0x80, 0x00, 0x68, 0x40, 0x00, 0x00, 0x00, 
    0x00, 0x00, 0x00, 0x00, 0x55, 0x09, 0x90, 0x00, 0x15, 0x01, 0x00, 0x10, 0x06, 0x5f, 0xff, 0xfa, 
    0xfb, 0xbf, 0xff, 0xfa, 0x60, 0x00, 0x0b, 0xa1, 0x1f, 0xff, 0xfc, 0xfe, 0xbf, 0xff, 0xf5, 0x43, 
    0xff, 0xfd, 0x55, 0x54, 0x00, 0x55, 0xff, 0xaf, 0xff, 0xff, 0xfc, 0x00, 0xff, 0xfe, 0xe2, 0xef, 
    0xaa, 0xbf, 0xea, 0xaa, 0xaa, 0x00, 0x14, 0x1a, 0xff, 0xff, 0xff, 0xff, 0xff, 0xff, 0xff, 0xff, 
    0xff, 0xfd, 0x01, 0x40, 0x14, 0xff, 0xff, 0xff, 0xff, 0xff, 0xff, 0xff, 0xff, 0xff, 0xff, 0xff, 
    0xff, 0xff, 0xfe, 0x6e, 0x6a, 0xbf, 0xff, 0xff, 0xff, 0xff, 0xff, 0xfa, 0x1f, 0xf4, 0x00, 0x01, 
    0x55, 0x55, 0x41, 0x14, 0x45, 0x40, 0x40, 0x00, 0x00, 0x00, 0x00, 0x00, 0x00, 0x00, 0x00, 0x00, 
    0x00, 0x00, 0x00, 0x00, 0x00, 0x00, 0x00, 0x00, 0x00, 0x00, 0x00, 0x00, 0x00, 0x00, 0x00, 0x00, 
    0x00, 0x00, 0x00, 0x00, 0x00, 0x00, 0x00, 0x00, 0x00, 0x00, 0x00, 0x19, 0x45, 0x05, 0x44, 0x02, 
    0xff, 0xff, 0xff, 0xff, 0xf9, 0x1f, 0xfa, 0xa6, 0xa9, 0x40, 0xa8, 0x00, 0x00, 0x15, 0x54, 0x1b, 
    0xea, 0x7f, 0xff, 0xff, 0xff, 0xf9, 0xaf, 0x95, 0x65, 0x00, 0x00, 0x00, 0x15, 0x50, 0x54, 0x00, 
    0x00, 0x00, 0x00, 0x01, 0x00, 0x00, 0x00, 0x00, 0x00, 0x2f, 0xfe, 0x18, 0x02, 0xff, 0xff, 0xff, 
    0xff, 0xd0, 0x00, 0x16, 0x90, 0x00, 0x00, 0x00, 0x00, 0x00, 0x00, 0x00, 0x05, 0x3e, 0x50, 0x04, 
    0x00, 0x04, 0x00, 0x04, 0x02, 0x97, 0xff, 0xfb, 0xff, 0xbf, 0xff, 0xfe, 0x85, 0x00, 0x1a, 0x52, 
    0x4b, 0xff, 0xfe, 0xbf, 0xaf, 0xff, 0xd7, 0x93, 0xff, 0xee, 0x55, 0x54, 0x00, 0x55, 0xbf, 0xff, 
    0xff, 0xff, 0xfc, 0x00, 0xff, 0xfc, 0x50, 0xaf, 0xaa, 0xbf, 0xaa, 0xaa, 0xaa, 0x00, 0x00, 0x2a, 
    0xff, 0xff, 0xff, 0xff, 0xff, 0xff, 0xff, 0xff, 0xff, 0xff, 0x80, 0x00, 0x00, 0xff, 0xff, 0xfa, 
    0xff, 0xff, 0xff, 0xff, 0xff, 0xff, 0xff, 0xff, 0xff, 0xef, 0x90, 0x02, 0xe4, 0xe5, 0xbf, 0xff, 
    0xff, 0xff, 0xff, 0xfe, 0x7f, 0xfe, 0x00, 0x04, 0x55, 0x55, 0x41, 0x14, 0x15, 0x01, 0x40, 0x00, 
    0x00, 0x00, 0x00, 0x00, 0x00, 0x00, 0x00, 0x00, 0x00, 0x00, 0x00, 0x00, 0x00, 0x00, 0x00, 0x00, 
    0x00, 0x00, 0x00, 0x00, 0x00, 0x00, 0x00, 0x00, 0x00, 0x00, 0x00, 0x00, 0x00, 0x00, 0x00, 0x00, 
    0x00, 0x00, 0x01, 0x59, 0x00, 0x55, 0x10, 0x00, 0xbf, 0xab, 0xff, 0xff, 0xff, 0x91, 0xfe, 0xaa, 
    0x41, 0x50, 0x04, 0x00, 0x01, 0x55, 0x15, 0x6f, 0xf6, 0x9f, 0xef, 0xff, 0xff, 0xfe, 0x9f, 0xc9, 
    0x55, 0x00, 0x00, 0x00, 0x15, 0x55, 0x65, 0x00, 0x00, 0x00, 0x00, 0x00, 0x00, 0x00, 0x00, 0x15, 
    0x51, 0xff, 0xfd, 0xbf, 0xa6, 0xff, 0xff, 0xff, 0xff, 0xf0, 0x00, 0x00, 0x64, 0x00, 0x00, 0x00, 
    0x00, 0x00, 0x00, 0x00, 0x01, 0xba, 0x41, 0xbc, 0x00, 0x04, 0x01, 0x04, 0x01, 0x54, 0xff, 0xfa, 
    0xff, 0xef, 0xff, 0xff, 0x75, 0x40, 0x58, 0x46, 0xda, 0xff, 0xff, 0xbf, 0xdf, 0xff, 0xab, 0xf7, 
    0xff, 0xc5, 0xb5, 0x54, 0x04, 0x55, 0x7f, 0xff, 0xfe, 0xff, 0xfc, 0x01, 0xff, 0xfd, 0x00, 0x6b, 
    0xaa, 0xaf, 0xaa, 0xaa, 0xaa, 0x40, 0x00, 0x2a, 0xff, 0xff, 0xff, 0xff, 0xff, 0xff, 0xff, 0xff, 
    0xff, 0xff, 0xf4, 0x00, 0x02, 0xff, 0xff, 0xe3, 0xff, 0xff, 0xff, 0xff, 0xff, 0xff, 0xff, 0xff, 
    0xfe, 0x00, 0x6a, 0x00, 0x01, 0x5b, 0xff, 0xff, 0xff, 0xff, 0xff, 0xef, 0xbf, 0xff, 0xe1, 0x15, 
    0x55, 0x55, 0x05, 0x50, 0x10, 0x05, 0x40, 0x00, 0x00, 0x00, 0x00, 0x00, 0x00, 0x00, 0x00, 0x00, 
    0x00, 0x00, 0x00, 0x00, 0x00, 0x00, 0x00, 0x00, 0x00, 0x00, 0x00, 0x00, 0x00, 0x00, 0x00, 0x00, 
    0x00, 0x00, 0x00, 0x00, 0x00, 0x00, 0x00, 0x00, 0x00, 0x00, 0x16, 0x94, 0x01, 0x50, 0x10, 0x41, 
    0x6f, 0xab, 0xff, 0xff, 0xff, 0xf9, 0x1a, 0x91, 0x6a, 0xa0, 0x00, 0x00, 0x05, 0x55, 0x05, 0x4b, 
    0xf7, 0x5f, 0xeb, 0xff, 0xff, 0xfe, 0x6b, 0xe5, 0x55, 0x00, 0x54, 0x00, 0x15, 0x55, 0x59, 0x40, 
    0x00, 0x6f, 0xc0, 0x00, 0x00, 0x00, 0x00, 0x05, 0x6a, 0xff, 0xfc, 0xff, 0xff, 0xfc, 0x3f, 0xff, 
    0xff, 0xf8, 0x00, 0x00, 0x54, 0x00, 0x00, 0x00, 0x00, 0x00, 0x00, 0x00, 0x02, 0xfc, 0x5f, 0xf8, 
    0x80, 0x10, 0x00, 0x5f, 0x41, 0x56, 0x52, 0xfa, 0xff, 0xef, 0xff, 0xff, 0xad, 0x14, 0x18, 0x50, 
    0x6b, 0xbf, 0xff, 0xef, 0xeb, 0xff, 0xb7, 0xff, 0xff, 0xde, 0xf5, 0x54, 0x44, 0x54, 0x6f, 0xff, 
    0xdf, 0xfb, 0xfc, 0x01, 0xff, 0xff, 0x40, 0x2b, 0xaa, 0xaf, 0xaa, 0xaa, 0xaa, 0x40, 0x04, 0x2a, 
    0xff, 0xff, 0xff, 0xff, 0xff, 0xff, 0xff, 0xff, 0xff, 0xff, 0xff, 0x40, 0x6f, 0xff, 0xff, 0xdf, 
    0xff, 0xff, 0xff, 0xff, 0xff, 0xff, 0xff, 0xfe, 0x55, 0xaa, 0xfe, 0x40, 0x02, 0xff, 0xff, 0xff, 
    0xfb, 0xff, 0xff, 0xbf, 0xbf, 0xff, 0xf8, 0x15, 0x55, 0x55, 0x04, 0x50, 0x40, 0x11, 0x40, 0x40, 
    0x00, 0x00, 0x00, 0x00, 0x00, 0x00, 0x00, 0x00, 0x00, 0x00, 0x00, 0x00, 0x00, 0x00, 0x00, 0x00, 
    0x00, 0x00, 0x00, 0x00, 0x00, 0x00, 0x00, 0x00, 0x00, 0x00, 0x00, 0x00, 0x00, 0x00, 0x00, 0x00, 
    0x00, 0x05, 0x66, 0x54, 0x05, 0x00, 0x10, 0x02, 0x97, 0xff, 0xff, 0xff, 0xff, 0xff, 0x90, 0x1a, 
    0xaa, 0xa4, 0x00, 0x00, 0x05, 0x55, 0x55, 0x57, 0xfe, 0xa7, 0xf6, 0xff, 0xff, 0xff, 0xab, 0xf1, 
    0x55, 0x00, 0x55, 0x40, 0x15, 0x59, 0x55, 0x40, 0x00, 0xbf, 0xf4, 0x00, 0x00, 0x00, 0x00, 0x00, 
    0x01, 0xbf, 0xf6, 0xff, 0xff, 0xff, 0xbf, 0xff, 0xff, 0xfe, 0x00, 0x01, 0x56, 0x00, 0x00, 0x00, 
    0x00, 0x00, 0x00, 0x00, 0x09, 0xbd, 0x6f, 0xf1, 0xaa, 0x40, 0x00, 0x0f, 0xa9, 0x55, 0x80, 0xfa, 
    0xff, 0xb7, 0xff, 0xff, 0xdf, 0x86, 0x40, 0x11, 0x17, 0xff, 0xff, 0xeb, 0xeb, 0xff, 0xbe, 0xff, 
    0xff, 0xff, 0xf9, 0x54, 0x14, 0x54, 0x5f, 0xff, 0xdf, 0xfb, 0xfc, 0x01, 0xe3, 0xff, 0xd0, 0x1b, 
    0xaa, 0xaf, 0xaa, 0xaa, 0xaa, 0x80, 0x00, 0x2a, 0xff, 0xff, 0xff, 0xff, 0xff, 0xff, 0xff, 0xff, 
    0xff, 0xff, 0xff, 0xff, 0xff, 0xff, 0xff, 0xff, 0xff, 0xff, 0xff, 0xff, 0xff, 0xff, 0xfe, 0x56, 
    0xbf, 0xfa, 0xf5, 0x69, 0x00, 0xbf, 0xff, 0xff, 0xfb, 0xff, 0xff, 0xbf, 0xbf, 0xff, 0xff, 0x15, 
    0x55, 0x55, 0x04, 0x40, 0x40, 0x15, 0x01, 0x40, 0x00, 0x00, 0x00, 0x00, 0x00, 0x00, 0x00, 0x00, 
    0x00, 0x00, 0x00, 0x00, 0x00, 0x00, 0x00, 0x00, 0x00, 0x00, 0x00, 0x00, 0x00, 0x00, 0x00, 0x00, 
    0x00, 0x00, 0x00, 0x00, 0x00, 0x00, 0x00, 0x00, 0x15, 0x55, 0x55, 0x60, 0x00, 0x00, 0x00, 0x07, 
    0xea, 0xff, 0xff, 0xff, 0xff, 0xff, 0xea, 0xaa, 0xaa, 0xa4, 0x00, 0x00, 0x15, 0x55, 0x55, 0x52, 
    0xfd, 0xeb, 0xfd, 0xff, 0xff, 0xff, 0x9e, 0xf8, 0x55, 0x00, 0x55, 0x50, 0x05, 0x55, 0x55, 0x50, 
    0x04, 0x2f, 0xfd, 0x10, 0x10, 0x00, 0x00, 0x00, 0x00, 0x1b, 0x9b, 0xff, 0xff, 0xff, 0xff, 0xff, 
    0xff, 0xff, 0x40, 0x01, 0x56, 0x40, 0x00, 0x00, 0x00, 0x00, 0x00, 0x00, 0x14, 0x1b, 0x6f, 0x96, 
    0xed, 0x40, 0x00, 0x02, 0x05, 0x56, 0x51, 0xfe, 0xff, 0xf6, 0xff, 0xff, 0xeb, 0xf0, 0x50, 0x19, 
    0x82, 0xff, 0xff, 0xfb, 0xee, 0xff, 0xed, 0xff, 0xfb, 0xff, 0xb9, 0x54, 0x14, 0x55, 0x57, 0xff, 
    0xdf, 0xfb, 0xfc, 0x01, 0xf9, 0xff, 0xfe, 0x0b, 0xa5, 0xaf, 0xea, 0xaa, 0xaa, 0x80, 0x10, 0x25, 
    0xff, 0xff, 0xff, 0xff, 0xff, 0xff, 0xff, 0xff, 0xff, 0xff, 0xff, 0xff, 0xff, 0xff, 0xff, 0xff, 
    0xff, 0xff, 0xff, 0xff, 0xff, 0xfe, 0x56, 0xbf, 0xfe, 0x96, 0x91, 0x56, 0xa0, 0x65, 0x5f, 0xff, 
    0xeb, 0xff, 0xfd, 0xfe, 0xff, 0xff, 0xff, 0x45, 0x55, 0x55, 0x15, 0x00, 0x10, 0x45, 0x05, 0x40, 
    0x00, 0x00, 0x00, 0x00, 0x00, 0x00, 0x00, 0x00, 0x00, 0x00, 0x00, 0x00, 0x00, 0x00, 0x00, 0x00, 
    0x00, 0x00, 0x00, 0x00, 0x00, 0x00, 0x00, 0x00, 0x00, 0x00, 0x00, 0x00, 0x00, 0x00, 0x00, 0x01, 
    0x55, 0x50, 0x56, 0x90, 0x00, 0x01, 0x00, 0x0f, 0xff, 0xfe, 0xff, 0xff, 0xff, 0xff, 0xfa, 0xaa, 
    0xaa, 0xa4, 0x00, 0x01, 0x15, 0x55, 0x14, 0x54, 0xfe, 0xad, 0xfd, 0xbf, 0xff, 0xff, 0xe9, 0xfd, 
    0x55, 0x00, 0x04, 0x54, 0x05, 0x55, 0x55, 0x40, 0x00, 0x0b, 0xff, 0x44, 0x40, 0x00, 0x00, 0x00, 
    0x00, 0x01, 0x1f, 0xff, 0xff, 0xff, 0xff, 0xff, 0xff, 0xff, 0xc0, 0x00, 0x1a, 0x60, 0x00, 0x00, 
    0x00, 0x00, 0x00, 0x00, 0x20, 0x01, 0xfa, 0x3b, 0xa9, 0x00, 0x00, 0x05, 0x45, 0x50, 0x54, 0x3e, 
    0xff, 0xf7, 0xff, 0xff, 0xf7, 0xff, 0xd1, 0xff, 0x94, 0xfe, 0xff, 0xfe, 0xfd, 0xff, 0xf5, 0xbe, 
    0xf6, 0xff, 0x69, 0x50, 0x14, 0x55, 0x56, 0xff, 0xcf, 0xbb, 0xfd, 0x03, 0xf6, 0xff, 0xff, 0x8f, 
    0xa6, 0xaa, 0xaa, 0xaa, 0xaa, 0x90, 0x00, 0x66, 0xff, 0xff, 0xff, 0xff, 0xff, 0xff, 0xff, 0xff, 
    0xff, 0xff, 0xff, 0xff, 0xff, 0xff, 0xff, 0xff, 0xff, 0xff, 0xff, 0xff, 0xfe, 0x56, 0xef, 0xff, 
    0xf9, 0xbd, 0x10, 0x05, 0x81, 0x40, 0x3f, 0x95, 0xaf, 0xff, 0xf8, 0xbe, 0xff, 0xff, 0xff, 0x54, 
    0x55, 0x55, 0x21, 0x00, 0x00, 0x05, 0x05, 0x40, 0x00, 0x00, 0x00, 0x00, 0x00, 0x00, 0x00, 0x00, 
    0x00, 0x00, 0x00, 0x00, 0x00, 0x00, 0x00, 0x00, 0x00, 0x00, 0x00, 0x00, 0x00, 0x00, 0x00, 0x00, 
    0x00, 0x00, 0x00, 0x00, 0x00, 0x00, 0x00, 0x01, 0x55, 0x55, 0x05, 0x50, 0x00, 0x06, 0x00, 0x1f, 
    0xfb, 0xe9, 0x0b, 0xff, 0xff, 0xff, 0xfe, 0xaa, 0xaa, 0xa0, 0x01, 0x51, 0x15, 0x55, 0x54, 0x54, 
    0xbf, 0x76, 0xbf, 0x3f, 0xff, 0xff, 0xe6, 0xbf, 0x15, 0x10, 0x01, 0x55, 0x05, 0x55, 0x55, 0x40, 
    0x00, 0x02, 0xff, 0x40, 0x04, 0x00, 0x00, 0x00, 0x00, 0x00, 0x07, 0xff, 0xff, 0xff, 0xff, 0x7d, 
    0xff, 0xff, 0xf0, 0x00, 0x1b, 0x59, 0x00, 0x00, 0x00, 0x00, 0x00, 0x00, 0x60, 0x00, 0x78, 0x3f, 
    0x54, 0x00, 0x00, 0x02, 0x55, 0x50, 0x15, 0x0b, 0xff, 0xfb, 0x7f, 0xff, 0xf5, 0xff, 0xf7, 0xff, 
    0x80, 0xbf, 0xff, 0xfe, 0xfd, 0xbf, 0xfd, 0x7e, 0xd2, 0xff, 0x6d, 0x50, 0x54, 0x55, 0x55, 0xbf, 
    0xcf, 0xfb, 0xf9, 0x03, 0xfb, 0xff, 0xff, 0xdf, 0xaa, 0xaa, 0xaa, 0xaa, 0xaa, 0x90, 0x00, 0x6a, 
    0xff, 0xff, 0xff, 0xff, 0xff, 0xff, 0xff, 0xff, 0xff, 0xff, 0xff, 0xff, 0xff, 0xff, 0xff, 0xff, 
    0xff, 0xff, 0xff, 0xe9, 0x16, 0xff, 0xda, 0xff, 0xdb, 0x9b, 0xfa, 0x00, 0x4a, 0x00, 0x79, 0x65, 
    0x6e, 0xeb, 0xf0, 0x7e, 0xff, 0xff, 0xff, 0x7f, 0x45, 0x55, 0x60, 0x01, 0x00, 0x05, 0x05, 0x40, 
    0x00, 0x00, 0x00, 0x00, 0x00, 0x00, 0x00, 0x00, 0x10, 0x00, 0x00, 0x00, 0x00, 0x00, 0x00, 0x00, 
    0x00, 0x00, 0x00, 0x00, 0x00, 0x00, 0x00, 0x00, 0x00, 0x00, 0x00, 0x00, 0x00, 0x00, 0x24, 0x00, 
    0x00, 0x55, 0x55, 0x40, 0x00, 0x05, 0x10, 0x0f, 0xff, 0xff, 0xa5, 0xbf, 0xff, 0xff, 0xfa, 0xaa, 
    0xa9, 0x90, 0x01, 0x15, 0x45, 0x55, 0x55, 0x65, 0x7f, 0xa7, 0x6f, 0x6f, 0xff, 0xff, 0xf9, 0x7f, 
    0x95, 0x00, 0x00, 0x55, 0x41, 0x55, 0x55, 0x41, 0x05, 0x0b, 0xff, 0x40, 0x00, 0x00, 0x00, 0x00, 
    0x00, 0x00, 0x00, 0xff, 0xff, 0xff, 0xff, 0xff, 0xff, 0xff, 0xf8, 0x00, 0x01, 0xe6, 0x40, 0x00, 
    0x00, 0x00, 0x00, 0x00, 0x50, 0x00, 0x07, 0xaf, 0x10, 0x00, 0x00, 0x01, 0x55, 0x54, 0x05, 0x40, 
    0x6f, 0xfa, 0xef, 0xff, 0xfc, 0xbf, 0xff, 0xfb, 0xe1, 0xff, 0xd6, 0xff, 0xbf, 0x7f, 0xfa, 0x2f, 
    0xd7, 0xbf, 0xfd, 0x50, 0x00, 0x55, 0x55, 0x6f, 0xcf, 0xfb, 0xf9, 0x03, 0xff, 0xff, 0xff, 0xe7, 
    0xea, 0xaa, 0xaa, 0xaa, 0xaa, 0x90, 0x00, 0x6a, 0xff, 0xff, 0xff, 0xff, 0xff, 0xff, 0xff, 0xff, 
    0xff, 0xff, 0xff, 0xff, 0xff, 0xff, 0xff, 0xff, 0xff, 0xff, 0xfd, 0x06, 0xff, 0xfe, 0x7f, 0xfa, 
    0xaa, 0xff, 0xf8, 0x00, 0x14, 0x00, 0x5a, 0x2e, 0x15, 0xaf, 0xd0, 0xbd, 0xff, 0xff, 0xff, 0x6f, 
    0xf4, 0x54, 0xd4, 0x45, 0x00, 0x05, 0x45, 0x40, 0x40, 0x00, 0x00, 0x00, 0x00, 0x00, 0x00, 0x00, 
    0x14, 0x00, 0x00, 0x00, 0x00, 0x00, 0x00, 0x00, 0x00, 0x00, 0x00, 0x00, 0x00, 0x00, 0x00, 0x00, 
    0x00, 0x00, 0x00, 0x00, 0x00, 0x65, 0x50, 0x51, 0x51, 0x45, 0x54, 0x00, 0x15, 0x59, 0x10, 0x07, 
    0xff, 0xff, 0xff, 0x9b, 0xff, 0xfb, 0xfa, 0xaa, 0xaa, 0x80, 0x00, 0x14, 0x55, 0x95, 0x55, 0x65, 
    0x3f, 0xdd, 0xef, 0x8f, 0xff, 0xff, 0xf8, 0xaf, 0xc4, 0x00, 0x00, 0x05, 0x51, 0x55, 0x55, 0x55, 
    0x51, 0x4b, 0xff, 0xa9, 0x40, 0x00, 0x00, 0x01, 0xf8, 0x00, 0x10, 0x3f, 0xff, 0xff, 0xff, 0xff, 
    0xff, 0xff, 0xfe, 0x00, 0x01, 0x95, 0x50, 0x00, 0x00, 0x00, 0x00, 0x01, 0x50, 0x55, 0x02, 0xf9, 
    0x54, 0x40, 0x00, 0x00, 0x48, 0x14, 0x01, 0x50, 0x06, 0xba, 0xfb, 0xff, 0xfe, 0x7f, 0xff, 0xff, 
    0xf9, 0xbf, 0xe1, 0x6f, 0xff, 0x7f, 0xf4, 0x0b, 0xff, 0xef, 0xed, 0x50, 0x00, 0x15, 0x55, 0x6f, 
    0xcb, 0xe9, 0xf4, 0x03, 0xff, 0xff, 0xff, 0xf7, 0xaa, 0xaa, 0xaa, 0xaa, 0xa9, 0x60, 0x00, 0x65, 
    0xff, 0xff, 0xff, 0xff, 0xff, 0xff, 0xff, 0xff, 0xff, 0xff, 0xff, 0xff, 0xff, 0xdf, 0xff, 0xff, 
    0xff, 0xff, 0xe4, 0xbe, 0x9a, 0xf9, 0xfe, 0x6b, 0xef, 0xff, 0xe2, 0x80, 0x00, 0x0b, 0xff, 0xfe, 
    0x55, 0xbf, 0xc1, 0xfd, 0xff, 0xff, 0xff, 0x5f, 0xff, 0x91, 0xd0, 0x14, 0x00, 0x05, 0x45, 0x40, 
    0x40, 0x00, 0x00, 0x00, 0x00, 0x00, 0x00, 0x00, 0x08, 0x00, 0x00, 0x00, 0x00, 0x00, 0x00, 0x00, 
    0x00, 0x00, 0x00, 0x00, 0x00, 0x00, 0x00, 0x00, 0x00, 0x00, 0x00, 0x06, 0x49, 0x9a, 0x00, 0x00, 
    0x15, 0x15, 0x40, 0x01, 0x54, 0x27, 0x00, 0x03, 0xff, 0xff, 0xff, 0xf9, 0xbf, 0xff, 0xea, 0xaa, 
    0xa9, 0x00, 0x00, 0x10, 0x15, 0x55, 0x55, 0x55, 0x3f, 0xe5, 0xfb, 0xdb, 0xff, 0xff, 0xfd, 0x8f, 
    0xe0, 0x04, 0x00, 0x01, 0x51, 0x55, 0x55, 0x55, 0x55, 0x54, 0xff, 0xff, 0xf0, 0x00, 0x00, 0x03, 
    0xfd, 0x54, 0x15, 0x0f, 0xff, 0xff, 0xff, 0xff, 0xff, 0xff, 0xff, 0x40, 0x01, 0x54, 0x55, 0x00, 
    0x00, 0x05, 0x00, 0x04, 0x15, 0x15, 0x02, 0xfd, 0x8d, 0x00, 0x00, 0x00, 0x56, 0x14, 0x01, 0x54, 
    0x00, 0x7e, 0xfe, 0xff, 0xfe, 0x2f, 0xff, 0xff, 0xfe, 0x2f, 0xf1, 0x9b, 0xee, 0xaf, 0xf4, 0x03, 
    0xff, 0xff, 0xdd, 0x50, 0x00, 0x05, 0x55, 0x5b, 0xdb, 0xf9, 0xf4, 0x03, 0xff, 0xff, 0xff, 0xfd, 
    0xaa, 0xaa, 0xea, 0xaa, 0xa9, 0x60, 0x00, 0x50, 0xff, 0xff, 0xff, 0xff, 0xfc, 0xbf, 0xff, 0xaf, 
    0xff, 0xff, 0xff, 0xff, 0xff, 0x42, 0xff, 0xff, 0xff, 0xf8, 0x26, 0xfe, 0xaf, 0xe6, 0x9b, 0xff, 
    0xff, 0xff, 0x8b, 0xd0, 0x01, 0xff, 0xff, 0xff, 0x9b, 0xff, 0x82, 0xfd, 0xff, 0xff, 0xff, 0x5f, 
    0xff, 0xf7, 0xa4, 0x10, 0x00, 0x01, 0x55, 0x41, 0x40, 0x00, 0x00, 0x00, 0x00, 0x00, 0x00, 0x00, 
    0x06, 0x00, 0x00, 0x00, 0x00, 0x00, 0x00, 0x00, 0x00, 0x00, 0x00, 0x00, 0x00, 0x00, 0x00, 0x00, 
    0x00, 0x00, 0x00, 0x1d, 0x15, 0x44, 0x00, 0x05, 0x51, 0x54, 0x05, 0x45, 0x50, 0x67, 0x00, 0x02, 
    0xff, 0xff, 0xff, 0xff, 0x9b, 0xff, 0xaa, 0xaa, 0x94, 0x00, 0x00, 0x55, 0x05, 0x57, 0x55, 0x55, 
    0x3f, 0xf6, 0x7f, 0xe3, 0xff, 0xff, 0xfe, 0x5b, 0xf0, 0x00, 0x00, 0x00, 0x00, 0x15, 0x55, 0x55, 
    0x55, 0x55, 0x7f, 0xff, 0xfd, 0x00, 0x00, 0x03, 0xff, 0x15, 0x55, 0x02, 0xff, 0xff, 0xff, 0xff, 
    0xff, 0xff, 0xff, 0xc0, 0x00, 0x55, 0x15, 0x54, 0x00, 0x00, 0x00, 0x01, 0x95, 0x15, 0x00, 0x15, 
    0x4e, 0x00, 0x00, 0x00, 0x00, 0x00, 0x00, 0x45, 0x00, 0xba, 0xff, 0xff, 0xff, 0x7f, 0xff, 0xff, 
    0xff, 0x9f, 0xfc, 0xfb, 0xf5, 0xdf, 0xf7, 0x43, 0xff, 0xff, 0xed, 0x50, 0x00, 0x45, 0x45, 0x57, 
    0xdb, 0xfd, 0xf0, 0x03, 0xff, 0xff, 0xff, 0xfe, 0xa9, 0xab, 0xea, 0xaa, 0xaa, 0x60, 0x00, 0x50, 
    0xff, 0xff, 0xff, 0xff, 0xfe, 0xbf, 0xfc, 0x07, 0xff, 0xff, 0xff, 0xff, 0xff, 0xc0, 0x7f, 0xff, 
    0xff, 0xf4, 0xab, 0xfe, 0xef, 0x45, 0xbf, 0xff, 0xff, 0xfe, 0x57, 0xd0, 0x6f, 0xff, 0xfa, 0x8b, 
    0xff, 0xff, 0x07, 0xfd, 0xff, 0xff, 0xff, 0x8f, 0xff, 0xf7, 0xb0, 0x40, 0x00, 0x01, 0x55, 0x41, 
    0x40, 0x00, 0x00, 0x00, 0x00, 0x00, 0x00, 0x00, 0x02, 0x80, 0x00, 0x00, 0x00, 0x00, 0x00, 0x00, 
    0x00, 0x00, 0x00, 0x00, 0x00, 0x00, 0x00, 0x00, 0x00, 0x00, 0x00, 0x34, 0x00, 0x40, 0x00, 0x00, 
    0x00, 0x44, 0x1a, 0x15, 0x1d, 0xc7, 0x40, 0x02, 0xff, 0xff, 0xff, 0xff, 0xf8, 0xbf, 0xaa, 0xa5, 
    0x68, 0x00, 0x10, 0x15, 0x45, 0x57, 0x55, 0x55, 0x3f, 0xfd, 0xaf, 0xf7, 0xff, 0xff, 0xff, 0x53, 
    0xf8, 0x05, 0x00, 0x06, 0x95, 0x15, 0x55, 0x55, 0x55, 0x55, 0x3f, 0xff, 0xff, 0x40, 0x00, 0x00, 
    0x2e, 0x05, 0x50, 0x40, 0x57, 0xff, 0xff, 0xff, 0xff, 0xff, 0xff, 0xf0, 0x00, 0x15, 0x51, 0x40, 
    0x00, 0x00, 0x00, 0x64, 0x54, 0x54, 0x15, 0x50, 0x1e, 0x00, 0x00, 0x00, 0x00, 0x00, 0x00, 0x00, 
    0x47, 0xff, 0xbf, 0xff, 0xff, 0x9f, 0xff, 0xff, 0xff, 0xf7, 0xfd, 0x7f, 0x40, 0x9f, 0xf9, 0xc2, 
    0xfe, 0xff, 0xf5, 0x40, 0x04, 0x55, 0x54, 0x55, 0xeb, 0xff, 0xf0, 0x03, 0xff, 0xfe, 0xff, 0xff, 
    0x69, 0x6b, 0xaa, 0xaa, 0xaa, 0x60, 0x00, 0x40, 0xff, 0xff, 0xff, 0xff, 0xff, 0xff, 0xff, 0x6f, 
    0xff, 0xff, 0xdf, 0xff, 0xff, 0xfc, 0x3e, 0xff, 0xff, 0xeb, 0x6e, 0xbf, 0xfa, 0x1f, 0xff, 0xfe, 
    0xbf, 0xe6, 0xba, 0x0b, 0xff, 0xfe, 0x6f, 0xfb, 0xef, 0xff, 0x0a, 0xfc, 0xbf, 0xff, 0xff, 0xcf, 
    0xff, 0xdb, 0xd1, 0x00, 0x00, 0x01, 0x55, 0x45, 0x50, 0x00, 0x00, 0x00, 0x00, 0x00, 0x00, 0x00, 
    0x42, 0xa0, 0x00, 0x00, 0x00, 0x00, 0x00, 0x00, 0x00, 0x00, 0x00, 0x00, 0x00, 0x00, 0x00, 0x00, 
    0x00, 0x00, 0x00, 0xa1, 0x6a, 0x40, 0x00, 0x00, 0x05, 0x20, 0xa5, 0x12, 0xfa, 0x57, 0x80, 0x0a, 
    0xbf, 0xff, 0xff, 0xff, 0xff, 0x4b, 0xaa, 0x5b, 0xac, 0x00, 0x00, 0x15, 0x04, 0x56, 0x55, 0x50, 
    0x7f, 0xfd, 0x9f, 0xfe, 0xff, 0xff, 0xff, 0x95, 0xfd, 0x1f, 0x50, 0xbf, 0xf9, 0x05, 0x55, 0x55, 
    0x55, 0x55, 0x6f, 0xff, 0xff, 0xd0, 0x06, 0xbf, 0xaf, 0xe1, 0x00, 0x05, 0x07, 0xff, 0xff, 0xff, 
    0xfe, 0xab, 0xff, 0xfc, 0x00, 0x01, 0x56, 0xa4, 0x00, 0x00, 0x01, 0x40, 0x15, 0x65, 0x55, 0x64, 
    0x0f, 0x54, 0x00, 0x00, 0x00, 0x00, 0x00, 0x00, 0x12, 0xff, 0xfe, 0xff, 0xff, 0xdf, 0xff, 0xff, 
    0xff, 0xff, 0xff, 0xbf, 0xc0, 0x1f, 0xfd, 0xfb, 0xfd, 0x7f, 0xf1, 0x40, 0x18, 0x51, 0x55, 0x45, 
    0xbb, 0xff, 0xf0, 0x03, 0xff, 0xff, 0xff, 0xff, 0x9a, 0xaa, 0xaa, 0xaa, 0xaa, 0x60, 0x00, 0x90, 
    0xff, 0xff, 0xff, 0xff, 0xff, 0xff, 0xff, 0xff, 0xff, 0xdf, 0xfb, 0xff, 0xff, 0xfe, 0xfc, 0x3f, 
    0xe7, 0x99, 0xff, 0xaf, 0xaa, 0x79, 0x6b, 0xea, 0xb9, 0x46, 0x90, 0x7e, 0x6f, 0xff, 0xbf, 0xff, 
    0xa6, 0xfe, 0x0f, 0xfc, 0x7f, 0xff, 0xff, 0xcb, 0xff, 0x9f, 0x88, 0x00, 0x00, 0x05, 0x55, 0x45, 
    0x40, 0x00, 0x00, 0x00, 0x00, 0x00, 0x00, 0x00, 0x51, 0xa9, 0x00, 0x00, 0x00, 0x00, 0x00, 0x00, 
    0x00, 0x00, 0x00, 0x00, 0x00, 0x00, 0x00, 0x00, 0x00, 0x00, 0x00, 0x6a, 0x50, 0x01, 0x54, 0x01, 
    0x56, 0x81, 0x54, 0x5f, 0xf6, 0x6a, 0x90, 0x0f, 0xff, 0xff, 0xff, 0xff, 0xff, 0xf0, 0x10, 0xaa, 
    0xa9, 0x00, 0x00, 0x15, 0xd4, 0x46, 0x55, 0x50, 0xbf, 0xff, 0x6b, 0xfd, 0xff, 0xff, 0xff, 0xd4, 
    0xfe, 0x7f, 0xef, 0xfb, 0xfd, 0x45, 0x55, 0x54, 0x55, 0x55, 0x5f, 0xff, 0xff, 0xf4, 0x1f, 0xff, 
    0xff, 0xf9, 0x55, 0x14, 0x1f, 0xff, 0xff, 0xfb, 0xd6, 0xaf, 0xff, 0xff, 0x00, 0x00, 0x19, 0x86, 
    0x40, 0x00, 0x04, 0x00, 0x01, 0x55, 0x55, 0x70, 0x12, 0x94, 0x40, 0x00, 0x00, 0x00, 0x00, 0x40, 
    0x04, 0xbf, 0xff, 0xeb, 0xff, 0xdb, 0xff, 0xff, 0xff, 0xff, 0xff, 0xff, 0xd0, 0x0b, 0xfd, 0xf7, 
    0xfe, 0x2e, 0xf4, 0x40, 0x20, 0x51, 0x55, 0x50, 0x7f, 0xff, 0xe1, 0x03, 0xff, 0xff, 0xff, 0xff, 
    0xda, 0xaa, 0xaa, 0xaa, 0xaa, 0x60, 0x01, 0xa0, 0xff, 0xff, 0xff, 0xff, 0xff, 0xff, 0xff, 0xff, 
    0xff, 0xff, 0xff, 0xff, 0xff, 0xff, 0xff, 0xbf, 0x81, 0x40, 0x0a, 0xff, 0xe4, 0x02, 0xbf, 0xfe, 
    0x50, 0x14, 0x00, 0xfb, 0xff, 0xee, 0xff, 0xff, 0x7b, 0xfd, 0x2f, 0xfd, 0x3f, 0xff, 0xff, 0xe7, 
    0xfe, 0x6f, 0x20, 0x00, 0x00, 0x05, 0x55, 0x45, 0x40, 0x00, 0x00, 0x00, 0x00, 0x00, 0x00, 0x00, 
    0x20, 0xaa, 0x40, 0x00, 0x00, 0x00, 0x00, 0x00, 0x00, 0x00, 0x00, 0x00, 0x00, 0x00, 0x00, 0x00, 
    0x00, 0x00, 0x00, 0x00, 0x00, 0x54, 0x05, 0x54, 0x69, 0x05, 0x50, 0x3f, 0xe5, 0xaa, 0xb0, 0x2f, 
    0xaa, 0xaf, 0xff, 0xff, 0xff, 0xfe, 0x5a, 0xaa, 0xa8, 0x00, 0x00, 0x05, 0xd5, 0x46, 0x51, 0x50, 
    0xff, 0xff, 0x67, 0xff, 0xbf, 0xff, 0xff, 0xe5, 0x7f, 0x7f, 0xdf, 0xfd, 0xf9, 0x55, 0x55, 0x55, 
    0x55, 0x55, 0x57, 0xff, 0xff, 0xfd, 0x7f, 0xff, 0xff, 0xfd, 0x55, 0x40, 0x2f, 0xff, 0xff, 0xff, 
    0xdf, 0xff, 0xff, 0xff, 0xd0, 0x00, 0x06, 0x91, 0x50, 0x00, 0x10, 0x00, 0x01, 0x55, 0x55, 0x9b, 
    0xe4, 0x60, 0x40, 0x00, 0x00, 0x00, 0x00, 0x68, 0x01, 0x2f, 0xff, 0xf8, 0x6f, 0xc1, 0xff, 0xff, 
    0xff, 0xff, 0xff, 0xff, 0xf0, 0x82, 0xfd, 0xf9, 0xff, 0x7f, 0xf1, 0x41, 0x40, 0x51, 0x51, 0x54, 
    0x2f, 0xff, 0xd1, 0x53, 0xff, 0xff, 0xff, 0xff, 0xe6, 0xaa, 0xaa, 0xaa, 0xaa, 0x50, 0x01, 0xa5, 
    0xff, 0xff, 0xff, 0xff, 0xff, 0xff, 0xff, 0xff, 0xff, 0xff, 0xff, 0xff, 0xff, 0xff, 0xff, 0xff, 
    0xff, 0xc0, 0x00, 0x00, 0x00, 0x0b, 0xfe, 0xa6, 0xa4, 0x00, 0x01, 0xdb, 0xff, 0xff, 0xff, 0xff, 
    0x77, 0xfd, 0x2f, 0xfe, 0x6f, 0xff, 0xff, 0xf2, 0xfb, 0x7e, 0x40, 0x00, 0x00, 0x05, 0x45, 0x55, 
    0x50, 0x00, 0x00, 0x00, 0x00, 0x00, 0x00, 0x00, 0x20, 0x6a, 0xa0, 0x00, 0x00, 0x00, 0x00, 0x00, 
    0x00, 0x00, 0x00, 0x00, 0x00, 0x00, 0x04, 0x00, 0x00, 0x00, 0x00, 0x00, 0x00, 0x10, 0x15, 0x55, 
    0x55, 0x15, 0x15, 0xbf, 0xc1, 0xae, 0xb8, 0x3f, 0xfa, 0x90, 0xbf, 0xff, 0xff, 0xff, 0xaa, 0xaa, 
    0xa4, 0x00, 0x01, 0x15, 0x55, 0x46, 0x51, 0x54, 0xff, 0xff, 0xcd, 0xff, 0x7f, 0xff, 0xff, 0xe5, 
    0x3f, 0xef, 0xf7, 0xff, 0x99, 0x55, 0x55, 0x55, 0x55, 0x55, 0x53, 0xff, 0xff, 0xff, 0xff, 0xff, 
    0xff, 0xff, 0x65, 0x55, 0x3f, 0xff, 0xff, 0xfb, 0xff, 0xff, 0xff, 0xff, 0xf4, 0x00, 0x01, 0x50, 
    0x04, 0x00, 0x54, 0x00, 0x04, 0x15, 0x55, 0x40, 0x00, 0x09, 0x00, 0x00, 0x14, 0x00, 0x00, 0x04, 
    0x01, 0x4b, 0xff, 0xff, 0xab, 0xc0, 0x7f, 0xff, 0xff, 0xff, 0xff, 0xff, 0xf4, 0x90, 0xbe, 0x79, 
    0xff, 0xff, 0xb1, 0x43, 0x40, 0x51, 0x55, 0x55, 0x1b, 0xff, 0xc5, 0x57, 0xff, 0xff, 0xff, 0xff, 
    0xf6, 0xaa, 0xaa, 0xaa, 0xaa, 0x60, 0x01, 0x95, 0xff, 0xff, 0xff, 0xff, 0xff, 0xff, 0xff, 0xff, 
    0xff, 0xff, 0xff, 0xff, 0xff, 0xff, 0xff, 0xff, 0xff, 0xd0, 0x06, 0x00, 0x00, 0x7e, 0xbf, 0xff, 
    0x94, 0x00, 0x00, 0x1f, 0xfa, 0xff, 0xff, 0xef, 0xb5, 0xbc, 0x7f, 0xfe, 0xff, 0xff, 0xff, 0xf5, 
    0xdf, 0x79, 0x00, 0x00, 0x00, 0x05, 0x45, 0x05, 0x51, 0x00, 0x00, 0x00, 0x00, 0x00, 0x00, 0x00, 
    0x20, 0x2a, 0xa9, 0x00, 0x00, 0x00, 0x00, 0x00, 0x00, 0x00, 0x00, 0x00, 0x00, 0x00, 0x00, 0x00, 
    0x00, 0x10, 0x00, 0x00, 0x00, 0x01, 0x45, 0x54, 0x54, 0x15, 0x69, 0xff, 0x81, 0x6e, 0xa9, 0x3f, 
    0xff, 0x99, 0x5f, 0xff, 0xff, 0xff, 0xaa, 0xaa, 0x90, 0x00, 0x00, 0x55, 0x55, 0x55, 0x51, 0x01, 
    0xff, 0xff, 0xd6, 0xbf, 0x9f, 0xff, 0xff, 0xe8, 0x5f, 0xef, 0xfa, 0xff, 0xf9, 0x55, 0x55, 0x55, 
    0x55, 0x55, 0x55, 0xff, 0xff, 0xff, 0xff, 0xff, 0x8b, 0xff, 0xb8, 0x15, 0x2f, 0xff, 0xff, 0xff, 
    0xff, 0xff, 0xff, 0xff, 0xfd, 0x00, 0x00, 0x14, 0x01, 0x01, 0x95, 0x04, 0x00, 0x00, 0x01, 0x00, 
    0x00, 0x02, 0x40, 0x00, 0x15, 0x00, 0x00, 0x05, 0x01, 0x51, 0x87, 0xff, 0xe5, 0x81, 0xbf, 0xff, 
    0xff, 0xff, 0xff, 0xff, 0xfc, 0xb0, 0x01, 0x3b, 0xff, 0xff, 0xe6, 0x10, 0x00, 0x50, 0x55, 0x55, 
    0x56, 0xff, 0xc5, 0x57, 0xff, 0xff, 0xff, 0xff, 0xf8, 0x5a, 0xaa, 0xaa, 0xaa, 0x50, 0x01, 0x99, 
    0xff, 0xff, 0xff, 0xff, 0xff, 0xff, 0xff, 0xff, 0xff, 0xff, 0xff, 0xff, 0xff, 0xff, 0xff, 0xff, 
    0xff, 0xf0, 0x24, 0x14, 0x00, 0x9a, 0xff, 0xff, 0xff, 0x40, 0x50, 0x2f, 0xff, 0xff, 0xff, 0xfe, 
    0xbd, 0xfc, 0xbf, 0xfe, 0xab, 0xff, 0xff, 0xe9, 0x7e, 0xa4, 0x40, 0x00, 0x00, 0x05, 0x44, 0x15, 
    0x51, 0x00, 0x00, 0x00, 0x00, 0x00, 0x00, 0x00, 0x14, 0x2a, 0xaa, 0x80, 0x00, 0x00, 0x00, 0x00, 
    0x00, 0x00, 0x00, 0x00, 0x00, 0x00, 0x00, 0x00, 0x00, 0x00, 0x00, 0x00, 0x00, 0x05, 0x00, 0x11, 
    0x50, 0x1a, 0xa9, 0xff, 0x81, 0x6a, 0x75, 0x2f, 0xff, 0xff, 0xe6, 0xff, 0xff, 0xff, 0xaa, 0xaa, 
    0x40, 0x00, 0x00, 0x56, 0x50, 0x55, 0x50, 0x02, 0xff, 0xff, 0xf3, 0x7f, 0xdb, 0xff, 0xff, 0xf9, 
    0x4f, 0xf7, 0xfd, 0xff, 0xfd, 0x55, 0x55, 0x55, 0x55, 0x54, 0x55, 0x7f, 0xff, 0xff, 0xff, 0xfb, 
    0xff, 0xfe, 0x6f, 0x80, 0x0f, 0xff, 0xff, 0xff, 0xff, 0xff, 0xff, 0xff, 0xff, 0xc0, 0x00, 0x15, 
    0x40, 0x04, 0x40, 0x00, 0x00, 0x00, 0x04, 0x00, 0x00, 0x00, 0x60, 0x00, 0x15, 0x00, 0x00, 0x01, 
    0x40, 0x55, 0x7f, 0x9b, 0xff, 0x52, 0x9b, 0xff, 0xff, 0xff, 0xff, 0xff, 0xbd, 0x39, 0x11, 0x03, 
    0xff, 0xff, 0xd8, 0x06, 0x41, 0x80, 0x55, 0x55, 0x51, 0xff, 0x41, 0x47, 0xff, 0xff, 0xff, 0xff, 
    0xfd, 0xaa, 0xaa, 0xaa, 0xab, 0x50, 0x01, 0x65, 0xff, 0xff, 0xff, 0xff, 0xff, 0xff, 0xff, 0xff, 
    0xff, 0xff, 0xff, 0xff, 0xff, 0xff, 0xff, 0xff, 0xff, 0xf4, 0x00, 0x14, 0x14, 0xbf, 0xff, 0xff, 
    0xfe, 0x1a, 0xbe, 0xbf, 0xff, 0xff, 0xff, 0xfe, 0xf5, 0xfc, 0xbf, 0xa7, 0x7f, 0xff, 0xef, 0xfe, 
    0xbd, 0x92, 0x40, 0x00, 0x00, 0x01, 0x40, 0x15, 0x55, 0x00, 0x00, 0x00, 0x00, 0x00, 0x00, 0x00, 
    0x18, 0x1a, 0xaa, 0xa4, 0x00, 0x00, 0x00, 0x00, 0x00, 0x00, 0x00, 0x00, 0x00, 0x00, 0x00, 0x00, 
    0x00, 0x00, 0x00, 0x00, 0x00, 0x05, 0x52, 0x40, 0x00, 0x6a, 0xa5, 0xe1, 0xc2, 0x26, 0x7d, 0x0f, 
    0xab, 0xff, 0xfe, 0x2f, 0xff, 0xfe, 0x9a, 0xa4, 0x00, 0x00, 0x00, 0x56, 0x55, 0x55, 0x53, 0x9b, 
    0xff, 0xef, 0xf5, 0xdf, 0xe7, 0xff, 0xff, 0xfb, 0x57, 0xfb, 0xfe, 0xbf, 0xff, 0x55, 0x55, 0x55, 
    0x55, 0x51, 0x55, 0x0f, 0xff, 0xff, 0xff, 0xff, 0xaf, 0xd2, 0xe7, 0x40, 0x0b, 0xff, 0xff, 0xff, 
    0xff, 0xfe, 0xff, 0xff, 0xff, 0xf8, 0x00, 0x00, 0x10, 0x11, 0x00, 0x00, 0x05, 0x40, 0x00, 0x00, 
    0x00, 0x05, 0x5d, 0x00, 0x15, 0x41, 0x50, 0x01, 0x40, 0x55, 0x6f, 0xfe, 0x7f, 0x52, 0x57, 0xff, 
    0xff, 0xff, 0xff, 0xff, 0xff, 0x3a, 0x00, 0x02, 0xff, 0xff, 0xe0, 0x07, 0x41, 0xd4, 0x55, 0x55, 
    0x50, 0xbf, 0x05, 0x47, 0xff, 0xff, 0xff, 0xff, 0xfd, 0x6a, 0xaa, 0xaa, 0xab, 0x50, 0x01, 0x9a, 
    0xff, 0xff, 0xff, 0xff, 0xff, 0xff, 0xff, 0xff, 0xff, 0xff, 0xff, 0xff, 0xff, 0xff, 0xff, 0xff, 
    0xfe, 0x40, 0x50, 0x00, 0x77, 0xff, 0xff, 0xff, 0xc1, 0xf9, 0xe7, 0xff, 0xff, 0xff, 0xff, 0xfe, 
    0x43, 0xfc, 0xbf, 0xff, 0x8b, 0xff, 0xbf, 0xbe, 0xfc, 0x8e, 0x00, 0x00, 0x00, 0x01, 0x40, 0x15, 
    0x55, 0x00, 0x00, 0x00, 0x00, 0x00, 0x00, 0x00, 0x08, 0x1a, 0xaa, 0xaa, 0x40, 0x00, 0x00, 0x00, 
    0x00, 0x00, 0x00, 0x00, 0x00, 0x00, 0x04, 0x40, 0x00, 0x00, 0x00, 0x10, 0x00, 0x00, 0x00, 0x00, 
    0x00, 0xa9, 0xa6, 0xd4, 0x02, 0x19, 0x6a, 0x4b, 0xff, 0xff, 0xff, 0xd2, 0xff, 0xfa, 0x6a, 0x84, 
    0x00, 0x00, 0x01, 0x55, 0x44, 0x11, 0x0f, 0xff, 0xff, 0xef, 0xfc, 0xbb, 0xf6, 0xff, 0xff, 0xfe, 
    0xa3, 0xfd, 0xff, 0xbf, 0xff, 0x55, 0x55, 0x55, 0x55, 0x55, 0x01, 0x02, 0xff, 0xff, 0xff, 0xff, 
    0xfc, 0x1f, 0xf0, 0x00, 0x0b, 0xff, 0xff, 0xff, 0xff, 0xfb, 0xff, 0xff, 0xff, 0xff, 0x80, 0x00, 
    0x00, 0xa5, 0x40, 0x00, 0x00, 0x00, 0x50, 0x00, 0x00, 0x15, 0x57, 0x40, 0x15, 0x55, 0x55, 0x00, 
    0x50, 0x15, 0x8b, 0xff, 0xe5, 0x75, 0xa7, 0xff, 0xff, 0xff, 0xff, 0xff, 0xff, 0x6c, 0x40, 0x02, 
    0xfb, 0xff, 0xf1, 0x02, 0xd0, 0xd4, 0x55, 0x55, 0x55, 0x2a, 0x00, 0x47, 0xff, 0xff, 0xff, 0xaf, 
    0xff, 0x6a, 0xaa, 0xaa, 0xa9, 0x50, 0x02, 0x66, 0xff, 0xff, 0xff, 0xff, 0xff, 0xff, 0xff, 0x94, 
    0x17, 0xff, 0xff, 0xff, 0xff, 0xff, 0xff, 0xff, 0x97, 0xa5, 0x01, 0x41, 0xfb, 0xff, 0xff, 0xff, 
    0xff, 0xf4, 0x0b, 0xff, 0xff, 0xff, 0xff, 0xfe, 0xd7, 0xfc, 0xbf, 0xff, 0xcf, 0xff, 0xfb, 0xfb, 
    0xf9, 0x74, 0x00, 0x00, 0x00, 0x01, 0x40, 0x05, 0x55, 0x40, 0x10, 0x00, 0x00, 0x00, 0x00, 0x00, 
    0x08, 0x0a, 0xaa, 0xa9, 0xa4, 0x00, 0x00, 0x00, 0x00, 0x00, 0x00, 0x00, 0x00, 0x00, 0x00, 0x00, 
    0x00, 0x00, 0x00, 0x10, 0x50, 0x00, 0x00, 0x00, 0x01, 0xa9, 0xa7, 0xf5, 0xa2, 0x0a, 0x65, 0x51, 
    0xbf, 0xff, 0xff, 0xf8, 0x2f, 0xea, 0xa5, 0x68, 0x80, 0x00, 0x00, 0x55, 0x44, 0x11, 0x7f, 0xff, 
    0xff, 0xdb, 0xfd, 0x7b, 0xf5, 0xff, 0xff, 0xfe, 0xd9, 0xfe, 0xbf, 0xef, 0xff, 0xc5, 0x55, 0x55, 
    0x55, 0x55, 0x00, 0x04, 0x2f, 0xff, 0xff, 0xff, 0xff, 0xff, 0xf4, 0x95, 0x76, 0xff, 0xa5, 0x07, 
    0xff, 0xff, 0xff, 0xff, 0xff, 0xff, 0xf8, 0x00, 0x02, 0xa4, 0x55, 0x50, 0x05, 0x05, 0x00, 0x00, 
    0x00, 0x01, 0x55, 0xe5, 0x55, 0x55, 0x54, 0x00, 0x00, 0x15, 0x52, 0xdb, 0xbe, 0x55, 0xd5, 0xff, 
    0xff, 0xff, 0xff, 0xff, 0xff, 0xfe, 0x00, 0x43, 0xff, 0xff, 0xf4, 0x57, 0xd1, 0xd4, 0x55, 0x55, 
    0x55, 0x09, 0x01, 0x47, 0xff, 0xff, 0xff, 0xcf, 0xff, 0x6a, 0xea, 0xaa, 0xa8, 0x20, 0x01, 0x6a, 
    0xff, 0xff, 0xff, 0xff, 0xff, 0xff, 0x41, 0x69, 0x40, 0x7f, 0xff, 0xff, 0xff, 0xff, 0xff, 0x80, 
    0x7f, 0xf8, 0x00, 0x0b, 0xff, 0xff, 0xff, 0xff, 0xfb, 0xff, 0xd1, 0xff, 0xff, 0xaf, 0xff, 0xfe, 
    0xdb, 0xfd, 0xbf, 0xff, 0xe7, 0xff, 0xfe, 0xfb, 0xe0, 0xa0, 0x00, 0x00, 0x00, 0x00, 0x40, 0x05, 
    0x55, 0x44, 0x10, 0x00, 0x00, 0x00, 0x00, 0x00, 0x09, 0x06, 0xaa, 0xa9, 0xaa, 0x90, 0x40, 0x00, 
    0x00, 0x00, 0x00, 0x00, 0x00, 0x00, 0x00, 0x00, 0x00, 0x00, 0x00, 0x00, 0x56, 0x50, 0x15, 0x45, 
    0x5a, 0xa5, 0x5a, 0xff, 0xf0, 0x56, 0xa6, 0x44, 0x0b, 0xff, 0xff, 0xfe, 0x42, 0xea, 0x5a, 0xa0, 
    0x80, 0x00, 0x01, 0x55, 0x45, 0x10, 0xbf, 0xff, 0xff, 0xf7, 0xff, 0x3e, 0xf8, 0xbf, 0xff, 0xff, 
    0xa4, 0xbf, 0xbf, 0xff, 0xff, 0xe1, 0x54, 0x00, 0x04, 0x41, 0x54, 0x00, 0x0b, 0xff, 0xff, 0xff, 
    0xff, 0xff, 0xe5, 0x6a, 0xbd, 0x7f, 0xfd, 0x07, 0xff, 0xff, 0xff, 0xff, 0xff, 0xff, 0xf8, 0x00, 
    0x0a, 0x94, 0x15, 0x55, 0x90, 0x24, 0x00, 0x00, 0x00, 0x00, 0x15, 0x69, 0x55, 0x51, 0x55, 0x00, 
    0x05, 0x50, 0x54, 0x66, 0x9f, 0xf6, 0x96, 0xbf, 0xff, 0xff, 0xff, 0xff, 0xff, 0xff, 0x42, 0xf6, 
    0xff, 0xff, 0xf8, 0x6f, 0xed, 0xd5, 0x55, 0x55, 0x55, 0x40, 0x00, 0x03, 0xff, 0xff, 0xff, 0xff, 
    0xff, 0xaa, 0xaa, 0xaa, 0xa9, 0x20, 0x00, 0x5a, 0xff, 0xff, 0xff, 0xff, 0xfe, 0x41, 0x6b, 0xf9, 
    0x01, 0x41, 0x0b, 0xff, 0xff, 0xff, 0x90, 0x00, 0x7c, 0x50, 0x00, 0x6f, 0xbf, 0xff, 0xff, 0xfe, 
    0xff, 0xff, 0xfe, 0x0b, 0xff, 0xef, 0xff, 0xff, 0xd6, 0xfe, 0xff, 0xff, 0xf5, 0xff, 0xfd, 0xaf, 
    0x40, 0xc0, 0x00, 0x04, 0x00, 0x00, 0x40, 0x05, 0x55, 0x44, 0x10, 0x00, 0x00, 0x00, 0x00, 0x00, 
    0x09, 0x01, 0xaa, 0xaa, 0x6a, 0xaa, 0x65, 0x00, 0x00, 0x00, 0x00, 0x00, 0x00, 0x00, 0x00, 0x00, 
    0x01, 0x00, 0x00, 0x01, 0x15, 0x51, 0x55, 0x05, 0x6a, 0x97, 0xea, 0xfb, 0xf0, 0x6a, 0x56, 0x80, 
    0x00, 0xbf, 0xff, 0xff, 0xe5, 0x14, 0x6a, 0xa0, 0x14, 0x00, 0x00, 0x55, 0x51, 0x40, 0xff, 0xff, 
    0xff, 0xfa, 0xff, 0x5f, 0xbc, 0x7f, 0xff, 0xff, 0xf6, 0x3f, 0xef, 0xff, 0xff, 0xf4, 0x55, 0x55, 
    0x54, 0x28, 0x04, 0x01, 0x57, 0xff, 0xff, 0xff, 0xfe, 0xaa, 0xff, 0xf1, 0x55, 0x5f, 0xfe, 0x1f, 
    0xff, 0xff, 0xff, 0xff, 0xff, 0xff, 0xf4, 0x01, 0x56, 0x54, 0x05, 0x5a, 0x00, 0x10, 0x00, 0x00, 
    0x00, 0x00, 0x05, 0x56, 0x95, 0x51, 0x55, 0x40, 0x00, 0x50, 0x05, 0x5f, 0x97, 0xdf, 0xdb, 0x6f, 
    0xff, 0xff, 0xff, 0xff, 0xff, 0xff, 0xd1, 0xfe, 0xff, 0xff, 0xfc, 0x23, 0xfd, 0xd4, 0x55, 0x55, 
    0x15, 0x50, 0x00, 0x02, 0xff, 0xff, 0xff, 0xff, 0xff, 0x9a, 0xea, 0xaa, 0xaa, 0x10, 0x00, 0x46, 
    0xff, 0xff, 0xff, 0xe5, 0x01, 0x5a, 0xaa, 0xa4, 0x00, 0x01, 0xaf, 0xff, 0xff, 0xe1, 0x6a, 0xaa, 
    0x00, 0x00, 0x09, 0x05, 0xff, 0xab, 0xff, 0xfb, 0xff, 0xfe, 0xbf, 0xdb, 0xf9, 0xff, 0xff, 0xff, 
    0x87, 0xfd, 0xff, 0xff, 0xfe, 0x7f, 0xfd, 0x7d, 0x01, 0x80, 0x00, 0x08, 0x00, 0x00, 0x00, 0x05, 
    0x55, 0x40, 0x14, 0x00, 0x00, 0x00, 0x00, 0x00, 0x05, 0x18, 0x6a, 0xaa, 0x6a, 0xaa, 0xa5, 0x40, 
    0x00, 0x00, 0x00, 0x16, 0x40, 0x00, 0x00, 0x00, 0x01, 0x40, 0x00, 0x04, 0x15, 0x55, 0x40, 0x15, 
    0x6a, 0x6b, 0xef, 0xff, 0xf8, 0x1a, 0x56, 0x50, 0x00, 0x1f, 0xff, 0xff, 0xfa, 0x96, 0xaa, 0x90, 
    0x59, 0x00, 0x00, 0x55, 0x51, 0x01, 0xff, 0xff, 0xff, 0xfd, 0xff, 0xcf, 0xec, 0x6f, 0xff, 0xff, 
    0xfc, 0x2f, 0xdf, 0xff, 0xff, 0xfc, 0x01, 0x55, 0x06, 0xff, 0x90, 0x4b, 0xff, 0xff, 0x95, 0xa4, 
    0x5a, 0xa4, 0x55, 0x54, 0x1a, 0x92, 0xff, 0xff, 0xff, 0xff, 0xff, 0xff, 0xff, 0xff, 0xfd, 0x15, 
    0x05, 0x14, 0x05, 0x55, 0x41, 0x90, 0x00, 0x00, 0x00, 0x00, 0x45, 0x55, 0x65, 0x55, 0x45, 0x40, 
    0x00, 0x14, 0x05, 0x57, 0xd2, 0xf6, 0xff, 0xef, 0xaf, 0xff, 0xff, 0xff, 0xff, 0xff, 0xf4, 0xff, 
    0xff, 0xfa, 0xfd, 0x02, 0xfd, 0xd4, 0x55, 0x55, 0x55, 0x6c, 0x00, 0x06, 0xff, 0xff, 0xff, 0xff, 
    0xff, 0xda, 0xaa, 0xaa, 0xaa, 0x40, 0x01, 0x46, 0xff, 0xff, 0xa4, 0x15, 0xaa, 0xaa, 0xff, 0xd5, 
    0x41, 0x40, 0x5a, 0xff, 0xc0, 0x0b, 0xea, 0xaa, 0x80, 0x00, 0x00, 0x00, 0x00, 0x01, 0x55, 0x5b, 
    0xff, 0xf4, 0xa6, 0xf5, 0x40, 0xff, 0xff, 0xe0, 0x2f, 0xfa, 0xbf, 0xff, 0xff, 0x87, 0xfd, 0xa4, 
    0x02, 0x00, 0x00, 0x18, 0x00, 0x00, 0x00, 0x01, 0x65, 0x41, 0x14, 0x00, 0x00, 0x00, 0x00, 0x00, 
    0x05, 0x19, 0x2a, 0xaa, 0x6a, 0xaa, 0xaa, 0xaa, 0xa5, 0x01, 0xaa, 0xa9, 0x50, 0x00, 0x00, 0x00, 
    0x01, 0x50, 0x00, 0x15, 0x00, 0x10, 0x00, 0x55, 0xa5, 0x9a, 0x7f, 0xfe, 0x98, 0x00, 0x01, 0x59, 
    0x00, 0x07, 0xfe, 0xff, 0xfe, 0xaa, 0xaa, 0x90, 0x9a, 0x40, 0x00, 0x15, 0x54, 0x02, 0xff, 0xff, 
    0xff, 0xfe, 0xff, 0xdb, 0xf6, 0xef, 0xff, 0xff, 0xfd, 0x1f, 0xfb, 0xff, 0xff, 0xff, 0x40, 0x01, 
    0xbf, 0xff, 0xff, 0xd7, 0xff, 0xfa, 0xf5, 0x96, 0x96, 0x5e, 0x00, 0x55, 0xfa, 0xa4, 0x1b, 0xff, 
    0xff, 0xff, 0xff, 0xff, 0xff, 0xff, 0xff, 0x91, 0x56, 0x94, 0x55, 0x55, 0x55, 0x40, 0x00, 0x00, 
    0x00, 0x00, 0x10, 0x55, 0x5e, 0x55, 0x55, 0x50, 0x00, 0x04, 0x01, 0x55, 0xff, 0x9f, 0xff, 0xe3, 
    0xd0, 0xbf, 0xff, 0xff, 0xff, 0xff, 0xff, 0xbf, 0x5a, 0xfe, 0xfe, 0x40, 0xfd, 0xe5, 0x55, 0x55, 
    0x45, 0x6a, 0x00, 0x06, 0xbf, 0xff, 0xff, 0xff, 0xff, 0xda, 0xaa, 0xaa, 0xaa, 0xa0, 0x02, 0x86, 
    0xfe, 0x50, 0x15, 0x5a, 0xaa, 0xaa, 0xab, 0x9a, 0xf9, 0x00, 0x00, 0x06, 0x8b, 0x7f, 0xfe, 0xaa, 
    0x5a, 0x51, 0x6a, 0x40, 0x0b, 0xaf, 0xbd, 0xfa, 0x95, 0x40, 0x03, 0xf4, 0x00, 0x2f, 0xfd, 0x00, 
    0x3f, 0xf9, 0xbf, 0xff, 0xff, 0xf5, 0xfc, 0x50, 0x35, 0x00, 0x00, 0x28, 0x00, 0x00, 0x00, 0x00, 
    0x59, 0x41, 0x04, 0x00, 0x00, 0x00, 0x00, 0x00, 0x00, 0x1a, 0x5a, 0xaa, 0x6a, 0xaa, 0xaa, 0xae, 
    0xff, 0xe9, 0x56, 0x5a, 0x94, 0x00, 0x00, 0x00, 0x01, 0x54, 0x00, 0x15, 0xa0, 0x05, 0x00, 0xa5, 
    0x95, 0x49, 0xff, 0xfe, 0x6f, 0x04, 0x00, 0x51, 0x95, 0x00, 0xbf, 0xff, 0xfe, 0xaa, 0xaa, 0x81, 
    0x96, 0x90, 0x00, 0x01, 0x50, 0x42, 0xff, 0xff, 0xff, 0xff, 0xff, 0xf3, 0xff, 0xfb, 0xff, 0xff, 
    0xff, 0x4f, 0xfb, 0xfe, 0xbf, 0xff, 0xf6, 0xff, 0xff, 0xff, 0xff, 0xf5, 0xff, 0xef, 0xff, 0xf5, 
    0xe6, 0xf5, 0x40, 0x15, 0x66, 0x41, 0x54, 0x6f, 0xff, 0xff, 0xff, 0xff, 0xff, 0xff, 0xff, 0xfc, 
    0x56, 0x54, 0x14, 0x55, 0x54, 0x00, 0x00, 0x00, 0x00, 0x00, 0x05, 0x55, 0x56, 0x95, 0x55, 0x40, 
    0x00, 0x00, 0x00, 0x65, 0x78, 0x55, 0xa8, 0x00, 0xbb, 0xff, 0xff, 0xff, 0xff, 0xff, 0xfb, 0xfc, 
    0x24, 0xff, 0xff, 0x80, 0x7d, 0xf4, 0x55, 0x45, 0x45, 0x6e, 0x54, 0x06, 0xbf, 0xff, 0xfb, 0xff, 
    0xff, 0xe6, 0xaa, 0xaa, 0xa9, 0x90, 0x06, 0x95, 0x55, 0x42, 0xa9, 0xaa, 0xa5, 0x55, 0x5a, 0x6a, 
    0xfb, 0xd4, 0x00, 0x01, 0xaf, 0xbf, 0xfa, 0x91, 0xab, 0xdb, 0xff, 0xe8, 0x7f, 0xff, 0xe5, 0xff, 
    0xfe, 0x40, 0x00, 0x00, 0x00, 0xbf, 0x90, 0x11, 0x3f, 0xf4, 0x6f, 0xff, 0xff, 0xfe, 0x00, 0x00, 
    0xe4, 0x00, 0x00, 0x5c, 0x00, 0x00, 0x00, 0x01, 0x55, 0x01, 0x04, 0x00, 0x00, 0x00, 0x00, 0x00, 
    0x00, 0x0a, 0x4a, 0xaa, 0x6a, 0xaa, 0xaa, 0xaa, 0xbf, 0xbf, 0xa5, 0x5a, 0xa4, 0x00, 0x00, 0x00, 
    0x01, 0x55, 0x00, 0x15, 0x54, 0x55, 0x41, 0x55, 0x51, 0x51, 0xff, 0xff, 0xaf, 0xc0, 0x00, 0x14, 
    0x00, 0x00, 0x1f, 0xff, 0xfa, 0xaa, 0xa9, 0x1a, 0xa5, 0xa4, 0x00, 0x04, 0x50, 0x12, 0xff, 0xff, 
    0xfa, 0xbf, 0xff, 0xf5, 0xff, 0xfb, 0xff, 0xff, 0xff, 0x97, 0xfe, 0xfe, 0xaf, 0xff, 0xff, 0xff, 
    0xff, 0xff, 0xff, 0xfe, 0xff, 0x7f, 0xfe, 0xff, 0xfd, 0x5f, 0x88, 0x15, 0x55, 0x55, 0x55, 0x56, 
    0xbf, 0xff, 0xff, 0xff, 0xff, 0xee, 0xff, 0xff, 0x45, 0x14, 0x15, 0x55, 0x50, 0x20, 0x00, 0x00, 
    0x00, 0x00, 0x00, 0x55, 0x55, 0xb5, 0x55, 0x45, 0x00, 0x00, 0x00, 0x29, 0x5a, 0xaf, 0x9a, 0x14, 
    0x6e, 0xff, 0xff, 0xff, 0xff, 0xff, 0xfb, 0xfd, 0x04, 0x7f, 0xff, 0x00, 0x2c, 0xf4, 0x55, 0x45, 
    0x41, 0x6f, 0x9f, 0x86, 0x7f, 0xff, 0xfb, 0xff, 0xff, 0xf1, 0xaa, 0xaa, 0xa4, 0x60, 0x0a, 0xa1, 
    0xba, 0x95, 0x55, 0x55, 0xaa, 0xaa, 0x00, 0x1a, 0xff, 0xd0, 0x00, 0x1f, 0xd1, 0xff, 0x95, 0x4a, 
    0x6e, 0xbf, 0xff, 0xe2, 0xff, 0xff, 0xfb, 0xff, 0xff, 0x02, 0x6f, 0xb9, 0x00, 0x14, 0x01, 0x5b, 
    0x7f, 0xd4, 0xbf, 0xff, 0xff, 0xff, 0xd0, 0x03, 0xd4, 0x00, 0x01, 0x9c, 0x00, 0x00, 0x00, 0x01, 
    0x55, 0x01, 0x00, 0x00, 0x00, 0x00, 0x00, 0x00, 0x00, 0x11, 0x96, 0xaa, 0x6a, 0xaa, 0xaa, 0xab, 
    0xaa, 0xaf, 0xff, 0x9b, 0xf4, 0x00, 0x00, 0x00, 0x01, 0x55, 0x40, 0x00, 0x51, 0x55, 0x46, 0xa5, 
    0x45, 0x61, 0xff, 0xff, 0xff, 0xe0, 0x10, 0x00, 0x00, 0x00, 0x06, 0xfe, 0xaa, 0x6a, 0x97, 0x5a, 
    0xaa, 0x69, 0x00, 0x01, 0x40, 0x12, 0xff, 0xff, 0xbb, 0xfb, 0xff, 0xfc, 0xff, 0xf9, 0xff, 0xff, 
    0xff, 0xc3, 0xfe, 0xff, 0x6f, 0xff, 0xff, 0xff, 0xff, 0xff, 0xff, 0xfe, 0xfe, 0xe7, 0xfe, 0xbf, 
    0xfc, 0x0f, 0xbd, 0x05, 0x54, 0x55, 0x55, 0x55, 0x47, 0xff, 0xff, 0xff, 0xff, 0xbf, 0xf9, 0xaf, 
    0xd1, 0x54, 0x05, 0x51, 0x00, 0x00, 0x00, 0x00, 0x00, 0x00, 0x00, 0x05, 0x15, 0x5e, 0x55, 0x55, 
    0x00, 0x00, 0x00, 0x5a, 0x57, 0xff, 0xf5, 0x10, 0x3e, 0xff, 0xff, 0xff, 0xff, 0xff, 0xff, 0xff, 
    0x00, 0x3f, 0xbe, 0xb4, 0x0d, 0xb6, 0x55, 0x05, 0x55, 0x56, 0x8b, 0xd1, 0x7f, 0xff, 0xfb, 0xff, 
    0xff, 0xf5, 0xaa, 0xaa, 0xaa, 0x40, 0x1a, 0x84, 0x55, 0x55, 0x55, 0x55, 0x96, 0xa9, 0x04, 0x06, 
    0xaf, 0xc0, 0x01, 0xbf, 0xe2, 0xaa, 0x90, 0xa9, 0x4b, 0xfe, 0xaa, 0x57, 0xff, 0xff, 0xff, 0xff, 
    0xad, 0x2f, 0xff, 0xef, 0xe4, 0xb8, 0xbf, 0xff, 0x7f, 0x86, 0xff, 0xff, 0xbf, 0xff, 0xe7, 0x0f, 
    0xd0, 0x00, 0x03, 0x8c, 0x00, 0x00, 0x00, 0x01, 0x55, 0x00, 0x00, 0x00, 0x40, 0x00, 0x00, 0x00, 
    0x00, 0x64, 0x11, 0xaa, 0x6a, 0xaa, 0xaa, 0xaa, 0xaa, 0xaa, 0xff, 0xe6, 0xf4, 0x00, 0x14, 0x00, 
    0x00, 0x55, 0x10, 0x00, 0x11, 0x55, 0x1a, 0xa4, 0x05, 0xa1, 0xff, 0xff, 0xff, 0xa8, 0x00, 0x00, 
    0x00, 0x00, 0x14, 0x7e, 0xaa, 0xa9, 0x6f, 0xd6, 0xaa, 0x5a, 0x40, 0x01, 0x54, 0x02, 0xff, 0xff, 
    0xef, 0xef, 0x8a, 0xfe, 0xbf, 0xfd, 0xff, 0xff, 0xff, 0xe1, 0xff, 0xbf, 0xab, 0xff, 0xff, 0xff, 
    0xff, 0xff, 0xff, 0xfe, 0xfb, 0xfb, 0xff, 0xff, 0xfe, 0x5a, 0xa5, 0x01, 0x54, 0x55, 0x55, 0x55, 
    0x54, 0x6b, 0xff, 0xff, 0xfe, 0xbf, 0xfb, 0xff, 0xf8, 0x14, 0x05, 0x54, 0x00, 0x00, 0x40, 0x00, 
    0x00, 0x00, 0x00, 0x01, 0x15, 0x56, 0xd5, 0x55, 0x50, 0x00, 0x00, 0x06, 0x54, 0xbf, 0xff, 0xe5, 
    0x6f, 0xf7, 0xff, 0xff, 0xff, 0xff, 0xff, 0xff, 0x80, 0x49, 0x14, 0xbc, 0x06, 0xf5, 0x55, 0x05, 
    0x55, 0x55, 0x56, 0xd1, 0xbf, 0xfb, 0xff, 0xff, 0xff, 0xfc, 0x6a, 0xaa, 0xaa, 0x81, 0x5a, 0x90, 
    0x55, 0x55, 0x54, 0x15, 0xaa, 0xaa, 0xa0, 0x00, 0x69, 0xf0, 0x6a, 0xa4, 0x43, 0xff, 0xaa, 0x5f, 
    0x41, 0xe6, 0xef, 0xdb, 0xfe, 0xff, 0xff, 0xff, 0x41, 0xfe, 0xbf, 0xff, 0x1a, 0xb4, 0x6f, 0xf9, 
    0x3f, 0x9f, 0xff, 0xff, 0x4b, 0xff, 0xc9, 0x2f, 0xc0, 0x00, 0x0b, 0x8c, 0x00, 0x00, 0x00, 0x00, 
    0x14, 0x05, 0x00, 0x00, 0x40, 0x00, 0x00, 0x00, 0x00, 0xaa, 0x00, 0xa5, 0x2a, 0xaa, 0xaa, 0xaa, 
    0xff, 0xea, 0xbf, 0xfe, 0x54, 0x00, 0x10, 0x00, 0x00, 0x15, 0x14, 0x10, 0x00, 0x54, 0x5a, 0x90, 
    0x16, 0x91, 0xfe, 0xff, 0xff, 0xaa, 0x40, 0x00, 0x00, 0x00, 0x00, 0x1e, 0xaa, 0x9b, 0xff, 0xf5, 
    0xaa, 0x95, 0xa0, 0x00, 0x11, 0x42, 0xff, 0xff, 0xeb, 0x55, 0x9f, 0xff, 0x7f, 0xff, 0x7f, 0xff, 
    0xff, 0xf5, 0xbf, 0xaf, 0x9a, 0xff, 0xff, 0xff, 0xff, 0xff, 0xff, 0xfe, 0xaf, 0xff, 0xff, 0xf9, 
    0xbe, 0x50, 0x15, 0x40, 0x55, 0x55, 0x55, 0x55, 0x55, 0x54, 0x55, 0x5a, 0xf9, 0xaa, 0x4b, 0xff, 
    0xff, 0x05, 0x41, 0x40, 0x00, 0x00, 0x10, 0x00, 0x00, 0x00, 0x00, 0x01, 0x55, 0x55, 0x79, 0x55, 
    0x50, 0x00, 0x00, 0x15, 0x55, 0x2f, 0xf6, 0x7f, 0xff, 0xfe, 0xbf, 0xff, 0xff, 0xff, 0xff, 0xff, 
    0xe5, 0x80, 0x0c, 0x78, 0x16, 0xf5, 0x55, 0x05, 0x55, 0x55, 0x55, 0xc5, 0x7f, 0xfe, 0xbe, 0xbf, 
    0xff, 0xfd, 0x6a, 0xaa, 0xaa, 0x92, 0x5a, 0x69, 0x55, 0x55, 0x54, 0x2a, 0xab, 0xaa, 0x90, 0x11, 
    0x55, 0x11, 0xaa, 0xad, 0x09, 0x55, 0xb4, 0x14, 0x5a, 0xff, 0xff, 0x8f, 0xff, 0xff, 0xff, 0xff, 
    0xe2, 0xef, 0xff, 0xfd, 0x5f, 0xf8, 0x1f, 0x80, 0x2f, 0xdb, 0xff, 0xff, 0x8b, 0xff, 0x9c, 0x7f, 
    0x80, 0x00, 0x0f, 0x8d, 0x00, 0x00, 0x00, 0x00, 0x14, 0x01, 0x00, 0x00, 0x00, 0x00, 0x00, 0x00, 
    0x00, 0x6a, 0x80, 0x28, 0x2a, 0xa9, 0xaa, 0xaa, 0xea, 0xaa, 0xae, 0xff, 0xf8, 0x00, 0x14, 0x00, 
    0x00, 0x15, 0x54, 0x15, 0x40, 0x55, 0x5a, 0x40, 0x56, 0x80, 0xef, 0xff, 0xff, 0xaa, 0xa4, 0x00, 
    0x00, 0x00, 0x14, 0x01, 0xa4, 0x0f, 0xff, 0xfc, 0x6a, 0xa5, 0x68, 0x00, 0x15, 0x02, 0xff, 0xff, 
    0xd5, 0x6b, 0xff, 0xff, 0xaf, 0xff, 0xbf, 0xff, 0xff, 0xf9, 0x7f, 0xef, 0xd5, 0xff, 0xff, 0xff, 
    0xff, 0xff, 0xff, 0xfd, 0xbf, 0xff, 0xfe, 0x64, 0x55, 0x00, 0x05, 0x42, 0x15, 0x45, 0x54, 0x15, 
    0x40, 0x15, 0x55, 0x00, 0x00, 0x00, 0x1f, 0xff, 0xff, 0x00, 0x55, 0x00, 0x00, 0x01, 0x9a, 0x00, 
    0x00, 0x00, 0x00, 0x00, 0x11, 0x55, 0x0b, 0x55, 0x54, 0x00, 0x00, 0x15, 0x55, 0x57, 0xf4, 0x6f, 
    0xff, 0xff, 0x5f, 0xff, 0xff, 0xff, 0xff, 0xff, 0xf2, 0xe0, 0x03, 0x3e, 0x50, 0xf5, 0x55, 0x15, 
    0x55, 0x55, 0x55, 0x05, 0x6f, 0xff, 0xad, 0x6f, 0xff, 0xfe, 0x6a, 0xaa, 0xa6, 0x91, 0x1a, 0x69, 
    0x55, 0x55, 0x56, 0x95, 0x5a, 0xaa, 0x80, 0x01, 0x50, 0x02, 0xaa, 0xa9, 0x18, 0x1b, 0xf5, 0x02, 
    0xea, 0xff, 0x99, 0x2f, 0xff, 0xff, 0xff, 0xfa, 0xf0, 0xbf, 0xff, 0xa5, 0xff, 0xfb, 0xa5, 0x80, 
    0x3f, 0xff, 0xff, 0xff, 0xfa, 0xbf, 0x64, 0xff, 0x80, 0x00, 0x1f, 0xcd, 0x00, 0x00, 0x00, 0x00, 
    0x14, 0x00, 0x00, 0x00, 0x00, 0x00, 0x00, 0x00, 0x00, 0x2a, 0xa4, 0x18, 0x2a, 0xaa, 0x6a, 0xaa, 
    0xaa, 0xaa, 0xaa, 0xbf, 0xfd, 0x00, 0x04, 0x00, 0x00, 0x15, 0x50, 0x15, 0x51, 0x40, 0x14, 0x00, 
    0x9a, 0x80, 0x6f, 0xff, 0xfe, 0xaa, 0xaa, 0x95, 0x90, 0x00, 0x04, 0x40, 0x00, 0x1f, 0xff, 0xff, 
    0x2a, 0xa5, 0x5a, 0x40, 0x04, 0x41, 0xff, 0xea, 0xaf, 0xff, 0xff, 0xff, 0xdb, 0xff, 0xdf, 0xff, 
    0xff, 0xfd, 0x6f, 0xfb, 0xe2, 0x7f, 0xff, 0xff, 0xff, 0xff, 0xff, 0xf5, 0xff, 0xfa, 0x95, 0x55, 
    0x45, 0x55, 0x05, 0x52, 0xdf, 0x81, 0x55, 0x55, 0x00, 0x55, 0x00, 0x01, 0x54, 0x00, 0x7f, 0xff, 
    0xff, 0xd0, 0x00, 0x00, 0x00, 0x01, 0x54, 0x00, 0x00, 0x00, 0x00, 0x00, 0x05, 0x54, 0x01, 0x91, 
    0x55, 0x40, 0x00, 0x00, 0x15, 0x55, 0xf4, 0xaf, 0xff, 0xff, 0xd3, 0xff, 0xff, 0xff, 0xff, 0xff, 
    0xf5, 0xf0, 0x00, 0x6f, 0x80, 0x79, 0x55, 0x44, 0x55, 0x55, 0x55, 0x05, 0x5b, 0xff, 0xf9, 0x5f, 
    0xff, 0xff, 0x6a, 0xaa, 0xaa, 0x90, 0x1a, 0xa9, 0x55, 0x55, 0x15, 0x55, 0x65, 0xa9, 0x00, 0x00, 
    0x50, 0x0a, 0xaa, 0xa9, 0x16, 0xaf, 0x95, 0x5b, 0xff, 0xff, 0x47, 0x2f, 0xff, 0xff, 0xff, 0xff, 
    0xd1, 0xfe, 0xbb, 0x5b, 0xff, 0xeb, 0xa9, 0x50, 0x3f, 0xbe, 0xff, 0xff, 0xfe, 0xae, 0x12, 0xff, 
    0x40, 0x00, 0x2f, 0xd8, 0x00, 0x00, 0x00, 0x00, 0x14, 0x00, 0x00, 0x00, 0x00, 0x00, 0x00, 0x00, 
    0x00, 0x0a, 0xa9, 0x00, 0xaa, 0xaa, 0x5a, 0xaa, 0xa6, 0xaa, 0xaf, 0xff, 0xfd, 0x00, 0x00, 0x00, 
    0x00, 0x04, 0x00, 0x14, 0x50, 0x51, 0x50, 0x15, 0xaa, 0x89, 0x3f, 0xff, 0xfe, 0xaa, 0xaa, 0xaa, 
    0x80, 0x00, 0x01, 0x00, 0x00, 0x2f, 0xff, 0xff, 0x8a, 0xa9, 0x96, 0x90, 0x05, 0x00, 0x96, 0xbf, 
    0xff, 0xff, 0xfb, 0xff, 0xe6, 0xff, 0xef, 0xff, 0xff, 0xfe, 0x5f, 0xfb, 0xf5, 0x6f, 0xff, 0xff, 
    0xff, 0xff, 0xff, 0xe3, 0xfa, 0x55, 0x55, 0x55, 0x51, 0x55, 0x15, 0x54, 0x05, 0xaf, 0x81, 0x55, 
    0x05, 0x55, 0x00, 0x15, 0x54, 0x02, 0xff, 0xff, 0xff, 0xfd, 0x00, 0x10, 0x00, 0x05, 0x5a, 0x40, 
    0x24, 0x00, 0x00, 0x00, 0x41, 0x44, 0x00, 0x68, 0x15, 0x40, 0x00, 0x01, 0x01, 0x5a, 0x76, 0xef, 
    0xff, 0xff, 0xf4, 0xff, 0xfc, 0xff, 0xff, 0xfe, 0xfd, 0xb4, 0x00, 0x9f, 0x81, 0x3c, 0x55, 0x45, 
    0x15, 0x55, 0x55, 0x45, 0xab, 0xff, 0xfc, 0x0f, 0xff, 0xff, 0x2a, 0xaa, 0xaa, 0x40, 0x1a, 0xaa, 
    0x55, 0x55, 0x55, 0x55, 0x6a, 0xa4, 0x54, 0x00, 0x00, 0x65, 0x56, 0x81, 0x6a, 0xaa, 0xaf, 0xf5, 
    0xff, 0xfe, 0xbe, 0x2b, 0xff, 0xff, 0xef, 0xff, 0x1a, 0xbf, 0xff, 0xab, 0xff, 0xbf, 0xea, 0xa4, 
    0x3f, 0xfe, 0xbe, 0xba, 0xbf, 0xe9, 0x07, 0xff, 0x40, 0x00, 0x6f, 0xd8, 0x00, 0x00, 0x00, 0x00, 
    0x04, 0x00, 0x00, 0x00, 0x00, 0x00, 0x00, 0x00, 0x00, 0x06, 0xaa, 0x80, 0xaa, 0xaa, 0x58, 0xaa, 
    0xa9, 0x6a, 0xaf, 0xff, 0xfd, 0x00, 0x00, 0x00, 0x00, 0x00, 0x14, 0x15, 0x54, 0x15, 0x40, 0x66, 
    0xaa, 0x86, 0x3f, 0xff, 0xfa, 0xaa, 0xaa, 0xa9, 0x00, 0x00, 0x00, 0x00, 0x00, 0x0f, 0xff, 0xff, 
    0xe6, 0xa9, 0x69, 0xa4, 0x00, 0x40, 0xff, 0xff, 0xff, 0xff, 0xff, 0xff, 0xf1, 0xff, 0xf7, 0xff, 
    0xff, 0xff, 0x5b, 0xfe, 0xf8, 0x9f, 0xff, 0xff, 0xff, 0xff, 0xff, 0xc2, 0x55, 0x55, 0x55, 0x55, 
    0x40, 0x55, 0x55, 0x42, 0xff, 0xff, 0xf9, 0x00, 0x15, 0x40, 0x00, 0x55, 0x55, 0x0b, 0xff, 0xff, 
    0xff, 0xff, 0xe2, 0xd1, 0x00, 0x00, 0x1a, 0x90, 0x60, 0x00, 0x00, 0x00, 0x00, 0x00, 0x00, 0x17, 
    0x45, 0x50, 0x00, 0x00, 0x01, 0x55, 0xdb, 0xfd, 0x67, 0xff, 0xfe, 0x9f, 0xfd, 0x7f, 0xfe, 0xff, 
    0xff, 0xbc, 0x00, 0x27, 0xc8, 0x1c, 0x55, 0x45, 0x55, 0x55, 0x55, 0x45, 0xaa, 0xff, 0xfa, 0x06, 
    0xff, 0xff, 0x5a, 0xaa, 0xaa, 0x40, 0x16, 0xaa, 0x55, 0x55, 0x55, 0x55, 0x56, 0x41, 0x55, 0x00, 
    0x04, 0x55, 0x40, 0x1a, 0xaa, 0xaa, 0xaa, 0xaf, 0xff, 0xfe, 0xd6, 0x2f, 0xff, 0xff, 0xff, 0xff, 
    0x7b, 0xff, 0xfd, 0x7f, 0xff, 0xab, 0xea, 0xb8, 0x2a, 0xf9, 0xaa, 0xaa, 0xfb, 0xe8, 0x0e, 0xaa, 
    0x00, 0x00, 0xba, 0xa4, 0x40, 0x00, 0x00, 0x00, 0x00, 0x00, 0x00, 0x00, 0x00, 0x00, 0x00, 0x00, 
    0x00, 0x02, 0xaa, 0xa4, 0x6a, 0xa9, 0x2a, 0x29, 0xaa, 0x5a, 0xbf, 0xfe, 0xf9, 0x09, 0x00, 0x00, 
    0x02, 0x00, 0x50, 0x10, 0x14, 0x65, 0x51, 0xa6, 0xa6, 0x03, 0x7f, 0xff, 0xe5, 0xaa, 0xaa, 0x40, 
    0x00, 0x04, 0x00, 0x00, 0x00, 0x0b, 0xff, 0xff, 0xf9, 0xaa, 0x6a, 0xaa, 0x01, 0x00, 0xbf, 0xff, 
    0xff, 0xff, 0xff, 0xff, 0xf9, 0xbf, 0xfa, 0xff, 0xff, 0xff, 0xc7, 0xff, 0xfe, 0x5b, 0xff, 0xff, 
    0xff, 0xff, 0xff, 0xd0, 0x15, 0x55, 0x55, 0x55, 0x05, 0x15, 0x15, 0x1f, 0xff, 0xff, 0xff, 0xff, 
    0x90, 0x01, 0x00, 0x55, 0x40, 0x6a, 0xef, 0xff, 0xff, 0xff, 0xff, 0xf4, 0x54, 0x01, 0x45, 0x5a, 
    0x80, 0x00, 0x00, 0x00, 0x00, 0x00, 0x00, 0x05, 0xa1, 0x50, 0x40, 0x00, 0x01, 0xe6, 0xa5, 0xfc, 
    0x6f, 0xff, 0xff, 0xf7, 0xff, 0xbd, 0xbf, 0xff, 0xff, 0xfe, 0x10, 0x0b, 0xdb, 0x2d, 0x50, 0x05, 
    0x51, 0x55, 0x41, 0x46, 0xaa, 0xbf, 0xfd, 0x40, 0x7f, 0xff, 0x9a, 0xaa, 0xa5, 0x40, 0x12, 0xaa, 
    0x00, 0x05, 0x55, 0x55, 0x65, 0x00, 0x05, 0x40, 0x54, 0x10, 0x00, 0x2a, 0xaa, 0xaa, 0xaa, 0xff, 
    0xff, 0xff, 0xd1, 0x57, 0xff, 0xff, 0xff, 0xbc, 0x2b, 0xff, 0xe9, 0xff, 0xfb, 0xbf, 0xfa, 0xfe, 
    0x15, 0x9b, 0xea, 0xaa, 0xaa, 0xa8, 0x2e, 0x6a, 0x00, 0x01, 0xba, 0xa0, 0x80, 0x00, 0x00, 0x00, 
    0x00, 0x00, 0x00, 0x00, 0x00, 0x00, 0x00, 0x02, 0x00, 0x02, 0xa6, 0xaa, 0x40, 0x00, 0x6a, 0x69, 
    0xaa, 0xa6, 0xff, 0xff, 0xa4, 0x1b, 0x00, 0x11, 0x01, 0x00, 0x00, 0x00, 0x00, 0x65, 0x52, 0xa6, 
    0xa5, 0x03, 0x7f, 0xfb, 0xfa, 0x5a, 0xa4, 0x00, 0x00, 0x2f, 0x00, 0x00, 0x00, 0x47, 0xff, 0xff, 
    0xfd, 0x6a, 0x6a, 0xaa, 0x80, 0x00, 0x7f, 0xff, 0xff, 0xff, 0xff, 0xff, 0xfc, 0x6f, 0xfd, 0xff, 
    0xff, 0xff, 0xd6, 0xff, 0xbf, 0x67, 0xff, 0xfd, 0xbf, 0xff, 0xff, 0xfe, 0x41, 0x55, 0x55, 0x54, 
    0x05, 0x00, 0x00, 0xbf, 0xff, 0xff, 0xff, 0xff, 0xfe, 0x00, 0x00, 0x00, 0x2f, 0x5a, 0xef, 0xff, 
    0xff, 0xff, 0xff, 0xfe, 0x15, 0x41, 0x55, 0x06, 0xa9, 0x00, 0x00, 0x00, 0x00, 0x00, 0x00, 0x01, 
    0x59, 0x54, 0x51, 0x00, 0x00, 0x51, 0xee, 0x7e, 0xff, 0xfd, 0xbf, 0xa5, 0xbf, 0xff, 0xaf, 0xff, 
    0xff, 0xff, 0xa4, 0x7f, 0xf7, 0xfe, 0x50, 0x95, 0x55, 0x15, 0x45, 0x4a, 0xaa, 0xaf, 0xfe, 0x40, 
    0x6f, 0xff, 0xda, 0xaa, 0xa5, 0x40, 0x16, 0xaa, 0x00, 0x00, 0x15, 0x55, 0x54, 0x15, 0x00, 0x00, 
    0x50, 0x00, 0x15, 0x6a, 0xaa, 0xaa, 0xaf, 0xff, 0xff, 0xbf, 0xfd, 0xbb, 0xff, 0xff, 0xea, 0xf9, 
    0x1b, 0xfe, 0xab, 0xef, 0xff, 0xff, 0xfe, 0xff, 0x46, 0xeb, 0xea, 0xaa, 0xaa, 0xb4, 0x3e, 0x6a, 
    0x00, 0x02, 0xfa, 0xa5, 0x40, 0x00, 0x00, 0x00, 0x00, 0x00, 0x00, 0x01, 0x00, 0x00, 0x00, 0x03, 
    0x00, 0x00, 0xa6, 0xaa, 0xa4, 0x01, 0xaa, 0x58, 0x9a, 0xa9, 0xbf, 0xff, 0xd0, 0x1f, 0x80, 0x54, 
    0x41, 0x44, 0x00, 0x00, 0x00, 0x95, 0x46, 0xa6, 0x98, 0x02, 0x7f, 0xff, 0xff, 0xa6, 0x50, 0x14, 
    0x00, 0x1f, 0x40, 0x00, 0x00, 0x03, 0xff, 0xff, 0xff, 0x5a, 0x9a, 0xa5, 0xa4, 0x00, 0x3f, 0xff, 
    0xff, 0xff, 0xff, 0xff, 0xfe, 0x5f, 0xfe, 0xbf, 0xff, 0xff, 0xf1, 0xff, 0xff, 0x86, 0xff, 0xff, 
    0xbf, 0xff, 0xff, 0xff, 0xf4, 0x14, 0x55, 0x41, 0x55, 0x00, 0x00, 0x7f, 0xff, 0xff, 0xff, 0xff, 
    0xff, 0xf9, 0x54, 0x0b, 0xfe, 0xff, 0x96, 0xab, 0xff, 0xff, 0xfb, 0xff, 0x85, 0x51, 0x55, 0x40, 
    0x6a, 0x94, 0x00, 0x00, 0x00, 0x00, 0x00, 0x00, 0x56, 0x94, 0x11, 0x40, 0x00, 0x00, 0x7f, 0x87, 
    0xff, 0xff, 0x47, 0xff, 0x9f, 0xff, 0xf7, 0xff, 0xff, 0xff, 0xed, 0xbf, 0xfa, 0xff, 0x54, 0xd5, 
    0x55, 0x15, 0x55, 0x4a, 0xa6, 0xaf, 0xff, 0x40, 0xeb, 0xff, 0xea, 0xaa, 0xa5, 0x45, 0x16, 0xaa, 
    0x54, 0x54, 0x05, 0x55, 0x55, 0x15, 0x00, 0x00, 0x00, 0x11, 0xa6, 0x82, 0xaa, 0xab, 0xef, 0xff, 
    0xff, 0xff, 0xfb, 0xab, 0xff, 0xfe, 0xa1, 0x65, 0xef, 0xff, 0xaf, 0xbb, 0xaf, 0xbf, 0xff, 0xaa, 
    0x4b, 0xf6, 0xea, 0xaa, 0xab, 0xe0, 0xbe, 0xaa, 0x00, 0x02, 0xee, 0xa6, 0x00, 0x00, 0x00, 0x00, 
    0x00, 0x00, 0x00, 0x01, 0x00, 0x00, 0x00, 0x03, 0x00, 0x00, 0xa6, 0xaa, 0xaa, 0xa9, 0x6a, 0x84, 
    0xa6, 0xaa, 0x5b, 0xaa, 0x00, 0x9b, 0xd0, 0x40, 0x45, 0x40, 0x40, 0x00, 0x00, 0x55, 0x56, 0xa6, 
    0x65, 0x00, 0x9f, 0xff, 0xaa, 0xaa, 0x90, 0xa8, 0x40, 0x0b, 0x80, 0x00, 0x00, 0x03, 0xff, 0xff, 
    0xff, 0xe6, 0x9a, 0xa9, 0x6a, 0x00, 0x3f, 0xff, 0xff, 0xff, 0x7f, 0xff, 0xff, 0x6b, 0xff, 0x7f, 
    0xff, 0xff, 0xf9, 0x7f, 0xef, 0xd5, 0xff, 0xff, 0xe1, 0xbf, 0xff, 0xff, 0xff, 0x90, 0x15, 0x45, 
    0x55, 0x00, 0x00, 0x7f, 0xff, 0xff, 0xff, 0xff, 0xff, 0xff, 0xff, 0xff, 0xfe, 0xff, 0xf5, 0xbf, 
    0xeb, 0xff, 0xfb, 0xff, 0xf4, 0x55, 0x55, 0x80, 0x0a, 0x56, 0x44, 0x00, 0x00, 0x00, 0x00, 0x00, 
    0x05, 0x74, 0x14, 0x54, 0x00, 0x04, 0x07, 0xf5, 0xff, 0xfe, 0x00, 0xff, 0xff, 0xff, 0xfd, 0xbf, 
    0xff, 0xff, 0xfb, 0xff, 0xff, 0xff, 0x19, 0x85, 0x54, 0x15, 0x50, 0x4a, 0x99, 0x57, 0xff, 0x5a, 
    0xf9, 0xff, 0xfa, 0xaa, 0xaa, 0x45, 0x16, 0xaa, 0x55, 0x10, 0x00, 0x15, 0x55, 0x14, 0x00, 0x00, 
    0x01, 0x42, 0x96, 0x81, 0xaa, 0xaa, 0xaf, 0xff, 0xfb, 0xe7, 0xff, 0xeb, 0xff, 0xaa, 0xa9, 0x21, 
    0x6f, 0xff, 0xff, 0xfa, 0xef, 0xff, 0xfe, 0xaa, 0x8b, 0xfa, 0xaa, 0xaa, 0xee, 0xa1, 0xea, 0xaa, 
    0x00, 0x02, 0xaa, 0xa6, 0x00, 0x00, 0x00, 0x00, 0x00, 0x00, 0x00, 0x01, 0x00, 0x00, 0x00, 0x07, 
    0x50, 0x00, 0x26, 0xaa, 0xaa, 0xaa, 0x86, 0x81, 0xaa, 0xab, 0xe4, 0x00, 0x07, 0xf7, 0xf0, 0x10, 
    0x05, 0x40, 0x00, 0x00, 0x00, 0x55, 0x15, 0xa6, 0x90, 0x00, 0x8b, 0xfa, 0xab, 0xaa, 0x86, 0xa0, 
    0x40, 0x03, 0xc0, 0x00, 0x05, 0x03, 0xff, 0xff, 0xff, 0xf2, 0xa6, 0xaa, 0x96, 0x80, 0x2f, 0xff, 
    0xff, 0xff, 0x3f, 0x6f, 0xff, 0xda, 0xff, 0x6f, 0xff, 0xff, 0xfd, 0x6f, 0xff, 0xb6, 0x7f, 0xff, 
    0xf4, 0x1f, 0xff, 0xff, 0xff, 0xfe, 0x55, 0x40, 0x54, 0x00, 0x02, 0xff, 0xff, 0xff, 0xff, 0xff, 
    0xff, 0xff, 0xff, 0xff, 0xff, 0xff, 0xfe, 0x55, 0x6e, 0xeb, 0xfb, 0xbf, 0xfe, 0x15, 0x5a, 0x40, 
    0x06, 0x40, 0x00, 0x00, 0x00, 0x00, 0x00, 0x00, 0x00, 0x5b, 0x45, 0x55, 0x00, 0x05, 0x07, 0xfe, 
    0x7f, 0xff, 0x00, 0xbf, 0xff, 0xff, 0xff, 0x5f, 0xff, 0xff, 0xfe, 0xff, 0xff, 0xff, 0x9e, 0x45, 
    0x54, 0x11, 0x50, 0x4a, 0x49, 0x55, 0xff, 0x5b, 0xfd, 0x7f, 0xfa, 0xaa, 0x9a, 0x45, 0x16, 0xa9, 
    0x55, 0x05, 0x55, 0x00, 0x50, 0x00, 0x00, 0x00, 0x15, 0x46, 0xff, 0xf9, 0x40, 0x7f, 0xff, 0xff, 
    0xee, 0xa7, 0xe6, 0xea, 0xfa, 0xaa, 0xbb, 0xf9, 0x6a, 0xaa, 0xef, 0xaa, 0xaa, 0xff, 0xfa, 0xab, 
    0x8b, 0xf9, 0xaa, 0xab, 0xaa, 0x91, 0xaa, 0xaa, 0x00, 0x06, 0xaa, 0x99, 0x00, 0x00, 0x00, 0x00, 
    0x00, 0x00, 0x00, 0x00, 0x00, 0x00, 0x00, 0x07, 0x60, 0x00, 0x16, 0xaa, 0xaa, 0xaa, 0xa4, 0x01, 
    0xaa, 0xab, 0xe9, 0x00, 0x1f, 0xf6, 0xfc, 0x00, 0x15, 0x40, 0x01, 0x40, 0x00, 0x00, 0x02, 0x95, 
    0x00, 0x04, 0x12, 0xea, 0xaa, 0xaa, 0xaa, 0xa0, 0x10, 0x01, 0x90, 0x00, 0x0e, 0x07, 0xff, 0xff, 
    0xff, 0xf4, 0xa6, 0xaa, 0xa5, 0xa4, 0x0f, 0xff, 0xff, 0xfe, 0xbf, 0xff, 0xff, 0xed, 0xbf, 0x8f, 
    0xff, 0xff, 0xff, 0x5f, 0xfb, 0xfd, 0x7d, 0xbf, 0xf4, 0x07, 0xff, 0xff, 0xff, 0xff, 0xff, 0xfe, 
    0x00, 0x00, 0x6f, 0xff, 0xff, 0xff, 0xff, 0xff, 0xff, 0xff, 0xfe, 0x5a, 0xfb, 0xff, 0xff, 0xda, 
    0xaa, 0xfa, 0xfa, 0xff, 0xff, 0xd1, 0x55, 0x50, 0x01, 0x50, 0x00, 0x00, 0x00, 0x00, 0x00, 0x00, 
    0x00, 0x05, 0xe5, 0x55, 0x40, 0x00, 0x41, 0xdb, 0xd7, 0xff, 0x40, 0xff, 0xff, 0xff, 0xff, 0xc2, 
    0xff, 0xff, 0xff, 0x7f, 0xff, 0xff, 0xc9, 0x05, 0x55, 0x51, 0x50, 0x0a, 0x59, 0x55, 0xbf, 0x57, 
    0xbf, 0x6f, 0xf9, 0xaa, 0xaa, 0x05, 0x59, 0xaa, 0x55, 0x55, 0x54, 0x00, 0x15, 0x00, 0x05, 0x01, 
    0x55, 0x46, 0x7f, 0xfd, 0x55, 0xaf, 0xff, 0xaa, 0xfe, 0xbb, 0xbb, 0xaa, 0xe6, 0xaa, 0xef, 0xfa, 
    0xaa, 0xab, 0xfa, 0xaa, 0xae, 0xfa, 0xaa, 0xab, 0xd7, 0xf9, 0xaa, 0xaa, 0xba, 0x82, 0xaa, 0xaa, 
    0x00, 0x0a, 0xaa, 0x8f, 0x00, 0x00, 0x00, 0x00, 0x00, 0x00, 0x00, 0x00, 0x00, 0x00, 0x00, 0x07, 
    0x64, 0x00, 0x06, 0xaa, 0xaa, 0xaa, 0xaa, 0x42, 0xa6, 0xff, 0xfa, 0xa0, 0xbf, 0xfd, 0xbf, 0x00, 
    0x55, 0x40, 0x05, 0x50, 0x00, 0x05, 0x5a, 0x91, 0x00, 0x10, 0x10, 0xaa, 0xaa, 0xaa, 0xa6, 0x90, 
    0x04, 0x10, 0x00, 0x00, 0x2d, 0x0b, 0xff, 0xff, 0xff, 0xf8, 0x69, 0x6a, 0xaa, 0xa5, 0x0f, 0xff, 
    0xff, 0xfe, 0xff, 0xfe, 0x82, 0xfb, 0x3f, 0xdb, 0xff, 0xff, 0xff, 0xab, 0xff, 0xfe, 0x8f, 0xfe, 
    0x55, 0x41, 0xff, 0xff, 0xff, 0xff, 0xff, 0xff, 0xef, 0xff, 0xff, 0xff, 0xff, 0xff, 0xff, 0xff, 
    0xff, 0xff, 0xff, 0xea, 0x77, 0xff, 0xff, 0x9a, 0xab, 0xff, 0xfa, 0xff, 0xff, 0xf8, 0x15, 0x55, 
    0x55, 0x55, 0x55, 0x00, 0x00, 0x00, 0x00, 0x00, 0x00, 0x00, 0x6d, 0x55, 0x50, 0x00, 0x00, 0x70, 
    0x69, 0x7f, 0x41, 0xff, 0xff, 0xff, 0xe3, 0xf0, 0x0b, 0xff, 0xff, 0xef, 0xfe, 0x7f, 0xd0, 0x04, 
    0x15, 0x55, 0x14, 0x0a, 0x59, 0x55, 0x6f, 0x51, 0xab, 0xd7, 0xfd, 0xa9, 0xa9, 0x04, 0x5a, 0x9a, 
    0x55, 0x55, 0x50, 0x00, 0x00, 0x00, 0x04, 0x15, 0x55, 0x1a, 0x6a, 0xa1, 0xaa, 0xaa, 0xea, 0xaa, 
    0xbe, 0xbf, 0xfa, 0xe2, 0x56, 0xaa, 0xaf, 0xfa, 0x6a, 0xaf, 0xea, 0xab, 0xae, 0xaa, 0x69, 0x5a, 
    0xe7, 0xbe, 0xaa, 0xaa, 0xa9, 0x42, 0xaa, 0xaa, 0x00, 0x0a, 0xaa, 0x6e, 0x00, 0x00, 0x00, 0x00, 
    0x00, 0x00, 0x00, 0x00, 0x00, 0x00, 0x00, 0x07, 0x69, 0x00, 0x01, 0xaa, 0xaa, 0xaa, 0xaa, 0x41, 
    0x9b, 0xff, 0xfe, 0x07, 0xff, 0xfb, 0x5b, 0xe0, 0x01, 0x00, 0x15, 0x55, 0x00, 0x05, 0x6a, 0x54, 
    0x00, 0x10, 0x00, 0x7e, 0xaa, 0xaa, 0x9a, 0x80, 0x04, 0x3c, 0x00, 0x00, 0x29, 0x0f, 0xff, 0xff, 
    0xff, 0xf8, 0x1a, 0xaa, 0xaa, 0xa9, 0x87, 0xff, 0xff, 0xfb, 0xfe, 0x55, 0x00, 0x7b, 0x9f, 0xf7, 
    0xff, 0xff, 0xff, 0xdb, 0xff, 0xff, 0x5b, 0xff, 0x50, 0x10, 0x7f, 0xff, 0xff, 0xff, 0xff, 0xff, 
    0xff, 0xff, 0xff, 0xff, 0xff, 0xef, 0xbf, 0xff, 0xff, 0xff, 0xff, 0xfe, 0xf7, 0xff, 0xfa, 0xe5, 
    0x2f, 0xff, 0xba, 0xff, 0xff, 0xff, 0x81, 0x55, 0x55, 0x55, 0x54, 0x54, 0x00, 0x00, 0x00, 0x00, 
    0x00, 0x00, 0x07, 0x95, 0x54, 0x00, 0x00, 0x1c, 0x02, 0x9b, 0xd0, 0xff, 0xff, 0xff, 0xf9, 0xfd, 
    0x01, 0xfe, 0xff, 0xfb, 0xff, 0x1f, 0x00, 0x05, 0x05, 0x41, 0x55, 0x0a, 0xa6, 0x55, 0x5b, 0x40, 
    0xab, 0xf5, 0xfd, 0xaa, 0xa9, 0x00, 0x5a, 0xa9, 0x55, 0x54, 0x15, 0x00, 0x00, 0x00, 0x54, 0x15, 
    0x54, 0x9a, 0x55, 0x1a, 0xaa, 0xaa, 0xfe, 0xba, 0xff, 0xbf, 0xfe, 0x90, 0xbf, 0xea, 0xbe, 0xae, 
    0x6a, 0xff, 0xea, 0x6a, 0xaa, 0xba, 0x55, 0xbb, 0xd3, 0xfe, 0xaa, 0xa5, 0x56, 0x46, 0xae, 0xaa, 
    0x40, 0x1a, 0xaa, 0x3d, 0x00, 0x00, 0x00, 0x00, 0x00, 0x00, 0x00, 0x00, 0x00, 0x00, 0x00, 0x07, 
    0x6a, 0x00, 0x00, 0xaa, 0xaa, 0xaa, 0xaa, 0x04, 0x9b, 0xff, 0xfc, 0x2a, 0xff, 0xeb, 0xd6, 0xbe, 
    0x40, 0x00, 0x05, 0x50, 0x01, 0x0a, 0x6a, 0x54, 0x00, 0x00, 0x00, 0x2e, 0xea, 0xaa, 0xaa, 0x40, 
    0x1f, 0xfe, 0x00, 0x01, 0xa8, 0x1f, 0xff, 0xff, 0xff, 0xf9, 0x56, 0xa9, 0xaa, 0xaa, 0x65, 0xff, 
    0xff, 0xfe, 0xf4, 0x55, 0x50, 0x09, 0xeb, 0xfa, 0xff, 0xff, 0xff, 0xe6, 0xff, 0xff, 0x97, 0xff, 
    0x40, 0x06, 0xff, 0xff, 0xff, 0xff, 0xff, 0xff, 0xff, 0xff, 0xff, 0xff, 0xff, 0x00, 0x3f, 0xff, 
    0xff, 0xff, 0xff, 0xfe, 0xdb, 0xff, 0x9b, 0xfe, 0x46, 0xbe, 0xff, 0xff, 0xff, 0xff, 0xf4, 0x55, 
    0x55, 0x55, 0x55, 0x05, 0x44, 0x00, 0x00, 0x00, 0x00, 0x00, 0x00, 0xa5, 0x55, 0x40, 0x00, 0x03, 
    0x40, 0xb5, 0xff, 0xff, 0xff, 0xff, 0xfe, 0x3f, 0x80, 0x2f, 0xbf, 0xff, 0xff, 0x42, 0x00, 0x15, 
    0x05, 0x41, 0x51, 0x4b, 0xaa, 0xa6, 0x96, 0x50, 0x5b, 0xfd, 0x7e, 0x6a, 0xa9, 0x00, 0x1a, 0xa6, 
    0x55, 0x05, 0x55, 0x40, 0x00, 0x00, 0x05, 0x05, 0x54, 0x95, 0x54, 0xaa, 0xaa, 0xaa, 0xbf, 0xff, 
    0xff, 0xe7, 0xeb, 0xe5, 0xfe, 0xaa, 0xa9, 0x6e, 0xaa, 0xab, 0xe9, 0xba, 0xaa, 0x95, 0x56, 0xab, 
    0xd2, 0xad, 0x55, 0x55, 0xaa, 0x0a, 0xaa, 0xaa, 0x40, 0x1a, 0xa9, 0xb8, 0x00, 0x00, 0x00, 0x00, 
    0x00, 0x00, 0x00, 0x00, 0x00, 0x00, 0x00, 0x0b, 0x6a, 0x40, 0x00, 0x6a, 0xaa, 0xaa, 0xa9, 0x08, 
    0x6a, 0xbf, 0xf9, 0xbe, 0xbf, 0xef, 0xfa, 0x95, 0x00, 0x04, 0x00, 0x01, 0x00, 0x1a, 0x6a, 0x50, 
    0x00, 0x00, 0x00, 0x0b, 0xaa, 0xaa, 0xaa, 0x04, 0x13, 0xff, 0x50, 0x04, 0xe5, 0xbf, 0xff, 0xff, 
    0xff, 0xf9, 0x92, 0xaa, 0x9a, 0xaa, 0x9a, 0x7f, 0xff, 0xfe, 0xb8, 0x00, 0x1e, 0xbe, 0xbb, 0xfd, 
    0xff, 0xff, 0xff, 0xf5, 0xff, 0xff, 0xe2, 0xff, 0xe1, 0xbf, 0xff, 0xff, 0xff, 0xff, 0xff, 0xff, 
    0xff, 0xff, 0xff, 0xff, 0xd0, 0x00, 0xff, 0xff, 0xff, 0xff, 0xff, 0xfb, 0xeb, 0xfd, 0xbf, 0xff, 
    0xd5, 0xab, 0xbb, 0xff, 0xbf, 0xff, 0xef, 0x41, 0x55, 0x55, 0x04, 0x00, 0x05, 0x00, 0x00, 0x00, 
    0x00, 0x00, 0x00, 0x19, 0x55, 0x50, 0x40, 0x00, 0x90, 0x1f, 0xaf, 0xff, 0xff, 0xff, 0xff, 0xaf, 
    0xe0, 0x07, 0xeb, 0xff, 0xff, 0xc0, 0x00, 0x15, 0x15, 0x05, 0x00, 0x46, 0x9a, 0xaa, 0xa5, 0x40, 
    0x5e, 0xff, 0x5f, 0x6a, 0x69, 0x00, 0x15, 0x5a, 0x15, 0x55, 0x5a, 0x55, 0x40, 0x00, 0x00, 0x01, 
    0x54, 0x55, 0x51, 0xaa, 0xaa, 0xaa, 0xbf, 0xff, 0xeb, 0xd7, 0x96, 0xab, 0xfa, 0xa9, 0x55, 0xaa, 
    0xa9, 0xaa, 0xd1, 0x6a, 0xa5, 0x65, 0x6a, 0xbf, 0xc1, 0x94, 0x15, 0x9a, 0xa9, 0x0a, 0xaa, 0xaa, 
    0x40, 0x1a, 0xa8, 0xa4, 0x00, 0x00, 0x00, 0x00, 0x00, 0x00, 0x00, 0x00, 0x00, 0x00, 0x00, 0x0a, 
    0xaa, 0x80, 0x00, 0x06, 0xaa, 0xaa, 0xa4, 0x14, 0x2a, 0xbf, 0xff, 0xff, 0xff, 0xbf, 0xfb, 0xfa, 
    0xa9, 0x60, 0x00, 0x00, 0x00, 0x29, 0x6a, 0x50, 0x00, 0x00, 0x00, 0x19, 0x9a, 0xab, 0xe5, 0x45, 
    0x00, 0xfe, 0x55, 0x51, 0x4b, 0xff, 0xff, 0xff, 0xff, 0xf5, 0xa5, 0xaa, 0x56, 0xaa, 0xa5, 0x8b, 
    0xff, 0xff, 0xfe, 0x00, 0x0f, 0xff, 0xbe, 0xfe, 0xbf, 0xff, 0xff, 0xf9, 0xbf, 0xff, 0xf9, 0xff, 
    0xff, 0xff, 0xff, 0xff, 0xff, 0xff, 0xff, 0xff, 0xff, 0xff, 0xff, 0xff, 0xff, 0xd1, 0xff, 0xff, 
    0xff, 0xfb, 0xff, 0xeb, 0xff, 0xeb, 0xff, 0xff, 0xff, 0xff, 0x9b, 0xff, 0xff, 0xff, 0x6f, 0xf4, 
    0x15, 0x40, 0x01, 0x00, 0x00, 0x10, 0x00, 0x00, 0x00, 0x00, 0x00, 0x00, 0xa5, 0x55, 0x40, 0x00, 
    0x45, 0x47, 0xe1, 0xff, 0xf5, 0x6f, 0xff, 0xff, 0xfe, 0x0f, 0xf5, 0xbf, 0xff, 0xd0, 0x00, 0x55, 
    0x10, 0x05, 0x45, 0x05, 0x5b, 0xaa, 0xa4, 0x00, 0x7f, 0xbf, 0xd6, 0x56, 0x95, 0x04, 0x15, 0xa9, 
    0x55, 0x55, 0x5a, 0x55, 0x40, 0x40, 0x00, 0x01, 0x55, 0x15, 0x06, 0xaa, 0xaa, 0xaa, 0xab, 0x97, 
    0xeb, 0x90, 0x56, 0xab, 0xaa, 0x55, 0xaa, 0x9a, 0x9a, 0xaa, 0x8b, 0xf9, 0x95, 0x55, 0x59, 0xff, 
    0x80, 0x54, 0x5a, 0xea, 0x65, 0x1a, 0xaa, 0xaa, 0x40, 0x2a, 0xa6, 0x00, 0x00, 0x00, 0x00, 0x00, 
    0x00, 0x00, 0x00, 0x00, 0x00, 0x00, 0x00, 0x0d, 0xaa, 0xa0, 0x00, 0x00, 0x2a, 0xaa, 0x80, 0x2a, 
    0x5a, 0xaf, 0xff, 0xff, 0xfe, 0x7f, 0xf5, 0xaa, 0xaa, 0x50, 0x54, 0x00, 0x01, 0x65, 0x6a, 0x40, 
    0x10, 0x80, 0x00, 0x05, 0x02, 0xaa, 0xa9, 0x40, 0x00, 0xba, 0xaa, 0x52, 0xff, 0xff, 0xff, 0xff, 
    0xff, 0xf5, 0xa4, 0x69, 0x9a, 0xaa, 0xa9, 0x65, 0xff, 0xff, 0xff, 0xe5, 0x1f, 0xff, 0xbf, 0xbe, 
    0x3f, 0xff, 0xff, 0xfd, 0xaf, 0xff, 0xfd, 0xbf, 0xff, 0xff, 0xff, 0xff, 0xff, 0xff, 0xff, 0xff, 
    0xff, 0xef, 0xff, 0xff, 0xff, 0xff, 0xff, 0xff, 0xff, 0xff, 0xff, 0xef, 0xfa, 0x7f, 0xff, 0xff, 
    0xff, 0xff, 0xff, 0xff, 0xff, 0xfe, 0x7f, 0xff, 0x41, 0x50, 0x00, 0x05, 0x00, 0x00, 0x01, 0x00, 
    0x00, 0x00, 0x00, 0x00, 0x2d, 0x55, 0x50, 0x00, 0x40, 0xbf, 0xde, 0x1b, 0xd1, 0x90, 0xbf, 0xfd, 
    0x3f, 0xff, 0xfd, 0x1f, 0xff, 0xf0, 0x80, 0xd5, 0x00, 0x05, 0x51, 0x05, 0x56, 0xaa, 0xa8, 0x54, 
    0xaf, 0xef, 0xf4, 0x1a, 0xa5, 0x14, 0x66, 0x65, 0x55, 0x55, 0x55, 0x55, 0x55, 0x59, 0x54, 0x00, 
    0x55, 0x05, 0x56, 0xaa, 0xaa, 0xaa, 0xab, 0x9a, 0xea, 0xa6, 0xaa, 0xa6, 0xa9, 0x6a, 0xaa, 0x9a, 
    0xaa, 0xaa, 0x9f, 0xa6, 0x95, 0x55, 0x5a, 0xfe, 0x00, 0x6a, 0xaa, 0xa5, 0x55, 0x1a, 0xaa, 0xaa, 
    0x40, 0x2a, 0xa6, 0x04, 0x00, 0x00, 0x00, 0x00, 0x00, 0x00, 0x00, 0x00, 0x00, 0x00, 0x00, 0x0d, 
    0xaa, 0xa4, 0x00, 0x29, 0x01, 0x54, 0x01, 0xaa, 0x8a, 0xab, 0xff, 0xff, 0xfd, 0xff, 0xe5, 0xaa, 
    0xaa, 0x6a, 0x94, 0x00, 0x29, 0x69, 0x65, 0x40, 0x50, 0x40, 0x00, 0x00, 0x00, 0x1a, 0xa5, 0x50, 
    0x00, 0x10, 0x00, 0x07, 0xff, 0xff, 0xff, 0xff, 0xff, 0xf5, 0x59, 0x2a, 0x66, 0xaa, 0xaa, 0x59, 
    0x3f, 0xff, 0xff, 0xff, 0xff, 0xff, 0xdf, 0xee, 0x5f, 0xff, 0xff, 0xfe, 0x5f, 0xfb, 0xfe, 0x7f, 
    0xff, 0xff, 0xff, 0xff, 0xff, 0xff, 0xff, 0xff, 0xff, 0xff, 0xff, 0xff, 0xff, 0xff, 0xff, 0xff, 
    0xff, 0xff, 0xff, 0x7f, 0xfa, 0xff, 0xff, 0xff, 0xfd, 0x07, 0xfb, 0xfc, 0x7f, 0xfb, 0xff, 0xff, 
    0xf4, 0x04, 0x00, 0x00, 0x00, 0x00, 0x0a, 0x00, 0x00, 0x00, 0x00, 0x00, 0x16, 0x95, 0x54, 0x00, 
    0x10, 0x06, 0x95, 0x64, 0x00, 0xa4, 0x0b, 0xff, 0xff, 0x9b, 0xff, 0x04, 0xbb, 0xfd, 0xd2, 0xe5, 
    0x41, 0x10, 0x54, 0x05, 0x46, 0xaa, 0x55, 0x55, 0xeb, 0xf7, 0xf8, 0x0a, 0xa8, 0x28, 0x55, 0xa6, 
    0x55, 0x55, 0x55, 0x55, 0x55, 0x55, 0x16, 0x55, 0x40, 0x01, 0x55, 0xaa, 0xaa, 0xaa, 0xa9, 0x6a, 
    0xaa, 0xa6, 0xaa, 0x92, 0x9a, 0xaa, 0xaa, 0xaa, 0xaa, 0x46, 0x6a, 0x95, 0x55, 0x55, 0xaa, 0xaa, 
    0x50, 0x6a, 0x69, 0x95, 0x55, 0x2a, 0xaa, 0xaa, 0x80, 0x2a, 0x94, 0x01, 0x00, 0x00, 0x00, 0x00, 
    0x00, 0x00, 0x00, 0x00, 0x00, 0x00, 0x00, 0x0c, 0xaa, 0xa8, 0x00, 0x1a, 0xa4, 0x01, 0x6a, 0xaa, 
    0xa6, 0xab, 0xff, 0xff, 0xfd, 0xfe, 0x86, 0xaa, 0xaa, 0x5a, 0x90, 0x01, 0xa9, 0xa9, 0xa9, 0x60, 
    0x40, 0x40, 0x00, 0x00, 0x00, 0x00, 0x01, 0x57, 0x80, 0x00, 0x00, 0x0f, 0xff, 0xff, 0xff, 0xff, 
    0xff, 0xf5, 0x55, 0x4a, 0x95, 0xaa, 0xaa, 0x91, 0x4b, 0xff, 0xff, 0xff, 0xff, 0xff, 0xeb, 0xfe, 
    0xef, 0xff, 0xff, 0xff, 0x5b, 0xff, 0xff, 0xbf, 0xff, 0xff, 0xff, 0xff, 0xff, 0xff, 0xff, 0xff, 
    0xff, 0xff, 0xff, 0xff, 0xff, 0xff, 0xff, 0xff, 0xff, 0xff, 0xff, 0x55, 0xae, 0xff, 0xff, 0xff, 
    0xff, 0xd8, 0x05, 0x6d, 0x7f, 0xd1, 0xaf, 0xff, 0xff, 0x80, 0x00, 0x00, 0x00, 0x00, 0x01, 0x80, 
    0x00, 0x00, 0x00, 0x00, 0x55, 0x79, 0x55, 0x10, 0x20, 0x00, 0xa0, 0x06, 0x40, 0x34, 0x10, 0x6f, 
    0xff, 0xe5, 0xff, 0xd0, 0x35, 0xff, 0xf1, 0xe5, 0x45, 0x00, 0x50, 0x05, 0x02, 0xaa, 0x55, 0x55, 
    0xd5, 0xbd, 0xfd, 0x06, 0xa8, 0x69, 0x59, 0xaa, 0x55, 0x55, 0x55, 0x55, 0x55, 0x55, 0x5a, 0xa5, 
    0x65, 0x00, 0x14, 0x6a, 0xaa, 0xaa, 0x95, 0x5a, 0xaa, 0xa6, 0xaa, 0x42, 0x46, 0xaa, 0xaa, 0xaa, 
    0xaa, 0x94, 0x6a, 0x85, 0x5a, 0x56, 0x46, 0xa5, 0x68, 0x1a, 0x99, 0x55, 0x54, 0x2a, 0xaa, 0xaa, 
    0x80, 0x2a, 0x84, 0x00, 0x40, 0x00, 0x00, 0x00, 0x00, 0x00, 0x00, 0x00, 0x00, 0x00, 0x00, 0x19, 
    0xaa, 0xaa, 0x00, 0x0a, 0xaa, 0xaa, 0xaa, 0xaa, 0xa6, 0xa7, 0xbf, 0xff, 0xf9, 0x95, 0x16, 0xaa, 
    0xaa, 0x86, 0x00, 0x16, 0xa9, 0xa5, 0xa9, 0xa1, 0x40, 0x00, 0x00, 0x00, 0x00, 0x00, 0x01, 0x57, 
    0xd8, 0x00, 0x00, 0x1f, 0xff, 0xff, 0xff, 0xff, 0xff, 0xf8, 0x55, 0x06, 0xa5, 0xaa, 0x9a, 0xa4, 
    0x51, 0xff, 0xff, 0xff, 0xff, 0xff, 0xf7, 0xff, 0xf7, 0xff, 0xff, 0xff, 0xd7, 0xff, 0xff, 0xef, 
    0xff, 0xff, 0xff, 0xff, 0xff, 0xff, 0xff, 0xff, 0xff, 0xfe, 0x5f, 0xff, 0xff, 0xff, 0xff, 0xff, 
    0xff, 0xfa, 0xa9, 0x1e, 0x7f, 0xff, 0xff, 0xff, 0xff, 0xbf, 0x95, 0x55, 0x7e, 0x46, 0xaf, 0xff, 
    0xff, 0xa4, 0x00, 0x00, 0x00, 0x00, 0x00, 0x04, 0x00, 0x00, 0x00, 0x00, 0x15, 0x5a, 0x55, 0x54, 
    0x24, 0x00, 0x24, 0x00, 0xb4, 0x14, 0x05, 0x50, 0x15, 0xfe, 0x1e, 0xf0, 0x04, 0x7f, 0xf8, 0x55, 
    0x28, 0x00, 0x10, 0x02, 0x29, 0xaa, 0x69, 0x46, 0x95, 0x6f, 0x7f, 0x52, 0xa9, 0x69, 0x6a, 0xaa, 
    0x55, 0x55, 0x55, 0x55, 0x55, 0x55, 0x56, 0xa9, 0x65, 0x40, 0x00, 0x1a, 0x9a, 0x55, 0x55, 0xab, 
    0xaa, 0xa6, 0xaa, 0x5a, 0x06, 0xaa, 0xaa, 0xaa, 0xaa, 0x40, 0xaa, 0x66, 0xa9, 0x54, 0x69, 0x55, 
    0x98, 0x05, 0x55, 0x55, 0x54, 0x6a, 0xaa, 0xaa, 0x90, 0x2a, 0x40, 0x00, 0x40, 0x00, 0x00, 0x00, 
    0x00, 0x00, 0x00, 0x00, 0x00, 0x00, 0x00, 0x29, 0xaa, 0xaa, 0x40, 0x0a, 0xaa, 0xaa, 0xaa, 0xaa, 
    0xa6, 0xab, 0xef, 0xef, 0xf4, 0x55, 0x15, 0xa9, 0xaa, 0xa0, 0x10, 0x56, 0xa9, 0xa6, 0xa8, 0x81, 
    0x00, 0x00, 0x00, 0x00, 0x00, 0x00, 0x05, 0x56, 0xfd, 0x00, 0x00, 0x3f, 0xff, 0xff, 0xfb, 0xff, 
    0xff, 0xfc, 0x59, 0x42, 0xaa, 0x9a, 0xaa, 0xa8, 0x64, 0x3f, 0xff, 0xff, 0xef, 0xff, 0xf9, 0xff, 
    0xfb, 0xff, 0xff, 0xff, 0xe2, 0xff, 0xff, 0xfb, 0xff, 0xff, 0xff, 0xff, 0xff, 0xff, 0xff, 0xff, 
    0xff, 0xff, 0x42, 0xbf, 0xff, 0xff, 0xff, 0xff, 0xff, 0x95, 0xbe, 0x5d, 0xbf, 0xff, 0xff, 0xff, 
    0xff, 0xff, 0xff, 0x4a, 0x24, 0x41, 0xbf, 0xff, 0xfa, 0x69, 0xa4, 0x00, 0x00, 0x00, 0x00, 0x00, 
    0x04, 0x00, 0x00, 0x00, 0x01, 0x55, 0xa5, 0x55, 0x1c, 0x00, 0x0d, 0x00, 0x2c, 0x04, 0x05, 0x55, 
    0x54, 0x3f, 0xeb, 0xf8, 0x00, 0x0f, 0xcd, 0x05, 0x78, 0x00, 0x44, 0x02, 0x54, 0x6a, 0xaa, 0x44, 
    0x55, 0x5b, 0xdf, 0x51, 0xa8, 0x69, 0x6a, 0xaa, 0x55, 0x55, 0x55, 0x55, 0x55, 0x55, 0x55, 0xaa, 
    0x60, 0x00, 0x00, 0x15, 0x59, 0x56, 0x55, 0xbe, 0xaa, 0xa6, 0xaa, 0x15, 0x06, 0xaa, 0xaa, 0xaa, 
    0xaa, 0x52, 0xda, 0xaa, 0x55, 0x54, 0x05, 0x55, 0x54, 0x05, 0x55, 0x55, 0x54, 0x65, 0x6a, 0xaa, 
    0x90, 0x2a, 0x00, 0x00, 0x00, 0x00, 0x00, 0x00, 0x00, 0x00, 0x00, 0x00, 0x00, 0x00, 0x00, 0x21, 
    0x6a, 0xaa, 0x80, 0x06, 0xaa, 0xaa, 0xaa, 0xaa, 0xa9, 0x97, 0xff, 0xff, 0xf4, 0x14, 0x15, 0x99, 
    0xaa, 0xa9, 0x06, 0x6a, 0xa4, 0xa6, 0xa8, 0x40, 0x00, 0x00, 0x00, 0x00, 0x00, 0x00, 0x00, 0x44, 
    0xff, 0x00, 0x00, 0x7f, 0xff, 0xff, 0xd0, 0xff, 0xff, 0xfd, 0x59, 0x50, 0xaa, 0x96, 0xa5, 0xaa, 
    0x59, 0x1f, 0xff, 0xff, 0xff, 0xff, 0xfd, 0xff, 0xff, 0xff, 0xff, 0xef, 0xf4, 0xff, 0xff, 0xfb, 
    0xff, 0xff, 0xfd, 0xbf, 0x6f, 0xff, 0xff, 0xff, 0xff, 0xff, 0xd0, 0x0b, 0xff, 0xff, 0xff, 0xfe, 
    0x66, 0x9f, 0xab, 0xc6, 0xff, 0xff, 0xff, 0xff, 0xff, 0xff, 0xff, 0xfa, 0x01, 0x5b, 0xff, 0xff, 
    0xe5, 0x96, 0xff, 0x40, 0x00, 0x00, 0x00, 0x15, 0x40, 0x00, 0x00, 0x00, 0x00, 0x55, 0x5d, 0x55, 
    0x6c, 0x00, 0x05, 0x00, 0x00, 0x04, 0x00, 0x55, 0x55, 0x1f, 0xff, 0xfe, 0x01, 0x07, 0xfb, 0x05, 
    0x90, 0x00, 0x11, 0x02, 0x48, 0x2a, 0xaa, 0x45, 0x55, 0x56, 0xf6, 0xc0, 0x65, 0xf8, 0x6a, 0xaa, 
    0x55, 0x55, 0x55, 0x55, 0x55, 0x55, 0x55, 0x2a, 0x00, 0x00, 0x00, 0x15, 0x19, 0x59, 0x65, 0xba, 
    0xaa, 0xa6, 0xaa, 0x51, 0x6a, 0xaa, 0xaa, 0xae, 0xaa, 0x07, 0xff, 0xe5, 0x55, 0x55, 0x44, 0x15, 
    0x54, 0x01, 0x55, 0x55, 0x58, 0x5a, 0x55, 0xaa, 0xa0, 0x29, 0x00, 0x01, 0x00, 0x00, 0x00, 0x00, 
    0x00, 0x00, 0x00, 0x00, 0x00, 0x00, 0x00, 0x12, 0xaa, 0xaa, 0xa0, 0x02, 0xaa, 0xaa, 0xaa, 0xaa, 
    0xa9, 0x93, 0xff, 0xff, 0xfa, 0x40, 0x15, 0x99, 0xaa, 0xaa, 0xaa, 0xaa, 0x95, 0x9a, 0xa8, 0x00, 
    0x00, 0x00, 0x00, 0x00, 0x00, 0x00, 0x05, 0x50, 0x7f, 0x00, 0x00, 0xbf, 0xff, 0xff, 0xf0, 0xff, 
    0xff, 0xf9, 0x59, 0x40, 0x2a, 0xaa, 0xa0, 0xaa, 0x95, 0x0b, 0xff, 0xff, 0xff, 0xff, 0xfe, 0xaf, 
    0xff, 0xff, 0xff, 0xfb, 0xfc, 0xbf, 0xef, 0xfd, 0xff, 0xff, 0xfe, 0xb8, 0x0f, 0xff, 0xff, 0xff, 
    0xff, 0xff, 0xf8, 0x01, 0xff, 0xff, 0xfe, 0x96, 0x6f, 0xc1, 0x00, 0x17, 0xef, 0xea, 0xbf, 0xff, 
    0xff, 0xff, 0xff, 0xfe, 0x02, 0xaf, 0xff, 0xff, 0xf9, 0x1f, 0xff, 0x6d, 0x00, 0x00, 0x00, 0x00, 
    0x15, 0x40, 0x00, 0x00, 0x00, 0x15, 0x56, 0x95, 0x60, 0x00, 0x00, 0x40, 0x10, 0x00, 0x00, 0x15, 
    0x55, 0x4b, 0xd7, 0xfb, 0x40, 0x42, 0xff, 0xc5, 0x50, 0x00, 0x00, 0x02, 0x86, 0x5a, 0xaa, 0x85, 
    0x95, 0x55, 0xbd, 0x90, 0x66, 0xf8, 0x6a, 0xaa, 0x55, 0x55, 0x55, 0x55, 0x55, 0x55, 0x50, 0xb9, 
    0x00, 0x00, 0x00, 0x05, 0x55, 0x69, 0xaa, 0xaf, 0xaa, 0xa9, 0xa9, 0x46, 0xaa, 0xaa, 0xaa, 0xaf, 
    0xa5, 0x97, 0xf9, 0x54, 0x54, 0x55, 0x55, 0x55, 0x64, 0x05, 0x55, 0x55, 0x58, 0x5a, 0xaa, 0xaa, 
    0xa4, 0x18, 0x00, 0x05, 0x00, 0x00, 0x00, 0x00, 0x00, 0x00, 0x00, 0x00, 0x00, 0x00, 0x00, 0x12, 
    0xaa, 0xaa, 0xbc, 0x01, 0xaa, 0xaa, 0xaa, 0xaa, 0xa9, 0x47, 0xbf, 0xff, 0xff, 0xd0, 0x15, 0x55, 
    0x6a, 0xaa, 0xa6, 0xaa, 0x94, 0xaa, 0xa8, 0x00, 0x00, 0x00, 0x00, 0x00, 0x00, 0x00, 0x15, 0x40, 
    0x2d, 0x40, 0x14, 0xff, 0xff, 0xff, 0xfd, 0xff, 0xff, 0xf5, 0x95, 0x40, 0x1a, 0x9a, 0xa5, 0x6a, 
    0xa4, 0x43, 0xff, 0xff, 0xff, 0xff, 0xff, 0x7b, 0xff, 0x7f, 0xff, 0xff, 0xfd, 0x3f, 0xfb, 0xfe, 
    0xbf, 0xff, 0xff, 0xfd, 0x0f, 0xff, 0xff, 0xfe, 0xbf, 0xff, 0xff, 0x41, 0xff, 0xff, 0xe6, 0xff, 
    0xea, 0xf1, 0x01, 0xab, 0xef, 0xe7, 0xff, 0xff, 0xff, 0xff, 0xff, 0xfe, 0x00, 0x05, 0xbf, 0xff, 
    0xe5, 0x6f, 0xfe, 0x6b, 0xf8, 0x00, 0x00, 0x00, 0x05, 0x54, 0x00, 0x00, 0x00, 0x00, 0x55, 0x6e, 
    0x55, 0x14, 0x06, 0x41, 0x96, 0x80, 0x05, 0x51, 0x55, 0x53, 0xf1, 0xef, 0x80, 0x24, 0xff, 0xf5, 
    0x50, 0x00, 0x04, 0x02, 0x86, 0x55, 0x6a, 0x95, 0x99, 0x55, 0x6f, 0x40, 0x16, 0xf0, 0x6a, 0xaa, 
    0x55, 0x55, 0x55, 0x55, 0x55, 0x56, 0x55, 0xbf, 0x55, 0x50, 0x00, 0x00, 0x00, 0x01, 0x6a, 0xae, 
    0xaa, 0xa9, 0xa9, 0x1a, 0xaa, 0xaa, 0xab, 0xae, 0x96, 0xf6, 0x51, 0x54, 0x14, 0x15, 0x55, 0x55, 
    0x55, 0x55, 0x55, 0x6a, 0x58, 0x6a, 0xaa, 0xaa, 0xa8, 0x04, 0x00, 0x04, 0x00, 0x00, 0x00, 0x00, 
    0x00, 0x00, 0x00, 0x00, 0x00, 0x00, 0x00, 0x05, 0xbb, 0xea, 0xf8, 0x00, 0xaa, 0xaa, 0xaa, 0xaa, 
    0xa8, 0x07, 0xff, 0xff, 0xff, 0x80, 0x95, 0x69, 0x9a, 0x96, 0x92, 0xaa, 0x50, 0x5a, 0xa9, 0x00, 
    0x00, 0x00, 0x00, 0x00, 0x00, 0x00, 0x51, 0x40, 0x40, 0x00, 0x00, 0x7f, 0xff, 0xff, 0xff, 0xff, 
    0xff, 0xe5, 0x55, 0x44, 0x16, 0xa6, 0xaa, 0x96, 0xa8, 0x50, 0xff, 0xff, 0xff, 0xff, 0xff, 0xeb, 
    0xff, 0xdf, 0xff, 0xff, 0xff, 0x2f, 0xfb, 0xff, 0x7f, 0xff, 0xff, 0xff, 0xff, 0xff, 0xff, 0xfd, 
    0x00, 0xb4, 0xbf, 0xff, 0xe1, 0x9a, 0xbf, 0xff, 0xff, 0x98, 0x54, 0x0b, 0xff, 0xff, 0xff, 0xff, 
    0xff, 0xff, 0xaf, 0xf4, 0x19, 0x1a, 0xf9, 0xbf, 0x5b, 0xff, 0xfe, 0x2b, 0xff, 0x90, 0x00, 0x00, 
    0x00, 0x55, 0x50, 0x00, 0x00, 0x00, 0x55, 0x57, 0xe1, 0x00, 0x64, 0x00, 0x80, 0x55, 0x50, 0x00, 
    0x05, 0x54, 0xbb, 0xfe, 0x90, 0x06, 0x7f, 0xf5, 0x50, 0x00, 0x00, 0x02, 0x91, 0xa1, 0x6a, 0x91, 
    0x99, 0x55, 0x5b, 0xd1, 0x06, 0xf0, 0xaa, 0xa9, 0x55, 0x55, 0x55, 0x55, 0x55, 0x55, 0x55, 0x5b, 
    0x96, 0x91, 0xa8, 0x05, 0x55, 0x40, 0x15, 0xaa, 0xaa, 0xa9, 0xa8, 0x6a, 0xaa, 0xaa, 0xaa, 0xaa, 
    0x96, 0xe5, 0x51, 0x54, 0x15, 0x55, 0x55, 0x55, 0x55, 0x51, 0x56, 0x5a, 0xa8, 0x6a, 0xaa, 0xaa, 
    0xa8, 0x00, 0x00, 0x00, 0x00, 0x00, 0x00, 0x00, 0x00, 0x00, 0x00, 0x00, 0x00, 0x00, 0x00, 0x06, 
    0xba, 0xaa, 0xfe, 0x00, 0xaa, 0xaa, 0xaa, 0xaa, 0xa8, 0x06, 0xff, 0xff, 0xff, 0x85, 0x44, 0x56, 
    0x56, 0xaa, 0x96, 0xa9, 0x00, 0x6a, 0xa9, 0x00, 0x00, 0x00, 0x00, 0x00, 0x00, 0x00, 0x95, 0x41, 
    0xd0, 0x00, 0x01, 0x2f, 0xff, 0xff, 0xff, 0xff, 0xff, 0xd5, 0x55, 0x40, 0x01, 0xa9, 0xaa, 0xa9, 
    0x6a, 0x90, 0xff, 0xff, 0xff, 0xff, 0xff, 0xee, 0xff, 0xdf, 0xff, 0xff, 0xff, 0x9f, 0xfe, 0xff, 
    0xdf, 0xff, 0xff, 0xff, 0xff, 0xff, 0xff, 0xff, 0x44, 0x7f, 0xff, 0xff, 0xd0, 0x3f, 0xff, 0xff, 
    0xff, 0xfd, 0x00, 0x0a, 0xff, 0xea, 0xff, 0xff, 0xff, 0xfa, 0xe9, 0x56, 0xba, 0xab, 0xe9, 0x64, 
    0x1f, 0xff, 0xeb, 0xfe, 0x7f, 0xfe, 0x00, 0x40, 0x00, 0x15, 0x46, 0x40, 0x00, 0x00, 0x00, 0x54, 
    0x60, 0x02, 0x80, 0x00, 0x00, 0x80, 0x50, 0x00, 0x05, 0x04, 0xbf, 0xff, 0x98, 0x00, 0xaf, 0xf9, 
    0x50, 0x40, 0x00, 0x01, 0x90, 0x94, 0x59, 0x41, 0xa9, 0x55, 0x5b, 0xf4, 0x04, 0x90, 0x6a, 0x95, 
    0x55, 0x55, 0x55, 0x55, 0x55, 0x55, 0x55, 0x5a, 0x5a, 0xa5, 0x58, 0x05, 0x55, 0x00, 0x05, 0xaa, 
    0xaa, 0xaa, 0xa4, 0xaa, 0xaa, 0xaa, 0xaa, 0xa9, 0x56, 0x95, 0x55, 0x55, 0x05, 0x55, 0x55, 0x55, 
    0x55, 0x55, 0x56, 0xa6, 0xa8, 0xaa, 0xaa, 0xaa, 0xa9, 0x00, 0x00, 0x00, 0x00, 0x00, 0x00, 0x00, 
    0x00, 0x00, 0x00, 0x00, 0x00, 0x00, 0x00, 0x0a, 0xab, 0xfa, 0xff, 0x80, 0x6a, 0xaa, 0xaa, 0xaa, 
    0xb4, 0x06, 0xfe, 0xaf, 0xff, 0x15, 0x14, 0x05, 0x55, 0xaa, 0x5a, 0xa4, 0x01, 0x6a, 0xa8, 0x00, 
    0x00, 0x00, 0x00, 0x00, 0x00, 0x01, 0x55, 0x01, 0xf0, 0x00, 0x01, 0x0f, 0xff, 0xff, 0xff, 0xff, 
    0xff, 0xd5, 0x56, 0x40, 0x05, 0xa9, 0xaa, 0xaa, 0xaa, 0x50, 0xbf, 0xff, 0xff, 0xff, 0xff, 0xfb, 
    0xbf, 0xf7, 0xff, 0xff, 0xff, 0x9b, 0xff, 0xbf, 0xdb, 0xff, 0xff, 0xff, 0xff, 0xff, 0xff, 0xff, 
    0xff, 0xff, 0xff, 0xff, 0x68, 0x3f, 0xff, 0xff, 0xff, 0xfe, 0xe1, 0x50, 0x06, 0x5b, 0xff, 0xff, 
    0xfe, 0x9b, 0xaa, 0xae, 0xaa, 0xa9, 0x6f, 0xfe, 0xab, 0xff, 0xff, 0xa6, 0xff, 0xfe, 0x64, 0x05, 
    0x54, 0x00, 0x54, 0x64, 0x00, 0x00, 0x00, 0x14, 0x46, 0x47, 0x65, 0x00, 0x02, 0x00, 0x50, 0x00, 
    0x01, 0x54, 0x15, 0x5a, 0xfa, 0x00, 0x3f, 0xfe, 0x50, 0x40, 0x04, 0x00, 0x90, 0x55, 0x5a, 0x41, 
    0x94, 0x55, 0x56, 0xf5, 0x00, 0x00, 0x6a, 0x96, 0x55, 0x55, 0x55, 0x55, 0x55, 0x55, 0x55, 0x55, 
    0x55, 0x50, 0x00, 0x05, 0x55, 0x00, 0x14, 0x56, 0xea, 0xaa, 0x64, 0xaa, 0xaa, 0xaa, 0xaa, 0xa5, 
    0x55, 0x55, 0x55, 0x55, 0x55, 0x55, 0x55, 0x55, 0x55, 0x55, 0x55, 0x6a, 0xa8, 0x6a, 0xaa, 0xaa, 
    0xaa, 0x00, 0x00, 0x00, 0x00, 0x00, 0x00, 0x00, 0x00, 0x00, 0x00, 0x00, 0x00, 0x00, 0x00, 0x0b, 
    0xea, 0xff, 0xfb, 0xd0, 0x2a, 0xaa, 0xaa, 0xaa, 0xa0, 0x15, 0xbf, 0xff, 0xfd, 0x15, 0x45, 0x00, 
    0x44, 0x55, 0xaa, 0x50, 0x14, 0x5a, 0xa8, 0x10, 0x00, 0x00, 0x00, 0x00, 0x00, 0x01, 0x95, 0x00, 
    0x74, 0x00, 0x00, 0x47, 0xff, 0xff, 0xff, 0xff, 0xff, 0xd5, 0xaa, 0x40, 0x05, 0xa9, 0x69, 0x2a, 
    0xa5, 0x50, 0x7f, 0xff, 0xff, 0xff, 0xff, 0xfb, 0xbf, 0xf6, 0xff, 0xff, 0xff, 0xdb, 0xff, 0xbf, 
    0xf7, 0xff, 0xff, 0xff, 0xff, 0xc5, 0xff, 0xff, 0xff, 0xff, 0xff, 0xfe, 0xf4, 0xef, 0xff, 0xff, 
    0xff, 0xff, 0xf8, 0x20, 0x00, 0x1f, 0xff, 0xfe, 0xaa, 0xfe, 0xda, 0xaf, 0x9a, 0xaf, 0x96, 0xa6, 
    0x57, 0xff, 0xfc, 0x0b, 0xff, 0xe6, 0xe3, 0xe0, 0x15, 0x54, 0x00, 0x05, 0x40, 0x00, 0x00, 0x15, 
    0x00, 0x9b, 0xe0, 0x00, 0x0e, 0x40, 0x54, 0x00, 0x15, 0x00, 0x10, 0x00, 0x00, 0x00, 0x0b, 0xff, 
    0x54, 0x40, 0x00, 0x00, 0x51, 0x15, 0x46, 0x81, 0x50, 0x5a, 0x55, 0xb9, 0x40, 0x00, 0xaa, 0x95, 
    0x55, 0x55, 0x55, 0x55, 0x55, 0x55, 0x55, 0x55, 0x50, 0x00, 0x00, 0x00, 0x54, 0x00, 0x00, 0x02, 
    0x9a, 0xa6, 0x69, 0xab, 0xea, 0xaa, 0xaa, 0x55, 0x55, 0x55, 0x55, 0x55, 0x55, 0x55, 0x55, 0x55, 
    0x55, 0x55, 0x55, 0x6a, 0xa8, 0x6a, 0xaa, 0xaa, 0xaa, 0x00, 0x00, 0x00, 0x00, 0x00, 0x00, 0x00, 
    0x00, 0x00, 0x00, 0x00, 0x00, 0x00, 0x00, 0x1a, 0xba, 0xff, 0xbb, 0xa0, 0x1f, 0xfa, 0xaa, 0xab, 
    0xd0, 0x1b, 0xff, 0xff, 0xfd, 0x55, 0x50, 0x10, 0x00, 0x1a, 0x55, 0x45, 0x54, 0x5a, 0x54, 0x50, 
    0x00, 0x00, 0x00, 0x00, 0x00, 0x00, 0x65, 0x1e, 0x44, 0x00, 0x00, 0x01, 0xff, 0xff, 0xff, 0xff, 
    0xff, 0xda, 0xaa, 0x40, 0x01, 0xa9, 0xaa, 0x59, 0xa9, 0x90, 0x2f, 0xff, 0xff, 0xff, 0xff, 0xfe, 
    0xdf, 0xfd, 0xff, 0xff, 0xff, 0xf7, 0xff, 0xdf, 0xf5, 0xff, 0xff, 0xff, 0xff, 0xff, 0xff, 0x4b, 
    0xff, 0xff, 0xff, 0xf7, 0x9b, 0xff, 0xef, 0xff, 0xff, 0xff, 0xfe, 0x40, 0xbd, 0x5f, 0xff, 0xab, 
    0xff, 0xf9, 0xaa, 0xaf, 0xaa, 0xff, 0xf9, 0x00, 0x02, 0xab, 0xfc, 0x0f, 0xfe, 0x69, 0x5b, 0xff, 
    0x40, 0x55, 0x00, 0x00, 0x00, 0x00, 0x00, 0x09, 0x00, 0x0b, 0xd0, 0x18, 0x79, 0x01, 0x40, 0x05, 
    0x50, 0x00, 0x00, 0x00, 0x00, 0x00, 0x01, 0xf7, 0xd4, 0x40, 0x00, 0x00, 0x11, 0x05, 0x92, 0x40, 
    0x52, 0xaa, 0x65, 0x6d, 0x50, 0x40, 0x96, 0x95, 0x55, 0x55, 0x55, 0x55, 0x55, 0x55, 0x55, 0x55, 
    0x50, 0x01, 0x54, 0x00, 0x00, 0x00, 0x2a, 0x15, 0xaa, 0xaa, 0x91, 0xaa, 0xaa, 0xaa, 0x55, 0x55, 
    0x55, 0x95, 0x55, 0x55, 0x55, 0x55, 0x55, 0x55, 0x55, 0x55, 0x95, 0x6a, 0xa8, 0x6a, 0xaa, 0xaa, 
    0xa9, 0x00, 0x00, 0x00, 0x00, 0x00, 0x00, 0x00, 0x00, 0x00, 0x00, 0x00, 0x00, 0x00, 0x00, 0x2b, 
    0xea, 0xfb, 0xff, 0xb4, 0x0a, 0xaa, 0xab, 0xfe, 0x90, 0x3f, 0xff, 0xff, 0xfd, 0x15, 0x44, 0x45, 
    0x55, 0x80, 0x55, 0x55, 0x55, 0x9a, 0xa0, 0x50, 0x00, 0x00, 0x00, 0x00, 0x00, 0x00, 0x14, 0x2f, 
    0xa0, 0x00, 0x00, 0x40, 0x7f, 0xff, 0xff, 0xff, 0xff, 0xda, 0xaa, 0x40, 0x10, 0x69, 0xaa, 0x99, 
    0x6a, 0x91, 0x1f, 0xff, 0xff, 0xff, 0xfa, 0xfe, 0xe3, 0xfe, 0xbf, 0xff, 0xff, 0xf6, 0xff, 0xeb, 
    0xf8, 0xbf, 0xff, 0xff, 0xff, 0xff, 0xff, 0x42, 0xff, 0xff, 0xff, 0xc0, 0x3f, 0xff, 0xeb, 0xff, 
    0xff, 0xff, 0xe4, 0xe3, 0xff, 0x7f, 0xfb, 0xff, 0xff, 0xaa, 0xfa, 0xab, 0xae, 0xff, 0xfb, 0xd1, 
    0x5b, 0xa9, 0x90, 0x1b, 0xff, 0x40, 0x1f, 0xff, 0xf9, 0x05, 0x00, 0x00, 0x00, 0x00, 0x00, 0x01, 
    0x00, 0x19, 0xb9, 0x74, 0x7a, 0x0a, 0x40, 0x69, 0x00, 0x00, 0x00, 0x10, 0x00, 0x00, 0x00, 0x11, 
    0x95, 0x40, 0x00, 0x01, 0x11, 0x05, 0xa5, 0x40, 0x56, 0xaa, 0x65, 0x5a, 0x94, 0x00, 0x96, 0x66, 
    0x55, 0x55, 0x55, 0x55, 0x55, 0x55, 0x55, 0x55, 0x50, 0x05, 0x00, 0x00, 0x01, 0x55, 0x45, 0x04, 
    0x5a, 0xaa, 0x91, 0x5a, 0xa9, 0x5a, 0xa5, 0x55, 0x55, 0x51, 0x55, 0x55, 0x55, 0x55, 0x55, 0x55, 
    0x55, 0x15, 0x55, 0xa9, 0xa5, 0x5a, 0xaa, 0xaa, 0xa8, 0x00, 0x00, 0x00, 0x00, 0x00, 0x00, 0x00, 
    0x00, 0x00, 0x00, 0x00, 0x00, 0x00, 0x00, 0x2a, 0xad, 0xf9, 0xff, 0xfc, 0x06, 0xaa, 0xfe, 0x5a, 
    0xc0, 0x3f, 0xff, 0xff, 0xff, 0x15, 0x55, 0x55, 0x55, 0x56, 0x55, 0x59, 0x55, 0x9a, 0x90, 0x50, 
    0x00, 0x00, 0x00, 0x00, 0x00, 0x10, 0x19, 0x79, 0x04, 0x00, 0x00, 0x00, 0x1f, 0xff, 0xff, 0xff, 
    0xf5, 0x56, 0x5a, 0x45, 0x55, 0x1a, 0xaa, 0xa8, 0x2a, 0x00, 0x0f, 0xff, 0xff, 0xff, 0xfa, 0xa9, 
    0xf5, 0xff, 0x3f, 0xff, 0xff, 0xfd, 0xff, 0xf7, 0xfd, 0x3f, 0xff, 0xff, 0xff, 0xff, 0x7f, 0xe4, 
    0x2f, 0xff, 0xfe, 0x10, 0xff, 0xfa, 0xbf, 0xff, 0xff, 0xff, 0x82, 0xf7, 0xfd, 0xfe, 0xbf, 0xff, 
    0xfb, 0xba, 0xaa, 0xaf, 0xff, 0xff, 0xf6, 0xfa, 0xbf, 0xe5, 0x1b, 0xff, 0xfc, 0x02, 0xfe, 0xbf, 
    0xff, 0xe4, 0x55, 0x40, 0x00, 0x00, 0x00, 0x00, 0x40, 0x2a, 0x45, 0xf1, 0x1f, 0x8e, 0xea, 0xe4, 
    0x00, 0x00, 0x00, 0x00, 0x00, 0x00, 0x00, 0x41, 0x54, 0x00, 0x00, 0x01, 0x11, 0x04, 0x55, 0x00, 
    0x52, 0xa9, 0x59, 0xaa, 0x50, 0x40, 0x95, 0x55, 0x55, 0x55, 0x55, 0x55, 0x55, 0x55, 0x55, 0x55, 
    0x50, 0x00, 0x10, 0x00, 0x65, 0x55, 0x41, 0x69, 0x55, 0x55, 0x41, 0x55, 0x04, 0xbe, 0x55, 0x45, 
    0x55, 0x54, 0x55, 0x55, 0x55, 0x55, 0x55, 0x55, 0x55, 0x45, 0x55, 0x55, 0x55, 0x55, 0xaa, 0xaa, 
    0xa4, 0x00, 0x00, 0x00, 0x00, 0x00, 0x00, 0x00, 0x00, 0x00, 0x00, 0x00, 0x00, 0x00, 0x00, 0x6a, 
    0xae, 0xed, 0xbf, 0xfe, 0x02, 0xaa, 0x56, 0xff, 0xc0, 0x7f, 0xff, 0xff, 0xff, 0xe1, 0x55, 0x55, 
    0x9a, 0x51, 0x95, 0x9a, 0x66, 0x9a, 0x81, 0x50, 0x00, 0x00, 0x00, 0x00, 0x00, 0x14, 0x0f, 0xf0, 
    0x00, 0x00, 0x00, 0x00, 0x02, 0xff, 0xff, 0xff, 0xc0, 0x15, 0x5a, 0xa5, 0x55, 0x0a, 0xaa, 0xa8, 
    0x2a, 0x00, 0x0b, 0xff, 0xff, 0xeb, 0xff, 0xf8, 0x7c, 0xbf, 0x6f, 0xff, 0xff, 0xff, 0x7f, 0xfd, 
    0xff, 0x1f, 0xff, 0xff, 0xff, 0xff, 0xff, 0xfd, 0x0f, 0xff, 0xf4, 0x42, 0xff, 0x90, 0xff, 0xff, 
    0xff, 0xff, 0x0b, 0xfb, 0xf4, 0x6f, 0xfe, 0xfe, 0xae, 0xea, 0xea, 0xaa, 0xbf, 0xff, 0xff, 0xfe, 
    0xfe, 0x5f, 0xff, 0xff, 0xfd, 0x6e, 0x6f, 0xff, 0xff, 0xff, 0x81, 0x54, 0x01, 0x50, 0x00, 0x00, 
    0x00, 0x12, 0x50, 0xfb, 0xe2, 0xae, 0x1b, 0x40, 0x00, 0x00, 0x00, 0x00, 0x00, 0x00, 0x04, 0x01, 
    0x55, 0x00, 0x00, 0x00, 0x10, 0x00, 0x56, 0x40, 0x51, 0x6a, 0x6a, 0x9f, 0xa5, 0x50, 0x15, 0x55, 
    0x55, 0x55, 0x55, 0x55, 0x55, 0x55, 0x55, 0x55, 0x55, 0x41, 0x50, 0x11, 0x55, 0x56, 0x9a, 0x55, 
    0x50, 0x05, 0x01, 0x54, 0x05, 0xd5, 0x55, 0x41, 0x55, 0x55, 0x55, 0x55, 0x55, 0x55, 0x55, 0x55, 
    0x45, 0x55, 0x55, 0x55, 0x55, 0x64, 0x6a, 0xaa, 0xa0, 0x00, 0x00, 0x00, 0x00, 0x00, 0x00, 0x00, 
    0x00, 0x00, 0x00, 0x00, 0x00, 0x00, 0x00, 0xba, 0xab, 0xaf, 0x6f, 0xff, 0x40, 0x96, 0xff, 0xff, 
    0xd0, 0xbf, 0xff, 0xff, 0xff, 0xf9, 0x55, 0x55, 0xa9, 0x65, 0x65, 0xa6, 0x9a, 0x56, 0x41, 0x50, 
    0x00, 0x00, 0x00, 0x00, 0x00, 0x50, 0x0b, 0xf0, 0x00, 0x05, 0x00, 0x04, 0x14, 0x6f, 0xff, 0xff, 
    0x45, 0x15, 0x5a, 0x96, 0x55, 0x46, 0xaa, 0xaa, 0x66, 0x50, 0x03, 0xff, 0xff, 0x7f, 0xff, 0xf5, 
    0x7e, 0x0b, 0x8f, 0xff, 0xff, 0xff, 0xbf, 0xfe, 0x7f, 0x4b, 0xff, 0xff, 0xff, 0xff, 0xff, 0xff, 
    0xff, 0xff, 0xdd, 0x04, 0x7f, 0x0b, 0xff, 0xff, 0xff, 0xfd, 0x1f, 0xfb, 0xf2, 0xff, 0xff, 0xea, 
    0x5a, 0xeb, 0xfa, 0xba, 0xbb, 0xff, 0xff, 0xfd, 0x2a, 0xff, 0xff, 0xff, 0xff, 0xe8, 0x2f, 0xff, 
    0xff, 0xff, 0xf9, 0x05, 0x55, 0x15, 0x40, 0x00, 0x00, 0x00, 0x02, 0x4b, 0xfd, 0x04, 0x00, 0x00, 
    0x01, 0x00, 0x01, 0x40, 0x00, 0x00, 0x00, 0x01, 0x55, 0x40, 0x00, 0x00, 0x00, 0x00, 0x00, 0x40, 
    0x50, 0x5a, 0xaa, 0x6b, 0xe5, 0x54, 0x05, 0x56, 0x55, 0x55, 0x55, 0x55, 0x55, 0x55, 0x55, 0x55, 
    0x45, 0x54, 0x01, 0x55, 0x55, 0x5a, 0x55, 0x55, 0x65, 0x40, 0x00, 0x10, 0x00, 0x05, 0x55, 0x55, 
    0x55, 0x55, 0x55, 0x55, 0x55, 0x55, 0x45, 0x55, 0x55, 0x55, 0x55, 0x55, 0x6a, 0x6a, 0x6a, 0xaa, 
    0x90, 0x00, 0x00, 0x00, 0x00, 0x00, 0x00, 0x04, 0x00, 0x00, 0x00, 0x00, 0x00, 0x00, 0x01, 0xba, 
    0xaa, 0x3e, 0x9f, 0xfa, 0x40, 0xbf, 0xff, 0xff, 0xf0, 0xff, 0xff, 0xff, 0xff, 0xfd, 0x55, 0x56, 
    0xaa, 0x56, 0xa9, 0x59, 0x55, 0x56, 0x01, 0x50, 0x00, 0x00, 0x00, 0x00, 0x00, 0x54, 0x03, 0xf8, 
    0x00, 0x01, 0x40, 0x40, 0x04, 0x41, 0xff, 0xfe, 0x15, 0x45, 0x65, 0x59, 0x55, 0x46, 0xaa, 0xaa, 
    0xa1, 0x90, 0x02, 0xff, 0xfc, 0x69, 0xbf, 0xd5, 0x5f, 0x45, 0xcb, 0xff, 0xff, 0xff, 0xef, 0xff, 
    0x5f, 0xc3, 0xff, 0xff, 0xff, 0xff, 0xff, 0xff, 0xff, 0xff, 0xae, 0x00, 0x6f, 0xbf, 0xff, 0xff, 
    0xff, 0xe0, 0x7f, 0xeb, 0xdb, 0xff, 0xfe, 0x8a, 0xaa, 0xbb, 0xff, 0xe8, 0xaa, 0xff, 0xef, 0xef, 
    0xab, 0xff, 0xff, 0xff, 0xff, 0xff, 0x95, 0xff, 0xff, 0xff, 0xff, 0xd0, 0x55, 0x55, 0x00, 0x00, 
    0x00, 0x00, 0x02, 0x05, 0xbc, 0x00, 0x00, 0x00, 0x00, 0x40, 0x15, 0x00, 0x00, 0x00, 0x00, 0x00, 
    0x00, 0x00, 0x00, 0x00, 0x01, 0x50, 0x00, 0x00, 0x10, 0x6a, 0xaa, 0xab, 0xd5, 0x94, 0x51, 0x55, 
    0x55, 0x55, 0x55, 0x55, 0x55, 0x55, 0x55, 0x55, 0x45, 0x54, 0x05, 0x55, 0x55, 0x55, 0x55, 0x54, 
    0x15, 0x6a, 0x40, 0x00, 0x00, 0x55, 0x55, 0x55, 0x55, 0x55, 0x55, 0x55, 0x55, 0x55, 0x55, 0x55, 
    0x55, 0x55, 0x45, 0x55, 0x6a, 0x6a, 0x5a, 0xaa, 0x80, 0x00, 0x00, 0x00, 0x00, 0x00, 0x00, 0x04, 
    0x00, 0x00, 0x00, 0x00, 0x00, 0x00, 0x01, 0xaa, 0xa9, 0x7f, 0xde, 0x9b, 0xe4, 0x2f, 0xff, 0xff, 
    0xf4, 0xff, 0xff, 0xff, 0xff, 0xfe, 0x55, 0x55, 0xaa, 0xa9, 0x66, 0x55, 0x55, 0x55, 0x11, 0x50, 
    0x00, 0x00, 0x00, 0x00, 0x00, 0x5b, 0x42, 0xf4, 0x00, 0x05, 0x10, 0x01, 0x01, 0x45, 0x2f, 0xa8, 
    0x55, 0x46, 0x99, 0x55, 0x55, 0x51, 0xaa, 0xaa, 0xaa, 0x90, 0x02, 0xff, 0xf8, 0x00, 0x69, 0x15, 
    0x4b, 0xc1, 0xa3, 0xff, 0xff, 0xff, 0xff, 0xff, 0xc1, 0xd2, 0xff, 0xff, 0xff, 0xff, 0xff, 0xff, 
    0xff, 0xfd, 0xbe, 0xaf, 0xff, 0xff, 0xff, 0xff, 0xff, 0xd6, 0xff, 0xd9, 0x2f, 0xff, 0xa9, 0xaa, 
    0xaa, 0xbf, 0xff, 0xea, 0xab, 0xbb, 0x8a, 0xaa, 0x69, 0x55, 0xff, 0xff, 0xff, 0xff, 0xff, 0xeb, 
    0xff, 0xff, 0xff, 0xfe, 0x01, 0x55, 0x40, 0x00, 0x00, 0x00, 0x01, 0x01, 0x74, 0x00, 0x00, 0x00, 
    0x10, 0x00, 0x00, 0x00, 0x00, 0x00, 0x01, 0x00, 0x00, 0x00, 0x00, 0x00, 0x00, 0x01, 0x40, 0x40, 
    0x00, 0x6a, 0xaa, 0xaa, 0xc5, 0x54, 0x64, 0x15, 0x55, 0x55, 0x55, 0x55, 0x55, 0x55, 0x55, 0x55, 
    0x40, 0x04, 0x00, 0x55, 0x55, 0x55, 0x55, 0x55, 0x5a, 0xa9, 0x50, 0x00, 0x14, 0x55, 0x55, 0x15, 
    0x55, 0x55, 0x55, 0x55, 0x55, 0x55, 0x55, 0x45, 0x55, 0x54, 0x55, 0x51, 0xaa, 0x5a, 0x96, 0xaa, 
    0x40, 0x00, 0x00, 0x00, 0x00, 0x00, 0x01, 0x18, 0x00, 0x00, 0x00, 0x00, 0x00, 0x00, 0x01, 0xea, 
    0xa9, 0xba, 0xaf, 0xff, 0xfd, 0x0b, 0xff, 0xff, 0xf8, 0xff, 0xff, 0xff, 0xff, 0xff, 0x95, 0x55, 
    0x5a, 0x56, 0x59, 0x55, 0x55, 0x54, 0x21, 0x54, 0x00, 0x00, 0x00, 0x00, 0x00, 0x1b, 0x40, 0x45, 
    0x00, 0x05, 0x40, 0x40, 0x00, 0x10, 0x04, 0x01, 0xe4, 0x06, 0xa9, 0x55, 0x55, 0x51, 0xaa, 0xa6, 
    0xaa, 0xa0, 0x01, 0xff, 0xff, 0x40, 0x00, 0x15, 0x53, 0xd0, 0x16, 0xff, 0xff, 0xff, 0xff, 0xff, 
    0xe0, 0x30, 0xbf, 0xff, 0xff, 0xff, 0xff, 0xff, 0xff, 0xf5, 0xf9, 0xff, 0xfa, 0xff, 0xab, 0xff, 
    0xff, 0xdf, 0xff, 0x9e, 0xeb, 0xff, 0xea, 0xab, 0xff, 0xff, 0xbb, 0xea, 0xaa, 0xaa, 0xbf, 0xaa, 
    0xff, 0xe2, 0xfd, 0xbf, 0xff, 0xff, 0xff, 0x57, 0xff, 0xaf, 0xff, 0xff, 0xe0, 0x15, 0x00, 0x06, 
    0xd0, 0x00, 0x01, 0x00, 0x60, 0x00, 0x01, 0x00, 0x40, 0x00, 0x00, 0x54, 0x00, 0x00, 0x10, 0x00, 
    0x00, 0x00, 0x00, 0x00, 0x00, 0x00, 0x00, 0x10, 0x00, 0x6a, 0xaa, 0xaa, 0x91, 0xa4, 0x69, 0x05, 
    0x55, 0x55, 0x55, 0x55, 0x55, 0x55, 0x55, 0x55, 0x05, 0x54, 0x00, 0x55, 0x55, 0x55, 0x55, 0x55, 
    0x55, 0x54, 0x40, 0x05, 0x00, 0x15, 0x55, 0x45, 0x55, 0x55, 0x55, 0x55, 0x55, 0x55, 0x55, 0x55, 
    0x55, 0x54, 0x01, 0x56, 0xaa, 0x95, 0xa6, 0xa9, 0x00, 0x00, 0x00, 0x00, 0x00, 0x00, 0x01, 0x18, 
    0x00, 0x00, 0x00, 0x00, 0x00, 0x10, 0x02, 0xaa, 0xb8, 0x5b, 0xff, 0xff, 0xff, 0x41, 0xff, 0xff, 
    0xfc, 0xff, 0xff, 0xff, 0xff, 0xff, 0xe5, 0x95, 0x55, 0x59, 0x6a, 0x55, 0x55, 0x54, 0xe0, 0x54, 
    0x00, 0x00, 0x00, 0x00, 0x00, 0x07, 0x54, 0x00, 0x00, 0x05, 0x40, 0x00, 0x01, 0x54, 0x55, 0x54, 
    0x95, 0x56, 0xa5, 0x55, 0x45, 0x65, 0xaa, 0xa6, 0xaa, 0xa1, 0x02, 0xff, 0xff, 0xf4, 0x00, 0x05, 
    0x52, 0xf0, 0x04, 0xff, 0xff, 0xff, 0xff, 0xff, 0xf4, 0x08, 0x2f, 0xff, 0xff, 0xff, 0xff, 0xff, 
    0xff, 0xf7, 0xe7, 0x80, 0x1b, 0xed, 0x7f, 0xff, 0xfb, 0xeb, 0xfd, 0x06, 0xe2, 0xf9, 0x6a, 0xbf, 
    0xfe, 0xef, 0xeb, 0xaa, 0xaa, 0xaa, 0xab, 0xaa, 0xf7, 0xe9, 0x92, 0xff, 0xbf, 0xff, 0xfa, 0xff, 
    0xff, 0xff, 0xff, 0xff, 0xf7, 0x41, 0x55, 0x54, 0x79, 0x00, 0x01, 0x54, 0x90, 0x10, 0x02, 0x80, 
    0x51, 0x40, 0x00, 0x05, 0x50, 0x00, 0x00, 0x00, 0x00, 0x00, 0x00, 0x00, 0x00, 0x00, 0x10, 0x00, 
    0x00, 0x1a, 0xaa, 0xaa, 0x9a, 0xa4, 0x19, 0x50, 0x55, 0x55, 0x55, 0x55, 0x55, 0x55, 0x55, 0x50, 
    0x55, 0x40, 0x14, 0x55, 0x55, 0x55, 0x55, 0x55, 0x55, 0x55, 0x10, 0x15, 0x55, 0x55, 0x55, 0x55, 
    0x55, 0x55, 0x55, 0x55, 0x54, 0x55, 0x55, 0x55, 0x55, 0x55, 0x11, 0x6a, 0xaa, 0x96, 0xaa, 0xa6, 
    0x00, 0x00, 0x00, 0x00, 0x00, 0x00, 0x08, 0x18, 0x00, 0x00, 0x00, 0x00, 0x00, 0x00, 0x02, 0xea, 
    0xb5, 0xff, 0xff, 0xff, 0xff, 0xd0, 0x7f, 0xff, 0xfc, 0xff, 0xff, 0xff, 0xff, 0xf8, 0x55, 0x55, 
    0x55, 0xa5, 0xaa, 0x59, 0x55, 0x57, 0xe0, 0x54, 0x00, 0x00, 0x00, 0x00, 0x00, 0x03, 0xfe, 0x10, 
    0x00, 0x15, 0x40, 0x10, 0x15, 0x51, 0x01, 0x55, 0x55, 0x46, 0xa5, 0x55, 0x41, 0x56, 0x6a, 0xa6, 
    0xaa, 0xa2, 0x93, 0xff, 0xff, 0xff, 0xc0, 0x05, 0x00, 0xfc, 0x02, 0x7f, 0xff, 0xff, 0xff, 0xff, 
    0xfc, 0x00, 0x0b, 0xff, 0xff, 0xff, 0xff, 0xff, 0xff, 0xfb, 0xdf, 0xe0, 0x6b, 0xff, 0xff, 0xff, 
    0xfb, 0xff, 0xfd, 0x00, 0xb4, 0x56, 0xaa, 0xbf, 0xff, 0xfe, 0xfa, 0xaa, 0xaa, 0xaa, 0xab, 0xaa, 
    0xe5, 0xfa, 0xa0, 0x00, 0x6f, 0xff, 0xff, 0xff, 0xff, 0xff, 0xff, 0xff, 0xf3, 0xf4, 0x14, 0x00, 
    0x3a, 0x50, 0x01, 0x55, 0x90, 0x10, 0x07, 0x40, 0x40, 0x00, 0x00, 0x00, 0x00, 0x44, 0x00, 0x00, 
    0x00, 0x40, 0x14, 0x04, 0x00, 0x00, 0x04, 0x01, 0x00, 0x05, 0x5a, 0xaa, 0x5a, 0xa5, 0x05, 0x54, 
    0x55, 0x55, 0x55, 0x55, 0x55, 0x55, 0x55, 0x41, 0x55, 0x50, 0x54, 0x55, 0x55, 0x55, 0x55, 0x55, 
    0x55, 0x40, 0x10, 0x54, 0x15, 0x55, 0x55, 0x55, 0x55, 0x55, 0x55, 0x55, 0x55, 0x55, 0x55, 0x55, 
    0x55, 0x55, 0x50, 0x5a, 0xaa, 0x96, 0xaa, 0xa9, 0x00, 0x00, 0x00, 0x00, 0x00, 0x00, 0x24, 0x28, 
    0x00, 0x00, 0x00, 0x00, 0x00, 0x00, 0x01, 0x5b, 0xff, 0xff, 0xff, 0xff, 0xff, 0xf0, 0x0f, 0xff, 
    0xfc, 0xbf, 0xff, 0xff, 0xff, 0xfd, 0x55, 0x55, 0x55, 0x55, 0x6a, 0x59, 0x51, 0x1f, 0xe1, 0x54, 
    0x00, 0x00, 0x00, 0x00, 0x00, 0x01, 0xff, 0x10, 0x00, 0x15, 0x40, 0x51, 0x55, 0x54, 0x54, 0x55, 
    0x55, 0x56, 0x55, 0x55, 0x50, 0x55, 0x5a, 0xaa, 0xaa, 0xa1, 0x57, 0xff, 0xff, 0xff, 0xf0, 0x00, 
    0x00, 0xbd, 0x01, 0x7f, 0xff, 0xff, 0xff, 0xff, 0xff, 0x00, 0x02, 0xff, 0xff, 0xff, 0xff, 0xff, 
    0xff, 0xea, 0xbf, 0xf1, 0xaf, 0xff, 0xff, 0xff, 0xff, 0xff, 0xf8, 0x00, 0x04, 0x5a, 0xaa, 0xff, 
    0xff, 0xff, 0xaa, 0xaa, 0xaa, 0xaa, 0xaa, 0xab, 0xe5, 0xfe, 0xea, 0x05, 0x94, 0x2f, 0xff, 0xff, 
    0xff, 0xff, 0xff, 0xff, 0xd3, 0xff, 0x41, 0x40, 0x14, 0x00, 0x01, 0x55, 0x50, 0x00, 0x0d, 0x40, 
    0x00, 0x40, 0x00, 0x00, 0x00, 0x00, 0x00, 0x00, 0x00, 0x41, 0x54, 0x15, 0x40, 0x00, 0x05, 0x00, 
    0x44, 0x01, 0x5a, 0xaa, 0x4a, 0x90, 0x00, 0x55, 0x55, 0x55, 0x55, 0x55, 0x55, 0x55, 0x55, 0x00, 
    0x00, 0x11, 0x55, 0x55, 0x55, 0x55, 0x55, 0x55, 0x55, 0x00, 0x41, 0x55, 0x05, 0x55, 0x45, 0x55, 
    0x55, 0x55, 0x55, 0x55, 0x54, 0x55, 0x55, 0x55, 0x55, 0x55, 0x50, 0x56, 0xaa, 0xa9, 0x6a, 0xa8, 
    0x00, 0x00, 0x00, 0x00, 0x00, 0x00, 0x60, 0x29, 0x00, 0x00, 0x00, 0x00, 0x00, 0x00, 0x02, 0xff, 
    0xff, 0xff, 0xff, 0xff, 0xff, 0xfc, 0x03, 0xff, 0xf8, 0xbf, 0xff, 0xff, 0xff, 0xf9, 0x55, 0x55, 
    0x55, 0x55, 0x59, 0x55, 0x44, 0xbf, 0xd4, 0x55, 0x00, 0x00, 0x00, 0x00, 0x10, 0x00, 0xbf, 0x40, 
    0x00, 0x55, 0x40, 0x55, 0x54, 0x01, 0x05, 0x55, 0x55, 0x56, 0x95, 0x55, 0x50, 0x59, 0x9a, 0xa9, 
    0xaa, 0xa4, 0x47, 0xff, 0xff, 0xff, 0xfd, 0x10, 0x06, 0x7f, 0x40, 0x9f, 0xff, 0xff, 0xff, 0xff, 
    0xff, 0x80, 0x00, 0x2f, 0xff, 0xff, 0xff, 0xff, 0xff, 0xdb, 0xff, 0xd5, 0xbf, 0xff, 0xff, 0xff, 
    0xff, 0xff, 0x81, 0x40, 0x04, 0x2a, 0xaa, 0xff, 0xff, 0xf8, 0xaa, 0x6a, 0xaa, 0xaa, 0xaa, 0xaa, 
    0xaa, 0xee, 0xe9, 0x47, 0xf5, 0xbf, 0xff, 0xff, 0xff, 0xff, 0xff, 0xff, 0xf7, 0xfe, 0x64, 0x10, 
    0x08, 0x00, 0x00, 0x15, 0x40, 0x00, 0x19, 0xe2, 0x01, 0x40, 0x00, 0x00, 0x00, 0x00, 0x00, 0x00, 
    0x69, 0x05, 0x50, 0x55, 0x40, 0x00, 0x01, 0x00, 0x55, 0x00, 0x69, 0x99, 0x00, 0x05, 0x01, 0x15, 
    0x55, 0x55, 0x55, 0x55, 0x55, 0x55, 0x40, 0x00, 0x51, 0x00, 0x15, 0x15, 0x55, 0x55, 0x55, 0x55, 
    0x54, 0x00, 0x05, 0x45, 0x55, 0x54, 0x55, 0x55, 0x55, 0x55, 0x55, 0x55, 0x54, 0x55, 0x55, 0x55, 
    0x54, 0x55, 0x50, 0x01, 0x66, 0x66, 0x5a, 0xa4, 0x00, 0x00, 0x00, 0x00, 0x00, 0x01, 0x91, 0x29, 
    0x00, 0x00, 0x00, 0x00, 0x00, 0x00, 0x03, 0xff, 0xff, 0xff, 0xff, 0xff, 0xef, 0xff, 0x40, 0xbf, 
    0xf0, 0xbf, 0xff, 0xff, 0xff, 0xf5, 0x55, 0x55, 0x55, 0x55, 0x96, 0x55, 0x56, 0xff, 0xd4, 0x55, 
    0x00, 0x00, 0x00, 0x00, 0x10, 0x00, 0x7e, 0x40, 0x04, 0x55, 0x40, 0x51, 0x55, 0x40, 0x55, 0x55, 
    0x55, 0x56, 0x55, 0x55, 0x50, 0x59, 0x96, 0xa9, 0xaa, 0xa8, 0x4b, 0xff, 0xff, 0xff, 0xff, 0xfd, 
    0x9f, 0xef, 0xd9, 0x9f, 0xff, 0xff, 0xff, 0xff, 0xff, 0xe1, 0x80, 0x03, 0xff, 0xff, 0xff, 0xff, 
    0xff, 0xaf, 0xff, 0xfd, 0x2f, 0xff, 0xff, 0xff, 0xff, 0xff, 0xe0, 0x00, 0x00, 0xa6, 0xaa, 0x6f, 
    0xff, 0xf5, 0xaa, 0xaa, 0xfa, 0xba, 0xaa, 0xba, 0xba, 0xaa, 0xa6, 0xff, 0x80, 0xff, 0xff, 0xff, 
    0xff, 0xff, 0xff, 0xff, 0xff, 0xfe, 0x5a, 0x05, 0x06, 0x00, 0x00, 0x05, 0x40, 0x00, 0x26, 0xf5, 
    0x42, 0x00, 0x00, 0x00, 0x00, 0x00, 0x00, 0x00, 0x05, 0x55, 0x41, 0x55, 0x40, 0x00, 0x00, 0x50, 
    0x11, 0x00, 0x0a, 0x55, 0x55, 0x55, 0x01, 0x45, 0x55, 0x55, 0x55, 0x55, 0x50, 0x00, 0x00, 0x00, 
    0x50, 0x00, 0x54, 0x05, 0x55, 0x55, 0x55, 0x55, 0x55, 0x00, 0x05, 0x55, 0x55, 0x54, 0x55, 0x55, 
    0x55, 0x55, 0x55, 0x55, 0x55, 0x15, 0x54, 0x55, 0x54, 0x15, 0x40, 0x01, 0x95, 0x55, 0xaa, 0xa0, 
    0x00, 0x00, 0x00, 0x00, 0x00, 0x06, 0x55, 0x29, 0x00, 0x00, 0x00, 0x00, 0x00, 0x00, 0x03, 0xff, 
    0xff, 0xff, 0xff, 0xff, 0xff, 0xff, 0xd0, 0x1f, 0x86, 0x7f, 0xff, 0xff, 0xff, 0xf5, 0x55, 0x55, 
    0x55, 0x55, 0x95, 0x55, 0x4b, 0xff, 0xc5, 0x55, 0x40, 0x00, 0x00, 0x00, 0x40, 0x00, 0x28, 0x55, 
    0x41, 0x15, 0x40, 0x15, 0x15, 0x55, 0x55, 0x15, 0x51, 0x56, 0xa5, 0x95, 0x54, 0x55, 0xa2, 0xaa, 
    0xaa, 0xa8, 0x0f, 0xff, 0xff, 0xff, 0xff, 0xff, 0xff, 0xef, 0xff, 0xa7, 0xff, 0xff, 0xff, 0xff, 
    0xff, 0xd4, 0x50, 0x00, 0xbf, 0xff, 0xff, 0xff, 0xff, 0x7f, 0xff, 0xf4, 0x1b, 0xff, 0xff, 0xff, 
    0xff, 0xff, 0xf4, 0x00, 0x00, 0x24, 0xae, 0x6f, 0xff, 0xaa, 0xaa, 0xaf, 0xbf, 0xea, 0xaa, 0xaa, 
    0xaa, 0xaa, 0x97, 0xe6, 0x4b, 0xff, 0xff, 0xff, 0xff, 0xf9, 0x25, 0xff, 0xfe, 0xfd, 0x5a, 0xa0, 
    0x6b, 0x84, 0x00, 0x50, 0x50, 0x00, 0x22, 0x4b, 0xca, 0x01, 0x01, 0x54, 0x00, 0x00, 0x00, 0x00, 
    0x04, 0x04, 0x24, 0x55, 0x50, 0x00, 0x00, 0x10, 0x15, 0x00, 0x01, 0x55, 0x55, 0x55, 0x54, 0x54, 
    0x55, 0x55, 0x55, 0x55, 0x55, 0x54, 0x00, 0x00, 0x00, 0x00, 0x55, 0x05, 0x55, 0x55, 0x55, 0x55, 
    0x45, 0x50, 0x15, 0x55, 0x55, 0x55, 0x54, 0x15, 0x55, 0x55, 0x55, 0x55, 0x55, 0x55, 0x55, 0x55, 
    0x55, 0x55, 0x55, 0x40, 0x55, 0x5a, 0x9a, 0xa4, 0x00, 0x00, 0x00, 0x00, 0x00, 0x09, 0x11, 0x29, 
    0x00, 0x00, 0x00, 0x00, 0x00, 0x00, 0x03, 0xff, 0xff, 0xff, 0xff, 0xff, 0xef, 0xff, 0xf8, 0x01, 
    0x7f, 0xbf, 0xff, 0xff, 0xff, 0xe5, 0x55, 0x55, 0x55, 0x55, 0x55, 0x55, 0x0b, 0xff, 0xc5, 0x55, 
    0x40, 0x00, 0x00, 0x00, 0x40, 0x01, 0x44, 0x00, 0x02, 0x55, 0x40, 0x15, 0x51, 0x55, 0x55, 0x55, 
    0x55, 0x56, 0x95, 0xa5, 0x04, 0x55, 0xa5, 0x6a, 0xaa, 0xa8, 0x0f, 0xff, 0xff, 0xff, 0xff, 0xff, 
    0xff, 0xfb, 0xff, 0xf3, 0xff, 0xff, 0xff, 0xff, 0xff, 0xf4, 0x00, 0x01, 0x06, 0xff, 0xff, 0xff, 
    0xfd, 0xff, 0xff, 0xff, 0xda, 0xff, 0xff, 0xff, 0xef, 0xaa, 0xa0, 0x00, 0x00, 0x05, 0xae, 0xea, 
    0xaa, 0xda, 0xaa, 0xae, 0xaa, 0xaa, 0xaa, 0xaa, 0xba, 0xa9, 0x1b, 0xbf, 0xff, 0xff, 0xff, 0xff, 
    0xf8, 0x01, 0x6f, 0xff, 0xf4, 0xf9, 0x1a, 0xa9, 0x0b, 0xd0, 0x00, 0x40, 0x59, 0x00, 0x11, 0x06, 
    0xcf, 0x09, 0x15, 0x54, 0x05, 0x01, 0x00, 0x00, 0x00, 0x00, 0x07, 0x55, 0x55, 0x00, 0x00, 0x10, 
    0x15, 0x40, 0x00, 0x54, 0x55, 0x55, 0x14, 0x59, 0x55, 0x55, 0x55, 0x55, 0x55, 0x55, 0x00, 0x00, 
    0x00, 0x01, 0x55, 0x55, 0x55, 0x55, 0x55, 0x55, 0x15, 0x50, 0x55, 0x55, 0x55, 0x55, 0x55, 0x55, 
    0x55, 0x55, 0x55, 0x55, 0x55, 0x55, 0x54, 0x15, 0x02, 0x55, 0x55, 0x50, 0x05, 0x55, 0xaa, 0x94, 
    0x00, 0x00, 0x00, 0x00, 0x00, 0x64, 0x55, 0x68, 0x00, 0x00, 0x00, 0x00, 0x00, 0x00, 0x03, 0xff, 
    0xff, 0xff, 0xff, 0xff, 0xef, 0xff, 0xfe, 0x00, 0x6f, 0xff, 0xff, 0xff, 0xff, 0xc5, 0x56, 0x55, 
    0x55, 0x55, 0x55, 0x10, 0x0f, 0xff, 0xc5, 0x55, 0x40, 0x00, 0x00, 0x00, 0x40, 0x1a, 0x40, 0x00, 
    0x02, 0x85, 0x50, 0x05, 0x05, 0x55, 0x55, 0x55, 0x55, 0x55, 0x5a, 0xa5, 0x01, 0x55, 0xa9, 0x5a, 
    0xaa, 0xa8, 0x1f, 0xff, 0xff, 0xff, 0xff, 0xff, 0xff, 0xfb, 0xff, 0xf9, 0xff, 0xff, 0xff, 0xff, 
    0xff, 0xf5, 0x00, 0x05, 0x50, 0x1f, 0xf9, 0x1f, 0xfa, 0xfe, 0xff, 0xff, 0xf7, 0xbf, 0xff, 0xff, 
    0x6a, 0xaa, 0x90, 0x0a, 0x94, 0x15, 0xb6, 0xaa, 0x90, 0x06, 0xaa, 0xaa, 0xaa, 0xaa, 0xaa, 0xa4, 
    0x16, 0xa6, 0xfa, 0xff, 0xff, 0xff, 0xff, 0xff, 0xe0, 0x2f, 0xff, 0xfa, 0xfa, 0xfd, 0x16, 0xaa, 
    0x92, 0xf9, 0x45, 0x40, 0x42, 0x00, 0x10, 0x00, 0x48, 0xe8, 0x39, 0x44, 0x05, 0x90, 0x15, 0x00, 
    0x00, 0x00, 0x05, 0x55, 0x55, 0x00, 0x00, 0x10, 0x01, 0x40, 0x00, 0x10, 0x55, 0x54, 0x04, 0x55, 
    0x55, 0x55, 0x55, 0x55, 0x55, 0x55, 0x40, 0x00, 0x00, 0x00, 0x55, 0x55, 0x55, 0x55, 0x55, 0x54, 
    0x54, 0x01, 0x55, 0x55, 0x55, 0x55, 0x55, 0x55, 0x55, 0x55, 0x55, 0x50, 0x55, 0x56, 0x54, 0x14, 
    0x5a, 0xa9, 0x55, 0x50, 0x01, 0x6a, 0xaa, 0x84, 0x00, 0x00, 0x00, 0x00, 0x00, 0x91, 0x95, 0x28, 
    0x00, 0x00, 0x00, 0x04, 0x00, 0x00, 0x02, 0xff, 0xff, 0xff, 0xff, 0xff, 0xef, 0xff, 0xff, 0xd0, 
    0x07, 0xdf, 0xff, 0xff, 0xff, 0xd5, 0x55, 0xd5, 0x55, 0x55, 0x45, 0x40, 0x0f, 0xff, 0x85, 0x55, 
    0x00, 0x00, 0x00, 0x01, 0x40, 0x00, 0x00, 0x00, 0x00, 0x55, 0x50, 0x14, 0x55, 0x55, 0x55, 0x55, 
    0x55, 0x56, 0x59, 0x55, 0x55, 0x55, 0x69, 0x5a, 0xaa, 0xa9, 0x2f, 0xff, 0xff, 0xff, 0xff, 0xff, 
    0xff, 0xfd, 0xff, 0xbe, 0xbf, 0xff, 0xff, 0xff, 0xff, 0xfd, 0x41, 0x01, 0x55, 0x50, 0x01, 0x51, 
    0xb7, 0xeb, 0xff, 0xff, 0xfe, 0x5f, 0xff, 0xf9, 0x6a, 0xaa, 0x80, 0x10, 0x5b, 0xff, 0x64, 0xaa, 
    0x40, 0x0a, 0xae, 0xab, 0xa6, 0xaa, 0xa9, 0x5b, 0x82, 0x94, 0x03, 0xff, 0xff, 0xff, 0xff, 0xff, 
    0x42, 0xff, 0xff, 0xff, 0xff, 0xdd, 0x56, 0xae, 0xa4, 0x7a, 0x80, 0x11, 0x01, 0x40, 0x10, 0x00, 
    0x04, 0xbc, 0x76, 0x44, 0x10, 0x40, 0x13, 0x40, 0x00, 0x00, 0x15, 0x55, 0x54, 0x00, 0x00, 0x10, 
    0x05, 0x40, 0x10, 0x00, 0x50, 0x00, 0x05, 0x15, 0x55, 0x55, 0x55, 0x55, 0x55, 0x15, 0x00, 0x00, 
    0x05, 0x00, 0x55, 0x55, 0x55, 0x55, 0x55, 0x55, 0x55, 0x05, 0x55, 0x55, 0x55, 0x55, 0x55, 0x55, 
    0x55, 0x55, 0x45, 0x15, 0x55, 0x55, 0x54, 0x01, 0xaa, 0xa9, 0x55, 0x44, 0x6a, 0xaa, 0xaa, 0x50, 
    0x00, 0x00, 0x00, 0x00, 0x02, 0x46, 0x89, 0x28, 0x00, 0x00, 0x00, 0x04, 0x00, 0x00, 0x00, 0xbf, 
    0xff, 0xff, 0xff, 0xff, 0xff, 0xff, 0xff, 0xf0, 0x00, 0x0f, 0xff, 0xff, 0xff, 0x54, 0x55, 0xe5, 
    0x59, 0x55, 0x50, 0x10, 0x0f, 0xff, 0x45, 0x55, 0x40, 0x00, 0x00, 0x01, 0x50, 0x00, 0x00, 0x00, 
    0x1d, 0x01, 0x50, 0x01, 0x05, 0x55, 0x55, 0x55, 0x55, 0x55, 0x55, 0x15, 0x95, 0x65, 0x6a, 0x56, 
    0xaa, 0xaa, 0x6f, 0xff, 0xff, 0xff, 0xff, 0xff, 0xff, 0xfe, 0xff, 0xff, 0x7f, 0xff, 0xff, 0xff, 
    0xff, 0xff, 0x45, 0x45, 0x55, 0x55, 0x05, 0x55, 0x1b, 0xff, 0xfb, 0xff, 0xff, 0x85, 0xbf, 0xd1, 
    0xaa, 0xaa, 0x42, 0xfa, 0xff, 0xff, 0xe1, 0x44, 0x01, 0xab, 0xaf, 0xff, 0xaa, 0xaa, 0x5b, 0xfc, 
    0x2a, 0x94, 0x1f, 0xff, 0xff, 0xff, 0xff, 0xfd, 0x1f, 0xff, 0xff, 0xff, 0xff, 0x8e, 0xa6, 0xaa, 
    0xa4, 0x00, 0x00, 0x01, 0x00, 0x40, 0x10, 0x00, 0x04, 0x14, 0xa7, 0xe5, 0xa0, 0x00, 0x50, 0x54, 
    0x40, 0x00, 0x15, 0x55, 0x50, 0x00, 0x00, 0x00, 0x15, 0x40, 0x64, 0x00, 0x00, 0x00, 0x05, 0x15, 
    0x55, 0x55, 0x55, 0x55, 0x55, 0x54, 0x00, 0x00, 0x54, 0x10, 0x55, 0x55, 0x55, 0x55, 0x55, 0x05, 
    0x55, 0x15, 0x55, 0x55, 0x55, 0x55, 0x55, 0x54, 0x55, 0x51, 0x51, 0x55, 0x65, 0x55, 0x51, 0x01, 
    0x55, 0x55, 0x55, 0x54, 0x06, 0xa0, 0x55, 0x60, 0x00, 0x00, 0x00, 0x00, 0x04, 0x2a, 0x59, 0x28, 
    0x00, 0x00, 0x00, 0x04, 0x00, 0x00, 0x00, 0x2f, 0xff, 0xff, 0xff, 0xff, 0xbf, 0xff, 0xff, 0xc0, 
    0x00, 0x03, 0xff, 0xff, 0xe9, 0x55, 0x00, 0x55, 0x55, 0x55, 0x1f, 0x00, 0x7f, 0xff, 0x55, 0x55, 
    0x40, 0x00, 0x00, 0x05, 0x54, 0x00, 0x00, 0x00, 0x3f, 0x81, 0x51, 0x05, 0x11, 0x15, 0x55, 0x55, 
    0x55, 0x55, 0x55, 0x65, 0xa9, 0x69, 0x6a, 0x55, 0xaa, 0xaa, 0x7f, 0xff, 0xff, 0xff, 0xff, 0xff, 
    0xff, 0xff, 0x7f, 0xff, 0xaf, 0xff, 0xff, 0xff, 0xff, 0xff, 0x91, 0x55, 0x45, 0x05, 0x05, 0x55, 
    0x51, 0xbf, 0xe7, 0xff, 0xff, 0xd6, 0x2e, 0x06, 0xaa, 0xa9, 0x1b, 0xff, 0xeb, 0xff, 0xf4, 0x00, 
    0x06, 0xaa, 0xaa, 0xaa, 0xaa, 0xa6, 0xbf, 0xf4, 0x15, 0x68, 0xbf, 0xff, 0xff, 0xff, 0xff, 0xfe, 
    0x7f, 0xff, 0xff, 0xff, 0xff, 0x8e, 0x02, 0xaa, 0xa0, 0x00, 0x00, 0x15, 0x41, 0x40, 0x00, 0x40, 
    0x00, 0x10, 0x57, 0xfd, 0x60, 0x00, 0x00, 0x01, 0x40, 0x00, 0x15, 0x65, 0x40, 0x00, 0x00, 0x40, 
    0x55, 0x40, 0x68, 0x00, 0x00, 0x00, 0x05, 0x45, 0x45, 0x55, 0x55, 0x55, 0x51, 0x54, 0x00, 0x00, 
    0x51, 0x50, 0x55, 0x55, 0x55, 0x55, 0x55, 0x15, 0x54, 0x00, 0x15, 0x55, 0x55, 0x55, 0x55, 0x50, 
    0x54, 0x01, 0x55, 0x59, 0x50, 0x06, 0x41, 0x55, 0x55, 0x50, 0x15, 0x54, 0x40, 0x15, 0xaa, 0x60, 
    0x00, 0x00, 0x00, 0x00, 0x11, 0xaa, 0x1a, 0x7c, 0x00, 0x00, 0x00, 0x44, 0x40, 0x00, 0x00, 0x0b, 
    0xff, 0xff, 0xff, 0xff, 0x7f, 0xff, 0xfe, 0x07, 0x90, 0x54, 0x56, 0xfe, 0x05, 0x55, 0x55, 0x55, 
    0x55, 0x00, 0xbf, 0xeb, 0xff, 0xff, 0x15, 0x55, 0x40, 0x00, 0x00, 0x05, 0x54, 0x04, 0x00, 0x00, 
    0x7f, 0xe1, 0x51, 0x11, 0x44, 0x45, 0x55, 0x55, 0x55, 0x55, 0x5a, 0xa9, 0x5a, 0x6a, 0x6a, 0x95, 
    0xaa, 0xaa, 0x7f, 0xff, 0xff, 0xff, 0xff, 0xff, 0xff, 0xff, 0xaf, 0xff, 0xdf, 0xff, 0xff, 0xff, 
    0xff, 0xff, 0xd4, 0x55, 0x55, 0x55, 0x55, 0x55, 0x54, 0x06, 0xa2, 0xff, 0xfe, 0x41, 0x40, 0x1a, 
    0xaa, 0xa8, 0xbf, 0xfa, 0xbf, 0xfe, 0x40, 0x40, 0x6a, 0xaa, 0xaa, 0xaa, 0xa9, 0x6f, 0xfe, 0x50, 
    0x6a, 0x52, 0xff, 0xff, 0xff, 0xff, 0xff, 0xff, 0xff, 0xff, 0xff, 0xff, 0xff, 0x5f, 0x16, 0xaa, 
    0x20, 0x00, 0x00, 0x55, 0x55, 0x50, 0x00, 0x00, 0x00, 0x00, 0x55, 0x9d, 0x40, 0x40, 0x00, 0x05, 
    0x40, 0x00, 0x55, 0x55, 0x40, 0x00, 0x01, 0x41, 0x55, 0x40, 0x20, 0x00, 0x00, 0x00, 0x01, 0x01, 
    0x55, 0x55, 0x55, 0x55, 0x51, 0x50, 0x00, 0x00, 0x55, 0x55, 0x15, 0x55, 0x55, 0x55, 0x50, 0x55, 
    0x51, 0x40, 0x05, 0x55, 0x55, 0x55, 0x55, 0x55, 0x01, 0x55, 0x55, 0x55, 0x55, 0x55, 0x95, 0x55, 
    0x55, 0x01, 0x55, 0x55, 0x60, 0x15, 0x55, 0xa4, 0x04, 0x00, 0x00, 0x00, 0x05, 0xaa, 0xbf, 0x7c, 
    0x00, 0x00, 0x00, 0x04, 0x10, 0x00, 0x01, 0x82, 0xff, 0xff, 0xff, 0xfd, 0xbf, 0xff, 0xf8, 0x2f, 
    0xfe, 0x55, 0x54, 0x00, 0x15, 0x55, 0x55, 0x55, 0x55, 0x01, 0xff, 0xff, 0xff, 0xfe, 0x15, 0x55, 
    0x40, 0x00, 0x00, 0x05, 0x70, 0x00, 0x00, 0x00, 0xbf, 0xf8, 0x50, 0x41, 0x50, 0x11, 0x55, 0x55, 
    0x55, 0x01, 0x1a, 0xaa, 0x5a, 0x69, 0x6a, 0x95, 0xaa, 0xaa, 0x7f, 0xff, 0xff, 0xfe, 0xbf, 0xff, 
    0xff, 0xff, 0xdf, 0xff, 0xeb, 0xff, 0xff, 0xff, 0xff, 0xff, 0xe5, 0x55, 0x54, 0x05, 0x55, 0x55, 
    0x54, 0x00, 0x1a, 0xaa, 0x5b, 0xdb, 0xf0, 0x2a, 0xaa, 0xa0, 0xba, 0xff, 0xfa, 0x94, 0x54, 0x65, 
    0x6a, 0xaa, 0xaa, 0xa9, 0x16, 0xff, 0xfe, 0xa5, 0x40, 0x0f, 0xff, 0xff, 0xff, 0xff, 0xff, 0xff, 
    0xff, 0xef, 0xff, 0xff, 0xfe, 0x5f, 0x5a, 0xaa, 0x24, 0x00, 0x06, 0x95, 0x41, 0x40, 0x00, 0x00, 
    0x00, 0x00, 0x55, 0x04, 0x40, 0x50, 0x00, 0x01, 0x00, 0x05, 0x55, 0x56, 0x00, 0x00, 0x01, 0x55, 
    0x55, 0x40, 0x20, 0x64, 0x50, 0x00, 0x01, 0x01, 0x15, 0x55, 0x55, 0x55, 0x55, 0x40, 0x00, 0x01, 
    0x55, 0x55, 0x05, 0x55, 0x55, 0x55, 0x50, 0x55, 0x41, 0x01, 0x45, 0x55, 0x55, 0x55, 0x55, 0x55, 
    0x51, 0x55, 0x55, 0x55, 0x55, 0x55, 0x55, 0x55, 0x54, 0x00, 0x05, 0x41, 0x51, 0x01, 0xa5, 0xe0, 
    0x10, 0x00, 0x00, 0x00, 0x6f, 0xff, 0xff, 0x78, 0x00, 0x00, 0x00, 0x04, 0x14, 0x00, 0x00, 0xd0, 
    0xbf, 0xff, 0xff, 0xf9, 0xff, 0xff, 0xfc, 0x7f, 0xff, 0xf5, 0x55, 0x41, 0x15, 0x55, 0x55, 0x55, 
    0x55, 0x43, 0xff, 0xff, 0xff, 0xfc, 0x55, 0x54, 0x00, 0x00, 0x00, 0x01, 0x60, 0x04, 0x00, 0x01, 
    0xff, 0xfe, 0x54, 0x51, 0x55, 0x04, 0x55, 0x55, 0x54, 0x55, 0x6a, 0xaa, 0xaa, 0x69, 0x5a, 0xa5, 
    0x5a, 0xaa, 0x7f, 0xff, 0xff, 0xff, 0xff, 0xff, 0xff, 0xff, 0xeb, 0xff, 0xd3, 0xff, 0xff, 0xff, 
    0xff, 0xff, 0xf6, 0x15, 0x65, 0x06, 0x55, 0x55, 0x40, 0x00, 0x05, 0xaf, 0xff, 0xff, 0xd1, 0x5a, 
    0xaa, 0xad, 0x2f, 0xff, 0xea, 0xaa, 0xaa, 0xa5, 0x56, 0xaa, 0x91, 0xa5, 0x1f, 0xff, 0xff, 0xfa, 
    0x41, 0xbf, 0xff, 0xff, 0xff, 0xff, 0xff, 0xff, 0xff, 0xff, 0xff, 0xff, 0xfc, 0x1f, 0x5a, 0xaa, 
    0x28, 0x05, 0x69, 0x41, 0x40, 0x01, 0x00, 0x00, 0x00, 0x00, 0x01, 0x10, 0x40, 0x00, 0x00, 0x00, 
    0x00, 0x05, 0x55, 0x5b, 0x00, 0x00, 0x05, 0x55, 0x55, 0x01, 0x00, 0x55, 0x15, 0x00, 0x00, 0x40, 
    0x55, 0x45, 0x55, 0x55, 0x55, 0x40, 0x00, 0x00, 0x55, 0x55, 0x45, 0x55, 0x55, 0x55, 0x51, 0x40, 
    0x01, 0x55, 0x55, 0x55, 0x55, 0x55, 0x55, 0x55, 0x55, 0x54, 0x15, 0x55, 0x55, 0x55, 0x55, 0x5a, 
    0x51, 0x55, 0x55, 0x40, 0x05, 0x0a, 0xa9, 0xe0, 0x40, 0x00, 0x00, 0x0b, 0xff, 0xff, 0xff, 0x78, 
    0x00, 0x00, 0x00, 0x11, 0x08, 0x00, 0x00, 0xf4, 0x1f, 0xff, 0xff, 0xf2, 0xff, 0xff, 0xfc, 0xbf, 
    0xff, 0xfd, 0x15, 0x40, 0x00, 0x15, 0x55, 0x55, 0x65, 0x0b, 0xff, 0xff, 0xff, 0xfc, 0x55, 0x55, 
    0x00, 0x00, 0x00, 0x01, 0x40, 0x28, 0x00, 0x07, 0xff, 0xff, 0x54, 0x14, 0x55, 0x51, 0x50, 0x55, 
    0x51, 0x15, 0x6a, 0xaa, 0xaa, 0x69, 0x5a, 0xa9, 0x5a, 0x99, 0x7f, 0xff, 0xff, 0xff, 0xff, 0xff, 
    0xff, 0xff, 0xf7, 0xff, 0xe0, 0xff, 0xff, 0xff, 0xff, 0xff, 0xfd, 0x85, 0x45, 0x55, 0x55, 0x55, 
    0x50, 0x01, 0xab, 0xff, 0xff, 0xfe, 0x02, 0xaa, 0xaa, 0x7f, 0xbf, 0xea, 0xaf, 0xaa, 0x96, 0xa9, 
    0x10, 0x50, 0x04, 0x04, 0xbf, 0xff, 0xff, 0xff, 0xff, 0xff, 0xff, 0xff, 0xff, 0xff, 0xff, 0xff, 
    0xff, 0xff, 0xff, 0xff, 0xf4, 0x2b, 0x9a, 0xaa, 0x29, 0x00, 0x00, 0x00, 0x00, 0x14, 0x40, 0x00, 
    0x00, 0x00, 0x00, 0x10, 0x40, 0x00, 0x40, 0x00, 0x00, 0x05, 0x55, 0x5e, 0x60, 0x50, 0x25, 0x55, 
    0x54, 0x01, 0x40, 0x55, 0x45, 0x50, 0x00, 0x00, 0x51, 0x45, 0x54, 0x55, 0x55, 0x00, 0x00, 0x00, 
    0x00, 0x05, 0x55, 0x55, 0x55, 0x55, 0x40, 0x00, 0x00, 0x45, 0x55, 0x55, 0x55, 0x55, 0x54, 0x55, 
    0x55, 0x40, 0x55, 0x59, 0x55, 0x59, 0x95, 0x59, 0x81, 0x55, 0x55, 0x55, 0x40, 0x6a, 0xa9, 0xe1, 
    0x00, 0x00, 0x00, 0x1f, 0xff, 0xff, 0xff, 0x74, 0x40, 0x00, 0x00, 0x01, 0x02, 0x00, 0x00, 0xfe, 
    0x02, 0xff, 0xff, 0xc7, 0xff, 0xff, 0xf8, 0xff, 0xff, 0xff, 0x40, 0x00, 0x15, 0x15, 0x45, 0x50, 
    0x10, 0x1f, 0xff, 0xff, 0xff, 0xfc, 0x55, 0x54, 0x00, 0x00, 0x00, 0x01, 0x91, 0x10, 0x00, 0x0f, 
    0xff, 0xff, 0xd4, 0x05, 0x55, 0x55, 0x54, 0x00, 0x15, 0x55, 0x6a, 0xaa, 0xaa, 0x5a, 0x5a, 0xa9, 
    0x5a, 0x59, 0x7f, 0xff, 0xff, 0xff, 0xff, 0xff, 0xff, 0xff, 0xf9, 0xff, 0xf9, 0xff, 0xff, 0xff, 
    0xff, 0xff, 0xff, 0x55, 0x55, 0xa5, 0x55, 0x55, 0x54, 0x01, 0xab, 0xff, 0xff, 0xfe, 0x01, 0xa6, 
    0x50, 0xfb, 0xfe, 0xaa, 0xaa, 0xaa, 0x99, 0xaa, 0xaa, 0x55, 0x05, 0x0b, 0xff, 0xff, 0xff, 0xff, 
    0xff, 0xff, 0xff, 0xff, 0xff, 0xff, 0xff, 0xff, 0xff, 0xff, 0xff, 0xff, 0xd0, 0x07, 0x9a, 0x9a, 
    0x2a, 0x00, 0x00, 0x00, 0x00, 0x55, 0x60, 0x00, 0x00, 0x00, 0x00, 0x00, 0x00, 0x00, 0x40, 0x00, 
    0x00, 0x05, 0x15, 0x6f, 0xd5, 0x10, 0x65, 0x55, 0x50, 0x01, 0x41, 0x55, 0x55, 0x55, 0x00, 0x00, 
    0x55, 0x41, 0x54, 0x15, 0x50, 0x00, 0x00, 0x00, 0x00, 0x05, 0x55, 0x55, 0x55, 0x55, 0x40, 0x00, 
    0x00, 0x00, 0x55, 0x55, 0x54, 0x55, 0x41, 0x55, 0x10, 0x01, 0x56, 0x95, 0x56, 0x99, 0x55, 0x95, 
    0x55, 0x55, 0x55, 0x56, 0x41, 0xaa, 0xa6, 0xe1, 0x00, 0x00, 0x00, 0x3f, 0xff, 0xff, 0xff, 0xb1, 
    0xc0, 0x00, 0x00, 0x00, 0x01, 0x40, 0x00, 0xbf, 0xc0, 0x7f, 0xfe, 0x1f, 0xff, 0xff, 0xf2, 0xff, 
    0xff, 0xff, 0xd2, 0xbf, 0x81, 0x55, 0x2f, 0xff, 0x90, 0x3f, 0xff, 0xff, 0xff, 0xfd, 0x55, 0x54, 
    0x00, 0x00, 0x00, 0x01, 0x41, 0x40, 0x00, 0x2f, 0xff, 0xff, 0xd5, 0x14, 0x15, 0x55, 0x55, 0x55, 
    0x55, 0x55, 0x5a, 0xaa, 0xa9, 0xaa, 0x56, 0xaa, 0x56, 0x59, 0x3f, 0xff, 0xff, 0xff, 0xff, 0xff, 
    0xff, 0xff, 0xfd, 0xff, 0xfe, 0xff, 0xff, 0xff, 0xff, 0xff, 0xff, 0x81, 0x55, 0x65, 0x55, 0x55, 
    0x05, 0x04, 0xfb, 0xff, 0xff, 0xff, 0x68, 0x64, 0x06, 0xfa, 0xaa, 0xaa, 0xaa, 0xaa, 0xaa, 0xaa, 
    0xa5, 0x95, 0x00, 0x0f, 0xff, 0xff, 0xff, 0xff, 0xff, 0xff, 0xff, 0xff, 0xff, 0xff, 0xff, 0xef, 
    0xff, 0xff, 0xff, 0xff, 0xc0, 0x07, 0x9a, 0x4a, 0x6a, 0x80, 0x00, 0x00, 0x00, 0x55, 0x50, 0x00, 
    0x45, 0x00, 0x00, 0x00, 0x00, 0x00, 0x00, 0x00, 0x00, 0x00, 0x15, 0x7f, 0x50, 0x00, 0x95, 0x55, 
    0x40, 0x01, 0x45, 0x55, 0x59, 0x55, 0x40, 0x00, 0x55, 0x40, 0x55, 0x55, 0x40, 0x00, 0x00, 0x00, 
    0x04, 0x05, 0x55, 0x55, 0x55, 0x41, 0x00, 0x00, 0x00, 0x00, 0x05, 0x55, 0x55, 0x59, 0x55, 0x50, 
    0x05, 0x55, 0x55, 0x55, 0x55, 0x55, 0x55, 0x55, 0x55, 0x55, 0x50, 0x40, 0x51, 0x55, 0x56, 0xd0, 
    0x40, 0x00, 0x00, 0xff, 0xff, 0xff, 0xff, 0xb3, 0xc0, 0x50, 0x00, 0x00, 0x00, 0x50, 0x00, 0x7f, 
    0xf4, 0x06, 0x90, 0x7f, 0xff, 0xff, 0xdb, 0xff, 0xff, 0xff, 0xff, 0xff, 0xf9, 0x55, 0xff, 0xff, 
    0xff, 0xff, 0xff, 0xff, 0xff, 0xfd, 0x55, 0x50, 0x00, 0x00, 0x00, 0x00, 0x01, 0x40, 0x00, 0x3f, 
    0xff, 0xff, 0xe5, 0x15, 0x05, 0x55, 0x55, 0x55, 0x55, 0x55, 0x6a, 0xaa, 0xaa, 0xa6, 0x56, 0xaa, 
    0x56, 0x59, 0x2f, 0xff, 0xff, 0xff, 0xff, 0xff, 0xff, 0xff, 0xff, 0xbf, 0xff, 0xbf, 0xff, 0xff, 
    0xff, 0xff, 0xff, 0xd0, 0x55, 0x55, 0x55, 0x55, 0x40, 0x50, 0xff, 0xff, 0xff, 0xff, 0xfa, 0x29, 
    0x27, 0xfa, 0xaa, 0xaa, 0xaa, 0xaa, 0xaa, 0xaa, 0xa9, 0x95, 0x01, 0xef, 0xff, 0xff, 0xff, 0xff, 
    0xff, 0xff, 0xff, 0xff, 0xff, 0xff, 0xff, 0xff, 0xff, 0xef, 0xd2, 0xff, 0x41, 0xbb, 0xda, 0x9a, 
    0x6a, 0xa4, 0x00, 0x00, 0x01, 0x55, 0x10, 0x22, 0x40, 0x00, 0x00, 0x00, 0x00, 0x00, 0x00, 0x00, 
    0x00, 0x00, 0x15, 0x9f, 0x40, 0x01, 0x95, 0x55, 0x00, 0x01, 0x45, 0x56, 0x59, 0x55, 0x54, 0x00, 
    0x15, 0x14, 0x55, 0x55, 0x00, 0x00, 0x00, 0x00, 0x15, 0x00, 0x51, 0x55, 0x55, 0x40, 0x00, 0x00, 
    0x00, 0x00, 0x00, 0x11, 0x44, 0x09, 0x55, 0x50, 0x55, 0x55, 0x55, 0x55, 0x55, 0x55, 0x55, 0x55, 
    0x55, 0x55, 0x50, 0x01, 0x81, 0x5b, 0xf7, 0xc0, 0x40, 0x00, 0x02, 0xff, 0xff, 0xff, 0xff, 0xa7, 
    0xc0, 0xa0, 0x00, 0x00, 0x00, 0x14, 0x00, 0x3f, 0xff, 0x40, 0x03, 0xff, 0xff, 0xfe, 0x2f, 0xff, 
    0xff, 0xfa, 0xff, 0xff, 0xff, 0xff, 0xff, 0xff, 0xff, 0xff, 0xff, 0xff, 0xff, 0xf5, 0x55, 0x50, 
    0x00, 0x00, 0x08, 0x00, 0x45, 0x00, 0x00, 0xbf, 0xff, 0xff, 0xf5, 0x15, 0x55, 0x55, 0x55, 0x55, 
    0x55, 0x65, 0xa5, 0xaa, 0xaa, 0xa5, 0x56, 0xaa, 0x95, 0x59, 0x0f, 0xff, 0xff, 0xff, 0xff, 0xd7, 
    0xff, 0xff, 0xff, 0xbf, 0xff, 0xbf, 0xff, 0xff, 0xff, 0xff, 0xff, 0xf0, 0x55, 0x55, 0x55, 0x55, 
    0x00, 0x51, 0xff, 0xff, 0xff, 0xff, 0xfe, 0x69, 0x67, 0xfa, 0xaa, 0xaa, 0xaa, 0xaa, 0xaa, 0xaa, 
    0xa4, 0x41, 0xaa, 0x3f, 0xff, 0xff, 0xff, 0xff, 0xff, 0xff, 0xff, 0xff, 0xff, 0xff, 0xff, 0xbf, 
    0xff, 0x4b, 0xc0, 0xfe, 0x00, 0x97, 0xea, 0x6e, 0x2a, 0xbd, 0x00, 0x10, 0x01, 0x05, 0x40, 0x0a, 
    0x09, 0x40, 0x00, 0x00, 0x00, 0x00, 0x00, 0x00, 0x00, 0x00, 0x10, 0x9f, 0x40, 0x01, 0x95, 0x55, 
    0x00, 0x01, 0x45, 0x55, 0xa9, 0x51, 0x55, 0x00, 0x05, 0x54, 0x15, 0x54, 0x00, 0x00, 0x00, 0x00, 
    0x05, 0x40, 0x40, 0x55, 0x55, 0x40, 0x00, 0x00, 0x00, 0x55, 0x15, 0x55, 0x45, 0x00, 0x00, 0x50, 
    0x15, 0x15, 0x55, 0x55, 0x55, 0x55, 0x55, 0x54, 0x15, 0x55, 0x55, 0x54, 0x07, 0xff, 0xf7, 0xc5, 
    0x40, 0x00, 0x03, 0xff, 0xff, 0xff, 0xff, 0xdb, 0xc0, 0xf0, 0x00, 0x00, 0x00, 0x04, 0x00, 0x2f, 
    0xff, 0xf9, 0x47, 0xff, 0xff, 0xe5, 0xff, 0xff, 0xff, 0xfe, 0x7f, 0xff, 0xff, 0xff, 0xff, 0xff, 
    0xff, 0xff, 0xff, 0xff, 0xff, 0xd5, 0x55, 0x14, 0x00, 0x00, 0x1c, 0x00, 0x14, 0x00, 0x00, 0xff, 
    0xff, 0xff, 0xf5, 0x45, 0x55, 0x55, 0x55, 0x55, 0x55, 0xaa, 0xa5, 0xaa, 0xaa, 0xa9, 0x52, 0xaa, 
    0x95, 0x58, 0x0b, 0xff, 0xff, 0xff, 0xff, 0xeb, 0xff, 0xff, 0xff, 0xdb, 0xff, 0xdf, 0xff, 0xff, 
    0xbf, 0xff, 0xff, 0xf8, 0x15, 0x55, 0x50, 0x55, 0x41, 0x55, 0xff, 0xff, 0xfb, 0xff, 0xfe, 0x68, 
    0x0b, 0xba, 0xaa, 0xaa, 0xaa, 0xaa, 0xaa, 0xaa, 0x90, 0x19, 0x55, 0x97, 0xff, 0xff, 0xff, 0xff, 
    0xff, 0xff, 0xff, 0xff, 0xff, 0xff, 0xff, 0xbf, 0xff, 0x0f, 0xc3, 0xfc, 0x00, 0x56, 0xea, 0xbe, 
    0x2a, 0xbe, 0x14, 0x00, 0x00, 0x00, 0x00, 0x01, 0x07, 0x00, 0x00, 0x00, 0x00, 0x00, 0x00, 0x00, 
    0x00, 0x00, 0x10, 0xb9, 0x40, 0x02, 0x95, 0x54, 0x00, 0x01, 0x51, 0x55, 0x65, 0x54, 0x55, 0x40, 
    0x41, 0x10, 0x05, 0x00, 0x00, 0x00, 0x00, 0x00, 0x01, 0x41, 0x55, 0x05, 0x54, 0x00, 0x00, 0x00, 
    0x00, 0x55, 0x55, 0x55, 0x55, 0x54, 0x00, 0x00, 0x05, 0x55, 0x55, 0x15, 0x55, 0x55, 0x55, 0x05, 
    0x54, 0x55, 0x54, 0x00, 0x0b, 0xff, 0xf7, 0xc5, 0x40, 0x00, 0x0f, 0xff, 0xff, 0xff, 0xff, 0xcf, 
    0x81, 0xf4, 0x00, 0x00, 0x00, 0x00, 0x40, 0x1f, 0xff, 0xff, 0xfe, 0x6a, 0xaa, 0xaf, 0xff, 0xff, 
    0xff, 0xff, 0xaf, 0xff, 0xff, 0xff, 0xff, 0xff, 0xff, 0xfe, 0xff, 0xff, 0xff, 0x95, 0x54, 0x40, 
    0x00, 0x00, 0x2c, 0x04, 0x14, 0x00, 0x02, 0xff, 0xff, 0xff, 0xf8, 0x45, 0x55, 0x55, 0x56, 0xa5, 
    0x56, 0xaa, 0xaa, 0xaa, 0xaa, 0xaa, 0x95, 0xaa, 0xa1, 0x58, 0x03, 0xff, 0xff, 0xff, 0xff, 0xff, 
    0xff, 0xff, 0xff, 0xea, 0xff, 0xeb, 0xff, 0xff, 0xff, 0xff, 0xff, 0xfd, 0x05, 0x55, 0x56, 0xd4, 
    0x15, 0x54, 0xbf, 0xff, 0xff, 0xff, 0xfa, 0x4a, 0x5a, 0xea, 0xaa, 0xaa, 0xaa, 0x6a, 0xaa, 0x96, 
    0xa5, 0x9a, 0xa8, 0x96, 0xff, 0xff, 0xff, 0xfe, 0xff, 0xff, 0xff, 0xfb, 0xff, 0xff, 0xfe, 0xbf, 
    0xff, 0xaf, 0x4b, 0xf0, 0x01, 0x01, 0xda, 0xbe, 0x2b, 0xfe, 0x2f, 0x80, 0x00, 0x00, 0x00, 0x00, 
    0x00, 0x00, 0x00, 0x00, 0x00, 0x00, 0x00, 0x00, 0x00, 0x00, 0x00, 0x24, 0x00, 0x01, 0x55, 0x54, 
    0x00, 0x01, 0x11, 0x65, 0x55, 0xa5, 0x55, 0x50, 0x40, 0x00, 0x00, 0x00, 0x00, 0x00, 0x00, 0x00, 
    0x00, 0x15, 0x55, 0x01, 0x54, 0x00, 0x00, 0x00, 0x41, 0x55, 0x55, 0x55, 0x55, 0x55, 0x00, 0x00, 
    0x15, 0x55, 0x55, 0x00, 0x00, 0x40, 0x55, 0x50, 0x15, 0x55, 0x00, 0x06, 0xbf, 0xff, 0xeb, 0xd5, 
    0x00, 0x00, 0x1f, 0xff, 0xff, 0xff, 0xff, 0xdf, 0x42, 0xfc, 0x00, 0x00, 0x00, 0x00, 0x10, 0x0f, 
    0xfb, 0xff, 0xff, 0xff, 0xff, 0xff, 0xff, 0xff, 0xff, 0xff, 0xdf, 0xff, 0xff, 0xff, 0xff, 0xff, 
    0xff, 0xf4, 0xff, 0xff, 0xff, 0x55, 0x55, 0x00, 0x00, 0x00, 0x69, 0x00, 0x10, 0x00, 0x03, 0xff, 
    0xff, 0xff, 0xfd, 0x51, 0x50, 0x15, 0x56, 0x55, 0x56, 0x6a, 0xaa, 0xaa, 0xaa, 0xaa, 0xa5, 0xaa, 
    0xa2, 0x54, 0x02, 0xff, 0xff, 0xff, 0xff, 0xff, 0xff, 0xff, 0xff, 0xf6, 0xff, 0xf7, 0xff, 0xff, 
    0xff, 0xff, 0xff, 0xff, 0x01, 0x55, 0x66, 0xa5, 0x55, 0x55, 0x2f, 0xff, 0xff, 0xff, 0xea, 0x5a, 
    0x6a, 0xaa, 0xaa, 0x8a, 0xaa, 0xaa, 0xaa, 0xaa, 0x55, 0x55, 0x14, 0x6f, 0xff, 0xff, 0xff, 0xff, 
    0xff, 0xff, 0xff, 0xff, 0xff, 0xff, 0xfe, 0xbe, 0xbf, 0xbe, 0x17, 0xd0, 0x05, 0x00, 0xde, 0xae, 
    0x2b, 0xfe, 0x2f, 0xa4, 0x00, 0x00, 0x05, 0x00, 0x04, 0x00, 0x05, 0x00, 0x00, 0x00, 0x00, 0x00, 
    0x00, 0x00, 0x00, 0x40, 0x00, 0x01, 0x00, 0x00, 0x00, 0x00, 0x51, 0x55, 0x55, 0xa5, 0x51, 0x50, 
    0x54, 0x00, 0x00, 0x00, 0x00, 0x00, 0x00, 0x00, 0x00, 0x05, 0x55, 0x14, 0x50, 0x00, 0x00, 0x00, 
    0x10, 0x55, 0x55, 0x50, 0x15, 0x50, 0x00, 0x01, 0x55, 0x55, 0x55, 0x05, 0x40, 0x55, 0x55, 0x55, 
    0x55, 0x00, 0x05, 0xbf, 0xff, 0xff, 0xdf, 0xd5, 0x00, 0x00, 0x3f, 0xff, 0xff, 0xff, 0xff, 0xef, 
    0x43, 0xfd, 0x00, 0x00, 0x00, 0x00, 0x00, 0x0b, 0xfb, 0xff, 0xff, 0xff, 0xff, 0xff, 0xff, 0xff, 
    0xff, 0xff, 0xdf, 0xff, 0xff, 0xff, 0xff, 0xff, 0xff, 0xff, 0xff, 0xff, 0xfd, 0x55, 0x54, 0x00, 
    0x00, 0x00, 0x86, 0x00, 0x10, 0x00, 0x07, 0xff, 0xff, 0xff, 0xfe, 0x50, 0x54, 0x55, 0x55, 0x55, 
    0x55, 0xaa, 0x6a, 0xaa, 0xaa, 0xaa, 0x95, 0xaa, 0xa5, 0x94, 0x00, 0xff, 0xff, 0xff, 0xff, 0xff, 
    0xff, 0xff, 0xff, 0xfd, 0xbf, 0xfe, 0xff, 0xff, 0xff, 0xff, 0xff, 0xff, 0x81, 0x55, 0x65, 0xa5, 
    0x55, 0x55, 0x1f, 0xfb, 0xef, 0xfe, 0xaa, 0x6a, 0x6a, 0xba, 0xa6, 0x9a, 0xaa, 0xaa, 0xaa, 0x56, 
    0xaa, 0xa9, 0xa5, 0xef, 0xff, 0xff, 0xff, 0xff, 0xdb, 0xef, 0xff, 0xff, 0xff, 0xff, 0xfa, 0xbd, 
    0x69, 0x7c, 0x6b, 0xd0, 0x09, 0x40, 0x8e, 0xab, 0xff, 0xea, 0x2f, 0xaa, 0x00, 0x00, 0x05, 0x40, 
    0x01, 0x00, 0x10, 0x00, 0x00, 0x00, 0x00, 0x00, 0x00, 0x00, 0x00, 0x00, 0x00, 0x01, 0x15, 0x00, 
    0x00, 0x00, 0x15, 0x55, 0x55, 0x55, 0x50, 0x40, 0x55, 0x00, 0x00, 0x00, 0x00, 0x00, 0x00, 0x00, 
    0x00, 0x00, 0x50, 0x04, 0x10, 0x00, 0x00, 0x00, 0x00, 0x14, 0x55, 0x40, 0x10, 0x00, 0x00, 0x00, 
    0x55, 0x54, 0x00, 0x40, 0x04, 0x55, 0x55, 0x55, 0x40, 0x1b, 0xff, 0xff, 0xff, 0xff, 0xde, 0xd5, 
    0x04, 0x00, 0x3f, 0xff, 0xff, 0xff, 0xff, 0xdf, 0x43, 0xff, 0x00, 0x00, 0x00, 0x00, 0x00, 0x07, 
    0xfb, 0xff, 0xff, 0xff, 0xff, 0xff, 0xff, 0xff, 0xff, 0xff, 0xeb, 0xff, 0xff, 0xff, 0xff, 0xff, 
    0xff, 0xff, 0xef, 0xff, 0xf9, 0x55, 0x40, 0x00, 0x00, 0x00, 0x9e, 0x41, 0x00, 0x00, 0x1f, 0xff, 
    0xff, 0xff, 0xff, 0x14, 0x15, 0x55, 0x55, 0x55, 0x55, 0x6a, 0xaa, 0xaa, 0xaa, 0xaa, 0x95, 0x6a, 
    0xa9, 0x90, 0x00, 0x7f, 0xff, 0xff, 0xff, 0xff, 0xff, 0xff, 0xff, 0xfd, 0xaf, 0xfd, 0xff, 0xff, 
    0xfe, 0xff, 0xff, 0xff, 0xd0, 0x55, 0x59, 0x65, 0x50, 0x55, 0x4b, 0xff, 0xfb, 0xff, 0xa9, 0xe9, 
    0xaa, 0x94, 0x6a, 0xaa, 0xaa, 0xaa, 0xaa, 0xa5, 0xa5, 0xa6, 0x56, 0x5f, 0xff, 0xff, 0xff, 0xff, 
    0xb9, 0x6f, 0xff, 0xff, 0xff, 0xfe, 0xa2, 0xa0, 0x00, 0x26, 0x6f, 0xe4, 0x05, 0x40, 0x0a, 0xaa, 
    0x6f, 0xda, 0x1f, 0xaa, 0x40, 0x00, 0x04, 0x00, 0x00, 0x40, 0x00, 0x00, 0x00, 0x00, 0x00, 0x00, 
    0x00, 0x00, 0x00, 0x00, 0x00, 0x01, 0x05, 0x00, 0x00, 0x00, 0x15, 0x55, 0x55, 0x55, 0x54, 0x00, 
    0x55, 0x00, 0x00, 0x00, 0x00, 0x00, 0x00, 0x00, 0x00, 0x00, 0x50, 0x41, 0x00, 0x00, 0x00, 0x00, 
    0x00, 0x01, 0x51, 0x55, 0x00, 0x00, 0x10, 0x14, 0x50, 0x00, 0x10, 0x15, 0x55, 0x55, 0x55, 0x40, 
    0x1b, 0xff, 0xff, 0xff, 0xff, 0xff, 0xdc, 0xd4, 0x14, 0x00, 0x3f, 0xfc, 0xbf, 0xff, 0xff, 0x9f, 
    0x47, 0xff, 0x50, 0x00, 0x00, 0x00, 0x00, 0x03, 0xfb, 0xff, 0xff, 0xff, 0xff, 0xff, 0xff, 0xff, 
    0xff, 0xff, 0xeb, 0xff, 0xff, 0xff, 0xff, 0xff, 0xff, 0xff, 0xef, 0xff, 0xf1, 0x55, 0x00, 0x00, 
    0x00, 0x00, 0xaa, 0x40, 0x40, 0x00, 0x3f, 0xff, 0xff, 0xff, 0xff, 0x85, 0x05, 0x55, 0x55, 0x55, 
    0x55, 0x5a, 0xaa, 0xaa, 0xaa, 0xaa, 0x96, 0x6a, 0xa8, 0x54, 0x00, 0x1f, 0xff, 0xff, 0xff, 0xff, 
    0xfe, 0x41, 0xff, 0xff, 0x6f, 0xff, 0xbf, 0xff, 0xfe, 0x7f, 0xff, 0xff, 0xf4, 0x15, 0x55, 0x55, 
    0x55, 0x45, 0x53, 0xff, 0xaa, 0xaa, 0xaa, 0xa8, 0x69, 0x7f, 0x94, 0xaa, 0xaa, 0xaa, 0xaa, 0xa9, 
    0x6a, 0xaa, 0xa5, 0x7f, 0xff, 0xff, 0xff, 0xff, 0xff, 0xff, 0xff, 0xff, 0xff, 0xfd, 0x46, 0x80, 
    0x14, 0x0b, 0x7f, 0xf8, 0x05, 0x00, 0x0b, 0xa8, 0x6f, 0xfa, 0x1f, 0xaa, 0x44, 0x00, 0x00, 0x50, 
    0x00, 0x00, 0x00, 0x00, 0x00, 0x00, 0x00, 0x00, 0x00, 0x00, 0x00, 0x00, 0x00, 0x01, 0x00, 0x00, 
    0x00, 0x00, 0x15, 0x55, 0x55, 0x55, 0x55, 0x05, 0x50, 0x00, 0x00, 0x00, 0x00, 0x00, 0x00, 0x00, 
    0x00, 0x04, 0x55, 0x15, 0x00, 0x00, 0x01, 0x55, 0x00, 0x01, 0x55, 0x40, 0x00, 0x00, 0x00, 0x00, 
    0x00, 0x00, 0x05, 0x55, 0x55, 0x55, 0x00, 0x5b, 0xff, 0xff, 0xff, 0xff, 0xff, 0xff, 0x8c, 0x90, 
    0x10, 0x00, 0x3f, 0xe0, 0x7f, 0xbf, 0xff, 0xab, 0x8f, 0xff, 0xc4, 0x00, 0x00, 0x00, 0x00, 0x01, 
    0xfb, 0xff, 0xff, 0xff, 0xff, 0xff, 0xff, 0xff, 0xff, 0xff, 0xfb, 0xff, 0xff, 0xff, 0xff, 0xff, 
    0xff, 0xff, 0xff, 0xff, 0xd5, 0x54, 0x00, 0x00, 0x00, 0x00, 0xa9, 0x50, 0x00, 0x00, 0x3f, 0xff, 
    0xff, 0xff, 0xff, 0xc5, 0x44, 0x45, 0x55, 0x55, 0x55, 0x6a, 0xaa, 0xaa, 0xaa, 0xaa, 0x96, 0x6a, 
    0xa9, 0x14, 0x00, 0x0b, 0xff, 0xff, 0xff, 0xff, 0xfc, 0x6f, 0xaf, 0xff, 0xab, 0xff, 0x7f, 0xff, 
    0xff, 0xaf, 0xff, 0xff, 0xfc, 0x05, 0x69, 0x55, 0x15, 0x05, 0x52, 0xff, 0xfe, 0xaa, 0x42, 0xa5, 
    0x0b, 0xff, 0xfa, 0xaa, 0xaa, 0xaa, 0x6a, 0x96, 0xaa, 0xaa, 0x9a, 0x7f, 0xff, 0xff, 0xff, 0xff, 
    0xfa, 0xbf, 0xff, 0xff, 0xff, 0xfe, 0x40, 0x14, 0x14, 0x0f, 0x7f, 0xff, 0x53, 0x80, 0x0b, 0xe8, 
    0xbf, 0xba, 0x1a, 0xab, 0x85, 0x00, 0x05, 0x00, 0x00, 0x00, 0x00, 0x00, 0x00, 0x00, 0x00, 0x00, 
    0x00, 0x00, 0x00, 0x00, 0x00, 0x01, 0x00, 0x00, 0x00, 0x00, 0x15, 0x55, 0x55, 0x55, 0x55, 0x50, 
    0x00, 0x00, 0x00, 0x00, 0x00, 0x00, 0x00, 0x00, 0x00, 0x00, 0x15, 0x54, 0x00, 0x00, 0x05, 0x55, 
    0x55, 0x50, 0x50, 0x00, 0x00, 0x00, 0x00, 0x05, 0x40, 0x05, 0x55, 0x55, 0x55, 0x40, 0x6f, 0xff, 
    0xff, 0xff, 0xff, 0xff, 0xff, 0xff, 0x48, 0x60, 0x14, 0x00, 0x3e, 0x00, 0x6a, 0xff, 0xff, 0x65, 
    0xdf, 0xff, 0xe8, 0x00, 0x00, 0x00, 0x00, 0x00, 0xbf, 0xff, 0xff, 0xff, 0xff, 0xff, 0xff, 0xff, 
    0xff, 0xff, 0xe7, 0xff, 0xff, 0xff, 0xff, 0xff, 0xff, 0xff, 0xff, 0xff, 0x85, 0x01, 0x10, 0x00, 
    0x00, 0x00, 0x6e, 0xa4, 0x00, 0x00, 0xbf, 0xff, 0xff, 0xff, 0xff, 0xe1, 0x51, 0x55, 0x55, 0x55, 
    0x55, 0x5a, 0xaa, 0xaa, 0xaa, 0xaa, 0x5a, 0x6a, 0xaa, 0x45, 0x00, 0x02, 0xff, 0xff, 0xff, 0xff, 
    0xfb, 0xff, 0x7f, 0xff, 0xdb, 0xff, 0xdf, 0xff, 0xff, 0xdb, 0xff, 0xff, 0xfe, 0x05, 0x6f, 0x95, 
    0x55, 0x55, 0x54, 0xbf, 0xfa, 0xaa, 0x46, 0xa1, 0x55, 0x6a, 0xaa, 0xaa, 0xaa, 0xa9, 0xaa, 0x5a, 
    0xaa, 0xaa, 0x8a, 0xff, 0xff, 0xff, 0xff, 0xff, 0xea, 0xaf, 0xff, 0xe9, 0xff, 0xff, 0x41, 0x54, 
    0x15, 0x2e, 0xff, 0xff, 0xff, 0x04, 0x0a, 0xe9, 0xbf, 0xaa, 0x1a, 0xab, 0x86, 0x96, 0xaa, 0x40, 
    0x90, 0x00, 0x00, 0x00, 0x00, 0x00, 0x00, 0x00, 0x00, 0x00, 0x10, 0x00, 0x00, 0x01, 0x00, 0x00, 
    0x00, 0x00, 0x55, 0x55, 0x55, 0x55, 0x55, 0x54, 0x00, 0x00, 0x00, 0x00, 0x00, 0x00, 0x00, 0x00, 
    0x00, 0x55, 0x55, 0x50, 0x00, 0x00, 0x00, 0x55, 0x40, 0x00, 0x01, 0x50, 0x00, 0x00, 0x10, 0x55, 
    0x41, 0x55, 0x55, 0x55, 0x41, 0xaf, 0xff, 0xff, 0xff, 0xff, 0xff, 0xff, 0xff, 0xff, 0x18, 0x20, 
    0x40, 0x00, 0x10, 0x01, 0xbf, 0xff, 0xff, 0x60, 0x1f, 0xff, 0xf2, 0x00, 0x00, 0x00, 0x00, 0x00, 
    0x2f, 0xff, 0xff, 0xff, 0xff, 0xff, 0xff, 0xff, 0xff, 0xff, 0xdb, 0xff, 0xff, 0xff, 0xfe, 0x51, 
    0xff, 0xff, 0xff, 0xff, 0x55, 0x01, 0x50, 0x00, 0x00, 0x00, 0x3f, 0xd5, 0x00, 0x00, 0xbf, 0xff, 
    0xff, 0xff, 0xff, 0xf4, 0x54, 0x55, 0x15, 0x55, 0x54, 0x16, 0xaa, 0xaa, 0xaa, 0xaa, 0x6a, 0x5a, 
    0xaa, 0x99, 0x00, 0x00, 0xbf, 0xff, 0xff, 0xff, 0xff, 0xff, 0xff, 0xff, 0xea, 0xff, 0xef, 0xff, 
    0xff, 0xea, 0xff, 0xff, 0xff, 0x47, 0x59, 0xf9, 0x05, 0x55, 0x55, 0x7e, 0xba, 0x54, 0x0a, 0xa9, 
    0xa9, 0xaa, 0xaa, 0xaa, 0xaa, 0xa6, 0xa6, 0xaa, 0xaa, 0xaa, 0x8f, 0xff, 0xff, 0xff, 0xff, 0xff, 
    0xaa, 0xaa, 0xfe, 0x42, 0xff, 0xff, 0x06, 0x99, 0x09, 0x3f, 0xff, 0xff, 0xfe, 0x08, 0x06, 0xf9, 
    0x7f, 0xea, 0x1a, 0x6b, 0x85, 0xaa, 0xba, 0x80, 0xb4, 0x00, 0x00, 0x00, 0x01, 0x01, 0x40, 0x00, 
    0x00, 0x00, 0x14, 0x00, 0x00, 0x01, 0x00, 0x00, 0x00, 0x00, 0x55, 0x55, 0x65, 0x55, 0x51, 0x54, 
    0x00, 0x00, 0x00, 0x00, 0x00, 0x00, 0x00, 0x00, 0x01, 0x55, 0x95, 0x64, 0x00, 0x00, 0x00, 0x50, 
    0x00, 0x00, 0x03, 0xe4, 0x00, 0x15, 0x50, 0x15, 0x01, 0x00, 0x55, 0x00, 0x6f, 0xff, 0xff, 0xff, 
    0xff, 0xff, 0xff, 0xff, 0xff, 0xfe, 0x14, 0x20, 0x50, 0x00, 0x00, 0x1f, 0xff, 0xff, 0xff, 0x20, 
    0x1f, 0xff, 0xf9, 0x80, 0x00, 0x00, 0x00, 0x00, 0x0f, 0xff, 0xff, 0xff, 0xff, 0xff, 0xff, 0xff, 
    0xff, 0xff, 0xcf, 0xff, 0xff, 0xff, 0x9b, 0x94, 0x1f, 0xff, 0xff, 0xfd, 0x54, 0x41, 0x14, 0x00, 
    0x00, 0x00, 0x1f, 0xc1, 0x40, 0x00, 0xff, 0xff, 0x9b, 0xff, 0xff, 0xfd, 0x55, 0x44, 0x45, 0x55, 
    0x55, 0x65, 0xaa, 0xaa, 0xaa, 0xaa, 0x6a, 0x9a, 0xaa, 0x5a, 0x40, 0x00, 0x3f, 0xff, 0xff, 0xff, 
    0xff, 0xff, 0xfb, 0xff, 0xf6, 0xff, 0xf7, 0xff, 0xff, 0xfa, 0xbf, 0xff, 0xff, 0xc7, 0xd6, 0xbf, 
    0xe4, 0x15, 0x55, 0x1f, 0xa4, 0x6a, 0x4a, 0xa6, 0xa6, 0xaa, 0xaa, 0xaa, 0xaa, 0xaa, 0xaa, 0xaa, 
    0xaa, 0xaa, 0xbf, 0xff, 0xff, 0xff, 0xff, 0xfe, 0x96, 0xaf, 0xa5, 0x5b, 0xff, 0xff, 0x5a, 0x86, 
    0x09, 0xbf, 0xff, 0xff, 0xfd, 0x08, 0x02, 0xf9, 0xaf, 0xaa, 0x1a, 0xbf, 0x91, 0xab, 0xba, 0x90, 
    0xbe, 0x09, 0x10, 0x00, 0x00, 0x41, 0x40, 0x00, 0x00, 0x00, 0x14, 0x00, 0x00, 0x01, 0x00, 0x00, 
    0x00, 0x00, 0x15, 0x55, 0x55, 0x55, 0x55, 0x55, 0x00, 0x00, 0x00, 0x00, 0x00, 0x00, 0x00, 0x00, 
    0x01, 0x69, 0x55, 0x50, 0x00, 0x04, 0x00, 0x10, 0x00, 0x55, 0x40, 0x14, 0x01, 0x51, 0x40, 0x00, 
    0x00, 0x04, 0x05, 0xff, 0xff, 0xff, 0xff, 0xff, 0xff, 0xff, 0xff, 0xff, 0xff, 0xf8, 0x10, 0x24, 
    0x50, 0x00, 0x0b, 0xff, 0xff, 0xff, 0xff, 0x10, 0x2f, 0xff, 0xfd, 0x50, 0x00, 0x00, 0x00, 0x00, 
    0x0b, 0xff, 0xff, 0xff, 0xff, 0xff, 0xff, 0xff, 0xff, 0xff, 0xcf, 0xff, 0xff, 0xfe, 0xbf, 0xd0, 
    0x1f, 0xff, 0xff, 0xf9, 0x91, 0x04, 0x44, 0x00, 0x00, 0x00, 0x06, 0xc1, 0x01, 0x00, 0xff, 0xff, 
    0x81, 0xff, 0xff, 0xff, 0x05, 0x51, 0x11, 0x14, 0x55, 0x69, 0x6a, 0x95, 0xaa, 0xaa, 0x1a, 0x9a, 
    0xaa, 0x5a, 0x40, 0x00, 0x0f, 0xff, 0xff, 0xff, 0xff, 0xff, 0xfb, 0xff, 0xfa, 0xbf, 0xf3, 0xff, 
    0xff, 0xfe, 0xaf, 0xff, 0xff, 0xf1, 0xe5, 0xbf, 0xfe, 0x94, 0x15, 0x07, 0xe1, 0xaa, 0x8a, 0xaa, 
    0xa9, 0xaa, 0xaa, 0xaa, 0xaa, 0xaa, 0xaa, 0xaa, 0xaa, 0xaa, 0xbf, 0xff, 0xff, 0xff, 0xfa, 0xbe, 
    0x94, 0xae, 0xa5, 0x6b, 0xff, 0xff, 0x1a, 0x86, 0x99, 0xff, 0xff, 0xff, 0xf9, 0x06, 0x02, 0xb9, 
    0xaf, 0xa9, 0x17, 0xbe, 0x91, 0x6b, 0xea, 0xa0, 0x7f, 0xd6, 0x80, 0x00, 0x00, 0x00, 0x50, 0x00, 
    0x00, 0x10, 0x15, 0x50, 0x00, 0x01, 0x01, 0x05, 0x00, 0x00, 0x15, 0x55, 0x55, 0x55, 0x55, 0x55, 
    0x00, 0x00, 0x00, 0x00, 0x00, 0x00, 0x00, 0x54, 0x56, 0x85, 0x55, 0x40, 0x01, 0x50, 0x00, 0x00, 
    0x15, 0x55, 0x55, 0x5a, 0x80, 0x15, 0x40, 0x00, 0x15, 0x51, 0xbf, 0xff, 0xff, 0xff, 0xff, 0xff, 
    0xff, 0xff, 0xff, 0xff, 0xff, 0xf0, 0x10, 0x05, 0x40, 0x60, 0x0f, 0xff, 0xff, 0xff, 0xff, 0x00, 
    0x1f, 0xff, 0xff, 0x24, 0x00, 0x00, 0x00, 0x00, 0x03, 0xff, 0xff, 0xff, 0xff, 0xff, 0xbf, 0xff, 
    0xff, 0xff, 0x5f, 0xff, 0xff, 0xfe, 0xff, 0x40, 0x2f, 0xff, 0xff, 0xf6, 0x45, 0x54, 0x54, 0x40, 
    0x00, 0x00, 0x00, 0xf8, 0x01, 0x42, 0xff, 0xfd, 0x40, 0x2f, 0xff, 0xff, 0xc1, 0x54, 0x45, 0x55, 
    0x55, 0x6a, 0xaa, 0xa6, 0xaa, 0xa5, 0x65, 0x96, 0xaa, 0x6a, 0x81, 0x40, 0x03, 0xff, 0xff, 0xff, 
    0xff, 0xff, 0xff, 0xff, 0xfd, 0xaf, 0xf5, 0xff, 0xff, 0xff, 0xab, 0xff, 0xff, 0xf8, 0x75, 0xaf, 
    0xfd, 0xfe, 0xa4, 0x0b, 0xe4, 0xaa, 0xa9, 0xaa, 0xaa, 0xaa, 0xaa, 0xaa, 0xaa, 0x96, 0xaa, 0xaa, 
    0xaa, 0xa9, 0xff, 0xff, 0xff, 0xff, 0xaa, 0xfa, 0x55, 0x6a, 0x56, 0xaf, 0xff, 0xfd, 0x06, 0x81, 
    0x55, 0xff, 0xff, 0xff, 0xf5, 0x0a, 0x41, 0xb8, 0xab, 0xa9, 0x07, 0xbe, 0x80, 0x5a, 0xaa, 0xa4, 
    0xbf, 0xfd, 0x10, 0x00, 0x00, 0x00, 0x00, 0x00, 0x00, 0x00, 0x00, 0x40, 0x00, 0x00, 0x45, 0x55, 
    0x00, 0x00, 0x01, 0x55, 0x55, 0x55, 0x55, 0x55, 0x00, 0x00, 0x00, 0x00, 0x00, 0x00, 0x05, 0x05, 
    0xa5, 0x55, 0x41, 0x00, 0x01, 0x50, 0x00, 0x00, 0x55, 0x55, 0x0a, 0xa9, 0x01, 0x00, 0x00, 0x01, 
    0x50, 0x6f, 0xff, 0xff, 0xff, 0xff, 0xff, 0xff, 0xff, 0xff, 0xff, 0xff, 0xff, 0xd2, 0x10, 0x05, 
    0x44, 0xb0, 0x0f, 0xff, 0xff, 0xff, 0xff, 0x00, 0x1f, 0xff, 0xff, 0x88, 0x00, 0x00, 0x00, 0x00, 
    0x01, 0xff, 0xff, 0xff, 0xff, 0xff, 0xff, 0xff, 0xff, 0xfe, 0x2f, 0xff, 0xfb, 0xf7, 0xf9, 0x00, 
    0x3f, 0xff, 0xff, 0xc4, 0x15, 0x55, 0x50, 0x00, 0x00, 0x00, 0x00, 0x14, 0x01, 0x0b, 0xff, 0xfd, 
    0x50, 0x0f, 0xff, 0xff, 0xf4, 0x15, 0x55, 0x55, 0x55, 0x6a, 0x56, 0xaa, 0xaa, 0xa0, 0xa5, 0x96, 
    0xaa, 0x6a, 0x90, 0x00, 0x00, 0xbf, 0xff, 0xff, 0xff, 0xff, 0xff, 0xff, 0xff, 0x7f, 0xe4, 0xbf, 
    0xff, 0xff, 0xba, 0xff, 0xff, 0xfd, 0x28, 0x3b, 0xf9, 0xaa, 0xaa, 0xff, 0xf9, 0x19, 0x50, 0xaa, 
    0x0a, 0xaa, 0xaa, 0xaa, 0xa6, 0x5a, 0xaa, 0xaa, 0xaa, 0xab, 0xff, 0xff, 0xff, 0xfe, 0xbf, 0xe5, 
    0x05, 0x14, 0x0f, 0xff, 0xff, 0xfd, 0x06, 0x81, 0x14, 0xef, 0xff, 0xff, 0xf5, 0x0a, 0x41, 0xb9, 
    0xab, 0xe9, 0x2e, 0xbe, 0x50, 0x1a, 0xaa, 0x56, 0xff, 0xff, 0x90, 0x00, 0x00, 0x00, 0x00, 0x40, 
    0x01, 0x00, 0x00, 0x00, 0x00, 0x00, 0x45, 0x55, 0x00, 0x00, 0x05, 0x55, 0x55, 0x55, 0x55, 0x55, 
    0x00, 0x00, 0x00, 0x00, 0x00, 0x00, 0x00, 0x5a, 0x55, 0x55, 0x00, 0x00, 0x00, 0x00, 0x00, 0x29, 
    0x55, 0x54, 0x29, 0x40, 0x00, 0x00, 0x00, 0x00, 0x6f, 0xff, 0xff, 0xff, 0xff, 0xff, 0xff, 0xff, 
    0xff, 0xff, 0xff, 0xff, 0xff, 0x4b, 0x00, 0x01, 0x40, 0xf4, 0x0b, 0xff, 0xff, 0xff, 0xff, 0x00, 
    0x0f, 0xff, 0xff, 0xc3, 0x00, 0x00, 0x00, 0x00, 0x00, 0x7f, 0xff, 0xff, 0xff, 0xff, 0xff, 0xff, 
    0xff, 0xfc, 0x3f, 0xff, 0xef, 0xef, 0xd1, 0x50, 0x7f, 0xff, 0xff, 0x01, 0x55, 0x15, 0x50, 0x00, 
    0x00, 0x00, 0x00, 0x00, 0x01, 0x7f, 0xff, 0xfd, 0x50, 0x03, 0xff, 0xff, 0xff, 0x45, 0x55, 0x55, 
    0x55, 0x59, 0x55, 0x5a, 0xaa, 0x95, 0x55, 0xa6, 0xaa, 0x6a, 0xa0, 0x04, 0x40, 0x1f, 0xff, 0xff, 
    0xff, 0xff, 0xff, 0xc2, 0xfa, 0xab, 0xf5, 0x7f, 0xff, 0xff, 0xee, 0xbf, 0xff, 0xff, 0x1b, 0xbb, 
    0xa5, 0x6a, 0xaa, 0xbf, 0xff, 0xe0, 0x00, 0x6a, 0x1a, 0xaa, 0xaa, 0xaa, 0xa6, 0xaa, 0xaa, 0xaa, 
    0xaa, 0x9f, 0xff, 0xff, 0xfe, 0xef, 0xff, 0x90, 0x1a, 0x95, 0x1f, 0xff, 0xff, 0xf4, 0x6a, 0x40, 
    0x18, 0x6f, 0xff, 0xff, 0xf5, 0x0a, 0x80, 0xa9, 0xab, 0xf9, 0xba, 0xbf, 0x00, 0x5a, 0xab, 0x95, 
    0xff, 0xff, 0xf8, 0x00, 0x00, 0x00, 0x01, 0x70, 0x05, 0x40, 0x14, 0x00, 0x00, 0x00, 0x40, 0x14, 
    0x00, 0x00, 0x01, 0x55, 0x55, 0x55, 0x55, 0x55, 0x00, 0x00, 0x00, 0x00, 0x00, 0x00, 0x1a, 0x69, 
    0x55, 0x40, 0x00, 0x00, 0x00, 0x00, 0x02, 0xf9, 0x40, 0x14, 0x09, 0x00, 0x00, 0x00, 0x00, 0x1b, 
    0xff, 0xff, 0xff, 0xff, 0xff, 0xff, 0xff, 0xff, 0xff, 0xff, 0xff, 0xff, 0xfe, 0x1f, 0x00, 0x01, 
    0x02, 0xfc, 0x07, 0xff, 0xff, 0xff, 0xff, 0x00, 0x1b, 0xff, 0xff, 0x8d, 0x80, 0x00, 0x00, 0x00, 
    0x00, 0x1f, 0xff, 0xff, 0xff, 0xff, 0xbf, 0xff, 0xff, 0xf0, 0xbf, 0xff, 0xbf, 0xa4, 0x00, 0x00, 
    0xff, 0xff, 0xfd, 0x01, 0x50, 0x15, 0x44, 0x00, 0x00, 0x00, 0x01, 0x14, 0x0f, 0xff, 0xff, 0xfe, 
    0x10, 0x07, 0xff, 0xff, 0xff, 0xf4, 0x55, 0x55, 0x55, 0x55, 0x55, 0x56, 0x6a, 0x91, 0x6e, 0x65, 
    0xaa, 0x6a, 0xa4, 0x01, 0x14, 0x52, 0xff, 0xff, 0xff, 0xff, 0xff, 0x41, 0x97, 0xda, 0xff, 0xef, 
    0xff, 0xff, 0xeb, 0x7f, 0xff, 0xff, 0xcf, 0xfe, 0xa5, 0x6a, 0xaa, 0xaa, 0xbf, 0xf8, 0x04, 0x20, 
    0x6a, 0xaa, 0xaa, 0xaa, 0xaa, 0xaa, 0xaa, 0xaa, 0xaa, 0xbf, 0xea, 0x5f, 0xeb, 0xff, 0xfe, 0x00, 
    0x6a, 0xa5, 0xbf, 0xff, 0xfe, 0x10, 0x6a, 0x00, 0x04, 0x3f, 0xff, 0xff, 0xc1, 0x0a, 0x80, 0xa9, 
    0xaa, 0xfe, 0xaa, 0xbf, 0x44, 0x6a, 0xaa, 0x91, 0xfd, 0x2a, 0x6f, 0x95, 0x00, 0x00, 0x00, 0x01, 
    0x05, 0x00, 0x00, 0x00, 0x00, 0x00, 0x11, 0x41, 0x00, 0x00, 0x01, 0x55, 0x55, 0x55, 0x55, 0x55, 
    0x00, 0x00, 0x00, 0x00, 0x00, 0x01, 0x55, 0x65, 0x14, 0x00, 0x00, 0x00, 0x00, 0x11, 0x59, 0x50, 
    0x01, 0xaa, 0xbc, 0x00, 0x00, 0x00, 0x02, 0xff, 0xff, 0xff, 0xff, 0xff, 0xff, 0xff, 0xff, 0xff, 
    0xff, 0xff, 0xff, 0xff, 0xfc, 0x7e, 0x00, 0x01, 0x03, 0xfd, 0x03, 0xff, 0xff, 0xff, 0xfe, 0x00, 
    0x27, 0xff, 0xff, 0x6f, 0x60, 0x00, 0x00, 0x00, 0x00, 0x07, 0xff, 0xff, 0xff, 0xff, 0xbf, 0xff, 
    0xff, 0xc0, 0xff, 0xfd, 0xfe, 0x00, 0x00, 0x03, 0xff, 0xff, 0xf8, 0x41, 0x00, 0x55, 0x00, 0x00, 
    0x00, 0x00, 0x10, 0x15, 0x2f, 0xff, 0xff, 0xff, 0xe0, 0x1f, 0xff, 0xff, 0xff, 0xff, 0x45, 0x55, 
    0x55, 0x55, 0x55, 0x50, 0x6a, 0xa4, 0x5f, 0xa9, 0xa9, 0x6a, 0xa8, 0x00, 0x55, 0x14, 0x7f, 0xff, 
    0xff, 0xff, 0xff, 0xff, 0xff, 0xf6, 0xff, 0xef, 0xff, 0xff, 0xfb, 0xcf, 0xff, 0xff, 0xe3, 0xff, 
    0xa9, 0x6a, 0xaa, 0xaa, 0x96, 0xff, 0x84, 0x1a, 0x99, 0x6a, 0xaa, 0xaa, 0xaa, 0xaa, 0xaa, 0xaa, 
    0xab, 0xf9, 0x11, 0x4e, 0xbf, 0xff, 0xf8, 0x05, 0x6a, 0xa5, 0x6f, 0xff, 0xf8, 0x06, 0x69, 0x00, 
    0x58, 0xff, 0xbf, 0xff, 0xd1, 0x0a, 0x40, 0x99, 0xaa, 0xb4, 0x1a, 0xbb, 0x45, 0x6a, 0xaa, 0xa0, 
    0x55, 0x57, 0xff, 0xff, 0x90, 0x00, 0x00, 0x01, 0x05, 0x00, 0x00, 0x00, 0x00, 0x00, 0x10, 0x55, 
    0x14, 0x00, 0x01, 0x55, 0x55, 0x55, 0x55, 0x55, 0x00, 0x00, 0x00, 0x00, 0x00, 0x55, 0x54, 0x55, 
    0x00, 0x00, 0x00, 0x00, 0x00, 0x10, 0x02, 0x80, 0x1f, 0xff, 0xe0, 0x00, 0x00, 0x00, 0xbf, 0xff, 
    0xff, 0xff, 0xff, 0xff, 0xff, 0xff, 0xff, 0xff, 0xff, 0xff, 0xff, 0xff, 0xf6, 0xfe, 0x00, 0x00, 
    0x43, 0xff, 0x02, 0xff, 0xff, 0xff, 0xfe, 0x00, 0x37, 0xff, 0xff, 0x3f, 0xd4, 0x00, 0x00, 0x00, 
    0x00, 0x00, 0xbf, 0xff, 0xff, 0xfd, 0xff, 0xff, 0xff, 0x02, 0xff, 0xfb, 0xfc, 0x00, 0x00, 0x0f, 
    0xff, 0xff, 0xf1, 0x50, 0x05, 0x55, 0x40, 0x00, 0x00, 0x00, 0x00, 0x55, 0x3f, 0xff, 0xff, 0xff, 
    0xf5, 0x7f, 0xff, 0xff, 0xff, 0xff, 0xf4, 0x50, 0x55, 0x65, 0x55, 0x55, 0x16, 0x54, 0x67, 0xd9, 
    0xa9, 0xaa, 0x59, 0x10, 0x05, 0x44, 0x47, 0xff, 0xff, 0xff, 0xff, 0xff, 0xff, 0xfe, 0xff, 0xa7, 
    0xff, 0xff, 0xfd, 0xe3, 0xff, 0xff, 0xf5, 0xfe, 0xa9, 0x6a, 0xaa, 0xaa, 0x96, 0x52, 0x78, 0xaa, 
    0x9a, 0xa9, 0xaa, 0xaa, 0xaa, 0xaa, 0xaa, 0xaa, 0xaf, 0x9a, 0xa5, 0x51, 0xff, 0xff, 0xe5, 0x02, 
    0xaa, 0xa9, 0x2f, 0xff, 0xd0, 0x0e, 0xa9, 0x00, 0x49, 0xda, 0x5f, 0xff, 0x70, 0x1a, 0x01, 0x99, 
    0xaa, 0xb8, 0x1a, 0xbf, 0x85, 0x2a, 0xaa, 0xa0, 0x2e, 0xff, 0xfe, 0x8b, 0xfd, 0x00, 0x00, 0x00, 
    0x05, 0x00, 0x00, 0x00, 0x00, 0x00, 0x00, 0x04, 0x14, 0x00, 0x11, 0x55, 0x59, 0x55, 0x55, 0x55, 
    0x00, 0x00, 0x00, 0x00, 0x15, 0x55, 0x45, 0x40, 0x00, 0x00, 0x00, 0x00, 0x00, 0x00, 0x01, 0x55, 
    0xb4, 0x15, 0x00, 0x00, 0x07, 0xf9, 0xff, 0xff, 0xff, 0xff, 0xff, 0xff, 0xff, 0xff, 0xff, 0xff, 
    0xff, 0xff, 0x81, 0xbf, 0xe7, 0xfe, 0x00, 0x00, 0x47, 0xff, 0xc0, 0xff, 0xff, 0xff, 0xfc, 0x00, 
    0x39, 0xff, 0xfc, 0x7f, 0xf5, 0x00, 0x00, 0x00, 0x01, 0x50, 0x07, 0xff, 0xff, 0xe7, 0xff, 0xff, 
    0xfc, 0x07, 0xff, 0xaf, 0xfc, 0x00, 0x00, 0x7f, 0xff, 0xff, 0xc5, 0x00, 0x55, 0x55, 0x00, 0x00, 
    0x00, 0x00, 0x00, 0x15, 0x7f, 0xff, 0xff, 0xff, 0xff, 0xff, 0xff, 0xff, 0xff, 0xff, 0xff, 0x81, 
    0x55, 0x65, 0x55, 0x55, 0x55, 0x15, 0xfe, 0x45, 0x69, 0xaa, 0x5a, 0x11, 0x55, 0x55, 0x14, 0x7f, 
    0xff, 0xff, 0xff, 0xff, 0xff, 0xfe, 0xef, 0x83, 0xff, 0xff, 0xfe, 0xb5, 0xff, 0xff, 0xfc, 0x6a, 
    0xa9, 0x0a, 0xaa, 0xaa, 0xaa, 0x41, 0x62, 0xaa, 0x46, 0xaa, 0xaa, 0xaa, 0x9a, 0xaa, 0xaa, 0xaa, 
    0xf9, 0xaa, 0xa8, 0xa9, 0x1f, 0xff, 0x41, 0x56, 0xaa, 0xa6, 0xc6, 0xa5, 0x1c, 0x1e, 0xaa, 0x41, 
    0x99, 0x40, 0x06, 0xbd, 0xf0, 0x59, 0x01, 0x58, 0xaa, 0xb9, 0x1a, 0xaf, 0x91, 0x1a, 0xaa, 0xa2, 
    0xd1, 0xff, 0xf5, 0x6f, 0xff, 0x00, 0x00, 0x00, 0x00, 0x00, 0x00, 0x00, 0x00, 0x00, 0x00, 0x00, 
    0x00, 0x00, 0x11, 0x55, 0x49, 0x55, 0x55, 0x55, 0x00, 0x00, 0x00, 0x05, 0x55, 0x54, 0x54, 0x00, 
    0x00, 0x00, 0x00, 0x00, 0x00, 0x00, 0x05, 0x00, 0x00, 0x00, 0x1a, 0xe0, 0x7f, 0xff, 0xff, 0xff, 
    0xff, 0xff, 0xff, 0xff, 0xff, 0xff, 0xff, 0xff, 0xff, 0xfd, 0x00, 0x1f, 0xdf, 0xfe, 0x40, 0x00, 
    0x0b, 0xff, 0xe0, 0xbf, 0xff, 0xff, 0xf4, 0x00, 0x3c, 0xbf, 0xf4, 0xff, 0xfe, 0x00, 0x00, 0x00, 
    0x00, 0x01, 0x00, 0x7f, 0xff, 0x6f, 0xff, 0xff, 0xe0, 0x0f, 0xfa, 0xff, 0xfd, 0x00, 0x2b, 0xff, 
    0xff, 0xff, 0x44, 0x00, 0x55, 0x54, 0x40, 0x00, 0x00, 0x00, 0x11, 0x14, 0xbf, 0xff, 0xff, 0xff, 
    0xff, 0xff, 0xff, 0xff, 0xff, 0xff, 0xff, 0xfd, 0x15, 0x65, 0x55, 0x66, 0x55, 0xff, 0xff, 0x81, 
    0x69, 0xaa, 0x96, 0x44, 0x55, 0x55, 0x55, 0x46, 0xff, 0xff, 0xff, 0xff, 0xff, 0xff, 0x7f, 0xe6, 
    0xff, 0xff, 0xff, 0x6d, 0x7f, 0xff, 0xff, 0x1a, 0x96, 0x5a, 0xaa, 0xae, 0xaa, 0x50, 0x00, 0x6a, 
    0xaa, 0x6a, 0xaa, 0xaa, 0x9a, 0xaa, 0xaa, 0xaf, 0xaa, 0xaa, 0xaa, 0xaa, 0x66, 0xfc, 0x16, 0xaa, 
    0xaa, 0xa7, 0xf8, 0x34, 0x1c, 0x7d, 0x9a, 0x50, 0x29, 0x00, 0x04, 0x1f, 0xf0, 0x5a, 0x01, 0x55, 
    0xaa, 0xa9, 0x1a, 0xaf, 0xa1, 0x1a, 0xaa, 0x9b, 0xfb, 0xef, 0xff, 0xff, 0xf4, 0x05, 0x00, 0x00, 
    0x00, 0x00, 0x00, 0x00, 0x00, 0x00, 0x00, 0x00, 0x14, 0x00, 0x05, 0x55, 0x45, 0x55, 0x55, 0x55, 
    0x00, 0x00, 0x01, 0xa5, 0x55, 0x55, 0x00, 0x00, 0x00, 0x00, 0x00, 0x00, 0x00, 0x00, 0x14, 0x00, 
    0x01, 0xff, 0xff, 0xff, 0xff, 0xff, 0xff, 0xff, 0xff, 0xff, 0xff, 0xff, 0xff, 0xff, 0xff, 0xff, 
    0xff, 0xfd, 0x00, 0xbf, 0xaf, 0xfe, 0x80, 0x00, 0x0f, 0xff, 0xf8, 0x2f, 0xff, 0xff, 0xd0, 0x00, 
    0x3e, 0x2f, 0xd2, 0xff, 0xff, 0xc0, 0x00, 0x00, 0x00, 0x00, 0x01, 0x01, 0xa5, 0xff, 0xff, 0xfe, 
    0x00, 0x3f, 0xaf, 0xff, 0xff, 0x1b, 0xff, 0xff, 0xff, 0xfe, 0x10, 0x05, 0x55, 0x45, 0x10, 0x04, 
    0x00, 0x00, 0x00, 0x14, 0xff, 0xff, 0xff, 0xff, 0xff, 0xff, 0xff, 0xff, 0xff, 0xff, 0xff, 0xff, 
    0xd1, 0x55, 0x55, 0x99, 0x57, 0xff, 0xff, 0xf8, 0x29, 0xaa, 0x96, 0x41, 0x55, 0x55, 0x51, 0x55, 
    0x5f, 0xff, 0xff, 0xff, 0xff, 0xff, 0xef, 0xf8, 0xff, 0xff, 0xff, 0xdb, 0x5f, 0xff, 0xff, 0x86, 
    0x55, 0x6a, 0xaa, 0xaf, 0xaa, 0x54, 0x00, 0x06, 0xaa, 0xaa, 0xa9, 0x55, 0x6a, 0xaa, 0xaa, 0xfa, 
    0xaa, 0xaa, 0xaa, 0xaa, 0xaa, 0x91, 0x55, 0xa9, 0xaa, 0xab, 0xfc, 0x7f, 0xff, 0xfd, 0x56, 0xa4, 
    0x69, 0x00, 0x05, 0x1e, 0xf5, 0x1a, 0x95, 0xa1, 0xaa, 0xa8, 0x5a, 0xaf, 0xa4, 0x5a, 0xff, 0xff, 
    0xff, 0x5f, 0xe2, 0xfb, 0xf8, 0x00, 0x00, 0x00, 0x00, 0x00, 0x00, 0x00, 0x00, 0x00, 0x00, 0x00, 
    0x14, 0x40, 0x01, 0x55, 0x41, 0x55, 0x55, 0x55, 0x00, 0x00, 0x15, 0x55, 0x55, 0x54, 0x00, 0x00, 
    0x00, 0x00, 0x00, 0x00, 0x02, 0x06, 0xa1, 0x54, 0x00, 0xff, 0xbf, 0xff, 0xff, 0xd7, 0xff, 0xff, 
    0xff, 0xff, 0xff, 0xff, 0xff, 0xff, 0xff, 0xff, 0xff, 0xff, 0x9b, 0xff, 0x7f, 0xfe, 0x80, 0x00, 
    0x0f, 0xff, 0xfe, 0x0b, 0xff, 0xff, 0x40, 0x00, 0x3f, 0x05, 0x1f, 0xff, 0xff, 0xf0, 0x00, 0x00, 
    0x00, 0x00, 0x00, 0x00, 0x01, 0xbf, 0xff, 0xd0, 0x00, 0x16, 0xff, 0xff, 0xff, 0xff, 0xff, 0xff, 
    0xff, 0xfc, 0x04, 0x45, 0x54, 0x15, 0x00, 0x04, 0x00, 0x04, 0x51, 0x15, 0xff, 0xff, 0xff, 0xff, 
    0xff, 0xff, 0xff, 0xff, 0xff, 0xff, 0xff, 0xff, 0xfe, 0x45, 0x99, 0x55, 0x5f, 0xff, 0xff, 0xff, 
    0x55, 0xaa, 0xa5, 0x44, 0x15, 0x55, 0x54, 0x55, 0x54, 0x6f, 0xff, 0xff, 0xff, 0xff, 0xea, 0xfe, 
    0x7f, 0xff, 0xff, 0xe6, 0x97, 0xff, 0xff, 0xd0, 0x40, 0x5a, 0xaa, 0xaa, 0xea, 0xa8, 0x00, 0x55, 
    0xaa, 0xaa, 0xa9, 0x00, 0x2a, 0xaa, 0xab, 0xaa, 0xaa, 0xaa, 0xaa, 0xaa, 0xaa, 0x44, 0x04, 0x29, 
    0x6a, 0xae, 0xd0, 0xbf, 0xff, 0xfe, 0x56, 0x94, 0x69, 0x06, 0x54, 0x05, 0xf5, 0x64, 0x95, 0xa1, 
    0xaa, 0xa4, 0x5a, 0xaf, 0x96, 0xaa, 0xfb, 0xea, 0xff, 0xff, 0xff, 0xfe, 0x50, 0x00, 0x00, 0x00, 
    0x00, 0x00, 0x00, 0x00, 0x00, 0x00, 0x00, 0x00, 0x00, 0x00, 0x00, 0x55, 0x45, 0x55, 0x55, 0x55, 
    0x00, 0x06, 0x55, 0x55, 0x55, 0x40, 0x00, 0x00, 0x00, 0x00, 0x00, 0x00, 0x00, 0x6a, 0x85, 0x54, 
    0x02, 0xe5, 0xff, 0xff, 0xff, 0xd7, 0xff, 0xff, 0xff, 0xff, 0xff, 0xff, 0xff, 0xff, 0xff, 0xff, 
    0xff, 0xff, 0xff, 0xfe, 0xbf, 0xfe, 0x80, 0x00, 0x1f, 0xff, 0xff, 0xd1, 0xff, 0xfd, 0x06, 0x00, 
    0x3f, 0x8a, 0xff, 0xff, 0xff, 0xf4, 0x00, 0x00, 0x00, 0x00, 0x00, 0x00, 0x00, 0x00, 0x00, 0x00, 
    0x01, 0xbf, 0xff, 0xff, 0xff, 0xff, 0xff, 0xff, 0xff, 0xf0, 0x41, 0x55, 0x40, 0x54, 0x00, 0x04, 
    0x00, 0x05, 0x50, 0x02, 0xff, 0xff, 0xff, 0xff, 0xff, 0xff, 0xff, 0xff, 0xff, 0xff, 0xff, 0xff, 
    0xff, 0xf9, 0x14, 0x00, 0x6f, 0xff, 0xff, 0xff, 0xc5, 0xaa, 0xa5, 0x90, 0x55, 0x55, 0x55, 0x55, 
    0x55, 0x51, 0xbf, 0xff, 0xff, 0xff, 0xf7, 0xff, 0xaf, 0xff, 0xff, 0xf6, 0xe6, 0xff, 0xff, 0xf0, 
    0x00, 0x5a, 0xaa, 0xfa, 0xaa, 0xaa, 0x00, 0x02, 0xaa, 0xaa, 0xaa, 0x41, 0xaa, 0xaa, 0xad, 0xaa, 
    0xaa, 0xaa, 0xaa, 0xaa, 0xaa, 0x15, 0x55, 0x5a, 0xaa, 0x52, 0x4b, 0xff, 0xff, 0xfe, 0xa6, 0x90, 
    0x29, 0x0a, 0x15, 0x50, 0xf5, 0x65, 0xa1, 0xa1, 0xaa, 0xa4, 0x1a, 0xff, 0xfb, 0x51, 0xa4, 0x85, 
    0x5a, 0xa5, 0xbf, 0xff, 0xa9, 0x00, 0x00, 0x00, 0x00, 0x00, 0x00, 0x00, 0x00, 0x00, 0x00, 0x00, 
    0x01, 0x00, 0x11, 0x15, 0x55, 0x55, 0x55, 0x55, 0x16, 0xa9, 0x55, 0x11, 0x54, 0x00, 0x00, 0x00, 
    0x00, 0x00, 0x00, 0x00, 0x07, 0xd5, 0x55, 0x50, 0x00, 0x07, 0xff, 0xff, 0xff, 0xff, 0xff, 0xff, 
    0xfb, 0xff, 0xff, 0xff, 0xff, 0xff, 0xff, 0xff, 0xff, 0xff, 0xff, 0xfd, 0xff, 0xfe, 0x80, 0x00, 
    0x1f, 0xff, 0xff, 0xfd, 0x05, 0x50, 0x2e, 0x00, 0x3f, 0xd7, 0xff, 0xff, 0xff, 0xf4, 0x00, 0x00, 
    0x00, 0x00, 0x00, 0x00, 0x00, 0x00, 0x00, 0x00, 0x07, 0xff, 0xff, 0xff, 0xff, 0xff, 0xff, 0xff, 
    0xff, 0xd1, 0x15, 0x55, 0x15, 0x54, 0x00, 0x14, 0x00, 0x04, 0x10, 0x43, 0xff, 0xff, 0xff, 0xff, 
    0xff, 0xff, 0xff, 0xff, 0xff, 0xff, 0xff, 0xff, 0xff, 0xff, 0xe0, 0x10, 0x1f, 0xff, 0xff, 0xff, 
    0x46, 0xaa, 0xa9, 0x51, 0x15, 0x55, 0x55, 0x55, 0x55, 0x55, 0x47, 0xff, 0xff, 0xff, 0xfa, 0xff, 
    0xdf, 0xff, 0xff, 0xfd, 0x78, 0xbf, 0xff, 0xf8, 0x00, 0x0a, 0xaa, 0xaa, 0xaa, 0xaa, 0x40, 0x10, 
    0xbf, 0xaa, 0xaa, 0x90, 0xaa, 0xaa, 0xaa, 0xaa, 0xaa, 0xaa, 0xaa, 0xaa, 0x96, 0x81, 0x01, 0xaa, 
    0xaa, 0x00, 0x2f, 0xff, 0xff, 0xf9, 0x56, 0x60, 0x78, 0x0a, 0x15, 0x51, 0xf5, 0x16, 0xa0, 0xa4, 
    0xaa, 0xe4, 0x5b, 0xeb, 0xef, 0x91, 0xa8, 0x86, 0x95, 0x50, 0x0f, 0xff, 0xff, 0xd0, 0x01, 0x64, 
    0x00, 0x00, 0x00, 0x00, 0x00, 0x00, 0x00, 0x00, 0x01, 0x00, 0x00, 0x45, 0x55, 0x55, 0x55, 0x55, 
    0x96, 0x95, 0x54, 0x15, 0x00, 0x00, 0x00, 0x00, 0x00, 0x00, 0x00, 0x00, 0x29, 0x01, 0x55, 0x00, 
    0x00, 0x6f, 0xff, 0xff, 0xff, 0xff, 0xfa, 0xff, 0x6f, 0xff, 0xff, 0xfe, 0x55, 0x6f, 0xff, 0xff, 
    0xff, 0xff, 0xff, 0xfe, 0xff, 0xff, 0x80, 0x00, 0x2f, 0xff, 0xff, 0xff, 0xf4, 0x01, 0xfe, 0x00, 
    0x2f, 0xf2, 0xff, 0xff, 0xff, 0xf8, 0x09, 0x00, 0x00, 0x00, 0x00, 0x00, 0x00, 0x00, 0x00, 0x00, 
    0x2f, 0xff, 0xff, 0xff, 0xff, 0xff, 0xff, 0xff, 0xff, 0x45, 0x55, 0x51, 0x55, 0x54, 0x00, 0x14, 
    0x00, 0x11, 0x04, 0x03, 0xff, 0xff, 0xff, 0xff, 0xff, 0xff, 0xff, 0xff, 0xff, 0xff, 0xff, 0xff, 
    0xff, 0xff, 0xff, 0x40, 0x03, 0xff, 0xff, 0xff, 0x42, 0xaa, 0xa9, 0x24, 0x45, 0x55, 0x55, 0x55, 
    0x55, 0x55, 0x54, 0x7f, 0xff, 0xff, 0xae, 0xff, 0xeb, 0xff, 0xff, 0xfe, 0x9a, 0x3f, 0xff, 0xfe, 
    0x00, 0x02, 0xaa, 0xaa, 0xaa, 0xa5, 0x10, 0x12, 0xea, 0xaf, 0xa0, 0x1a, 0xaa, 0x9b, 0xaa, 0xaa, 
    0xaa, 0xaa, 0xaa, 0xa9, 0x15, 0x55, 0x06, 0xaa, 0xaa, 0x40, 0xbf, 0xfd, 0x3f, 0xf9, 0x56, 0x60, 
    0x50, 0x0a, 0x05, 0x52, 0xf1, 0x42, 0xa4, 0x64, 0xaa, 0xb4, 0x5b, 0xff, 0xef, 0xd5, 0x58, 0x80, 
    0x55, 0x54, 0x02, 0xff, 0xfe, 0x60, 0x07, 0x95, 0x00, 0x00, 0x00, 0x00, 0x00, 0x00, 0x00, 0x01, 
    0x01, 0x00, 0x00, 0x11, 0x55, 0x55, 0x55, 0x55, 0x00, 0x19, 0x50, 0x00, 0x00, 0x00, 0x00, 0x00, 
    0x00, 0x50, 0x00, 0x01, 0x80, 0x05, 0x40, 0x01, 0xff, 0xff, 0xff, 0xff, 0xff, 0xff, 0x9f, 0xfa, 
    0xff, 0xff, 0xfe, 0x5a, 0xf4, 0x1a, 0x56, 0xff, 0xff, 0xff, 0xff, 0xfb, 0xff, 0xff, 0x90, 0x00, 
    0x2f, 0xff, 0xff, 0xff, 0xfd, 0x1f, 0xfe, 0x00, 0x2f, 0xfc, 0xbf, 0xff, 0xff, 0xfc, 0x07, 0x80, 
    0x00, 0x00, 0x00, 0x00, 0x00, 0x00, 0x00, 0x01, 0xff, 0xff, 0xff, 0xff, 0xff, 0xff, 0xff, 0xff, 
    0xfe, 0x05, 0x50, 0x05, 0x55, 0x40, 0x00, 0x10, 0x00, 0x15, 0x44, 0x07, 0xff, 0xff, 0xff, 0xff, 
    0xff, 0xff, 0xff, 0xff, 0xff, 0xff, 0xff, 0xff, 0xff, 0xff, 0xff, 0xf9, 0x2f, 0xff, 0xff, 0xff, 
    0xf5, 0xaa, 0xaa, 0x64, 0x54, 0x55, 0x55, 0x55, 0x55, 0x55, 0x56, 0x4b, 0xff, 0xeb, 0xbf, 0xbf, 
    0xf7, 0xff, 0xff, 0xff, 0x69, 0x8f, 0xff, 0xff, 0x50, 0x00, 0xea, 0xaa, 0xe5, 0xaa, 0x90, 0x15, 
    0x40, 0x01, 0xa9, 0x6a, 0xaa, 0xba, 0xaa, 0x6a, 0xaa, 0xa9, 0xaa, 0xaa, 0xa5, 0x41, 0x1a, 0xaa, 
    0xaa, 0x42, 0xfe, 0xbd, 0xff, 0xfd, 0x59, 0x53, 0xe0, 0x0a, 0x45, 0x50, 0xb1, 0x47, 0xe9, 0x54, 
    0xaa, 0xa8, 0x19, 0xff, 0xd6, 0x46, 0xaa, 0x01, 0x54, 0x18, 0x0f, 0xff, 0xf8, 0x00, 0x00, 0x15, 
    0x64, 0x00, 0x00, 0x00, 0x00, 0x00, 0x00, 0x01, 0x11, 0x40, 0x05, 0x00, 0x55, 0x55, 0x55, 0x55, 
    0x00, 0x04, 0x00, 0x00, 0x00, 0x00, 0x00, 0x00, 0x00, 0x00, 0x00, 0x04, 0x00, 0x04, 0x00, 0x07, 
    0xff, 0xff, 0xff, 0xfb, 0xff, 0xf5, 0xbf, 0xaf, 0xff, 0xff, 0xe6, 0x4a, 0xe4, 0x1b, 0x85, 0x1f, 
    0xff, 0xff, 0xff, 0xfb, 0xff, 0xff, 0x90, 0x00, 0x3f, 0xff, 0xff, 0xff, 0xff, 0xff, 0xff, 0x00, 
    0x2f, 0xfe, 0x1f, 0xff, 0xfe, 0xfc, 0x07, 0xf8, 0x00, 0x00, 0x00, 0x00, 0x00, 0x00, 0x00, 0x0b, 
    0xff, 0xff, 0xff, 0xff, 0xff, 0xff, 0xff, 0xff, 0xfc, 0x15, 0x04, 0x15, 0x55, 0x10, 0x01, 0x54, 
    0x00, 0x51, 0x44, 0x2f, 0xff, 0xff, 0xff, 0xff, 0xff, 0xfc, 0xff, 0xff, 0xff, 0xff, 0xff, 0xff, 
    0xff, 0xff, 0xff, 0xff, 0xff, 0xff, 0xff, 0xff, 0xf6, 0xaa, 0xaa, 0x99, 0x55, 0x15, 0x55, 0x55, 
    0x55, 0x55, 0x55, 0x54, 0xff, 0xff, 0xff, 0xef, 0xfa, 0xff, 0xff, 0xff, 0xda, 0x55, 0xff, 0xff, 
    0xcb, 0x80, 0x3a, 0xaa, 0xaa, 0xaa, 0x94, 0x15, 0x40, 0x40, 0x06, 0xaa, 0xaa, 0x86, 0xaa, 0x9a, 
    0xaa, 0xaa, 0xaa, 0xaa, 0xa8, 0x00, 0x61, 0x6a, 0xaa, 0x4f, 0xfc, 0x7f, 0xff, 0xc5, 0xa4, 0x82, 
    0x90, 0x0f, 0x45, 0x06, 0xb1, 0x4b, 0xe9, 0x94, 0xaa, 0xa5, 0x1a, 0xbf, 0xca, 0x80, 0x19, 0x01, 
    0x54, 0x14, 0x2f, 0xff, 0xe0, 0x00, 0x01, 0xbd, 0x6a, 0x00, 0x00, 0x00, 0x00, 0x00, 0x00, 0x00, 
    0x11, 0x40, 0x05, 0x04, 0x15, 0x55, 0x55, 0x55, 0x00, 0x00, 0x00, 0x00, 0x00, 0x00, 0x00, 0x14, 
    0x40, 0x00, 0x00, 0x40, 0x00, 0x00, 0x00, 0x2f, 0xff, 0xff, 0xff, 0xf9, 0xff, 0x4b, 0xfe, 0xff, 
    0xff, 0xfe, 0x59, 0x56, 0xd0, 0x00, 0xae, 0x0b, 0xff, 0xff, 0xff, 0xfb, 0xff, 0xff, 0x90, 0x00, 
    0x3f, 0xff, 0xff, 0xff, 0xff, 0xff, 0xff, 0x00, 0x1f, 0xff, 0x82, 0xff, 0xaf, 0xfd, 0x03, 0xff, 
    0x90, 0x00, 0x00, 0x00, 0x00, 0x00, 0x01, 0x7f, 0xff, 0xff, 0xff, 0xff, 0xff, 0xff, 0xff, 0xff, 
    0xf8, 0x50, 0x51, 0x55, 0x54, 0x40, 0x01, 0x54, 0x01, 0x55, 0x14, 0xbf, 0xff, 0xff, 0xff, 0xff, 
    0xff, 0xff, 0xff, 0xff, 0xff, 0xff, 0xff, 0xff, 0xff, 0xff, 0xff, 0xff, 0xff, 0xff, 0xff, 0xff, 
    0xf5, 0xaa, 0xaa, 0x85, 0x11, 0x45, 0x55, 0x55, 0x55, 0x55, 0x55, 0x50, 0x3f, 0xff, 0xff, 0xef, 
    0xfd, 0xff, 0xff, 0xff, 0xe9, 0x95, 0x7f, 0xff, 0xe3, 0xf4, 0x0e, 0xaa, 0xaa, 0xba, 0x95, 0x15, 
    0x50, 0x51, 0x04, 0x5a, 0xa9, 0x02, 0xaa, 0xaa, 0xaa, 0xaa, 0xaa, 0xa9, 0x65, 0x51, 0xa5, 0x6a, 
    0xa6, 0x6f, 0xfe, 0xff, 0xff, 0x1d, 0xa0, 0x54, 0x01, 0x5f, 0x45, 0x1f, 0xb1, 0x4f, 0xa5, 0x90, 
    0x6a, 0xa5, 0x1a, 0xbf, 0x9a, 0x94, 0x14, 0x01, 0x55, 0x54, 0x7f, 0xff, 0x80, 0x00, 0x7f, 0xfd, 
    0x6d, 0x50, 0x00, 0x00, 0x00, 0x00, 0x00, 0x10, 0x45, 0x40, 0x01, 0x05, 0x05, 0x55, 0x55, 0x55, 
    0x00, 0x00, 0x00, 0x00, 0x00, 0x00, 0x01, 0x40, 0x00, 0x00, 0x14, 0x00, 0x00, 0x00, 0x00, 0xff, 
    0xff, 0xff, 0xff, 0xff, 0xf4, 0xbf, 0xef, 0xff, 0xff, 0xe6, 0xe2, 0x5f, 0x55, 0x40, 0xf4, 0x0b, 
    0xff, 0xff, 0xff, 0xff, 0xff, 0xff, 0xd0, 0x00, 0x3f, 0xff, 0xff, 0xff, 0xff, 0xff, 0xff, 0x00, 
    0x1f, 0xff, 0xf9, 0x56, 0xff, 0xfd, 0x03, 0xff, 0xfe, 0x40, 0x00, 0x00, 0x00, 0x00, 0x6e, 0xff, 
    0xff, 0xff, 0xff, 0xff, 0xff, 0xff, 0xff, 0xff, 0xf1, 0x55, 0x55, 0x55, 0x50, 0x05, 0x10, 0x00, 
    0x15, 0x54, 0x52, 0xff, 0xff, 0xff, 0xff, 0xff, 0xff, 0xff, 0xff, 0xff, 0xff, 0xff, 0xff, 0xff, 
    0xff, 0xff, 0xff, 0xff, 0xff, 0xff, 0xff, 0xff, 0xf5, 0xaa, 0xaa, 0x92, 0x05, 0x45, 0x55, 0x55, 
    0x55, 0x55, 0x54, 0x44, 0x1f, 0xff, 0xff, 0xf7, 0xe9, 0xff, 0xff, 0xff, 0xf6, 0x58, 0x6f, 0xff, 
    0xf4, 0xfd, 0x06, 0xba, 0xaa, 0xaa, 0xa4, 0x05, 0x94, 0x55, 0x55, 0x56, 0x44, 0x16, 0xaa, 0xaa, 
    0x9a, 0xaa, 0xaa, 0xa4, 0x01, 0x56, 0xaa, 0xaa, 0x45, 0xbf, 0xef, 0xfe, 0xfe, 0xee, 0x05, 0x6a, 
    0xab, 0x8f, 0x85, 0x3f, 0xb5, 0x4a, 0xa8, 0x10, 0x6a, 0xa0, 0x16, 0xaf, 0x5a, 0x90, 0x10, 0x00, 
    0x55, 0x54, 0x42, 0xfd, 0x00, 0x00, 0xbf, 0xfa, 0xe5, 0x55, 0x00, 0x00, 0x00, 0x00, 0x00, 0x00, 
    0x15, 0x40, 0x14, 0x05, 0x41, 0x55, 0x55, 0x55, 0x00, 0x00, 0x00, 0x00, 0x00, 0x00, 0x00, 0x00, 
    0x40, 0x00, 0x40, 0x00, 0x00, 0x00, 0x02, 0xff, 0xff, 0x43, 0xff, 0xfe, 0x47, 0xfe, 0xff, 0xff, 
    0xfe, 0xa9, 0xfe, 0x5e, 0x96, 0xa9, 0x00, 0x4f, 0xff, 0xff, 0xff, 0xef, 0xff, 0xff, 0xd0, 0x00, 
    0x3f, 0xff, 0xff, 0xff, 0xff, 0xff, 0xff, 0x40, 0x0f, 0xff, 0xff, 0xff, 0xff, 0xfe, 0x02, 0xff, 
    0xff, 0xe0, 0x00, 0x00, 0x00, 0x1b, 0xeb, 0xff, 0xff, 0xff, 0xff, 0xff, 0xff, 0xff, 0xff, 0xff, 
    0xd1, 0x45, 0x55, 0x55, 0x41, 0x15, 0x10, 0x00, 0x05, 0x51, 0x47, 0xff, 0xff, 0xff, 0xfe, 0xfe, 
    0x7f, 0xff, 0xff, 0xff, 0xff, 0xff, 0xff, 0xff, 0xff, 0xff, 0xff, 0xff, 0xff, 0xff, 0xfb, 0xff, 
    0xf5, 0xaa, 0xaa, 0x91, 0x45, 0x55, 0x55, 0x55, 0x55, 0x55, 0x55, 0x01, 0x07, 0xff, 0xff, 0xfa, 
    0xfa, 0xff, 0xff, 0xff, 0xfd, 0x61, 0x6f, 0xff, 0xfc, 0x25, 0x50, 0x5a, 0xaa, 0xb8, 0x6a, 0x44, 
    0x25, 0x11, 0x55, 0x54, 0x01, 0xaa, 0xaa, 0xaa, 0x8a, 0xaa, 0x92, 0x95, 0x00, 0x5a, 0xaa, 0xaa, 
    0x40, 0xff, 0xbf, 0xfb, 0xb9, 0xbd, 0x1a, 0xaa, 0xaa, 0x4f, 0x85, 0x7f, 0x75, 0x5a, 0xa9, 0x00, 
    0x2a, 0xa0, 0x16, 0xaf, 0x5a, 0x90, 0x00, 0x00, 0x55, 0x54, 0x03, 0xf4, 0x00, 0x01, 0xff, 0xfb, 
    0x95, 0x55, 0x14, 0x00, 0x00, 0x00, 0x00, 0x00, 0x15, 0x41, 0x45, 0x01, 0x50, 0x55, 0x55, 0x55, 
    0x00, 0x00, 0x00, 0x00, 0x00, 0x00, 0x00, 0x14, 0x00, 0x54, 0x00, 0x00, 0x00, 0x00, 0x4b, 0xff, 
    0xff, 0x4b, 0xff, 0xd0, 0x7f, 0xff, 0xff, 0xff, 0xf7, 0xfb, 0xff, 0xe5, 0x56, 0xa4, 0x50, 0x2f, 
    0xff, 0xff, 0xff, 0xef, 0xff, 0xff, 0xe0, 0x00, 0x3f, 0xff, 0xff, 0xff, 0xef, 0xff, 0xff, 0x40, 
    0x0f, 0xff, 0xff, 0xff, 0xff, 0xff, 0x02, 0xff, 0xff, 0xf0, 0x01, 0x45, 0xaf, 0xea, 0xbf, 0xff, 
    0xff, 0xff, 0xff, 0xff, 0xff, 0xff, 0xff, 0xff, 0x85, 0x55, 0x55, 0x55, 0x01, 0x55, 0x40, 0x04, 
    0x55, 0x45, 0x4f, 0xff, 0xff, 0xff, 0xfb, 0xfd, 0x9f, 0xff, 0xff, 0xff, 0xff, 0xff, 0xff, 0xff, 
    0xff, 0xff, 0xff, 0xff, 0xff, 0xff, 0x5f, 0xff, 0xff, 0xea, 0xaa, 0xa4, 0x95, 0x45, 0x55, 0x55, 
    0x55, 0x55, 0x55, 0x55, 0x01, 0xff, 0xff, 0xfd, 0xff, 0xff, 0xff, 0xff, 0xfe, 0x59, 0x57, 0xff, 
    0xff, 0x08, 0x00, 0xd6, 0xaa, 0xe9, 0x1a, 0x84, 0x2d, 0x41, 0x55, 0x55, 0x00, 0x1a, 0xaa, 0xaa, 
    0x8a, 0xaa, 0x96, 0xa0, 0x06, 0x96, 0x56, 0x95, 0x02, 0xff, 0xff, 0xeb, 0xfe, 0xf8, 0x4a, 0xaa, 
    0xa5, 0x8f, 0x81, 0xff, 0x7c, 0x1a, 0xa9, 0x00, 0x2a, 0xa0, 0x45, 0xae, 0x5a, 0xa0, 0x00, 0x00, 
    0x55, 0x59, 0x1f, 0xef, 0xbb, 0x1f, 0xff, 0xf9, 0x55, 0x55, 0x14, 0x10, 0x00, 0x00, 0x00, 0x00, 
    0x11, 0x41, 0x45, 0x41, 0x54, 0x15, 0x55, 0x55, 0x00, 0x00, 0x00, 0x00, 0x00, 0x00, 0x90, 0x40, 
    0x00, 0x40, 0x00, 0x00, 0x00, 0x00, 0x1f, 0xff, 0xff, 0xff, 0xfe, 0x07, 0xff, 0xff, 0xff, 0xff, 
    0xd5, 0xff, 0xff, 0x95, 0x95, 0x55, 0x50, 0x2f, 0xff, 0xff, 0xff, 0xef, 0xff, 0xff, 0xf0, 0x00, 
    0x3f, 0xff, 0xff, 0xff, 0xff, 0xff, 0xff, 0x80, 0x0f, 0xff, 0xff, 0xff, 0xff, 0xff, 0x41, 0xff, 
    0xff, 0xfd, 0x01, 0xff, 0xaa, 0xbf, 0xff, 0xff, 0xff, 0xff, 0xff, 0xff, 0x7f, 0xff, 0xff, 0xff, 
    0x11, 0x55, 0x55, 0x54, 0x05, 0x55, 0x10, 0x14, 0x55, 0x55, 0x3f, 0xff, 0xff, 0xff, 0xd9, 0x55, 
    0x0f, 0xff, 0xff, 0xff, 0xff, 0xff, 0xff, 0xff, 0xff, 0xff, 0xff, 0xff, 0xfa, 0xeb, 0xff, 0xff, 
    0xfb, 0xf6, 0xaa, 0xa9, 0x51, 0x50, 0x55, 0x55, 0x55, 0x55, 0x55, 0x55, 0x59, 0x3f, 0xfe, 0xff, 
    0x7f, 0xff, 0xff, 0xff, 0xff, 0x61, 0x55, 0xff, 0xff, 0x80, 0x01, 0xf2, 0xaa, 0xaa, 0x59, 0x42, 
    0xa9, 0x41, 0x55, 0x45, 0x50, 0x00, 0x5a, 0xaa, 0xaa, 0xaa, 0xa4, 0x01, 0x40, 0x6a, 0x95, 0x54, 
    0xb7, 0xff, 0xff, 0xab, 0xff, 0xf5, 0xd6, 0x6a, 0xaa, 0x4f, 0x81, 0xbb, 0x7d, 0x1b, 0xa9, 0x40, 
    0x2a, 0xa1, 0x85, 0xae, 0x6a, 0x64, 0x01, 0x00, 0x55, 0xbf, 0xff, 0xf8, 0xbf, 0x7f, 0x9f, 0x41, 
    0x55, 0x45, 0x14, 0x10, 0x00, 0x00, 0x00, 0x00, 0x11, 0x45, 0x45, 0x40, 0x54, 0x05, 0x55, 0x55, 
    0x00, 0x00, 0x00, 0x00, 0x00, 0x01, 0x00, 0x40, 0x14, 0x00, 0x00, 0x00, 0x00, 0x16, 0xff, 0xff, 
    0xff, 0xff, 0xe0, 0x6f, 0xff, 0xff, 0xff, 0xff, 0x74, 0x7f, 0xfe, 0xe5, 0x50, 0x55, 0x50, 0x3f, 
    0xff, 0xff, 0xff, 0xef, 0xff, 0xff, 0xf4, 0x00, 0x3f, 0xff, 0xff, 0xff, 0xff, 0xff, 0xff, 0xc0, 
    0x0b, 0xff, 0xff, 0xff, 0xff, 0xff, 0x81, 0xff, 0xff, 0xff, 0x40, 0x7f, 0xff, 0xff, 0xff, 0xff, 
    0xff, 0xff, 0xff, 0xff, 0xff, 0xff, 0xff, 0xfe, 0x15, 0x55, 0x55, 0x50, 0x15, 0x55, 0x40, 0x14, 
    0x55, 0x54, 0xbf, 0xff, 0xff, 0xff, 0x40, 0x01, 0x5f, 0xff, 0xff, 0xff, 0xff, 0xff, 0xff, 0xff, 
    0xff, 0xff, 0xff, 0xfb, 0xd7, 0xff, 0xff, 0xff, 0xf5, 0xa6, 0xaa, 0xaa, 0x94, 0x55, 0x55, 0x55, 
    0x55, 0x55, 0x55, 0x55, 0x4f, 0xff, 0xff, 0xff, 0xdf, 0xff, 0xff, 0xff, 0xff, 0xd5, 0x65, 0x7f, 
    0xff, 0xd0, 0x0b, 0xf9, 0xaa, 0xaa, 0x55, 0x52, 0xb5, 0x54, 0x15, 0x41, 0x50, 0x02, 0x91, 0x6a, 
    0xaa, 0xaa, 0x40, 0x05, 0x01, 0xaa, 0xa5, 0x06, 0x77, 0xff, 0xfb, 0xaf, 0xff, 0xe7, 0xa1, 0x6a, 
    0x69, 0x4b, 0xc5, 0x37, 0xbd, 0x2b, 0xaa, 0x40, 0x2a, 0xa1, 0x81, 0x6e, 0x6a, 0x14, 0x40, 0x00, 
    0x56, 0xff, 0xff, 0xff, 0xfe, 0xbf, 0x98, 0x01, 0x55, 0x15, 0x54, 0x14, 0x40, 0x04, 0x00, 0x00, 
    0x11, 0x45, 0x44, 0x50, 0x15, 0x01, 0x55, 0x55, 0x00, 0x00, 0x00, 0x00, 0x01, 0xf4, 0x00, 0x00, 
    0x00, 0x00, 0x00, 0x00, 0x06, 0xff, 0xff, 0xff, 0xff, 0xff, 0x92, 0xff, 0xef, 0xff, 0xff, 0xfe, 
    0xba, 0xff, 0xfb, 0x94, 0x00, 0x55, 0x54, 0x7f, 0xff, 0xff, 0xff, 0xff, 0xff, 0xff, 0xfc, 0x00, 
    0x3f, 0xff, 0xff, 0xff, 0xff, 0xff, 0xff, 0xc0, 0x07, 0xff, 0xff, 0xff, 0xff, 0xff, 0xc1, 0xff, 
    0xff, 0xff, 0xe0, 0x0f, 0xff, 0xff, 0xff, 0xff, 0xff, 0xfb, 0xff, 0xff, 0xff, 0xff, 0xff, 0xfc, 
    0x55, 0x55, 0x55, 0x45, 0x54, 0x54, 0x41, 0x54, 0x51, 0x52, 0xff, 0xff, 0xff, 0xff, 0xc0, 0x00, 
    0x2f, 0xff, 0xff, 0xff, 0xff, 0xff, 0xff, 0xff, 0xff, 0xff, 0xff, 0xff, 0x7f, 0xff, 0xff, 0xff, 
    0xf9, 0xaa, 0x9a, 0x65, 0x94, 0x55, 0x55, 0x55, 0x55, 0x55, 0x55, 0x55, 0x4b, 0xff, 0xff, 0xff, 
    0xeb, 0xff, 0xff, 0xff, 0xff, 0xf5, 0x89, 0x5f, 0xff, 0xf0, 0x2f, 0xfe, 0xda, 0xa9, 0x55, 0x40, 
    0x99, 0x55, 0x45, 0x50, 0x05, 0x14, 0x68, 0x05, 0xaa, 0xa9, 0x00, 0x50, 0x06, 0xa6, 0xa4, 0x7c, 
    0xab, 0xff, 0xfe, 0xbf, 0xff, 0xce, 0xa0, 0x6a, 0xa5, 0x07, 0xd5, 0x1f, 0xa4, 0x6a, 0xaa, 0x80, 
    0x1a, 0x91, 0x91, 0x69, 0x3a, 0x44, 0x40, 0x00, 0x5b, 0xff, 0xff, 0xff, 0xff, 0xff, 0xe9, 0x01, 
    0x59, 0x55, 0x54, 0x15, 0x01, 0x00, 0x44, 0x00, 0x01, 0x55, 0x44, 0x54, 0x15, 0x40, 0x55, 0x55, 
    0x00, 0x00, 0x00, 0x01, 0x6f, 0xd0, 0x00, 0x00, 0x40, 0x00, 0x00, 0x06, 0xff, 0xff, 0xff, 0xff, 
    0xff, 0xd1, 0x6f, 0xff, 0xff, 0xff, 0xff, 0xfd, 0xef, 0xff, 0xef, 0x40, 0x01, 0x05, 0x50, 0xff, 
    0xff, 0xff, 0xff, 0xff, 0xff, 0xff, 0xfd, 0x00, 0x3f, 0xff, 0xff, 0xff, 0xff, 0xff, 0xff, 0xd0, 
    0x03, 0xff, 0xff, 0xff, 0xff, 0xff, 0xc2, 0xff, 0xff, 0xff, 0xfc, 0x02, 0xff, 0xff, 0xff, 0xff, 
    0xff, 0xef, 0xfb, 0xff, 0xff, 0xff, 0xff, 0xf4, 0x55, 0x59, 0x55, 0x14, 0x54, 0x55, 0x05, 0x54, 
    0x55, 0x57, 0xff, 0xff, 0xff, 0xff, 0xf9, 0x01, 0xff, 0xff, 0xff, 0xff, 0xff, 0xff, 0xfb, 0xff, 
    0xff, 0xff, 0xff, 0xff, 0xff, 0xff, 0xff, 0xff, 0xf9, 0x56, 0xaa, 0xa5, 0x55, 0x15, 0x15, 0x55, 
    0x55, 0x55, 0x55, 0x55, 0x4f, 0xff, 0xff, 0xff, 0xf7, 0xff, 0xff, 0xff, 0xff, 0xfa, 0x61, 0x8b, 
    0xff, 0xf8, 0xbf, 0xff, 0xf5, 0xa5, 0x55, 0x40, 0x59, 0x56, 0x51, 0x55, 0x55, 0x55, 0x00, 0x00, 
    0x39, 0x45, 0x04, 0x00, 0x05, 0x55, 0x4b, 0xf0, 0xdf, 0xff, 0xed, 0xbf, 0xff, 0x2a, 0xa4, 0x2a, 
    0x94, 0x03, 0xe5, 0x0b, 0x94, 0x69, 0x6a, 0x90, 0x1a, 0x91, 0xa6, 0x69, 0x3a, 0x69, 0x50, 0x00, 
    0x9f, 0xff, 0xff, 0xff, 0xfb, 0xff, 0xfe, 0x01, 0x6f, 0x55, 0x54, 0x15, 0x50, 0x10, 0x40, 0x00, 
    0x05, 0x45, 0x55, 0x05, 0x05, 0x50, 0x55, 0x55, 0x00, 0x00, 0x01, 0xbf, 0xfe, 0x00, 0x00, 0x04, 
    0x00, 0x00, 0x01, 0xbf, 0xff, 0xff, 0xff, 0xff, 0xfe, 0x42, 0xff, 0xeb, 0xff, 0xff, 0xff, 0xfb, 
    0x4f, 0xff, 0xfe, 0x00, 0x00, 0x01, 0x43, 0xff, 0xff, 0xff, 0xff, 0xff, 0xff, 0xff, 0xff, 0x00, 
    0x3f, 0xff, 0xff, 0xff, 0xff, 0xff, 0xff, 0xe0, 0x03, 0xff, 0xff, 0xff, 0xff, 0xff, 0xd2, 0xff, 
    0xff, 0xff, 0xff, 0x40, 0x7f, 0xff, 0xff, 0xff, 0xff, 0xef, 0xef, 0xff, 0xff, 0xff, 0xff, 0xe1, 
    0x55, 0x55, 0x55, 0x50, 0x55, 0x45, 0x15, 0x54, 0x55, 0x4f, 0xff, 0xff, 0xff, 0xff, 0xff, 0xff, 
    0xff, 0xff, 0xff, 0xff, 0xff, 0xff, 0xff, 0xef, 0xff, 0xfa, 0x57, 0xfb, 0xff, 0xff, 0xff, 0xff, 
    0xf9, 0x59, 0x9a, 0x99, 0x56, 0x45, 0x55, 0x55, 0x55, 0x59, 0x55, 0x5e, 0x5b, 0xff, 0xff, 0xff, 
    0xfd, 0xff, 0xff, 0xff, 0xff, 0xfd, 0x84, 0x62, 0xff, 0xfd, 0x3f, 0xff, 0xfd, 0x65, 0x55, 0x50, 
    0x15, 0x56, 0x55, 0x55, 0x55, 0x55, 0x40, 0x05, 0x18, 0x05, 0x00, 0x01, 0x01, 0x94, 0x7f, 0xe1, 
    0xdb, 0xff, 0xb9, 0x3f, 0xfc, 0x5a, 0xa5, 0x28, 0x50, 0x03, 0xe5, 0x5b, 0xd0, 0x59, 0x6a, 0xa5, 
    0x4a, 0x91, 0xa1, 0xa9, 0x79, 0x55, 0x20, 0x00, 0x7f, 0xff, 0xff, 0xff, 0xf9, 0xff, 0xff, 0x41, 
    0x6d, 0x54, 0x55, 0x55, 0x41, 0x00, 0x01, 0x00, 0x00, 0x05, 0x55, 0x01, 0x41, 0x50, 0x15, 0x45, 
    0x00, 0x01, 0x1b, 0xff, 0xf8, 0x00, 0x04, 0x00, 0x00, 0x00, 0xbf, 0xff, 0xff, 0xff, 0xff, 0xff, 
    0xe0, 0xaf, 0xfe, 0xbf, 0xff, 0xff, 0xff, 0xfb, 0x7f, 0xfe, 0x54, 0x00, 0x51, 0x05, 0x4b, 0xff, 
    0xff, 0xff, 0xff, 0xff, 0xff, 0xff, 0xff, 0x40, 0x2f, 0xff, 0xff, 0xff, 0xff, 0xff, 0xff, 0xf0, 
    0x02, 0xff, 0xff, 0xff, 0xff, 0xff, 0xc2, 0xff, 0xff, 0xff, 0xff, 0xf4, 0x07, 0xff, 0xff, 0xff, 
    0xff, 0xbf, 0xbf, 0xff, 0xff, 0xff, 0xff, 0xc5, 0x55, 0x55, 0x50, 0x55, 0x55, 0x05, 0x55, 0x54, 
    0x55, 0x3f, 0xff, 0xff, 0xff, 0xff, 0xff, 0xff, 0xff, 0xff, 0xff, 0xff, 0xff, 0xf5, 0xbf, 0xc3, 
    0xff, 0xaf, 0x80, 0x02, 0xff, 0xff, 0xff, 0xff, 0xf5, 0x55, 0x56, 0x59, 0x95, 0x85, 0x45, 0x55, 
    0x55, 0x55, 0x95, 0x5b, 0xe7, 0xff, 0xff, 0xff, 0xfe, 0x7f, 0xfe, 0xff, 0xff, 0xff, 0x20, 0x54, 
    0xff, 0xff, 0x0f, 0xff, 0xff, 0x95, 0x55, 0x56, 0x06, 0xa5, 0x55, 0x55, 0x55, 0x54, 0x10, 0x00, 
    0x14, 0x00, 0x15, 0x54, 0x01, 0x47, 0xff, 0xd1, 0x9f, 0xfe, 0xe0, 0x1e, 0xf4, 0x6a, 0xaa, 0x80, 
    0x00, 0x02, 0xe5, 0x56, 0xd0, 0x59, 0x2a, 0xa5, 0x8a, 0x91, 0xa5, 0xa9, 0x69, 0x55, 0x14, 0x00, 
    0x7f, 0xff, 0xff, 0xff, 0xfe, 0xfe, 0xff, 0x45, 0x54, 0x15, 0x50, 0x15, 0x41, 0x01, 0x00, 0x40, 
    0x00, 0x05, 0x55, 0x41, 0x40, 0x54, 0x01, 0x45, 0x00, 0x1f, 0xff, 0xff, 0xf0, 0x00, 0x10, 0x00, 
    0x00, 0x6f, 0xff, 0xff, 0xff, 0xff, 0xff, 0xfe, 0x07, 0xff, 0xeb, 0xff, 0xff, 0xff, 0xff, 0xed, 
    0xff, 0xd5, 0x55, 0x50, 0x04, 0x15, 0x5f, 0xff, 0xff, 0xff, 0xff, 0xff, 0xff, 0xff, 0xff, 0xc0, 
    0x0b, 0xff, 0xff, 0xff, 0xff, 0xff, 0xff, 0xf8, 0x01, 0xff, 0xff, 0xff, 0xff, 0xff, 0xc1, 0xff, 
    0xff, 0xff, 0xff, 0xfe, 0x40, 0x7f, 0xff, 0xff, 0xfe, 0xfe, 0xff, 0xff, 0xff, 0xff, 0xff, 0x85, 
    0x55, 0x55, 0x45, 0x41, 0x40, 0x15, 0x55, 0x54, 0x54, 0xff, 0xff, 0xff, 0xff, 0xff, 0xff, 0xff, 
    0xff, 0xff, 0xff, 0xff, 0xff, 0x80, 0x3f, 0xff, 0xeb, 0x9f, 0xa9, 0x00, 0xff, 0xff, 0xff, 0xff, 
    0xf5, 0x56, 0x55, 0x5a, 0xa5, 0x65, 0x15, 0x55, 0x55, 0x55, 0x55, 0x56, 0xfb, 0xff, 0xff, 0xdb, 
    0x7e, 0x6f, 0xff, 0x7f, 0xff, 0xff, 0x98, 0x14, 0x3f, 0xff, 0xc7, 0xfd, 0xb9, 0x40, 0x15, 0x55, 
    0x05, 0xb9, 0x55, 0x55, 0x15, 0x55, 0x00, 0x10, 0x00, 0x00, 0x00, 0x05, 0x00, 0x1f, 0xff, 0xf2, 
    0x7f, 0xff, 0x41, 0x46, 0xd0, 0x6a, 0xaa, 0x40, 0x00, 0x01, 0xe5, 0x55, 0xd4, 0x55, 0x6a, 0xa9, 
    0x86, 0x91, 0xa5, 0xa8, 0x65, 0x55, 0x4a, 0x00, 0xbf, 0xff, 0xff, 0xff, 0x3f, 0xf4, 0xbf, 0x05, 
    0x40, 0x15, 0x54, 0x15, 0x44, 0x40, 0x00, 0x10, 0x00, 0x05, 0x55, 0x41, 0x50, 0x15, 0x00, 0x55, 
    0x06, 0xff, 0xff, 0xff, 0x90, 0x40, 0x00, 0x00, 0x5b, 0xff, 0xff, 0xff, 0xff, 0xff, 0xff, 0xd0, 
    0x6f, 0xfe, 0x6f, 0xff, 0xff, 0xff, 0xff, 0xab, 0xf9, 0x15, 0x55, 0x55, 0x00, 0x15, 0x7f, 0xff, 
    0xff, 0xff, 0xff, 0xef, 0xff, 0xff, 0xff, 0xd0, 0x03, 0xff, 0xff, 0xff, 0xff, 0xff, 0xff, 0xfc, 
    0x00, 0xff, 0xff, 0xff, 0xff, 0xff, 0x86, 0xbf, 0xff, 0xff, 0xff, 0xff, 0xe4, 0x02, 0xff, 0xff, 
    0xeb, 0xaf, 0xff, 0xff, 0xff, 0xff, 0xff, 0x15, 0x55, 0x55, 0x15, 0x05, 0x00, 0x50, 0x55, 0x54, 
    0x52, 0xff, 0xff, 0xff, 0xff, 0xff, 0xff, 0xff, 0xff, 0xff, 0xff, 0xff, 0xff, 0x47, 0xff, 0xff, 
    0xaf, 0xff, 0x45, 0x52, 0xff, 0xff, 0xff, 0xff, 0xf2, 0x55, 0x55, 0x1a, 0xa9, 0x55, 0x55, 0x55, 
    0x55, 0x55, 0x5a, 0x55, 0x5a, 0xff, 0xff, 0xe6, 0xdd, 0x4f, 0xfe, 0x3f, 0xff, 0xff, 0xd8, 0x04, 
    0x0f, 0xff, 0xe1, 0xaf, 0x90, 0x01, 0x81, 0x55, 0x01, 0x55, 0x95, 0x51, 0x45, 0x54, 0x04, 0x00, 
    0x00, 0x15, 0x00, 0x10, 0x01, 0xff, 0xff, 0xe7, 0x7f, 0xf9, 0x05, 0x52, 0xc1, 0xaa, 0xaa, 0x90, 
    0x00, 0x01, 0xe1, 0x55, 0xa4, 0x55, 0x6a, 0xa9, 0x42, 0x91, 0xa5, 0x94, 0x55, 0x5a, 0x46, 0x40, 
    0xff, 0xff, 0xff, 0xfd, 0x7f, 0xd4, 0x7f, 0xf9, 0x40, 0x15, 0x54, 0x15, 0x45, 0x10, 0x00, 0x10, 
    0x01, 0x05, 0x55, 0x51, 0x54, 0x01, 0x40, 0x15, 0x7f, 0xff, 0xff, 0xfd, 0x07, 0x80, 0x80, 0x0b, 
    0xff, 0xff, 0xff, 0xff, 0xff, 0xff, 0xfd, 0x06, 0xff, 0xf6, 0xff, 0xff, 0xff, 0xff, 0xff, 0x7e, 
    0x51, 0x55, 0x55, 0x55, 0x00, 0x00, 0xbf, 0xff, 0xff, 0xff, 0xff, 0xef, 0xff, 0xff, 0xff, 0xe0, 
    0x00, 0xff, 0xff, 0xff, 0xff, 0xff, 0xff, 0xfc, 0x00, 0xbf, 0xff, 0xff, 0xff, 0xff, 0x4f, 0x7f, 
    0xff, 0xff, 0xff, 0xff, 0xff, 0x90, 0x06, 0xa9, 0x1a, 0xff, 0xff, 0xff, 0xff, 0xff, 0xfe, 0x15, 
    0x55, 0x55, 0x54, 0x04, 0x45, 0x40, 0x55, 0x54, 0x57, 0xff, 0xff, 0xff, 0xff, 0xff, 0xff, 0xff, 
    0xff, 0xff, 0xff, 0xff, 0xfe, 0xbf, 0xff, 0xfb, 0xff, 0xfe, 0x15, 0x57, 0xfd, 0x7f, 0xff, 0xff, 
    0xf1, 0x55, 0x50, 0x0a, 0xa9, 0x55, 0x55, 0x55, 0x55, 0x55, 0x55, 0x55, 0x54, 0xff, 0xff, 0xff, 
    0xe6, 0xd7, 0xff, 0xff, 0xff, 0xff, 0xf2, 0x00, 0x03, 0xff, 0xf4, 0x79, 0x40, 0x10, 0xfe, 0x95, 
    0x01, 0x55, 0x55, 0xa5, 0x51, 0x55, 0x00, 0x00, 0x01, 0x00, 0x05, 0x55, 0x1f, 0xff, 0xff, 0x46, 
    0xbf, 0x95, 0x41, 0x4b, 0x43, 0xea, 0xaa, 0x90, 0x00, 0x66, 0xe1, 0x5e, 0x74, 0x55, 0x59, 0x69, 
    0x51, 0x81, 0xa5, 0x55, 0x95, 0x59, 0x56, 0x41, 0xff, 0xff, 0xff, 0xd0, 0x6e, 0x94, 0x7f, 0xf9, 
    0x40, 0x15, 0x54, 0x55, 0x45, 0x04, 0x00, 0x10, 0x05, 0x01, 0x5a, 0x50, 0x55, 0x00, 0x50, 0x05, 
    0xff, 0xff, 0xff, 0xd0, 0x29, 0x06, 0x40, 0xbf, 0xff, 0xff, 0xff, 0xff, 0xff, 0xff, 0xe0, 0x2f, 
    0xff, 0x6f, 0xff, 0xff, 0xff, 0xff, 0xfe, 0xa4, 0x54, 0x41, 0x54, 0x00, 0x00, 0x06, 0xff, 0xff, 
    0xff, 0xff, 0xff, 0xff, 0xff, 0xff, 0xff, 0xe8, 0x00, 0x7f, 0xff, 0xff, 0xff, 0xff, 0xff, 0xfe, 
    0x00, 0x3f, 0xff, 0xff, 0xff, 0xff, 0x1f, 0xdf, 0xff, 0xff, 0xff, 0xff, 0xff, 0xfe, 0x95, 0x5a, 
    0xff, 0xff, 0xff, 0xff, 0xff, 0xff, 0xfc, 0x55, 0x55, 0x55, 0x40, 0x15, 0x55, 0x50, 0x55, 0x54, 
    0x5f, 0xff, 0xff, 0xff, 0xff, 0xff, 0xff, 0xff, 0xff, 0xff, 0xff, 0xff, 0xff, 0xff, 0xff, 0xfb, 
    0xff, 0xea, 0x05, 0x5b, 0xf1, 0xff, 0xff, 0xff, 0xd5, 0x55, 0x57, 0xd5, 0x6a, 0x15, 0x55, 0x55, 
    0x55, 0x55, 0x55, 0x55, 0x55, 0xbf, 0xff, 0xff, 0xf7, 0xf6, 0xff, 0xff, 0xff, 0xff, 0xf9, 0x40, 
    0x11, 0xff, 0xfc, 0x00, 0x20, 0x24, 0xff, 0xd0, 0x00, 0x55, 0x55, 0x55, 0x44, 0x55, 0x55, 0x00, 
    0x55, 0x40, 0x00, 0x04, 0x7f, 0xff, 0xff, 0x09, 0xfe, 0x55, 0x51, 0x4b, 0x05, 0xaa, 0xaa, 0x90, 
    0x00, 0x11, 0xf1, 0x5a, 0x79, 0x65, 0x1a, 0xa9, 0x40, 0x01, 0x65, 0x57, 0xa5, 0x56, 0x52, 0x47, 
    0xff, 0xff, 0xff, 0xe1, 0xf9, 0x54, 0x7b, 0xf5, 0x40, 0x15, 0x54, 0x55, 0x45, 0x01, 0x00, 0x10, 
    0x05, 0x01, 0x5b, 0x51, 0x15, 0x40, 0x14, 0x01, 0xff, 0xff, 0xfe, 0x02, 0x90, 0x78, 0x07, 0xff, 
    0xff, 0xff, 0xff, 0xff, 0xff, 0xfe, 0x02, 0xff, 0xf5, 0xff, 0xff, 0xff, 0xff, 0xff, 0xfd, 0x40, 
    0x55, 0x55, 0x45, 0x55, 0x40, 0x7f, 0xff, 0xff, 0xff, 0xff, 0xff, 0xff, 0xff, 0xff, 0xff, 0xf6, 
    0x00, 0x1f, 0xff, 0xff, 0xff, 0xff, 0xff, 0xff, 0x00, 0x2f, 0xff, 0xff, 0xff, 0xfe, 0x3f, 0xf7, 
    0xff, 0xff, 0xff, 0xff, 0xff, 0xff, 0xff, 0xff, 0xff, 0xff, 0xff, 0xff, 0xff, 0xff, 0xf8, 0x55, 
    0x55, 0x65, 0x00, 0x55, 0x55, 0x54, 0x55, 0x54, 0x7f, 0xff, 0xff, 0xff, 0xff, 0xff, 0xff, 0xff, 
    0xff, 0xff, 0xff, 0xff, 0xff, 0xff, 0xff, 0xef, 0xfa, 0xa5, 0x55, 0x6f, 0xe0, 0xfe, 0xff, 0xff, 
    0xc5, 0x55, 0x5f, 0xff, 0x95, 0x45, 0x45, 0x55, 0x55, 0x55, 0x55, 0x55, 0x55, 0x7f, 0xff, 0xff, 
    0xff, 0xfa, 0xbf, 0xff, 0xff, 0xff, 0xfe, 0x40, 0x04, 0xbf, 0xfe, 0x02, 0xfc, 0x7d, 0xbf, 0xfe, 
    0x59, 0x55, 0x55, 0x55, 0x55, 0x55, 0x44, 0x00, 0x15, 0x50, 0x41, 0x01, 0xf4, 0xff, 0xf8, 0x0d, 
    0xa6, 0x55, 0x50, 0x01, 0x2a, 0xaa, 0xfa, 0x90, 0x00, 0x04, 0xa1, 0x55, 0x7f, 0xa5, 0x1a, 0xaa, 
    0x00, 0x01, 0x54, 0x56, 0xa5, 0x55, 0x51, 0x5f, 0xff, 0xff, 0xff, 0xff, 0xe5, 0x54, 0x75, 0xe1, 
    0x50, 0x15, 0x55, 0x55, 0x45, 0x01, 0x40, 0x10, 0x01, 0x04, 0x56, 0x51, 0x05, 0x50, 0x05, 0x00, 
    0xff, 0xff, 0xe0, 0x1d, 0x02, 0xd0, 0x7f, 0xff, 0xff, 0xff, 0xff, 0xff, 0xff, 0xe0, 0x2f, 0xff, 
    0x9b, 0xff, 0xff, 0xff, 0xff, 0xff, 0xfd, 0x00, 0x14, 0x55, 0x55, 0x40, 0x02, 0xff, 0xff, 0xff, 
    0xff, 0xff, 0xff, 0xff, 0xff, 0xff, 0xff, 0xf6, 0x14, 0x07, 0xff, 0xff, 0xff, 0xff, 0xff, 0xff, 
    0x80, 0x0f, 0xff, 0xff, 0xff, 0xfd, 0x7f, 0xf9, 0xff, 0xff, 0xff, 0xff, 0xff, 0xff, 0xff, 0xff, 
    0xff, 0xff, 0xff, 0xff, 0xff, 0xff, 0xf1, 0x05, 0x65, 0x55, 0x05, 0x55, 0x45, 0x55, 0x55, 0x54, 
    0xff, 0xff, 0xff, 0xff, 0xff, 0xff, 0xff, 0xff, 0xff, 0xff, 0xff, 0xff, 0xff, 0xff, 0xff, 0x7e, 
    0x96, 0x59, 0x40, 0x3f, 0x90, 0x1b, 0xff, 0xff, 0xc9, 0x55, 0x5f, 0xff, 0xf4, 0x51, 0x45, 0x55, 
    0x55, 0x55, 0x55, 0x55, 0x55, 0x7f, 0xff, 0xff, 0xff, 0xfd, 0xaf, 0xff, 0xff, 0xff, 0xff, 0x60, 
    0x00, 0x2f, 0xff, 0x81, 0xfe, 0xbf, 0x7f, 0xff, 0xff, 0x15, 0x55, 0x55, 0x55, 0x55, 0x54, 0x00, 
    0x05, 0x54, 0x54, 0x0b, 0xe6, 0xff, 0xe0, 0x98, 0x15, 0x00, 0x00, 0x01, 0x2a, 0xaa, 0xb9, 0xa0, 
    0x01, 0x54, 0xa1, 0x56, 0x7e, 0x95, 0x56, 0x9b, 0x40, 0x01, 0x54, 0x51, 0xa5, 0x55, 0x54, 0xbf, 
    0xff, 0xff, 0xfe, 0xff, 0x54, 0x50, 0x2e, 0xf5, 0x50, 0x15, 0x55, 0x55, 0x45, 0x05, 0x40, 0x10, 
    0x00, 0x44, 0x16, 0x55, 0x51, 0x50, 0x01, 0x40, 0xff, 0xfe, 0x01, 0x90, 0x2d, 0x07, 0xff, 0xff, 
    0xff, 0xff, 0xff, 0xff, 0xfe, 0x02, 0xff, 0xf8, 0xbf, 0xff, 0xff, 0xff, 0xff, 0xff, 0xff, 0xd0, 
    0x55, 0x55, 0x55, 0x54, 0x0f, 0xff, 0xff, 0xff, 0xff, 0xff, 0xff, 0xff, 0xff, 0xff, 0xff, 0xf9, 
    0x0d, 0x02, 0xff, 0xff, 0xff, 0xff, 0xff, 0xff, 0xc0, 0x0b, 0xff, 0xff, 0xff, 0xf8, 0xff, 0xfe, 
    0x7f, 0xff, 0xff, 0xff, 0xff, 0xff, 0xff, 0xff, 0xff, 0xff, 0xff, 0xff, 0xff, 0xff, 0xe1, 0x15, 
    0x29, 0x55, 0x05, 0x55, 0x55, 0x55, 0x55, 0x55, 0xff, 0xff, 0xff, 0xff, 0xff, 0xff, 0xff, 0xff, 
    0xff, 0xfe, 0x11, 0x6f, 0xff, 0xff, 0xff, 0x55, 0xa6, 0xa5, 0x52, 0xff, 0xfa, 0xbf, 0xff, 0xff, 
    0xd5, 0x65, 0x6f, 0xff, 0xf9, 0x01, 0x55, 0x55, 0x55, 0x55, 0x55, 0x55, 0x55, 0x5f, 0xff, 0xff, 
    0xff, 0xaa, 0x5f, 0xff, 0xff, 0xff, 0xff, 0xd4, 0x00, 0x07, 0xff, 0xd0, 0xbf, 0xff, 0xef, 0xff, 
    0xff, 0x95, 0x55, 0x55, 0x55, 0x55, 0x55, 0x40, 0x00, 0x54, 0x55, 0x0f, 0xe6, 0xff, 0xa5, 0xa4, 
    0x01, 0x00, 0x05, 0x04, 0x2a, 0xaa, 0xa9, 0x61, 0x55, 0x54, 0xa1, 0x56, 0x6e, 0x55, 0x56, 0x96, 
    0x40, 0x01, 0x54, 0x52, 0xaa, 0x56, 0x9b, 0xee, 0x55, 0xba, 0xfb, 0xfd, 0x50, 0x28, 0x16, 0xf5, 
    0x44, 0x15, 0x55, 0x55, 0x45, 0x05, 0x10, 0x11, 0x01, 0x05, 0x05, 0x55, 0x50, 0x54, 0x00, 0x50, 
    0xff, 0xe0, 0x0a, 0x00, 0xe0, 0x7f, 0xff, 0xff, 0xff, 0xff, 0xff, 0xff, 0xf4, 0x2f, 0xff, 0x87, 
    0xff, 0xff, 0xff, 0xff, 0xff, 0xff, 0xff, 0xfe, 0x00, 0x01, 0x55, 0x41, 0xff, 0xff, 0xff, 0xff, 
    0xff, 0xff, 0xff, 0xff, 0xff, 0xff, 0xff, 0xfc, 0x0b, 0x40, 0xbf, 0xff, 0xff, 0xff, 0xff, 0xff, 
    0xe0, 0x03, 0xff, 0xff, 0xff, 0xf3, 0xff, 0xff, 0xdf, 0xff, 0xff, 0xff, 0xff, 0xff, 0xff, 0xff, 
    0xff, 0xff, 0xd7, 0xff, 0xff, 0xff, 0xd4, 0x55, 0x55, 0x51, 0x55, 0x55, 0x55, 0x54, 0x15, 0x56, 
    0xff, 0xff, 0xff, 0xff, 0xff, 0xff, 0xff, 0xff, 0xff, 0xff, 0xd0, 0x1b, 0xff, 0xff, 0xff, 0xe0, 
    0x56, 0xa5, 0x5b, 0xff, 0xff, 0xff, 0xff, 0xff, 0xf1, 0x55, 0x3f, 0xff, 0xff, 0xe4, 0x55, 0x55, 
    0x55, 0x55, 0x55, 0x55, 0x55, 0x53, 0xff, 0xff, 0xfe, 0x69, 0x67, 0xff, 0xff, 0xff, 0xff, 0xf1, 
    0x00, 0x01, 0xbf, 0xe1, 0x3f, 0xff, 0xff, 0xff, 0xff, 0x85, 0x51, 0x14, 0x55, 0x55, 0x55, 0x54, 
    0x00, 0x54, 0x55, 0x5f, 0xff, 0xfe, 0xbf, 0xa0, 0x05, 0x50, 0x05, 0x28, 0x2a, 0xaa, 0xaa, 0x55, 
    0x55, 0x00, 0x61, 0x56, 0x4e, 0xa5, 0x55, 0x9a, 0x40, 0x11, 0x54, 0x52, 0xaa, 0xaa, 0xbe, 0x00, 
    0x00, 0x5b, 0xff, 0xe5, 0x51, 0x29, 0x16, 0xf5, 0x45, 0x15, 0x51, 0x05, 0x55, 0x01, 0x14, 0x01, 
    0x41, 0x45, 0x05, 0x55, 0x54, 0x15, 0x00, 0x10, 0xff, 0x40, 0xa0, 0x07, 0x42, 0xff, 0xff, 0xff, 
    0xff, 0xff, 0xff, 0xff, 0x42, 0xff, 0xf8, 0x7f, 0xff, 0xff, 0xff, 0xff, 0xff, 0xff, 0xff, 0xff, 
    0xff, 0x90, 0x14, 0x2f, 0xff, 0xff, 0xff, 0xff, 0xff, 0xff, 0xff, 0xff, 0xff, 0xff, 0xff, 0xfe, 
    0x03, 0xd0, 0x2f, 0xff, 0xff, 0xff, 0xff, 0xff, 0xf4, 0x02, 0xff, 0xff, 0xff, 0xdb, 0xff, 0xff, 
    0xf6, 0xff, 0xff, 0xff, 0xff, 0xff, 0xff, 0xff, 0xff, 0xff, 0xff, 0xff, 0xff, 0xff, 0xc4, 0x55, 
    0x55, 0x41, 0x55, 0x55, 0x55, 0x51, 0x15, 0x53, 0xff, 0xff, 0xff, 0xff, 0xff, 0xff, 0xff, 0xff, 
    0xff, 0xff, 0x80, 0x07, 0xff, 0xff, 0xff, 0xfe, 0x50, 0x56, 0xff, 0xff, 0xff, 0xff, 0xff, 0xff, 
    0xf5, 0x55, 0xff, 0xff, 0xff, 0xff, 0x55, 0x55, 0x55, 0x55, 0x55, 0x55, 0x55, 0x40, 0xff, 0xff, 
    0xe5, 0x55, 0x4a, 0xff, 0xff, 0xff, 0xff, 0xf8, 0x00, 0x00, 0x5f, 0xf8, 0x8f, 0xff, 0xff, 0xff, 
    0xf9, 0x00, 0x55, 0x40, 0x10, 0x11, 0x55, 0x55, 0x40, 0x55, 0x55, 0x2f, 0xff, 0xfa, 0xff, 0x90, 
    0x41, 0x50, 0x04, 0xaa, 0xaa, 0xaa, 0xaa, 0x95, 0x41, 0x40, 0x15, 0x55, 0x44, 0xa9, 0x15, 0x55, 
    0x41, 0x41, 0x54, 0x46, 0xaa, 0xaa, 0xf9, 0x01, 0x01, 0xff, 0xaf, 0x95, 0x50, 0x38, 0x15, 0xf5, 
    0x15, 0x15, 0x15, 0x05, 0x45, 0x00, 0x04, 0x01, 0x41, 0x41, 0x41, 0x55, 0x55, 0x15, 0x40, 0x04, 
    0xf4, 0x0a, 0x00, 0x64, 0x2f, 0xff, 0xff, 0xff, 0xff, 0xff, 0xff, 0xf4, 0x2f, 0xff, 0x42, 0xff, 
    0xff, 0xff, 0xff, 0xff, 0xff, 0xff, 0xff, 0xff, 0xff, 0xff, 0xff, 0xff, 0xff, 0xff, 0xff, 0xff, 
    0xff, 0xff, 0xff, 0xff, 0xff, 0xff, 0xff, 0xff, 0x03, 0xf8, 0x0f, 0xff, 0xff, 0xff, 0xff, 0xff, 
    0xfc, 0x00, 0xff, 0xff, 0xff, 0x9f, 0xff, 0xff, 0xfe, 0x6f, 0xff, 0xff, 0xff, 0xff, 0xff, 0xff, 
    0xff, 0xff, 0xff, 0xff, 0xff, 0xff, 0x41, 0x65, 0x55, 0x45, 0x55, 0x55, 0x55, 0x51, 0x55, 0x53, 
    0xff, 0xff, 0xff, 0xff, 0xff, 0xff, 0xff, 0xff, 0xff, 0xfd, 0x00, 0x07, 0xff, 0xff, 0xff, 0xff, 
    0xfe, 0xff, 0xfd, 0xff, 0xfb, 0xff, 0xff, 0x4f, 0xfc, 0x55, 0xff, 0xff, 0xff, 0xff, 0xd5, 0x51, 
    0x55, 0x55, 0x55, 0x55, 0x55, 0x54, 0x7f, 0xff, 0xe5, 0x85, 0x55, 0xbf, 0xff, 0xff, 0xff, 0xfd, 
    0x00, 0x00, 0x17, 0xfa, 0x57, 0xff, 0xff, 0xff, 0xa5, 0x00, 0x15, 0x55, 0x04, 0x05, 0x55, 0x15, 
    0x50, 0x15, 0x41, 0x3f, 0xff, 0xeb, 0xff, 0x50, 0x15, 0x50, 0x10, 0x2a, 0xaa, 0xaa, 0xaa, 0x95, 
    0x01, 0x50, 0x15, 0x51, 0x44, 0xa9, 0x55, 0x55, 0x40, 0x00, 0x54, 0x06, 0xaa, 0xaf, 0xd5, 0x05, 
    0x02, 0xe4, 0x15, 0x55, 0x50, 0xb4, 0x05, 0xb5, 0x15, 0x45, 0x56, 0x85, 0x45, 0x00, 0x15, 0x44, 
    0x41, 0x40, 0x40, 0x55, 0x55, 0x05, 0x40, 0x01, 0x40, 0xb4, 0x06, 0x81, 0xff, 0xff, 0xff, 0xff, 
    0xff, 0xff, 0xff, 0x42, 0xff, 0xf4, 0x1f, 0xff, 0xff, 0xff, 0xff, 0xff, 0xff, 0xff, 0xff, 0xff, 
    0xff, 0xff, 0xff, 0xff, 0xff, 0xff, 0xff, 0xff, 0xef, 0xff, 0xff, 0xff, 0xff, 0xff, 0xff, 0xff, 
    0x81, 0xfe, 0x02, 0xff, 0xff, 0xff, 0xff, 0xff, 0xfd, 0x40, 0x7f, 0xff, 0xfe, 0x3f, 0xff, 0xff, 
    0xff, 0xea, 0xbf, 0xff, 0xff, 0xff, 0xff, 0xff, 0xff, 0xff, 0xff, 0xff, 0xff, 0xff, 0x02, 0x95, 
    0x55, 0x55, 0x55, 0x55, 0x55, 0x55, 0x55, 0x5b, 0xff, 0xff, 0xff, 0xff, 0xff, 0xff, 0xff, 0xff, 
    0xff, 0xef, 0x54, 0x0b, 0xff, 0xff, 0xff, 0xff, 0xff, 0xff, 0xfa, 0xff, 0xe1, 0xbe, 0xfd, 0x7f, 
    0xe4, 0x54, 0xbf, 0xff, 0xff, 0xff, 0xf5, 0x54, 0x55, 0x55, 0x55, 0x55, 0x55, 0x55, 0x1f, 0xfe, 
    0xaa, 0x45, 0x54, 0x6f, 0xff, 0xff, 0xff, 0xff, 0x00, 0x00, 0x01, 0xfe, 0x6a, 0xff, 0xff, 0xf9, 
    0x24, 0x40, 0x05, 0x55, 0x55, 0x51, 0x55, 0x45, 0x55, 0x00, 0x14, 0x3f, 0xfe, 0xbf, 0xff, 0xa0, 
    0x55, 0x41, 0x00, 0x2a, 0x5a, 0xaa, 0xaa, 0x84, 0x00, 0x00, 0x15, 0x55, 0x54, 0x65, 0x55, 0x55, 
    0x41, 0x40, 0x54, 0x06, 0xaa, 0xba, 0xa5, 0x06, 0xf0, 0x55, 0x55, 0x55, 0x54, 0x60, 0x05, 0xb5, 
    0x55, 0xc4, 0x56, 0x85, 0x45, 0x04, 0x15, 0x50, 0x51, 0x40, 0x10, 0x15, 0x55, 0x41, 0x50, 0x00, 
    0x0b, 0x80, 0x28, 0x1f, 0xff, 0xff, 0xff, 0xff, 0xff, 0xff, 0xf4, 0x1f, 0xfe, 0x40, 0xbf, 0xff, 
    0xff, 0xff, 0xff, 0xc6, 0xff, 0xff, 0xff, 0xff, 0xff, 0xff, 0xff, 0xff, 0xff, 0xff, 0xff, 0xfe, 
    0xbf, 0xff, 0xff, 0xff, 0xff, 0xff, 0xff, 0xff, 0xd0, 0xff, 0x80, 0x7f, 0xff, 0xff, 0x7f, 0xff, 
    0xfe, 0xc0, 0x1b, 0xff, 0x91, 0xff, 0xff, 0xff, 0xff, 0xff, 0xff, 0xff, 0xff, 0xff, 0xff, 0xff, 
    0xff, 0xff, 0xff, 0xff, 0xff, 0xfe, 0x06, 0x45, 0x55, 0x15, 0x55, 0x55, 0x55, 0x55, 0x55, 0x4f, 
    0xff, 0xff, 0xff, 0xff, 0xff, 0xff, 0xbf, 0xff, 0xff, 0xff, 0xe5, 0x4f, 0xff, 0xff, 0xff, 0xff, 
    0xff, 0xff, 0xf7, 0xff, 0xf8, 0x54, 0xf6, 0xa5, 0x01, 0x15, 0x3f, 0xff, 0xff, 0xff, 0xfd, 0x54, 
    0x55, 0x55, 0x55, 0x55, 0x55, 0x55, 0x47, 0xfa, 0xa9, 0x51, 0x54, 0x2b, 0xff, 0xff, 0xff, 0xff, 
    0x80, 0x00, 0x00, 0x7f, 0x9e, 0xbf, 0xfe, 0x59, 0x0a, 0x50, 0x00, 0x55, 0x56, 0x55, 0x55, 0x55, 
    0x55, 0x15, 0x04, 0x77, 0xf6, 0xaf, 0xff, 0xd1, 0x55, 0x50, 0x00, 0x15, 0x5a, 0xaa, 0xa5, 0x00, 
    0x00, 0x00, 0x05, 0x51, 0x50, 0x55, 0x55, 0x55, 0x51, 0x41, 0x14, 0x56, 0xaa, 0x95, 0x55, 0x47, 
    0xe0, 0x15, 0x55, 0x55, 0x50, 0x10, 0x01, 0xb4, 0x55, 0x44, 0x15, 0x45, 0x55, 0x05, 0x04, 0x60, 
    0x51, 0x40, 0x10, 0x15, 0x55, 0x50, 0x54, 0x00, 0x7c, 0x01, 0x90, 0xbf, 0xff, 0xff, 0xff, 0xff, 
    0xff, 0xff, 0x81, 0xff, 0xf4, 0x07, 0xff, 0xff, 0xff, 0xff, 0xff, 0xfb, 0xff, 0xff, 0xff, 0xff, 
    0xff, 0xff, 0xff, 0xff, 0xff, 0xff, 0xff, 0xfb, 0xff, 0xff, 0xff, 0xff, 0xff, 0xff, 0xff, 0xff, 
    0xf0, 0x7f, 0xf8, 0x0b, 0xff, 0xfd, 0x7f, 0xff, 0xff, 0xa0, 0x05, 0x54, 0x0b, 0xff, 0xff, 0xff, 
    0xff, 0xff, 0xff, 0xff, 0xff, 0xff, 0xff, 0xff, 0xff, 0xff, 0xff, 0xff, 0xff, 0xfd, 0x15, 0x45, 
    0x55, 0x15, 0x55, 0x55, 0x55, 0x55, 0x55, 0x5f, 0xff, 0xff, 0xff, 0xff, 0xff, 0xe4, 0x3f, 0xff, 
    0xff, 0xaa, 0x96, 0x7f, 0xff, 0xff, 0xff, 0xff, 0xff, 0xff, 0xef, 0xff, 0xff, 0x95, 0x60, 0x3c, 
    0x00, 0x15, 0x2f, 0xff, 0xff, 0xff, 0xff, 0x15, 0x55, 0x55, 0x55, 0x55, 0x55, 0x55, 0x54, 0xba, 
    0xa9, 0x40, 0x55, 0xab, 0xff, 0xff, 0xff, 0xff, 0xd0, 0x40, 0x00, 0x1f, 0xeb, 0x6f, 0xe6, 0xae, 
    0x16, 0xa4, 0x54, 0x15, 0x55, 0x51, 0x55, 0x55, 0x44, 0x05, 0x54, 0xb7, 0x9a, 0xbe, 0xff, 0xd1, 
    0x55, 0x50, 0x04, 0x11, 0x6a, 0xaa, 0xa5, 0x40, 0x14, 0x00, 0x05, 0x55, 0x50, 0xa6, 0x55, 0x55, 
    0x50, 0x01, 0x14, 0x51, 0x56, 0x95, 0x55, 0x7a, 0x50, 0x15, 0x55, 0x55, 0x54, 0x00, 0x41, 0x65, 
    0x55, 0x55, 0x15, 0x45, 0x55, 0x45, 0x05, 0x40, 0x01, 0x40, 0x00, 0x05, 0x55, 0x50, 0x54, 0x00, 
    0xd0, 0x19, 0x07, 0xff, 0xff, 0xff, 0xff, 0xff, 0xff, 0xf8, 0x1f, 0xff, 0x40, 0x2f, 0xff, 0xff, 
    0xff, 0xff, 0xff, 0xff, 0xff, 0xff, 0xff, 0xff, 0xff, 0xff, 0xff, 0xff, 0xff, 0xff, 0xff, 0xaf, 
    0xff, 0xff, 0xff, 0xff, 0xff, 0xff, 0xff, 0xff, 0xf9, 0x3f, 0xff, 0x96, 0xbf, 0xf9, 0xff, 0xff, 
    0xff, 0xa4, 0x07, 0xff, 0xff, 0xff, 0xff, 0xff, 0xff, 0xff, 0xff, 0xff, 0xff, 0xff, 0xff, 0xff, 
    0xff, 0xff, 0xff, 0xff, 0xff, 0xfc, 0x15, 0x55, 0x54, 0x55, 0x55, 0x55, 0x55, 0x55, 0x55, 0x2f, 
    0xff, 0xff, 0xff, 0xff, 0xfe, 0x40, 0xbf, 0xff, 0xff, 0x95, 0x52, 0xff, 0xff, 0xff, 0xff, 0xff, 
    0xff, 0xff, 0xdf, 0xff, 0xff, 0xe7, 0xeb, 0xfe, 0x45, 0x55, 0x6f, 0xff, 0xff, 0xff, 0xff, 0x85, 
    0x45, 0x55, 0x55, 0x55, 0x55, 0x55, 0x55, 0x56, 0xbd, 0x94, 0x56, 0xfa, 0xff, 0xff, 0xff, 0xff, 
    0xf4, 0x10, 0x00, 0x07, 0xf7, 0xdb, 0xaa, 0xbf, 0xe5, 0x99, 0xfa, 0x90, 0x55, 0x51, 0x50, 0x00, 
    0x04, 0x01, 0x04, 0x57, 0xab, 0xff, 0xff, 0x94, 0x55, 0x40, 0x00, 0x16, 0xaa, 0xaa, 0x55, 0x55, 
    0x05, 0x00, 0x15, 0x55, 0x54, 0x66, 0x55, 0x55, 0x54, 0x02, 0x14, 0x51, 0x55, 0xa5, 0x45, 0xf4, 
    0x04, 0x15, 0x55, 0x55, 0x01, 0x00, 0x41, 0x41, 0x55, 0x56, 0x45, 0x45, 0x55, 0x44, 0x45, 0x54, 
    0x00, 0x40, 0x00, 0x01, 0x55, 0x50, 0x15, 0x00, 0x01, 0x90, 0x7f, 0xff, 0xff, 0xff, 0xff, 0xff, 
    0xff, 0x81, 0xff, 0xf4, 0x02, 0xff, 0xff, 0xff, 0xff, 0xff, 0xff, 0xff, 0xff, 0xff, 0xff, 0xff, 
    0xff, 0xff, 0xff, 0xff, 0xff, 0xff, 0xfd, 0xbf, 0xff, 0xff, 0xff, 0xff, 0xff, 0xef, 0xff, 0xff, 
    0xfd, 0x5f, 0xff, 0xf9, 0x5a, 0x57, 0xff, 0xff, 0xff, 0xea, 0x03, 0xff, 0xff, 0xff, 0xff, 0xff, 
    0xff, 0xff, 0xff, 0xff, 0xff, 0xff, 0xff, 0xff, 0xff, 0xff, 0xff, 0xff, 0xff, 0xf8, 0x55, 0x55, 
    0x40, 0x55, 0x55, 0x55, 0x55, 0x55, 0x55, 0x3f, 0xff, 0xff, 0xff, 0xff, 0xfd, 0x06, 0xff, 0xf6, 
    0xff, 0xd5, 0x1f, 0xff, 0xff, 0xff, 0xff, 0xff, 0xff, 0xff, 0xdf, 0xff, 0xff, 0x5f, 0xff, 0xff, 
    0xe0, 0x55, 0x4f, 0xff, 0xff, 0xff, 0xff, 0xd1, 0x54, 0x15, 0x55, 0x55, 0x55, 0x55, 0x54, 0x15, 
    0xfb, 0xf5, 0x2f, 0xfd, 0xbf, 0xff, 0xff, 0xff, 0xfc, 0x00, 0x00, 0x00, 0xba, 0xf6, 0xea, 0xbe, 
    0xaa, 0xf9, 0xfa, 0xa5, 0x05, 0x55, 0x10, 0x14, 0x54, 0x15, 0x41, 0x4b, 0xef, 0xff, 0xfb, 0x55, 
    0x55, 0x00, 0x00, 0x11, 0xa9, 0xa9, 0x15, 0x55, 0x55, 0x45, 0x15, 0x55, 0x78, 0x66, 0x55, 0x55, 
    0x50, 0x52, 0x44, 0x50, 0x55, 0xa9, 0x46, 0xd4, 0x05, 0x15, 0x55, 0x55, 0x15, 0x04, 0x50, 0x45, 
    0x51, 0x54, 0x45, 0x55, 0x55, 0x40, 0x05, 0x55, 0x01, 0x40, 0x00, 0x40, 0x55, 0x54, 0x05, 0x00, 
    0x05, 0x02, 0xff, 0xff, 0xff, 0xff, 0xff, 0xff, 0xf8, 0x1f, 0xff, 0x40, 0x1f, 0xff, 0xff, 0xff, 
    0xff, 0xff, 0xff, 0xff, 0xff, 0xff, 0xff, 0xff, 0xff, 0xff, 0xff, 0xff, 0xff, 0xff, 0xe7, 0xff, 
    0xbf, 0xff, 0xff, 0xff, 0xff, 0xff, 0xff, 0xff, 0xfe, 0x4b, 0xff, 0xff, 0xfa, 0xbf, 0xff, 0xff, 
    0xff, 0xf7, 0xc0, 0xff, 0xff, 0xff, 0xff, 0xff, 0xff, 0xff, 0xff, 0xff, 0xff, 0xff, 0xff, 0xff, 
    0xff, 0xff, 0xff, 0xff, 0xff, 0xf4, 0x53, 0x15, 0x55, 0x55, 0x55, 0x55, 0x55, 0x55, 0x55, 0x3f, 
    0xff, 0xff, 0xff, 0xff, 0xff, 0xff, 0xff, 0xe5, 0x55, 0x56, 0xff, 0xff, 0xff, 0xff, 0xff, 0xff, 
    0xff, 0xff, 0xdf, 0xff, 0xfd, 0x7f, 0xff, 0xff, 0xfd, 0x61, 0x47, 0xff, 0xff, 0xff, 0xff, 0xf0, 
    0x15, 0x45, 0x55, 0x55, 0x55, 0x55, 0x55, 0x55, 0xbf, 0xf5, 0xbf, 0xfe, 0xaf, 0xff, 0xff, 0xff, 
    0xfe, 0x00, 0x00, 0x00, 0x15, 0xbd, 0xba, 0xfe, 0x5b, 0xe1, 0xea, 0xaa, 0x40, 0x15, 0x40, 0x10, 
    0x00, 0x00, 0x51, 0x2e, 0xff, 0xbf, 0xed, 0x55, 0x55, 0x10, 0x04, 0x10, 0xaa, 0x95, 0x55, 0x55, 
    0x55, 0x04, 0x05, 0x55, 0x60, 0x66, 0x55, 0x55, 0x50, 0x02, 0x40, 0x54, 0x16, 0x5a, 0x56, 0x54, 
    0x05, 0x15, 0x55, 0x55, 0x55, 0x00, 0x50, 0x05, 0x51, 0x54, 0x51, 0x55, 0x55, 0x40, 0x05, 0x54, 
    0x00, 0x40, 0x00, 0x40, 0x55, 0x55, 0x01, 0x50, 0x10, 0x2f, 0xff, 0xff, 0xff, 0xff, 0xff, 0xff, 
    0x91, 0xbf, 0xf4, 0x00, 0xbf, 0xff, 0xff, 0xff, 0xff, 0xff, 0xff, 0xff, 0xff, 0xff, 0xff, 0xff, 
    0xff, 0xff, 0xff, 0xff, 0xff, 0xfe, 0x1e, 0xfe, 0xff, 0xff, 0xff, 0xff, 0xff, 0xff, 0xff, 0xff, 
    0xff, 0x93, 0xff, 0xff, 0xff, 0xff, 0xff, 0xff, 0xff, 0xfa, 0xf0, 0x3f, 0xff, 0xff, 0xff, 0xff, 
    0xff, 0xff, 0xff, 0xff, 0xff, 0xff, 0xff, 0xff, 0xff, 0xff, 0xff, 0xff, 0xff, 0xf1, 0x51, 0x05, 
    0x15, 0x55, 0x55, 0x55, 0x55, 0x55, 0x54, 0x3f, 0xff, 0xff, 0xff, 0xff, 0xff, 0xff, 0xff, 0xff, 
    0xff, 0xff, 0xff, 0xff, 0xff, 0xff, 0xff, 0xff, 0xff, 0xff, 0xdf, 0xff, 0xfb, 0xff, 0xff, 0xff, 
    0xff, 0x91, 0x4b, 0xff, 0xff, 0xff, 0xff, 0xfe, 0x41, 0x55, 0x55, 0x55, 0x55, 0x55, 0x55, 0x55, 
    0x5b, 0xfb, 0xff, 0xff, 0x6f, 0xff, 0xcf, 0xff, 0xff, 0x80, 0x00, 0x00, 0x01, 0x7f, 0xab, 0xfa, 
    0x5a, 0x90, 0x6a, 0x6a, 0x54, 0x00, 0x45, 0x00, 0x00, 0x00, 0x06, 0xfe, 0xff, 0xfe, 0x95, 0x55, 
    0x54, 0x00, 0x00, 0x05, 0x51, 0x55, 0x55, 0x55, 0x54, 0x20, 0x0a, 0x95, 0x02, 0x66, 0x55, 0x95, 
    0x50, 0x02, 0x81, 0x55, 0x16, 0x55, 0x95, 0x51, 0x41, 0x15, 0x55, 0x55, 0x55, 0x00, 0x54, 0x05, 
    0x50, 0x54, 0x55, 0x55, 0x55, 0x50, 0x15, 0x55, 0x40, 0x00, 0x00, 0x10, 0x15, 0x55, 0x41, 0x50, 
    0x02, 0xff, 0xff, 0xff, 0xff, 0xff, 0xff, 0xfd, 0x0b, 0xff, 0x40, 0x07, 0xff, 0xff, 0xff, 0xff, 
    0xff, 0xff, 0xff, 0xff, 0xff, 0xff, 0xff, 0xff, 0xff, 0xff, 0xff, 0xff, 0xff, 0xf4, 0xb7, 0xeb, 
    0xff, 0xff, 0xff, 0xff, 0xff, 0xff, 0xff, 0xff, 0xff, 0xe0, 0xff, 0xff, 0xff, 0xff, 0xff, 0xff, 
    0xff, 0xfe, 0xf8, 0x0b, 0xff, 0xff, 0xff, 0xff, 0xff, 0xff, 0xff, 0xff, 0xff, 0xff, 0xff, 0xff, 
    0xff, 0xff, 0xff, 0xff, 0xff, 0xe1, 0x44, 0x01, 0x55, 0x55, 0x15, 0x55, 0x55, 0x55, 0x50, 0x7f, 
    0xff, 0xff, 0xff, 0xff, 0xff, 0xff, 0xff, 0xff, 0xff, 0xff, 0xff, 0xff, 0xff, 0xff, 0xff, 0xff, 
    0xff, 0xff, 0xd7, 0xff, 0x9e, 0xff, 0xff, 0xff, 0xff, 0xf0, 0x47, 0xff, 0xff, 0xff, 0xff, 0xff, 
    0xf8, 0x15, 0x55, 0x55, 0x55, 0x55, 0x55, 0x55, 0x50, 0x2f, 0xff, 0xff, 0xdf, 0xff, 0xff, 0xff, 
    0xff, 0xd0, 0x00, 0x00, 0x00, 0x1f, 0xeb, 0xe5, 0xa9, 0x54, 0x2a, 0x94, 0x00, 0x00, 0x00, 0x00, 
    0x00, 0x01, 0x1d, 0x3f, 0xff, 0xe5, 0x55, 0x55, 0x54, 0x00, 0x00, 0x15, 0x05, 0x55, 0x55, 0x55, 
    0x54, 0x20, 0x06, 0x95, 0x42, 0x55, 0x56, 0x95, 0x50, 0x01, 0x41, 0x51, 0x16, 0x5a, 0x95, 0x51, 
    0x41, 0x55, 0x55, 0x55, 0x55, 0x00, 0x54, 0x05, 0x50, 0x54, 0x54, 0x55, 0x55, 0x50, 0x15, 0x55, 
    0x40, 0x00, 0x00, 0x04, 0x05, 0x55, 0x54, 0x54, 0x2f, 0xff, 0xff, 0xff, 0xff, 0xff, 0xff, 0xd0, 
    0xbf, 0xf8, 0x00, 0x7f, 0xff, 0xff, 0xff, 0xff, 0xff, 0xff, 0xff, 0xff, 0xff, 0xff, 0xff, 0xff, 
    0xff, 0xff, 0xff, 0xff, 0xff, 0x87, 0x5e, 0x7f, 0xff, 0xff, 0xff, 0xff, 0xff, 0xff, 0xff, 0xff, 
    0xff, 0xf8, 0x3f, 0xff, 0xff, 0xff, 0xff, 0xff, 0xff, 0xff, 0x7e, 0x02, 0xff, 0xff, 0xff, 0xff, 
    0xfe, 0xff, 0xff, 0xff, 0xff, 0xff, 0xff, 0xff, 0xff, 0xff, 0xff, 0xff, 0xff, 0xc0, 0x10, 0x01, 
    0x54, 0x54, 0x15, 0x55, 0x55, 0x55, 0x50, 0x7f, 0xff, 0xff, 0xff, 0xff, 0xff, 0xff, 0xff, 0xff, 
    0xff, 0xff, 0xff, 0xff, 0xff, 0xff, 0xea, 0xbf, 0xff, 0xff, 0xd7, 0xfd, 0x5e, 0xff, 0xff, 0xff, 
    0xff, 0xfc, 0x42, 0xff, 0xff, 0xff, 0xff, 0xff, 0xfa, 0xb4, 0x55, 0x55, 0x55, 0x55, 0x55, 0x55, 
    0x54, 0xbf, 0xff, 0xff, 0xf7, 0xff, 0xff, 0xff, 0xff, 0xf0, 0x00, 0x00, 0x00, 0x0b, 0xfa, 0xda, 
    0x96, 0x59, 0x2a, 0xa4, 0x00, 0x41, 0x40, 0x00, 0x00, 0x00, 0x3c, 0x2b, 0xff, 0x55, 0x55, 0x51, 
    0x40, 0x00, 0x00, 0x14, 0x15, 0x55, 0x55, 0x55, 0x51, 0x54, 0x06, 0xa5, 0x52, 0x65, 0x56, 0xa5, 
    0x50, 0x01, 0x40, 0x54, 0x46, 0x9a, 0x95, 0x01, 0x40, 0x45, 0x55, 0x55, 0x55, 0x00, 0x55, 0x05, 
    0x54, 0x54, 0x54, 0x15, 0x55, 0x44, 0x45, 0x55, 0x44, 0x04, 0x00, 0x05, 0x01, 0x55, 0x51, 0x15, 
    0xff, 0xff, 0xff, 0xff, 0xff, 0xff, 0xfd, 0x0b, 0xff, 0x80, 0x02, 0xff, 0xff, 0xff, 0xff, 0xff, 
    0xff, 0xff, 0xff, 0xff, 0xff, 0xff, 0xff, 0xff, 0xff, 0xff, 0xff, 0xff, 0xfd, 0x28, 0xb5, 0xff, 
    0xff, 0xff, 0xff, 0xff, 0xff, 0xff, 0xff, 0xff, 0xff, 0xff, 0x4f, 0xff, 0xff, 0xff, 0xff, 0xff, 
    0xff, 0xff, 0xef, 0x80, 0x7f, 0xff, 0xff, 0xff, 0xfa, 0xff, 0xff, 0xff, 0xff, 0xff, 0xff, 0xff, 
    0xff, 0xff, 0xff, 0xff, 0xff, 0x80, 0x14, 0x01, 0x44, 0x54, 0x55, 0x55, 0x55, 0x55, 0x50, 0xbf, 
    0xff, 0xff, 0xff, 0xff, 0xff, 0xff, 0xff, 0xff, 0xff, 0xff, 0xff, 0xff, 0xff, 0xff, 0xd5, 0xfc, 
    0x7f, 0x9f, 0xe7, 0xe4, 0x3f, 0xff, 0xff, 0xff, 0xff, 0xfe, 0x01, 0xff, 0xff, 0xff, 0xff, 0xff, 
    0xea, 0xbf, 0x91, 0x55, 0x55, 0x55, 0x55, 0x55, 0x55, 0x5b, 0xff, 0xff, 0xd5, 0xff, 0xff, 0xff, 
    0xff, 0xfc, 0x04, 0x00, 0x00, 0x02, 0xfd, 0x69, 0x95, 0x5a, 0xa9, 0xa9, 0x00, 0x65, 0x50, 0x00, 
    0x01, 0x00, 0xb4, 0x1b, 0xf8, 0x55, 0x55, 0x55, 0x10, 0x00, 0x01, 0x54, 0x55, 0x55, 0x55, 0x55, 
    0x01, 0x15, 0x06, 0x95, 0x56, 0x55, 0x55, 0x69, 0x50, 0x01, 0x50, 0x54, 0x56, 0xaa, 0x95, 0x01, 
    0x50, 0x05, 0x45, 0x55, 0x54, 0x00, 0x55, 0x15, 0x54, 0x54, 0x55, 0x15, 0x55, 0x44, 0x55, 0x54, 
    0x50, 0x04, 0x00, 0x01, 0x01, 0x55, 0x54, 0x45, 0xff, 0xff, 0xff, 0xff, 0xff, 0xff, 0xe0, 0x7f, 
    0xfd, 0x00, 0x1f, 0xff, 0xff, 0xff, 0xff, 0xff, 0xff, 0xff, 0xff, 0xff, 0xff, 0xff, 0xff, 0xff, 
    0xff, 0xff, 0xff, 0xff, 0xe0, 0x87, 0xdb, 0xff, 0xff, 0xff, 0xff, 0xff, 0xff, 0xff, 0xff, 0xff, 
    0xff, 0xff, 0xc2, 0xff, 0xff, 0xff, 0xff, 0xff, 0xff, 0xff, 0xfb, 0xe0, 0x0b, 0xff, 0xff, 0xff, 
    0xe7, 0xff, 0xff, 0xff, 0xff, 0xff, 0xff, 0xff, 0xff, 0xff, 0xff, 0xff, 0xff, 0x40, 0x40, 0x05, 
    0x15, 0x51, 0x55, 0x55, 0x55, 0x55, 0x50, 0xbf, 0xff, 0xff, 0xff, 0xff, 0xff, 0xff, 0xff, 0xff, 
    0xff, 0xff, 0xff, 0xff, 0xff, 0xff, 0xab, 0xf0, 0xbd, 0x6f, 0xfe, 0x41, 0x6f, 0xff, 0xff, 0xff, 
    0xff, 0xff, 0x10, 0x6f, 0xff, 0xff, 0xff, 0xff, 0xd5, 0x6f, 0xfe, 0x41, 0x55, 0x55, 0x55, 0x55, 
    0x55, 0x54, 0x7f, 0xfd, 0x04, 0xbf, 0xff, 0xff, 0xff, 0xfe, 0x00, 0x40, 0x00, 0x00, 0xff, 0x4a, 
    0x55, 0x5a, 0xaa, 0xaa, 0x00, 0x15, 0x55, 0x00, 0x00, 0x04, 0xf0, 0x1f, 0xd5, 0x55, 0x55, 0x50, 
    0x10, 0x00, 0x01, 0x54, 0x55, 0x55, 0x55, 0x50, 0x06, 0x55, 0x06, 0x95, 0x56, 0x55, 0x59, 0x69, 
    0x44, 0x00, 0x50, 0x54, 0x56, 0xaa, 0x55, 0x05, 0x54, 0x02, 0x45, 0x55, 0x54, 0x14, 0x55, 0x05, 
    0x54, 0x54, 0x15, 0x05, 0x55, 0x40, 0x55, 0x55, 0x51, 0x05, 0x00, 0x00, 0x40, 0x55, 0x54, 0x01, 
    0xff, 0xff, 0xff, 0xff, 0xff, 0xfe, 0x07, 0xff, 0xd0, 0x00, 0xbf, 0xff, 0xff, 0xff, 0xff, 0xff, 
    0xff, 0xff, 0xff, 0xff, 0xff, 0xff, 0xff, 0xff, 0xff, 0xff, 0xff, 0xff, 0x40, 0x2e, 0x3f, 0xff, 
    0xff, 0xff, 0xff, 0xff, 0xff, 0xff, 0xff, 0xff, 0xff, 0xff, 0xf0, 0xbf, 0xff, 0xff, 0xff, 0xff, 
    0xff, 0xff, 0xfe, 0xfd, 0x00, 0x7f, 0xff, 0xfe, 0x5f, 0xff, 0xff, 0xff, 0xff, 0xff, 0xff, 0xff, 
    0xff, 0xff, 0xff, 0xff, 0xff, 0x01, 0x04, 0x14, 0x45, 0x55, 0x55, 0x55, 0x55, 0x55, 0x54, 0x7f, 
    0xff, 0xff, 0xff, 0xff, 0xff, 0xff, 0xff, 0xff, 0xff, 0xff, 0xff, 0xff, 0xff, 0xfe, 0xab, 0x92, 
    0xfa, 0xbf, 0xfe, 0x55, 0x5f, 0xff, 0xff, 0xff, 0xff, 0xff, 0x7c, 0x06, 0xff, 0xff, 0xff, 0xff, 
    0xa5, 0x5f, 0xff, 0xfe, 0x41, 0x55, 0x55, 0x55, 0x55, 0x55, 0x55, 0x90, 0x16, 0x2f, 0xff, 0xff, 
    0xff, 0xff, 0x40, 0x10, 0x00, 0x00, 0x3f, 0xd2, 0x55, 0x6a, 0xaa, 0xa9, 0x00, 0x95, 0x55, 0x50, 
    0x00, 0x02, 0xd0, 0x7d, 0x14, 0x55, 0x55, 0x41, 0x00, 0x00, 0x05, 0x55, 0x15, 0x55, 0x55, 0x60, 
    0x16, 0x54, 0x06, 0x95, 0x16, 0x55, 0x55, 0x69, 0x44, 0x00, 0x50, 0x15, 0x56, 0xaa, 0x54, 0x05, 
    0x54, 0x01, 0x41, 0x55, 0x54, 0x14, 0x55, 0x45, 0x55, 0x54, 0x15, 0x45, 0x55, 0x50, 0x55, 0x55, 
    0x40, 0x45, 0x40, 0x00, 0x10, 0x15, 0x55, 0x51, 0xff, 0xff, 0xff, 0xff, 0xff, 0xe0, 0x2f, 0xfd, 
    0x00, 0x0b, 0xff, 0xff, 0xff, 0xff, 0xff, 0xff, 0xff, 0xff, 0xff, 0xff, 0xff, 0xff, 0xff, 0xff, 
    0xff, 0xff, 0xff, 0xfc, 0x00, 0xf8, 0xff, 0xff, 0xff, 0xff, 0xff, 0xff, 0xff, 0xff, 0xff, 0xff, 
    0xff, 0xff, 0xfc, 0x1f, 0xff, 0xff, 0xff, 0xff, 0xff, 0xff, 0xff, 0xbf, 0x80, 0x06, 0xbf, 0xe0, 
    0xbf, 0xff, 0xff, 0xff, 0xff, 0xff, 0xff, 0xff, 0xff, 0xff, 0xff, 0xff, 0xfd, 0x00, 0x04, 0x01, 
    0x00, 0x55, 0x55, 0x55, 0x55, 0x55, 0x54, 0x3f, 0xff, 0xff, 0xff, 0xff, 0xff, 0xff, 0xff, 0xff, 
    0xff, 0xff, 0xff, 0xff, 0xff, 0xff, 0xd9, 0x47, 0xfb, 0xff, 0xd4, 0x55, 0x7f, 0xff, 0xff, 0xff, 
    0xff, 0xff, 0xd8, 0x11, 0x6f, 0xff, 0xff, 0xff, 0x51, 0x6f, 0xff, 0xff, 0xfa, 0x54, 0x15, 0x55, 
    0x55, 0x55, 0x59, 0x94, 0x11, 0x8f, 0xff, 0xff, 0xff, 0xff, 0xc0, 0x14, 0x00, 0x00, 0x1f, 0xf4, 
    0x55, 0x5a, 0xaa, 0xa5, 0x42, 0x95, 0x15, 0x55, 0x00, 0x03, 0x55, 0x90, 0x55, 0x55, 0x54, 0x01, 
    0x00, 0x00, 0x14, 0x55, 0x05, 0x55, 0x55, 0x51, 0x16, 0x60, 0x46, 0x95, 0x5a, 0x54, 0x55, 0x59, 
    0x44, 0x00, 0x64, 0x05, 0x61, 0x95, 0x55, 0x05, 0x54, 0x01, 0x51, 0x55, 0x54, 0x14, 0x55, 0x41, 
    0x65, 0x55, 0x55, 0x41, 0x55, 0x54, 0x56, 0x55, 0x51, 0x15, 0x40, 0x00, 0x00, 0x05, 0x55, 0x54, 
};
