/* Auto-generated from demo_1.png */
#pragma once

#include <stdint.h>

#define DEMO_1_4G_WIDTH  800
#define DEMO_1_4G_HEIGHT 480
#define DEMO_1_4G_BYTES  96000

static const uint8_t demo_1_4g_4g[96000] = {
    0xff, 0xff, 0xff, 0xff, 0xff, 0xff, 0xff, 0xff, 0xff, 0xff, 0xff, 0xff, 0xff, 0xff, 0xff, 0xff, 
    0xff, 0xff, 0xff, 0xff, 0xff, 0xff, 0xff, 0xff, 0xff, 0xff, 0xff, 0xff, 0xff, 0xff, 0xff, 0xff, 
    0xff, 0xff, 0xff, 0xff, 0xff, 0xff, 0xff, 0xff, 0xff, 0xff, 0xff, 0xff, 0xff, 0xff, 0xff, 0xff, 
    0xff, 0xff, 0xff, 0xff, 0xff, 0xff, 0xff, 0xff, 0xff, 0xff, 0xff, 0xff, 0xff, 0xff, 0xff, 0xfe, 
    0x40, 0x06, 0xff, 0xe5, 0x00, 0x00, 0x6a, 0x8a, 0xaa, 0x97, 0xff, 0xff, 0xe7, 0xff, 0xff, 0xff, 
    0xff, 0xff, 0xff, 0xff, 0xff, 0xff, 0xfd, 0x19, 0x02, 0xff, 0xaf, 0xff, 0xff, 0xff, 0x95, 0x55, 
    0x55, 0x55, 0x55, 0x00, 0x01, 0x55, 0x55, 0x55, 0x55, 0x59, 0x00, 0x00, 0x00, 0x00, 0x00, 0x00, 
    0x00, 0x00, 0x00, 0x00, 0x00, 0x00, 0x00, 0x05, 0x6b, 0xff, 0xff, 0xff, 0xff, 0xff, 0xff, 0xff, 
    0xff, 0xff, 0xff, 0xff, 0xff, 0xff, 0xff, 0xff, 0xff, 0xff, 0xea, 0xaa, 0xaa, 0x95, 0x00, 0x00, 
    0x00, 0x00, 0x00, 0x00, 0x01, 0xff, 0xff, 0xff, 0xff, 0xff, 0xff, 0xff, 0xff, 0xff, 0xff, 0xff, 
    0xff, 0xff, 0xff, 0xff, 0xff, 0x80, 0xf9, 0xff, 0xff, 0xff, 0xff, 0xff, 0xeb, 0xff, 0xff, 0xff, 
    0xff, 0xff, 0xff, 0xff, 0xff, 0xff, 0xff, 0xff, 0xff, 0xff, 0xff, 0xff, 0xff, 0x82, 0xff, 0xff, 
    0xff, 0xff, 0xff, 0xff, 0xff, 0xff, 0xfa, 0x50, 0xff, 0xff, 0xff, 0xff, 0xff, 0xff, 0xff, 0xff, 
    0xff, 0xff, 0xff, 0xff, 0xff, 0xff, 0xff, 0xff, 0xff, 0xff, 0xff, 0xff, 0xff, 0xff, 0xff, 0xff, 
    0xff, 0xff, 0xff, 0xff, 0xff, 0xff, 0xff, 0xff, 0xff, 0xff, 0xff, 0xff, 0xff, 0xff, 0xff, 0xff, 
    0xff, 0xff, 0xff, 0xff, 0xff, 0xff, 0xff, 0xff, 0xff, 0xff, 0xff, 0xff, 0xff, 0xff, 0xff, 0xff, 
    0xff, 0xff, 0xff, 0xff, 0xff, 0xff, 0xff, 0x80, 0x1b, 0xff, 0xff, 0xff, 0xf9, 0x00, 0x00, 0x6a, 
    0xa9, 0x7f, 0xff, 0xff, 0xaf, 0xff, 0xff, 0xff, 0xff, 0xff, 0xff, 0xff, 0xff, 0xff, 0xd1, 0x40, 
    0x7f, 0xfe, 0xbf, 0xff, 0xff, 0xf9, 0x55, 0x55, 0x55, 0x55, 0x50, 0x00, 0x05, 0x55, 0x55, 0x55, 
    0x55, 0x60, 0x00, 0x00, 0x00, 0x00, 0x00, 0x00, 0x00, 0x00, 0x00, 0x00, 0x00, 0x05, 0xaf, 0xff, 
    0xff, 0xff, 0xff, 0xff, 0xff, 0xff, 0xff, 0xff, 0xff, 0xff, 0xff, 0xff, 0xff, 0xff, 0xff, 0xff, 
    0xff, 0xff, 0xff, 0xea, 0xaa, 0xbf, 0xaa, 0x50, 0x00, 0x00, 0x00, 0x00, 0x00, 0x3f, 0xff, 0xff, 
    0xff, 0xff, 0xff, 0xff, 0xff, 0xff, 0xff, 0xff, 0xff, 0xff, 0xff, 0xff, 0xff, 0xf8, 0x1f, 0x9f, 
    0xff, 0xff, 0xff, 0xff, 0xef, 0xbf, 0xff, 0xff, 0xff, 0xff, 0xff, 0xff, 0xff, 0xff, 0xff, 0xff, 
    0xff, 0xff, 0xff, 0xff, 0xff, 0xfd, 0x7f, 0xff, 0xff, 0xff, 0xff, 0xff, 0xff, 0xff, 0xff, 0xfe, 
    0xff, 0xff, 0xff, 0xff, 0xff, 0xff, 0xff, 0xff, 0xff, 0xff, 0xff, 0xff, 0xff, 0xff, 0xff, 0xff, 
    0xff, 0xff, 0xff, 0xff, 0xff, 0xff, 0xff, 0xff, 0xff, 0xff, 0xff, 0xff, 0xff, 0xff, 0xff, 0xff, 
    0xff, 0xff, 0xff, 0xff, 0xff, 0xff, 0xff, 0xff, 0xff, 0xff, 0xff, 0xff, 0xff, 0xff, 0xff, 0xff, 
    0xff, 0xff, 0xff, 0xff, 0xff, 0xff, 0xff, 0xff, 0xff, 0xff, 0xff, 0xff, 0xff, 0xff, 0xd0, 0x6b, 
    0xff, 0xff, 0xff, 0xff, 0xff, 0xf4, 0x05, 0xaa, 0x97, 0xff, 0xff, 0xfe, 0xbf, 0xff, 0xff, 0xff, 
    0xff, 0xff, 0xff, 0xff, 0xff, 0xfe, 0x54, 0x1b, 0xfe, 0xa6, 0xff, 0xff, 0xff, 0x95, 0x55, 0x55, 
    0x55, 0x55, 0x40, 0x00, 0x15, 0x55, 0x55, 0x55, 0x55, 0x40, 0x00, 0x00, 0x00, 0x00, 0x00, 0x00, 
    0x00, 0x00, 0x00, 0x00, 0x5b, 0xff, 0xff, 0xff, 0xff, 0xff, 0xff, 0xff, 0xff, 0xff, 0xff, 0xff, 
    0xff, 0xff, 0xff, 0xff, 0xff, 0xff, 0xff, 0xff, 0xff, 0xff, 0xff, 0xff, 0xaa, 0xaa, 0xaa, 0xaa, 
    0x94, 0x00, 0x00, 0x00, 0x00, 0x0b, 0xff, 0xff, 0xff, 0xff, 0xff, 0xff, 0xff, 0xff, 0xff, 0xff, 
    0xff, 0xff, 0xff, 0xff, 0xff, 0xff, 0x81, 0xf5, 0xff, 0xff, 0xff, 0xff, 0xfb, 0xaf, 0xff, 0xff, 
    0xff, 0xff, 0xff, 0xff, 0xff, 0xff, 0xff, 0xff, 0xff, 0xff, 0xff, 0xff, 0xff, 0xff, 0xdb, 0xff, 
    0xff, 0xff, 0xff, 0xff, 0xff, 0xff, 0xff, 0xff, 0xff, 0xff, 0xff, 0xff, 0xff, 0xff, 0xff, 0xff, 
    0xff, 0xff, 0xff, 0xff, 0xff, 0xff, 0xff, 0xff, 0xff, 0xff, 0xff, 0xff, 0xff, 0xff, 0xff, 0xff, 
    0xff, 0xff, 0xff, 0xff, 0xff, 0xff, 0xff, 0xff, 0xff, 0xff, 0xff, 0xff, 0xff, 0xff, 0xff, 0xff, 
    0xff, 0xff, 0xff, 0xff, 0xff, 0xff, 0xff, 0xff, 0xff, 0xff, 0xff, 0xff, 0xff, 0xff, 0xff, 0xff, 
    0xff, 0xff, 0xff, 0xff, 0xff, 0xf8, 0x1b, 0xff, 0xff, 0xff, 0xff, 0xff, 0xff, 0xf8, 0x56, 0xa9, 
    0x7f, 0xff, 0xff, 0xfa, 0xff, 0xff, 0xff, 0xff, 0xff, 0xff, 0xff, 0xff, 0xff, 0xe4, 0x01, 0xbf, 
    0xe5, 0x6f, 0xff, 0xff, 0xf9, 0x55, 0x55, 0x55, 0x55, 0x55, 0x00, 0x00, 0x55, 0x55, 0x55, 0x55, 
    0x55, 0x00, 0x00, 0x00, 0x00, 0x00, 0x00, 0x00, 0x00, 0x00, 0x01, 0x6f, 0xff, 0xff, 0xff, 0xff, 
    0xff, 0xff, 0xff, 0xff, 0xff, 0xff, 0xff, 0xff, 0xff, 0xff, 0xff, 0xff, 0xff, 0xff, 0xff, 0xff, 
    0xff, 0xfe, 0xaa, 0xab, 0xff, 0xba, 0xaa, 0xaa, 0xaa, 0xa4, 0x00, 0x00, 0x00, 0x02, 0xff, 0xff, 
    0xff, 0xff, 0xff, 0xff, 0xff, 0xff, 0xff, 0xff, 0xff, 0xff, 0xff, 0xff, 0xff, 0xff, 0xf8, 0x2f, 
    0x9f, 0xff, 0xff, 0xff, 0xfa, 0xea, 0xff, 0xff, 0xff, 0xff, 0xff, 0xff, 0xff, 0xff, 0xff, 0xff, 
    0xff, 0xff, 0xff, 0xff, 0xff, 0xff, 0xf9, 0xff, 0xff, 0xff, 0xff, 0xff, 0xff, 0xff, 0xff, 0xff, 
    0xff, 0xff, 0xff, 0xff, 0xff, 0xff, 0xff, 0xff, 0xff, 0xff, 0xff, 0xff, 0xff, 0xff, 0xff, 0xff, 
    0xff, 0xff, 0xff, 0xff, 0xff, 0xff, 0xff, 0xff, 0xff, 0xff, 0xff, 0xff, 0xff, 0xff, 0xff, 0xff, 
    0xff, 0xff, 0xff, 0xff, 0xff, 0xff, 0xff, 0xff, 0xff, 0xff, 0xff, 0xff, 0xff, 0xff, 0xff, 0xff, 
    0xff, 0xff, 0xff, 0xff, 0xff, 0xff, 0xff, 0xff, 0xff, 0xff, 0xff, 0xff, 0xfe, 0x4b, 0xff, 0xff, 
    0xff, 0xff, 0xff, 0xff, 0xff, 0x85, 0xaa, 0x97, 0xff, 0xff, 0xff, 0xeb, 0xff, 0xff, 0xff, 0xff, 
    0xff, 0xff, 0xff, 0xff, 0xfd, 0x01, 0xbf, 0xfe, 0x56, 0xbf, 0xff, 0xff, 0x95, 0x55, 0x55, 0x55, 
    0x55, 0x50, 0x00, 0x05, 0x55, 0x55, 0x55, 0x55, 0x50, 0x00, 0x00, 0x00, 0x00, 0x00, 0x00, 0x00, 
    0x00, 0x01, 0xbf, 0xff, 0xff, 0xff, 0xff, 0xff, 0xff, 0xff, 0xff, 0xff, 0xff, 0xff, 0xff, 0xff, 
    0xff, 0xff, 0xff, 0xff, 0xff, 0xff, 0xff, 0xff, 0xff, 0xfa, 0xaa, 0xa9, 0x6a, 0xfe, 0xaa, 0xaa, 
    0xaa, 0xaa, 0x90, 0x00, 0x00, 0x00, 0x7f, 0xff, 0xff, 0xff, 0xff, 0xff, 0xff, 0xff, 0xff, 0xff, 
    0xff, 0xff, 0xff, 0xff, 0xff, 0xff, 0xff, 0x87, 0xf5, 0xff, 0xff, 0xff, 0xfd, 0xfa, 0x7f, 0xff, 
    0xff, 0xff, 0xff, 0xff, 0xff, 0xff, 0xff, 0xff, 0xff, 0xff, 0xff, 0xff, 0xff, 0xff, 0xff, 0x5f, 
    0xff, 0xff, 0xff, 0xff, 0xff, 0xff, 0xff, 0xff, 0xff, 0xff, 0xff, 0xff, 0xff, 0xff, 0xff, 0xff, 
    0xff, 0xff, 0xff, 0xff, 0xff, 0xff, 0xff, 0xff, 0xff, 0xff, 0xff, 0xff, 0xff, 0xff, 0xff, 0xff, 
    0xff, 0xff, 0xff, 0xff, 0xff, 0xff, 0xff, 0xff, 0xff, 0xff, 0xff, 0xff, 0xff, 0xff, 0xff, 0xff, 
    0xff, 0xff, 0xff, 0xff, 0xff, 0xff, 0xff, 0xff, 0xff, 0xff, 0xff, 0xff, 0xff, 0xff, 0xff, 0xff, 
    0xff, 0xff, 0xff, 0xff, 0xd6, 0xff, 0xff, 0xff, 0xff, 0xff, 0xff, 0xff, 0xfd, 0x1a, 0xa9, 0x47, 
    0xff, 0xff, 0xff, 0xaf, 0xff, 0xff, 0xff, 0xff, 0xff, 0xff, 0xff, 0xff, 0x81, 0xaf, 0xff, 0xe5, 
    0x5b, 0xff, 0xff, 0xf9, 0x55, 0x55, 0x55, 0x55, 0x55, 0x40, 0x00, 0x45, 0x55, 0x55, 0x55, 0x55, 
    0x40, 0x00, 0x00, 0x00, 0x00, 0x00, 0x00, 0x00, 0x00, 0xbf, 0xff, 0xff, 0xff, 0xff, 0xff, 0xff, 
    0xff, 0xff, 0xff, 0xff, 0xff, 0xff, 0xff, 0xff, 0xff, 0xff, 0xff, 0xff, 0xff, 0xff, 0xff, 0xff, 
    0xff, 0xea, 0xaa, 0xaa, 0xa9, 0x5a, 0xea, 0xaa, 0xaa, 0xaa, 0xaa, 0x00, 0x00, 0x00, 0x1f, 0xff, 
    0xff, 0xff, 0xff, 0xff, 0xff, 0xff, 0xff, 0xff, 0xff, 0xff, 0xff, 0xff, 0xff, 0xff, 0xff, 0xf8, 
    0x7f, 0x6f, 0xff, 0xff, 0xff, 0x7e, 0x8f, 0xff, 0xff, 0xff, 0xff, 0xff, 0xff, 0xff, 0xff, 0xff, 
    0xff, 0xff, 0xff, 0xff, 0xff, 0xff, 0xff, 0xe7, 0xff, 0xff, 0xff, 0xff, 0xff, 0xff, 0xff, 0xff, 
    0xff, 0xff, 0xff, 0xff, 0xff, 0xff, 0xff, 0xff, 0xff, 0xff, 0xff, 0xff, 0xff, 0xff, 0xff, 0xff, 
    0xff, 0xff, 0xff, 0xff, 0xff, 0xff, 0xff, 0xff, 0xff, 0xff, 0xff, 0xff, 0xff, 0xff, 0xff, 0xff, 
    0xff, 0xff, 0xff, 0xff, 0xff, 0xff, 0xff, 0xff, 0xff, 0xff, 0xff, 0xff, 0xff, 0xff, 0xff, 0xff, 
    0xff, 0xff, 0xff, 0xff, 0xff, 0xff, 0xff, 0xff, 0xff, 0xff, 0xff, 0xfd, 0x7f, 0xff, 0xff, 0xff, 
    0xff, 0xff, 0xff, 0xff, 0xe1, 0xaa, 0x96, 0xf5, 0xbf, 0xff, 0xfe, 0xbf, 0xff, 0xff, 0xff, 0xff, 
    0xff, 0xff, 0xff, 0xf4, 0x6f, 0xff, 0xfa, 0x55, 0x6f, 0xff, 0xff, 0x95, 0x55, 0x55, 0x55, 0x55, 
    0x54, 0x00, 0x05, 0x15, 0x55, 0x55, 0x55, 0x54, 0x00, 0x00, 0x00, 0x00, 0x00, 0x00, 0x00, 0x00, 
    0x6f, 0xff, 0xff, 0xff, 0xff, 0xff, 0xff, 0xff, 0xff, 0xff, 0xff, 0xff, 0xff, 0xff, 0xff, 0xff, 
    0xff, 0xff, 0xff, 0xff, 0xff, 0xff, 0xff, 0xff, 0xfe, 0xaa, 0xaa, 0xaa, 0xaa, 0xa4, 0x1a, 0xaa, 
    0xaa, 0xaa, 0xaa, 0xa0, 0x00, 0x00, 0x07, 0xff, 0xff, 0xff, 0xff, 0xff, 0xff, 0xff, 0xff, 0xff, 
    0xff, 0xff, 0xff, 0xff, 0xff, 0xff, 0xff, 0xff, 0x8b, 0xfa, 0xff, 0xff, 0xff, 0xaf, 0xa2, 0xff, 
    0xff, 0xff, 0xff, 0xff, 0xff, 0xff, 0xff, 0xff, 0xff, 0xff, 0xff, 0xff, 0xff, 0xff, 0xff, 0xfd, 
    0x7f, 0xff, 0xff, 0xff, 0xff, 0xff, 0xff, 0xff, 0xff, 0xff, 0xff, 0xff, 0xff, 0xff, 0xff, 0xff, 
    0xff, 0xff, 0xff, 0xff, 0xff, 0xff, 0xff, 0xff, 0xff, 0xff, 0xff, 0xff, 0xff, 0xff, 0xff, 0xff, 
    0xff, 0xff, 0xff, 0xff, 0xff, 0xff, 0xff, 0xff, 0xff, 0xff, 0xff, 0xff, 0xff, 0xff, 0xff, 0xff, 
    0xff, 0xff, 0xff, 0xff, 0xff, 0xff, 0xff, 0xff, 0xff, 0xff, 0xff, 0xff, 0xff, 0xff, 0xff, 0xff, 
    0xff, 0xff, 0xff, 0x9b, 0xff, 0xff, 0xff, 0xff, 0xff, 0xff, 0xff, 0xff, 0x1a, 0x59, 0x6f, 0xfe, 
    0x6f, 0xff, 0xfb, 0xff, 0xff, 0xff, 0xff, 0xff, 0xff, 0xff, 0xf9, 0x5b, 0xff, 0xbf, 0xa5, 0x56, 
    0xff, 0xff, 0xf9, 0x55, 0x55, 0x55, 0x55, 0x55, 0x40, 0x00, 0x54, 0x55, 0x55, 0x55, 0x55, 0x50, 
    0x00, 0x00, 0x00, 0x00, 0x00, 0x00, 0x00, 0x1b, 0xff, 0xff, 0xff, 0xff, 0xff, 0xff, 0xff, 0xff, 
    0xff, 0xff, 0xff, 0xff, 0xff, 0xff, 0xff, 0xff, 0xff, 0xff, 0xff, 0xff, 0xff, 0xff, 0xff, 0xff, 
    0xff, 0xfe, 0xaa, 0xaa, 0xaa, 0xaa, 0x90, 0x6a, 0xaa, 0xaa, 0xaa, 0xaa, 0x00, 0x00, 0x01, 0xff, 
    0xff, 0xff, 0xff, 0xff, 0xff, 0xff, 0xff, 0xff, 0xff, 0xff, 0xff, 0xff, 0xff, 0xff, 0xff, 0xff, 
    0xf4, 0xff, 0xaf, 0xff, 0xff, 0xdf, 0xe9, 0x7f, 0xff, 0xff, 0xff, 0xff, 0xff, 0xff, 0xff, 0xff, 
    0xff, 0xff, 0xff, 0xff, 0xff, 0xff, 0xff, 0xff, 0x9b, 0xff, 0xff, 0xff, 0xff, 0xff, 0xff, 0xff, 
    0xff, 0xff, 0xff, 0xff, 0xff, 0xff, 0xff, 0xff, 0xff, 0xff, 0xff, 0xff, 0xff, 0xff, 0xff, 0xff, 
    0xff, 0xff, 0xff, 0xff, 0xff, 0xff, 0xff, 0xff, 0xff, 0xff, 0xff, 0xff, 0xff, 0xff, 0xff, 0xff, 
    0xff, 0xff, 0xff, 0xff, 0xff, 0xff, 0xff, 0xff, 0xff, 0xff, 0xff, 0xff, 0xff, 0xff, 0xff, 0xff, 
    0xff, 0xff, 0xff, 0xff, 0xff, 0xff, 0xff, 0xff, 0xff, 0xff, 0xf9, 0xbf, 0xff, 0xff, 0xff, 0xff, 
    0xff, 0xff, 0xff, 0xf5, 0xa5, 0x56, 0xff, 0xff, 0xe7, 0xff, 0xef, 0xff, 0xff, 0xff, 0xff, 0xff, 
    0xff, 0xfa, 0x5b, 0xff, 0xfb, 0xe9, 0x55, 0x5b, 0xff, 0xff, 0x95, 0x55, 0x55, 0x55, 0x55, 0x55, 
    0x00, 0x01, 0x51, 0x55, 0x55, 0x55, 0x55, 0x40, 0x00, 0x00, 0x00, 0x00, 0x00, 0x00, 0x01, 0xff, 
    0xff, 0xff, 0xff, 0xff, 0xff, 0xff, 0xff, 0xff, 0xff, 0xff, 0xff, 0xff, 0xff, 0xff, 0xff, 0xff, 
    0xff, 0xff, 0xff, 0xff, 0xff, 0xff, 0xff, 0xff, 0xff, 0xff, 0xfe, 0xaa, 0xaa, 0xba, 0xaa, 0x46, 
    0xaa, 0xaa, 0xaa, 0xaa, 0xa0, 0x00, 0x00, 0x7f, 0xff, 0xff, 0xff, 0xff, 0xff, 0xff, 0xff, 0xff, 
    0xff, 0xff, 0xff, 0xff, 0xff, 0xff, 0xff, 0xff, 0xff, 0x5f, 0xff, 0xff, 0xff, 0xf7, 0xfa, 0x9f, 
    0xff, 0xff, 0xff, 0xff, 0xff, 0xff, 0xff, 0xff, 0xff, 0xff, 0xff, 0xff, 0xff, 0xff, 0xff, 0xff, 
    0xf5, 0xff, 0xff, 0xff, 0xff, 0xff, 0xff, 0xff, 0xff, 0xff, 0xff, 0xff, 0xff, 0xff, 0xff, 0xff, 
    0xff, 0xff, 0xff, 0xff, 0xff, 0xff, 0xff, 0xff, 0xff, 0xff, 0xff, 0xff, 0xff, 0xff, 0xff, 0xff, 
    0xff, 0xff, 0xff, 0xff, 0xff, 0xff, 0xff, 0xff, 0xff, 0xff, 0xff, 0xff, 0xff, 0xff, 0xff, 0xff, 
    0xff, 0xff, 0xff, 0xff, 0xff, 0xff, 0xff, 0xff, 0xff, 0xff, 0xff, 0xff, 0xff, 0xff, 0xff, 0xff, 
    0xff, 0xff, 0x5f, 0xff, 0xff, 0xff, 0xff, 0xff, 0xff, 0xff, 0xff, 0x5b, 0x95, 0x5f, 0xff, 0xff, 
    0xf9, 0xff, 0xbf, 0xff, 0xff, 0xff, 0xff, 0xff, 0xe9, 0x6b, 0xff, 0xff, 0xbe, 0x55, 0x55, 0x6f, 
    0xff, 0xe9, 0x55, 0x55, 0x55, 0x55, 0x54, 0x50, 0x00, 0x15, 0x55, 0x55, 0x55, 0x55, 0x54, 0x00, 
    0x00, 0x00, 0x00, 0x00, 0x00, 0x00, 0x2f, 0xff, 0xff, 0xff, 0xff, 0xff, 0xff, 0xff, 0xff, 0xff, 
    0xff, 0xff, 0xff, 0xff, 0xff, 0xff, 0xff, 0xff, 0xff, 0xff, 0xff, 0xff, 0xff, 0xff, 0xff, 0xff, 
    0xff, 0xff, 0xff, 0xff, 0xa9, 0x55, 0xab, 0xa8, 0x1a, 0xaa, 0xaa, 0xaa, 0xa9, 0x00, 0x00, 0x0f, 
    0xff, 0xff, 0xff, 0xff, 0xff, 0xff, 0xff, 0xff, 0xff, 0xff, 0xff, 0xff, 0xff, 0xff, 0xff, 0xff, 
    0xff, 0xe6, 0xff, 0xff, 0xff, 0xf9, 0xfe, 0xa2, 0xff, 0xff, 0xff, 0xff, 0xff, 0xff, 0xff, 0xff, 
    0xff, 0xff, 0xff, 0xff, 0xff, 0xff, 0xff, 0xff, 0xfe, 0x2f, 0xff, 0xff, 0xff, 0xff, 0xff, 0xff, 
    0xff, 0xff, 0xff, 0xff, 0xff, 0xff, 0xff, 0xff, 0xff, 0xff, 0xff, 0xff, 0xff, 0xff, 0xff, 0xff, 
    0xff, 0xff, 0xff, 0xff, 0xff, 0xff, 0xff, 0xff, 0xff, 0xff, 0xff, 0xff, 0xff, 0xff, 0xff, 0xff, 
    0xff, 0xff, 0xff, 0xff, 0xff, 0xff, 0xff, 0xff, 0xff, 0xff, 0xff, 0xff, 0xff, 0xff, 0xff, 0xff, 
    0xff, 0xff, 0xff, 0xff, 0xff, 0xff, 0xff, 0xff, 0xff, 0xe5, 0xff, 0xff, 0xff, 0xff, 0xff, 0xff, 
    0xff, 0xff, 0xf5, 0xb9, 0x54, 0xbf, 0xff, 0xff, 0xfe, 0xbe, 0xbf, 0xff, 0xff, 0xff, 0xff, 0xe5, 
    0x6b, 0xff, 0xff, 0xff, 0xe5, 0x55, 0x56, 0xff, 0xff, 0x95, 0x55, 0x55, 0x55, 0x55, 0x45, 0x00, 
    0x01, 0x55, 0x55, 0x55, 0x55, 0x55, 0x50, 0x00, 0x00, 0x00, 0x00, 0x00, 0x00, 0x02, 0xff, 0xff, 
    0xff, 0xff, 0xff, 0xff, 0xff, 0xff, 0xff, 0xff, 0xff, 0xff, 0xff, 0xff, 0xff, 0xff, 0xff, 0xff, 
    0xff, 0xff, 0xff, 0xff, 0xff, 0xff, 0xff, 0xff, 0xff, 0xff, 0xff, 0xff, 0xff, 0xfa, 0x51, 0x6b, 
    0x91, 0xaa, 0xaa, 0xaa, 0xaa, 0x90, 0x00, 0x03, 0xff, 0xff, 0xff, 0xff, 0xff, 0xff, 0xff, 0xff, 
    0xff, 0xff, 0xff, 0xff, 0xff, 0xff, 0xff, 0xff, 0xff, 0xfe, 0x6f, 0xff, 0xff, 0xfd, 0xbf, 0xa9, 
    0x3f, 0xff, 0xff, 0xff, 0xff, 0xff, 0xff, 0xff, 0xff, 0xff, 0xff, 0xff, 0xff, 0xff, 0xff, 0xff, 
    0xff, 0xd3, 0xff, 0xff, 0xff, 0xff, 0xff, 0xff, 0xff, 0xff, 0xff, 0xff, 0xff, 0xff, 0xff, 0xff, 
    0xff, 0xff, 0xff, 0xff, 0xff, 0xff, 0xff, 0xff, 0xff, 0xff, 0xff, 0xff, 0xff, 0xff, 0xff, 0xff, 
    0xff, 0xff, 0xff, 0xff, 0xff, 0xff, 0xff, 0xff, 0xff, 0xff, 0xff, 0xff, 0xff, 0xff, 0xff, 0xff, 
    0xff, 0xff, 0xff, 0xff, 0xff, 0xff, 0xff, 0xff, 0xff, 0xff, 0xff, 0xff, 0xff, 0xff, 0xff, 0xff, 
    0xfe, 0x6f, 0xff, 0xff, 0xff, 0xff, 0xff, 0xff, 0xff, 0xff, 0x5b, 0xe5, 0x47, 0xff, 0xff, 0xff, 
    0xff, 0xea, 0xff, 0xff, 0xff, 0xff, 0xe5, 0x6b, 0xff, 0xff, 0xfe, 0xf9, 0x55, 0x55, 0x5b, 0xff, 
    0xf9, 0x55, 0x55, 0x55, 0x55, 0x55, 0x14, 0x00, 0x05, 0x55, 0x55, 0x55, 0x55, 0x55, 0x40, 0x00, 
    0x00, 0x00, 0x00, 0x00, 0x00, 0x2f, 0xff, 0xff, 0xff, 0xff, 0xff, 0xff, 0xff, 0xff, 0xff, 0xff, 
    0xff, 0xff, 0xff, 0xff, 0xff, 0xff, 0xff, 0xff, 0xff, 0xff, 0xff, 0xff, 0xff, 0xff, 0xff, 0xff, 
    0xff, 0xff, 0xff, 0xff, 0xff, 0xff, 0xfe, 0x94, 0x54, 0x06, 0xaa, 0xaa, 0xaa, 0xa4, 0x00, 0x00, 
    0xff, 0xff, 0xff, 0xff, 0xff, 0xff, 0xff, 0xff, 0xff, 0xff, 0xff, 0xff, 0xff, 0xff, 0xff, 0xff, 
    0xff, 0xff, 0xd7, 0xff, 0xff, 0xff, 0x3f, 0xea, 0x0f, 0xff, 0xff, 0xff, 0xff, 0xff, 0xff, 0xaa, 
    0xff, 0xff, 0xff, 0xff, 0xff, 0xff, 0xff, 0xff, 0xff, 0xf8, 0xbf, 0xff, 0xff, 0xff, 0xff, 0xff, 
    0xff, 0xff, 0xff, 0xff, 0xff, 0xff, 0xff, 0xff, 0xff, 0xff, 0xff, 0xff, 0xff, 0xff, 0xff, 0xff, 
    0xff, 0xff, 0xff, 0xff, 0xff, 0xff, 0xff, 0xff, 0xff, 0xff, 0xff, 0xff, 0xff, 0xff, 0xff, 0xff, 
    0xff, 0xff, 0xff, 0xff, 0xff, 0xff, 0xff, 0xff, 0xff, 0xff, 0xff, 0xff, 0xff, 0xff, 0xff, 0xff, 
    0xff, 0xff, 0xff, 0xff, 0xff, 0xff, 0xff, 0xff, 0xe6, 0xff, 0xff, 0xff, 0xff, 0xff, 0xff, 0xff, 
    0xff, 0xf5, 0xbf, 0x54, 0x3f, 0xff, 0xff, 0xff, 0xff, 0xeb, 0xff, 0xff, 0xff, 0xe4, 0x6b, 0xff, 
    0xff, 0xff, 0xeb, 0x95, 0x55, 0x55, 0x7f, 0xff, 0x95, 0x55, 0x55, 0x55, 0x55, 0x55, 0x40, 0x00, 
    0x55, 0x55, 0x55, 0x55, 0x55, 0x55, 0x00, 0x00, 0x00, 0x00, 0x00, 0x00, 0x02, 0xff, 0xff, 0xff, 
    0xff, 0xff, 0xff, 0xff, 0xff, 0xff, 0xff, 0xff, 0xff, 0xff, 0xff, 0xff, 0xff, 0xff, 0xff, 0xff, 
    0xff, 0xff, 0xff, 0xff, 0xff, 0xff, 0xff, 0xff, 0xff, 0xff, 0xff, 0xff, 0xff, 0xff, 0xff, 0xff, 
    0x90, 0x00, 0x6a, 0xaa, 0xaa, 0xaa, 0x00, 0x00, 0x3f, 0xff, 0xff, 0xff, 0xff, 0xff, 0xff, 0xff, 
    0xff, 0xff, 0xff, 0xff, 0xff, 0xff, 0xff, 0xff, 0xff, 0xff, 0xfd, 0xbf, 0xff, 0xff, 0x9f, 0xfa, 
    0x82, 0xff, 0xff, 0xff, 0xff, 0xff, 0xfe, 0xaa, 0xaf, 0xff, 0xff, 0xff, 0xff, 0xff, 0xff, 0xff, 
    0xff, 0xff, 0x1b, 0xff, 0xff, 0xff, 0xff, 0xff, 0xff, 0xff, 0xff, 0xff, 0xff, 0xff, 0xff, 0xff, 
    0xff, 0xff, 0xff, 0xff, 0xff, 0xff, 0xff, 0xff, 0xff, 0xff, 0xff, 0xff, 0xff, 0xff, 0xff, 0xff, 
    0xff, 0xff, 0xff, 0xff, 0xff, 0xff, 0xff, 0xff, 0xff, 0xff, 0xff, 0xff, 0xff, 0xff, 0xff, 0xff, 
    0xff, 0xff, 0xff, 0xff, 0xff, 0xff, 0xff, 0xff, 0xff, 0xff, 0xff, 0xff, 0xff, 0xff, 0xff, 0xfe, 
    0x2f, 0xff, 0xff, 0xff, 0xff, 0xff, 0xff, 0xff, 0xff, 0x5b, 0xfd, 0x01, 0xff, 0xff, 0xff, 0xff, 
    0xff, 0xdf, 0xff, 0xff, 0xe4, 0x6b, 0xff, 0xff, 0xff, 0xfe, 0xa9, 0x55, 0x55, 0x56, 0xff, 0xf9, 
    0x55, 0x55, 0x55, 0x55, 0x55, 0x54, 0x00, 0x05, 0x55, 0x55, 0x55, 0x55, 0x55, 0x54, 0x00, 0x00, 
    0x00, 0x00, 0x00, 0x00, 0x1f, 0xff, 0xff, 0xff, 0xff, 0xff, 0xff, 0xff, 0xff, 0xff, 0xff, 0xff, 
    0xff, 0xff, 0xff, 0xff, 0xff, 0xff, 0xff, 0xff, 0xff, 0xff, 0xff, 0xff, 0xff, 0xff, 0xff, 0xff, 
    0xff, 0xff, 0xff, 0xff, 0xff, 0xff, 0xff, 0xff, 0xff, 0xe4, 0x01, 0xaa, 0xaa, 0xaa, 0x90, 0x00, 
    0x0f, 0xff, 0xff, 0xff, 0xff, 0xff, 0xff, 0xff, 0xff, 0xff, 0xff, 0xff, 0xff, 0xff, 0xff, 0xff, 
    0xff, 0xff, 0xff, 0x9b, 0xff, 0xff, 0xdb, 0xfe, 0xa0, 0xbf, 0xff, 0xff, 0xff, 0xff, 0xfe, 0xaa, 
    0xaa, 0xff, 0xff, 0xff, 0xff, 0xff, 0xff, 0xff, 0xff, 0xff, 0xd2, 0xff, 0xff, 0xff, 0xff, 0xff, 
    0xff, 0xff, 0xff, 0xff, 0xff, 0xff, 0xff, 0xff, 0xff, 0xff, 0xff, 0xff, 0xff, 0xff, 0xff, 0xff, 
    0xff, 0xff, 0xff, 0xff, 0xff, 0xff, 0xff, 0xff, 0xff, 0xff, 0xff, 0xff, 0xff, 0xff, 0xff, 0xff, 
    0xff, 0xff, 0xff, 0xff, 0xff, 0xff, 0xff, 0xff, 0xff, 0xff, 0xff, 0xff, 0xff, 0xff, 0xff, 0xff, 
    0xff, 0xff, 0xff, 0xff, 0xff, 0xff, 0xff, 0xd2, 0xff, 0xff, 0xff, 0xff, 0xff, 0xff, 0xff, 0xff, 
    0xf5, 0xbf, 0xe4, 0x0f, 0xff, 0xff, 0xff, 0xff, 0xff, 0x7f, 0xff, 0xe4, 0x5b, 0xff, 0xff, 0xff, 
    0xff, 0xaa, 0x55, 0x55, 0x55, 0x6f, 0xff, 0x95, 0x55, 0x55, 0x55, 0x55, 0x55, 0x40, 0x00, 0x55, 
    0x50, 0x15, 0x55, 0x55, 0x55, 0x50, 0x00, 0x00, 0x00, 0x00, 0x00, 0x00, 0xbf, 0xff, 0xff, 0xff, 
    0xff, 0xff, 0xff, 0xff, 0xff, 0xff, 0xff, 0xff, 0xff, 0xff, 0xff, 0xff, 0xff, 0xff, 0xff, 0xff, 
    0xff, 0xff, 0xff, 0xff, 0xff, 0xff, 0xff, 0xff, 0xff, 0xff, 0xff, 0xff, 0xff, 0xff, 0xff, 0xff, 
    0xff, 0xff, 0xa4, 0x1a, 0xaa, 0xaa, 0xa4, 0x00, 0x07, 0xff, 0xff, 0xff, 0xff, 0xff, 0xff, 0xff, 
    0xff, 0xff, 0xff, 0xff, 0xff, 0xff, 0xff, 0xff, 0xff, 0xff, 0xff, 0xf9, 0xff, 0xff, 0xf3, 0xff, 
    0xa8, 0x2f, 0xff, 0xff, 0xff, 0xff, 0xfe, 0xaa, 0xaa, 0xbf, 0xff, 0xff, 0xff, 0xff, 0xff, 0xff, 
    0xff, 0xff, 0xf4, 0x6f, 0xff, 0xff, 0xff, 0xff, 0xff, 0xff, 0xff, 0xff, 0xff, 0xff, 0xff, 0xff, 
    0xff, 0xff, 0xff, 0xff, 0xff, 0xff, 0xff, 0xff, 0xff, 0xff, 0xff, 0xff, 0xff, 0xff, 0xff, 0xff, 
    0xff, 0xff, 0xff, 0xff, 0xff, 0xff, 0xff, 0xff, 0xff, 0xff, 0xff, 0xff, 0xff, 0xff, 0xff, 0xff, 
    0xff, 0xff, 0xff, 0xff, 0xff, 0xff, 0xff, 0xff, 0xff, 0xff, 0xff, 0xff, 0xff, 0xff, 0xfe, 0x2f, 
    0xff, 0xff, 0xff, 0xff, 0xff, 0xff, 0xff, 0xff, 0x5b, 0xff, 0x80, 0x7f, 0xff, 0xff, 0xff, 0xff, 
    0xfd, 0xbf, 0xa4, 0x5b, 0xff, 0xff, 0xff, 0xff, 0xfa, 0xa5, 0x55, 0x55, 0x55, 0xff, 0xe9, 0x55, 
    0x55, 0x55, 0x55, 0x55, 0x54, 0x00, 0x01, 0x55, 0x41, 0x55, 0x55, 0x55, 0x55, 0x00, 0x00, 0x00, 
    0x00, 0x00, 0x40, 0x03, 0xff, 0xff, 0xff, 0xff, 0xff, 0xff, 0xff, 0xff, 0xff, 0xff, 0xff, 0xff, 
    0xff, 0xff, 0xff, 0xff, 0xff, 0xff, 0xff, 0xff, 0xff, 0xff, 0xff, 0xff, 0xff, 0xff, 0xff, 0xff, 
    0xff, 0xff, 0xff, 0xff, 0xff, 0xff, 0xff, 0xff, 0xff, 0xff, 0xff, 0xa4, 0x1a, 0xaa, 0xa9, 0x00, 
    0x01, 0xff, 0xff, 0xff, 0xff, 0xff, 0xff, 0xff, 0xff, 0xff, 0xff, 0xff, 0xff, 0xff, 0xff, 0xff, 
    0xff, 0xff, 0xff, 0xff, 0x6f, 0xff, 0xf9, 0xff, 0xea, 0x07, 0xff, 0xff, 0xff, 0xff, 0xff, 0xaa, 
    0xaa, 0xaf, 0xff, 0xff, 0xff, 0xff, 0xff, 0xff, 0xff, 0xff, 0xfe, 0x1a, 0xff, 0xff, 0xff, 0xff, 
    0xff, 0xff, 0xff, 0xff, 0xff, 0xff, 0xff, 0xff, 0xff, 0xff, 0xff, 0xff, 0xff, 0xff, 0xff, 0xff, 
    0xff, 0xff, 0xff, 0xff, 0xff, 0xff, 0xff, 0xff, 0xff, 0xff, 0xff, 0xff, 0xff, 0xff, 0xff, 0xff, 
    0xff, 0xff, 0xff, 0xff, 0xff, 0xff, 0xff, 0xff, 0xff, 0xff, 0xff, 0xff, 0xff, 0xff, 0xff, 0xff, 
    0xff, 0xff, 0xff, 0xff, 0xff, 0xff, 0xe1, 0xff, 0xff, 0xff, 0xff, 0xff, 0xff, 0xff, 0xff, 0xe5, 
    0xbf, 0xfd, 0x03, 0xff, 0xff, 0xff, 0xff, 0xff, 0xf8, 0xa4, 0x6b, 0xff, 0xff, 0xff, 0xff, 0xff, 
    0xa5, 0x55, 0x55, 0x55, 0x5b, 0xfe, 0x95, 0x55, 0x55, 0x55, 0x55, 0x55, 0x40, 0x00, 0x15, 0x54, 
    0x05, 0x55, 0x55, 0x55, 0x54, 0x00, 0x00, 0x00, 0x00, 0x04, 0x00, 0x1f, 0xff, 0xff, 0xff, 0xff, 
    0xff, 0xff, 0xff, 0xff, 0xff, 0xff, 0xff, 0xff, 0xff, 0xff, 0xff, 0xff, 0xff, 0xff, 0xff, 0xff, 
    0xff, 0xff, 0xff, 0xff, 0xff, 0xff, 0xff, 0xff, 0xff, 0xff, 0xff, 0xff, 0xff, 0xff, 0xff, 0xff, 
    0xff, 0xff, 0xff, 0xff, 0x90, 0x5a, 0xaa, 0x40, 0x00, 0x7f, 0xff, 0xff, 0xff, 0xff, 0xff, 0xff, 
    0xff, 0xff, 0xff, 0xff, 0xff, 0xff, 0xff, 0xff, 0xff, 0xff, 0xff, 0xff, 0xe6, 0xff, 0xfe, 0xbf, 
    0xfa, 0x91, 0xff, 0xff, 0xff, 0xff, 0xff, 0xaa, 0xaa, 0xaa, 0xff, 0xff, 0xff, 0xff, 0xff, 0xff, 
    0xff, 0xff, 0xff, 0x86, 0xaf, 0xff, 0xff, 0xff, 0xff, 0xff, 0xff, 0xff, 0xff, 0xff, 0xff, 0xff, 
    0xff, 0xff, 0xff, 0xff, 0xff, 0xff, 0xff, 0xff, 0xff, 0xff, 0xff, 0xff, 0xff, 0xff, 0xff, 0xff, 
    0xff, 0xff, 0xff, 0xff, 0xff, 0xff, 0xff, 0xff, 0xff, 0xff, 0xff, 0xff, 0xff, 0xff, 0xff, 0xff, 
    0xff, 0xff, 0xff, 0xff, 0xff, 0xff, 0xff, 0xff, 0xff, 0xff, 0xff, 0xff, 0xff, 0xfe, 0x1f, 0xff, 
    0xff, 0xff, 0xff, 0xff, 0xff, 0xff, 0xfe, 0x5b, 0xff, 0xd0, 0x1f, 0xff, 0xff, 0xff, 0xff, 0xfe, 
    0x40, 0x6f, 0xff, 0xff, 0xff, 0xff, 0xff, 0xf9, 0x55, 0x55, 0x55, 0x55, 0xbf, 0xe5, 0x55, 0x55, 
    0x55, 0x55, 0x55, 0x54, 0x00, 0x01, 0x55, 0x40, 0x15, 0x55, 0x55, 0x55, 0x50, 0x00, 0x00, 0x00, 
    0x00, 0x00, 0x00, 0x7f, 0xff, 0xff, 0xff, 0xff, 0xff, 0xff, 0xff, 0xff, 0xff, 0xff, 0xff, 0xff, 
    0xff, 0xff, 0xff, 0xff, 0xff, 0xff, 0xff, 0xff, 0xff, 0xff, 0xff, 0xff, 0xff, 0xff, 0xff, 0xff, 
    0xff, 0xff, 0xff, 0xff, 0xff, 0xff, 0xff, 0xff, 0xff, 0xff, 0xff, 0xff, 0xfe, 0x40, 0x5a, 0x80, 
    0x00, 0x1f, 0xff, 0xff, 0xff, 0xff, 0xff, 0xff, 0xff, 0xff, 0xff, 0xff, 0xff, 0xff, 0xff, 0xff, 
    0xff, 0xff, 0xff, 0xff, 0xfe, 0xbf, 0xff, 0x7f, 0xfe, 0xa4, 0x7f, 0xff, 0xff, 0xff, 0xff, 0xea, 
    0xaa, 0xaa, 0xbf, 0xff, 0xff, 0xff, 0xff, 0xff, 0xff, 0xff, 0xff, 0xf0, 0xa6, 0xff, 0xff, 0xff, 
    0xff, 0xff, 0xff, 0xff, 0xff, 0xff, 0xff, 0xff, 0xff, 0xff, 0xff, 0xff, 0xff, 0xff, 0xff, 0xff, 
    0xff, 0xff, 0xff, 0xff, 0xff, 0xff, 0xff, 0xff, 0xff, 0xff, 0xff, 0xff, 0xff, 0xff, 0xff, 0xff, 
    0xff, 0xff, 0xff, 0xff, 0xff, 0xff, 0xff, 0xff, 0xff, 0xff, 0xff, 0xff, 0xff, 0xff, 0xff, 0xff, 
    0xff, 0xff, 0xff, 0xff, 0xff, 0xe1, 0xff, 0xff, 0xff, 0xff, 0xff, 0xff, 0xff, 0xff, 0xe1, 0xbf, 
    0xfe, 0x00, 0xbf, 0xff, 0xff, 0xff, 0xf9, 0x01, 0x6f, 0xff, 0xff, 0xff, 0xff, 0xff, 0xff, 0x95, 
    0x55, 0x55, 0x55, 0x5b, 0xfe, 0x55, 0x55, 0x55, 0x55, 0x55, 0x55, 0x50, 0x00, 0x15, 0x54, 0x00, 
    0x55, 0x55, 0x55, 0x55, 0x40, 0x00, 0x00, 0x00, 0x01, 0x00, 0x02, 0xff, 0xff, 0xff, 0xff, 0xff, 
    0xff, 0xff, 0xff, 0xff, 0xff, 0xff, 0xff, 0xff, 0xff, 0xff, 0xff, 0xff, 0xff, 0xff, 0xff, 0xff, 
    0xff, 0xff, 0xff, 0xff, 0xff, 0xff, 0xff, 0xff, 0xff, 0xff, 0xff, 0xff, 0xff, 0xff, 0xff, 0xff, 
    0xff, 0xff, 0xff, 0xff, 0xff, 0xf9, 0x00, 0x10, 0x00, 0x07, 0xff, 0xff, 0xff, 0xff, 0xff, 0xff, 
    0xff, 0xff, 0xff, 0xff, 0xff, 0xff, 0xff, 0xff, 0xff, 0xff, 0xff, 0xff, 0xff, 0xeb, 0xff, 0xcf, 
    0xff, 0xa9, 0x1f, 0xff, 0xff, 0xff, 0xff, 0xea, 0xaa, 0xaa, 0xaf, 0xff, 0xff, 0xff, 0xff, 0xff, 
    0xff, 0xff, 0xff, 0xfc, 0x29, 0xaf, 0xff, 0xff, 0xff, 0xff, 0xff, 0xff, 0xff, 0xff, 0xff, 0xff, 
    0xff, 0xff, 0xff, 0xff, 0xff, 0xff, 0xff, 0xff, 0xff, 0xff, 0xff, 0xff, 0xff, 0xff, 0xff, 0xff, 
    0xff, 0xff, 0xff, 0xff, 0xff, 0xff, 0xff, 0xff, 0xff, 0xff, 0xff, 0xff, 0xff, 0xff, 0xff, 0xff, 
    0xff, 0xff, 0xff, 0xff, 0xff, 0xff, 0xff, 0xff, 0xff, 0xff, 0xff, 0xff, 0xfe, 0x1b, 0xff, 0xff, 
    0xff, 0xff, 0xff, 0xff, 0xff, 0xfe, 0x1f, 0xff, 0xf4, 0x07, 0xff, 0xff, 0xff, 0xf9, 0x01, 0xaf, 
    0xff, 0xff, 0xff, 0xff, 0xff, 0xff, 0xf9, 0x55, 0x55, 0x55, 0x55, 0x6f, 0xe5, 0x55, 0x55, 0x55, 
    0x55, 0x55, 0x55, 0x00, 0x01, 0x55, 0x40, 0x01, 0x55, 0x55, 0x55, 0x55, 0x00, 0x00, 0x00, 0x00, 
    0x10, 0x00, 0x0b, 0xff, 0xff, 0xff, 0xff, 0xff, 0xff, 0xff, 0xff, 0xff, 0xff, 0xff, 0xff, 0xff, 
    0xff, 0xff, 0xff, 0xff, 0xff, 0xff, 0xff, 0xff, 0xff, 0xff, 0xff, 0xff, 0xff, 0xff, 0xff, 0xff, 
    0xff, 0xff, 0xff, 0xff, 0xff, 0xff, 0xff, 0xff, 0xff, 0xff, 0xff, 0xff, 0xff, 0xff, 0xe4, 0x00, 
    0x00, 0x01, 0xff, 0xff, 0xff, 0xff, 0xff, 0xff, 0xff, 0xff, 0xff, 0xff, 0xff, 0xff, 0xff, 0xff, 
    0xff, 0xff, 0xff, 0xff, 0xff, 0xfe, 0xbf, 0xd7, 0xff, 0xea, 0x83, 0xff, 0xff, 0xff, 0xff, 0xfa, 
    0xaa, 0xaa, 0xaa, 0xff, 0xff, 0xff, 0xff, 0xff, 0xff, 0xff, 0xff, 0xff, 0x46, 0x47, 0xff, 0xff, 
    0xff, 0xff, 0xff, 0xff, 0xff, 0xff, 0xff, 0xff, 0xff, 0xff, 0xff, 0xff, 0xff, 0xff, 0xff, 0xff, 
    0xff, 0xff, 0xff, 0xff, 0xff, 0xff, 0xff, 0xff, 0xff, 0xff, 0xff, 0xff, 0xff, 0xff, 0xff, 0xff, 
    0xff, 0xff, 0xff, 0xff, 0xff, 0xff, 0xff, 0xff, 0xff, 0xff, 0xff, 0xff, 0xff, 0xff, 0xff, 0xff, 
    0xff, 0xff, 0xff, 0xff, 0xe5, 0xbf, 0xff, 0xff, 0xff, 0xff, 0xff, 0xff, 0xff, 0xd6, 0xff, 0xff, 
    0x40, 0x2f, 0xff, 0xff, 0xe9, 0x05, 0xbf, 0xff, 0xff, 0xff, 0xff, 0xff, 0xff, 0xff, 0x95, 0x55, 
    0x55, 0x55, 0x56, 0xfe, 0x55, 0x55, 0x55, 0x55, 0x55, 0x55, 0x50, 0x00, 0x15, 0x54, 0x00, 0x05, 
    0x55, 0x55, 0x55, 0x50, 0x00, 0x00, 0x00, 0x01, 0x00, 0x00, 0x2f, 0xff, 0xff, 0xff, 0xff, 0xff, 
    0xff, 0xff, 0xff, 0xff, 0xff, 0xff, 0xff, 0xff, 0xff, 0xff, 0xff, 0xff, 0xff, 0xff, 0xff, 0xff, 
    0xff, 0xff, 0xff, 0xff, 0xff, 0xff, 0xff, 0xff, 0xff, 0xff, 0xff, 0xff, 0xff, 0xff, 0xff, 0xff, 
    0xff, 0xff, 0xff, 0xff, 0xff, 0xff, 0xff, 0x90, 0x00, 0x00, 0x7f, 0xff, 0xff, 0xff, 0xff, 0xff, 
    0xff, 0xff, 0xff, 0xff, 0xff, 0xff, 0xff, 0xff, 0xff, 0xff, 0xff, 0xff, 0xff, 0xff, 0xef, 0xf2, 
    0xff, 0xfa, 0xa0, 0xff, 0xff, 0xff, 0xff, 0xfa, 0xaa, 0xaa, 0xaa, 0xbf, 0xff, 0xff, 0xff, 0xff, 
    0xff, 0xff, 0xff, 0xff, 0xd1, 0x90, 0xbf, 0xff, 0xff, 0xff, 0xff, 0xff, 0xff, 0xff, 0xff, 0xff, 
    0xff, 0xff, 0xff, 0xff, 0xff, 0xff, 0xff, 0xff, 0xff, 0xff, 0xff, 0xff, 0xff, 0xff, 0xff, 0xff, 
    0xff, 0xff, 0xff, 0xff, 0xff, 0xff, 0xff, 0xff, 0xff, 0xff, 0xff, 0xff, 0xff, 0xff, 0xff, 0xff, 
    0xff, 0xff, 0xff, 0xff, 0xff, 0xff, 0xff, 0xff, 0xff, 0xff, 0xff, 0xff, 0x5b, 0xff, 0xff, 0xff, 
    0xff, 0xff, 0xff, 0xff, 0xfd, 0x6f, 0xff, 0xf8, 0x01, 0xff, 0xff, 0xe5, 0x1a, 0xff, 0xff, 0xff, 
    0xff, 0xff, 0xff, 0xff, 0xff, 0xf9, 0x55, 0x55, 0x55, 0x55, 0x6f, 0xa5, 0x55, 0x55, 0x55, 0x55, 
    0x55, 0x55, 0x00, 0x01, 0x55, 0x00, 0x00, 0x15, 0x55, 0x55, 0x55, 0x40, 0x00, 0x00, 0x00, 0x04, 
    0x00, 0x00, 0xbf, 0xff, 0xff, 0xff, 0xff, 0xff, 0xff, 0xff, 0xff, 0xff, 0xff, 0xff, 0xff, 0xff, 
    0xff, 0xff, 0xff, 0xff, 0xff, 0xff, 0xff, 0xff, 0xff, 0xff, 0xff, 0xff, 0xff, 0xff, 0xff, 0xff, 
    0xff, 0xff, 0xff, 0xff, 0xff, 0xff, 0xff, 0xff, 0xff, 0xff, 0xff, 0xff, 0xff, 0xff, 0xff, 0xfe, 
    0x40, 0x00, 0x1f, 0xff, 0xff, 0xff, 0xff, 0xff, 0xff, 0xff, 0xff, 0xff, 0xff, 0xff, 0xff, 0xff, 
    0xff, 0xff, 0xff, 0xff, 0xff, 0xff, 0xfa, 0xf8, 0xff, 0xfe, 0xa8, 0x3f, 0xff, 0xff, 0xff, 0xfe, 
    0xaa, 0xaa, 0xaa, 0xaf, 0xff, 0xff, 0xff, 0xff, 0xff, 0xff, 0xff, 0xff, 0xf8, 0x69, 0x1b, 0xff, 
    0xff, 0xff, 0xff, 0xff, 0xff, 0xff, 0xff, 0xff, 0xff, 0xff, 0xff, 0xff, 0xff, 0xff, 0xff, 0xff, 
    0xff, 0xff, 0xff, 0xff, 0xff, 0xff, 0xff, 0xff, 0xff, 0xff, 0xff, 0xff, 0xff, 0xff, 0xff, 0xff, 
    0xff, 0xff, 0xff, 0xff, 0xff, 0xff, 0xff, 0xff, 0xff, 0xff, 0xff, 0xff, 0xff, 0xff, 0xff, 0xff, 
    0xff, 0xff, 0xff, 0xf5, 0x7f, 0xff, 0xff, 0xff, 0xff, 0xff, 0xff, 0xff, 0x96, 0xff, 0xff, 0x90, 
    0x0b, 0xff, 0xa4, 0x1a, 0xff, 0xff, 0xff, 0xff, 0xff, 0xff, 0xff, 0xff, 0xff, 0x95, 0x55, 0x55, 
    0x55, 0x55, 0xf9, 0x55, 0x55, 0x55, 0x55, 0x55, 0x55, 0x50, 0x00, 0x15, 0x50, 0x00, 0x01, 0x55, 
    0x55, 0x55, 0x55, 0x00, 0x00, 0x00, 0x00, 0x40, 0x00, 0x02, 0xff, 0xff, 0xff, 0xff, 0xff, 0xff, 
    0xff, 0xff, 0xff, 0xff, 0xff, 0xff, 0xff, 0xff, 0xff, 0xff, 0xff, 0xff, 0xff, 0xff, 0xff, 0xff, 
    0xff, 0xff, 0xff, 0xff, 0xff, 0xff, 0xff, 0xff, 0xff, 0xff, 0xff, 0xff, 0xff, 0xff, 0xff, 0xff, 
    0xff, 0xff, 0xff, 0xff, 0xff, 0xff, 0xff, 0xff, 0xf9, 0x00, 0x0b, 0xff, 0xff, 0xff, 0xff, 0xff, 
    0xff, 0xff, 0xff, 0xff, 0xff, 0xff, 0xff, 0xff, 0xff, 0xff, 0xff, 0xff, 0xff, 0xff, 0xff, 0xbd, 
    0x7f, 0xff, 0xaa, 0x0f, 0xff, 0xff, 0xff, 0xff, 0xaa, 0xaa, 0xaa, 0xab, 0xff, 0xff, 0xff, 0xff, 
    0xff, 0xff, 0xff, 0xff, 0xfe, 0x1a, 0x41, 0xbf, 0xff, 0xff, 0xff, 0xff, 0xff, 0xff, 0xff, 0xff, 
    0xff, 0xff, 0xff, 0xff, 0xff, 0xff, 0xff, 0xff, 0xff, 0xff, 0xff, 0xff, 0xff, 0xff, 0xff, 0xff, 
    0xff, 0xff, 0xff, 0xff, 0xff, 0xff, 0xff, 0xff, 0xff, 0xff, 0xff, 0xff, 0xff, 0xff, 0xff, 0xff, 
    0xff, 0xff, 0xff, 0xff, 0xff, 0xff, 0xff, 0xff, 0xff, 0xff, 0xff, 0x96, 0xff, 0xff, 0xff, 0xff, 
    0xff, 0xff, 0xff, 0xf9, 0x7f, 0xff, 0xfd, 0x00, 0x3f, 0x90, 0x1a, 0xff, 0xff, 0xff, 0xff, 0xff, 
    0xff, 0xff, 0xff, 0xff, 0xf9, 0x55, 0x55, 0x55, 0x55, 0x5b, 0x95, 0x55, 0x55, 0x55, 0x55, 0x55, 
    0x55, 0x00, 0x01, 0x55, 0x00, 0x00, 0x05, 0x55, 0x55, 0x55, 0x54, 0x00, 0x00, 0x00, 0x05, 0x00, 
    0x00, 0x07, 0xff, 0xff, 0xff, 0xff, 0xff, 0xff, 0xff, 0xff, 0xff, 0xff, 0xff, 0xff, 0xff, 0xff, 
    0xff, 0xff, 0xff, 0xff, 0xff, 0xff, 0xff, 0xff, 0xff, 0xff, 0xff, 0xff, 0xff, 0xff, 0xff, 0xff, 
    0xff, 0xff, 0xff, 0xff, 0xff, 0xff, 0xff, 0xff, 0xff, 0xff, 0xff, 0xff, 0xff, 0xff, 0xff, 0xff, 
    0xff, 0xe4, 0x02, 0xff, 0xff, 0xff, 0xff, 0xff, 0xff, 0xff, 0xff, 0xff, 0xff, 0xff, 0xff, 0xff, 
    0xff, 0xff, 0xff, 0xff, 0xff, 0xff, 0xff, 0xfb, 0x2f, 0xff, 0xea, 0x83, 0xff, 0xff, 0xff, 0xff, 
    0xea, 0xaa, 0xaa, 0xab, 0xff, 0xff, 0xff, 0xff, 0xff, 0xff, 0xff, 0xff, 0xff, 0x86, 0xa4, 0x1b, 
    0xff, 0xff, 0xff, 0xff, 0xff, 0xff, 0xff, 0xff, 0xff, 0xff, 0xff, 0xff, 0xff, 0xff, 0xff, 0xff, 
    0xff, 0xff, 0xff, 0xff, 0xff, 0xff, 0xff, 0xff, 0xff, 0xff, 0xff, 0xff, 0xff, 0xff, 0xff, 0xff, 
    0xff, 0xff, 0xff, 0xff, 0xff, 0xff, 0xff, 0xff, 0xff, 0xff, 0xff, 0xff, 0xff, 0xff, 0xff, 0xff, 
    0xff, 0xff, 0xf9, 0x6f, 0xff, 0xff, 0xff, 0xff, 0xff, 0xff, 0xff, 0x97, 0xff, 0xff, 0xe0, 0x00, 
    0x40, 0x1b, 0xff, 0xff, 0xff, 0xff, 0xff, 0xff, 0xff, 0xff, 0xff, 0xff, 0x95, 0x55, 0x55, 0x55, 
    0x55, 0xb9, 0x55, 0x55, 0x55, 0x55, 0x55, 0x55, 0x40, 0x00, 0x15, 0x40, 0x00, 0x00, 0x15, 0x55, 
    0x55, 0x55, 0x40, 0x00, 0x00, 0x00, 0x00, 0x00, 0x00, 0x1f, 0xff, 0xff, 0xff, 0xff, 0xff, 0xff, 
    0xff, 0xff, 0xff, 0xff, 0xff, 0xff, 0xff, 0xff, 0xff, 0xff, 0xff, 0xff, 0xff, 0xff, 0xff, 0xff, 
    0xff, 0xff, 0xff, 0xff, 0xff, 0xff, 0xff, 0xff, 0xff, 0xff, 0xff, 0xff, 0xff, 0xff, 0xff, 0xff, 
    0xff, 0xff, 0xff, 0xff, 0xff, 0xff, 0xff, 0xff, 0xff, 0xff, 0x80, 0xbf, 0xff, 0xff, 0xff, 0xff, 
    0xff, 0xff, 0xff, 0xff, 0xff, 0xff, 0xff, 0xff, 0xff, 0xff, 0xff, 0xff, 0xff, 0xff, 0xff, 0xff, 
    0x8f, 0xff, 0xfa, 0xa0, 0xbf, 0xff, 0xff, 0xff, 0xfa, 0xaa, 0xaa, 0xaa, 0xbf, 0xff, 0xff, 0xff, 
    0xff, 0xff, 0xff, 0xff, 0xff, 0xf1, 0xaa, 0x42, 0xff, 0xff, 0xff, 0xff, 0xff, 0xff, 0xff, 0xff, 
    0xff, 0xff, 0xff, 0xff, 0xff, 0xff, 0xff, 0xff, 0xff, 0xff, 0xff, 0xff, 0xff, 0xff, 0xff, 0xff, 
    0xff, 0xff, 0xff, 0xff, 0xff, 0xff, 0xff, 0xff, 0xff, 0xff, 0xff, 0xff, 0xff, 0xff, 0xff, 0xff, 
    0xff, 0xff, 0xff, 0xff, 0xff, 0xff, 0xff, 0xff, 0xff, 0xff, 0xd6, 0xbf, 0xff, 0xff, 0xff, 0xff, 
    0xff, 0xff, 0xf9, 0xbf, 0xff, 0xfe, 0x40, 0x00, 0x1a, 0xff, 0xff, 0xff, 0xff, 0xff, 0xff, 0xff, 
    0xff, 0xff, 0xff, 0xe9, 0x55, 0x55, 0x55, 0x55, 0x5b, 0x95, 0x55, 0x55, 0x55, 0x55, 0x55, 0x54, 
    0x00, 0x01, 0x54, 0x00, 0x00, 0x00, 0x55, 0x55, 0x55, 0x55, 0x00, 0x00, 0x00, 0x00, 0x00, 0x00, 
    0x00, 0x3f, 0xff, 0xff, 0xff, 0xff, 0xff, 0xff, 0xff, 0xff, 0xff, 0xff, 0xff, 0xff, 0xff, 0xff, 
    0xff, 0xff, 0xff, 0xff, 0xff, 0xff, 0xff, 0xff, 0xff, 0xff, 0xff, 0xff, 0xff, 0xff, 0xff, 0xff, 
    0xff, 0xff, 0xff, 0xff, 0xff, 0xff, 0xff, 0xff, 0xff, 0xff, 0xff, 0xff, 0xff, 0xff, 0xff, 0xff, 
    0xff, 0xff, 0xf8, 0x2f, 0xff, 0xff, 0xff, 0xff, 0xff, 0xff, 0xff, 0xff, 0xff, 0xff, 0xff, 0xff, 
    0xff, 0xff, 0xff, 0xff, 0xff, 0xff, 0xff, 0xff, 0xc7, 0xff, 0xfe, 0xa8, 0x2f, 0xff, 0xff, 0xff, 
    0xfe, 0xaa, 0xaa, 0xaa, 0xaf, 0xff, 0xff, 0xff, 0xff, 0xff, 0xff, 0xff, 0xff, 0xfc, 0x6a, 0x90, 
    0xff, 0xff, 0xff, 0xff, 0xff, 0xff, 0xff, 0xff, 0xff, 0xff, 0xff, 0xff, 0xff, 0xff, 0xff, 0xff, 
    0xff, 0xff, 0xff, 0xff, 0xff, 0xff, 0xff, 0xff, 0xff, 0xff, 0xff, 0xff, 0xff, 0xff, 0xff, 0xff, 
    0xff, 0xff, 0xff, 0xff, 0xff, 0xff, 0xff, 0xff, 0xff, 0xff, 0xff, 0xff, 0xff, 0xff, 0xff, 0xff, 
    0xff, 0xfd, 0x6b, 0xff, 0xff, 0xff, 0xff, 0xff, 0xff, 0xff, 0x5b, 0xff, 0xfe, 0xa4, 0x00, 0x5a, 
    0xff, 0xff, 0xff, 0xff, 0xff, 0xff, 0xff, 0xff, 0xff, 0xff, 0xfe, 0x55, 0x55, 0x55, 0x55, 0x55, 
    0x69, 0x55, 0x55, 0x55, 0x55, 0x55, 0x55, 0x40, 0x00, 0x15, 0x40, 0x00, 0x00, 0x01, 0x55, 0x55, 
    0x55, 0x54, 0x00, 0x00, 0x00, 0x10, 0x00, 0x00, 0x00, 0xff, 0xff, 0xff, 0xff, 0xff, 0xff, 0xff, 
    0xff, 0xff, 0xff, 0xff, 0xff, 0xff, 0xff, 0xff, 0xff, 0xff, 0xff, 0xff, 0xff, 0xff, 0xff, 0xff, 
    0xff, 0xff, 0xff, 0xff, 0xff, 0xff, 0xff, 0xff, 0xff, 0xff, 0xff, 0xff, 0xff, 0xff, 0xff, 0xff, 
    0xff, 0xff, 0xff, 0xff, 0xff, 0xff, 0xff, 0xff, 0xff, 0xff, 0xfe, 0x0f, 0xff, 0xff, 0xff, 0xff, 
    0xff, 0xff, 0xff, 0xff, 0xff, 0xff, 0xff, 0xff, 0xff, 0xff, 0xff, 0xff, 0xff, 0xff, 0xff, 0xff, 
    0xe1, 0xbf, 0xff, 0xaa, 0x0b, 0xff, 0xff, 0xff, 0xff, 0xaa, 0xaa, 0xaa, 0xaa, 0xff, 0xff, 0xff, 
    0xff, 0xff, 0xff, 0xff, 0xff, 0xff, 0x1a, 0xa9, 0xff, 0xff, 0xff, 0xff, 0xff, 0xff, 0xff, 0xff, 
    0xff, 0xff, 0xff, 0xff, 0xff, 0xff, 0xff, 0xff, 0xff, 0xff, 0xff, 0xff, 0xff, 0xff, 0xff, 0xff, 
    0xff, 0xff, 0xff, 0xff, 0xff, 0xff, 0xff, 0xff, 0xff, 0xff, 0xff, 0xff, 0xff, 0xff, 0xff, 0xff, 
    0xff, 0xff, 0xff, 0xff, 0xff, 0xff, 0xff, 0xff, 0xff, 0xd6, 0x6f, 0xff, 0xff, 0xff, 0xff, 0xff, 
    0xff, 0xe5, 0xbf, 0xfa, 0x40, 0x00, 0x6f, 0xff, 0xff, 0xff, 0xff, 0xff, 0xff, 0xff, 0xff, 0xff, 
    0xff, 0xff, 0xe5, 0x55, 0x55, 0x55, 0x55, 0x46, 0x95, 0x55, 0x55, 0x55, 0x55, 0x55, 0x54, 0x00, 
    0x05, 0x50, 0x00, 0x00, 0x00, 0x05, 0x55, 0x55, 0x55, 0x40, 0x00, 0x00, 0x01, 0x00, 0x00, 0x00, 
    0x02, 0xff, 0xff, 0xff, 0xff, 0xff, 0xff, 0xff, 0xff, 0xff, 0xff, 0xff, 0xff, 0xff, 0xff, 0xff, 
    0xff, 0xff, 0xff, 0xff, 0xff, 0xff, 0xff, 0xff, 0xff, 0xff, 0xff, 0xff, 0xff, 0xff, 0xff, 0xff, 
    0xff, 0xff, 0xff, 0xff, 0xff, 0xff, 0xff, 0xff, 0xff, 0xff, 0xff, 0xff, 0xff, 0xff, 0xff, 0xff, 
    0xff, 0xff, 0xff, 0x83, 0xff, 0xff, 0xff, 0xff, 0xff, 0xff, 0xff, 0xff, 0xff, 0xff, 0xff, 0xff, 
    0xff, 0xff, 0xff, 0xff, 0xff, 0xff, 0xff, 0xff, 0xf4, 0xaf, 0xff, 0xea, 0x82, 0xff, 0xff, 0xff, 
    0xff, 0xaa, 0xaa, 0xaa, 0xaa, 0xbf, 0xff, 0xff, 0xff, 0xff, 0xff, 0xff, 0xff, 0xff, 0xc6, 0xaa, 
    0xff, 0xff, 0xff, 0xff, 0xff, 0xff, 0xff, 0xff, 0xff, 0xff, 0xff, 0xff, 0xff, 0xff, 0xff, 0xff, 
    0xff, 0xff, 0xff, 0xff, 0xff, 0xff, 0xff, 0xff, 0xff, 0xff, 0xff, 0xff, 0xff, 0xff, 0xff, 0xff, 
    0xff, 0xff, 0xff, 0xff, 0xff, 0xff, 0xff, 0xff, 0xff, 0xff, 0xff, 0xff, 0xff, 0xff, 0xff, 0xff, 
    0xfe, 0x6a, 0xff, 0xff, 0xff, 0xff, 0xff, 0xff, 0xfe, 0x6f, 0xff, 0x95, 0xaa, 0x9b, 0xff, 0xff, 
    0xff, 0xff, 0xff, 0xff, 0xff, 0xff, 0xff, 0xff, 0xff, 0xfe, 0x55, 0x55, 0x55, 0x55, 0x55, 0x69, 
    0x55, 0x55, 0x55, 0x55, 0x55, 0x55, 0x40, 0x00, 0x55, 0x00, 0x00, 0x00, 0x00, 0x55, 0x55, 0x55, 
    0x55, 0x00, 0x00, 0x00, 0x10, 0x00, 0x00, 0x00, 0x03, 0xff, 0xff, 0xff, 0xff, 0xff, 0xff, 0xff, 
    0xff, 0xff, 0xff, 0xff, 0xff, 0xff, 0xff, 0xff, 0xff, 0xff, 0xff, 0xff, 0xff, 0xff, 0xff, 0xff, 
    0xff, 0xff, 0xff, 0xff, 0xff, 0xff, 0xff, 0xff, 0xff, 0xff, 0xff, 0xff, 0xff, 0xff, 0xff, 0xff, 
    0xff, 0xff, 0xff, 0xff, 0xff, 0xff, 0xff, 0xff, 0xff, 0xff, 0xff, 0xe0, 0xff, 0xff, 0xff, 0xff, 
    0xff, 0xff, 0xff, 0xff, 0xff, 0xff, 0xff, 0xff, 0xff, 0xff, 0xff, 0xff, 0xff, 0xff, 0xff, 0xff, 
    0xfc, 0x6a, 0xff, 0xfe, 0xa4, 0xbf, 0xff, 0xff, 0xff, 0xea, 0xaa, 0xaa, 0xaa, 0xab, 0xff, 0xff, 
    0xff, 0xff, 0xff, 0xff, 0xff, 0xff, 0xf5, 0xaa, 0xff, 0xff, 0xff, 0xff, 0xff, 0xff, 0xff, 0xff, 
    0xff, 0xff, 0xff, 0xff, 0xff, 0xff, 0xff, 0xff, 0xff, 0xff, 0xff, 0xff, 0xff, 0xff, 0xff, 0xff, 
    0xff, 0xff, 0xff, 0xff, 0xff, 0xff, 0xff, 0xff, 0xff, 0xff, 0xff, 0xff, 0xff, 0xff, 0xff, 0xff, 
    0xff, 0xff, 0xff, 0xff, 0xff, 0xff, 0xff, 0xff, 0xf6, 0xaf, 0xff, 0xff, 0xff, 0xff, 0xff, 0xff, 
    0x96, 0xff, 0xff, 0xff, 0xfa, 0xff, 0xff, 0xff, 0xff, 0xff, 0xff, 0xff, 0xff, 0xff, 0xff, 0xff, 
    0xff, 0xe5, 0x55, 0x55, 0x55, 0x55, 0x51, 0x55, 0x55, 0x55, 0x55, 0x55, 0x55, 0x54, 0x00, 0x05, 
    0x40, 0x00, 0x00, 0x00, 0x01, 0x55, 0x55, 0x55, 0x54, 0x00, 0x00, 0x01, 0x00, 0x00, 0x00, 0x00, 
    0x0f, 0xff, 0xff, 0xff, 0xff, 0xff, 0xff, 0xff, 0xff, 0xff, 0xff, 0xff, 0xff, 0xff, 0xff, 0xff, 
    0xff, 0xff, 0xff, 0xff, 0xff, 0xff, 0xff, 0xff, 0xff, 0xff, 0xff, 0xff, 0xff, 0xff, 0xff, 0xff, 
    0xff, 0xff, 0xff, 0xff, 0xff, 0xff, 0xff, 0xff, 0xff, 0xff, 0xff, 0xff, 0xff, 0xff, 0xff, 0xff, 
    0xff, 0xff, 0xff, 0xf8, 0x7f, 0xff, 0xff, 0xff, 0xff, 0xff, 0xff, 0xff, 0xff, 0xff, 0xff, 0xff, 
    0xff, 0xff, 0xff, 0xff, 0xff, 0xff, 0xff, 0xff, 0xfe, 0x2a, 0xbf, 0xff, 0xa9, 0x2f, 0xff, 0xff, 
    0xff, 0xfa, 0xaa, 0xaa, 0xaa, 0xaa, 0xff, 0xff, 0xff, 0xff, 0xff, 0xff, 0xff, 0xff, 0xfd, 0x6a, 
    0xff, 0xff, 0xff, 0xff, 0xff, 0xff, 0xff, 0xff, 0xff, 0xff, 0xff, 0xff, 0xff, 0xff, 0xff, 0xff, 
    0xff, 0xff, 0xff, 0xff, 0xff, 0xff, 0xff, 0xff, 0xff, 0xff, 0xff, 0xff, 0xff, 0xff, 0xff, 0xff, 
    0xff, 0xff, 0xff, 0xff, 0xff, 0xff, 0xff, 0xff, 0xff, 0xff, 0xff, 0xff, 0xff, 0xff, 0xff, 0xff, 
    0x5e, 0xbf, 0xff, 0xff, 0xff, 0xff, 0xfe, 0x91, 0xbf, 0xff, 0xff, 0xff, 0xeb, 0xbf, 0xff, 0xff, 
    0xff, 0xff, 0xff, 0xff, 0xff, 0xff, 0xff, 0xff, 0xfe, 0x55, 0x55, 0x55, 0x55, 0x55, 0x15, 0x55, 
    0x55, 0x55, 0x55, 0x55, 0x55, 0x40, 0x00, 0x54, 0x00, 0x00, 0x00, 0x00, 0x05, 0x55, 0x55, 0x55, 
    0x40, 0x00, 0x00, 0x10, 0x00, 0x00, 0x00, 0x00, 0x1f, 0xff, 0xff, 0xff, 0xff, 0xff, 0xff, 0xff, 
    0xff, 0xff, 0xff, 0xff, 0xff, 0xff, 0xff, 0xff, 0xff, 0xff, 0xff, 0xff, 0xff, 0xff, 0xff, 0xff, 
    0xff, 0xff, 0xff, 0xff, 0xff, 0xff, 0xff, 0xff, 0xff, 0xff, 0xff, 0xff, 0xff, 0xff, 0xff, 0xff, 
    0xff, 0xff, 0xff, 0xff, 0xff, 0xff, 0xff, 0xff, 0xff, 0xff, 0xff, 0xfe, 0x1f, 0xff, 0xff, 0xff, 
    0xff, 0xff, 0xff, 0xff, 0xff, 0xff, 0xff, 0xff, 0xff, 0xff, 0xff, 0xff, 0xff, 0xff, 0xff, 0xff, 
    0xff, 0x4a, 0xab, 0xff, 0xea, 0x47, 0xff, 0xff, 0xff, 0xfe, 0xaa, 0xaa, 0xaa, 0xaa, 0xbf, 0xff, 
    0xff, 0xff, 0xff, 0xff, 0xff, 0xff, 0xff, 0x5a, 0xff, 0xff, 0xff, 0xff, 0xff, 0xff, 0xff, 0xff, 
    0xff, 0xff, 0xff, 0xff, 0xff, 0xff, 0xff, 0xff, 0xff, 0xff, 0xff, 0xff, 0xff, 0xff, 0xff, 0xff, 
    0xff, 0xff, 0xff, 0xff, 0xff, 0xff, 0xff, 0xff, 0xff, 0xff, 0xff, 0xff, 0xff, 0xff, 0xff, 0xff, 
    0xff, 0xff, 0xff, 0xff, 0xff, 0xff, 0xff, 0xf9, 0xbb, 0xff, 0xff, 0xff, 0xff, 0xe9, 0x55, 0x5f, 
    0xff, 0xff, 0xff, 0xfe, 0xaa, 0xff, 0xff, 0xff, 0xff, 0xff, 0xff, 0xff, 0xff, 0xff, 0xff, 0xff, 
    0xe5, 0x55, 0x55, 0x55, 0x55, 0x51, 0x55, 0x55, 0x55, 0x55, 0x55, 0x55, 0x55, 0x00, 0x15, 0x00, 
    0x00, 0x00, 0x00, 0x00, 0x55, 0x55, 0x55, 0x55, 0x00, 0x00, 0x01, 0x00, 0x00, 0x00, 0x00, 0x00, 
    0x3f, 0xff, 0xff, 0xff, 0xff, 0xff, 0xff, 0xff, 0xff, 0xff, 0xff, 0xff, 0xff, 0xff, 0xff, 0xff, 
    0xff, 0xff, 0xff, 0xff, 0xff, 0xff, 0xff, 0xff, 0xff, 0xff, 0xff, 0xff, 0xff, 0xff, 0xff, 0xff, 
    0xff, 0xff, 0xff, 0xff, 0xff, 0xff, 0xff, 0xff, 0xff, 0xff, 0xff, 0xff, 0xff, 0xff, 0xff, 0xff, 
    0xff, 0xff, 0xff, 0xff, 0x8b, 0xff, 0xff, 0xff, 0xff, 0xff, 0xff, 0xff, 0xff, 0xff, 0xff, 0xff, 
    0xff, 0xff, 0xff, 0xff, 0xff, 0xff, 0xff, 0xff, 0xff, 0xc6, 0xaa, 0xff, 0xfa, 0x91, 0xff, 0xff, 
    0xff, 0xff, 0xaa, 0xaa, 0xaa, 0xaa, 0xab, 0xff, 0xff, 0xff, 0xff, 0xff, 0xff, 0xff, 0xff, 0xd6, 
    0xff, 0xff, 0xff, 0xff, 0xff, 0xff, 0xff, 0xff, 0xff, 0xff, 0xff, 0xff, 0xff, 0xff, 0xff, 0xff, 
    0xff, 0xff, 0xff, 0xff, 0xff, 0xff, 0xff, 0xff, 0xff, 0xff, 0xff, 0xff, 0xff, 0xff, 0xff, 0xff, 
    0xff, 0xff, 0xff, 0xff, 0xff, 0xff, 0xff, 0xff, 0xff, 0xff, 0xff, 0xff, 0xff, 0xff, 0xff, 0xdb, 
    0xaf, 0xff, 0xff, 0xfe, 0x90, 0x5a, 0xaa, 0xff, 0xff, 0xff, 0xff, 0xea, 0x5f, 0xff, 0xff, 0xff, 
    0xff, 0xff, 0xff, 0xff, 0xff, 0xff, 0xaa, 0xea, 0x55, 0x55, 0x55, 0x55, 0x55, 0x55, 0x55, 0x55, 
    0x55, 0x55, 0x55, 0x55, 0x40, 0x01, 0x50, 0x00, 0x00, 0x00, 0x00, 0x01, 0x55, 0x55, 0x55, 0x54, 
    0x00, 0x00, 0x00, 0x00, 0x00, 0x00, 0x00, 0x00, 0x7f, 0xff, 0xff, 0xff, 0xff, 0xff, 0xff, 0xff, 
    0xff, 0xff, 0xff, 0xff, 0xff, 0xff, 0xff, 0xff, 0xff, 0xff, 0xff, 0xff, 0xff, 0xff, 0xff, 0xff, 
    0xff, 0xff, 0xff, 0xff, 0xff, 0xff, 0xff, 0xff, 0xff, 0xff, 0xff, 0xff, 0xff, 0xff, 0xff, 0xff, 
    0xff, 0xff, 0xff, 0xff, 0xff, 0xff, 0xff, 0xff, 0xff, 0xff, 0xff, 0xff, 0xd2, 0xff, 0xff, 0xff, 
    0xff, 0xff, 0xff, 0xff, 0xff, 0xff, 0xff, 0xff, 0xff, 0xff, 0xff, 0xff, 0xff, 0xff, 0xff, 0xff, 
    0xff, 0xe2, 0xaa, 0xbf, 0xfe, 0xa4, 0x7f, 0xff, 0xff, 0xff, 0xea, 0xaa, 0xaa, 0xaa, 0xaa, 0xff, 
    0xff, 0xff, 0xff, 0xff, 0xff, 0xff, 0xff, 0xf5, 0xff, 0xff, 0xff, 0xff, 0xff, 0xff, 0xff, 0xff, 
    0xff, 0xff, 0xff, 0xff, 0xff, 0xff, 0xff, 0xff, 0xff, 0xff, 0xff, 0xff, 0xff, 0xff, 0xff, 0xff, 
    0xff, 0xff, 0xff, 0xff, 0xff, 0xff, 0xff, 0xff, 0xff, 0xff, 0xff, 0xff, 0xff, 0xff, 0xff, 0xff, 
    0xff, 0xff, 0xff, 0xff, 0xff, 0xff, 0xfe, 0x7d, 0xff, 0xff, 0xa4, 0x05, 0xaf, 0xea, 0xff, 0xff, 
    0xff, 0xff, 0xfe, 0x56, 0xff, 0xff, 0xff, 0xff, 0xff, 0xff, 0xff, 0xff, 0xfe, 0xa5, 0xaa, 0x55, 
    0x55, 0x55, 0x55, 0x55, 0x55, 0x55, 0x55, 0x55, 0x55, 0x55, 0x55, 0x54, 0x00, 0x14, 0x00, 0x00, 
    0x00, 0x00, 0x00, 0x05, 0x55, 0x55, 0x55, 0x40, 0x00, 0x01, 0x00, 0x00, 0x00, 0x00, 0x00, 0x00, 
    0xff, 0xff, 0xff, 0xff, 0xff, 0xff, 0xff, 0xff, 0xff, 0xff, 0xff, 0xff, 0xff, 0xff, 0xff, 0xff, 
    0xff, 0xff, 0xff, 0xff, 0xff, 0xff, 0xff, 0xff, 0xff, 0xff, 0xff, 0xff, 0xff, 0xff, 0xff, 0xff, 
    0xff, 0xff, 0xff, 0xff, 0xff, 0xff, 0xff, 0xff, 0xff, 0xff, 0xff, 0xff, 0xff, 0xff, 0xff, 0xff, 
    0xff, 0xff, 0xff, 0xff, 0xf4, 0xff, 0xff, 0xff, 0xff, 0xff, 0xff, 0xff, 0xff, 0xff, 0xff, 0xff, 
    0xff, 0xff, 0xff, 0xff, 0xff, 0xff, 0xff, 0xff, 0xff, 0xf4, 0xaa, 0xab, 0xff, 0xa9, 0x1f, 0xff, 
    0xff, 0xff, 0xfa, 0xaa, 0xaa, 0xaa, 0xaa, 0xaf, 0xff, 0xff, 0xff, 0xff, 0xff, 0xff, 0xff, 0xfd, 
    0xff, 0xff, 0xff, 0xff, 0xff, 0xff, 0xff, 0xff, 0xff, 0xff, 0xff, 0xff, 0xff, 0xff, 0xff, 0xff, 
    0xff, 0xff, 0xff, 0xff, 0xff, 0xff, 0xff, 0xff, 0xff, 0xff, 0xff, 0xff, 0xff, 0xff, 0xff, 0xff, 
    0xff, 0xff, 0xff, 0xff, 0xff, 0xff, 0xff, 0xff, 0xff, 0xff, 0xff, 0xff, 0xff, 0xff, 0xe6, 0xe6, 
    0x95, 0x00, 0x5a, 0xff, 0xfa, 0xaf, 0xff, 0xff, 0xff, 0xff, 0xe4, 0x6f, 0xff, 0xff, 0xff, 0xff, 
    0xff, 0xff, 0xff, 0xfe, 0xa5, 0x5a, 0x95, 0x55, 0x55, 0x55, 0x55, 0x55, 0x55, 0x55, 0x55, 0x55, 
    0x55, 0x55, 0x55, 0x00, 0x05, 0x40, 0x00, 0x00, 0x00, 0x00, 0x00, 0x15, 0x55, 0x55, 0x54, 0x00, 
    0x00, 0x10, 0x00, 0x00, 0x00, 0x00, 0x00, 0x01, 0xff, 0xff, 0xff, 0xff, 0xff, 0xff, 0xff, 0xff, 
    0xff, 0xff, 0xff, 0xff, 0xff, 0xff, 0xff, 0xff, 0xff, 0xff, 0xff, 0xff, 0xff, 0xff, 0xff, 0xff, 
    0xff, 0xff, 0xff, 0xff, 0xff, 0xff, 0xff, 0xff, 0xff, 0xff, 0xff, 0xff, 0xff, 0xff, 0xff, 0xff, 
    0xff, 0xff, 0xff, 0xff, 0xff, 0xff, 0xff, 0xff, 0xff, 0xff, 0xff, 0xff, 0xfc, 0x3f, 0xff, 0xff, 
    0xff, 0xff, 0xff, 0xff, 0xff, 0xff, 0xff, 0xff, 0xff, 0xff, 0xff, 0xff, 0xff, 0xff, 0xff, 0xff, 
    0xff, 0xf9, 0x6a, 0xaa, 0xbf, 0xea, 0x47, 0xff, 0xff, 0xff, 0xfa, 0xaa, 0xaa, 0xaa, 0xaa, 0xab, 
    0xff, 0xff, 0xff, 0xff, 0xff, 0xff, 0xff, 0xff, 0xff, 0xff, 0xff, 0xff, 0xff, 0xff, 0xff, 0xff, 
    0xff, 0xff, 0xff, 0xff, 0xff, 0xff, 0xff, 0xff, 0xff, 0xff, 0xff, 0xff, 0xff, 0xff, 0xff, 0xff, 
    0xff, 0xff, 0xff, 0xff, 0xff, 0xff, 0xff, 0xff, 0xff, 0xff, 0xff, 0xff, 0xff, 0xff, 0xff, 0xff, 
    0xff, 0xff, 0xff, 0xff, 0xff, 0xfa, 0x5f, 0x40, 0x16, 0xbf, 0xff, 0xfe, 0x9b, 0xff, 0xff, 0xff, 
    0xff, 0xff, 0x46, 0xff, 0xff, 0xff, 0xff, 0xff, 0xff, 0xff, 0xfa, 0x95, 0x55, 0xa9, 0x55, 0x55, 
    0x55, 0x55, 0x55, 0x55, 0x55, 0x55, 0x55, 0x55, 0x55, 0x55, 0x40, 0x00, 0x50, 0x00, 0x00, 0x00, 
    0x00, 0x00, 0x00, 0x55, 0x55, 0x55, 0x50, 0x00, 0x00, 0x00, 0x00, 0x00, 0x00, 0x00, 0x00, 0x02, 
    0xff, 0xff, 0xff, 0xff, 0xff, 0xff, 0xff, 0xff, 0xff, 0xff, 0xff, 0xff, 0xff, 0xff, 0xff, 0xff, 
    0xff, 0xff, 0xff, 0xff, 0xff, 0xff, 0xff, 0xff, 0xff, 0xff, 0xff, 0xff, 0xff, 0xff, 0xff, 0xff, 
    0xff, 0xff, 0xff, 0xff, 0xff, 0xff, 0xff, 0xff, 0xff, 0xff, 0xff, 0xff, 0xff, 0xff, 0xff, 0xff, 
    0xff, 0xff, 0xff, 0xff, 0xff, 0x0f, 0xff, 0xff, 0xff, 0xff, 0xff, 0xff, 0xff, 0xff, 0xff, 0xff, 
    0xff, 0xff, 0xff, 0xff, 0xff, 0xff, 0xff, 0xff, 0xff, 0xfe, 0x2a, 0xaa, 0xaf, 0xfa, 0x91, 0xff, 
    0xff, 0xff, 0xfe, 0xaa, 0xaa, 0xaa, 0xaa, 0xaa, 0xbf, 0xff, 0xff, 0xff, 0xff, 0xff, 0xff, 0xff, 
    0xff, 0xff, 0xff, 0xff, 0xff, 0xff, 0xff, 0xff, 0xff, 0xff, 0xff, 0xff, 0xff, 0xff, 0xff, 0xff, 
    0xff, 0xff, 0xff, 0xff, 0xff, 0xff, 0xff, 0xff, 0xff, 0xff, 0xff, 0xff, 0xff, 0xff, 0xff, 0xff, 
    0xff, 0xff, 0xff, 0xff, 0xff, 0xff, 0xff, 0xff, 0xff, 0xff, 0xff, 0xff, 0xe9, 0x00, 0xb9, 0xab, 
    0xff, 0xff, 0xff, 0xa6, 0xff, 0xff, 0xff, 0xff, 0xff, 0xf4, 0xbf, 0xff, 0xff, 0xff, 0xff, 0xff, 
    0xff, 0xfa, 0x95, 0x55, 0x5a, 0x95, 0x55, 0x55, 0x55, 0x55, 0x55, 0x55, 0x55, 0x55, 0x55, 0x55, 
    0x55, 0x40, 0x00, 0x04, 0x00, 0x00, 0x00, 0x00, 0x00, 0x00, 0x01, 0x55, 0x55, 0x55, 0x40, 0x00, 
    0x40, 0x00, 0x00, 0x00, 0x00, 0x00, 0x00, 0x03, 0xff, 0xff, 0xff, 0xff, 0xff, 0xff, 0xff, 0xff, 
    0xff, 0xff, 0xff, 0xff, 0xff, 0xff, 0xff, 0xff, 0xff, 0xff, 0xff, 0xff, 0xff, 0xff, 0xff, 0xff, 
    0xff, 0xff, 0xff, 0xff, 0xff, 0xff, 0xff, 0xff, 0xff, 0xff, 0xff, 0xff, 0xff, 0xff, 0xff, 0xff, 
    0xff, 0xff, 0xff, 0xff, 0xff, 0xff, 0xff, 0xff, 0xff, 0xff, 0xff, 0xff, 0xff, 0xc7, 0xff, 0xff, 
    0xff, 0xff, 0xff, 0xff, 0xff, 0xff, 0xff, 0xff, 0xff, 0xff, 0xff, 0xff, 0xff, 0xff, 0xff, 0xff, 
    0xff, 0xff, 0x4a, 0xaa, 0xaa, 0xfe, 0xa4, 0x7f, 0xff, 0xff, 0xff, 0xaa, 0xaa, 0xaa, 0xaa, 0xaa, 
    0xaf, 0xff, 0xff, 0xff, 0xff, 0xff, 0xff, 0xff, 0xff, 0xff, 0xff, 0xff, 0xff, 0xff, 0xff, 0xff, 
    0xff, 0xff, 0xff, 0xff, 0xff, 0xff, 0xff, 0xff, 0xff, 0xff, 0xff, 0xff, 0xff, 0xff, 0xff, 0xff, 
    0xff, 0xff, 0xff, 0xff, 0xff, 0xff, 0xff, 0xff, 0xff, 0xff, 0xff, 0xff, 0xff, 0xff, 0xff, 0xff, 
    0xff, 0xff, 0xff, 0xe4, 0x01, 0x47, 0xeb, 0xff, 0xff, 0xff, 0xe5, 0xbf, 0xff, 0xff, 0xff, 0xff, 
    0xff, 0x9b, 0xff, 0xff, 0xff, 0xff, 0xff, 0xff, 0xfe, 0x95, 0x55, 0x55, 0xa5, 0x55, 0x55, 0x55, 
    0x55, 0x55, 0x55, 0x55, 0x55, 0x55, 0x55, 0x55, 0x50, 0x00, 0x01, 0x40, 0x00, 0x00, 0x00, 0x00, 
    0x00, 0x00, 0x05, 0x55, 0x55, 0x55, 0x00, 0x04, 0x00, 0x00, 0x00, 0x00, 0x00, 0x00, 0x00, 0x0b, 
    0xff, 0xff, 0xff, 0xff, 0xff, 0xff, 0xff, 0xff, 0xff, 0xff, 0xff, 0xff, 0xff, 0xff, 0xff, 0xff, 
    0xff, 0xff, 0xff, 0xff, 0xff, 0xff, 0xff, 0xff, 0xff, 0xff, 0xff, 0xff, 0xff, 0xff, 0xff, 0xff, 
    0xff, 0xff, 0xff, 0xff, 0xff, 0xff, 0xff, 0xff, 0xff, 0xff, 0xff, 0xff, 0xff, 0xff, 0xff, 0xff, 
    0xff, 0xff, 0xff, 0xff, 0xff, 0xe1, 0xff, 0xff, 0xff, 0xff, 0xff, 0xff, 0xff, 0xff, 0xff, 0xff, 
    0xff, 0xff, 0xff, 0xff, 0xff, 0xff, 0xff, 0xff, 0xff, 0xff, 0x86, 0xaa, 0xaa, 0xaf, 0xaa, 0x0f, 
    0xff, 0xff, 0xff, 0xea, 0xaa, 0x6a, 0xaa, 0xaa, 0xab, 0xff, 0xff, 0xff, 0xff, 0xff, 0xff, 0xff, 
    0xff, 0xff, 0xff, 0xff, 0xff, 0xff, 0xff, 0xff, 0xff, 0xff, 0xff, 0xff, 0xff, 0xff, 0xff, 0xff, 
    0xff, 0xff, 0xff, 0xff, 0xff, 0xff, 0xff, 0xff, 0xff, 0xff, 0xff, 0xff, 0xff, 0xff, 0xff, 0xff, 
    0xff, 0xff, 0xff, 0xff, 0xff, 0xff, 0xff, 0xff, 0xff, 0xff, 0xe4, 0x05, 0xae, 0x6f, 0x6f, 0xff, 
    0xff, 0xfe, 0x6f, 0xff, 0xff, 0xff, 0xff, 0xff, 0xf9, 0x7f, 0xff, 0xff, 0xff, 0xff, 0xff, 0xfe, 
    0x95, 0x55, 0x55, 0x55, 0x55, 0x55, 0x55, 0x55, 0x55, 0x55, 0x55, 0x55, 0x55, 0x55, 0x55, 0x50, 
    0x00, 0x00, 0x10, 0x00, 0x00, 0x00, 0x00, 0x00, 0x00, 0x00, 0x15, 0x55, 0x55, 0x10, 0x01, 0x00, 
    0x00, 0x00, 0x00, 0x00, 0x00, 0x00, 0x00, 0x0f, 0xff, 0xff, 0xff, 0xff, 0xff, 0xff, 0xff, 0xff, 
    0xff, 0xff, 0xff, 0xff, 0xff, 0xff, 0xff, 0xff, 0xff, 0xff, 0xff, 0xff, 0xff, 0xff, 0xff, 0xff, 
    0xff, 0xff, 0xff, 0xff, 0xff, 0xff, 0xff, 0xff, 0xff, 0xff, 0xff, 0xff, 0xff, 0xff, 0xff, 0xff, 
    0xff, 0xff, 0xff, 0xff, 0xff, 0xff, 0xff, 0xff, 0xff, 0xff, 0xff, 0xff, 0xff, 0xf8, 0xbf, 0xff, 
    0xff, 0xff, 0xff, 0xff, 0xff, 0xff, 0xff, 0xff, 0xff, 0xff, 0xff, 0xff, 0xff, 0xff, 0xff, 0xff, 
    0xff, 0xff, 0xe2, 0xaa, 0xaa, 0xaa, 0xaa, 0x83, 0xff, 0xff, 0xff, 0xfa, 0xaa, 0x9a, 0xaa, 0xaa, 
    0xaa, 0xbf, 0xff, 0xff, 0xff, 0xff, 0xff, 0xff, 0xff, 0xff, 0xff, 0xff, 0xff, 0xff, 0xff, 0xff, 
    0xff, 0xff, 0xff, 0xff, 0xff, 0xff, 0xff, 0xff, 0xff, 0xff, 0xff, 0xff, 0xff, 0xff, 0xff, 0xff, 
    0xff, 0xff, 0xff, 0xff, 0xff, 0xff, 0xff, 0xff, 0xff, 0xff, 0xff, 0xff, 0xff, 0xff, 0xff, 0xff, 
    0xff, 0xe4, 0x16, 0xff, 0xf6, 0xf9, 0xff, 0xff, 0xfe, 0xab, 0xff, 0xff, 0xff, 0xff, 0xff, 0xff, 
    0x96, 0xff, 0xff, 0xff, 0xff, 0xff, 0xfe, 0x95, 0x55, 0x55, 0x55, 0x54, 0x55, 0x55, 0x55, 0x55, 
    0x55, 0x55, 0x55, 0x55, 0x55, 0x55, 0x54, 0x00, 0x00, 0x00, 0x00, 0x00, 0x00, 0x00, 0x00, 0x00, 
    0x00, 0x01, 0x55, 0x55, 0x50, 0x40, 0x50, 0x00, 0x00, 0x00, 0x00, 0x00, 0x00, 0x00, 0x00, 0x1f, 
    0xff, 0xff, 0xff, 0xff, 0xff, 0xff, 0xff, 0xff, 0xff, 0xff, 0xff, 0xff, 0xff, 0xff, 0xff, 0xff, 
    0xff, 0xff, 0xff, 0xff, 0xff, 0xff, 0xff, 0xff, 0xff, 0xff, 0xff, 0xff, 0xff, 0xff, 0xff, 0xff, 
    0xff, 0xff, 0xff, 0xff, 0xff, 0xff, 0xff, 0xff, 0xff, 0xff, 0xff, 0xff, 0xff, 0xff, 0xff, 0xff, 
    0xff, 0xff, 0xff, 0xff, 0xff, 0xfd, 0x2f, 0xff, 0xff, 0xff, 0xff, 0xff, 0xff, 0xff, 0xff, 0xff, 
    0xff, 0xff, 0xff, 0xff, 0xff, 0xff, 0xff, 0xff, 0xff, 0xff, 0xf4, 0xaa, 0xaa, 0xaa, 0xaa, 0xa0, 
    0xff, 0xff, 0xff, 0xfe, 0xaa, 0x9a, 0xaa, 0xaa, 0xaa, 0xaf, 0xff, 0xff, 0xff, 0xff, 0xff, 0xff, 
    0xff, 0xff, 0xff, 0xff, 0xff, 0xff, 0xff, 0xff, 0xff, 0xff, 0xff, 0xff, 0xff, 0xff, 0xff, 0xff, 
    0xff, 0xff, 0xff, 0xff, 0xff, 0xff, 0xff, 0xff, 0xff, 0xff, 0xff, 0xff, 0xff, 0xff, 0xff, 0xff, 
    0xff, 0xff, 0xff, 0xff, 0xff, 0xff, 0xff, 0xff, 0xe4, 0x1a, 0xff, 0xff, 0x9f, 0xdb, 0xff, 0xff, 
    0x96, 0xff, 0xff, 0xff, 0xff, 0xff, 0xff, 0xfd, 0x6f, 0xff, 0xff, 0xff, 0xff, 0xfa, 0x95, 0x55, 
    0x55, 0x55, 0x55, 0x55, 0x55, 0x55, 0x55, 0x55, 0x55, 0x55, 0x55, 0x55, 0x55, 0x54, 0x00, 0x00, 
    0x00, 0x00, 0x00, 0x00, 0x00, 0x00, 0x00, 0x00, 0x00, 0x05, 0x55, 0x55, 0x05, 0x14, 0x00, 0x00, 
    0x00, 0x00, 0x00, 0x00, 0x00, 0x00, 0x00, 0x2f, 0xff, 0xff, 0xff, 0xff, 0xff, 0xff, 0xff, 0xff, 
    0xff, 0xff, 0xff, 0xff, 0xff, 0xff, 0xff, 0xff, 0xff, 0xff, 0xff, 0xff, 0xff, 0xff, 0xff, 0xff, 
    0xff, 0xff, 0xff, 0xff, 0xff, 0xff, 0xff, 0xff, 0xff, 0xff, 0xff, 0xff, 0xff, 0xff, 0xff, 0xff, 
    0xff, 0xff, 0xff, 0xff, 0xff, 0xff, 0xff, 0xff, 0xff, 0xff, 0xff, 0xff, 0xff, 0xff, 0x4f, 0xff, 
    0xff, 0xff, 0xff, 0xff, 0xff, 0xff, 0xff, 0xff, 0xff, 0xff, 0xff, 0xff, 0xff, 0xff, 0xff, 0xff, 
    0xff, 0xff, 0xf8, 0x6a, 0xaa, 0xaa, 0xaa, 0xa8, 0x3f, 0xff, 0xff, 0xff, 0xaa, 0xa6, 0xaa, 0xaa, 
    0xaa, 0xab, 0xff, 0xff, 0xff, 0xff, 0xff, 0xff, 0xff, 0xff, 0xff, 0xff, 0xff, 0xff, 0xff, 0xff, 
    0xff, 0xff, 0xff, 0xff, 0xff, 0xff, 0xff, 0xff, 0xff, 0xff, 0xff, 0xff, 0xff, 0xff, 0xff, 0xff, 
    0xff, 0xff, 0xff, 0xff, 0xff, 0xff, 0xff, 0xff, 0xff, 0xff, 0xff, 0xff, 0xff, 0xff, 0xff, 0xe4, 
    0x1a, 0xff, 0xff, 0xf9, 0xbe, 0x6f, 0xff, 0x95, 0xbf, 0xff, 0xff, 0xff, 0xff, 0xff, 0xff, 0xd6, 
    0xff, 0xff, 0xff, 0xff, 0xfa, 0x95, 0x55, 0x55, 0x55, 0x55, 0x55, 0x55, 0x55, 0x55, 0x55, 0x55, 
    0x55, 0x55, 0x55, 0x55, 0x54, 0x00, 0x00, 0x00, 0x00, 0x00, 0x00, 0x00, 0x00, 0x00, 0x00, 0x00, 
    0x00, 0x15, 0x55, 0x50, 0x55, 0x00, 0x00, 0x00, 0x00, 0x00, 0x00, 0x00, 0x00, 0x00, 0x00, 0x3f, 
    0xff, 0xff, 0xff, 0xff, 0xff, 0xff, 0xff, 0xff, 0xff, 0xff, 0xff, 0xff, 0xff, 0xff, 0xff, 0xff, 
    0xff, 0xff, 0xff, 0xff, 0xff, 0xff, 0xff, 0xff, 0xff, 0xff, 0xff, 0xff, 0xff, 0xff, 0xff, 0xff, 
    0xff, 0xff, 0xff, 0xff, 0xff, 0xff, 0xff, 0xff, 0xff, 0xff, 0xff, 0xff, 0xff, 0xff, 0xff, 0xff, 
    0xff, 0xff, 0xff, 0xff, 0xff, 0xff, 0xd3, 0xff, 0xff, 0xff, 0xff, 0xff, 0xff, 0xff, 0xff, 0xff, 
    0xff, 0xff, 0xff, 0xff, 0xff, 0xff, 0xff, 0xff, 0xff, 0xff, 0xfe, 0x2a, 0xaa, 0xaa, 0xaa, 0xaa, 
    0x0f, 0xff, 0xff, 0xff, 0xaa, 0xa6, 0xaa, 0xaa, 0xaa, 0xaa, 0xbf, 0xff, 0xff, 0xff, 0xff, 0xff, 
    0xff, 0xff, 0xff, 0xff, 0xff, 0xff, 0xff, 0xff, 0xff, 0xff, 0xff, 0xff, 0xff, 0xff, 0xff, 0xff, 
    0xff, 0xff, 0xff, 0xff, 0xff, 0xff, 0xff, 0xff, 0xff, 0xff, 0xff, 0xff, 0xff, 0xff, 0xff, 0xff, 
    0xff, 0xff, 0xff, 0xff, 0xff, 0xff, 0xf9, 0x06, 0xff, 0xff, 0xff, 0xd7, 0xf5, 0xff, 0x90, 0x6f, 
    0xff, 0xff, 0xff, 0xff, 0xff, 0xff, 0xfe, 0x6f, 0xff, 0xff, 0xff, 0xfa, 0x55, 0x55, 0x55, 0x55, 
    0x55, 0x54, 0x55, 0x55, 0x55, 0x55, 0x55, 0x55, 0x55, 0x55, 0x55, 0x55, 0x00, 0x00, 0x00, 0x00, 
    0x00, 0x00, 0x00, 0x00, 0x00, 0x00, 0x00, 0x00, 0x01, 0x55, 0x55, 0x01, 0x40, 0x00, 0x00, 0x00, 
    0x00, 0x00, 0x00, 0x00, 0x00, 0x00, 0x04, 0x3f, 0xff, 0xff, 0xff, 0xff, 0xff, 0xff, 0xff, 0xff, 
    0xff, 0xff, 0xff, 0xff, 0xff, 0xff, 0xff, 0xff, 0xff, 0xff, 0xff, 0xff, 0xff, 0xff, 0xff, 0xff, 
    0xff, 0xff, 0xff, 0xff, 0xff, 0xff, 0xff, 0xff, 0xff, 0xff, 0xff, 0xff, 0xff, 0xff, 0xff, 0xff, 
    0xff, 0xff, 0xff, 0xff, 0xff, 0xff, 0xff, 0xff, 0xff, 0xff, 0xff, 0xff, 0xff, 0xff, 0xf1, 0xff, 
    0xff, 0xff, 0xff, 0xff, 0xff, 0xff, 0xff, 0xff, 0xff, 0xff, 0xff, 0xff, 0xff, 0xff, 0xff, 0xff, 
    0xff, 0xff, 0xff, 0x4a, 0xaa, 0xaa, 0xaa, 0xaa, 0x83, 0xff, 0xff, 0xff, 0xea, 0xa9, 0xaa, 0xaa, 
    0xaa, 0xaa, 0xaf, 0xff, 0xff, 0xff, 0xff, 0xff, 0xff, 0xff, 0xff, 0xff, 0xff, 0xff, 0xff, 0xff, 
    0xff, 0xff, 0xff, 0xff, 0xff, 0xff, 0xff, 0xff, 0xff, 0xff, 0xff, 0xff, 0xff, 0xff, 0xff, 0xff, 
    0xff, 0xff, 0xff, 0xff, 0xff, 0xff, 0xff, 0xff, 0xff, 0xff, 0xff, 0xff, 0xff, 0xfd, 0x06, 0xff, 
    0xff, 0xff, 0xfe, 0x6f, 0xdb, 0xa4, 0x0b, 0xff, 0xff, 0xff, 0xff, 0xff, 0xff, 0xff, 0xe6, 0xff, 
    0xff, 0xff, 0xfa, 0x55, 0x55, 0x55, 0x55, 0x55, 0x55, 0x05, 0x55, 0x55, 0x55, 0x55, 0x55, 0x55, 
    0x55, 0x55, 0x55, 0x00, 0x00, 0x00, 0x00, 0x00, 0x00, 0x00, 0x00, 0x00, 0x00, 0x00, 0x00, 0x00, 
    0x05, 0x55, 0x50, 0x54, 0x00, 0x00, 0x00, 0x00, 0x00, 0x00, 0x00, 0x00, 0x00, 0x00, 0x14, 0x3f, 
    0xff, 0xff, 0xff, 0xff, 0xff, 0xff, 0xff, 0xff, 0xff, 0xff, 0xff, 0xff, 0xff, 0xff, 0xff, 0xff, 
    0xff, 0xff, 0xff, 0xff, 0xff, 0xff, 0xff, 0xff, 0xff, 0xff, 0xff, 0xff, 0xff, 0xff, 0xff, 0xff, 
    0xff, 0xff, 0xff, 0xff, 0xff, 0xff, 0xff, 0xff, 0xff, 0xff, 0xff, 0xff, 0xff, 0xff, 0xff, 0xff, 
    0xff, 0xff, 0xff, 0xff, 0xff, 0xff, 0xfc, 0x7f, 0xff, 0xff, 0xff, 0xff, 0xff, 0xff, 0xff, 0xff, 
    0xff, 0xff, 0xff, 0xff, 0xff, 0xff, 0xff, 0xff, 0xff, 0xff, 0xff, 0x86, 0xaa, 0xaa, 0xaa, 0xaa, 
    0xa4, 0xbf, 0xff, 0xff, 0xfa, 0xaa, 0xaa, 0xaa, 0xaa, 0xaa, 0xaa, 0xff, 0xff, 0xff, 0xff, 0xff, 
    0xff, 0xff, 0xff, 0xff, 0xff, 0xff, 0xff, 0xff, 0xff, 0xff, 0xff, 0xff, 0xff, 0xff, 0xff, 0xff, 
    0xff, 0xff, 0xff, 0xff, 0xff, 0xff, 0xff, 0xff, 0xff, 0xff, 0xff, 0xff, 0xff, 0xff, 0xff, 0xff, 
    0xff, 0xff, 0xff, 0xff, 0xff, 0x42, 0xff, 0xff, 0xff, 0xff, 0xe2, 0xfe, 0x14, 0x02, 0xff, 0xff, 
    0xff, 0xff, 0xff, 0xff, 0xff, 0xff, 0xaa, 0xff, 0xff, 0xfe, 0x95, 0x55, 0x55, 0x55, 0x55, 0x55, 
    0x50, 0x55, 0x55, 0x55, 0x55, 0x55, 0x55, 0x55, 0x55, 0x55, 0x40, 0x00, 0x00, 0x00, 0x00, 0x00, 
    0x00, 0x00, 0x00, 0x00, 0x00, 0x00, 0x00, 0x00, 0x15, 0x55, 0x05, 0x40, 0x00, 0x00, 0x00, 0x00, 
    0x00, 0x00, 0x00, 0x00, 0x00, 0x00, 0x50, 0x7f, 0xff, 0xff, 0xff, 0xff, 0xff, 0xff, 0xff, 0xff, 
    0xff, 0xff, 0xff, 0xff, 0xff, 0xff, 0xff, 0xff, 0xff, 0xff, 0xff, 0xff, 0xff, 0xff, 0xff, 0xff, 
    0xff, 0xff, 0xff, 0xff, 0xff, 0xff, 0xff, 0xff, 0xff, 0xff, 0xff, 0xff, 0xff, 0xff, 0xff, 0xff, 
    0xff, 0xff, 0xff, 0xff, 0xff, 0xff, 0xff, 0xff, 0xff, 0xff, 0xff, 0xff, 0xff, 0xff, 0xfe, 0x2f, 
    0xff, 0xff, 0xff, 0xff, 0xff, 0xff, 0xff, 0xff, 0xff, 0xff, 0xff, 0xff, 0xff, 0xff, 0xff, 0xff, 
    0xff, 0xff, 0xff, 0xe2, 0xaa, 0xaa, 0xaa, 0xaa, 0xa9, 0x2f, 0xff, 0xff, 0xfe, 0xaa, 0x6a, 0xaa, 
    0xaa, 0xaa, 0xaa, 0xbf, 0xff, 0xff, 0xff, 0xff, 0xff, 0xff, 0xff, 0xff, 0xff, 0xff, 0xff, 0xff, 
    0xff, 0xff, 0xff, 0xff, 0xff, 0xff, 0xff, 0xff, 0xff, 0xff, 0xff, 0xff, 0xff, 0xff, 0xff, 0xff, 
    0xff, 0xff, 0xff, 0xff, 0xff, 0xff, 0xff, 0xff, 0xff, 0xff, 0xff, 0xff, 0xd1, 0xbf, 0xff, 0xff, 
    0xff, 0xfe, 0x1f, 0xf8, 0x00, 0x6f, 0xff, 0xff, 0xff, 0xff, 0xff, 0xff, 0xff, 0xfe, 0x9b, 0xff, 
    0xfe, 0x95, 0x55, 0x55, 0x55, 0x55, 0x55, 0x55, 0x05, 0x55, 0x55, 0x55, 0x55, 0x55, 0x55, 0x55, 
    0x55, 0x40, 0x00, 0x00, 0x00, 0x00, 0x00, 0x00, 0x00, 0x00, 0x00, 0x00, 0x00, 0x00, 0x00, 0x00, 
    0x55, 0x50, 0x14, 0x00, 0x00, 0x00, 0x00, 0x00, 0x00, 0x00, 0x00, 0x00, 0x00, 0x05, 0x40, 0x7f, 
    0xff, 0xff, 0xff, 0xff, 0xff, 0xff, 0xff, 0xff, 0xff, 0xff, 0xff, 0xff, 0xff, 0xff, 0xff, 0xff, 
    0xff, 0xff, 0xff, 0xff, 0xff, 0xff, 0xff, 0xff, 0xff, 0xff, 0xff, 0xff, 0xff, 0xff, 0xff, 0xff, 
    0xff, 0xff, 0xff, 0xff, 0xff, 0xff, 0xff, 0xff, 0xff, 0xff, 0xff, 0xff, 0xff, 0xff, 0xff, 0xff, 
    0xff, 0xff, 0xff, 0xff, 0xff, 0xff, 0xff, 0x8f, 0xff, 0xff, 0xff, 0xff, 0xff, 0xff, 0xff, 0xff, 
    0xff, 0xff, 0xff, 0xff, 0xff, 0xff, 0xff, 0xff, 0xff, 0xff, 0xff, 0xf5, 0xaa, 0xaa, 0xaa, 0xaa, 
    0xaa, 0x4b, 0xff, 0xff, 0xff, 0xaa, 0x9a, 0xaa, 0xaa, 0xaa, 0xaa, 0xaf, 0xff, 0xff, 0xff, 0xff, 
    0xff, 0xff, 0xff, 0xff, 0xff, 0xff, 0xff, 0xff, 0xff, 0xff, 0xff, 0xff, 0xff, 0xff, 0xff, 0xff, 
    0xff, 0xff, 0xff, 0xff, 0xff, 0xff, 0xff, 0xff, 0xff, 0xff, 0xff, 0xff, 0xff, 0xff, 0xff, 0xff, 
    0xff, 0xff, 0xff, 0xf4, 0x6f, 0xff, 0xff, 0xff, 0xff, 0xf4, 0xbf, 0xd0, 0x0b, 0xff, 0xff, 0xff, 
    0xff, 0xff, 0xff, 0xff, 0xff, 0xe5, 0xbf, 0xfe, 0x95, 0x55, 0x55, 0x55, 0x55, 0x55, 0x55, 0x41, 
    0x55, 0x55, 0x55, 0x55, 0x55, 0x55, 0x55, 0x55, 0x50, 0x00, 0x00, 0x00, 0x00, 0x00, 0x00, 0x00, 
    0x00, 0x00, 0x00, 0x00, 0x00, 0x00, 0x00, 0x01, 0x54, 0x01, 0x50, 0x00, 0x00, 0x00, 0x00, 0x00, 
    0x00, 0x00, 0x00, 0x00, 0x00, 0x15, 0x00, 0xbf, 0xff, 0xff, 0xff, 0xff, 0xff, 0xff, 0xff, 0xff, 
    0xff, 0xff, 0xff, 0xff, 0xff, 0xff, 0xff, 0xff, 0xff, 0xff, 0xff, 0xff, 0xff, 0xff, 0xff, 0xff, 
    0xff, 0xff, 0xff, 0xff, 0xff, 0xff, 0xff, 0xff, 0xff, 0xff, 0xff, 0xff, 0xff, 0xff, 0xff, 0xff, 
    0xff, 0xff, 0xff, 0xff, 0xff, 0xff, 0xff, 0xff, 0xff, 0xff, 0xff, 0xff, 0xff, 0xff, 0xff, 0xd3, 
    0xff, 0xff, 0xff, 0xff, 0xff, 0xff, 0xff, 0xff, 0xff, 0xff, 0xff, 0xff, 0xff, 0xff, 0xff, 0xff, 
    0xff, 0xff, 0xff, 0xf8, 0x6a, 0xaa, 0xaa, 0xaa, 0xaa, 0x92, 0xff, 0xff, 0xff, 0xaa, 0x9a, 0xaa, 
    0xaa, 0xaa, 0xaa, 0xab, 0xff, 0xff, 0xff, 0xff, 0xff, 0xff, 0xff, 0xff, 0xff, 0xff, 0xff, 0xff, 
    0xff, 0xff, 0xff, 0xff, 0xff, 0xff, 0xff, 0xff, 0xff, 0xff, 0xff, 0xff, 0xff, 0xff, 0xff, 0xff, 
    0xff, 0xff, 0xff, 0xff, 0xff, 0xff, 0xff, 0xff, 0xff, 0xff, 0xfe, 0x1b, 0xff, 0xff, 0xff, 0xff, 
    0xff, 0x4b, 0xaf, 0x41, 0xbf, 0xff, 0xff, 0xff, 0xff, 0xff, 0xff, 0xff, 0xf9, 0x6f, 0xff, 0xa5, 
    0x55, 0x55, 0x55, 0x55, 0x55, 0x55, 0x54, 0x15, 0x55, 0x55, 0x55, 0x55, 0x55, 0x55, 0x55, 0x50, 
    0x00, 0x00, 0x01, 0x40, 0x00, 0x00, 0x00, 0x00, 0x00, 0x00, 0x00, 0x00, 0x00, 0x00, 0x00, 0x15, 
    0x40, 0x15, 0x00, 0x00, 0x00, 0x00, 0x00, 0x00, 0x00, 0x00, 0x00, 0x00, 0x01, 0x54, 0x00, 0xbf, 
    0xff, 0xff, 0xff, 0xff, 0xff, 0xff, 0xff, 0xff, 0xff, 0xff, 0xff, 0xff, 0xff, 0xff, 0xff, 0xff, 
    0xff, 0xff, 0xff, 0xff, 0xff, 0xff, 0xff, 0xff, 0xff, 0xff, 0xff, 0xff, 0xff, 0xff, 0xff, 0xff, 
    0xff, 0xff, 0xff, 0xff, 0xff, 0xff, 0xff, 0xff, 0xff, 0xff, 0xff, 0xff, 0xff, 0xff, 0xff, 0xff, 
    0xff, 0xff, 0xff, 0xff, 0xff, 0xff, 0xff, 0xf1, 0xff, 0xff, 0xff, 0xff, 0xff, 0xff, 0xff, 0xff, 
    0xff, 0xff, 0xff, 0xff, 0xff, 0xff, 0xff, 0xff, 0xff, 0xff, 0xff, 0xfd, 0x2a, 0xaa, 0xaa, 0xaa, 
    0xaa, 0xa4, 0xbf, 0xff, 0xff, 0xea, 0xa6, 0xaa, 0xaa, 0xaa, 0xaa, 0xaa, 0xbf, 0xff, 0xff, 0xff, 
    0xff, 0xff, 0xff, 0xff, 0xff, 0xff, 0xff, 0xff, 0xff, 0xff, 0xff, 0xff, 0xff, 0xff, 0xff, 0xff, 
    0xff, 0xff, 0xff, 0xff, 0xff, 0xff, 0xff, 0xff, 0xff, 0xff, 0xff, 0xff, 0xff, 0xff, 0xff, 0xff, 
    0xff, 0xff, 0x96, 0xff, 0xff, 0xff, 0xff, 0xff, 0xf9, 0xb9, 0xbc, 0x6f, 0xff, 0xff, 0xff, 0xff, 
    0xff, 0xff, 0xff, 0xff, 0x87, 0xff, 0xe9, 0x55, 0x55, 0x55, 0x55, 0x55, 0x55, 0x55, 0x41, 0x55, 
    0x55, 0x55, 0x55, 0x55, 0x55, 0x55, 0x50, 0x00, 0x00, 0x00, 0x40, 0x00, 0x00, 0x00, 0x00, 0x00, 
    0x00, 0x00, 0x00, 0x00, 0x00, 0x00, 0x00, 0x54, 0x01, 0x50, 0x00, 0x00, 0x00, 0x00, 0x00, 0x00, 
    0x00, 0x00, 0x00, 0x00, 0x05, 0x50, 0x00, 0xff, 0xff, 0xff, 0xff, 0xff, 0xff, 0xff, 0xff, 0xff, 
    0xff, 0xff, 0xff, 0xff, 0xff, 0xff, 0xff, 0xff, 0xff, 0xff, 0xff, 0xff, 0xff, 0xff, 0xff, 0xff, 
    0xff, 0xff, 0xff, 0xff, 0xff, 0xff, 0xff, 0xff, 0xff, 0xff, 0xff, 0xff, 0xff, 0xff, 0xff, 0xff, 
    0xff, 0xff, 0xff, 0xff, 0xff, 0xff, 0xff, 0xff, 0xff, 0xff, 0xff, 0xff, 0xff, 0xff, 0xff, 0xfc, 
    0xbf, 0xff, 0xff, 0xff, 0xff, 0xff, 0xff, 0xff, 0xff, 0xff, 0xff, 0xff, 0xff, 0xff, 0xff, 0xff, 
    0xff, 0xff, 0xff, 0xfe, 0x5a, 0xaa, 0xaa, 0xaa, 0xaa, 0xa9, 0x2f, 0xff, 0xff, 0xfa, 0xa6, 0xaa, 
    0xaa, 0xaa, 0xaa, 0xaa, 0xaf, 0xff, 0xff, 0xff, 0xff, 0xff, 0xff, 0xff, 0xff, 0xff, 0xff, 0xff, 
    0xff, 0xff, 0xff, 0xff, 0xff, 0xff, 0xff, 0xff, 0xff, 0xff, 0xff, 0xff, 0xff, 0xff, 0xff, 0xff, 
    0xff, 0xff, 0xff, 0xff, 0xff, 0xff, 0xff, 0xff, 0xff, 0xe4, 0x6f, 0xff, 0xff, 0xff, 0xff, 0xff, 
    0x9a, 0x47, 0xe7, 0xff, 0xff, 0xff, 0xff, 0xff, 0xff, 0xff, 0xff, 0xf9, 0xbf, 0xe9, 0x55, 0x55, 
    0x55, 0x55, 0x55, 0x55, 0x55, 0x54, 0x55, 0x55, 0x55, 0x55, 0x55, 0x55, 0x55, 0x50, 0x00, 0x00, 
    0x00, 0x10, 0x00, 0x00, 0x00, 0x00, 0x00, 0x00, 0x00, 0x00, 0x00, 0x00, 0x00, 0x00, 0x01, 0x40, 
    0x55, 0x00, 0x00, 0x00, 0x00, 0x00, 0x00, 0x00, 0x00, 0x00, 0x00, 0x00, 0x55, 0x00, 0x00, 0xff, 
    0xff, 0xff, 0xff, 0xff, 0xff, 0xff, 0xff, 0xff, 0xff, 0xff, 0xff, 0xff, 0xff, 0xff, 0xff, 0xff, 
    0xff, 0xff, 0xff, 0xff, 0xff, 0xff, 0xff, 0xff, 0xff, 0xff, 0xff, 0xff, 0xff, 0xff, 0xff, 0xff, 
    0xff, 0xff, 0xff, 0xff, 0xff, 0xff, 0xff, 0xff, 0xff, 0xff, 0xff, 0xff, 0xff, 0xff, 0xff, 0xff, 
    0xff, 0xff, 0xff, 0xff, 0xff, 0xff, 0xff, 0xff, 0x2f, 0xff, 0xff, 0xff, 0xff, 0xff, 0xff, 0xff, 
    0xff, 0xff, 0xff, 0xff, 0xff, 0xff, 0xff, 0xff, 0xff, 0xff, 0xff, 0xff, 0x8a, 0xaa, 0xaa, 0xaa, 
    0xaa, 0xaa, 0x4b, 0xff, 0xff, 0xfe, 0xa9, 0xaa, 0xaa, 0xaa, 0xaa, 0xaa, 0xab, 0xff, 0xff, 0xff, 
    0xff, 0xff, 0xff, 0xff, 0xff, 0xff, 0xff, 0xff, 0xff, 0xff, 0xff, 0xff, 0xff, 0xff, 0xff, 0xff, 
    0xff, 0xff, 0xff, 0xff, 0xff, 0xff, 0xff, 0xff, 0xff, 0xff, 0xff, 0xff, 0xff, 0xff, 0xff, 0xff, 
    0xf9, 0x1b, 0xff, 0xff, 0xff, 0xff, 0xff, 0xf9, 0xb4, 0x2f, 0xaf, 0xff, 0xff, 0xff, 0xff, 0xff, 
    0xff, 0xff, 0xff, 0xaa, 0xfe, 0x55, 0x55, 0x55, 0x55, 0x55, 0x55, 0x55, 0x55, 0x45, 0x55, 0x55, 
    0x55, 0x55, 0x55, 0x55, 0x50, 0x00, 0x00, 0x00, 0x14, 0x00, 0x00, 0x00, 0x00, 0x00, 0x00, 0x00, 
    0x00, 0x00, 0x00, 0x00, 0x00, 0x00, 0x14, 0x05, 0x54, 0x00, 0x00, 0x00, 0x00, 0x00, 0x00, 0x00, 
    0x00, 0x00, 0x00, 0x05, 0x54, 0x00, 0x00, 0xff, 0xff, 0xff, 0xff, 0xff, 0xff, 0xff, 0xff, 0xff, 
    0xff, 0xff, 0xff, 0xff, 0xff, 0xff, 0xff, 0xff, 0xff, 0xff, 0xff, 0xff, 0xff, 0xff, 0xff, 0xff, 
    0xff, 0xff, 0xff, 0xff, 0xff, 0xff, 0xff, 0xff, 0xff, 0xff, 0xff, 0xff, 0xff, 0xff, 0xff, 0xff, 
    0xff, 0xff, 0xff, 0xff, 0xff, 0xff, 0xff, 0xff, 0xff, 0xff, 0xff, 0xff, 0xff, 0xff, 0xff, 0xff, 
    0x8f, 0xff, 0xff, 0xff, 0xff, 0xff, 0xff, 0xff, 0xff, 0xff, 0xff, 0xff, 0xff, 0xff, 0xff, 0xff, 
    0xff, 0xff, 0xff, 0xff, 0xd2, 0xaa, 0xaa, 0xaa, 0xaa, 0xaa, 0xa2, 0xff, 0xff, 0xff, 0xa9, 0xaa, 
    0xaa, 0xaa, 0xaa, 0xaa, 0xaa, 0xbf, 0xff, 0xff, 0xff, 0xff, 0xff, 0xff, 0xff, 0xff, 0xff, 0xff, 
    0xff, 0xff, 0xff, 0xff, 0xff, 0xff, 0xff, 0xff, 0xff, 0xff, 0xff, 0xff, 0xff, 0xff, 0xff, 0xff, 
    0xff, 0xff, 0xff, 0xff, 0xff, 0xff, 0xff, 0xff, 0x46, 0xff, 0xff, 0xff, 0xff, 0xff, 0xff, 0x9a, 
    0x42, 0xfe, 0xff, 0xff, 0xff, 0xff, 0xff, 0xff, 0xff, 0xff, 0xfe, 0xae, 0x95, 0x55, 0x55, 0x55, 
    0x55, 0x55, 0x55, 0x55, 0x54, 0x55, 0x55, 0x55, 0x55, 0x55, 0x55, 0x40, 0x00, 0x00, 0x00, 0x05, 
    0x00, 0x00, 0x00, 0x00, 0x00, 0x00, 0x00, 0x00, 0x00, 0x00, 0x00, 0x00, 0x00, 0x00, 0x00, 0x55, 
    0x40, 0x00, 0x00, 0x00, 0x00, 0x00, 0x00, 0x00, 0x00, 0x00, 0x00, 0x55, 0x40, 0x00, 0x00, 0xff, 
    0xff, 0xff, 0xff, 0xff, 0xff, 0xff, 0xff, 0xff, 0xff, 0xff, 0xff, 0xff, 0xff, 0xff, 0xff, 0xff, 
    0xff, 0xff, 0xff, 0xff, 0xff, 0xff, 0xff, 0xff, 0xff, 0xff, 0xff, 0xff, 0xff, 0xff, 0xff, 0xff, 
    0xff, 0xff, 0xff, 0xff, 0xff, 0xff, 0xff, 0xff, 0xff, 0xff, 0xff, 0xff, 0xff, 0xff, 0xff, 0xff, 
    0xff, 0xff, 0xff, 0xff, 0xff, 0xff, 0xff, 0xff, 0xd3, 0xff, 0xff, 0xff, 0xff, 0xff, 0xff, 0xff, 
    0xff, 0xff, 0xff, 0xff, 0xff, 0xff, 0xff, 0xff, 0xff, 0xff, 0xff, 0xff, 0xe1, 0xaa, 0xaa, 0xaa, 
    0xaa, 0xaa, 0xa8, 0xbf, 0xff, 0xff, 0xaa, 0x6a, 0xaa, 0xaa, 0xaa, 0xaa, 0xaa, 0xaf, 0xff, 0xff, 
    0xff, 0xff, 0xff, 0xff, 0xff, 0xff, 0xff, 0xff, 0xff, 0xff, 0xff, 0xff, 0xff, 0xff, 0xff, 0xff, 
    0xff, 0xff, 0xff, 0xff, 0xff, 0xff, 0xff, 0xff, 0xff, 0xff, 0xff, 0xff, 0xff, 0xff, 0xff, 0xe4, 
    0x6f, 0xff, 0xff, 0xff, 0xff, 0xff, 0xfd, 0xb4, 0x1f, 0xfb, 0xff, 0xff, 0xff, 0xff, 0xff, 0xff, 
    0xff, 0xff, 0xea, 0xa5, 0x55, 0x55, 0x55, 0x55, 0x55, 0x55, 0x55, 0x55, 0x45, 0x55, 0x55, 0x55, 
    0x55, 0x55, 0x50, 0x00, 0x00, 0x00, 0x15, 0x40, 0x00, 0x00, 0x00, 0x00, 0x00, 0x00, 0x00, 0x00, 
    0x00, 0x00, 0x00, 0x00, 0x00, 0x00, 0x15, 0x54, 0x00, 0x00, 0x00, 0x00, 0x00, 0x00, 0x00, 0x00, 
    0x00, 0x00, 0x01, 0x55, 0x00, 0x00, 0x00, 0xff, 0xff, 0xff, 0xff, 0xff, 0xff, 0xff, 0xff, 0xff, 
    0xff, 0xff, 0xff, 0xff, 0xff, 0xff, 0xff, 0xff, 0xff, 0xff, 0xff, 0xff, 0xff, 0xff, 0xff, 0xff, 
    0xff, 0xff, 0xff, 0xff, 0xff, 0xff, 0xff, 0xff, 0xff, 0xff, 0xff, 0xff, 0xff, 0xff, 0xff, 0xff, 
    0xff, 0xff, 0xff, 0xff, 0xff, 0xff, 0xff, 0xff, 0xff, 0xff, 0xff, 0xff, 0xff, 0xff, 0xff, 0xff, 
    0xf4, 0xff, 0xff, 0xff, 0xff, 0xff, 0xff, 0xff, 0xff, 0xff, 0xff, 0xff, 0xff, 0xff, 0xff, 0xff, 
    0xff, 0xff, 0xff, 0xff, 0xf8, 0xaa, 0xaa, 0xaa, 0xaa, 0xaa, 0xaa, 0x2f, 0xff, 0xff, 0xea, 0x6a, 
    0xaa, 0xaa, 0xaa, 0xaa, 0xaa, 0x9b, 0xff, 0xff, 0xff, 0xff, 0xff, 0xff, 0xff, 0xff, 0xff, 0xff, 
    0xff, 0xff, 0xff, 0xff, 0xff, 0xff, 0xff, 0xff, 0xff, 0xff, 0xff, 0xff, 0xff, 0xff, 0xff, 0xff, 
    0xff, 0xff, 0xff, 0xff, 0xff, 0xff, 0xfd, 0x1b, 0xff, 0xff, 0xff, 0xff, 0xff, 0xff, 0xda, 0x45, 
    0xbf, 0xff, 0xff, 0xff, 0xff, 0xff, 0xff, 0xff, 0xff, 0xfa, 0x55, 0x55, 0x55, 0x55, 0x55, 0x55, 
    0x55, 0x55, 0x55, 0x54, 0x55, 0x55, 0x55, 0x55, 0x55, 0x55, 0x00, 0x00, 0x00, 0x15, 0x50, 0x00, 
    0x00, 0x00, 0x00, 0x00, 0x00, 0x00, 0x00, 0x00, 0x00, 0x00, 0x00, 0x00, 0x00, 0x01, 0x55, 0x50, 
    0x00, 0x00, 0x00, 0x00, 0x00, 0x00, 0x00, 0x00, 0x00, 0x00, 0x05, 0x50, 0x00, 0x00, 0x00, 0xff, 
    0xff, 0xff, 0xff, 0xff, 0xff, 0xff, 0xff, 0xff, 0xff, 0xff, 0xff, 0xff, 0xff, 0xff, 0xff, 0xff, 
    0xff, 0xff, 0xff, 0xff, 0xff, 0xff, 0xff, 0xff, 0xff, 0xff, 0xff, 0xff, 0xff, 0xff, 0xff, 0xff, 
    0xff, 0xff, 0xff, 0xff, 0xff, 0xff, 0xff, 0xff, 0xff, 0xff, 0xff, 0xff, 0xff, 0xff, 0xff, 0xff, 
    0xff, 0xff, 0xff, 0xff, 0xff, 0xff, 0xff, 0xff, 0xfc, 0xbf, 0xff, 0xff, 0xff, 0xff, 0xff, 0xff, 
    0xff, 0xff, 0xff, 0xff, 0xff, 0xff, 0xff, 0xff, 0xff, 0xff, 0xff, 0xff, 0xfd, 0x2a, 0xaa, 0xaa, 
    0xaa, 0xaa, 0xaa, 0x97, 0xff, 0xff, 0xfa, 0x8a, 0xaa, 0xaa, 0xaa, 0xaa, 0xaa, 0xa6, 0xbf, 0xff, 
    0xff, 0xff, 0xff, 0xff, 0xff, 0xff, 0xff, 0xff, 0xff, 0xff, 0xff, 0xff, 0xff, 0xff, 0xff, 0xff, 
    0xff, 0xff, 0xff, 0xff, 0xff, 0xff, 0xff, 0xff, 0xff, 0xff, 0xff, 0xff, 0xff, 0xff, 0x91, 0xff, 
    0xff, 0xff, 0xff, 0xff, 0xff, 0xfe, 0x64, 0x57, 0xfe, 0xff, 0xff, 0xff, 0xff, 0xff, 0xff, 0xff, 
    0xff, 0x95, 0x55, 0x55, 0x55, 0x55, 0x55, 0x55, 0x55, 0x55, 0x55, 0x45, 0x55, 0x55, 0x55, 0x55, 
    0x55, 0x00, 0x00, 0x00, 0x05, 0x54, 0x00, 0x00, 0x00, 0x00, 0x00, 0x00, 0x00, 0x00, 0x00, 0x00, 
    0x00, 0x00, 0x00, 0x00, 0x00, 0x55, 0x55, 0x00, 0x00, 0x00, 0x00, 0x00, 0x00, 0x00, 0x00, 0x00, 
    0x00, 0x00, 0x55, 0x40, 0x00, 0x00, 0x00, 0xff, 0xff, 0xff, 0xff, 0xff, 0xff, 0xff, 0xff, 0xff, 
    0xff, 0xff, 0xff, 0xff, 0xff, 0xff, 0xff, 0xff, 0xff, 0xff, 0xff, 0xff, 0xff, 0xff, 0xff, 0xff, 
    0xff, 0xff, 0xff, 0xff, 0xff, 0xff, 0xff, 0xff, 0xff, 0xff, 0xff, 0xff, 0xff, 0xff, 0xff, 0xff, 
    0xff, 0xff, 0xff, 0xff, 0xff, 0xff, 0xff, 0xff, 0xff, 0xff, 0xff, 0xff, 0xff, 0xff, 0xff, 0xff, 
    0xff, 0x3f, 0xff, 0xff, 0xff, 0xff, 0xff, 0xff, 0xff, 0xff, 0xff, 0xff, 0xff, 0xff, 0xff, 0xff, 
    0xff, 0xff, 0xff, 0xff, 0xfe, 0x1a, 0xaa, 0xaa, 0xaa, 0xaa, 0xaa, 0xa1, 0xff, 0xff, 0xfa, 0x96, 
    0xaa, 0xaa, 0xaa, 0xaa, 0xaa, 0xa9, 0x6f, 0xff, 0xff, 0xff, 0xff, 0xff, 0xff, 0xff, 0xff, 0xff, 
    0xff, 0xff, 0xff, 0xff, 0xff, 0xff, 0xff, 0xff, 0xff, 0xff, 0xff, 0xff, 0xff, 0xff, 0xff, 0xff, 
    0xff, 0xff, 0xff, 0xff, 0xff, 0xf8, 0x6f, 0xff, 0xff, 0xff, 0xff, 0xff, 0xff, 0xe5, 0x55, 0x0b, 
    0xfb, 0xff, 0xff, 0xff, 0xff, 0xff, 0xff, 0xff, 0xe9, 0x55, 0x55, 0x55, 0x55, 0x55, 0x55, 0x55, 
    0x55, 0x55, 0x54, 0x55, 0x55, 0x55, 0x55, 0x55, 0x00, 0x00, 0x00, 0x05, 0x54, 0x00, 0x00, 0x00, 
    0x00, 0x00, 0x00, 0x00, 0x00, 0x00, 0x00, 0x00, 0x00, 0x00, 0x00, 0x00, 0x05, 0x55, 0x50, 0x00, 
    0x00, 0x00, 0x00, 0x00, 0x00, 0x00, 0x00, 0x00, 0x00, 0x05, 0x54, 0x00, 0x00, 0x00, 0x00, 0xbf, 
    0xff, 0xff, 0xff, 0xff, 0xff, 0xff, 0xff, 0xff, 0xff, 0xff, 0xff, 0xff, 0xff, 0xff, 0xff, 0xff, 
    0xff, 0xff, 0xff, 0xff, 0xff, 0xff, 0xff, 0xff, 0xff, 0xff, 0xff, 0xff, 0xff, 0xff, 0xff, 0xff, 
    0xff, 0xff, 0xff, 0xff, 0xff, 0xff, 0xff, 0xff, 0xff, 0xff, 0xff, 0xff, 0xff, 0xff, 0xff, 0xff, 
    0xff, 0xff, 0xff, 0xff, 0xff, 0xff, 0xff, 0xff, 0xff, 0x8f, 0xff, 0xff, 0xff, 0xff, 0xff, 0xff, 
    0xff, 0xff, 0xff, 0xff, 0xff, 0xff, 0xff, 0xff, 0xff, 0xff, 0xff, 0xff, 0xff, 0x8a, 0xaa, 0xaa, 
    0xaa, 0xaa, 0xaa, 0xa9, 0x7f, 0xff, 0xfe, 0xa2, 0xaa, 0xaa, 0xaa, 0xaa, 0xaa, 0xaa, 0x9b, 0xff, 
    0xff, 0xff, 0xff, 0xff, 0xff, 0xff, 0xff, 0xff, 0xff, 0xff, 0xff, 0xff, 0xff, 0xff, 0xff, 0xff, 
    0xff, 0xff, 0xff, 0xff, 0xff, 0xff, 0xff, 0xff, 0xff, 0xff, 0xff, 0xff, 0xff, 0x46, 0xff, 0xff, 
    0xff, 0xff, 0xff, 0xff, 0xff, 0x45, 0x55, 0x7f, 0xef, 0xff, 0xff, 0xff, 0xff, 0xff, 0xff, 0xfe, 
    0x55, 0x55, 0x55, 0x55, 0x55, 0x55, 0x55, 0x55, 0x55, 0x55, 0x45, 0x55, 0x55, 0x55, 0x54, 0x00, 
    0x00, 0x00, 0x05, 0x54, 0x00, 0x00, 0x00, 0x00, 0x00, 0x00, 0x00, 0x00, 0x00, 0x00, 0x00, 0x00, 
    0x00, 0x00, 0x00, 0x01, 0x55, 0x55, 0x00, 0x00, 0x00, 0x00, 0x00, 0x00, 0x00, 0x00, 0x00, 0x00, 
    0x00, 0x15, 0x40, 0x00, 0x00, 0x00, 0x04, 0xbf, 0xff, 0xff, 0xff, 0xff, 0xff, 0xff, 0xff, 0xff, 
    0xff, 0xff, 0xff, 0xff, 0xff, 0xff, 0xff, 0xff, 0xff, 0xff, 0xff, 0xff, 0xff, 0xff, 0xff, 0xff, 
    0xff, 0xff, 0xff, 0xff, 0xff, 0xff, 0xff, 0xff, 0xff, 0xff, 0xff, 0xff, 0xff, 0xff, 0xff, 0xff, 
    0xff, 0xff, 0xff, 0xff, 0xff, 0xff, 0xff, 0xff, 0xff, 0xff, 0xff, 0xff, 0xff, 0xff, 0xff, 0xff, 
    0xff, 0xe7, 0xff, 0xff, 0xff, 0xff, 0xff, 0xff, 0xff, 0xff, 0xff, 0xff, 0xff, 0xff, 0xff, 0xff, 
    0xff, 0xff, 0xff, 0xff, 0xff, 0xd2, 0xaa, 0xaa, 0xaa, 0xaa, 0xaa, 0xaa, 0x5f, 0xff, 0xff, 0xa5, 
    0xaa, 0xaa, 0xaa, 0xaa, 0xaa, 0xaa, 0xaa, 0xff, 0xff, 0xff, 0xff, 0xff, 0xff, 0xff, 0xff, 0xff, 
    0xff, 0xff, 0xff, 0xff, 0xff, 0xff, 0xff, 0xff, 0xff, 0xff, 0xff, 0xff, 0xff, 0xff, 0xff, 0xff, 
    0xff, 0xff, 0xff, 0xff, 0xe4, 0x7f, 0xff, 0xff, 0xff, 0xff, 0xff, 0xff, 0xf8, 0x55, 0xba, 0xfe, 
    0xff, 0xff, 0xff, 0xff, 0xff, 0xff, 0xff, 0xe5, 0x55, 0x55, 0x55, 0x55, 0x55, 0x55, 0x55, 0x55, 
    0x55, 0x54, 0x55, 0x55, 0x50, 0x15, 0x00, 0x00, 0x00, 0x15, 0x55, 0x00, 0x50, 0x00, 0x00, 0x00, 
    0x00, 0x00, 0x00, 0x00, 0x00, 0x00, 0x00, 0x00, 0x00, 0x00, 0x00, 0x55, 0x50, 0x04, 0x00, 0x00, 
    0x00, 0x00, 0x00, 0x00, 0x00, 0x00, 0x00, 0x00, 0x00, 0x50, 0x00, 0x00, 0x00, 0x00, 0x00, 0x7f, 
    0xff, 0xff, 0xff, 0xff, 0xff, 0xff, 0xff, 0xff, 0xff, 0xff, 0xff, 0xff, 0xff, 0xff, 0xff, 0xff, 
    0xff, 0xff, 0xff, 0xff, 0xff, 0xff, 0xff, 0xff, 0xff, 0xff, 0xff, 0xff, 0xff, 0xff, 0xff, 0xff, 
    0xff, 0xff, 0xff, 0xff, 0xff, 0xff, 0xff, 0xff, 0xff, 0xff, 0xff, 0xff, 0xff, 0xff, 0xff, 0xff, 
    0xff, 0xff, 0xff, 0xff, 0xff, 0xff, 0xff, 0xff, 0xff, 0xf5, 0xff, 0xff, 0xff, 0xff, 0xff, 0xff, 
    0xff, 0xff, 0xff, 0xff, 0xff, 0xff, 0xff, 0xff, 0xff, 0xff, 0xff, 0xff, 0xff, 0xe1, 0xaa, 0xaa, 
    0xaa, 0xaa, 0xaa, 0xaa, 0x97, 0xff, 0xff, 0xa8, 0xaa, 0xaa, 0xaa, 0xaa, 0xaa, 0xaa, 0xaa, 0xaf, 
    0xff, 0xff, 0xff, 0xff, 0xff, 0xff, 0xff, 0xff, 0xff, 0xff, 0xff, 0xff, 0xff, 0xff, 0xff, 0xff, 
    0xff, 0xff, 0xff, 0xff, 0xff, 0xff, 0xff, 0xff, 0xff, 0xff, 0xff, 0xfe, 0x0b, 0xff, 0xff, 0xff, 
    0xff, 0xff, 0xff, 0xff, 0x95, 0xaf, 0xeb, 0xfb, 0xff, 0xff, 0xff, 0xff, 0xff, 0xff, 0xfe, 0x51, 
    0x55, 0x55, 0x55, 0x55, 0x55, 0x55, 0x55, 0x55, 0x55, 0x55, 0x55, 0x40, 0x55, 0x50, 0x00, 0x00, 
    0x55, 0x55, 0x00, 0x54, 0x00, 0x00, 0x00, 0x00, 0x00, 0x00, 0x00, 0x00, 0x00, 0x00, 0x00, 0x00, 
    0x00, 0x00, 0x05, 0x55, 0x00, 0x00, 0x00, 0x00, 0x00, 0x00, 0x00, 0x00, 0x00, 0x00, 0x00, 0x00, 
    0x15, 0x00, 0x00, 0x00, 0x00, 0x00, 0x00, 0x3f, 0xff, 0xff, 0xff, 0xff, 0xff, 0xff, 0xff, 0xff, 
    0xff, 0xff, 0xff, 0xff, 0xff, 0xff, 0xff, 0xff, 0xff, 0xff, 0xff, 0xff, 0xff, 0xff, 0xff, 0xff, 
    0xff, 0xff, 0xff, 0xff, 0xff, 0xff, 0xff, 0xff, 0xff, 0xff, 0xff, 0xff, 0xff, 0xff, 0xff, 0xff, 
    0xff, 0xff, 0xff, 0xff, 0xff, 0xff, 0xff, 0xff, 0xff, 0xff, 0xff, 0xff, 0xff, 0xff, 0xff, 0xff, 
    0xff, 0xfc, 0xbf, 0xff, 0xff, 0xff, 0xff, 0xff, 0xff, 0xff, 0xff, 0xff, 0xff, 0xff, 0xff, 0xff, 
    0xff, 0xff, 0xff, 0xff, 0xff, 0xf4, 0xaa, 0xaa, 0xaa, 0xaa, 0xaa, 0xaa, 0xa5, 0xff, 0xff, 0xea, 
    0x6a, 0xaa, 0xaa, 0xaa, 0xaa, 0xaa, 0xaa, 0x9b, 0xff, 0xff, 0xff, 0xff, 0xff, 0xff, 0xff, 0xff, 
    0xff, 0xff, 0xff, 0xff, 0xff, 0xff, 0xff, 0xff, 0xff, 0xff, 0xff, 0xff, 0xff, 0xff, 0xff, 0xff, 
    0xff, 0xff, 0xff, 0xe1, 0xbf, 0xff, 0xff, 0xff, 0xff, 0xff, 0xff, 0xfd, 0x1b, 0xff, 0xaf, 0xef, 
    0xff, 0xff, 0xff, 0xff, 0xff, 0xff, 0xe4, 0x15, 0x55, 0x55, 0x55, 0x55, 0x55, 0x55, 0x55, 0x55, 
    0x55, 0x55, 0x40, 0x55, 0x55, 0x50, 0x00, 0x55, 0x55, 0x40, 0x55, 0x00, 0x00, 0x00, 0x00, 0x00, 
    0x00, 0x00, 0x00, 0x00, 0x00, 0x00, 0x00, 0x00, 0x00, 0x01, 0x55, 0x40, 0x00, 0x00, 0x00, 0x00, 
    0x00, 0x00, 0x00, 0x00, 0x00, 0x00, 0x00, 0x05, 0x50, 0x00, 0x00, 0x00, 0x00, 0x00, 0x40, 0x3f, 
    0xff, 0xff, 0xff, 0xff, 0xff, 0xff, 0xff, 0xff, 0xff, 0xff, 0xff, 0xff, 0xff, 0xff, 0xff, 0xff, 
    0xff, 0xff, 0xff, 0xff, 0xff, 0xff, 0xff, 0xff, 0xff, 0xff, 0xff, 0xff, 0xff, 0xff, 0xff, 0xff, 
    0xff, 0xff, 0xff, 0xff, 0xff, 0xff, 0xff, 0xff, 0xff, 0xff, 0xff, 0xff, 0xff, 0xff, 0xff, 0xff, 
    0xff, 0xff, 0xff, 0xff, 0xff, 0xff, 0xff, 0xff, 0xff, 0xff, 0x3f, 0xff, 0xff, 0xff, 0xff, 0xff, 
    0xff, 0xff, 0xff, 0xff, 0xff, 0xff, 0xff, 0xff, 0xff, 0xff, 0xff, 0xff, 0xff, 0xf9, 0x2a, 0xaa, 
    0xaa, 0xaa, 0xaa, 0xaa, 0xa9, 0x6f, 0xff, 0xfa, 0x6a, 0xaa, 0xaa, 0xaa, 0xaa, 0xaa, 0xaa, 0xaa, 
    0xff, 0xff, 0xff, 0xff, 0xff, 0xff, 0xff, 0xff, 0xff, 0xff, 0xff, 0xff, 0xff, 0xff, 0xff, 0xff, 
    0xff, 0xff, 0xff, 0xff, 0xff, 0xff, 0xff, 0xff, 0xff, 0xff, 0xfe, 0x1b, 0xff, 0xff, 0xff, 0xff, 
    0xff, 0xff, 0xff, 0xe6, 0xff, 0xff, 0xbf, 0xbf, 0xff, 0xff, 0xff, 0xff, 0xff, 0xfa, 0x41, 0x55, 
    0x55, 0x55, 0x55, 0x55, 0x55, 0x55, 0x55, 0x55, 0x55, 0x40, 0x55, 0x55, 0x55, 0x00, 0x55, 0x55, 
    0x41, 0x55, 0x00, 0x00, 0x00, 0x00, 0x00, 0x00, 0x00, 0x00, 0x00, 0x00, 0x00, 0x00, 0x00, 0x00, 
    0x00, 0x15, 0x54, 0x00, 0x00, 0x00, 0x00, 0x00, 0x00, 0x00, 0x00, 0x00, 0x00, 0x00, 0x00, 0x55, 
    0x00, 0x00, 0x00, 0x00, 0x00, 0x01, 0x00, 0x2f, 0xff, 0xff, 0xff, 0xff, 0xff, 0xff, 0xff, 0xff, 
    0xff, 0xff, 0xff, 0xff, 0xff, 0xff, 0xff, 0xff, 0xff, 0xff, 0xff, 0xff, 0xff, 0xff, 0xff, 0xff, 
    0xff, 0xff, 0xff, 0xff, 0xff, 0xff, 0xff, 0xff, 0xff, 0xff, 0xff, 0xff, 0xff, 0xff, 0xff, 0xff, 
    0xff, 0xff, 0xff, 0xff, 0xff, 0xff, 0xff, 0xff, 0xff, 0xff, 0xff, 0xff, 0xff, 0xff, 0xff, 0xff, 
    0xff, 0xff, 0x9f, 0xff, 0xff, 0xff, 0xff, 0xff, 0xff, 0xff, 0xff, 0xff, 0xff, 0xff, 0xff, 0xff, 
    0xff, 0xff, 0xff, 0xff, 0xff, 0xfe, 0x1a, 0xaa, 0xaa, 0xaa, 0xaa, 0xaa, 0xaa, 0x5b, 0xff, 0xfa, 
    0x8a, 0xaa, 0xaa, 0xaa, 0xaa, 0xaa, 0xaa, 0xaa, 0xff, 0xff, 0xff, 0xff, 0xff, 0xff, 0xff, 0xff, 
    0xff, 0xff, 0xff, 0xff, 0xff, 0xff, 0xff, 0xff, 0xff, 0xff, 0xff, 0xff, 0xff, 0xff, 0xff, 0xff, 
    0xff, 0xff, 0xd1, 0xbf, 0xff, 0xff, 0xff, 0xff, 0xff, 0xff, 0xfe, 0x6f, 0xff, 0xff, 0xfe, 0xff, 
    0xff, 0xff, 0xff, 0xff, 0xff, 0x95, 0x55, 0x56, 0x55, 0x55, 0x55, 0x55, 0x55, 0x55, 0x55, 0x55, 
    0x40, 0x55, 0x55, 0x55, 0x50, 0x15, 0x55, 0x50, 0x55, 0x00, 0x00, 0x00, 0x00, 0x00, 0x00, 0x00, 
    0x00, 0x00, 0x00, 0x00, 0x00, 0x00, 0x00, 0x00, 0x15, 0x55, 0x00, 0x00, 0x00, 0x00, 0x00, 0x00, 
    0x00, 0x00, 0x00, 0x00, 0x00, 0x00, 0x15, 0x40, 0x00, 0x00, 0x00, 0x00, 0x00, 0x15, 0x00, 0x1f, 
    0xff, 0xff, 0xff, 0xff, 0xff, 0xff, 0xff, 0xff, 0xff, 0xff, 0xff, 0xff, 0xff, 0xff, 0xff, 0xff, 
    0xff, 0xff, 0xff, 0xff, 0xff, 0xff, 0xff, 0xff, 0xff, 0xff, 0xff, 0xff, 0xff, 0xff, 0xff, 0xff, 
    0xff, 0xff, 0xff, 0xff, 0xff, 0xff, 0xff, 0xff, 0xff, 0xff, 0xff, 0xff, 0xff, 0xff, 0xff, 0xff, 
    0xff, 0xff, 0xff, 0xff, 0xff, 0xff, 0xff, 0xff, 0xff, 0xff, 0xe7, 0xff, 0xff, 0xff, 0xff, 0xff, 
    0xff, 0xff, 0xff, 0xff, 0xff, 0xff, 0xff, 0xff, 0xff, 0xff, 0xff, 0xff, 0xff, 0xff, 0x4a, 0xaa, 
    0xaa, 0xaa, 0xaa, 0xaa, 0xaa, 0x96, 0xff, 0xfe, 0x96, 0xaa, 0xaa, 0xaa, 0xaa, 0xaa, 0xaa, 0xaa, 
    0xff, 0xff, 0xff, 0xff, 0xff, 0xff, 0xff, 0xff, 0xff, 0xff, 0xff, 0xff, 0xff, 0xff, 0xff, 0xff, 
    0xff, 0xff, 0xff, 0xff, 0xff, 0xff, 0xff, 0xff, 0xff, 0xfd, 0x1b, 0xff, 0xff, 0xff, 0xff, 0xff, 
    0xff, 0xff, 0xf6, 0xff, 0xff, 0xff, 0xeb, 0xff, 0xff, 0xff, 0xff, 0xff, 0xf9, 0x55, 0x55, 0xa5, 
    0x55, 0x55, 0x55, 0x55, 0x55, 0x55, 0x55, 0x50, 0x15, 0x55, 0x55, 0x50, 0x05, 0x55, 0x54, 0x14, 
    0x00, 0x00, 0x00, 0x00, 0x00, 0x00, 0x00, 0x00, 0x00, 0x00, 0x00, 0x00, 0x00, 0x00, 0x00, 0x01, 
    0x55, 0x40, 0x00, 0x00, 0x00, 0x00, 0x00, 0x00, 0x00, 0x00, 0x00, 0x00, 0x00, 0x05, 0x40, 0x00, 
    0x00, 0x00, 0x00, 0x00, 0x00, 0x54, 0x00, 0x1f, 0xff, 0xff, 0xff, 0xff, 0xff, 0xff, 0xff, 0xff, 
    0xff, 0xff, 0xff, 0xff, 0xff, 0xff, 0xff, 0xff, 0xff, 0xff, 0xff, 0xff, 0xff, 0xff, 0xff, 0xff, 
    0xff, 0xff, 0xff, 0xff, 0xff, 0xff, 0xff, 0xff, 0xff, 0xff, 0xff, 0xff, 0xff, 0xff, 0xff, 0xff, 
    0xff, 0xff, 0xff, 0xff, 0xff, 0xff, 0xff, 0xff, 0xff, 0xff, 0xff, 0xff, 0xff, 0xff, 0xff, 0xff, 
    0xff, 0xff, 0xf6, 0xff, 0xff, 0xff, 0xff, 0xff, 0xff, 0xff, 0xff, 0xff, 0xff, 0xff, 0xff, 0xff, 
    0xff, 0xff, 0xff, 0xff, 0xff, 0xff, 0xd2, 0xaa, 0xaa, 0xaa, 0xaa, 0xaa, 0xaa, 0xa5, 0xbf, 0xff, 
    0xa2, 0xaa, 0xaa, 0xaa, 0xaa, 0xaa, 0xaa, 0xaa, 0xff, 0xff, 0xff, 0xff, 0xff, 0xff, 0xff, 0xff, 
    0xff, 0xff, 0xff, 0xff, 0xff, 0xff, 0xff, 0xff, 0xff, 0xff, 0xff, 0xff, 0xff, 0xff, 0xff, 0xff, 
    0xff, 0xe1, 0xbf, 0xff, 0xff, 0xff, 0xff, 0xff, 0xff, 0xff, 0xaf, 0xff, 0xff, 0xff, 0xaf, 0xff, 
    0xff, 0xff, 0xff, 0xff, 0x95, 0x55, 0x5a, 0x55, 0x55, 0x55, 0x55, 0x55, 0x55, 0x55, 0x54, 0x15, 
    0x55, 0x55, 0x55, 0x00, 0x55, 0x55, 0x00, 0x00, 0x00, 0x00, 0x00, 0x00, 0x00, 0x00, 0x00, 0x00, 
    0x15, 0x55, 0x55, 0x55, 0x55, 0x55, 0x00, 0x55, 0x50, 0x00, 0x00, 0x00, 0x00, 0x00, 0x00, 0x00, 
    0x00, 0x00, 0x00, 0x00, 0x00, 0x00, 0x00, 0x00, 0x00, 0x00, 0x00, 0x00, 0x01, 0x54, 0x00, 0x0f, 
    0xff, 0xff, 0xff, 0xff, 0xff, 0xff, 0xff, 0xff, 0xff, 0xff, 0xff, 0xff, 0xff, 0xff, 0xff, 0xff, 
    0xff, 0xff, 0xff, 0xff, 0xff, 0xff, 0xff, 0xff, 0xff, 0xff, 0xff, 0xff, 0xff, 0xff, 0xff, 0xff, 
    0xff, 0xff, 0xff, 0xff, 0xff, 0xff, 0xff, 0xff, 0xff, 0xff, 0xff, 0xff, 0xff, 0xff, 0xff, 0xff, 
    0xff, 0xff, 0xff, 0xff, 0xff, 0xff, 0xff, 0xff, 0xff, 0xff, 0xfd, 0xbf, 0xff, 0xff, 0xff, 0xff, 
    0xff, 0xff, 0xff, 0xff, 0xff, 0xff, 0xff, 0xff, 0xff, 0xff, 0xff, 0xff, 0xff, 0xff, 0xe1, 0xaa, 
    0xaa, 0xaa, 0xaa, 0xaa, 0xaa, 0xa9, 0x6f, 0xff, 0xa5, 0xaa, 0xaa, 0xaa, 0xaa, 0xaa, 0xaa, 0xaa, 
    0xff, 0xff, 0xff, 0xff, 0xff, 0xff, 0xff, 0xff, 0xff, 0xff, 0xff, 0xff, 0xff, 0xff, 0xff, 0xff, 
    0xff, 0xff, 0xff, 0xff, 0xff, 0xff, 0xff, 0xff, 0xfe, 0x0b, 0xff, 0xff, 0xff, 0xff, 0xff, 0xff, 
    0xff, 0xf9, 0xbf, 0xff, 0xff, 0xfe, 0xbf, 0xff, 0xff, 0xff, 0xff, 0xf9, 0x55, 0x55, 0xa5, 0x55, 
    0x55, 0x55, 0x55, 0x55, 0x55, 0x55, 0x05, 0x55, 0x55, 0x55, 0x40, 0x15, 0x55, 0x40, 0x00, 0x00, 
    0x00, 0x00, 0x00, 0x00, 0x00, 0x00, 0x00, 0x00, 0x00, 0x00, 0x00, 0x00, 0x00, 0x00, 0x15, 0x55, 
    0x54, 0x00, 0x00, 0x00, 0x00, 0x00, 0x00, 0x00, 0x00, 0x00, 0x00, 0x00, 0x00, 0x00, 0x00, 0x00, 
    0x00, 0x00, 0x00, 0x00, 0x15, 0x50, 0x00, 0x0f, 0xff, 0xff, 0xff, 0xff, 0xff, 0xff, 0xff, 0xff, 
    0xff, 0xff, 0xff, 0xff, 0xff, 0xff, 0xff, 0xff, 0xff, 0xff, 0xff, 0xff, 0xff, 0xff, 0xff, 0xff, 
    0xff, 0xff, 0xff, 0xff, 0xff, 0xff, 0xff, 0xff, 0xff, 0xff, 0xff, 0xff, 0xff, 0xff, 0xff, 0xff, 
    0xff, 0xff, 0xff, 0xff, 0xff, 0xff, 0xff, 0xff, 0xff, 0xff, 0xff, 0xff, 0xff, 0xff, 0xff, 0xff, 
    0xff, 0xff, 0xff, 0x3f, 0xff, 0xff, 0xff, 0xff, 0xff, 0xff, 0xff, 0xff, 0xff, 0xff, 0xff, 0xff, 
    0xff, 0xff, 0xff, 0xff, 0xff, 0xff, 0xf4, 0xaa, 0xaa, 0xaa, 0xaa, 0xaa, 0xaa, 0xaa, 0x5b, 0xff, 
    0xe8, 0xaa, 0xaa, 0xaa, 0xaa, 0xaa, 0xaa, 0xaa, 0xff, 0xff, 0xff, 0xff, 0xff, 0xff, 0xff, 0xff, 
    0xff, 0xff, 0xff, 0xff, 0xff, 0xff, 0xff, 0xff, 0xff, 0xff, 0xff, 0xff, 0xff, 0xff, 0xff, 0xff, 
    0xd0, 0xbf, 0xff, 0xff, 0xff, 0xff, 0xff, 0xff, 0xff, 0x9b, 0xff, 0xff, 0xff, 0xf6, 0xff, 0xff, 
    0xff, 0xff, 0xff, 0x95, 0x55, 0x5a, 0x55, 0x55, 0x55, 0x55, 0x55, 0x55, 0x55, 0x41, 0x55, 0x55, 
    0x55, 0x50, 0x01, 0x55, 0x40, 0x00, 0x00, 0x00, 0x00, 0x00, 0x00, 0x00, 0x00, 0x00, 0x00, 0x00, 
    0x00, 0x00, 0x00, 0x00, 0x00, 0x01, 0x55, 0x55, 0x40, 0x00, 0x00, 0x00, 0x00, 0x00, 0x00, 0x00, 
    0x00, 0x00, 0x00, 0x01, 0x00, 0x00, 0x00, 0x00, 0x00, 0x00, 0x00, 0x00, 0x55, 0x40, 0x00, 0x0f, 
    0xff, 0xff, 0xff, 0xff, 0xff, 0xff, 0xff, 0xff, 0xff, 0xff, 0xff, 0xff, 0xff, 0xff, 0xff, 0xff, 
    0xff, 0xff, 0xff, 0xff, 0xff, 0xff, 0xff, 0xff, 0xff, 0xff, 0xff, 0xff, 0xff, 0xff, 0xff, 0xff, 
    0xff, 0xff, 0xff, 0xff, 0xff, 0xff, 0xff, 0xff, 0xff, 0xff, 0xff, 0xff, 0xff, 0xff, 0xff, 0xff, 
    0xff, 0xff, 0xff, 0xff, 0xff, 0xff, 0xff, 0xff, 0xff, 0xff, 0xff, 0x8f, 0xff, 0xff, 0xff, 0xff, 
    0xff, 0xff, 0xff, 0xff, 0xff, 0xff, 0xff, 0xff, 0xff, 0xff, 0xff, 0xff, 0xff, 0xff, 0xf8, 0x2a, 
    0xaa, 0xaa, 0xaa, 0xaa, 0xaa, 0xaa, 0xa6, 0xff, 0xfa, 0x2a, 0xaa, 0xaa, 0xaa, 0xaa, 0xaa, 0xaa, 
    0xff, 0xff, 0xff, 0xff, 0xff, 0xff, 0xff, 0xff, 0xff, 0xff, 0xff, 0xff, 0xff, 0xff, 0xff, 0xff, 
    0xff, 0xff, 0xff, 0xff, 0xff, 0xff, 0xff, 0xfe, 0x07, 0xff, 0xff, 0xff, 0xff, 0xff, 0xff, 0xff, 
    0xfe, 0xbf, 0xff, 0xff, 0xff, 0xdb, 0xff, 0xff, 0xff, 0xff, 0xf9, 0x55, 0x56, 0xa5, 0x55, 0x55, 
    0x55, 0x55, 0x55, 0x55, 0x51, 0x55, 0x55, 0x55, 0x54, 0x00, 0x55, 0x50, 0x00, 0x00, 0x00, 0x00, 
    0x00, 0x00, 0x00, 0x00, 0x00, 0x00, 0x00, 0x00, 0x00, 0x00, 0x00, 0x00, 0x00, 0x55, 0x55, 0x40, 
    0x00, 0x15, 0x55, 0x55, 0x55, 0x55, 0x55, 0x55, 0x55, 0x55, 0x55, 0x55, 0x55, 0x55, 0x55, 0x55, 
    0x55, 0x40, 0x00, 0x05, 0x55, 0x00, 0x00, 0x0b, 0xff, 0xff, 0xff, 0xff, 0xff, 0xff, 0xff, 0xff, 
    0xff, 0xff, 0xff, 0xff, 0xff, 0xff, 0xff, 0xff, 0xff, 0xff, 0xff, 0xff, 0xff, 0xff, 0xff, 0xff, 
    0xff, 0xff, 0xff, 0xff, 0xff, 0xff, 0xff, 0xff, 0xff, 0xff, 0xff, 0xff, 0xff, 0xff, 0xff, 0xff, 
    0xff, 0xff, 0xff, 0xff, 0xff, 0xff, 0xff, 0xff, 0xff, 0xff, 0xff, 0xff, 0xff, 0xff, 0xff, 0xff, 
    0xff, 0xff, 0xff, 0xe7, 0xff, 0xff, 0xff, 0xff, 0xff, 0xff, 0xff, 0xff, 0xff, 0xff, 0xff, 0xff, 
    0xff, 0xff, 0xff, 0xff, 0xff, 0xff, 0xfe, 0x1a, 0xaa, 0xaa, 0xaa, 0xaa, 0xaa, 0xaa, 0xa9, 0xbf, 
    0xfa, 0x5a, 0xaa, 0xaa, 0xaa, 0xaa, 0xaa, 0xaa, 0xff, 0xff, 0xff, 0xff, 0xff, 0xff, 0xff, 0xff, 
    0xff, 0xff, 0xff, 0xff, 0xff, 0xff, 0xff, 0xff, 0xff, 0xff, 0xff, 0xff, 0xff, 0xff, 0xff, 0xe0, 
    0x6f, 0xff, 0xff, 0xff, 0xff, 0xff, 0xff, 0xff, 0xeb, 0xff, 0xff, 0xff, 0xff, 0x6f, 0xff, 0xff, 
    0xff, 0xff, 0x95, 0x55, 0x6a, 0x55, 0x55, 0x55, 0x55, 0x55, 0x55, 0x55, 0x55, 0x55, 0x55, 0x54, 
    0x00, 0x55, 0x54, 0x00, 0x00, 0x00, 0x00, 0x00, 0x00, 0x00, 0x00, 0x00, 0x00, 0x00, 0x00, 0x00, 
    0x00, 0x00, 0x00, 0x00, 0x15, 0x55, 0x40, 0x55, 0x55, 0x55, 0x51, 0x00, 0x55, 0x55, 0x55, 0x55, 
    0x55, 0x55, 0x55, 0x55, 0x55, 0x55, 0x55, 0x55, 0x55, 0x55, 0x55, 0x01, 0x54, 0x00, 0x00, 0x07, 
    0xff, 0xff, 0xff, 0xff, 0xff, 0xff, 0xff, 0xff, 0xff, 0xff, 0xff, 0xff, 0xff, 0xff, 0xff, 0xff, 
    0xff, 0xff, 0xff, 0xff, 0xff, 0xff, 0xff, 0xff, 0xff, 0xff, 0xff, 0xff, 0xff, 0xff, 0xff, 0xff, 
    0xff, 0xff, 0xff, 0xff, 0xff, 0xff, 0xff, 0xff, 0xff, 0xff, 0xff, 0xff, 0xff, 0xff, 0xff, 0xff, 
    0xff, 0xff, 0xff, 0xff, 0xff, 0xff, 0xff, 0xff, 0xff, 0xff, 0xff, 0xf5, 0xff, 0xff, 0xff, 0xff, 
    0xff, 0xff, 0xff, 0xff, 0xff, 0xff, 0xff, 0xff, 0xff, 0xff, 0xff, 0xff, 0xff, 0xff, 0xff, 0x4a, 
    0xaa, 0xaa, 0xaa, 0xaa, 0xaa, 0xaa, 0xaa, 0x6f, 0xfe, 0x8a, 0xaa, 0xaa, 0xaa, 0xaa, 0xaa, 0xaa, 
    0xff, 0xff, 0xff, 0xff, 0xff, 0xff, 0xff, 0xff, 0xff, 0xff, 0xff, 0xff, 0xff, 0xff, 0xff, 0xff, 
    0xff, 0xff, 0xff, 0xff, 0xff, 0xff, 0xff, 0x42, 0xff, 0xff, 0xff, 0xff, 0xff, 0xff, 0xff, 0xff, 
    0xbf, 0xff, 0xff, 0xff, 0xf9, 0xff, 0xff, 0xff, 0xff, 0xfe, 0x55, 0x56, 0xa5, 0x55, 0x55, 0x55, 
    0x55, 0x55, 0x55, 0x55, 0x55, 0x55, 0x55, 0x00, 0x55, 0x55, 0x40, 0x00, 0x00, 0x00, 0x00, 0x00, 
    0x00, 0x00, 0x00, 0x00, 0x00, 0x00, 0x00, 0x00, 0x00, 0x00, 0x00, 0x15, 0x55, 0x55, 0x55, 0x55, 
    0x55, 0x55, 0x55, 0x55, 0x55, 0x55, 0x55, 0x55, 0x55, 0x55, 0x55, 0x55, 0x55, 0x55, 0x55, 0x55, 
    0x55, 0x55, 0x55, 0x54, 0x50, 0x00, 0x00, 0x03, 0xff, 0xff, 0xff, 0xff, 0xff, 0xff, 0xff, 0xff, 
    0xff, 0xff, 0xff, 0xff, 0xff, 0xff, 0xff, 0xff, 0xff, 0xff, 0xff, 0xff, 0xff, 0xff, 0xff, 0xff, 
    0xff, 0xff, 0xff, 0xff, 0xff, 0xff, 0xff, 0xff, 0xff, 0xff, 0xff, 0xff, 0xff, 0xff, 0xff, 0xff, 
    0xff, 0xff, 0xff, 0xff, 0xff, 0xff, 0xff, 0xff, 0xff, 0xff, 0xff, 0xff, 0xff, 0xff, 0xff, 0xff, 
    0xff, 0xff, 0xff, 0xfc, 0xbf, 0xff, 0xff, 0xff, 0xff, 0xff, 0xff, 0xff, 0xff, 0xff, 0xff, 0xff, 
    0xff, 0xff, 0xff, 0xff, 0xff, 0xff, 0xff, 0x82, 0xaa, 0xaa, 0xaa, 0xaa, 0xaa, 0xaa, 0xaa, 0x9b, 
    0xff, 0x92, 0xaa, 0xaa, 0xaa, 0xaa, 0xaa, 0xaa, 0xff, 0xff, 0xff, 0xff, 0xff, 0xff, 0xff, 0xff, 
    0xff, 0xff, 0xff, 0xff, 0xff, 0xff, 0xff, 0xff, 0xff, 0xff, 0xff, 0xff, 0xff, 0xff, 0xf4, 0x1f, 
    0xff, 0xff, 0xff, 0xff, 0xff, 0xff, 0xff, 0xfa, 0xff, 0xff, 0xff, 0xff, 0xe7, 0xff, 0xff, 0xff, 
    0xff, 0xe5, 0x55, 0x5a, 0x55, 0x55, 0x55, 0x55, 0x55, 0x55, 0x55, 0x55, 0x55, 0x55, 0x40, 0x15, 
    0x55, 0x50, 0x00, 0x00, 0x00, 0x00, 0x00, 0x00, 0x00, 0x00, 0x00, 0x00, 0x00, 0x00, 0x00, 0x00, 
    0x00, 0x00, 0x15, 0x55, 0x55, 0x55, 0x55, 0x55, 0x55, 0x55, 0x55, 0x55, 0x55, 0x55, 0x55, 0x55, 
    0x55, 0x55, 0x55, 0x55, 0x55, 0x54, 0x00, 0x00, 0x00, 0x00, 0x00, 0x55, 0x40, 0x00, 0x00, 0x02, 
    0xff, 0xff, 0xff, 0xff, 0xff, 0xff, 0xff, 0xff, 0xff, 0xff, 0xff, 0xff, 0xff, 0xff, 0xff, 0xff, 
    0xff, 0xff, 0xff, 0xff, 0xff, 0xff, 0xff, 0xff, 0xff, 0xff, 0xff, 0xff, 0xff, 0xff, 0xff, 0xff, 
    0xff, 0xff, 0xff, 0xff, 0xff, 0xff, 0xff, 0xff, 0xff, 0xff, 0xff, 0xff, 0xff, 0xff, 0xff, 0xff, 
    0xff, 0xff, 0xff, 0xff, 0xff, 0xff, 0xff, 0xff, 0xff, 0xff, 0xff, 0xff, 0x3f, 0xff, 0xff, 0xff, 
    0xff, 0xff, 0xff, 0xff, 0xff, 0xff, 0xff, 0xff, 0xff, 0xff, 0xff, 0xff, 0xff, 0xff, 0xff, 0xe1, 
    0xaa, 0xaa, 0xaa, 0xaa, 0xaa, 0xaa, 0xaa, 0xa6, 0xff, 0xa1, 0xaa, 0xaa, 0xaa, 0xaa, 0xaa, 0xaa, 
    0xff, 0xff, 0xff, 0xff, 0xff, 0xff, 0xff, 0xff, 0xff, 0xff, 0xff, 0xff, 0xff, 0xff, 0xff, 0xff, 
    0xff, 0xff, 0xff, 0xff, 0xff, 0xff, 0x80, 0xbf, 0xff, 0xff, 0xff, 0xff, 0xff, 0xff, 0xff, 0xaf, 
    0xff, 0xff, 0xff, 0xff, 0x9f, 0xff, 0xff, 0xff, 0xfe, 0x55, 0x55, 0xa5, 0x55, 0x55, 0x55, 0x55, 
    0x55, 0x55, 0x55, 0x55, 0x55, 0x54, 0x15, 0x55, 0x54, 0x00, 0x00, 0x00, 0x00, 0x00, 0x00, 0x00, 
    0x00, 0x00, 0x00, 0x00, 0x00, 0x00, 0x00, 0x00, 0x00, 0x15, 0x55, 0x55, 0x55, 0x55, 0x55, 0x55, 
    0x55, 0x55, 0x55, 0x55, 0x55, 0x55, 0x55, 0x55, 0x55, 0x55, 0x55, 0x00, 0x00, 0x00, 0x00, 0x00, 
    0x00, 0x00, 0x00, 0x50, 0x00, 0x00, 0x00, 0x00, 0xff, 0xff, 0xff, 0xff, 0xff, 0xff, 0xff, 0xff, 
    0xff, 0xff, 0xff, 0xff, 0xff, 0xff, 0xff, 0xff, 0xff, 0xff, 0xff, 0xff, 0xff, 0xff, 0xff, 0xff, 
    0xff, 0xff, 0xff, 0xff, 0xff, 0xff, 0xff, 0xff, 0xff, 0xff, 0xff, 0xff, 0xff, 0xff, 0xff, 0xff, 
    0xff, 0xff, 0xff, 0xff, 0xff, 0xff, 0xff, 0xff, 0xff, 0xff, 0xff, 0xff, 0xff, 0xff, 0xff, 0xff, 
    0xff, 0xff, 0xff, 0xff, 0x8f, 0xff, 0xff, 0xff, 0xff, 0xff, 0xff, 0xff, 0xff, 0xff, 0xff, 0xff, 
    0xff, 0xff, 0xff, 0xff, 0xff, 0xff, 0xff, 0xf4, 0xaa, 0xaa, 0xaa, 0xaa, 0xaa, 0xaa, 0xaa, 0xa9, 
    0xbf, 0xe8, 0xaa, 0xaa, 0xaa, 0xaa, 0xaa, 0xaa, 0xff, 0xff, 0xff, 0xff, 0xff, 0xff, 0xff, 0xff, 
    0xff, 0xff, 0xff, 0xff, 0xff, 0xff, 0xff, 0xff, 0xff, 0xff, 0xff, 0xff, 0xff, 0xf8, 0x1b, 0xff, 
    0xff, 0xff, 0xff, 0xff, 0xff, 0xff, 0xfe, 0xff, 0xff, 0xff, 0xff, 0xfe, 0x7f, 0xff, 0xff, 0xff, 
    0xe5, 0x55, 0x5a, 0x95, 0x55, 0x55, 0x55, 0x55, 0x55, 0x55, 0x55, 0x55, 0x55, 0x55, 0x55, 0x55, 
    0x40, 0x00, 0x00, 0x00, 0x00, 0x00, 0x00, 0x00, 0x00, 0x00, 0x00, 0x00, 0x00, 0x00, 0x00, 0x00, 
    0x55, 0x55, 0x55, 0x55, 0x55, 0x55, 0x55, 0x55, 0x55, 0x55, 0x55, 0x55, 0x55, 0x55, 0x55, 0x50, 
    0x00, 0x00, 0x00, 0x00, 0x00, 0x00, 0x00, 0x00, 0x00, 0x10, 0x00, 0x00, 0x00, 0x00, 0x00, 0x00, 
    0xff, 0xff, 0xff, 0xff, 0xff, 0xff, 0xff, 0xff, 0xff, 0xff, 0xff, 0xff, 0xff, 0xff, 0xff, 0xff, 
    0xff, 0xff, 0xff, 0xff, 0xff, 0xff, 0xff, 0xff, 0xff, 0xff, 0xff, 0xff, 0xff, 0xff, 0xff, 0xff, 
    0xff, 0xff, 0xff, 0xff, 0xff, 0xff, 0xff, 0xff, 0xff, 0xff, 0xff, 0xff, 0xff, 0xff, 0xff, 0xff, 
    0xff, 0xff, 0xff, 0xff, 0xff, 0xff, 0xff, 0xff, 0xff, 0xff, 0xff, 0xff, 0xd7, 0xff, 0xff, 0xff, 
    0xff, 0xff, 0xff, 0xff, 0xff, 0xff, 0xff, 0xff, 0xff, 0xff, 0xff, 0xff, 0xff, 0xff, 0xff, 0xf8, 
    0x2a, 0xaa, 0xaa, 0xaa, 0xaa, 0xaa, 0xaa, 0xaa, 0x6f, 0xf9, 0x6a, 0xaa, 0xaa, 0xaa, 0xaa, 0xaa, 
    0xff, 0xff, 0xff, 0xff, 0xff, 0xff, 0xff, 0xff, 0xff, 0xff, 0xff, 0xff, 0xff, 0xff, 0xff, 0xff, 
    0xff, 0xff, 0xff, 0xff, 0xff, 0xd1, 0x6f, 0xff, 0xff, 0xff, 0xff, 0xff, 0xff, 0xff, 0xeb, 0xff, 
    0xff, 0xff, 0xff, 0xf9, 0xff, 0xff, 0xff, 0xfe, 0x55, 0x55, 0xa9, 0x55, 0x55, 0x55, 0x55, 0x55, 
    0x55, 0x55, 0x55, 0x55, 0x55, 0x55, 0x55, 0x50, 0x00, 0x00, 0x00, 0x00, 0x00, 0x00, 0x00, 0x00, 
    0x00, 0x00, 0x00, 0x00, 0x15, 0x55, 0x55, 0x55, 0x55, 0x55, 0x55, 0x55, 0x55, 0x55, 0x55, 0x55, 
    0x55, 0x55, 0x55, 0x55, 0x55, 0x55, 0x55, 0x50, 0x00, 0x00, 0x00, 0x00, 0x00, 0x00, 0x00, 0x00, 
    0x00, 0x00, 0x50, 0x00, 0x00, 0x00, 0x00, 0x00, 0x7f, 0xff, 0xff, 0xff, 0xff, 0xff, 0xff, 0xff, 
    0xff, 0xff, 0xff, 0xff, 0xff, 0xff, 0xff, 0xff, 0xff, 0xff, 0xff, 0xff, 0xff, 0xff, 0xff, 0xff, 
    0xff, 0xff, 0xff, 0xff, 0xff, 0xff, 0xff, 0xff, 0xff, 0xff, 0xff, 0xff, 0xff, 0xff, 0xff, 0xff, 
    0xff, 0xff, 0xff, 0xff, 0xff, 0xff, 0xff, 0xff, 0xff, 0xff, 0xff, 0xff, 0xff, 0xff, 0xff, 0xff, 
    0xff, 0xff, 0xff, 0xff, 0xf5, 0xff, 0xff, 0xff, 0xff, 0xff, 0xff, 0xff, 0xff, 0xff, 0xff, 0xff, 
    0xff, 0xff, 0xff, 0xff, 0xff, 0xff, 0xff, 0xfe, 0x1a, 0xaa, 0xaa, 0xaa, 0xaa, 0xaa, 0xaa, 0xaa, 
    0x9b, 0xfa, 0x2a, 0xaa, 0xaa, 0xaa, 0xaa, 0xaa, 0xff, 0xff, 0xff, 0xff, 0xff, 0xff, 0xff, 0xff, 
    0xff, 0xff, 0xff, 0xff, 0xff, 0xff, 0xff, 0xff, 0xff, 0xff, 0xff, 0xff, 0xfe, 0x05, 0xff, 0xff, 
    0xff, 0xff, 0xff, 0xff, 0xff, 0xfe, 0xbf, 0xff, 0xff, 0xff, 0xff, 0xe7, 0xff, 0xff, 0xff, 0xe5, 
    0x55, 0x5a, 0x95, 0x55, 0x55, 0x55, 0x55, 0x55, 0x55, 0x55, 0x55, 0x55, 0x55, 0x55, 0x55, 0x00, 
    0x00, 0x00, 0x00, 0x00, 0x00, 0x00, 0x00, 0x00, 0x00, 0x00, 0x00, 0x00, 0x00, 0x00, 0x55, 0x55, 
    0x55, 0x55, 0x55, 0x55, 0x55, 0x55, 0x55, 0x55, 0x55, 0x55, 0x55, 0x55, 0x55, 0x55, 0x55, 0x55, 
    0x55, 0x50, 0x00, 0x00, 0x00, 0x00, 0x00, 0x00, 0x00, 0x00, 0x00, 0x00, 0x00, 0x00, 0x00, 0x00, 
    0x3f, 0xff, 0xff, 0xff, 0xff, 0xff, 0xff, 0xff, 0xff, 0xff, 0xff, 0xff, 0xff, 0xff, 0xff, 0xff, 
    0xff, 0xff, 0xff, 0xff, 0xff, 0xff, 0xff, 0xff, 0xff, 0xff, 0xff, 0xff, 0xff, 0xff, 0xff, 0xff, 
    0xff, 0xff, 0xff, 0xff, 0xff, 0xff, 0xff, 0xff, 0xff, 0xff, 0xff, 0xff, 0xff, 0xff, 0xff, 0xff, 
    0xff, 0xff, 0xff, 0xff, 0xff, 0xff, 0xff, 0xff, 0xff, 0xff, 0xff, 0xff, 0xfc, 0xbf, 0xff, 0xff, 
    0xff, 0xff, 0xff, 0xff, 0xff, 0xff, 0xff, 0xff, 0xff, 0xff, 0xff, 0xff, 0xff, 0xff, 0xff, 0xff, 
    0x4a, 0xaa, 0xaa, 0xaa, 0xaa, 0xaa, 0xaa, 0xaa, 0xaa, 0xfe, 0x4a, 0xaa, 0xaa, 0xaa, 0xaa, 0xaa, 
    0xff, 0xff, 0xff, 0xff, 0xff, 0xff, 0xff, 0xff, 0xff, 0xff, 0xff, 0xff, 0xff, 0xff, 0xff, 0xff, 
    0xff, 0xff, 0xff, 0xff, 0xe0, 0x6b, 0xff, 0xff, 0xff, 0xff, 0xff, 0xff, 0xff, 0xeb, 0xff, 0xff, 
    0xff, 0xff, 0xff, 0x9f, 0xff, 0xff, 0xfe, 0x59, 0x55, 0x69, 0x55, 0x55, 0x55, 0x55, 0x55, 0x55, 
    0x55, 0x55, 0x55, 0x55, 0x55, 0x55, 0x50, 0x00, 0x00, 0x00, 0x00, 0x00, 0x00, 0x00, 0x00, 0x00, 
    0x00, 0x00, 0x00, 0x00, 0x00, 0x55, 0x55, 0x55, 0x55, 0x55, 0x55, 0x55, 0x55, 0x55, 0x40, 0x00, 
    0x00, 0x00, 0x00, 0x00, 0x00, 0x00, 0x00, 0x15, 0x55, 0x55, 0x55, 0x00, 0x00, 0x00, 0x00, 0x00, 
    0x00, 0x00, 0x00, 0x00, 0x00, 0x00, 0x00, 0x00, 0x1f, 0xff, 0xff, 0xff, 0xff, 0xff, 0xff, 0xff, 
    0xff, 0xff, 0xff, 0xff, 0xff, 0xff, 0xff, 0xff, 0xff, 0xff, 0xff, 0xff, 0xff, 0xff, 0xff, 0xff, 
    0xff, 0xff, 0xff, 0xff, 0xff, 0xff, 0xff, 0xff, 0xff, 0xff, 0xff, 0xff, 0xff, 0xff, 0xff, 0xff, 
    0xff, 0xff, 0xff, 0xff, 0xff, 0xff, 0xff, 0xff, 0xff, 0xff, 0xff, 0xff, 0xff, 0xff, 0xff, 0xff, 
    0xff, 0xff, 0xff, 0xff, 0xfe, 0x2f, 0xff, 0xff, 0xff, 0xff, 0xff, 0xff, 0xff, 0xff, 0xff, 0xff, 
    0xff, 0xff, 0xff, 0xff, 0xff, 0xff, 0xff, 0xff, 0x82, 0xaa, 0xaa, 0xaa, 0xaa, 0xaa, 0xaa, 0xaa, 
    0xaa, 0xbf, 0x86, 0xaa, 0xaa, 0xaa, 0xaa, 0xaa, 0xff, 0xff, 0xff, 0xff, 0xff, 0xff, 0xff, 0xff, 
    0xff, 0xff, 0xff, 0xff, 0xff, 0xff, 0xff, 0xff, 0xff, 0xff, 0xff, 0xff, 0x46, 0xaf, 0xff, 0xff, 
    0xff, 0xff, 0xff, 0xff, 0xff, 0xbf, 0xff, 0xff, 0xff, 0xff, 0xfd, 0x7f, 0xff, 0xff, 0xea, 0xa5, 
    0x56, 0x95, 0x55, 0x55, 0x55, 0x55, 0x55, 0x55, 0x55, 0x55, 0x55, 0x55, 0x55, 0x54, 0x00, 0x00, 
    0x00, 0x00, 0x00, 0x00, 0x00, 0x00, 0x00, 0x00, 0x00, 0x00, 0x00, 0x00, 0x10, 0x00, 0x00, 0x00, 
    0x00, 0x00, 0x00, 0x00, 0x00, 0x00, 0x00, 0x00, 0x00, 0x00, 0x00, 0x00, 0x00, 0x00, 0x00, 0x00, 
    0x00, 0x15, 0x55, 0x55, 0x00, 0x00, 0x00, 0x00, 0x00, 0x00, 0x00, 0x00, 0x00, 0x00, 0x00, 0x00, 
    0x0b, 0xff, 0xff, 0xff, 0xff, 0xff, 0xff, 0xff, 0xff, 0xff, 0xff, 0xff, 0xff, 0xff, 0xff, 0xff, 
    0xff, 0xff, 0xff, 0xff, 0xff, 0xff, 0xff, 0xff, 0xff, 0xff, 0xff, 0xff, 0xff, 0xff, 0xff, 0xff, 
    0xff, 0xff, 0xff, 0xff, 0xff, 0xff, 0xff, 0xff, 0xff, 0xff, 0xff, 0xff, 0xff, 0xff, 0xff, 0xff, 
    0xff, 0xff, 0xff, 0xff, 0xff, 0xff, 0xff, 0xff, 0xff, 0xff, 0xff, 0xff, 0xff, 0x4f, 0xff, 0xff, 
    0xff, 0xff, 0xff, 0xff, 0xff, 0xff, 0xff, 0xff, 0xff, 0xff, 0xff, 0xff, 0xff, 0xff, 0xff, 0xff, 
    0xe1, 0xaa, 0xaa, 0xaa, 0xaa, 0xaa, 0xaa, 0xaa, 0xaa, 0xab, 0xe2, 0xaa, 0xaa, 0xaa, 0xaa, 0xaa, 
    0xff, 0xff, 0xff, 0xff, 0xff, 0xff, 0xff, 0xff, 0xff, 0xff, 0xff, 0xff, 0xff, 0xff, 0xff, 0xff, 
    0xff, 0xff, 0xff, 0xf8, 0x2a, 0xff, 0xff, 0xff, 0xff, 0xff, 0xff, 0xff, 0xfa, 0xff, 0xff, 0xff, 
    0xff, 0xff, 0xf9, 0xff, 0xff, 0xfe, 0xaa, 0x55, 0x6a, 0x55, 0x55, 0x55, 0x55, 0x55, 0x55, 0x55, 
    0x55, 0x55, 0x55, 0x55, 0x55, 0x40, 0x6f, 0xff, 0x90, 0x00, 0x00, 0x00, 0x00, 0x00, 0x00, 0x00, 
    0x00, 0x00, 0x00, 0x00, 0x00, 0x00, 0x00, 0x00, 0x00, 0x00, 0x00, 0x00, 0x00, 0x00, 0x00, 0x00, 
    0x00, 0x00, 0x00, 0x00, 0x00, 0x00, 0x00, 0x00, 0x00, 0x00, 0x01, 0x55, 0x55, 0x00, 0x00, 0x00, 
    0x00, 0x00, 0x00, 0x00, 0x00, 0x00, 0x00, 0x00, 0x03, 0xff, 0xff, 0xff, 0xff, 0xff, 0xff, 0xff, 
    0xff, 0xff, 0xff, 0xff, 0xff, 0xff, 0xff, 0xff, 0xff, 0xff, 0xff, 0xff, 0xff, 0xff, 0xff, 0xff, 
    0xff, 0xff, 0xff, 0xff, 0xff, 0xff, 0xff, 0xff, 0xff, 0xff, 0xff, 0xff, 0xff, 0xff, 0xff, 0xff, 
    0xff, 0xff, 0xff, 0xff, 0xff, 0xff, 0xff, 0xff, 0xff, 0xff, 0xff, 0xff, 0xff, 0xff, 0xff, 0xff, 
    0xff, 0xff, 0xff, 0xff, 0xff, 0xd3, 0xff, 0xff, 0xff, 0xff, 0xff, 0xff, 0xff, 0xff, 0xff, 0xff, 
    0xff, 0xff, 0xff, 0xff, 0xff, 0xff, 0xff, 0xff, 0xf4, 0xaa, 0xaa, 0xaa, 0xaa, 0xaa, 0xaa, 0xaa, 
    0xaa, 0xab, 0xe4, 0xaa, 0xaa, 0xaa, 0xaa, 0xaa, 0xff, 0xff, 0xff, 0xff, 0xff, 0xff, 0xff, 0xff, 
    0xff, 0xff, 0xff, 0xff, 0xff, 0xff, 0xff, 0xff, 0xff, 0xff, 0xff, 0x81, 0xeb, 0xff, 0xff, 0xff, 
    0xff, 0xff, 0xff, 0xff, 0xaf, 0xff, 0xff, 0xff, 0xff, 0xff, 0xe7, 0xff, 0xff, 0xeb, 0xe5, 0x56, 
    0xa5, 0x55, 0x55, 0x55, 0x55, 0x55, 0x55, 0x55, 0x55, 0x55, 0x55, 0x55, 0x50, 0x1b, 0xff, 0xff, 
    0xff, 0x80, 0x00, 0x00, 0x00, 0x00, 0x00, 0x00, 0x00, 0x00, 0x00, 0x00, 0x00, 0x00, 0x00, 0x00, 
    0x00, 0x00, 0x00, 0x00, 0x00, 0x00, 0x00, 0x00, 0x00, 0x00, 0x00, 0x00, 0x55, 0x55, 0x55, 0x55, 
    0x55, 0x55, 0x00, 0x00, 0x15, 0x55, 0x40, 0x00, 0x00, 0x00, 0x00, 0x00, 0x00, 0x00, 0x00, 0x00, 
    0x02, 0xff, 0xff, 0xff, 0xff, 0xff, 0xff, 0xff, 0xff, 0xff, 0xff, 0xff, 0xff, 0xff, 0xff, 0xff, 
    0xff, 0xff, 0xff, 0xff, 0xff, 0xff, 0xff, 0xff, 0xff, 0xff, 0xff, 0xff, 0xff, 0xff, 0xff, 0xff, 
    0xff, 0xff, 0xff, 0xff, 0xff, 0xff, 0xff, 0xff, 0xff, 0xff, 0xff, 0xff, 0xff, 0xff, 0xff, 0xff, 
    0xff, 0xff, 0xff, 0xff, 0xff, 0xff, 0xff, 0xff, 0xff, 0xff, 0xff, 0xff, 0xff, 0xf1, 0xff, 0xff, 
    0xff, 0xff, 0xff, 0xff, 0xff, 0xff, 0xff, 0xff, 0xff, 0xff, 0xff, 0xff, 0xff, 0xff, 0xff, 0xff, 
    0xf8, 0x2a, 0xaa, 0xaa, 0xaa, 0xaa, 0xaa, 0xaa, 0xaa, 0xaa, 0xf8, 0x6a, 0xaa, 0xaa, 0xaa, 0xaa, 
    0xff, 0xff, 0xff, 0xff, 0xff, 0xff, 0xff, 0xff, 0xff, 0xff, 0xff, 0xff, 0xff, 0xff, 0xff, 0xff, 
    0xff, 0xff, 0xfd, 0x0b, 0xaf, 0xff, 0xff, 0xff, 0xff, 0xff, 0xff, 0xff, 0xff, 0xff, 0xff, 0xff, 
    0xff, 0xff, 0x5f, 0xff, 0xfe, 0xbe, 0x55, 0x6a, 0x55, 0x55, 0x55, 0x55, 0x55, 0x55, 0x55, 0x55, 
    0x55, 0x55, 0x55, 0x54, 0x01, 0xff, 0xff, 0xff, 0xff, 0xf8, 0x00, 0x00, 0x00, 0x00, 0x00, 0x00, 
    0x00, 0x00, 0x00, 0x00, 0x00, 0x00, 0x00, 0x00, 0x00, 0x00, 0x00, 0x00, 0x00, 0x00, 0x00, 0x00, 
    0x00, 0x00, 0x55, 0x55, 0x55, 0x55, 0x55, 0x55, 0x55, 0x55, 0x55, 0x55, 0x00, 0x15, 0x55, 0x40, 
    0x00, 0x00, 0x00, 0x00, 0x00, 0x00, 0x00, 0x00, 0x00, 0xff, 0xff, 0xff, 0xff, 0xff, 0xff, 0xff, 
    0xff, 0xff, 0xff, 0xff, 0xff, 0xff, 0xff, 0xff, 0xff, 0xff, 0xff, 0xff, 0xff, 0xff, 0xff, 0xff, 
    0xff, 0xff, 0xff, 0xff, 0xff, 0xff, 0xff, 0xff, 0xff, 0xff, 0xff, 0xff, 0xff, 0xff, 0xff, 0xff, 
    0xff, 0xff, 0xff, 0xff, 0xff, 0xff, 0xff, 0xff, 0xff, 0xff, 0xff, 0xff, 0xff, 0xff, 0xff, 0xff, 
    0xff, 0xff, 0xff, 0xff, 0xff, 0xf8, 0xbf, 0xff, 0xff, 0xff, 0xff, 0xff, 0xff, 0xff, 0xff, 0xff, 
    0xff, 0xff, 0xff, 0xff, 0xff, 0xff, 0xff, 0xff, 0xfe, 0x1a, 0xaa, 0xaa, 0xaa, 0xaa, 0xaa, 0xaa, 
    0xaa, 0xaa, 0xbe, 0x2a, 0xaa, 0xaa, 0xaa, 0xaa, 0xff, 0xff, 0xff, 0xff, 0xff, 0xff, 0xff, 0xff, 
    0xff, 0xff, 0xff, 0xff, 0xff, 0xff, 0xff, 0xff, 0xff, 0xff, 0xe0, 0x7e, 0xff, 0xff, 0xff, 0xff, 
    0xff, 0xff, 0xff, 0xff, 0xff, 0xff, 0xff, 0xff, 0xff, 0xfe, 0x7f, 0xff, 0xff, 0xe5, 0x55, 0xa9, 
    0x55, 0x55, 0x55, 0x55, 0x55, 0x55, 0x55, 0x55, 0x55, 0x55, 0x55, 0x40, 0x2f, 0xe5, 0x6a, 0xaf, 
    0xff, 0xff, 0x80, 0x00, 0x00, 0x00, 0x00, 0x00, 0x00, 0x00, 0x00, 0x00, 0x00, 0x00, 0x00, 0x00, 
    0x00, 0x00, 0x00, 0x00, 0x00, 0x00, 0x00, 0x00, 0x04, 0x00, 0x00, 0x05, 0x55, 0x55, 0x55, 0x55, 
    0x55, 0x55, 0x55, 0x55, 0x55, 0x40, 0x55, 0x54, 0x00, 0x00, 0x00, 0x00, 0x00, 0x00, 0x00, 0x00, 
    0x00, 0x3f, 0xff, 0xff, 0xff, 0xff, 0xff, 0xff, 0xff, 0xff, 0xff, 0xff, 0xff, 0xff, 0xff, 0xff, 
    0xff, 0xff, 0xff, 0xff, 0xff, 0xff, 0xff, 0xff, 0xff, 0xff, 0xff, 0xff, 0xff, 0xff, 0xff, 0xff, 
    0xff, 0xff, 0xff, 0xff, 0xff, 0xff, 0xff, 0xff, 0xff, 0xff, 0xff, 0xff, 0xff, 0xff, 0xff, 0xff, 
    0xff, 0xff, 0xff, 0xff, 0xff, 0xff, 0xff, 0xff, 0xff, 0xff, 0xff, 0xff, 0xff, 0xfe, 0x2f, 0xff, 
    0xff, 0xff, 0xff, 0xff, 0xff, 0xff, 0xff, 0xff, 0xff, 0xff, 0xff, 0xff, 0xff, 0xff, 0xff, 0xff, 
    0xff, 0x4a, 0xaa, 0xaa, 0xaa, 0xaa, 0xaa, 0xaa, 0xaa, 0xaa, 0xaa, 0x5a, 0xaa, 0xaa, 0xaa, 0xaa, 
    0xff, 0xff, 0xff, 0xff, 0xff, 0xff, 0xff, 0xff, 0xff, 0xff, 0xff, 0xff, 0xff, 0xff, 0xff, 0xff, 
    0xff, 0xff, 0x42, 0xfb, 0xff, 0xff, 0xff, 0xff, 0xff, 0xff, 0xff, 0xff, 0xff, 0xff, 0xff, 0xff, 
    0xff, 0xf8, 0xff, 0xff, 0xfe, 0x55, 0x5b, 0x95, 0x55, 0x55, 0x55, 0x55, 0x55, 0x55, 0x55, 0x55, 
    0x55, 0x55, 0x50, 0x06, 0xf9, 0x6a, 0xaa, 0xa9, 0xaf, 0xff, 0xf8, 0x00, 0x00, 0x00, 0x00, 0x00, 
    0x00, 0x00, 0x00, 0x00, 0x00, 0x00, 0x00, 0x00, 0x00, 0x00, 0x00, 0x00, 0x00, 0x00, 0x00, 0x00, 
    0x00, 0x55, 0x55, 0x50, 0x05, 0x55, 0x55, 0x55, 0x55, 0x55, 0x55, 0x55, 0x55, 0x55, 0x50, 0x55, 
    0x50, 0x00, 0x00, 0x00, 0x00, 0x00, 0x00, 0x00, 0x00, 0x1f, 0xff, 0xff, 0xff, 0xff, 0xff, 0xff, 
    0xff, 0xff, 0xff, 0xff, 0xff, 0xff, 0xff, 0xff, 0xff, 0xff, 0xff, 0xff, 0xff, 0xff, 0xff, 0xff, 
    0xff, 0xff, 0xff, 0xff, 0xff, 0xff, 0xff, 0xff, 0xff, 0xff, 0xff, 0xff, 0xff, 0xff, 0xff, 0xff, 
    0xff, 0xff, 0xff, 0xff, 0xff, 0xff, 0xff, 0xff, 0xff, 0xff, 0xff, 0xff, 0xff, 0xff, 0xff, 0xff, 
    0xff, 0xff, 0xff, 0xff, 0xff, 0xff, 0x4f, 0xff, 0xff, 0xff, 0xff, 0xff, 0xff, 0xff, 0xff, 0xff, 
    0xff, 0xff, 0xff, 0xff, 0xff, 0xff, 0xff, 0xff, 0xff, 0x92, 0xaa, 0xaa, 0xaa, 0xaa, 0xaa, 0xaa, 
    0xaa, 0xaa, 0xaa, 0x86, 0xaa, 0xaa, 0xaa, 0xaa, 0xff, 0xff, 0xff, 0xff, 0xff, 0xff, 0xff, 0xff, 
    0xff, 0xff, 0xff, 0xff, 0xff, 0xff, 0xff, 0xff, 0xff, 0xf8, 0x1f, 0xef, 0xff, 0xff, 0xff, 0xff, 
    0xff, 0xff, 0xfe, 0xff, 0xff, 0xff, 0xff, 0xff, 0xff, 0xe7, 0xff, 0xff, 0xe9, 0x55, 0x69, 0x55, 
    0x55, 0x55, 0x55, 0x55, 0x55, 0x55, 0x55, 0x55, 0x55, 0x54, 0x00, 0x6e, 0xaa, 0xaa, 0xaa, 0xaa, 
    0xa6, 0xff, 0xff, 0x40, 0x00, 0x00, 0x00, 0x00, 0x00, 0x00, 0x00, 0x00, 0x00, 0x00, 0x00, 0x00, 
    0x00, 0x00, 0x00, 0x00, 0x00, 0x00, 0x00, 0x00, 0x00, 0x00, 0x05, 0x55, 0x54, 0x15, 0x55, 0x55, 
    0x55, 0x55, 0x55, 0x55, 0x55, 0x55, 0x55, 0x45, 0x55, 0x40, 0x00, 0x00, 0x00, 0x00, 0x00, 0x00, 
    0x40, 0x07, 0xff, 0xff, 0xff, 0xff, 0xff, 0xff, 0xff, 0xff, 0xff, 0xff, 0xff, 0xff, 0xff, 0xff, 
    0xff, 0xff, 0xff, 0xff, 0xff, 0xff, 0xff, 0xff, 0xff, 0xff, 0xff, 0xff, 0xff, 0xff, 0xff, 0xff, 
    0xff, 0xff, 0xff, 0xff, 0xff, 0xff, 0xff, 0xff, 0xff, 0xff, 0xff, 0xff, 0xff, 0xff, 0xff, 0xff, 
    0xff, 0xff, 0xff, 0xff, 0xff, 0xff, 0xff, 0xff, 0xff, 0xff, 0xff, 0xff, 0xff, 0xff, 0xc3, 0xff, 
    0xff, 0xff, 0xff, 0xff, 0xff, 0xff, 0xff, 0xff, 0xff, 0xff, 0xff, 0xff, 0xff, 0xff, 0xff, 0xff, 
    0xff, 0xe1, 0xaa, 0xaa, 0xaa, 0xaa, 0xaa, 0xaa, 0xaa, 0xaa, 0xaa, 0x92, 0xaa, 0xaa, 0xaa, 0xaa, 
    0xff, 0xff, 0xff, 0xff, 0xff, 0xff, 0xff, 0xff, 0xff, 0xff, 0xff, 0xff, 0xff, 0xff, 0xff, 0xff, 
    0xff, 0xd1, 0xbf, 0xff, 0xff, 0xff, 0xff, 0xff, 0xff, 0xff, 0xff, 0xff, 0xff, 0xff, 0xff, 0xff, 
    0xff, 0x8f, 0xff, 0xff, 0x95, 0x56, 0xe5, 0x55, 0x55, 0x55, 0x55, 0x55, 0x55, 0x55, 0x55, 0x55, 
    0x55, 0x40, 0x0b, 0xa6, 0xaa, 0xaa, 0xaa, 0xa9, 0x55, 0x6f, 0xff, 0xf4, 0x00, 0x00, 0x00, 0x00, 
    0x00, 0x00, 0x00, 0x00, 0x00, 0x00, 0x00, 0x00, 0x00, 0x00, 0x00, 0x00, 0x00, 0x00, 0x00, 0x00, 
    0x00, 0x00, 0x00, 0x01, 0x55, 0x55, 0x55, 0x55, 0x55, 0x55, 0x55, 0x55, 0x55, 0x55, 0x55, 0x55, 
    0x55, 0x55, 0x00, 0x00, 0x00, 0x00, 0x00, 0x00, 0x04, 0x02, 0xff, 0xff, 0xff, 0xff, 0xff, 0xff, 
    0xff, 0xff, 0xff, 0xff, 0xff, 0xff, 0xff, 0xff, 0xff, 0xff, 0xff, 0xff, 0xff, 0xff, 0xff, 0xff, 
    0xff, 0xff, 0xff, 0xff, 0xff, 0xff, 0xff, 0xff, 0xff, 0xff, 0xff, 0xff, 0xff, 0xff, 0xff, 0xff, 
    0xff, 0xff, 0xff, 0xff, 0xff, 0xff, 0xff, 0xff, 0xff, 0xff, 0xff, 0xff, 0xff, 0xff, 0xff, 0xff, 
    0xff, 0xff, 0xff, 0xff, 0xff, 0xff, 0xe1, 0xff, 0xff, 0xff, 0xff, 0xff, 0xff, 0xff, 0xff, 0xff, 
    0xff, 0xff, 0xff, 0xff, 0xff, 0xff, 0xff, 0xff, 0xff, 0xf4, 0xaa, 0xaa, 0xaa, 0xaa, 0xaa, 0xaa, 
    0xaa, 0xaa, 0xaa, 0xa1, 0xaa, 0xaa, 0xaa, 0xaa, 0xff, 0xff, 0xff, 0xff, 0xff, 0xff, 0xff, 0xff, 
    0xff, 0xff, 0xff, 0xff, 0xff, 0xff, 0xff, 0xff, 0xfe, 0x06, 0xff, 0xff, 0xff, 0xff, 0xff, 0xff, 
    0xff, 0xff, 0xff, 0xff, 0xff, 0xff, 0xff, 0xff, 0xfe, 0x3f, 0xff, 0xf9, 0x55, 0x5a, 0x55, 0x55, 
    0x55, 0x55, 0x55, 0x55, 0x55, 0x55, 0x55, 0x55, 0x54, 0x00, 0xaa, 0x6a, 0xaa, 0xaa, 0xa5, 0x6f, 
    0xff, 0xe6, 0xff, 0xfe, 0x04, 0x00, 0x00, 0x00, 0x00, 0x00, 0x00, 0x00, 0x00, 0x00, 0x00, 0x00, 
    0x00, 0x00, 0x00, 0x00, 0x00, 0x00, 0x00, 0x00, 0x00, 0x00, 0x00, 0x00, 0x00, 0x55, 0x55, 0x55, 
    0x55, 0x55, 0x55, 0x55, 0x55, 0x55, 0x55, 0x55, 0x55, 0x56, 0xa4, 0x00, 0x00, 0x00, 0x00, 0x00, 
    0x01, 0x41, 0xff, 0xff, 0xff, 0xff, 0xff, 0xff, 0xff, 0xff, 0xff, 0xff, 0xff, 0xff, 0xff, 0xff, 
    0xff, 0xff, 0xff, 0xff, 0xff, 0xff, 0xff, 0xff, 0xff, 0xff, 0xff, 0xff, 0xff, 0xff, 0xff, 0xff, 
    0xff, 0xff, 0xff, 0xff, 0xff, 0xff, 0xff, 0xff, 0xff, 0xff, 0xff, 0xff, 0xff, 0xff, 0xff, 0xff, 
    0xff, 0xff, 0xff, 0xff, 0xff, 0xff, 0xff, 0xff, 0xff, 0xff, 0xff, 0xff, 0xff, 0xff, 0xf4, 0xbf, 
    0xff, 0xff, 0xff, 0xff, 0xff, 0xff, 0xff, 0xff, 0xff, 0xff, 0xff, 0xff, 0xff, 0xff, 0xff, 0xff, 
    0xff, 0xf9, 0x2a, 0xaa, 0xaa, 0xaa, 0xaa, 0xaa, 0xaa, 0xaa, 0xaa, 0xa8, 0xaa, 0xaa, 0xaa, 0xaa, 
    0xff, 0xff, 0xff, 0xff, 0xff, 0xff, 0xff, 0xff, 0xff, 0xff, 0xff, 0xff, 0xff, 0xff, 0xff, 0xff, 
    0xf4, 0xaf, 0xff, 0xff, 0xff, 0xff, 0xff, 0xff, 0xff, 0xff, 0xff, 0xff, 0xff, 0xff, 0xff, 0xff, 
    0xf8, 0xbf, 0xff, 0xe5, 0x55, 0xb9, 0x55, 0x55, 0x55, 0x55, 0x55, 0x55, 0x55, 0x55, 0x55, 0x55, 
    0x40, 0x12, 0xaa, 0xaa, 0xaa, 0xa9, 0x6f, 0xff, 0xff, 0xfe, 0x7f, 0xff, 0xd0, 0x00, 0x00, 0x00, 
    0x00, 0x00, 0x00, 0x00, 0x00, 0x00, 0x00, 0x00, 0x00, 0x00, 0x00, 0x00, 0x40, 0x00, 0x00, 0x00, 
    0x00, 0x00, 0x00, 0x00, 0x00, 0x00, 0x55, 0x55, 0x55, 0x55, 0x55, 0x55, 0x55, 0x55, 0x55, 0x55, 
    0x55, 0x55, 0x6a, 0x40, 0x00, 0x00, 0x00, 0x00, 0x00, 0x50, 0xbf, 0xff, 0xff, 0xff, 0xff, 0xff, 
    0xff, 0xff, 0xff, 0xff, 0xff, 0xff, 0xff, 0xff, 0xff, 0xff, 0xff, 0xff, 0xff, 0xff, 0xff, 0xff, 
    0xff, 0xff, 0xff, 0xff, 0xff, 0xff, 0xff, 0xff, 0xff, 0xff, 0xff, 0xff, 0xff, 0xff, 0xff, 0xff, 
    0xff, 0xff, 0xff, 0xff, 0xff, 0xff, 0xff, 0xff, 0xff, 0xff, 0xff, 0xff, 0xff, 0xff, 0xff, 0xff, 
    0xff, 0xff, 0xff, 0xff, 0xff, 0xff, 0xfd, 0x2f, 0xff, 0xff, 0xff, 0xff, 0xff, 0xff, 0xff, 0xff, 
    0xff, 0xff, 0xff, 0xff, 0xff, 0xff, 0xff, 0xff, 0xff, 0xfe, 0x1a, 0xaa, 0xaa, 0xaa, 0xaa, 0xaa, 
    0xaa, 0xaa, 0xaa, 0xa9, 0x2a, 0xaa, 0xaa, 0xaa, 0xff, 0xff, 0xff, 0xff, 0xff, 0xff, 0xff, 0xff, 
    0xff, 0xff, 0xff, 0xff, 0xff, 0xff, 0xff, 0xff, 0x87, 0xff, 0xff, 0xff, 0xff, 0xff, 0xff, 0xff, 
    0xff, 0xff, 0xff, 0xff, 0xff, 0xff, 0xff, 0xff, 0xf2, 0xff, 0xff, 0x95, 0x5b, 0xd5, 0x55, 0x55, 
    0x55, 0x55, 0x55, 0x55, 0x55, 0x55, 0x55, 0x50, 0x01, 0x96, 0xaa, 0xa6, 0xaa, 0xaf, 0xff, 0xff, 
    0xff, 0xff, 0xdb, 0xff, 0xf8, 0x00, 0x00, 0x00, 0x00, 0x00, 0x00, 0x00, 0x00, 0x00, 0x00, 0x00, 
    0x00, 0x00, 0x00, 0x05, 0x00, 0x00, 0x00, 0x00, 0x00, 0x00, 0x00, 0x00, 0x00, 0x00, 0x00, 0x55, 
    0x55, 0x55, 0x05, 0x55, 0x55, 0x55, 0x55, 0x55, 0x55, 0x55, 0x55, 0xa4, 0x00, 0x00, 0x00, 0x00, 
    0x00, 0x15, 0x2f, 0xff, 0xff, 0xff, 0xff, 0xff, 0xff, 0xff, 0xff, 0xff, 0xff, 0xff, 0xff, 0xff, 
    0xff, 0xff, 0xff, 0xff, 0xff, 0xff, 0xff, 0xff, 0xff, 0xff, 0xff, 0xff, 0xff, 0xff, 0xff, 0xff, 
    0xff, 0xff, 0xff, 0xff, 0xff, 0xff, 0xff, 0xff, 0xff, 0xff, 0xff, 0xff, 0xff, 0xff, 0xff, 0xff, 
    0xff, 0xff, 0xff, 0xff, 0xff, 0xff, 0xff, 0xff, 0xff, 0xff, 0xff, 0xff, 0xff, 0xff, 0xff, 0x0f, 
    0xff, 0xff, 0xff, 0xff, 0xff, 0xff, 0xff, 0xff, 0xff, 0xff, 0xff, 0xff, 0xff, 0xff, 0xff, 0xff, 
    0xff, 0xfe, 0x4a, 0xaa, 0xaa, 0xaa, 0xaa, 0xaa, 0xaa, 0xaa, 0xaa, 0xaa, 0x1a, 0xaa, 0xaa, 0xaa, 
    0xff, 0xff, 0xff, 0xff, 0xff, 0xff, 0xff, 0xff, 0xff, 0xff, 0xff, 0xff, 0xff, 0xff, 0xff, 0xfe, 
    0x2f, 0xff, 0xff, 0xff, 0xff, 0xff, 0xff, 0xff, 0xff, 0xff, 0xff, 0xff, 0xff, 0xff, 0xff, 0xff, 
    0xcb, 0xff, 0xf9, 0x55, 0xbe, 0x55, 0x55, 0x55, 0x55, 0x55, 0x55, 0x55, 0x55, 0x55, 0x55, 0x00, 
    0x1a, 0x4a, 0xaa, 0xa9, 0x56, 0xff, 0xff, 0xff, 0xff, 0xff, 0xf9, 0xff, 0xff, 0x40, 0x00, 0x00, 
    0x00, 0x00, 0x00, 0x00, 0x00, 0x00, 0x00, 0x00, 0x00, 0x00, 0x00, 0x40, 0x00, 0x00, 0x00, 0x00, 
    0x00, 0x00, 0x00, 0x00, 0x00, 0x00, 0x00, 0x01, 0x55, 0x55, 0x40, 0x15, 0x55, 0x55, 0x55, 0x55, 
    0x55, 0x55, 0x55, 0x55, 0x50, 0x00, 0x00, 0x00, 0x00, 0x05, 0x4e, 0xff, 0xff, 0xff, 0xff, 0xff, 
    0xff, 0xff, 0xff, 0xff, 0xff, 0xff, 0xff, 0xff, 0xff, 0xff, 0xff, 0xff, 0xff, 0xff, 0xff, 0xff, 
    0xff, 0xff, 0xff, 0xff, 0xff, 0xff, 0xff, 0xff, 0xff, 0xff, 0xff, 0xff, 0xff, 0xff, 0xff, 0xff, 
    0xff, 0xff, 0xff, 0xff, 0xff, 0xff, 0xff, 0xff, 0xff, 0xff, 0xff, 0xff, 0xff, 0xff, 0xff, 0xff, 
    0xff, 0xff, 0xff, 0xff, 0xff, 0xff, 0xff, 0x83, 0xff, 0xff, 0xff, 0xff, 0xff, 0xff, 0xff, 0xff, 
    0xff, 0xff, 0xff, 0xff, 0xff, 0xff, 0xff, 0xff, 0xff, 0xff, 0x92, 0xaa, 0xaa, 0xaa, 0xaa, 0xaa, 
    0xaa, 0xaa, 0xaa, 0xaa, 0x4a, 0xaa, 0xaa, 0xaa, 0xff, 0xff, 0xff, 0xff, 0xff, 0xff, 0xff, 0xff, 
    0xff, 0xff, 0xff, 0xff, 0xff, 0xff, 0xff, 0xf5, 0xff, 0xff, 0xff, 0xff, 0xff, 0xff, 0xff, 0xff, 
    0xff, 0xff, 0xff, 0xff, 0xff, 0xff, 0xff, 0xff, 0x6f, 0xff, 0x95, 0x56, 0xe5, 0x55, 0x55, 0x55, 
    0x55, 0x55, 0x55, 0x55, 0x55, 0x55, 0x50, 0x02, 0xaa, 0x6a, 0xaa, 0xaa, 0xff, 0xff, 0xff, 0xff, 
    0xff, 0xff, 0xfe, 0x7f, 0xff, 0xd0, 0x00, 0x00, 0x00, 0x00, 0x00, 0x00, 0x00, 0x00, 0x00, 0x00, 
    0x00, 0x00, 0x04, 0x00, 0x00, 0x00, 0x00, 0x00, 0x00, 0x00, 0x00, 0x00, 0x00, 0x00, 0x00, 0x00, 
    0x01, 0x55, 0x54, 0x01, 0x55, 0x55, 0x55, 0x55, 0x55, 0x55, 0x55, 0x55, 0x55, 0x00, 0x00, 0x00, 
    0x00, 0x01, 0x47, 0xbf, 0xff, 0xff, 0xff, 0xff, 0xff, 0xff, 0xff, 0xff, 0xff, 0xff, 0xff, 0xff, 
    0xff, 0xff, 0xff, 0xff, 0xff, 0xff, 0xff, 0xff, 0xff, 0xff, 0xff, 0xff, 0xff, 0xff, 0xff, 0xff, 
    0xff, 0xff, 0xff, 0xff, 0xff, 0xff, 0xff, 0xff, 0xff, 0xff, 0xff, 0xff, 0xff, 0xff, 0xff, 0xff, 
    0xff, 0xff, 0xff, 0xff, 0xff, 0xff, 0xff, 0xff, 0xff, 0xff, 0xff, 0xff, 0xff, 0xff, 0xff, 0xd1, 
    0xff, 0xff, 0xff, 0xff, 0xff, 0xff, 0xff, 0xff, 0xff, 0xff, 0xff, 0xff, 0xff, 0xff, 0xff, 0xff, 
    0xff, 0xff, 0xe1, 0xaa, 0xaa, 0xaa, 0xaa, 0xaa, 0xaa, 0xaa, 0xaa, 0xaa, 0x82, 0xaa, 0xaa, 0xaa, 
    0xff, 0xff, 0xff, 0xff, 0xff, 0xff, 0xff, 0xff, 0xff, 0xff, 0xff, 0xff, 0xff, 0xff, 0xff, 0xcb, 
    0xff, 0xff, 0xff, 0xff, 0xff, 0xff, 0xff, 0xff, 0xff, 0xff, 0xff, 0xff, 0xff, 0xff, 0xff, 0xfd, 
    0x7f, 0xaa, 0x55, 0x6f, 0x95, 0x55, 0x55, 0x55, 0x55, 0x55, 0x55, 0x55, 0x55, 0x55, 0x00, 0x1a, 
    0xa9, 0xaa, 0xaa, 0xbf, 0xff, 0xff, 0xff, 0xff, 0xea, 0xaa, 0xff, 0xdf, 0xff, 0xf8, 0x00, 0x00, 
    0x00, 0x00, 0x00, 0x00, 0x00, 0x00, 0x00, 0x00, 0x00, 0x00, 0x50, 0x00, 0x00, 0x00, 0x00, 0x00, 
    0x00, 0x00, 0x00, 0x00, 0x00, 0x00, 0x00, 0x00, 0x00, 0x05, 0x55, 0x40, 0x05, 0x55, 0x55, 0x55, 
    0x55, 0x55, 0x56, 0x95, 0x55, 0x50, 0x00, 0x00, 0x00, 0x00, 0x55, 0xdf, 0xff, 0xff, 0xff, 0xff, 
    0xff, 0xff, 0xff, 0xff, 0xff, 0xff, 0xff, 0xff, 0xff, 0xff, 0xff, 0xff, 0xff, 0xff, 0xff, 0xff, 
    0xff, 0xff, 0xff, 0xff, 0xff, 0xff, 0xff, 0xff, 0xff, 0xff, 0xff, 0xff, 0xff, 0xff, 0xff, 0xff, 
    0xff, 0xff, 0xff, 0xff, 0xff, 0xff, 0xff, 0xff, 0xff, 0xff, 0xff, 0xff, 0xff, 0xff, 0xff, 0xff, 
    0xff, 0xff, 0xff, 0xff, 0xff, 0xff, 0xff, 0xf0, 0xbf, 0xff, 0xff, 0xff, 0xff, 0xff, 0xff, 0xff, 
    0xff, 0xff, 0xff, 0xff, 0xff, 0xff, 0xff, 0xff, 0xff, 0xff, 0xe8, 0xaa, 0xaa, 0xaa, 0xaa, 0xaa, 
    0xaa, 0xaa, 0xaa, 0xaa, 0x91, 0xaa, 0xaa, 0xaa, 0xff, 0xff, 0xff, 0xff, 0xff, 0xff, 0xff, 0xff, 
    0xff, 0xff, 0xff, 0xff, 0xff, 0xff, 0xfe, 0x2f, 0xff, 0xff, 0xff, 0xff, 0xff, 0xff, 0xff, 0xff, 
    0xff, 0xff, 0xff, 0xff, 0xff, 0xff, 0xff, 0xf5, 0xab, 0xa5, 0x56, 0xf9, 0x55, 0x55, 0x55, 0x55, 
    0x55, 0x55, 0x55, 0x55, 0x55, 0x50, 0x00, 0x6a, 0xa6, 0xaa, 0xab, 0xfe, 0xbf, 0xff, 0xff, 0xf9, 
    0x6a, 0xaa, 0x5b, 0xf7, 0xff, 0xff, 0x40, 0x00, 0x00, 0x00, 0x00, 0x00, 0x00, 0x00, 0x00, 0x00, 
    0x00, 0x14, 0x00, 0x00, 0x00, 0x00, 0x00, 0x00, 0x00, 0x00, 0x00, 0x00, 0x00, 0x00, 0x00, 0x00, 
    0x00, 0x00, 0x15, 0x54, 0x00, 0x55, 0x55, 0x55, 0x55, 0x55, 0x55, 0xaa, 0x55, 0x55, 0x00, 0x00, 
    0x00, 0x00, 0x15, 0x7b, 0xff, 0xff, 0xff, 0xff, 0xff, 0xff, 0xff, 0xff, 0xff, 0xff, 0xff, 0xff, 
    0xff, 0xff, 0xff, 0xff, 0xff, 0xff, 0xff, 0xff, 0xff, 0xff, 0xff, 0xff, 0xff, 0xff, 0xff, 0xff, 
    0xff, 0xff, 0xff, 0xff, 0xff, 0xff, 0xff, 0xff, 0xff, 0xff, 0xff, 0xff, 0xff, 0xff, 0xff, 0xff, 
    0xff, 0xff, 0xff, 0xff, 0xff, 0xff, 0xff, 0xff, 0xff, 0xff, 0xff, 0xff, 0xff, 0xff, 0xff, 0xfc, 
    0x2f, 0xff, 0xff, 0xff, 0xff, 0xff, 0xff, 0xff, 0xff, 0xff, 0xff, 0xff, 0xff, 0xff, 0xff, 0xff, 
    0xff, 0xff, 0xf9, 0x2a, 0xaa, 0xaa, 0xaa, 0xaa, 0xaa, 0xaa, 0xaa, 0xaa, 0xa4, 0xaa, 0xaa, 0xaa, 
    0xff, 0xff, 0xff, 0xff, 0xff, 0xff, 0xff, 0xff, 0xff, 0xff, 0xff, 0xff, 0xff, 0xff, 0xf5, 0xff, 
    0xff, 0xff, 0xff, 0xff, 0xff, 0xff, 0xff, 0xff, 0xff, 0xff, 0xff, 0xff, 0xff, 0xff, 0xff, 0xd7, 
    0xfe, 0x55, 0x5b, 0xe5, 0x55, 0x55, 0x55, 0x55, 0x55, 0x55, 0x55, 0x55, 0x55, 0x00, 0x00, 0xab, 
    0xe2, 0xaa, 0xbf, 0xff, 0xbf, 0xff, 0xff, 0x9b, 0xea, 0xff, 0xf5, 0xbd, 0xef, 0xff, 0xd0, 0x00, 
    0x00, 0x00, 0x00, 0x00, 0x00, 0x00, 0x00, 0x00, 0x00, 0x00, 0x00, 0x00, 0x00, 0x00, 0x00, 0x00, 
    0x00, 0x00, 0x00, 0x00, 0x00, 0x00, 0x00, 0x00, 0x00, 0x00, 0x00, 0x55, 0x00, 0x05, 0x55, 0x55, 
    0x55, 0x55, 0x55, 0x6a, 0xa5, 0x55, 0x90, 0x00, 0x00, 0x00, 0x15, 0x6e, 0xff, 0xff, 0xff, 0xff, 
    0xff, 0xff, 0xff, 0xff, 0xff, 0xff, 0xff, 0xff, 0xff, 0xff, 0xff, 0xff, 0xff, 0xff, 0xff, 0xff, 
    0xff, 0xff, 0xff, 0xff, 0xff, 0xff, 0xff, 0xff, 0xff, 0xff, 0xff, 0xff, 0xff, 0xff, 0xff, 0xff, 
    0xff, 0xff, 0xff, 0xff, 0xff, 0xff, 0xff, 0xff, 0xff, 0xff, 0xff, 0xff, 0xff, 0xff, 0xff, 0xff, 
    0xff, 0xff, 0xff, 0xff, 0xff, 0xff, 0xff, 0xfe, 0x0b, 0xff, 0xff, 0xff, 0xff, 0xff, 0xff, 0xff, 
    0xff, 0xff, 0xff, 0xff, 0xff, 0xff, 0xff, 0xff, 0xff, 0xff, 0xfa, 0x1a, 0xaa, 0xaa, 0xaa, 0xaa, 
    0xaa, 0xaa, 0xaa, 0xaa, 0xa4, 0x6a, 0xaa, 0xaa, 0xff, 0xff, 0xff, 0xff, 0xff, 0xff, 0xff, 0xff, 
    0xff, 0xff, 0xff, 0xff, 0xff, 0xff, 0xd7, 0xfe, 0xff, 0xff, 0xff, 0xff, 0xff, 0xff, 0xff, 0xff, 
    0xff, 0xff, 0xff, 0xff, 0xff, 0xff, 0xff, 0x8f, 0xe5, 0x55, 0xbe, 0x55, 0x55, 0x55, 0x55, 0x55, 
    0x55, 0x55, 0x55, 0x55, 0x50, 0x00, 0x00, 0xff, 0xe2, 0xab, 0xff, 0xff, 0x9f, 0xff, 0xfd, 0xaa, 
    0xff, 0xff, 0xfe, 0x5a, 0xbb, 0xff, 0xf8, 0x00, 0x00, 0x00, 0x00, 0x00, 0x00, 0x00, 0x00, 0x00, 
    0x00, 0x00, 0x00, 0x00, 0x00, 0x00, 0x00, 0x00, 0x00, 0x00, 0x00, 0x00, 0x00, 0x00, 0x00, 0x00, 
    0x00, 0x00, 0x00, 0x00, 0x50, 0x00, 0x55, 0x55, 0x55, 0x55, 0x55, 0x5a, 0xa9, 0x55, 0x59, 0x00, 
    0x00, 0x00, 0x05, 0x4b, 0xbf, 0xff, 0xff, 0xff, 0xff, 0xff, 0xff, 0xff, 0xff, 0xff, 0xff, 0xff, 
    0xff, 0xff, 0xff, 0xff, 0xff, 0xff, 0xff, 0xff, 0xff, 0xff, 0xff, 0xff, 0xff, 0xff, 0xff, 0xff, 
    0xff, 0xff, 0xff, 0xff, 0xff, 0xff, 0xff, 0xff, 0xff, 0xff, 0xff, 0xff, 0xff, 0xff, 0xff, 0xff, 
    0xff, 0xff, 0xff, 0xff, 0xff, 0xff, 0xff, 0xff, 0xff, 0xff, 0xff, 0xff, 0xff, 0xff, 0xff, 0xff, 
    0x43, 0xff, 0xff, 0xff, 0xff, 0xff, 0xff, 0xff, 0xfa, 0xaf, 0xff, 0xff, 0xff, 0xff, 0xff, 0xff, 
    0xff, 0xff, 0xfe, 0x86, 0xaa, 0xaa, 0xaa, 0xaa, 0xaa, 0xaa, 0xaa, 0xaa, 0xa9, 0x1a, 0xaa, 0xaa, 
    0xff, 0xff, 0xff, 0xff, 0xff, 0xff, 0xff, 0xff, 0xff, 0xff, 0xff, 0xff, 0xff, 0xff, 0x2f, 0xfb, 
    0xff, 0xff, 0xff, 0xff, 0xff, 0xff, 0xff, 0xff, 0xff, 0xff, 0xff, 0xff, 0xff, 0xff, 0xfe, 0x3f, 
    0x95, 0x56, 0xf9, 0x55, 0x55, 0x55, 0x55, 0x55, 0x55, 0x55, 0x55, 0x55, 0x00, 0x00, 0x02, 0xff, 
    0xf0, 0xab, 0xff, 0xfa, 0xab, 0xff, 0xea, 0xab, 0xff, 0xff, 0xff, 0xa5, 0x7e, 0xbf, 0xff, 0x00, 
    0x00, 0x00, 0x00, 0x00, 0x00, 0x00, 0x00, 0x00, 0x00, 0x00, 0x00, 0x00, 0x00, 0x00, 0x00, 0x00, 
    0x00, 0x00, 0x00, 0x00, 0x05, 0x00, 0x00, 0x00, 0x00, 0x00, 0x00, 0x00, 0x00, 0x00, 0x05, 0x55, 
    0x55, 0x55, 0x55, 0x56, 0xaa, 0x55, 0x55, 0x50, 0x00, 0x00, 0x01, 0x51, 0xef, 0xff, 0xff, 0xff, 
    0xff, 0xff, 0xff, 0xff, 0xff, 0xff, 0xff, 0xff, 0xff, 0xff, 0xff, 0xff, 0xff, 0xff, 0xff, 0xff, 
    0xff, 0xff, 0xff, 0xff, 0xff, 0xff, 0xff, 0xff, 0xff, 0xff, 0xff, 0xff, 0xff, 0xff, 0xff, 0xff, 
    0xff, 0xff, 0xff, 0xff, 0xff, 0xff, 0xff, 0xff, 0xff, 0xff, 0xff, 0xff, 0xff, 0xff, 0xff, 0xff, 
    0xff, 0xff, 0xff, 0xff, 0xff, 0xff, 0xff, 0xff, 0xc1, 0xff, 0xff, 0xff, 0xff, 0xff, 0xff, 0xff, 
    0xea, 0xaa, 0xab, 0xff, 0xff, 0xff, 0xff, 0xff, 0xff, 0xff, 0xff, 0x92, 0xaa, 0xaa, 0xaa, 0xaa, 
    0xaa, 0xaa, 0xaa, 0xaa, 0xaa, 0x0a, 0xaa, 0xaa, 0xff, 0xff, 0xff, 0xff, 0xff, 0xff, 0xff, 0xff, 
    0xff, 0xff, 0xff, 0xff, 0xff, 0xf9, 0xff, 0xbf, 0xff, 0xff, 0xff, 0xff, 0xff, 0xff, 0xff, 0xff, 
    0xff, 0xff, 0xff, 0xff, 0xff, 0xff, 0xf8, 0xf9, 0x55, 0x6f, 0xe5, 0x55, 0x55, 0x55, 0x55, 0x55, 
    0x55, 0x55, 0x55, 0x50, 0x00, 0x00, 0x02, 0xff, 0xe4, 0xbf, 0xff, 0xaa, 0xa7, 0xff, 0xaa, 0xaf, 
    0xff, 0xff, 0xff, 0xea, 0x5f, 0x6f, 0xff, 0xc0, 0x00, 0x00, 0x00, 0x00, 0x00, 0x00, 0x00, 0x00, 
    0x00, 0x00, 0x00, 0x00, 0x00, 0x00, 0x00, 0x00, 0x00, 0x00, 0x00, 0x00, 0x00, 0x01, 0x55, 0x40, 
    0x00, 0x00, 0x00, 0x00, 0x00, 0x00, 0x00, 0x55, 0x55, 0x55, 0x55, 0x55, 0xaa, 0x95, 0x55, 0x55, 
    0x00, 0x00, 0x00, 0x54, 0x7b, 0xff, 0xff, 0xff, 0xff, 0xff, 0xff, 0xff, 0xff, 0xff, 0xff, 0xff, 
    0xff, 0xff, 0xff, 0xff, 0xff, 0xff, 0xff, 0xff, 0xff, 0xff, 0xff, 0xff, 0xff, 0xff, 0xff, 0xff, 
    0xff, 0xff, 0xff, 0xff, 0xff, 0xff, 0xff, 0xff, 0xff, 0xff, 0xff, 0xff, 0xff, 0xff, 0xff, 0xff, 
    0xff, 0xff, 0xff, 0xff, 0xff, 0xff, 0xff, 0xff, 0xff, 0xff, 0xff, 0xff, 0xff, 0xff, 0xff, 0xff, 
    0xe0, 0xbf, 0xff, 0xff, 0xff, 0xff, 0xff, 0xff, 0xaa, 0xaa, 0xaa, 0xab, 0xff, 0xff, 0xff, 0xff, 
    0xff, 0xff, 0xff, 0xa0, 0xaa, 0xaa, 0xaa, 0xaa, 0xaa, 0xaa, 0xaa, 0xaa, 0xaa, 0x86, 0xaa, 0xaa, 
    0xff, 0xff, 0xff, 0xff, 0xff, 0xff, 0xff, 0xff, 0xff, 0xff, 0xff, 0xff, 0xff, 0xe7, 0xff, 0xff, 
    0xff, 0xff, 0xff, 0xff, 0xff, 0xff, 0xff, 0xff, 0xff, 0xff, 0xff, 0xff, 0xff, 0xff, 0xf7, 0xe5, 
    0x55, 0xbe, 0x55, 0x55, 0x55, 0x55, 0x55, 0x55, 0x55, 0x55, 0x55, 0x00, 0x00, 0x00, 0x01, 0xfa, 
    0xfe, 0x2f, 0xfa, 0xaa, 0xa7, 0xfe, 0xaa, 0xab, 0xff, 0xff, 0xff, 0xfa, 0x9f, 0xd7, 0xff, 0xf4, 
    0x00, 0x00, 0x00, 0x00, 0x00, 0x00, 0x00, 0x00, 0x00, 0x00, 0x00, 0x00, 0x00, 0x00, 0x00, 0x00, 
    0x00, 0x00, 0x00, 0x00, 0x00, 0x00, 0x00, 0x55, 0x54, 0x00, 0x00, 0x69, 0x40, 0x00, 0x00, 0x05, 
    0x55, 0x55, 0x55, 0x55, 0x6a, 0xa5, 0x55, 0x55, 0x40, 0x00, 0x00, 0x15, 0x1e, 0xbf, 0xff, 0xff, 
    0xff, 0xff, 0xff, 0xff, 0xff, 0xff, 0xff, 0xff, 0xff, 0xff, 0xff, 0xff, 0xff, 0xff, 0xff, 0xff, 
    0xff, 0xff, 0xff, 0xff, 0xff, 0xff, 0xff, 0xff, 0xff, 0xff, 0xff, 0xff, 0xff, 0xff, 0xff, 0xff, 
    0xff, 0xff, 0xff, 0xff, 0xff, 0xff, 0xff, 0xff, 0xff, 0xff, 0xff, 0xff, 0xff, 0xff, 0xff, 0xff, 
    0xff, 0xff, 0xff, 0xff, 0xff, 0xff, 0xff, 0xff, 0xf4, 0x3f, 0xff, 0xff, 0xff, 0xff, 0xff, 0xfe, 
    0xaa, 0xaa, 0xaa, 0xaa, 0xab, 0xff, 0xff, 0xff, 0xff, 0xff, 0xff, 0xe8, 0x6a, 0xaa, 0xaa, 0xaa, 
    0xaa, 0xaa, 0xaa, 0xaa, 0xaa, 0x92, 0xaa, 0xaa, 0xff, 0xff, 0xff, 0xff, 0xff, 0xff, 0xff, 0xff, 
    0xff, 0xff, 0xff, 0xff, 0xff, 0x9f, 0xff, 0xff, 0xff, 0xff, 0xff, 0xff, 0xff, 0xff, 0xff, 0xff, 
    0xff, 0xff, 0xff, 0xff, 0xff, 0xff, 0xde, 0x55, 0x5b, 0xf9, 0x55, 0x55, 0x55, 0x55, 0x55, 0x55, 
    0x55, 0x55, 0x50, 0x00, 0x00, 0x00, 0x00, 0x7f, 0xff, 0xca, 0xaa, 0xaa, 0xa7, 0xff, 0x6a, 0xab, 
    0xff, 0xff, 0xff, 0xea, 0xab, 0xf5, 0xbf, 0xfe, 0x00, 0x00, 0x00, 0x00, 0x00, 0x00, 0x00, 0x00, 
    0x00, 0x00, 0x00, 0x00, 0x00, 0x00, 0x00, 0x00, 0x00, 0x00, 0x00, 0x00, 0x00, 0x00, 0x00, 0x00, 
    0x15, 0x55, 0x40, 0x01, 0x50, 0x00, 0x00, 0x00, 0x55, 0x55, 0x55, 0x55, 0x5a, 0xa9, 0x55, 0x55, 
    0x14, 0x00, 0x00, 0x05, 0x47, 0xaf, 0xff, 0xff, 0xff, 0xff, 0xff, 0xff, 0xff, 0xff, 0xff, 0xff, 
    0xff, 0xff, 0xff, 0xff, 0xff, 0xff, 0xff, 0xff, 0xff, 0xff, 0xff, 0xff, 0xff, 0xff, 0xff, 0xff, 
    0xff, 0xff, 0xff, 0xff, 0xff, 0xff, 0xff, 0xff, 0xff, 0xff, 0xff, 0xff, 0xff, 0xff, 0xff, 0xff, 
    0xff, 0xff, 0xff, 0xff, 0xff, 0xff, 0xff, 0xff, 0xff, 0xff, 0xff, 0xff, 0xff, 0xff, 0xff, 0xff, 
    0xfc, 0x1f, 0xff, 0xff, 0xff, 0xff, 0xff, 0xfa, 0xaa, 0xaa, 0xaa, 0xaa, 0xaa, 0xab, 0xff, 0xff, 
    0xff, 0xff, 0xff, 0xe9, 0x2a, 0xaa, 0xaa, 0xaa, 0xaa, 0xaa, 0xaa, 0xaa, 0xaa, 0xa0, 0xaa, 0xaa, 
    0xff, 0xff, 0xff, 0xff, 0xff, 0xff, 0xff, 0xff, 0xff, 0xff, 0xff, 0xff, 0xfe, 0xbf, 0xff, 0xff, 
    0xff, 0xff, 0xff, 0xff, 0xff, 0xff, 0xff, 0xff, 0xff, 0xff, 0xff, 0xff, 0xff, 0xff, 0x65, 0x55, 
    0xbf, 0xe5, 0x55, 0x55, 0x55, 0x55, 0x55, 0x55, 0x55, 0x55, 0x00, 0x00, 0x00, 0x00, 0x00, 0xbf, 
    0xff, 0xf5, 0xaa, 0xaa, 0xab, 0xfe, 0x6a, 0xab, 0xff, 0xff, 0xfe, 0xaa, 0xa7, 0xfe, 0xaf, 0xff, 
    0xc0, 0x00, 0x00, 0x00, 0x00, 0x00, 0x00, 0x00, 0x00, 0x00, 0x00, 0x00, 0x00, 0x00, 0x00, 0x00, 
    0x00, 0x00, 0x00, 0x00, 0x00, 0x00, 0x00, 0x00, 0x00, 0x05, 0x55, 0x40, 0x04, 0x00, 0x00, 0x00, 
    0x05, 0x55, 0x55, 0x55, 0x56, 0xaa, 0x55, 0x55, 0x51, 0x40, 0x00, 0x01, 0x50, 0xfb, 0xff, 0xff, 
    0xff, 0xff, 0xff, 0xff, 0xff, 0xff, 0xff, 0xff, 0xff, 0xff, 0xff, 0xff, 0xff, 0xff, 0xff, 0xff, 
    0xff, 0xff, 0xff, 0xff, 0xff, 0xff, 0xff, 0xff, 0xff, 0xff, 0xff, 0xff, 0xff, 0xff, 0xff, 0xff, 
    0xff, 0xff, 0xff, 0xff, 0xff, 0xff, 0xff, 0xff, 0xff, 0xff, 0xff, 0xff, 0xff, 0xff, 0xff, 0xff, 
    0xff, 0xff, 0xff, 0xff, 0xff, 0xff, 0xff, 0xff, 0xfe, 0x0b, 0xff, 0xff, 0xff, 0xff, 0xff, 0xfa, 
    0xaa, 0xaa, 0xaa, 0xaa, 0xaa, 0xaa, 0xab, 0xff, 0xff, 0xff, 0xff, 0xfa, 0x4a, 0xaa, 0xaa, 0xaa, 
    0xaa, 0xaa, 0xaa, 0xaa, 0xaa, 0xa8, 0x6a, 0xaa, 0xff, 0xff, 0xff, 0xff, 0xff, 0xff, 0xff, 0xff, 
    0xff, 0xff, 0xff, 0xff, 0xf6, 0xff, 0xff, 0xff, 0xff, 0xff, 0xff, 0xff, 0xff, 0xff, 0xff, 0xff, 
    0xff, 0xef, 0xff, 0xff, 0xff, 0xfd, 0x55, 0x56, 0xfe, 0x55, 0x55, 0x55, 0x55, 0x55, 0x55, 0x55, 
    0x55, 0x50, 0x00, 0x00, 0x00, 0x00, 0x00, 0x3f, 0xff, 0xfe, 0x2a, 0xaa, 0x9f, 0xfd, 0x6a, 0xab, 
    0xff, 0xff, 0xea, 0xaa, 0xaa, 0xff, 0x9f, 0xff, 0xf4, 0x00, 0x00, 0x00, 0x00, 0x00, 0x00, 0x00, 
    0x00, 0x00, 0x00, 0x00, 0x00, 0x00, 0x00, 0x00, 0x00, 0x00, 0x00, 0x00, 0x00, 0x00, 0x00, 0x00, 
    0x00, 0xa9, 0x00, 0x55, 0x40, 0x00, 0x00, 0x00, 0x00, 0x55, 0x55, 0x55, 0x55, 0xaa, 0x95, 0x55, 
    0x55, 0x10, 0x00, 0x01, 0x54, 0x3e, 0xff, 0xff, 0xff, 0xff, 0xff, 0xff, 0xff, 0xff, 0xff, 0xff, 
    0xff, 0xff, 0xff, 0xff, 0xff, 0xff, 0xff, 0xff, 0xff, 0xff, 0xff, 0xff, 0xff, 0xff, 0xff, 0xff, 
    0xff, 0xff, 0xff, 0xff, 0xff, 0xff, 0xff, 0xff, 0xff, 0xff, 0xff, 0xff, 0xff, 0xff, 0xff, 0xff, 
    0xff, 0xff, 0xff, 0xff, 0xff, 0xff, 0xff, 0xff, 0xff, 0xff, 0xff, 0xff, 0xff, 0xff, 0xff, 0xff, 
    0xff, 0x42, 0xff, 0xff, 0xff, 0xff, 0xff, 0xfa, 0xaa, 0xaa, 0xaa, 0xaa, 0xaa, 0xaa, 0xaa, 0xab, 
    0xff, 0xff, 0xff, 0xfe, 0x86, 0xaa, 0xaa, 0xaa, 0xaa, 0xaa, 0xaa, 0xaa, 0xaa, 0xa9, 0x2a, 0xaa, 
    0xff, 0xff, 0xff, 0xff, 0xff, 0xff, 0xff, 0xff, 0xff, 0xff, 0xff, 0xff, 0xdb, 0xff, 0xff, 0xff, 
    0xff, 0xff, 0xff, 0xff, 0xff, 0xff, 0xff, 0xff, 0xfe, 0xbf, 0xff, 0xff, 0xff, 0xf5, 0x55, 0x6f, 
    0xf9, 0x55, 0x55, 0x55, 0x55, 0x55, 0x55, 0x55, 0x54, 0x00, 0x00, 0x00, 0x00, 0x00, 0x00, 0x0f, 
    0xff, 0xff, 0xc1, 0xaa, 0x7f, 0xfc, 0xaa, 0xaa, 0xbf, 0xff, 0xaa, 0xaa, 0xaa, 0xff, 0xfb, 0xff, 
    0xfd, 0x00, 0x00, 0x00, 0x00, 0x00, 0x00, 0x00, 0x00, 0x00, 0x00, 0x00, 0x00, 0x00, 0x00, 0x00, 
    0x00, 0x00, 0x00, 0x00, 0x00, 0x00, 0x00, 0x00, 0x1f, 0xff, 0xfa, 0x40, 0x00, 0x00, 0x00, 0x00, 
    0x00, 0x05, 0x55, 0x55, 0x55, 0xaa, 0xa5, 0x55, 0x55, 0x45, 0x00, 0x00, 0x55, 0x0b, 0xaf, 0xff, 
    0xff, 0xff, 0xff, 0xff, 0xff, 0xff, 0xff, 0xff, 0xff, 0xff, 0xff, 0xff, 0xff, 0xff, 0xff, 0xff, 
    0xff, 0xff, 0xff, 0xff, 0xff, 0xff, 0xff, 0xff, 0xff, 0xff, 0xff, 0xff, 0xff, 0xff, 0xff, 0xff, 
    0xff, 0xff, 0xff, 0xff, 0xff, 0xff, 0xff, 0xff, 0xff, 0xff, 0xff, 0xff, 0xff, 0xff, 0xff, 0xff, 
    0xff, 0xff, 0xff, 0xff, 0xff, 0xff, 0xff, 0xff, 0xff, 0xd0, 0xff, 0xff, 0xff, 0xff, 0xff, 0xfa, 
    0xaa, 0xaa, 0xaa, 0xaa, 0xaa, 0xaa, 0xaa, 0xaa, 0xab, 0xff, 0xff, 0xfe, 0xa2, 0xaa, 0xaa, 0xaa, 
    0xaa, 0xaa, 0xaa, 0xaa, 0xaa, 0xaa, 0x0a, 0xaa, 0xff, 0xff, 0xff, 0xff, 0xff, 0xff, 0xff, 0xff, 
    0xff, 0xff, 0xff, 0xff, 0x6f, 0xff, 0xff, 0xff, 0xff, 0xff, 0xff, 0xff, 0xff, 0xff, 0xff, 0xff, 
    0xfb, 0xff, 0xff, 0xff, 0xff, 0xd5, 0x55, 0xbf, 0xe5, 0x55, 0x55, 0x55, 0x55, 0x55, 0x55, 0x55, 
    0x40, 0x00, 0x00, 0x00, 0x00, 0x00, 0x00, 0x07, 0xff, 0xff, 0xf8, 0x15, 0xff, 0xfc, 0xaa, 0xaa, 
    0xaf, 0xfe, 0xaa, 0xaa, 0xa9, 0xff, 0xff, 0xfa, 0xaf, 0x80, 0x00, 0x00, 0x00, 0x00, 0x00, 0x00, 
    0x00, 0x00, 0x00, 0x00, 0x00, 0x00, 0x00, 0x00, 0x00, 0x00, 0x00, 0x00, 0x00, 0x00, 0x00, 0x06, 
    0x55, 0xbf, 0xff, 0xfe, 0x40, 0x00, 0x00, 0x00, 0x00, 0x01, 0x55, 0x55, 0x55, 0x6a, 0xa9, 0x55, 
    0x55, 0x51, 0x50, 0x00, 0x15, 0x42, 0xeb, 0xff, 0xff, 0xff, 0xff, 0xff, 0xff, 0xff, 0xff, 0xff, 
    0xff, 0xff, 0xff, 0xff, 0xff, 0xff, 0xff, 0xff, 0xff, 0xff, 0xff, 0xff, 0xff, 0xff, 0xff, 0xff, 
    0xff, 0xff, 0xff, 0xff, 0xff, 0xff, 0xff, 0xff, 0xff, 0xff, 0xff, 0xff, 0xff, 0xff, 0xff, 0xff, 
    0xff, 0xff, 0xff, 0xff, 0xff, 0xff, 0xff, 0xff, 0xff, 0xff, 0xff, 0xff, 0xff, 0xff, 0xff, 0xff, 
    0xff, 0xe0, 0x7f, 0xff, 0xff, 0xff, 0xff, 0xea, 0xaa, 0xaa, 0xaa, 0xaa, 0xaa, 0xaa, 0xaa, 0xaa, 
    0xaa, 0xaf, 0xff, 0xff, 0xa4, 0xaa, 0xaa, 0xaa, 0xaa, 0xaa, 0xaa, 0xaa, 0xaa, 0xaa, 0x46, 0xaa, 
    0xff, 0xff, 0xff, 0xff, 0xff, 0xff, 0xff, 0xff, 0xff, 0xff, 0xff, 0xfd, 0xbf, 0xff, 0xff, 0xff, 
    0xff, 0xff, 0xff, 0xff, 0xff, 0xff, 0xff, 0xff, 0xbf, 0xff, 0xff, 0xff, 0xfe, 0x55, 0x5b, 0xfe, 
    0x55, 0x55, 0x55, 0x55, 0x55, 0x55, 0x55, 0x54, 0x00, 0x00, 0x00, 0x00, 0x00, 0x00, 0x00, 0x00, 
    0xff, 0xff, 0xff, 0x47, 0xff, 0xf8, 0xaa, 0xaa, 0xaf, 0xfa, 0xaa, 0xaa, 0xa9, 0xff, 0x96, 0xbf, 
    0xff, 0xd0, 0x00, 0x00, 0x00, 0x00, 0x00, 0x00, 0x00, 0x00, 0x00, 0x00, 0x00, 0x00, 0x00, 0x00, 
    0x00, 0x00, 0x00, 0x00, 0x00, 0x00, 0x01, 0xbf, 0xfe, 0x90, 0x6b, 0xff, 0xfd, 0x00, 0x00, 0x00, 
    0x00, 0x00, 0x15, 0x55, 0x55, 0x5a, 0xaa, 0x55, 0x55, 0x54, 0x54, 0x00, 0x01, 0x50, 0x7e, 0xff, 
    0xff, 0xff, 0xff, 0xff, 0xff, 0xff, 0xff, 0xff, 0xff, 0xff, 0xff, 0xff, 0xff, 0xff, 0xff, 0xff, 
    0xff, 0xff, 0xff, 0xff, 0xff, 0xff, 0xff, 0xff, 0xff, 0xff, 0xff, 0xff, 0xff, 0xff, 0xff, 0xff, 
    0xff, 0xff, 0xff, 0xff, 0xff, 0xff, 0xff, 0xff, 0xff, 0xff, 0xff, 0xff, 0xff, 0xff, 0xff, 0xff, 
    0xff, 0xff, 0xff, 0xff, 0xff, 0xff, 0xff, 0xff, 0xff, 0xf8, 0x2f, 0xff, 0xff, 0xff, 0xff, 0xea, 
    0xaa, 0xaa, 0xaa, 0xaa, 0xaa, 0xaa, 0xaa, 0xaa, 0xaa, 0xaa, 0xaf, 0xff, 0xa8, 0x6a, 0xaa, 0xaa, 
    0xaa, 0xaa, 0xaa, 0xaa, 0xaa, 0xaa, 0x82, 0xaa, 0xff, 0xff, 0xff, 0xff, 0xff, 0xff, 0xff, 0xff, 
    0xff, 0xff, 0xff, 0xf6, 0xff, 0xff, 0xff, 0xff, 0xff, 0xff, 0xff, 0xff, 0xff, 0xff, 0xff, 0xfa, 
    0xff, 0xff, 0xff, 0xff, 0xf9, 0x15, 0x6f, 0xf9, 0x55, 0x55, 0x55, 0x55, 0x55, 0x55, 0x55, 0x50, 
    0x00, 0x00, 0x00, 0x00, 0x00, 0x00, 0x00, 0x00, 0x2f, 0xff, 0xff, 0xe0, 0xbf, 0xf9, 0x2a, 0xaa, 
    0xab, 0xe5, 0x46, 0xaa, 0xa9, 0x56, 0xff, 0xff, 0xff, 0xf0, 0x00, 0x00, 0x00, 0x00, 0x00, 0x00, 
    0x00, 0x00, 0x00, 0x00, 0x00, 0x00, 0x00, 0x00, 0x00, 0x00, 0x00, 0x00, 0x00, 0x00, 0x6f, 0xff, 
    0xff, 0xff, 0xa4, 0x1a, 0xff, 0xe4, 0x00, 0x00, 0x00, 0x00, 0x01, 0x56, 0x55, 0x56, 0xaa, 0x55, 
    0x55, 0x55, 0x55, 0x40, 0x00, 0x55, 0x0f, 0xbf, 0xff, 0xff, 0xff, 0xff, 0xff, 0xff, 0xff, 0xff, 
    0xff, 0xff, 0xff, 0xff, 0xff, 0xff, 0xff, 0xff, 0xff, 0xff, 0xff, 0xff, 0xff, 0xff, 0xff, 0xff, 
    0xff, 0xff, 0xff, 0xff, 0xff, 0xff, 0xff, 0xff, 0xff, 0xff, 0xff, 0xff, 0xff, 0xff, 0xff, 0xff, 
    0xff, 0xff, 0xff, 0xff, 0xff, 0xff, 0xff, 0xff, 0xff, 0xff, 0xff, 0xff, 0xff, 0xff, 0xff, 0xff, 
    0xff, 0xfd, 0x0f, 0xff, 0xff, 0xff, 0xff, 0xea, 0xaa, 0xaa, 0xaa, 0xaa, 0xaa, 0xaa, 0xaa, 0xaa, 
    0xaa, 0xaa, 0xaa, 0xbf, 0xea, 0x1a, 0xaa, 0xaa, 0xaa, 0xaa, 0xaa, 0xaa, 0xaa, 0xaa, 0xa1, 0xaa, 
    0xff, 0xff, 0xff, 0xff, 0xff, 0xff, 0xff, 0xff, 0xff, 0xff, 0xff, 0xd7, 0xff, 0xff, 0xff, 0xff, 
    0xff, 0xff, 0xff, 0xff, 0xff, 0xff, 0xff, 0xaf, 0xff, 0xff, 0xff, 0xff, 0x94, 0x56, 0xff, 0xe5, 
    0x55, 0x55, 0x55, 0x55, 0x55, 0x55, 0x55, 0x00, 0x00, 0x00, 0x00, 0x00, 0x00, 0x00, 0x00, 0x00, 
    0x02, 0xff, 0xff, 0xfe, 0x1b, 0xfa, 0x4a, 0xaa, 0xaa, 0x59, 0x05, 0x5a, 0x95, 0x3f, 0xff, 0xff, 
    0xff, 0xf8, 0x00, 0x00, 0x00, 0x00, 0x00, 0x00, 0x00, 0x00, 0x00, 0x00, 0x00, 0x00, 0x00, 0x00, 
    0x00, 0x00, 0x00, 0x00, 0x00, 0x6f, 0xff, 0xff, 0xff, 0xff, 0xff, 0xe9, 0x56, 0xbc, 0x00, 0x00, 
    0x00, 0x00, 0x00, 0x55, 0x55, 0x55, 0xaa, 0x95, 0x55, 0x55, 0x55, 0x50, 0x00, 0x15, 0x42, 0xfb, 
    0xff, 0xff, 0xff, 0xff, 0xff, 0xff, 0xff, 0xff, 0xff, 0xff, 0xff, 0xff, 0xff, 0xff, 0xff, 0xff, 
    0xff, 0xff, 0xff, 0xff, 0xff, 0xff, 0xff, 0xff, 0xff, 0xff, 0xff, 0xff, 0xff, 0xff, 0xff, 0xff, 
    0xff, 0xff, 0xff, 0xff, 0xff, 0xff, 0xff, 0xff, 0xff, 0xff, 0xff, 0xff, 0xff, 0xff, 0xff, 0xff, 
    0xff, 0xff, 0xff, 0xff, 0xff, 0xff, 0xff, 0xff, 0xff, 0xfe, 0x43, 0xff, 0xff, 0xff, 0xff, 0xea, 
    0xaa, 0xaa, 0xaa, 0xaa, 0xaa, 0xaa, 0xaa, 0xaa, 0xaa, 0xaa, 0xaa, 0xaa, 0xaa, 0x4a, 0xaa, 0xaa, 
    0xaa, 0xaa, 0xaa, 0xaa, 0xaa, 0xaa, 0xa4, 0xaa, 0xff, 0xff, 0xff, 0xff, 0xff, 0xff, 0xff, 0xff, 
    0xff, 0xff, 0xff, 0x5f, 0xff, 0xff, 0xff, 0xff, 0xff, 0xff, 0xff, 0xff, 0xff, 0xff, 0xfa, 0xbf, 
    0xff, 0xff, 0xff, 0xf9, 0x51, 0x6b, 0xfe, 0x55, 0x55, 0x55, 0x55, 0x55, 0x55, 0x55, 0x50, 0x00, 
    0x00, 0x01, 0x00, 0x00, 0x00, 0x00, 0x00, 0x00, 0x00, 0x1b, 0xff, 0xff, 0xe5, 0xaa, 0x81, 0xaa, 
    0x92, 0xfe, 0x50, 0x55, 0x6a, 0x5f, 0xff, 0xff, 0xff, 0xfc, 0x00, 0x00, 0x00, 0x00, 0x00, 0x00, 
    0x00, 0x00, 0x00, 0x00, 0x00, 0x00, 0x00, 0x00, 0x00, 0x00, 0x00, 0x00, 0x1b, 0xff, 0xff, 0xff, 
    0xff, 0xff, 0xff, 0xff, 0xff, 0xfe, 0x00, 0x00, 0x00, 0x00, 0x00, 0x05, 0x55, 0x55, 0x6a, 0x95, 
    0x55, 0x55, 0x55, 0x55, 0x00, 0x05, 0x50, 0x7e, 0xff, 0xff, 0xff, 0xff, 0xff, 0xff, 0xff, 0xff, 
    0xff, 0xff, 0xff, 0xff, 0xff, 0xff, 0xff, 0xff, 0xff, 0xff, 0xff, 0xff, 0xff, 0xff, 0xff, 0xff, 
    0xff, 0xff, 0xff, 0xff, 0xff, 0xff, 0xff, 0xff, 0xff, 0xff, 0xff, 0xff, 0xff, 0xff, 0xff, 0xff, 
    0xff, 0xff, 0xff, 0xff, 0xff, 0xff, 0xff, 0xff, 0xff, 0xff, 0xff, 0xff, 0xff, 0xff, 0xff, 0xff, 
    0xff, 0xff, 0x81, 0xff, 0xff, 0xff, 0xff, 0xea, 0xaa, 0xaa, 0xaa, 0xaa, 0xaa, 0xaa, 0xaa, 0xaa, 
    0xaa, 0xaa, 0xaa, 0xaa, 0xaa, 0x82, 0xaa, 0xaa, 0xaa, 0xaa, 0xaa, 0xaa, 0xaa, 0xaa, 0xa8, 0x2a, 
    0xff, 0xff, 0xff, 0xff, 0xff, 0xff, 0xff, 0xff, 0xff, 0xff, 0xfd, 0x7f, 0xff, 0xff, 0xff, 0xff, 
    0xff, 0xff, 0xff, 0xff, 0xff, 0xff, 0xab, 0xff, 0xff, 0xff, 0xff, 0xe5, 0x45, 0xbf, 0xf9, 0x55, 
    0x55, 0x55, 0x55, 0x55, 0x55, 0x55, 0x00, 0x00, 0x00, 0x14, 0x00, 0x00, 0x00, 0x00, 0x00, 0x01, 
    0x00, 0x00, 0x6f, 0xff, 0xff, 0xa5, 0x50, 0x6a, 0x5f, 0xf6, 0xfe, 0x01, 0xaa, 0x9f, 0xff, 0xff, 
    0xff, 0xfc, 0x00, 0x00, 0x00, 0x00, 0x00, 0x00, 0x00, 0x00, 0x00, 0x00, 0x00, 0x00, 0x00, 0x00, 
    0x00, 0x00, 0x00, 0x05, 0xbf, 0xff, 0xff, 0xff, 0xff, 0xff, 0xff, 0xff, 0xff, 0xff, 0x40, 0x00, 
    0x00, 0x00, 0x00, 0x00, 0x56, 0x95, 0x5a, 0xa5, 0x55, 0x55, 0x55, 0x55, 0x40, 0x01, 0x54, 0x0b, 
    0xff, 0xff, 0xff, 0xff, 0xff, 0xff, 0xff, 0xff, 0xff, 0xff, 0xff, 0xff, 0xff, 0xff, 0xff, 0xff, 
    0xff, 0xff, 0xff, 0xff, 0xff, 0xff, 0xff, 0xff, 0xff, 0xff, 0xff, 0xff, 0xff, 0xff, 0xff, 0xff, 
    0xff, 0xff, 0xff, 0xff, 0xff, 0xff, 0xff, 0xff, 0xff, 0xff, 0xff, 0xff, 0xff, 0xff, 0xff, 0xff, 
    0xff, 0xff, 0xff, 0xff, 0xff, 0xff, 0xff, 0xff, 0xff, 0xff, 0xa0, 0xbf, 0xff, 0xff, 0xff, 0xea, 
    0xaa, 0xaa, 0xaa, 0xaa, 0xaa, 0xaa, 0xaa, 0xaa, 0xaa, 0xaa, 0xaa, 0xaa, 0xaa, 0xa1, 0xaa, 0xaa, 
    0xaa, 0xaa, 0xaa, 0xaa, 0xaa, 0xaa, 0xa9, 0x1a, 0xff, 0xff, 0xff, 0xff, 0xff, 0xff, 0xff, 0xff, 
    0xff, 0xff, 0xf9, 0xff, 0xff, 0xff, 0xff, 0xff, 0xff, 0xff, 0xff, 0xff, 0xff, 0xfe, 0xbf, 0xff, 
    0xff, 0xff, 0xfe, 0x55, 0x1b, 0xff, 0xe5, 0x55, 0x55, 0x55, 0x55, 0x55, 0x55, 0x50, 0x00, 0x00, 
    0x00, 0x40, 0x00, 0x00, 0x00, 0x00, 0x00, 0x01, 0x00, 0x15, 0xa5, 0x7f, 0xff, 0xff, 0xe5, 0x15, 
    0xff, 0x5f, 0xff, 0xd0, 0x06, 0xa7, 0xff, 0xff, 0xff, 0xfc, 0x00, 0x00, 0x00, 0x00, 0x00, 0x00, 
    0x00, 0x00, 0x00, 0x00, 0x00, 0x00, 0x00, 0x00, 0x00, 0x00, 0x1b, 0xff, 0xea, 0xbf, 0xff, 0xff, 
    0xff, 0xff, 0xff, 0xff, 0xff, 0xff, 0xc0, 0x00, 0x00, 0x00, 0x00, 0x00, 0x16, 0xa9, 0x56, 0xa5, 
    0x55, 0x55, 0x55, 0x55, 0x50, 0x00, 0x55, 0x41, 0xff, 0xff, 0xff, 0xff, 0xff, 0xff, 0xff, 0xff, 
    0xff, 0xff, 0xff, 0xff, 0xff, 0xff, 0xff, 0xff, 0xff, 0xff, 0xff, 0xff, 0xff, 0xff, 0xff, 0xff, 
    0xff, 0xff, 0xff, 0xff, 0xff, 0xff, 0xff, 0xff, 0xff, 0xff, 0xff, 0xff, 0xff, 0xff, 0xff, 0xff, 
    0xff, 0xff, 0xff, 0xff, 0xff, 0xff, 0xff, 0xff, 0xff, 0xff, 0xff, 0xff, 0xff, 0xff, 0xff, 0xff, 
    0xff, 0xff, 0xe4, 0x2f, 0xff, 0xff, 0xff, 0xea, 0xaa, 0xaa, 0xaa, 0xaa, 0xaa, 0xaa, 0xaa, 0xaa, 
    0xaa, 0xaa, 0xaa, 0xaa, 0xaa, 0xa4, 0xaa, 0xaa, 0xaa, 0xaa, 0xaa, 0xaa, 0xaa, 0xaa, 0xaa, 0x0a, 
    0xff, 0xff, 0xff, 0xff, 0xff, 0xff, 0xff, 0xff, 0xff, 0xff, 0xe3, 0xff, 0xff, 0xff, 0xff, 0xff, 
    0xff, 0xff, 0xff, 0xff, 0xff, 0xe6, 0xff, 0xff, 0xff, 0xff, 0xf9, 0x54, 0x6f, 0xfe, 0x55, 0x55, 
    0x55, 0x55, 0x55, 0x55, 0x55, 0x00, 0x00, 0x01, 0x04, 0x00, 0x00, 0x00, 0x04, 0x00, 0x00, 0x01, 
    0x40, 0x05, 0x6f, 0x96, 0xff, 0xff, 0xff, 0xff, 0xf8, 0xbf, 0xff, 0xf8, 0x00, 0x01, 0xff, 0xff, 
    0xff, 0xfc, 0x00, 0x00, 0x00, 0x00, 0x00, 0x00, 0x00, 0x00, 0x00, 0x00, 0x00, 0x00, 0x00, 0x00, 
    0x00, 0x6b, 0xff, 0xff, 0xff, 0xff, 0xff, 0xff, 0xff, 0xff, 0xff, 0xff, 0xff, 0xff, 0xe0, 0x00, 
    0x00, 0x00, 0x00, 0x00, 0x01, 0xaa, 0xa5, 0x69, 0x55, 0x55, 0x55, 0x55, 0x55, 0x00, 0x15, 0x50, 
    0x2f, 0xff, 0xff, 0xff, 0xff, 0xff, 0xff, 0xff, 0xff, 0xff, 0xff, 0xff, 0xff, 0xff, 0xff, 0xff, 
    0xff, 0xff, 0xff, 0xff, 0xff, 0xff, 0xff, 0xff, 0xff, 0xff, 0xff, 0xff, 0xff, 0xff, 0xff, 0xff, 
    0xff, 0xff, 0xff, 0xff, 0xff, 0xff, 0xff, 0xff, 0xff, 0xff, 0xff, 0xff, 0xff, 0xff, 0xff, 0xff, 
    0xff, 0xff, 0xff, 0xff, 0xff, 0xff, 0xff, 0xff, 0xff, 0xff, 0xf9, 0x0b, 0xff, 0xff, 0xff, 0xea, 
    0xaa, 0xaa, 0xaa, 0xaa, 0xaa, 0xaa, 0xaa, 0xaa, 0xaa, 0xaa, 0xaa, 0xaa, 0xaa, 0xa8, 0x2a, 0xaa, 
    0xaa, 0xaa, 0xaa, 0xaa, 0xaa, 0xaa, 0xaa, 0x82, 0xff, 0xff, 0xff, 0xff, 0xff, 0xff, 0xff, 0xff, 
    0xff, 0xff, 0x8f, 0xff, 0xff, 0xff, 0xff, 0xff, 0xff, 0xff, 0xff, 0xff, 0xfe, 0x5f, 0xff, 0xff, 
    0xff, 0xff, 0x95, 0x56, 0xff, 0xf9, 0x55, 0x55, 0x55, 0x55, 0x55, 0x55, 0x50, 0x00, 0x00, 0x01, 
    0x50, 0x00, 0x00, 0x00, 0x00, 0x00, 0x01, 0x00, 0x40, 0x01, 0x56, 0xf8, 0x7f, 0xff, 0xff, 0xff, 
    0xd2, 0xff, 0xff, 0xff, 0x41, 0x50, 0xbf, 0xff, 0xff, 0xfc, 0x00, 0x00, 0x00, 0x00, 0x00, 0x00, 
    0x00, 0x00, 0x00, 0x00, 0x00, 0x00, 0x00, 0x01, 0x6f, 0xff, 0xff, 0xff, 0xff, 0xff, 0xff, 0xff, 
    0xff, 0xff, 0xff, 0xff, 0xff, 0xff, 0xf4, 0x00, 0x00, 0x00, 0x00, 0x00, 0x00, 0x1a, 0xa9, 0x55, 
    0x55, 0x55, 0x55, 0x55, 0x55, 0x40, 0x05, 0x55, 0x07, 0xff, 0xff, 0xff, 0xff, 0xff, 0xff, 0xff, 
    0xff, 0xff, 0xff, 0xff, 0xff, 0xff, 0xff, 0xff, 0xff, 0xff, 0xff, 0xff, 0xff, 0xff, 0xff, 0xff, 
    0xff, 0xff, 0xff, 0xff, 0xff, 0xff, 0xff, 0xff, 0xff, 0xff, 0xff, 0xff, 0xff, 0xff, 0xff, 0xff, 
    0xff, 0xff, 0xff, 0xff, 0xff, 0xff, 0xff, 0xff, 0xff, 0xff, 0xff, 0xff, 0xff, 0xff, 0xff, 0xff, 
    0xff, 0xff, 0xfa, 0x07, 0xff, 0xff, 0xff, 0xea, 0xaa, 0xaa, 0xaa, 0xaa, 0xaa, 0xaa, 0xaa, 0xaa, 
    0xaa, 0xaa, 0xaa, 0xaa, 0xaa, 0xaa, 0x1a, 0xaa, 0xaa, 0xaa, 0xaa, 0xaa, 0xaa, 0xaa, 0xaa, 0x81, 
    0xff, 0xff, 0xff, 0xff, 0xff, 0xff, 0xff, 0xff, 0xff, 0xff, 0x2f, 0xff, 0xff, 0xff, 0xff, 0xff, 
    0xff, 0xff, 0xff, 0xff, 0xe5, 0xbf, 0xff, 0xff, 0xff, 0xf9, 0x55, 0x5b, 0xff, 0xe5, 0x55, 0x55, 
    0x55, 0x55, 0x55, 0x55, 0x00, 0x00, 0x00, 0x15, 0x40, 0x00, 0x00, 0x00, 0x00, 0x00, 0x00, 0x00, 
    0x51, 0x00, 0x55, 0x6f, 0x87, 0xff, 0xff, 0xfd, 0x1f, 0xff, 0xff, 0xff, 0xff, 0xfd, 0x2f, 0xff, 
    0xff, 0xfc, 0x00, 0x00, 0x00, 0x00, 0x00, 0x00, 0x00, 0x00, 0x00, 0x00, 0x00, 0x00, 0x05, 0xaf, 
    0xff, 0xff, 0xff, 0xff, 0xff, 0xff, 0xff, 0xff, 0xff, 0xff, 0xff, 0xff, 0xff, 0xff, 0xfd, 0x00, 
    0x00, 0x00, 0x00, 0x00, 0x00, 0x05, 0x6a, 0x55, 0x55, 0x55, 0x55, 0x55, 0x55, 0x50, 0x01, 0x55, 
    0x40, 0x7f, 0xff, 0xff, 0xff, 0xff, 0xff, 0xff, 0xff, 0xff, 0xff, 0xff, 0xff, 0xff, 0xff, 0xff, 
    0xff, 0xff, 0xff, 0xff, 0xff, 0xff, 0xff, 0xff, 0xff, 0xff, 0xff, 0xff, 0xff, 0xff, 0xff, 0xff, 
    0xff, 0xff, 0xff, 0xff, 0xff, 0xff, 0xff, 0xff, 0xff, 0xff, 0xff, 0xff, 0xff, 0xff, 0xff, 0xff, 
    0xff, 0xff, 0xff, 0xff, 0xff, 0xff, 0xff, 0xff, 0xff, 0xff, 0xfe, 0x82, 0xff, 0xff, 0xff, 0xea, 
    0xaa, 0xaa, 0xaa, 0xaa, 0xaa, 0xaa, 0xaa, 0xaa, 0xaa, 0xaa, 0xaa, 0xaa, 0xaa, 0xaa, 0x46, 0xaa, 
    0xaa, 0xaa, 0xaa, 0xaa, 0xaa, 0xaa, 0xaa, 0xa0, 0xff, 0xff, 0xff, 0xff, 0xff, 0xff, 0xff, 0xff, 
    0xff, 0xfc, 0xbf, 0xff, 0xff, 0xff, 0xff, 0xff, 0xff, 0xff, 0xff, 0xfe, 0x96, 0xff, 0xff, 0xff, 
    0xff, 0xe5, 0x55, 0xaf, 0xfe, 0x55, 0x55, 0x55, 0x55, 0x55, 0x55, 0x50, 0x00, 0x00, 0x01, 0x54, 
    0x00, 0x00, 0x00, 0x00, 0x00, 0x00, 0x04, 0x00, 0x54, 0x44, 0x15, 0x51, 0xf4, 0xff, 0xff, 0xe4, 
    0xbf, 0xff, 0xff, 0xff, 0xff, 0xff, 0x8b, 0xff, 0xff, 0xfc, 0x00, 0x00, 0x00, 0x00, 0x00, 0x00, 
    0x00, 0x00, 0x00, 0x00, 0x01, 0x5a, 0xab, 0xff, 0xff, 0xff, 0xff, 0xff, 0xff, 0xff, 0xff, 0xff, 
    0xff, 0xff, 0xff, 0xff, 0xff, 0xff, 0xff, 0x00, 0x00, 0x00, 0x00, 0x00, 0x00, 0x00, 0x55, 0x55, 
    0x55, 0x55, 0x55, 0x55, 0x55, 0x54, 0x00, 0x55, 0x50, 0x0b, 0xff, 0xff, 0xff, 0xff, 0xff, 0xff, 
    0xff, 0xff, 0xff, 0xff, 0xff, 0xff, 0xff, 0xff, 0xff, 0xff, 0xff, 0xff, 0xff, 0xff, 0xff, 0xff, 
    0xff, 0xff, 0xff, 0xff, 0xff, 0xff, 0xff, 0xff, 0xff, 0xff, 0xff, 0xff, 0xff, 0xff, 0xff, 0xff, 
    0xff, 0xff, 0xff, 0xff, 0xff, 0xff, 0xff, 0xff, 0xff, 0xff, 0xff, 0xff, 0xff, 0xff, 0xff, 0xff, 
    0xff, 0xff, 0xfe, 0x90, 0xbf, 0xff, 0xff, 0xea, 0xaa, 0xaa, 0xaa, 0xaa, 0xaa, 0xaa, 0xaa, 0xaa, 
    0xaa, 0xaa, 0xaa, 0xaa, 0xaa, 0xaa, 0x92, 0xaa, 0xaa, 0xaa, 0xaa, 0xaa, 0xaa, 0xaa, 0xaa, 0xa4, 
    0xff, 0xff, 0xff, 0xff, 0xff, 0xff, 0xff, 0xff, 0xff, 0xf6, 0xff, 0xff, 0xff, 0xff, 0xff, 0xff, 
    0xff, 0xff, 0xff, 0xf9, 0x5b, 0xff, 0xff, 0xff, 0xfe, 0x55, 0x5a, 0xbf, 0xf9, 0x55, 0x55, 0x55, 
    0x55, 0x55, 0x55, 0x40, 0x00, 0x00, 0x55, 0x40, 0x00, 0x00, 0x00, 0x00, 0x00, 0x00, 0x04, 0x00, 
    0x54, 0x56, 0x45, 0x55, 0x6e, 0x7f, 0xff, 0x97, 0xff, 0xff, 0xff, 0xff, 0xff, 0xff, 0xf6, 0xff, 
    0xff, 0xfc, 0x00, 0x00, 0x00, 0x00, 0x00, 0x00, 0x00, 0x00, 0x05, 0x5a, 0xaa, 0xaa, 0xff, 0xff, 
    0xff, 0xff, 0xff, 0xff, 0xff, 0xff, 0xff, 0xff, 0xff, 0xff, 0xff, 0xff, 0xff, 0xff, 0xff, 0x80, 
    0x00, 0x00, 0x00, 0x00, 0x00, 0x00, 0x15, 0x55, 0x55, 0x55, 0x55, 0x55, 0x55, 0x54, 0x00, 0x15, 
    0x54, 0x00, 0xbf, 0xff, 0xff, 0xff, 0xff, 0xff, 0xff, 0xff, 0xff, 0xff, 0xff, 0xff, 0xff, 0xff, 
    0xff, 0xff, 0xff, 0xff, 0xff, 0xff, 0xff, 0xff, 0xff, 0xff, 0xff, 0xff, 0xff, 0xff, 0xff, 0xff, 
    0xff, 0xff, 0xff, 0xff, 0xff, 0xff, 0xff, 0xff, 0xff, 0xff, 0xff, 0xff, 0xff, 0xff, 0xff, 0xff, 
    0xff, 0xff, 0xff, 0xff, 0xff, 0xff, 0xff, 0xff, 0xff, 0xff, 0xff, 0xa4, 0x2f, 0xff, 0xff, 0xea, 
    0xaa, 0xaa, 0xaa, 0xaa, 0xaa, 0xaa, 0xaa, 0xaa, 0xaa, 0xaa, 0xaa, 0xaa, 0xaa, 0xaa, 0xa1, 0xaa, 
    0xaa, 0xaa, 0xaa, 0xaa, 0xaa, 0xaa, 0xaa, 0xa8, 0xff, 0xff, 0xff, 0xff, 0xff, 0xff, 0xff, 0xff, 
    0xff, 0xd7, 0xff, 0xff, 0xff, 0xff, 0xff, 0xff, 0xff, 0xff, 0xff, 0x95, 0x6f, 0xff, 0xff, 0xff, 
    0xf9, 0x55, 0x6a, 0xff, 0xe5, 0x55, 0x55, 0x55, 0x55, 0x55, 0x54, 0x00, 0x00, 0x15, 0x55, 0x00, 
    0x00, 0x00, 0x00, 0x00, 0x00, 0x00, 0x10, 0x00, 0x55, 0x55, 0x95, 0x55, 0x55, 0x9f, 0xfd, 0x6f, 
    0xff, 0xff, 0xff, 0xff, 0xff, 0xff, 0xff, 0xff, 0xff, 0xfc, 0x00, 0x00, 0x00, 0x14, 0x15, 0x59, 
    0x56, 0xaa, 0xaa, 0xaa, 0xaa, 0xbf, 0xff, 0xff, 0xff, 0xff, 0xff, 0xff, 0xff, 0xff, 0xff, 0xff, 
    0xff, 0xff, 0xff, 0xff, 0xff, 0xff, 0xff, 0xc0, 0x00, 0x00, 0x00, 0x00, 0x00, 0x00, 0x01, 0x55, 
    0x55, 0x55, 0x55, 0x55, 0x55, 0x55, 0x10, 0x05, 0x55, 0x00, 0x0b, 0xff, 0xff, 0xff, 0xff, 0xff, 
    0xff, 0xff, 0xff, 0xff, 0xff, 0xff, 0xff, 0xff, 0xff, 0xff, 0xff, 0xff, 0xff, 0xff, 0xff, 0xff, 
    0xff, 0xff, 0xff, 0xff, 0xff, 0xff, 0xff, 0xff, 0xff, 0xff, 0xff, 0xff, 0xff, 0xff, 0xff, 0xff, 
    0xff, 0xff, 0xff, 0xff, 0xff, 0xff, 0xff, 0xff, 0xff, 0xff, 0xff, 0xff, 0xff, 0xff, 0xff, 0xff, 
    0xff, 0xff, 0xff, 0xe8, 0x1b, 0xff, 0xff, 0xea, 0xaa, 0xaa, 0xaa, 0xaa, 0xaa, 0xaa, 0xaa, 0xaa, 
    0xaa, 0xaa, 0xaa, 0xaa, 0xaa, 0xaa, 0xa8, 0x6a, 0xaa, 0xaa, 0xaa, 0xaa, 0xaa, 0xaa, 0xaa, 0xa9, 
    0xff, 0xff, 0xff, 0xff, 0xff, 0xff, 0xff, 0xff, 0xff, 0x9f, 0xff, 0xff, 0xff, 0xff, 0xff, 0xff, 
    0xff, 0xff, 0xe9, 0x55, 0xbf, 0xff, 0xff, 0xff, 0x95, 0x56, 0xf7, 0xfe, 0x55, 0x55, 0x55, 0x55, 
    0x55, 0x55, 0x40, 0x00, 0x05, 0x55, 0x50, 0x00, 0x00, 0x00, 0x40, 0x00, 0x00, 0x00, 0x00, 0x00, 
    0x55, 0x14, 0x51, 0x55, 0x55, 0x17, 0xe5, 0xbf, 0xff, 0xff, 0xff, 0xff, 0xff, 0xff, 0xff, 0xff, 
    0xff, 0xfc, 0x00, 0x01, 0x6a, 0xa6, 0xaa, 0xaa, 0xaa, 0xaa, 0xaa, 0xaa, 0xaf, 0xff, 0xff, 0xff, 
    0xff, 0xff, 0xff, 0xff, 0xff, 0xff, 0xff, 0xff, 0xff, 0xff, 0xff, 0xff, 0xff, 0xff, 0xff, 0xf0, 
    0x00, 0x00, 0x00, 0x00, 0x00, 0x00, 0x00, 0x55, 0x55, 0x55, 0x55, 0x55, 0x55, 0x55, 0x44, 0x01, 
    0x45, 0x50, 0x00, 0xbf, 0xff, 0xff, 0xff, 0xff, 0xff, 0xff, 0xff, 0xff, 0xff, 0xff, 0xff, 0xff, 
    0xff, 0xff, 0xff, 0xff, 0xff, 0xff, 0xff, 0xff, 0xff, 0xff, 0xff, 0xff, 0xff, 0xff, 0xff, 0xff, 
    0xff, 0xff, 0xff, 0xff, 0xff, 0xff, 0xff, 0xff, 0xff, 0xff, 0xff, 0xff, 0xff, 0xff, 0xff, 0xff, 
    0xff, 0xff, 0xff, 0xff, 0xff, 0xff, 0xff, 0xff, 0xff, 0xff, 0xff, 0xea, 0x0b, 0xff, 0xff, 0xea, 
    0xaa, 0xaa, 0xaa, 0xaa, 0xaa, 0xaa, 0xaa, 0xaa, 0xaa, 0xaa, 0xaa, 0xaa, 0xaa, 0xaa, 0xa9, 0x2a, 
    0xaa, 0xaa, 0xaa, 0xaa, 0xaa, 0xaa, 0xaa, 0xaa, 0xff, 0xff, 0xff, 0xff, 0xff, 0xff, 0xff, 0xff, 
    0xff, 0x3f, 0xff, 0xff, 0xff, 0xff, 0xff, 0xff, 0xff, 0xfe, 0x95, 0x56, 0xff, 0xff, 0xff, 0xf9, 
    0x55, 0x5b, 0xdf, 0xf9, 0x55, 0x55, 0x55, 0x55, 0x55, 0x54, 0x00, 0x00, 0x55, 0x55, 0x40, 0x00, 
    0x00, 0x01, 0x00, 0x00, 0x00, 0x00, 0x40, 0x00, 0x55, 0x15, 0x55, 0x55, 0x55, 0x52, 0x5b, 0xff, 
    0xff, 0xff, 0xff, 0xff, 0xff, 0xff, 0xff, 0xff, 0xff, 0xfc, 0x00, 0x6a, 0xaa, 0x6a, 0xaa, 0xaa, 
    0xaa, 0xaa, 0xaa, 0xaa, 0xff, 0xff, 0xff, 0xff, 0xff, 0xff, 0xff, 0xff, 0xff, 0xff, 0xff, 0xff, 
    0xff, 0xff, 0xff, 0xff, 0xff, 0xff, 0xff, 0xf8, 0x00, 0x00, 0x00, 0x00, 0x00, 0x00, 0x00, 0x05, 
    0x55, 0x55, 0x55, 0x55, 0x55, 0x55, 0x51, 0x00, 0x55, 0x54, 0x00, 0x07, 0xff, 0xff, 0xff, 0xff, 
    0xff, 0xff, 0xff, 0xff, 0xff, 0xff, 0xff, 0xff, 0xff, 0xff, 0xff, 0xff, 0xff, 0xff, 0xff, 0xff, 
    0xff, 0xff, 0xff, 0xff, 0xff, 0xff, 0xff, 0xff, 0xff, 0xff, 0xff, 0xff, 0xff, 0xff, 0xff, 0xff, 
    0xff, 0xff, 0xff, 0xff, 0xff, 0xff, 0xff, 0xff, 0xff, 0xff, 0xff, 0xff, 0xff, 0xff, 0xff, 0xff, 
    0xff, 0xff, 0xff, 0xfa, 0x42, 0xff, 0xff, 0xea, 0xaa, 0xaa, 0xaa, 0xaa, 0xaa, 0xaa, 0xaa, 0xaa, 
    0xaa, 0xaa, 0xaa, 0xaa, 0xaa, 0xaa, 0xaa, 0x0a, 0xaa, 0xaa, 0xaa, 0xaa, 0xaa, 0xaa, 0xaa, 0xaa, 
    0xff, 0xff, 0xff, 0xff, 0xff, 0xff, 0xff, 0xff, 0xfc, 0xbf, 0xff, 0xff, 0xff, 0xff, 0xff, 0xff, 
    0xff, 0xe5, 0x55, 0x5b, 0xff, 0xff, 0xff, 0xe5, 0x55, 0x6f, 0x7f, 0xe5, 0x55, 0x55, 0x55, 0x55, 
    0x55, 0x50, 0x00, 0x05, 0x55, 0x55, 0x00, 0x00, 0x00, 0x04, 0x00, 0x40, 0x00, 0x00, 0x00, 0x00, 
    0x55, 0x55, 0x55, 0x55, 0x55, 0x50, 0x5a, 0xff, 0xff, 0xff, 0xff, 0xff, 0xff, 0xff, 0xff, 0xff, 
    0xff, 0xfd, 0x00, 0xaa, 0xaa, 0xaa, 0xaa, 0xaa, 0xaa, 0xaa, 0xaa, 0xbf, 0xff, 0xff, 0xff, 0xff, 
    0xff, 0xff, 0xff, 0xff, 0xff, 0xff, 0xff, 0xff, 0xff, 0xff, 0xff, 0xff, 0xff, 0xff, 0xff, 0xfc, 
    0x00, 0x00, 0x00, 0x00, 0x00, 0x00, 0x00, 0x01, 0x55, 0x55, 0x55, 0x55, 0x55, 0x55, 0x50, 0x40, 
    0x15, 0x55, 0x00, 0x00, 0x6f, 0xff, 0xff, 0xff, 0xff, 0xff, 0xff, 0xff, 0xff, 0xff, 0xff, 0xff, 
    0xff, 0xff, 0xff, 0xff, 0xff, 0xff, 0xff, 0xff, 0xff, 0xff, 0xff, 0xff, 0xff, 0xff, 0xff, 0xff, 
    0xff, 0xff, 0xff, 0xff, 0xff, 0xff, 0xff, 0xff, 0xff, 0xff, 0xff, 0xff, 0xff, 0xff, 0xff, 0xff, 
    0xff, 0xff, 0xff, 0xff, 0xff, 0xff, 0xff, 0xff, 0xff, 0xff, 0xff, 0xfa, 0x81, 0xbf, 0xff, 0xea, 
    0xaa, 0xaa, 0xaa, 0xaa, 0xaa, 0xaa, 0xaa, 0xaa, 0xaa, 0xaa, 0xaa, 0xaa, 0xaa, 0xaa, 0xaa, 0x86, 
    0xaa, 0xaa, 0xaa, 0xaa, 0xaa, 0xaa, 0xaa, 0xaa, 0xff, 0xff, 0xff, 0xff, 0xff, 0xff, 0xff, 0xff, 
    0xf6, 0xff, 0xff, 0xff, 0xff, 0xff, 0xff, 0xff, 0xfe, 0x55, 0x55, 0x6f, 0xfe, 0xaf, 0xfe, 0x55, 
    0x55, 0xfd, 0xbe, 0x55, 0x55, 0x55, 0x55, 0x55, 0x55, 0x00, 0x00, 0x55, 0x55, 0x50, 0x00, 0x00, 
    0x00, 0x40, 0x01, 0x00, 0x00, 0x01, 0x00, 0x00, 0x55, 0x56, 0x25, 0x56, 0x55, 0x41, 0x55, 0x45, 
    0xaf, 0xff, 0xff, 0xff, 0xff, 0xff, 0xff, 0xff, 0xff, 0xff, 0xd0, 0x1a, 0xaa, 0xaa, 0xaa, 0xaa, 
    0xaa, 0xaa, 0xaa, 0xff, 0xff, 0xff, 0xff, 0xff, 0xff, 0xff, 0xff, 0xff, 0xff, 0xff, 0xff, 0xff, 
    0xff, 0xff, 0xff, 0xff, 0xff, 0xff, 0xff, 0xff, 0x00, 0x00, 0x00, 0x00, 0x00, 0x00, 0x00, 0x00, 
    0x15, 0x55, 0x55, 0x55, 0x55, 0x55, 0x54, 0x10, 0x05, 0x55, 0x40, 0x00, 0x06, 0xff, 0xff, 0xff, 
    0xff, 0xff, 0xff, 0xff, 0xff, 0xff, 0xff, 0xff, 0xff, 0xff, 0xff, 0xff, 0xff, 0xff, 0xff, 0xff, 
    0xff, 0xff, 0xff, 0xff, 0xff, 0xff, 0xff, 0xff, 0xff, 0xff, 0xff, 0xff, 0xff, 0xff, 0xff, 0xff, 
    0xff, 0xff, 0xff, 0xff, 0xff, 0xff, 0xff, 0xff, 0xff, 0xff, 0xff, 0xff, 0xff, 0xff, 0xff, 0xff, 
    0xff, 0xff, 0xff, 0xfe, 0xa0, 0x6f, 0xff, 0xea, 0xaa, 0xaa, 0xaa, 0xaa, 0xaa, 0xaa, 0xaa, 0xaa, 
    0xaa, 0xaa, 0xaa, 0xaa, 0xaa, 0xaa, 0xaa, 0x92, 0xaa, 0xaa, 0xaa, 0xaa, 0xaa, 0xaa, 0xaa, 0xaa, 
    0xff, 0xff, 0xff, 0xff, 0xff, 0xff, 0xff, 0xff, 0xd7, 0xff, 0xff, 0xff, 0xff, 0xff, 0xff, 0xff, 
    0xa5, 0x55, 0x55, 0xbf, 0xa5, 0x6f, 0xf9, 0x55, 0x5b, 0xf6, 0xf9, 0x55, 0x55, 0x55, 0x55, 0x55, 
    0x50, 0x00, 0x15, 0x55, 0x55, 0x40, 0x00, 0x00, 0x00, 0x00, 0x14, 0x04, 0x00, 0x00, 0x00, 0x00, 
    0x55, 0x56, 0x65, 0x65, 0x55, 0x14, 0x15, 0x55, 0x55, 0x5a, 0xff, 0xff, 0xff, 0xff, 0xff, 0xff, 
    0xff, 0xff, 0xfd, 0x01, 0xaa, 0xaa, 0xaa, 0xaa, 0xaa, 0xaa, 0xaf, 0xff, 0xff, 0xff, 0xff, 0xff, 
    0xff, 0xff, 0xff, 0xff, 0xff, 0xff, 0xff, 0xff, 0xff, 0xff, 0xff, 0xff, 0xff, 0xff, 0xff, 0xff, 
    0x80, 0x00, 0x00, 0x00, 0x00, 0x00, 0x00, 0x00, 0x05, 0x55, 0x55, 0x55, 0x55, 0x55, 0x55, 0x14, 
    0x01, 0x54, 0x50, 0x00, 0x00, 0x2f, 0xff, 0xff, 0xff, 0xff, 0xff, 0xff, 0xff, 0xff, 0xff, 0xff, 
    0xff, 0xff, 0xff, 0xff, 0xff, 0xff, 0xff, 0xff, 0xff, 0xff, 0xff, 0xff, 0xff, 0xff, 0xff, 0xff, 
    0xff, 0xff, 0xff, 0xff, 0xff, 0xff, 0xff, 0xff, 0xff, 0xff, 0xff, 0xff, 0xff, 0xff, 0xff, 0xff, 
    0xff, 0xff, 0xff, 0xff, 0xff, 0xff, 0xff, 0xff, 0xff, 0xff, 0xff, 0xff, 0xa8, 0x2b, 0xff, 0xea, 
    0xaa, 0xaa, 0xaa, 0xaa, 0xaa, 0xaa, 0xaa, 0xaa, 0xaa, 0xaa, 0xaa, 0xaa, 0xaa, 0xaa, 0xaa, 0xa4, 
    0xaa, 0xaa, 0xaa, 0xaa, 0xaa, 0xaa, 0xaa, 0xaa, 0xff, 0xff, 0xff, 0xff, 0xff, 0xff, 0xff, 0xff, 
    0x8f, 0xff, 0xff, 0xff, 0xff, 0xff, 0xff, 0xfa, 0x55, 0x55, 0x56, 0xa9, 0x55, 0xbf, 0x95, 0x55, 
    0x6f, 0xdb, 0x95, 0x55, 0x55, 0x55, 0x55, 0x55, 0x40, 0x01, 0x55, 0x55, 0x55, 0x00, 0x00, 0x00, 
    0x10, 0x00, 0x54, 0x00, 0x00, 0x04, 0x00, 0x01, 0x55, 0x56, 0x55, 0x55, 0x55, 0x55, 0x79, 0xff, 
    0xfe, 0xa4, 0x00, 0x00, 0x00, 0x00, 0x00, 0x00, 0x00, 0x00, 0x55, 0x00, 0x06, 0xaa, 0xaa, 0xaa, 
    0xaa, 0xaa, 0xff, 0xff, 0xff, 0xff, 0xff, 0xff, 0xff, 0xff, 0xff, 0xff, 0xff, 0xff, 0xff, 0xff, 
    0xff, 0xff, 0xff, 0xff, 0xff, 0xff, 0xff, 0xff, 0xd0, 0x00, 0x00, 0x00, 0x00, 0x00, 0x00, 0x00, 
    0x00, 0x55, 0x55, 0x55, 0x55, 0x55, 0x55, 0x45, 0x01, 0x55, 0x55, 0x00, 0x00, 0x02, 0xff, 0xff, 
    0xff, 0xff, 0xff, 0xff, 0xff, 0xff, 0xff, 0xff, 0xff, 0xff, 0xff, 0xff, 0xff, 0xff, 0xff, 0xff, 
    0xff, 0xff, 0xff, 0xff, 0xff, 0xff, 0xff, 0xff, 0xff, 0xff, 0xff, 0xff, 0xff, 0xff, 0xff, 0xff, 
    0xff, 0xff, 0xff, 0xff, 0xff, 0xff, 0xff, 0xff, 0xff, 0xff, 0xff, 0xff, 0xff, 0xff, 0xff, 0xff, 
    0xff, 0xff, 0xff, 0xff, 0xa9, 0x0b, 0xff, 0xfa, 0xaa, 0xaa, 0xaa, 0xaa, 0xaa, 0xaa, 0xaa, 0xaa, 
    0xaa, 0xaa, 0xaa, 0xaa, 0xaa, 0xaa, 0xaa, 0xa8, 0x6a, 0xaa, 0xaa, 0xaa, 0xaa, 0xaa, 0xaa, 0xaa, 
    0xff, 0xff, 0xff, 0xff, 0xff, 0xff, 0xff, 0xff, 0x2f, 0xff, 0xff, 0xff, 0xff, 0xff, 0xff, 0xa5, 
    0x55, 0x55, 0x55, 0x55, 0x56, 0xfe, 0x55, 0x55, 0xbf, 0x6e, 0x55, 0x55, 0x55, 0x55, 0x55, 0x54, 
    0x00, 0x15, 0x55, 0x55, 0x10, 0x00, 0x00, 0x00, 0x40, 0x01, 0x50, 0x00, 0x00, 0x00, 0x00, 0x01, 
    0x55, 0x56, 0x55, 0x5d, 0x56, 0xd5, 0xa9, 0x55, 0x05, 0x55, 0x55, 0x55, 0x55, 0x55, 0x55, 0x55, 
    0x55, 0x55, 0x55, 0x50, 0x00, 0x00, 0x00, 0x05, 0xaa, 0xaa, 0xaf, 0xff, 0xff, 0xff, 0xff, 0xff, 
    0xff, 0xff, 0xff, 0xff, 0xff, 0xff, 0xff, 0xff, 0xff, 0xff, 0xff, 0xff, 0xff, 0xff, 0xff, 0xff, 
    0xf0, 0x00, 0x00, 0x00, 0x00, 0x00, 0x00, 0x00, 0x00, 0x15, 0x55, 0x55, 0x55, 0x55, 0x55, 0x51, 
    0x00, 0x55, 0x55, 0x40, 0x00, 0x00, 0x1f, 0xff, 0xff, 0xff, 0xff, 0xff, 0xff, 0xff, 0xff, 0xff, 
    0xff, 0xff, 0xff, 0xff, 0xff, 0xff, 0xff, 0xff, 0xff, 0xff, 0xff, 0xff, 0xff, 0xff, 0xff, 0xff, 
    0xff, 0xff, 0xff, 0xff, 0xff, 0xff, 0xff, 0xff, 0xff, 0xff, 0xff, 0xff, 0xff, 0xff, 0xff, 0xff, 
    0xff, 0xff, 0xff, 0xff, 0xff, 0xff, 0xff, 0xff, 0xff, 0xff, 0xff, 0xff, 0xea, 0x06, 0xff, 0xfa, 
    0xaa, 0xaa, 0xaa, 0xaa, 0xaa, 0xaa, 0xaa, 0xaa, 0xaa, 0xaa, 0xaa, 0xaa, 0xaa, 0xaa, 0xaa, 0xaa, 
    0x1a, 0xaa, 0xaa, 0xaa, 0xaa, 0xaa, 0xaa, 0xaa, 0xff, 0xff, 0xff, 0xff, 0xff, 0xff, 0xff, 0xfd, 
    0x7f, 0xff, 0xff, 0xff, 0xff, 0xff, 0xf9, 0x55, 0x55, 0x55, 0x55, 0x55, 0x5b, 0xe5, 0x55, 0x56, 
    0xfd, 0xb9, 0x55, 0x55, 0x55, 0x55, 0x55, 0x50, 0x01, 0x55, 0x55, 0x54, 0x40, 0x00, 0x00, 0x04, 
    0x00, 0x05, 0x40, 0x00, 0x00, 0x00, 0x00, 0x01, 0x55, 0x56, 0x55, 0x6d, 0x5a, 0x40, 0x05, 0x55, 
    0x55, 0x55, 0x55, 0x55, 0x55, 0x55, 0x55, 0x55, 0x55, 0x55, 0x55, 0x55, 0x55, 0x55, 0x55, 0x55, 
    0x40, 0x01, 0x56, 0xbf, 0xff, 0xff, 0xff, 0xff, 0xff, 0xff, 0xff, 0xff, 0xff, 0xff, 0xff, 0xff, 
    0xff, 0xfe, 0xbf, 0xff, 0xff, 0xff, 0xff, 0xff, 0xf8, 0x00, 0x00, 0x00, 0x00, 0x00, 0x00, 0x00, 
    0x00, 0x05, 0x55, 0x55, 0x55, 0x55, 0x55, 0x50, 0x40, 0x15, 0x55, 0x50, 0x00, 0x00, 0x01, 0xbf, 
    0xff, 0xff, 0xff, 0xff, 0xff, 0xff, 0xff, 0xff, 0xff, 0xff, 0xff, 0xff, 0xff, 0xff, 0xff, 0xff, 
    0xff, 0xff, 0xff, 0xff, 0xff, 0xff, 0xff, 0xff, 0xff, 0xff, 0xff, 0xff, 0xff, 0xff, 0xff, 0xff, 
    0xff, 0xff, 0xff, 0xff, 0xff, 0xff, 0xff, 0xff, 0xff, 0xff, 0xff, 0xff, 0xff, 0xff, 0xff, 0xff, 
    0xff, 0xff, 0xff, 0xff, 0xfa, 0x81, 0xbf, 0xfa, 0xaa, 0xaa, 0xaa, 0xaa, 0xaa, 0xaa, 0xaa, 0xaa, 
    0xaa, 0xaa, 0xaa, 0xaa, 0xaa, 0xaa, 0xaa, 0xaa, 0x4a, 0xaa, 0xaa, 0xaa, 0xaa, 0xaa, 0xaa, 0xaa, 
    0xff, 0xff, 0xff, 0xff, 0xff, 0xff, 0xff, 0xf8, 0xff, 0xff, 0xff, 0xff, 0xff, 0xff, 0x95, 0x55, 
    0x55, 0x55, 0x55, 0x55, 0x6e, 0x55, 0x55, 0x5b, 0xfa, 0x95, 0x55, 0x55, 0x55, 0x55, 0x55, 0x00, 
    0x15, 0x55, 0x55, 0x55, 0x00, 0x00, 0x00, 0x10, 0x15, 0x15, 0x00, 0x00, 0x00, 0x00, 0x00, 0x00, 
    0x55, 0x59, 0x55, 0x24, 0x05, 0x55, 0x55, 0x55, 0x55, 0x55, 0x55, 0x55, 0x55, 0x55, 0x55, 0x55, 
    0x55, 0x55, 0x55, 0x55, 0x54, 0x00, 0x05, 0x55, 0x55, 0x55, 0x54, 0x01, 0x6b, 0xff, 0xff, 0xff, 
    0xff, 0xff, 0xff, 0xff, 0xff, 0xff, 0xff, 0xff, 0xff, 0xff, 0xff, 0xff, 0xff, 0xff, 0xff, 0xff, 
    0xfd, 0x00, 0x00, 0x00, 0x00, 0x00, 0x00, 0x00, 0x00, 0x00, 0x55, 0x55, 0x55, 0x55, 0x55, 0x54, 
    0x14, 0x05, 0x55, 0x55, 0x00, 0x00, 0x00, 0x1b, 0xff, 0xff, 0xff, 0xff, 0xff, 0xff, 0xff, 0xff, 
    0xff, 0xff, 0xff, 0xff, 0xff, 0xff, 0xff, 0xff, 0xff, 0xff, 0xff, 0xff, 0xff, 0xff, 0xff, 0xff, 
    0xff, 0xff, 0xff, 0xff, 0xff, 0xff, 0xff, 0xff, 0xff, 0xff, 0xff, 0xff, 0xff, 0xff, 0xff, 0xff, 
    0xff, 0xff, 0xff, 0xff, 0xff, 0xff, 0xff, 0xff, 0xff, 0xff, 0xff, 0xff, 0xfa, 0x90, 0xaf, 0xfa, 
    0xaa, 0xaa, 0xaa, 0xaa, 0xaa, 0xaa, 0xaa, 0xaa, 0xaa, 0xaa, 0xaa, 0xaa, 0xaa, 0xaa, 0xaa, 0xaa, 
    0x96, 0xaa, 0xaa, 0xaa, 0xaa, 0xaa, 0xaa, 0xaa, 0xff, 0xff, 0xff, 0xff, 0xff, 0xff, 0xff, 0xf2, 
    0xff, 0xff, 0xff, 0xff, 0xff, 0xf9, 0x55, 0x55, 0x55, 0x55, 0x55, 0x55, 0xb9, 0x55, 0x55, 0x6f, 
    0xea, 0x55, 0x55, 0x55, 0x55, 0x55, 0x50, 0x01, 0x55, 0x55, 0x55, 0x50, 0x00, 0x00, 0x01, 0x45, 
    0x54, 0x50, 0x00, 0x00, 0x00, 0x00, 0x00, 0x04, 0x55, 0x04, 0x00, 0x55, 0x55, 0x55, 0x55, 0x55, 
    0x55, 0x55, 0x55, 0x55, 0x55, 0x55, 0x55, 0x55, 0x55, 0x5a, 0xaa, 0xaa, 0x55, 0x50, 0x00, 0x15, 
    0x55, 0x55, 0x55, 0x55, 0x54, 0x15, 0xaf, 0xff, 0xff, 0xff, 0xff, 0xff, 0xff, 0xff, 0xff, 0xff, 
    0xff, 0xff, 0xff, 0xff, 0xff, 0xff, 0xff, 0xff, 0xff, 0x00, 0x00, 0x00, 0x00, 0x00, 0x00, 0x00, 
    0x00, 0x00, 0x05, 0x55, 0x55, 0x55, 0x55, 0x55, 0x15, 0x01, 0x55, 0x55, 0x40, 0x00, 0x00, 0x01, 
    0xbf, 0xff, 0xff, 0xff, 0xff, 0xff, 0xff, 0xff, 0xff, 0xff, 0xff, 0xff, 0xff, 0xff, 0xff, 0xff, 
    0xff, 0xff, 0xff, 0xff, 0xff, 0xff, 0xff, 0xff, 0xff, 0xff, 0xff, 0xff, 0xff, 0xff, 0xff, 0xff, 
    0xff, 0xff, 0xff, 0xff, 0xff, 0xff, 0xff, 0xff, 0xff, 0xff, 0xff, 0xff, 0xff, 0xff, 0xff, 0xff, 
    0xff, 0xff, 0xff, 0xff, 0xfe, 0xa4, 0x2b, 0xfa, 0xaa, 0xaa, 0xaa, 0xaa, 0xaa, 0xaa, 0xaa, 0xaa, 
    0xaa, 0xaa, 0xaa, 0xaa, 0xaa, 0xaa, 0xaa, 0xaa, 0xa1, 0xaa, 0xaa, 0xaa, 0xaa, 0xaa, 0xaa, 0xaa, 
    0xff, 0xff, 0xff, 0xff, 0xff, 0xff, 0xff, 0xd7, 0xff, 0xff, 0xff, 0xff, 0xff, 0x95, 0x55, 0x55, 
    0x55, 0x55, 0x55, 0x57, 0x95, 0x55, 0x55, 0xbf, 0x99, 0x55, 0x55, 0x55, 0x55, 0x55, 0x40, 0x15, 
    0x55, 0x55, 0x55, 0x40, 0x00, 0x00, 0x05, 0x55, 0x51, 0x40, 0x00, 0x00, 0x01, 0x00, 0x00, 0x01, 
    0x40, 0x01, 0x55, 0x55, 0x55, 0x55, 0x55, 0x55, 0x55, 0x55, 0x55, 0x55, 0x55, 0x55, 0x55, 0x55, 
    0x55, 0x55, 0x55, 0x5a, 0xa9, 0x55, 0x40, 0x00, 0x55, 0x55, 0x55, 0x55, 0x55, 0x55, 0x51, 0x5a, 
    0xff, 0xff, 0xff, 0xff, 0xff, 0xff, 0xff, 0xff, 0xff, 0xff, 0xff, 0xff, 0xff, 0xff, 0xff, 0xff, 
    0xff, 0x40, 0x00, 0x00, 0x00, 0x00, 0x00, 0x00, 0x00, 0x00, 0x01, 0x55, 0x55, 0x55, 0x55, 0x55, 
    0x45, 0x40, 0x15, 0x55, 0x10, 0x00, 0x00, 0x00, 0x2b, 0xff, 0xff, 0xff, 0xff, 0xff, 0xff, 0xff, 
    0xff, 0xff, 0xff, 0xff, 0xff, 0xff, 0xff, 0xff, 0xff, 0xff, 0xff, 0xff, 0xff, 0xff, 0xff, 0xff, 
    0xff, 0xff, 0xff, 0xff, 0xff, 0xff, 0xff, 0xff, 0xff, 0xff, 0xff, 0xff, 0xff, 0xff, 0xff, 0xff, 
    0xff, 0xff, 0xff, 0xff, 0xff, 0xff, 0xff, 0xff, 0xff, 0xff, 0xff, 0xff, 0xfe, 0xa8, 0x1b, 0xfa, 
    0xaa, 0xaa, 0xaa, 0xaa, 0xaa, 0xaa, 0xaa, 0xaa, 0xaa, 0xaa, 0xaa, 0xaa, 0xaa, 0xaa, 0xaa, 0xaa, 
    0xa8, 0xaa, 0xaa, 0xaa, 0xaa, 0xaa, 0xaa, 0xaa, 0xff, 0xff, 0xff, 0xff, 0xff, 0xff, 0xff, 0x9f, 
    0xff, 0xff, 0xff, 0xbf, 0xf9, 0x55, 0x55, 0x55, 0x55, 0x55, 0x55, 0x6e, 0x55, 0x55, 0x55, 0xfe, 
    0x15, 0x55, 0x55, 0x55, 0x55, 0x54, 0x00, 0x55, 0x55, 0x55, 0x55, 0x00, 0x00, 0x00, 0x15, 0x55, 
    0x45, 0x00, 0x00, 0x00, 0x04, 0x00, 0x00, 0x00, 0x15, 0x55, 0x55, 0x55, 0x55, 0x55, 0x55, 0x55, 
    0x55, 0x55, 0x55, 0x55, 0x55, 0x55, 0x50, 0x00, 0x00, 0x00, 0x00, 0x00, 0x50, 0x01, 0x50, 0x00, 
    0x15, 0xaa, 0xaa, 0xaa, 0x55, 0x55, 0x55, 0x55, 0x05, 0xbf, 0xff, 0xff, 0xff, 0xff, 0xff, 0xff, 
    0xff, 0xff, 0xff, 0xff, 0xff, 0xff, 0xff, 0xff, 0xff, 0xc0, 0x00, 0x00, 0x00, 0x00, 0x00, 0x00, 
    0x00, 0x00, 0x00, 0x55, 0x55, 0x55, 0x55, 0x55, 0x51, 0x50, 0x05, 0x55, 0x45, 0x00, 0x00, 0x00, 
    0x06, 0xbf, 0xff, 0xff, 0xff, 0xff, 0xff, 0xff, 0xff, 0xff, 0xff, 0xff, 0xff, 0xff, 0xff, 0xff, 
    0xff, 0xff, 0xff, 0xff, 0xff, 0xff, 0xff, 0xff, 0xff, 0xff, 0xff, 0xff, 0xff, 0xff, 0xff, 0xff, 
    0xff, 0xff, 0xff, 0xff, 0xff, 0xff, 0xff, 0xff, 0xff, 0xff, 0xff, 0xff, 0xff, 0xff, 0xff, 0xff, 
    0xff, 0xff, 0xff, 0xff, 0xff, 0xaa, 0x06, 0xfe, 0xaa, 0xaa, 0xaa, 0xaa, 0xaa, 0xaa, 0xaa, 0xaa, 
    0xaa, 0xaa, 0xaa, 0xaa, 0xaa, 0xaa, 0xaa, 0xaa, 0xa9, 0x2a, 0xaa, 0xaa, 0xaa, 0xaa, 0xaa, 0xaa, 
    0xff, 0xff, 0xff, 0xff, 0xff, 0xff, 0xff, 0x2f, 0xff, 0xff, 0xfe, 0xff, 0x95, 0x55, 0x55, 0x55, 
    0x55, 0x55, 0x55, 0xa5, 0x55, 0x55, 0x57, 0xfd, 0x55, 0x55, 0x55, 0x55, 0x55, 0x50, 0x05, 0x55, 
    0x55, 0x55, 0x54, 0x00, 0x00, 0x01, 0x55, 0x55, 0x54, 0x00, 0x00, 0x00, 0x10, 0x00, 0x00, 0x05, 
    0x55, 0x55, 0x55, 0x55, 0x55, 0x55, 0x55, 0x55, 0x55, 0x55, 0x40, 0x00, 0x00, 0x00, 0x00, 0x00, 
    0x00, 0x05, 0x55, 0x55, 0x55, 0x55, 0x55, 0x55, 0x55, 0x55, 0x55, 0x55, 0x5a, 0x95, 0x55, 0x55, 
    0x55, 0x40, 0x6f, 0xff, 0xff, 0xff, 0xff, 0xff, 0xff, 0xff, 0xff, 0xff, 0xff, 0xff, 0xff, 0xff, 
    0xff, 0xe0, 0x00, 0x00, 0x00, 0x00, 0x00, 0x00, 0x00, 0x00, 0x00, 0x05, 0x55, 0x55, 0x55, 0x55, 
    0x50, 0x54, 0x05, 0x55, 0x50, 0x40, 0x00, 0x00, 0x00, 0x6b, 0xff, 0xff, 0xff, 0xff, 0xff, 0xff, 
    0xff, 0xff, 0xff, 0xff, 0xff, 0xff, 0xff, 0xff, 0xff, 0xff, 0xff, 0xff, 0xff, 0xff, 0xff, 0xff, 
    0xff, 0xff, 0xff, 0xff, 0xff, 0xff, 0xff, 0xff, 0xff, 0xff, 0xff, 0xff, 0xff, 0xff, 0xff, 0xff, 
    0xff, 0xff, 0xff, 0xff, 0xff, 0xff, 0xff, 0xff, 0xff, 0xff, 0xff, 0xff, 0xff, 0xea, 0x42, 0xbe, 
    0xaa, 0xaa, 0xaa, 0xaa, 0xaa, 0xaa, 0xaa, 0xaa, 0xaa, 0xaa, 0xaa, 0xaa, 0xaa, 0xaa, 0xaa, 0xaa, 
    0xaa, 0x1a, 0xaa, 0xaa, 0xaa, 0xaa, 0xaa, 0xaa, 0xff, 0xff, 0xff, 0xff, 0xff, 0xff, 0xfd, 0xbf, 
    0xff, 0xff, 0xfb, 0xf9, 0x55, 0x55, 0x55, 0x55, 0x55, 0x55, 0x56, 0x95, 0x55, 0x55, 0x5f, 0xf1, 
    0x55, 0x55, 0x55, 0x55, 0x55, 0x41, 0x55, 0x55, 0x55, 0x55, 0x50, 0x00, 0x00, 0x05, 0x55, 0x55, 
    0x50, 0x00, 0x00, 0x00, 0x10, 0x00, 0x55, 0x15, 0x55, 0x55, 0x55, 0x55, 0x55, 0x55, 0x55, 0x55, 
    0x00, 0x00, 0x00, 0x00, 0x00, 0x05, 0x55, 0x55, 0x55, 0x55, 0x55, 0x55, 0x55, 0x55, 0x55, 0x55, 
    0x55, 0x55, 0x55, 0x55, 0x55, 0x55, 0x55, 0x55, 0x55, 0x55, 0x50, 0x5b, 0xff, 0xff, 0xff, 0xff, 
    0xff, 0xff, 0xff, 0xff, 0xff, 0xff, 0xff, 0xff, 0xff, 0xf4, 0x00, 0x00, 0x00, 0x00, 0x00, 0x00, 
    0x00, 0x00, 0x00, 0x01, 0x55, 0x55, 0x55, 0x55, 0x54, 0x55, 0x01, 0x55, 0x54, 0x14, 0x00, 0x00, 
    0x00, 0x0a, 0xff, 0xff, 0xff, 0xff, 0xff, 0xff, 0xff, 0xff, 0xff, 0xff, 0xff, 0xff, 0xff, 0xff, 
    0xff, 0xff, 0xff, 0xff, 0xff, 0xff, 0xff, 0xff, 0xff, 0xff, 0xff, 0xff, 0xff, 0xff, 0xff, 0xff, 
    0xff, 0xff, 0xff, 0xff, 0xff, 0xff, 0xff, 0xff, 0xff, 0xff, 0xff, 0xff, 0xff, 0xff, 0xff, 0xff, 
    0xff, 0xff, 0xff, 0xff, 0xff, 0xea, 0x90, 0xae, 0xaa, 0xaa, 0xaa, 0xaa, 0xaa, 0xaa, 0xaa, 0xaa, 
    0xaa, 0xaa, 0xaa, 0xaa, 0xaa, 0xaa, 0xaa, 0xaa, 0xaa, 0x8a, 0xaa, 0xaa, 0xaa, 0xaa, 0xaa, 0xaa, 
    0xff, 0xff, 0xff, 0xff, 0xff, 0xff, 0xf9, 0xff, 0xff, 0xff, 0xff, 0xe5, 0x55, 0x55, 0x55, 0x55, 
    0x55, 0x55, 0x59, 0x55, 0x55, 0x55, 0xbf, 0x85, 0x55, 0x55, 0x55, 0x55, 0x54, 0x15, 0x55, 0x55, 
    0x55, 0x55, 0x40, 0x00, 0x00, 0x15, 0x55, 0x55, 0x40, 0x00, 0x00, 0x00, 0x00, 0x55, 0x54, 0x55, 
    0x55, 0x55, 0x55, 0x55, 0x55, 0x55, 0x40, 0x00, 0x00, 0x55, 0x55, 0x55, 0x55, 0x55, 0x55, 0x50, 
    0x00, 0x00, 0x55, 0x55, 0x55, 0x55, 0x55, 0x55, 0x55, 0x55, 0x55, 0x55, 0x55, 0x55, 0x55, 0x55, 
    0x55, 0x55, 0x55, 0x54, 0x1a, 0xff, 0xff, 0xff, 0xff, 0xff, 0xff, 0xff, 0xff, 0xff, 0xff, 0xff, 
    0xff, 0xfc, 0x00, 0x00, 0x00, 0x00, 0x00, 0x00, 0x00, 0x00, 0x00, 0x00, 0x15, 0x55, 0x55, 0x55, 
    0x55, 0x15, 0x50, 0x55, 0x55, 0x01, 0x40, 0x00, 0x00, 0x01, 0xaf, 0xff, 0xff, 0xff, 0xfe, 0xaa, 
    0xff, 0xff, 0xff, 0xff, 0xff, 0xff, 0xff, 0xff, 0xff, 0xff, 0xff, 0xff, 0xff, 0xff, 0xff, 0xff, 
    0xff, 0xff, 0xff, 0xff, 0xff, 0xff, 0xff, 0xff, 0xff, 0xff, 0xff, 0xff, 0xff, 0xff, 0xff, 0xff, 
    0xff, 0xff, 0xff, 0xff, 0xff, 0xff, 0xff, 0xff, 0xff, 0xff, 0xff, 0xff, 0xff, 0xfa, 0xa0, 0x6f, 
    0xaa, 0xaa, 0xaa, 0xaa, 0xaa, 0xaa, 0xaa, 0xaa, 0xaa, 0xaa, 0xaa, 0xaa, 0xaa, 0xaa, 0xaa, 0xaa, 
    0xaa, 0x92, 0xaa, 0xaa, 0xaa, 0xaa, 0xaa, 0xaa, 0xff, 0xff, 0xff, 0xff, 0xff, 0xff, 0xf2, 0xff, 
    0xff, 0xff, 0xbe, 0x55, 0x55, 0x55, 0x55, 0x55, 0x55, 0x55, 0x65, 0x55, 0x55, 0x56, 0xfe, 0x55, 
    0x55, 0x55, 0x55, 0x55, 0x51, 0x55, 0x55, 0x55, 0x55, 0x54, 0x00, 0x00, 0x00, 0x55, 0x55, 0x55, 
    0x00, 0x00, 0x00, 0x00, 0x15, 0x55, 0x51, 0x55, 0x55, 0x55, 0x55, 0x55, 0x55, 0x55, 0x55, 0x55, 
    0x40, 0x00, 0x00, 0x00, 0x55, 0x55, 0x55, 0x55, 0x55, 0x55, 0x55, 0x55, 0x55, 0x55, 0x55, 0x55, 
    0x55, 0x55, 0x55, 0x55, 0x55, 0x55, 0x55, 0x55, 0x55, 0x55, 0x55, 0x55, 0x55, 0x06, 0xff, 0xff, 
    0xff, 0xff, 0xff, 0xff, 0xff, 0xff, 0xff, 0xff, 0xff, 0xfe, 0x00, 0x00, 0x00, 0x00, 0x00, 0x00, 
    0x00, 0x00, 0x00, 0x00, 0x05, 0x55, 0x55, 0x55, 0x55, 0x05, 0x54, 0x15, 0x55, 0x40, 0x10, 0x00, 
    0x00, 0x00, 0x1b, 0xff, 0xff, 0xff, 0xff, 0xfa, 0xaa, 0xaf, 0xff, 0xff, 0xff, 0xff, 0xff, 0xff, 
    0xff, 0xff, 0xff, 0xff, 0xff, 0xff, 0xff, 0xff, 0xff, 0xff, 0xff, 0xff, 0xff, 0xff, 0xff, 0xff, 
    0xff, 0xff, 0xff, 0xff, 0xff, 0xff, 0xff, 0xff, 0xff, 0xff, 0xff, 0xff, 0xff, 0xff, 0xff, 0xff, 
    0xff, 0xff, 0xff, 0xff, 0xff, 0xfa, 0xa8, 0x1b, 0xaa, 0xaa, 0xaa, 0xaa, 0xaa, 0xaa, 0xaa, 0xaa, 
    0xaa, 0xaa, 0xaa, 0xaa, 0xaa, 0xaa, 0xaa, 0xaa, 0xaa, 0xa4, 0xaa, 0xaa, 0xaa, 0xaa, 0xaa, 0xaa, 
    0xff, 0xff, 0xff, 0xff, 0xff, 0xff, 0xd7, 0xff, 0xff, 0xfe, 0xe5, 0x55, 0x55, 0x55, 0x55, 0x55, 
    0x55, 0x55, 0x55, 0x55, 0x55, 0x5b, 0xe5, 0x15, 0x55, 0x55, 0x55, 0x55, 0x05, 0x55, 0x55, 0x55, 
    0x55, 0x50, 0x00, 0x00, 0x05, 0x55, 0x55, 0x54, 0x00, 0x00, 0x00, 0x15, 0x54, 0x55, 0x45, 0x55, 
    0x55, 0x55, 0x55, 0x55, 0x55, 0x54, 0x00, 0x00, 0x00, 0x05, 0x55, 0x55, 0x55, 0x55, 0x55, 0x55, 
    0x55, 0x55, 0x55, 0x55, 0x55, 0x55, 0x55, 0x55, 0x55, 0x55, 0x55, 0x55, 0x55, 0x55, 0x55, 0x55, 
    0x55, 0x55, 0x55, 0x55, 0x55, 0x54, 0x06, 0xbf, 0xff, 0xff, 0xff, 0xff, 0xff, 0xff, 0xff, 0xff, 
    0xff, 0xff, 0x40, 0x00, 0x00, 0x00, 0x00, 0x00, 0x00, 0x00, 0x00, 0x00, 0x00, 0x55, 0x55, 0x55, 
    0x55, 0x41, 0x55, 0x05, 0x55, 0x50, 0x05, 0x00, 0x00, 0x00, 0x01, 0xbf, 0xff, 0xff, 0xff, 0xff, 
    0xe9, 0x55, 0xaa, 0xff, 0xff, 0xff, 0xff, 0xff, 0xff, 0xff, 0xff, 0xff, 0xff, 0xff, 0xff, 0xff, 
    0xff, 0xff, 0xff, 0xff, 0xff, 0xff, 0xff, 0xff, 0xff, 0xff, 0xff, 0xff, 0xff, 0xff, 0xff, 0xff, 
    0xff, 0xff, 0xff, 0xff, 0xff, 0xff, 0xff, 0xff, 0xff, 0xff, 0xff, 0xff, 0xff, 0xfe, 0xa9, 0x0a, 
    0xea, 0xaa, 0xaa, 0xaa, 0xaa, 0xaa, 0xaa, 0xaa, 0xaa, 0xaa, 0xaa, 0xaa, 0xaa, 0xaa, 0xaa, 0xaa, 
    0xaa, 0xa8, 0x6a, 0xaa, 0xaa, 0xaa, 0xaa, 0xaa, 0xff, 0xff, 0xff, 0xff, 0xff, 0xff, 0xcf, 0xff, 
    0xff, 0xfa, 0x95, 0x55, 0x55, 0x55, 0x55, 0x55, 0x55, 0x55, 0x55, 0x55, 0x55, 0x6f, 0x94, 0x55, 
    0x55, 0x55, 0x55, 0x54, 0x55, 0x55, 0x55, 0x55, 0x55, 0x40, 0x00, 0x00, 0x15, 0x55, 0x55, 0x50, 
    0x00, 0x00, 0x15, 0x55, 0x51, 0x55, 0x15, 0x55, 0x55, 0x55, 0x55, 0x55, 0x00, 0x00, 0x00, 0x15, 
    0x55, 0x55, 0x55, 0x55, 0x55, 0x55, 0x55, 0x55, 0x55, 0x55, 0x55, 0x55, 0x55, 0x55, 0x55, 0x55, 
    0x55, 0x55, 0x55, 0x55, 0x55, 0x55, 0x55, 0x55, 0x55, 0x55, 0x55, 0x55, 0x55, 0x55, 0x55, 0x56, 
    0xaa, 0xaf, 0xff, 0xff, 0xff, 0xff, 0xff, 0xff, 0xff, 0xff, 0xc0, 0x00, 0x00, 0x00, 0x00, 0x00, 
    0x00, 0x00, 0x00, 0x00, 0x00, 0x15, 0x55, 0x55, 0x55, 0x50, 0x55, 0x41, 0x55, 0x54, 0x00, 0x50, 
    0x00, 0x00, 0x00, 0x1f, 0xff, 0xff, 0xff, 0xff, 0xff, 0xea, 0x50, 0x56, 0xbf, 0xff, 0xff, 0xff, 
    0xff, 0xff, 0xff, 0xff, 0xff, 0xff, 0xff, 0xff, 0xff, 0xff, 0xff, 0xff, 0xff, 0xff, 0xff, 0xff, 
    0xff, 0xff, 0xff, 0xff, 0xff, 0xff, 0xff, 0xff, 0xff, 0xff, 0xff, 0xff, 0xff, 0xff, 0xff, 0xff, 
    0xff, 0xff, 0xff, 0xff, 0xff, 0xfe, 0xaa, 0x42, 0xaa, 0xaa, 0xaa, 0xaa, 0xaa, 0xaa, 0xaa, 0xaa, 
    0xaa, 0xaa, 0xaa, 0xaa, 0xaa, 0xaa, 0xaa, 0xaa, 0xaa, 0xaa, 0x2a, 0xaa, 0xaa, 0xaa, 0xaa, 0xaa, 
    0xff, 0xff, 0xff, 0xff, 0xff, 0xff, 0x6f, 0xff, 0xff, 0xe9, 0x55, 0x55, 0x55, 0x55, 0x55, 0x55, 
    0x55, 0x55, 0x55, 0x55, 0x55, 0xb9, 0x51, 0x55, 0x55, 0x55, 0x55, 0x41, 0x55, 0x55, 0x55, 0x55, 
    0x55, 0x00, 0x00, 0x00, 0x55, 0x55, 0x55, 0x40, 0x00, 0x15, 0x55, 0x55, 0x45, 0x54, 0x55, 0x55, 
    0x55, 0x55, 0x50, 0x00, 0x00, 0x05, 0x55, 0x55, 0x55, 0x55, 0x55, 0x55, 0x55, 0x55, 0x55, 0x55, 
    0x55, 0x55, 0x55, 0x55, 0x55, 0x55, 0x55, 0x55, 0x55, 0x55, 0x55, 0x55, 0x55, 0x55, 0x55, 0x55, 
    0x55, 0x55, 0x55, 0x55, 0x55, 0x55, 0x55, 0x55, 0x50, 0x00, 0x00, 0x15, 0x05, 0x56, 0xab, 0xff, 
    0xff, 0xff, 0xe0, 0x00, 0x00, 0x00, 0x00, 0x00, 0x00, 0x00, 0x00, 0x00, 0x00, 0x01, 0x55, 0x55, 
    0x55, 0x50, 0x15, 0x54, 0x55, 0x55, 0x40, 0x05, 0x00, 0x00, 0x00, 0x02, 0xff, 0xff, 0xff, 0xff, 
    0xff, 0xff, 0xaa, 0xa9, 0x55, 0x5b, 0xff, 0xff, 0xff, 0xff, 0xff, 0xff, 0xff, 0xff, 0xff, 0xff, 
    0xff, 0xff, 0xff, 0xff, 0xff, 0xff, 0xff, 0xff, 0xff, 0xff, 0xff, 0xff, 0xff, 0xff, 0xff, 0xff, 
    0xff, 0xff, 0xff, 0xff, 0xff, 0xff, 0xff, 0xff, 0xff, 0xff, 0xff, 0xff, 0xff, 0xff, 0xaa, 0x81, 
    0xaa, 0xaa, 0xaa, 0xaa, 0xaa, 0xaa, 0xaa, 0xaa, 0xaa, 0xaa, 0xaa, 0xaa, 0xaa, 0xaa, 0xaa, 0xaa, 
    0xaa, 0xaa, 0x4a, 0xaa, 0xaa, 0xaa, 0xaa, 0xaa, 0xff, 0xff, 0xff, 0xff, 0xff, 0xfe, 0x3f, 0xff, 
    0xff, 0xa5, 0x55, 0x55, 0x55, 0x55, 0x55, 0x55, 0x55, 0x55, 0x55, 0x55, 0x56, 0xe5, 0x45, 0x55, 
    0x55, 0x55, 0x55, 0x15, 0x55, 0x55, 0x55, 0x55, 0x50, 0x00, 0x00, 0x01, 0x55, 0x55, 0x54, 0x00, 
    0x05, 0x55, 0x55, 0x55, 0x15, 0x51, 0x55, 0x55, 0x55, 0x40, 0x00, 0x00, 0x55, 0x55, 0x55, 0x55, 
    0x55, 0x55, 0x55, 0x55, 0x55, 0x55, 0x55, 0x55, 0x55, 0x55, 0x55, 0x55, 0x55, 0x55, 0x55, 0x55, 
    0x55, 0x55, 0x55, 0x55, 0x55, 0x55, 0x55, 0x55, 0x55, 0x55, 0x55, 0x55, 0x55, 0x55, 0x55, 0x55, 
    0x55, 0x55, 0x55, 0x55, 0x55, 0x55, 0x55, 0x55, 0x56, 0xaf, 0xf4, 0x55, 0x55, 0x55, 0x55, 0x55, 
    0x55, 0x54, 0x00, 0x54, 0x00, 0x00, 0x55, 0x15, 0x55, 0x54, 0x05, 0x55, 0x15, 0x55, 0x50, 0x01, 
    0x50, 0x00, 0x00, 0x00, 0x2f, 0xff, 0xff, 0xff, 0xff, 0xff, 0xff, 0xaa, 0xaa, 0xa5, 0x01, 0x6b, 
    0xff, 0xff, 0xff, 0xff, 0xff, 0xff, 0xff, 0xff, 0xff, 0xff, 0xff, 0xff, 0xff, 0xff, 0xff, 0xff, 
    0xff, 0xff, 0xff, 0xff, 0xff, 0xff, 0xff, 0xff, 0xff, 0xff, 0xff, 0xff, 0xff, 0xff, 0xff, 0xff, 
    0xff, 0xff, 0xff, 0xff, 0xff, 0xff, 0xea, 0xa0, 0xaa, 0xaa, 0xaa, 0xaa, 0xaa, 0xaa, 0xaa, 0xaa, 
    0xaa, 0xaa, 0xaa, 0xaa, 0xaa, 0xaa, 0xaa, 0xaa, 0xaa, 0xaa, 0x86, 0xaa, 0xaa, 0xaa, 0xaa, 0xaa, 
    0xff, 0xff, 0xff, 0xff, 0xff, 0xfc, 0xbf, 0xff, 0xff, 0x55, 0x55, 0x55, 0x55, 0x55, 0x55, 0x55, 
    0x55, 0x55, 0x55, 0x55, 0x5e, 0x55, 0x15, 0x55, 0x55, 0x55, 0x50, 0x55, 0x55, 0x55, 0x55, 0x55, 
    0x40, 0x00, 0x00, 0x15, 0x55, 0x55, 0x50, 0x01, 0x55, 0x55, 0x55, 0x55, 0x55, 0x55, 0x55, 0x55, 
    0x00, 0x00, 0x01, 0x55, 0x55, 0x55, 0x55, 0x55, 0x55, 0x55, 0x55, 0x55, 0x55, 0x55, 0x55, 0x55, 
    0x55, 0x55, 0x55, 0x55, 0x55, 0x55, 0x55, 0x55, 0x55, 0x55, 0x55, 0x55, 0x55, 0x55, 0x55, 0x55, 
    0x55, 0x55, 0x55, 0x55, 0x55, 0x55, 0x55, 0x55, 0x55, 0x55, 0x50, 0x55, 0x55, 0x55, 0x55, 0x55, 
    0x55, 0x54, 0x00, 0x15, 0x55, 0x50, 0x00, 0x00, 0x00, 0x00, 0x00, 0x00, 0x00, 0x00, 0x05, 0x41, 
    0x55, 0x55, 0x05, 0x55, 0x41, 0x55, 0x54, 0x00, 0x04, 0x00, 0x00, 0x00, 0x06, 0xff, 0xff, 0xff, 
    0xff, 0xff, 0xff, 0xff, 0xaa, 0xaf, 0xff, 0xaa, 0x55, 0x55, 0x6a, 0xab, 0xff, 0xff, 0xff, 0xff, 
    0xff, 0xff, 0xff, 0xff, 0xff, 0xff, 0xff, 0xff, 0xff, 0xff, 0xff, 0xff, 0xff, 0xff, 0xff, 0xff, 
    0xff, 0xff, 0xff, 0xff, 0xff, 0xff, 0xff, 0xff, 0xff, 0xff, 0xff, 0xff, 0xff, 0xff, 0xea, 0xa4, 
    0x2a, 0xaa, 0xaa, 0xaa, 0xaa, 0xaa, 0xaa, 0xaa, 0xaa, 0xa6, 0xaa, 0xaa, 0xaa, 0xaa, 0xaa, 0xaa, 
    0xaa, 0xaa, 0xa1, 0xaa, 0xaa, 0xaa, 0xaa, 0xaa, 0xff, 0xff, 0xff, 0xff, 0xff, 0xf5, 0xff, 0xff, 
    0xfe, 0x55, 0x55, 0x55, 0x55, 0x55, 0x55, 0x55, 0x55, 0x55, 0x55, 0x55, 0xa5, 0x54, 0x15, 0x55, 
    0x55, 0x55, 0x45, 0x55, 0x55, 0x55, 0x55, 0x55, 0x00, 0x00, 0x00, 0x55, 0x55, 0x55, 0x00, 0x55, 
    0x55, 0x55, 0x55, 0x55, 0x55, 0x55, 0x55, 0x00, 0x00, 0x05, 0x55, 0x55, 0x55, 0x55, 0x55, 0x55, 
    0x55, 0x55, 0x55, 0x55, 0x55, 0x55, 0x55, 0x55, 0x55, 0x55, 0x55, 0x55, 0x55, 0x55, 0x55, 0x55, 
    0x55, 0x55, 0x55, 0x55, 0x55, 0x55, 0x55, 0x55, 0x55, 0x55, 0x55, 0x55, 0x55, 0x55, 0x55, 0x55, 
    0x55, 0x55, 0x55, 0x40, 0x55, 0x55, 0x55, 0x55, 0x55, 0x55, 0x55, 0x55, 0x40, 0x00, 0x00, 0x00, 
    0x00, 0x00, 0x00, 0x00, 0x00, 0x00, 0x01, 0x50, 0x15, 0x55, 0x41, 0x55, 0x50, 0x55, 0x55, 0x00, 
    0x01, 0x40, 0x00, 0x00, 0x00, 0x2f, 0xff, 0xff, 0xff, 0xff, 0xff, 0xff, 0xff, 0xff, 0xff, 0xff, 
    0xff, 0xfa, 0x95, 0x00, 0x00, 0x56, 0xaf, 0xff, 0xff, 0xff, 0xff, 0xff, 0xff, 0xff, 0xff, 0xff, 
    0xff, 0xff, 0xff, 0xff, 0xff, 0xff, 0xff, 0xff, 0xff, 0xff, 0xff, 0xff, 0xff, 0xff, 0xff, 0xff, 
    0xff, 0xff, 0xff, 0xff, 0xff, 0xff, 0xfa, 0xa9, 0x1a, 0xaa, 0xaa, 0xaa, 0xaa, 0xaa, 0xaa, 0xaa, 
    0xaa, 0xaa, 0xaa, 0xaa, 0xaa, 0xaa, 0xaa, 0xaa, 0xaa, 0xaa, 0xa4, 0xaa, 0xaa, 0xaa, 0xaa, 0xaa, 
    0xff, 0xff, 0xff, 0xff, 0xff, 0xf3, 0xff, 0xff, 0xf9, 0x55, 0x55, 0x55, 0x55, 0x55, 0x55, 0x55, 
    0x55, 0x55, 0x55, 0x56, 0x95, 0x54, 0x55, 0x55, 0x55, 0x55, 0x15, 0x55, 0x55, 0x55, 0x55, 0x54, 
    0x40, 0x00, 0x01, 0x55, 0x55, 0x50, 0x55, 0x45, 0x55, 0x55, 0x55, 0x55, 0x55, 0x55, 0x00, 0x00, 
    0x05, 0x55, 0x55, 0x55, 0x55, 0x55, 0x55, 0x55, 0x55, 0x55, 0x55, 0x55, 0x55, 0x55, 0x55, 0x55, 
    0x55, 0x55, 0x55, 0x55, 0x55, 0x55, 0x55, 0x55, 0x55, 0x55, 0x55, 0x55, 0x55, 0x55, 0x55, 0x55, 
    0x55, 0x55, 0x55, 0x55, 0x55, 0x55, 0x55, 0x55, 0x55, 0x55, 0x55, 0x55, 0x40, 0x55, 0x55, 0x55, 
    0x55, 0x55, 0x55, 0x55, 0x55, 0x55, 0x00, 0x00, 0x00, 0x00, 0x00, 0x00, 0x00, 0x00, 0x00, 0x15, 
    0x01, 0x55, 0x40, 0x55, 0x55, 0x15, 0x55, 0x40, 0x00, 0x14, 0x00, 0x00, 0x00, 0x02, 0xff, 0xff, 
    0xff, 0xff, 0xff, 0xff, 0xff, 0xff, 0xff, 0xff, 0xff, 0xff, 0xff, 0xff, 0xa5, 0x00, 0x00, 0x16, 
    0xff, 0xff, 0xff, 0xff, 0xff, 0xff, 0xff, 0xff, 0xff, 0xff, 0xff, 0xff, 0xff, 0xff, 0xff, 0xff, 
    0xff, 0xff, 0xff, 0xff, 0xff, 0xff, 0xff, 0xff, 0xff, 0xff, 0xff, 0xff, 0xff, 0xff, 0xfa, 0xaa, 
    0x06, 0xaa, 0xaa, 0xaa, 0xaa, 0xaa, 0xaa, 0xaa, 0xaa, 0xa9, 0xaa, 0xaa, 0xaa, 0xaa, 0xaa, 0xaa, 
    0xaa, 0xaa, 0xa9, 0x2a, 0xaa, 0xaa, 0xaa, 0xaa, 0xff, 0xff, 0xff, 0xff, 0xff, 0xd7, 0xff, 0xff, 
    0xf5, 0x55, 0x55, 0x55, 0x55, 0x55, 0x55, 0x55, 0x55, 0x55, 0x55, 0x5a, 0x55, 0x51, 0x55, 0x55, 
    0x55, 0x51, 0x55, 0x55, 0x55, 0x55, 0x55, 0x55, 0x00, 0x00, 0x05, 0x55, 0x55, 0x15, 0x55, 0x15, 
    0x55, 0x55, 0x55, 0x55, 0x55, 0x40, 0x00, 0x15, 0x55, 0x55, 0x55, 0x55, 0x55, 0x55, 0x55, 0x55, 
    0x55, 0x55, 0x55, 0x55, 0x55, 0x55, 0x55, 0x55, 0x55, 0x55, 0x55, 0x55, 0x55, 0x55, 0x55, 0x55, 
    0x55, 0x55, 0x55, 0x55, 0x55, 0x55, 0x55, 0x55, 0x55, 0x55, 0x55, 0x55, 0x55, 0x55, 0x55, 0x55, 
    0x55, 0x55, 0x55, 0x55, 0x55, 0x00, 0x15, 0x55, 0x55, 0x55, 0x55, 0x55, 0x55, 0x55, 0x55, 0x54, 
    0x00, 0x00, 0x00, 0x00, 0x15, 0x40, 0x00, 0x05, 0x50, 0x15, 0x50, 0x15, 0x55, 0x41, 0x55, 0x50, 
    0x00, 0x01, 0x40, 0x00, 0x00, 0x00, 0x2f, 0xff, 0xff, 0xff, 0xff, 0xff, 0xff, 0xff, 0xff, 0xff, 
    0xff, 0xff, 0xff, 0xff, 0xff, 0x90, 0x00, 0x00, 0x00, 0x6b, 0xff, 0xff, 0xff, 0xff, 0xff, 0xff, 
    0xff, 0xff, 0xff, 0xff, 0xff, 0xff, 0xff, 0xff, 0xff, 0xff, 0xff, 0xff, 0xff, 0xff, 0xff, 0xff, 
    0xff, 0xff, 0xff, 0xff, 0xff, 0xff, 0xfe, 0xaa, 0x82, 0xaa, 0xaa, 0xaa, 0xaa, 0xaa, 0xaa, 0xaa, 
    0xaa, 0xaa, 0xaa, 0xaa, 0xaa, 0xaa, 0xaa, 0xaa, 0xaa, 0xaa, 0xaa, 0x1a, 0xaa, 0xaa, 0xaa, 0xaa, 
    0xff, 0xff, 0xff, 0xff, 0xff, 0xcf, 0xff, 0xff, 0xe5, 0x55, 0x55, 0x55, 0x55, 0x55, 0x55, 0x55, 
    0x55, 0x55, 0x55, 0x65, 0x55, 0x45, 0x55, 0x55, 0x55, 0x45, 0x55, 0x55, 0x55, 0x55, 0x55, 0x54, 
    0x00, 0x00, 0x15, 0x55, 0x45, 0x55, 0x54, 0x55, 0x55, 0x55, 0x55, 0x55, 0x50, 0x00, 0x15, 0x55, 
    0x55, 0x55, 0x55, 0x55, 0x55, 0x55, 0x55, 0x55, 0x55, 0x55, 0x55, 0x55, 0x55, 0x55, 0x55, 0x55, 
    0x55, 0x55, 0x55, 0x55, 0x55, 0x6a, 0x95, 0x55, 0x55, 0x55, 0x55, 0x55, 0x55, 0x55, 0x55, 0x55, 
    0x55, 0x55, 0x55, 0x55, 0x55, 0x55, 0x55, 0x55, 0x55, 0x55, 0x55, 0x55, 0x55, 0x55, 0x00, 0x05, 
    0x55, 0x55, 0x55, 0x55, 0x55, 0x55, 0x55, 0x55, 0x55, 0x40, 0x00, 0x00, 0x00, 0x00, 0x54, 0x00, 
    0x54, 0x01, 0x54, 0x05, 0x55, 0x54, 0x55, 0x54, 0x00, 0x00, 0x14, 0x00, 0x00, 0x00, 0x02, 0xff, 
    0xff, 0xff, 0xff, 0xff, 0xff, 0xff, 0xff, 0xff, 0xff, 0xff, 0xff, 0xfe, 0x90, 0x16, 0xaa, 0xaa, 
    0x54, 0x00, 0x05, 0xaf, 0xff, 0xff, 0xff, 0xff, 0xff, 0xff, 0xff, 0xff, 0xff, 0xff, 0xff, 0xff, 
    0xff, 0xff, 0xff, 0xff, 0xff, 0xff, 0xff, 0xff, 0xff, 0xff, 0xff, 0xff, 0xff, 0xff, 0xff, 0xaa, 
    0x90, 0xaa, 0xaa, 0xaa, 0xaa, 0xaa, 0xaa, 0xaa, 0xaa, 0xaa, 0x6a, 0xaa, 0xaa, 0xaa, 0xaa, 0xaa, 
    0xaa, 0xaa, 0xaa, 0x8a, 0xaa, 0xaa, 0xaa, 0xaa, 0xff, 0xff, 0xff, 0xff, 0xff, 0x6f, 0xff, 0xff, 
    0x95, 0x55, 0x55, 0x55, 0x55, 0x55, 0x55, 0x55, 0x55, 0x55, 0x55, 0x95, 0x55, 0x15, 0x55, 0x55, 
    0x55, 0x15, 0x55, 0x55, 0x55, 0x55, 0x55, 0x40, 0x00, 0x01, 0x55, 0x50, 0x55, 0x55, 0x51, 0x55, 
    0x55, 0x55, 0x55, 0x54, 0x00, 0x15, 0x55, 0x55, 0x55, 0x55, 0x55, 0x55, 0x55, 0x55, 0x55, 0x55, 
    0x54, 0x55, 0x55, 0x55, 0x55, 0x55, 0x56, 0xaa, 0xaa, 0xaa, 0xaa, 0xaa, 0xaa, 0xaa, 0xff, 0xff, 
    0xff, 0xaa, 0xaa, 0x95, 0x55, 0x55, 0x55, 0x55, 0x55, 0x55, 0x55, 0x55, 0x55, 0x55, 0x55, 0x55, 
    0x55, 0x55, 0x55, 0x55, 0x55, 0x55, 0x54, 0x00, 0x00, 0x55, 0x55, 0x55, 0x55, 0x55, 0x55, 0x55, 
    0x55, 0x55, 0x54, 0x00, 0x00, 0x00, 0x00, 0x01, 0x55, 0x00, 0x55, 0x01, 0x55, 0x55, 0x05, 0x55, 
    0x00, 0x00, 0x01, 0x50, 0x00, 0x00, 0x00, 0x2f, 0xff, 0xff, 0xff, 0xff, 0xff, 0xff, 0xff, 0xff, 
    0xff, 0xff, 0xe9, 0x55, 0xaf, 0xff, 0xff, 0xff, 0xfe, 0xaa, 0x40, 0x00, 0x5b, 0xff, 0xff, 0xff, 
    0xff, 0xff, 0xff, 0xff, 0xff, 0xff, 0xff, 0xff, 0xff, 0xff, 0xff, 0xff, 0xff, 0xff, 0xff, 0xff, 
    0xff, 0xff, 0xff, 0xff, 0xff, 0xff, 0xff, 0xaa, 0xa4, 0x6a, 0xaa, 0xaa, 0xaa, 0xaa, 0xaa, 0xaa, 
    0xaa, 0xaa, 0x9a, 0xaa, 0xaa, 0xaa, 0xaa, 0xaa, 0xaa, 0xaa, 0xaa, 0x92, 0xaa, 0xaa, 0xaa, 0xaa, 
    0xff, 0xff, 0xff, 0xff, 0xff, 0x3f, 0xff, 0xff, 0x55, 0x55, 0x55, 0x55, 0x55, 0x55, 0x55, 0x55, 
    0x55, 0x55, 0x55, 0x55, 0x54, 0x55, 0x55, 0x55, 0x51, 0x55, 0x55, 0x55, 0x55, 0x55, 0x55, 0x00, 
    0x00, 0x05, 0x55, 0x15, 0x55, 0x55, 0x45, 0x55, 0x55, 0x55, 0x55, 0x01, 0x01, 0x55, 0x55, 0x55, 
    0x55, 0x55, 0x55, 0x55, 0x55, 0x55, 0x55, 0x55, 0x54, 0x55, 0x55, 0x55, 0x56, 0xaa, 0xaa, 0x55, 
    0x55, 0x55, 0x55, 0x55, 0x55, 0x55, 0x55, 0x55, 0x55, 0x55, 0x55, 0x55, 0x40, 0x01, 0x55, 0x55, 
    0x55, 0x55, 0x55, 0x55, 0x55, 0x55, 0x55, 0x40, 0x00, 0x05, 0x55, 0x55, 0x55, 0x55, 0x55, 0x50, 
    0x00, 0x00, 0x15, 0x55, 0x55, 0x55, 0x55, 0x55, 0x55, 0x55, 0x55, 0x50, 0x00, 0x00, 0x00, 0x00, 
    0x01, 0x50, 0x05, 0x40, 0x55, 0x55, 0x41, 0x55, 0x50, 0x00, 0x00, 0x55, 0x00, 0x00, 0x00, 0x02, 
    0xff, 0xff, 0xff, 0xff, 0xff, 0xff, 0xff, 0xff, 0xfa, 0x95, 0x5a, 0xbf, 0xff, 0xff, 0xff, 0xff, 
    0xff, 0xea, 0xaa, 0x94, 0x00, 0x05, 0xbf, 0xff, 0xff, 0xff, 0xff, 0xff, 0xff, 0xff, 0xff, 0xff, 
    0xff, 0xff, 0xff, 0xff, 0xff, 0xff, 0xff, 0xff, 0xff, 0xff, 0xff, 0xff, 0xff, 0xff, 0xff, 0xea, 
    0xa8, 0x1a, 0xaa, 0xaa, 0xaa, 0xaa, 0xaa, 0xaa, 0xaa, 0xaa, 0xaa, 0xaa, 0xaa, 0xaa, 0xaa, 0xaa, 
    0xaa, 0xaa, 0xaa, 0xa5, 0xaa, 0xaa, 0xaa, 0xaa, 0xff, 0xff, 0xff, 0xff, 0xfd, 0xbf, 0xff, 0xfe, 
    0x55, 0x55, 0x55, 0x55, 0x55, 0x55, 0x55, 0x55, 0x55, 0x55, 0x55, 0x55, 0x54, 0x55, 0x55, 0x55, 
    0x45, 0x55, 0x55, 0x55, 0x55, 0x55, 0x54, 0x00, 0x00, 0x15, 0x51, 0xa5, 0x55, 0x55, 0x15, 0x55, 
    0x55, 0x55, 0x51, 0x51, 0x55, 0x55, 0x55, 0x55, 0x55, 0x55, 0x55, 0x55, 0x55, 0x55, 0x55, 0x55, 
    0x51, 0x15, 0x55, 0x55, 0x55, 0x55, 0x55, 0x55, 0x55, 0x55, 0x55, 0x55, 0x55, 0x55, 0x5a, 0xaa, 
    0xaa, 0xaa, 0x55, 0x55, 0x50, 0x01, 0x55, 0x55, 0x56, 0x55, 0x55, 0x00, 0x00, 0x00, 0x00, 0x00, 
    0x00, 0x00, 0x01, 0x55, 0x55, 0x55, 0x55, 0x55, 0x40, 0x00, 0x00, 0x15, 0x55, 0x55, 0x55, 0x55, 
    0x55, 0x55, 0x55, 0x55, 0x40, 0x00, 0x00, 0x00, 0x00, 0x55, 0x01, 0x50, 0x15, 0x55, 0x54, 0x55, 
    0x54, 0x00, 0x00, 0x05, 0x50, 0x00, 0x00, 0x00, 0x1f, 0xff, 0xff, 0xff, 0xff, 0xff, 0x9a, 0xaf, 
    0x96, 0xaf, 0xff, 0xff, 0xff, 0xff, 0xff, 0xff, 0xff, 0xff, 0xaa, 0xaa, 0xa9, 0x40, 0x00, 0x6f, 
    0xff, 0xff, 0xff, 0xff, 0xff, 0xff, 0xff, 0xff, 0xff, 0xff, 0xff, 0xff, 0xff, 0xff, 0xff, 0xff, 
    0xff, 0xff, 0xff, 0xff, 0xff, 0xff, 0xff, 0xea, 0xaa, 0x0a, 0xaa, 0xaa, 0xaa, 0xaa, 0xaa, 0xaa, 
    0xaa, 0xaa, 0xa6, 0xaa, 0xaa, 0xaa, 0xaa, 0xaa, 0xaa, 0xaa, 0xaa, 0xa8, 0xaa, 0xaa, 0xaa, 0xaa, 
    0xff, 0xff, 0xff, 0xff, 0xfc, 0xff, 0xff, 0xfd, 0x55, 0x55, 0x55, 0x55, 0x55, 0x55, 0x55, 0x55, 
    0x55, 0x55, 0x55, 0x55, 0x51, 0x55, 0x55, 0x55, 0x15, 0x55, 0x55, 0x55, 0x55, 0x55, 0x50, 0x00, 
    0x00, 0x54, 0x1a, 0x55, 0x55, 0x55, 0x55, 0x55, 0x55, 0x54, 0x55, 0x55, 0x55, 0x55, 0x55, 0x55, 
    0x55, 0x55, 0x55, 0x55, 0x55, 0x55, 0x55, 0x55, 0x45, 0x15, 0x55, 0x55, 0x55, 0x55, 0x54, 0x00, 
    0x01, 0x50, 0x00, 0x56, 0xaf, 0xff, 0xff, 0xff, 0xff, 0xff, 0xff, 0xea, 0xa9, 0x01, 0xaa, 0xaa, 
    0xab, 0xff, 0xff, 0xff, 0xff, 0xfa, 0xa9, 0x54, 0x00, 0x00, 0x00, 0x00, 0x01, 0x55, 0x55, 0x55, 
    0x54, 0x00, 0x00, 0x00, 0x05, 0x55, 0x55, 0x55, 0x55, 0x55, 0x55, 0x55, 0x55, 0x00, 0x00, 0x00, 
    0x00, 0x05, 0x50, 0x04, 0x05, 0x55, 0x55, 0x05, 0x55, 0x00, 0x00, 0x00, 0x55, 0x00, 0x00, 0x00, 
    0x01, 0xbf, 0xff, 0xff, 0xff, 0xff, 0xff, 0xff, 0xff, 0xff, 0xff, 0xff, 0xff, 0xff, 0xff, 0xff, 
    0xff, 0xff, 0xfa, 0xaa, 0xaa, 0xaa, 0x94, 0x00, 0x1a, 0xff, 0xff, 0xff, 0xff, 0xff, 0xff, 0xff, 
    0xff, 0xff, 0xff, 0xff, 0xff, 0xff, 0xff, 0xff, 0xff, 0xff, 0xff, 0xff, 0xff, 0xff, 0xff, 0xfa, 
    0xaa, 0x42, 0xaa, 0xaa, 0xaa, 0xaa, 0xaa, 0xaa, 0xaa, 0xaa, 0xaa, 0xaa, 0xaa, 0xaa, 0xaa, 0xaa, 
    0xaa, 0xaa, 0xaa, 0xaa, 0x2a, 0xaa, 0xaa, 0xaa, 0xff, 0xff, 0xff, 0xff, 0xf6, 0xff, 0xff, 0xf9, 
    0x55, 0x55, 0x55, 0x55, 0x55, 0x55, 0x55, 0x55, 0x55, 0x55, 0x55, 0x55, 0x45, 0x55, 0x55, 0x55, 
    0x55, 0x55, 0x55, 0x55, 0x55, 0x55, 0x40, 0x00, 0x01, 0x42, 0xa5, 0x55, 0x55, 0x54, 0x55, 0x55, 
    0x55, 0x15, 0x55, 0x55, 0x55, 0x55, 0x55, 0x55, 0x55, 0x55, 0x55, 0x55, 0x55, 0x55, 0x55, 0x55, 
    0x44, 0x55, 0x55, 0x55, 0x50, 0x00, 0x15, 0x55, 0x50, 0x06, 0xbf, 0xff, 0xff, 0xff, 0xff, 0xff, 
    0xff, 0xff, 0xff, 0xff, 0xea, 0x80, 0x6a, 0xaa, 0xaa, 0xbf, 0xff, 0xff, 0xff, 0xff, 0xff, 0xff, 
    0xff, 0xea, 0x50, 0x00, 0x00, 0x01, 0x55, 0x55, 0x55, 0x50, 0x00, 0x00, 0x00, 0x05, 0x55, 0x55, 
    0x55, 0x55, 0x55, 0x55, 0x55, 0x54, 0x00, 0x00, 0x00, 0x01, 0x54, 0x00, 0x01, 0x55, 0x55, 0x51, 
    0x55, 0x40, 0x00, 0x00, 0x05, 0x00, 0x00, 0x00, 0x00, 0x07, 0xff, 0xff, 0xff, 0xff, 0xff, 0xff, 
    0xff, 0xff, 0xff, 0xff, 0xff, 0xff, 0xff, 0xff, 0xff, 0xff, 0xff, 0xaa, 0xaa, 0xaa, 0xaa, 0xa4, 
    0x00, 0x05, 0xbf, 0xff, 0xff, 0xff, 0xff, 0xff, 0xff, 0xff, 0xff, 0xff, 0xff, 0xff, 0xff, 0xff, 
    0xff, 0xff, 0xff, 0xff, 0xff, 0xff, 0xff, 0xfa, 0xaa, 0x91, 0xaa, 0xaa, 0xaa, 0xaa, 0xaa, 0xaa, 
    0xaa, 0xaa, 0xa9, 0xaa, 0xaa, 0xaa, 0xaa, 0xaa, 0xaa, 0xaa, 0xaa, 0xaa, 0x5a, 0xaa, 0xaa, 0xaa, 
    0xff, 0xff, 0xff, 0xff, 0xf3, 0xff, 0xff, 0xe5, 0x55, 0x55, 0x55, 0x55, 0x55, 0x55, 0x55, 0x55, 
    0x55, 0x55, 0x55, 0x55, 0x15, 0x55, 0x55, 0x55, 0x55, 0x55, 0x55, 0x55, 0x55, 0x54, 0x00, 0x00, 
    0x14, 0x2a, 0x55, 0x55, 0x55, 0x55, 0x55, 0x55, 0x41, 0x55, 0x55, 0x55, 0x55, 0x55, 0x55, 0x55, 
    0x55, 0x55, 0x55, 0x55, 0x55, 0x55, 0x55, 0x55, 0x14, 0x55, 0x55, 0x40, 0x01, 0x55, 0x54, 0x00, 
    0x6a, 0xaf, 0xff, 0xff, 0xff, 0xff, 0xff, 0xff, 0xff, 0xff, 0xff, 0xff, 0xff, 0xa4, 0x0a, 0xaa, 
    0xaa, 0xab, 0xff, 0xff, 0xff, 0xff, 0xff, 0xff, 0xff, 0xff, 0xff, 0xfa, 0x90, 0x00, 0x05, 0x55, 
    0x55, 0x55, 0x40, 0x00, 0x00, 0x00, 0x15, 0x55, 0x55, 0x55, 0x55, 0x55, 0x55, 0x55, 0x54, 0x00, 
    0x00, 0x00, 0x15, 0x40, 0x01, 0x55, 0x55, 0x55, 0x55, 0x50, 0x00, 0x00, 0x00, 0x50, 0x00, 0x00, 
    0x00, 0x00, 0x6f, 0xff, 0xff, 0xff, 0xff, 0xff, 0xff, 0xff, 0xff, 0xff, 0xff, 0xff, 0xff, 0xff, 
    0xff, 0xff, 0xff, 0xfa, 0xaa, 0xaa, 0xaa, 0xaa, 0xa5, 0x00, 0x01, 0x6f, 0xff, 0xff, 0xff, 0xff, 
    0xff, 0xff, 0xff, 0xff, 0xff, 0xff, 0xff, 0xff, 0xff, 0xff, 0xff, 0xff, 0xff, 0xff, 0xff, 0xfe, 
    0xaa, 0xa0, 0x6a, 0xaa, 0xaa, 0xaa, 0xaa, 0xaa, 0xaa, 0xaa, 0xaa, 0x6a, 0xaa, 0xaa, 0xaa, 0xaa, 
    0xaa, 0xaa, 0xaa, 0xaa, 0x9a, 0xaa, 0xaa, 0xaa, 0xff, 0xff, 0xff, 0xff, 0xdb, 0xff, 0xff, 0xd5, 
    0x55, 0x55, 0x55, 0x55, 0x55, 0x55, 0x55, 0x55, 0x55, 0x55, 0x55, 0x54, 0x55, 0x55, 0x55, 0x15, 
    0x55, 0x55, 0x55, 0x55, 0x55, 0x50, 0x00, 0x00, 0x46, 0xa5, 0x55, 0x55, 0x55, 0x55, 0x55, 0x50, 
    0x15, 0x55, 0x55, 0x55, 0x55, 0x55, 0x55, 0x55, 0x55, 0x55, 0x55, 0x55, 0x55, 0x55, 0x55, 0x54, 
    0x10, 0x54, 0x00, 0x05, 0x55, 0x00, 0x01, 0xaa, 0xaa, 0xab, 0xff, 0xff, 0xff, 0xff, 0xff, 0xff, 
    0xff, 0xff, 0xff, 0xff, 0xff, 0xfe, 0x41, 0xaa, 0xaa, 0xaa, 0xbf, 0xff, 0xff, 0xff, 0xff, 0xff, 
    0xff, 0xff, 0xff, 0xff, 0xff, 0xfa, 0x40, 0x05, 0x55, 0x55, 0x54, 0x00, 0x00, 0x00, 0x00, 0x15, 
    0x55, 0x55, 0x55, 0x55, 0x55, 0x55, 0x55, 0x50, 0x00, 0x00, 0x05, 0x50, 0x00, 0x55, 0x55, 0x55, 
    0x55, 0x54, 0x00, 0x00, 0x00, 0x14, 0x00, 0x00, 0x00, 0x00, 0x01, 0xff, 0xff, 0xff, 0xff, 0xff, 
    0xff, 0xff, 0xff, 0xff, 0xff, 0xff, 0xff, 0xff, 0xff, 0xff, 0xff, 0xfe, 0xaa, 0xaa, 0xaa, 0xaa, 
    0xaa, 0xa5, 0x00, 0x00, 0x6b, 0xff, 0xff, 0xff, 0xff, 0xff, 0xff, 0xff, 0xff, 0xff, 0xff, 0xff, 
    0xff, 0xff, 0xff, 0xff, 0xff, 0xff, 0xff, 0xff, 0xaa, 0xa8, 0x2a, 0xaa, 0xaa, 0xaa, 0xaa, 0xaa, 
    0xaa, 0xaa, 0xaa, 0x6a, 0xaa, 0xaa, 0xaa, 0xaa, 0xaa, 0xaa, 0xaa, 0xaa, 0xa2, 0xaa, 0xaa, 0xaa, 
    0xff, 0xff, 0xff, 0xff, 0xcf, 0xff, 0xff, 0x95, 0x55, 0x55, 0x55, 0x55, 0x55, 0x55, 0x55, 0x55, 
    0x55, 0x55, 0x55, 0x54, 0x55, 0x55, 0x55, 0x55, 0x55, 0x55, 0x55, 0x55, 0x55, 0x40, 0x00, 0x00, 
    0x69, 0x55, 0x55, 0x55, 0x55, 0x55, 0x55, 0x15, 0x55, 0x55, 0x55, 0x55, 0x55, 0x55, 0x55, 0x55, 
    0x55, 0x55, 0x55, 0x55, 0x55, 0x55, 0x55, 0x50, 0x40, 0x00, 0x05, 0x94, 0x00, 0x05, 0xbf, 0xea, 
    0xab, 0xff, 0xff, 0xff, 0xff, 0xff, 0xff, 0xff, 0xff, 0xff, 0xff, 0xff, 0xff, 0xff, 0xe4, 0x6a, 
    0xaa, 0xaa, 0xab, 0xff, 0xff, 0xff, 0xff, 0xff, 0xff, 0xff, 0xff, 0xff, 0xff, 0xff, 0xff, 0xa4, 
    0x00, 0x55, 0x55, 0x56, 0xf4, 0x00, 0x00, 0x00, 0x05, 0x55, 0x55, 0x55, 0x55, 0x55, 0x55, 0x55, 
    0x54, 0x50, 0x00, 0x55, 0x00, 0x05, 0x55, 0x55, 0x55, 0x55, 0x00, 0x00, 0x00, 0x01, 0x40, 0x00, 
    0x00, 0x00, 0x00, 0x0b, 0xff, 0xff, 0xff, 0xff, 0xff, 0xff, 0xff, 0xff, 0xff, 0xff, 0xff, 0xff, 
    0xff, 0xff, 0xff, 0xff, 0xea, 0xaa, 0xaa, 0xaa, 0xaa, 0xaa, 0x90, 0x00, 0x00, 0x1a, 0xff, 0xff, 
    0xff, 0xff, 0xff, 0xff, 0xff, 0xff, 0xff, 0xff, 0xff, 0xff, 0xff, 0xff, 0xff, 0xff, 0xff, 0xff, 
    0xaa, 0xa9, 0x0a, 0xaa, 0xaa, 0xaa, 0xaa, 0xaa, 0xaa, 0xaa, 0xaa, 0x9a, 0xaa, 0xaa, 0xaa, 0xaa, 
    0xaa, 0xaa, 0xaa, 0xaa, 0xa8, 0xaa, 0xaa, 0xaa, 0xff, 0xff, 0xff, 0xff, 0x6f, 0xff, 0xff, 0x55, 
    0x55, 0x55, 0x55, 0x55, 0x55, 0x55, 0x55, 0x55, 0x55, 0x55, 0x55, 0x51, 0x55, 0x55, 0x55, 0x55, 
    0x55, 0x55, 0x55, 0x55, 0x54, 0x00, 0x00, 0x06, 0x95, 0x55, 0x55, 0x55, 0x55, 0x55, 0x51, 0x55, 
    0x55, 0x55, 0x55, 0x55, 0x55, 0x55, 0x55, 0x55, 0x55, 0x55, 0x55, 0x55, 0x51, 0x55, 0x54, 0x00, 
    0x00, 0x00, 0x40, 0x00, 0x00, 0x04, 0x15, 0x56, 0xbf, 0xff, 0xff, 0xff, 0xff, 0xff, 0xff, 0xff, 
    0xff, 0xff, 0xff, 0xff, 0xff, 0xff, 0xfe, 0x4a, 0xaa, 0xaa, 0xaa, 0xaf, 0xff, 0xff, 0xff, 0xff, 
    0xff, 0xff, 0xff, 0xff, 0xff, 0xff, 0xff, 0xff, 0xe9, 0x00, 0x15, 0x55, 0x18, 0x00, 0x00, 0x00, 
    0x00, 0x15, 0x55, 0x55, 0x55, 0x55, 0x55, 0x55, 0x55, 0x55, 0x50, 0x15, 0x40, 0x11, 0x55, 0x55, 
    0x55, 0x15, 0x40, 0x00, 0x00, 0x00, 0x10, 0x00, 0x00, 0x00, 0x00, 0x00, 0x2f, 0xff, 0xff, 0xff, 
    0xff, 0xff, 0xff, 0xff, 0xff, 0xff, 0xff, 0xff, 0xff, 0xff, 0xff, 0xff, 0xfe, 0xaa, 0xaa, 0xaa, 
    0xaa, 0xa9, 0x00, 0x00, 0x00, 0x00, 0x05, 0xbf, 0xff, 0xff, 0xff, 0xff, 0xff, 0xff, 0xff, 0xff, 
    0xff, 0xff, 0xff, 0xff, 0xff, 0xff, 0xff, 0xff, 0xea, 0xaa, 0x46, 0xaa, 0xaa, 0xaa, 0xaa, 0xaa, 
    0xaa, 0xaa, 0xaa, 0xaa, 0xaa, 0xaa, 0xaa, 0xaa, 0xaa, 0xaa, 0xaa, 0xaa, 0xa9, 0x6a, 0xaa, 0xaa, 
    0xff, 0xff, 0xff, 0xff, 0x3f, 0xff, 0xfe, 0x55, 0x55, 0x55, 0x55, 0x55, 0x55, 0x55, 0x55, 0x55, 
    0x55, 0x55, 0x55, 0x45, 0x55, 0x55, 0x55, 0x55, 0x55, 0x55, 0x55, 0x55, 0x50, 0x00, 0x00, 0x69, 
    0x55, 0x55, 0x55, 0x55, 0x55, 0x54, 0x55, 0x55, 0x55, 0x55, 0x55, 0x55, 0x55, 0x55, 0x55, 0x55, 
    0x55, 0x55, 0x55, 0x55, 0x54, 0x55, 0x00, 0x00, 0x00, 0x15, 0x55, 0x55, 0x55, 0x55, 0x55, 0x55, 
    0x40, 0x55, 0xaf, 0xff, 0xff, 0xff, 0xff, 0xff, 0xff, 0xff, 0xff, 0xff, 0xff, 0xff, 0xff, 0x92, 
    0xaa, 0xaa, 0xaa, 0xaa, 0xff, 0xff, 0xff, 0xff, 0xff, 0xff, 0xff, 0xff, 0xff, 0xff, 0xff, 0xff, 
    0xff, 0xf9, 0x00, 0x15, 0x54, 0x00, 0x00, 0x00, 0x00, 0x00, 0x15, 0x55, 0x55, 0x55, 0x55, 0x55, 
    0x55, 0x55, 0x55, 0x55, 0x54, 0x04, 0x15, 0x55, 0x55, 0x51, 0x50, 0x00, 0x00, 0x00, 0x05, 0x00, 
    0x00, 0x00, 0x00, 0x00, 0x00, 0x6f, 0xff, 0xff, 0xff, 0xff, 0xff, 0xff, 0xff, 0xff, 0xff, 0xff, 
    0xff, 0xff, 0xff, 0xff, 0xff, 0xea, 0xaa, 0xaa, 0xaa, 0x40, 0x00, 0x00, 0x00, 0x00, 0x00, 0x01, 
    0xbf, 0xff, 0xff, 0xff, 0xff, 0xff, 0xff, 0xff, 0xff, 0xff, 0xff, 0xff, 0xff, 0xff, 0xff, 0xff, 
    0xea, 0xaa, 0x81, 0xaa, 0xaa, 0xaa, 0xaa, 0xaa, 0xaa, 0xaa, 0xaa, 0xa6, 0xaa, 0xaa, 0xaa, 0xaa, 
    0xaa, 0xaa, 0xaa, 0xaa, 0xaa, 0x6a, 0xaa, 0xaa, 0xff, 0xff, 0xff, 0xfd, 0x7f, 0xff, 0xfd, 0x55, 
    0x55, 0x55, 0x55, 0x55, 0x55, 0x55, 0x55, 0x55, 0x55, 0x55, 0x55, 0x15, 0x55, 0x55, 0x55, 0x55, 
    0x55, 0x55, 0x55, 0x55, 0x40, 0x00, 0x06, 0x95, 0x55, 0x55, 0x55, 0x55, 0x55, 0x45, 0x55, 0x55, 
    0x55, 0x55, 0x55, 0x55, 0x55, 0x55, 0x55, 0x55, 0x55, 0x55, 0x55, 0x55, 0x54, 0x00, 0x00, 0x01, 
    0x05, 0x55, 0x55, 0x55, 0x55, 0x55, 0x55, 0x55, 0x55, 0x55, 0x50, 0x5b, 0xff, 0xff, 0xff, 0xff, 
    0xff, 0xff, 0xff, 0xff, 0xff, 0xff, 0xff, 0xf9, 0xaa, 0xaa, 0xaa, 0xaa, 0xaf, 0xff, 0xff, 0xff, 
    0xff, 0xff, 0xff, 0xff, 0xff, 0xff, 0xff, 0xff, 0xff, 0xff, 0xfa, 0x40, 0x55, 0x40, 0x00, 0x00, 
    0x00, 0x00, 0x00, 0x55, 0x55, 0x55, 0x55, 0x55, 0x55, 0x55, 0x55, 0x55, 0x55, 0x01, 0x05, 0x55, 
    0x55, 0x55, 0x54, 0x00, 0x00, 0x00, 0x00, 0x50, 0x00, 0x00, 0x00, 0x00, 0x00, 0x01, 0xbf, 0xff, 
    0xff, 0xff, 0xff, 0xff, 0xff, 0xff, 0xff, 0xff, 0xff, 0xff, 0xff, 0xff, 0xff, 0xfa, 0xaa, 0xaa, 
    0x90, 0x00, 0x00, 0x00, 0x00, 0x00, 0x00, 0x00, 0x01, 0x6f, 0xff, 0xff, 0xff, 0xff, 0xff, 0xff, 
    0xff, 0xff, 0xff, 0xff, 0xff, 0xff, 0xff, 0xff, 0xfa, 0xaa, 0xa0, 0xaa, 0xaa, 0xaa, 0xaa, 0xaa, 
    0xaa, 0xaa, 0xaa, 0xa9, 0xaa, 0xaa, 0xaa, 0xaa, 0xaa, 0xaa, 0xaa, 0xaa, 0xaa, 0x8a, 0xaa, 0xaa, 
    0xff, 0xff, 0xff, 0xfc, 0xbf, 0xff, 0xf9, 0x55, 0x55, 0x55, 0x55, 0x55, 0x55, 0x55, 0x55, 0x55, 
    0x55, 0x55, 0x55, 0x15, 0x55, 0x55, 0x55, 0x55, 0x55, 0x55, 0x55, 0x55, 0x00, 0x00, 0x69, 0x55, 
    0x55, 0x55, 0x55, 0x55, 0x54, 0x55, 0x55, 0x55, 0x55, 0x55, 0x55, 0x55, 0x55, 0x55, 0x55, 0x55, 
    0x55, 0x55, 0x55, 0x55, 0x40, 0x00, 0x05, 0x55, 0x15, 0x55, 0x55, 0x55, 0x55, 0x55, 0x55, 0x55, 
    0x55, 0x55, 0x55, 0x55, 0x5a, 0xff, 0xff, 0xff, 0xff, 0xff, 0xff, 0xff, 0xff, 0xff, 0xff, 0xff, 
    0x5a, 0xaa, 0xaa, 0xaa, 0xaa, 0xff, 0xff, 0xff, 0xff, 0xff, 0xff, 0xff, 0xff, 0xff, 0xff, 0xff, 
    0xff, 0xff, 0xff, 0xfe, 0x40, 0x55, 0x00, 0x00, 0x00, 0x00, 0x00, 0x01, 0x55, 0x55, 0x55, 0x55, 
    0x55, 0x55, 0x55, 0x55, 0x55, 0x40, 0x51, 0x55, 0x55, 0x55, 0x55, 0x40, 0x00, 0x00, 0x00, 0x14, 
    0x00, 0x00, 0x00, 0x00, 0x00, 0x00, 0x01, 0xbf, 0xff, 0xff, 0xff, 0xff, 0xff, 0xff, 0xff, 0xff, 
    0xff, 0xff, 0xff, 0xff, 0xff, 0xff, 0xaa, 0x90, 0x00, 0x00, 0x00, 0x00, 0x00, 0x00, 0x00, 0x00, 
    0x00, 0x00, 0x6b, 0xff, 0xff, 0xff, 0xff, 0xff, 0xff, 0xff, 0xff, 0xff, 0xff, 0xff, 0xff, 0xff, 
    0xfa, 0xaa, 0xa4, 0x2a, 0xaa, 0xaa, 0xaa, 0xaa, 0xaa, 0xaa, 0xaa, 0xa9, 0xaa, 0xaa, 0xaa, 0xaa, 
    0xaa, 0xaa, 0xaa, 0xaa, 0xaa, 0xa6, 0xaa, 0xaa, 0xff, 0xff, 0xff, 0xf9, 0xff, 0xff, 0xf5, 0x55, 
    0x55, 0x55, 0x55, 0x55, 0x55, 0x55, 0x55, 0x55, 0x55, 0x55, 0x54, 0x55, 0x55, 0x45, 0x55, 0x55, 
    0x55, 0x55, 0x55, 0x54, 0x00, 0x06, 0x95, 0x55, 0x55, 0x55, 0x55, 0x55, 0x45, 0x55, 0x55, 0x55, 
    0x55, 0x55, 0x55, 0x55, 0x55, 0x55, 0x55, 0x55, 0x55, 0x55, 0x55, 0x00, 0x01, 0x05, 0x55, 0x44, 
    0x15, 0x55, 0x55, 0x55, 0x55, 0x55, 0x55, 0x55, 0x55, 0x55, 0x55, 0x55, 0x55, 0x1b, 0xff, 0xff, 
    0xff, 0xff, 0xff, 0xff, 0xff, 0xff, 0xff, 0xff, 0xe6, 0xaa, 0xaa, 0xaa, 0xaa, 0xaf, 0xff, 0xff, 
    0xff, 0xff, 0xff, 0xff, 0xff, 0xff, 0xff, 0xff, 0xff, 0xff, 0xff, 0xff, 0xfe, 0x41, 0x50, 0x00, 
    0x00, 0x00, 0x00, 0x00, 0x05, 0x55, 0x55, 0x55, 0x55, 0x55, 0x55, 0x55, 0x54, 0x50, 0x15, 0x15, 
    0x55, 0x55, 0x55, 0x50, 0x00, 0x00, 0x00, 0x01, 0x00, 0x00, 0x00, 0x00, 0x00, 0x00, 0x00, 0x01, 
    0xbf, 0xff, 0xff, 0xff, 0xff, 0xff, 0xff, 0xff, 0xff, 0xff, 0xff, 0xff, 0xff, 0xfa, 0x90, 0x00, 
    0x00, 0x00, 0x00, 0x00, 0x00, 0x00, 0x00, 0x00, 0x00, 0x00, 0x00, 0x1b, 0xff, 0xff, 0xff, 0xff, 
    0xff, 0xff, 0xff, 0xff, 0xff, 0xff, 0xff, 0xff, 0xfe, 0xaa, 0xa9, 0x0a, 0xaa, 0xaa, 0xaa, 0xaa, 
    0xaa, 0xaa, 0xaa, 0xaa, 0x6a, 0xaa, 0xaa, 0xaa, 0xaa, 0xaa, 0xaa, 0xaa, 0xaa, 0xa5, 0xaa, 0xaa, 
    0xff, 0xff, 0xff, 0xf6, 0xff, 0xff, 0xe5, 0x55, 0x55, 0x55, 0x55, 0x55, 0x55, 0x55, 0x55, 0x55, 
    0x55, 0x55, 0x51, 0x55, 0x55, 0x15, 0x55, 0x55, 0x55, 0x55, 0x55, 0x50, 0x00, 0x69, 0x55, 0x55, 
    0x55, 0x55, 0x55, 0x55, 0x55, 0x55, 0x55, 0x55, 0x55, 0x55, 0x55, 0x55, 0x55, 0x55, 0x55, 0x55, 
    0x55, 0x55, 0x00, 0x15, 0x55, 0x05, 0x55, 0x00, 0x00, 0x00, 0x05, 0x55, 0x40, 0x00, 0x55, 0xaa, 
    0xaa, 0xaa, 0x95, 0x50, 0x05, 0x54, 0x1b, 0xff, 0xff, 0xff, 0xff, 0xff, 0xff, 0xff, 0xff, 0xff, 
    0xfe, 0xaa, 0xaa, 0xaa, 0xaa, 0xaa, 0xff, 0xff, 0xff, 0xff, 0xff, 0xff, 0xff, 0xff, 0xff, 0xff, 
    0xff, 0xff, 0xff, 0xff, 0xff, 0xf0, 0x01, 0x00, 0x00, 0x00, 0x00, 0x00, 0x00, 0x55, 0x55, 0x55, 
    0x55, 0x55, 0x55, 0x55, 0x55, 0x44, 0x05, 0x41, 0x55, 0x55, 0x55, 0x14, 0x00, 0x00, 0x00, 0x00, 
    0x50, 0x00, 0x00, 0x00, 0x00, 0x00, 0x00, 0x00, 0x01, 0x6f, 0xff, 0xff, 0xff, 0xff, 0xff, 0xff, 
    0xff, 0xff, 0xff, 0xff, 0xe9, 0x00, 0x00, 0x00, 0x00, 0x00, 0x00, 0x00, 0x00, 0x00, 0x00, 0x00, 
    0x00, 0x00, 0x00, 0x00, 0x1b, 0xff, 0xff, 0xff, 0xff, 0xff, 0xff, 0xff, 0xff, 0xff, 0xff, 0xff, 
    0xff, 0xaa, 0xaa, 0x06, 0xaa, 0xaa, 0xaa, 0xaa, 0xaa, 0xaa, 0xaa, 0xaa, 0x9a, 0xaa, 0xaa, 0xaa, 
    0xaa, 0xaa, 0xaa, 0xaa, 0xaa, 0xa9, 0xaa, 0xaa, 0xff, 0xff, 0xff, 0xf3, 0xff, 0xff, 0xe5, 0x55, 
    0x55, 0x55, 0x55, 0x55, 0x55, 0x55, 0x55, 0x55, 0x55, 0x55, 0x51, 0x55, 0x55, 0x55, 0x55, 0x55, 
    0x55, 0x55, 0x55, 0x00, 0x06, 0xa5, 0x55, 0x55, 0x55, 0x55, 0x55, 0x55, 0x55, 0x55, 0x55, 0x55, 
    0x55, 0x55, 0x55, 0x55, 0x55, 0x55, 0x55, 0x55, 0x55, 0x55, 0x55, 0x54, 0x00, 0x00, 0x54, 0x00, 
    0x00, 0x54, 0x00, 0x05, 0xaf, 0xff, 0xff, 0xff, 0xff, 0xff, 0xff, 0xff, 0xfe, 0x94, 0x00, 0x6f, 
    0xff, 0xff, 0xff, 0xff, 0xff, 0xff, 0xff, 0xff, 0xff, 0xaa, 0xaa, 0xaa, 0xaa, 0xaa, 0xaf, 0xff, 
    0xff, 0xff, 0xff, 0xff, 0xff, 0xff, 0xff, 0xff, 0xff, 0xff, 0xff, 0xff, 0xff, 0xf8, 0x00, 0x14, 
    0x00, 0x00, 0x00, 0x00, 0x00, 0x01, 0x55, 0x55, 0x55, 0x55, 0x55, 0x55, 0x55, 0x50, 0x01, 0x50, 
    0x55, 0x55, 0x55, 0x45, 0x00, 0x00, 0x00, 0x00, 0x04, 0x00, 0x00, 0x00, 0x00, 0x00, 0x00, 0x00, 
    0x00, 0x00, 0x5a, 0xff, 0xff, 0xff, 0xff, 0xff, 0xff, 0xff, 0xfe, 0x94, 0x00, 0x00, 0x00, 0x00, 
    0x00, 0x00, 0x00, 0x00, 0x00, 0x00, 0x00, 0x00, 0x00, 0x00, 0x00, 0x00, 0x00, 0x16, 0xbf, 0xff, 
    0xff, 0xff, 0xff, 0xff, 0xff, 0xff, 0xff, 0xff, 0xff, 0xaa, 0xaa, 0x82, 0xaa, 0xaa, 0xaa, 0xaa, 
    0xaa, 0xaa, 0xaa, 0xaa, 0x9a, 0xaa, 0xaa, 0xaa, 0xaa, 0xaa, 0xaa, 0xaa, 0xaa, 0xaa, 0x2a, 0xaa, 
    0xff, 0xff, 0xff, 0xe7, 0xff, 0xff, 0x95, 0x55, 0x55, 0x55, 0x55, 0x55, 0x55, 0x55, 0x55, 0x55, 
    0x55, 0x55, 0x45, 0x55, 0x45, 0x55, 0x55, 0x55, 0x55, 0x55, 0x54, 0x00, 0x6a, 0x55, 0x55, 0x55, 
    0x55, 0x55, 0x55, 0x55, 0x55, 0x55, 0x55, 0x55, 0x55, 0x55, 0x55, 0x55, 0x55, 0x55, 0x55, 0x55, 
    0x55, 0x55, 0x00, 0x00, 0x00, 0x00, 0x54, 0x04, 0x00, 0x01, 0x6b, 0xff, 0xff, 0xff, 0xff, 0xff, 
    0xff, 0xff, 0xff, 0xff, 0xff, 0xff, 0xe4, 0x01, 0xff, 0xff, 0xff, 0xff, 0xff, 0xff, 0xff, 0xff, 
    0xff, 0xfa, 0xaa, 0xaa, 0xaa, 0xaa, 0xaa, 0xbf, 0xff, 0xff, 0xff, 0xff, 0xff, 0xff, 0xff, 0xff, 
    0xff, 0xff, 0xff, 0xff, 0xff, 0xfd, 0x00, 0x01, 0x50, 0x00, 0x00, 0x00, 0x00, 0x00, 0x05, 0x50, 
    0x55, 0x55, 0x55, 0x55, 0x55, 0x55, 0x00, 0x54, 0x05, 0x55, 0x55, 0x50, 0x50, 0x00, 0x00, 0x00, 
    0x01, 0x00, 0x00, 0x00, 0x00, 0x00, 0x00, 0x00, 0x00, 0x00, 0x00, 0x00, 0x55, 0xaa, 0xaa, 0xaa, 
    0xa9, 0x54, 0x00, 0x00, 0x00, 0x00, 0x00, 0x00, 0x00, 0x00, 0x00, 0x00, 0x00, 0x00, 0x00, 0x00, 
    0x00, 0x00, 0x00, 0x00, 0x00, 0x00, 0x16, 0xab, 0xff, 0xff, 0xff, 0xff, 0xff, 0xff, 0xff, 0xff, 
    0xff, 0xea, 0xaa, 0x90, 0xaa, 0xaa, 0xaa, 0xaa, 0xaa, 0xaa, 0xaa, 0xaa, 0xa6, 0xaa, 0xaa, 0xaa, 
    0xaa, 0xaa, 0xaa, 0xaa, 0xaa, 0xaa, 0x9a, 0xaa, 0xff, 0xff, 0xff, 0xdb, 0xff, 0xbf, 0x95, 0x55, 
    0x55, 0x55, 0x55, 0x55, 0x55, 0x55, 0x55, 0x55, 0x55, 0x55, 0x15, 0x55, 0x15, 0x55, 0x55, 0x55, 
    0x55, 0x55, 0x50, 0x02, 0xe5, 0x55, 0x55, 0x55, 0x55, 0x55, 0x55, 0x55, 0x55, 0x55, 0x55, 0x55, 
    0x55, 0x55, 0x55, 0x55, 0x55, 0x55, 0x55, 0x55, 0x54, 0x00, 0x00, 0x00, 0x00, 0x00, 0x10, 0x00, 
    0x16, 0xff, 0xff, 0xff, 0xff, 0xff, 0xff, 0xff, 0xff, 0xff, 0xff, 0xff, 0xff, 0xff, 0xff, 0xe4, 
    0x06, 0xff, 0xff, 0xff, 0xff, 0xff, 0xff, 0xff, 0xff, 0xfe, 0x9a, 0xaa, 0xaa, 0xaa, 0xaa, 0xab, 
    0xff, 0xff, 0xff, 0xff, 0xff, 0xff, 0xff, 0xff, 0xff, 0xff, 0xff, 0xff, 0xff, 0xfe, 0x00, 0x00, 
    0x05, 0x40, 0x00, 0x00, 0x00, 0x00, 0x00, 0x55, 0x00, 0x55, 0x55, 0x55, 0x55, 0x55, 0x40, 0x15, 
    0x50, 0x55, 0x55, 0x55, 0x14, 0x00, 0x00, 0x00, 0x00, 0x10, 0x00, 0x00, 0x00, 0x00, 0x00, 0x00, 
    0x00, 0x00, 0x00, 0x00, 0x00, 0x00, 0x00, 0x00, 0x00, 0x00, 0x00, 0x00, 0x00, 0x00, 0x00, 0x00, 
    0x00, 0x00, 0x00, 0x00, 0x00, 0x00, 0x00, 0x00, 0x00, 0x00, 0x40, 0x00, 0x00, 0x00, 0x00, 0x16, 
    0xaa, 0xaf, 0xff, 0xff, 0xff, 0xff, 0xff, 0xff, 0xff, 0xea, 0xaa, 0xa4, 0x6a, 0xaa, 0xaa, 0xaa, 
    0xaa, 0xaa, 0xaa, 0xaa, 0xa6, 0xaa, 0xaa, 0xaa, 0xaa, 0xaa, 0xaa, 0xaa, 0xaa, 0xaa, 0x96, 0xaa, 
    0xff, 0xff, 0xff, 0xdf, 0xfe, 0xbf, 0x55, 0x55, 0x55, 0x55, 0x55, 0x55, 0x55, 0x55, 0x55, 0x55, 
    0x55, 0x55, 0x55, 0x54, 0x55, 0x55, 0x55, 0x55, 0x55, 0x55, 0x40, 0x1a, 0x95, 0x55, 0x55, 0x55, 
    0x55, 0x55, 0x55, 0x55, 0x55, 0x55, 0x55, 0x55, 0x55, 0x55, 0x55, 0x55, 0x55, 0x55, 0x55, 0x50, 
    0x00, 0x00, 0x00, 0x00, 0x00, 0x00, 0x00, 0x07, 0xff, 0xff, 0xff, 0xff, 0xff, 0xff, 0xff, 0xff, 
    0xff, 0xff, 0xff, 0xff, 0xff, 0xff, 0xff, 0xff, 0xd0, 0x1b, 0xff, 0xff, 0xff, 0xff, 0xff, 0xff, 
    0xff, 0xff, 0xe6, 0xaa, 0xaa, 0xaa, 0xaa, 0xaa, 0xbf, 0xff, 0xff, 0xff, 0xff, 0xff, 0xff, 0xff, 
    0xff, 0xff, 0xff, 0xff, 0xef, 0xff, 0x40, 0x00, 0x00, 0x15, 0x00, 0x00, 0x00, 0x00, 0x00, 0x05, 
    0x50, 0x01, 0x55, 0x55, 0x55, 0x55, 0x50, 0x05, 0x54, 0x15, 0x55, 0x55, 0x41, 0x40, 0x00, 0x00, 
    0x00, 0x04, 0x00, 0x00, 0x00, 0x00, 0x00, 0x00, 0x00, 0x00, 0x00, 0x00, 0x00, 0x00, 0x00, 0x00, 
    0x00, 0x00, 0x00, 0x00, 0x00, 0x00, 0x00, 0x00, 0x00, 0x00, 0x00, 0x00, 0x10, 0x00, 0x00, 0x00, 
    0x00, 0x00, 0x00, 0x00, 0x00, 0x00, 0x00, 0x00, 0x16, 0xaa, 0xaa, 0xbf, 0xff, 0xff, 0xff, 0xff, 
    0xff, 0xfa, 0xaa, 0xa8, 0x1a, 0xaa, 0xaa, 0xaa, 0xaa, 0xaa, 0xaa, 0xaa, 0xa9, 0xaa, 0xaa, 0xaa, 
    0xaa, 0xaa, 0xaa, 0xaa, 0xaa, 0xaa, 0xa6, 0xaa, 0xff, 0xff, 0xff, 0x6f, 0xfd, 0xfe, 0x55, 0x55, 
    0x55, 0x55, 0x55, 0x55, 0x55, 0x55, 0x55, 0x55, 0x55, 0x54, 0x55, 0x51, 0x55, 0x55, 0x55, 0x55, 
    0x55, 0x55, 0x01, 0xb9, 0x55, 0x55, 0x55, 0x55, 0x55, 0x55, 0x55, 0x55, 0x55, 0x55, 0x55, 0x55, 
    0x55, 0x55, 0x55, 0x55, 0x55, 0x55, 0x54, 0x00, 0x00, 0x00, 0x15, 0x00, 0x15, 0x00, 0x02, 0x9f, 
    0xff, 0xff, 0xff, 0xff, 0xff, 0xff, 0xff, 0xff, 0xff, 0xff, 0xff, 0xff, 0xff, 0xff, 0xff, 0xff, 
    0xf9, 0x64, 0x7f, 0xff, 0xff, 0xff, 0xff, 0xff, 0xff, 0xff, 0xf8, 0x6a, 0xaa, 0xaa, 0xaa, 0xaa, 
    0xab, 0xff, 0xff, 0xff, 0xff, 0xff, 0xff, 0xff, 0xff, 0xff, 0xff, 0xff, 0xfe, 0xaf, 0xc0, 0x00, 
    0x00, 0x00, 0x54, 0x00, 0x00, 0x00, 0x00, 0x00, 0x15, 0x00, 0x05, 0x55, 0x55, 0x55, 0x54, 0x01, 
    0x55, 0x01, 0x55, 0x55, 0x54, 0x50, 0x00, 0x00, 0x00, 0x00, 0x40, 0x00, 0x00, 0x00, 0x00, 0x00, 
    0x00, 0x00, 0x00, 0x00, 0x00, 0x00, 0x00, 0x00, 0x00, 0x00, 0x00, 0x00, 0x00, 0x00, 0x00, 0x00, 
    0x00, 0x00, 0x00, 0x00, 0x00, 0x00, 0x00, 0x00, 0x00, 0x00, 0x00, 0x00, 0x00, 0x00, 0x00, 0x00, 
    0x00, 0x16, 0xaa, 0xaa, 0xab, 0xff, 0xff, 0xff, 0xff, 0xfa, 0xaa, 0xaa, 0x0a, 0xaa, 0xaa, 0xaa, 
    0xaa, 0xaa, 0xaa, 0xaa, 0xa9, 0x6a, 0xaa, 0xaa, 0xaa, 0xaa, 0xaa, 0xaa, 0xaa, 0xaa, 0xa9, 0xaa, 
    0xff, 0xff, 0xff, 0x7f, 0xf9, 0xfd, 0x55, 0x55, 0x55, 0x55, 0x55, 0x55, 0x55, 0x55, 0x55, 0x55, 
    0x55, 0x51, 0x55, 0x55, 0x55, 0x55, 0x55, 0x55, 0x55, 0x54, 0x0b, 0x95, 0x55, 0x55, 0x55, 0x55, 
    0x55, 0x55, 0x55, 0x55, 0x55, 0x55, 0x55, 0x55, 0x55, 0x55, 0x55, 0x55, 0x55, 0x55, 0x00, 0x54, 
    0x00, 0x05, 0x50, 0x01, 0x50, 0x00, 0x00, 0x5b, 0xff, 0xff, 0xff, 0xff, 0xff, 0xff, 0xff, 0xff, 
    0xff, 0xff, 0xff, 0xff, 0xff, 0xff, 0xff, 0xff, 0xff, 0x8b, 0x96, 0xff, 0xff, 0xff, 0xff, 0xff, 
    0xff, 0xff, 0xfe, 0x1a, 0xaa, 0xaa, 0xaa, 0xaa, 0xaa, 0xbf, 0xff, 0xff, 0xff, 0xff, 0xff, 0xff, 
    0xff, 0xff, 0xff, 0xff, 0xff, 0xfa, 0x90, 0x00, 0x00, 0x00, 0x00, 0x50, 0x00, 0x00, 0x00, 0x00, 
    0x01, 0x50, 0x00, 0x05, 0x55, 0x55, 0x55, 0x00, 0x55, 0x50, 0x15, 0x55, 0x55, 0x05, 0x00, 0x00, 
    0x00, 0x00, 0x10, 0x00, 0x00, 0x00, 0x00, 0x00, 0x00, 0x00, 0x00, 0x00, 0x00, 0x00, 0x00, 0x00, 
    0x00, 0x00, 0x00, 0x00, 0x00, 0x00, 0x00, 0x00, 0x00, 0x00, 0x00, 0x00, 0x00, 0x00, 0x00, 0x00, 
    0x00, 0x00, 0x00, 0x00, 0x00, 0x00, 0x00, 0x00, 0x00, 0x00, 0x16, 0xaa, 0xaa, 0xaa, 0xaf, 0xff, 
    0xff, 0xfe, 0xaa, 0xaa, 0x42, 0xaa, 0xaa, 0xaa, 0xaa, 0xaa, 0xaa, 0xaa, 0xaa, 0x6a, 0xaa, 0xaa, 
    0xaa, 0xaa, 0xaa, 0xaa, 0xaa, 0xaa, 0xaa, 0x2a, 0xff, 0xff, 0xff, 0x7f, 0xf6, 0xf9, 0x55, 0x55, 
    0x55, 0x55, 0x55, 0x55, 0x55, 0x55, 0x55, 0x55, 0x55, 0x55, 0x54, 0x55, 0x55, 0x55, 0x55, 0x55, 
    0x55, 0x50, 0x6e, 0x55, 0x55, 0x55, 0x55, 0x55, 0x55, 0x55, 0x55, 0x55, 0x55, 0x55, 0x55, 0x55, 
    0x55, 0x55, 0x55, 0x55, 0x55, 0x00, 0x51, 0x40, 0x05, 0x54, 0x00, 0x55, 0x00, 0x10, 0x00, 0x05, 
    0xff, 0xff, 0xff, 0xff, 0xff, 0xff, 0xff, 0xff, 0xff, 0xff, 0xff, 0xff, 0xff, 0xff, 0xff, 0xff, 
    0xff, 0xf5, 0xfe, 0x6f, 0xff, 0xff, 0xff, 0xff, 0xff, 0xff, 0xff, 0x82, 0xaa, 0xaa, 0xaa, 0xaa, 
    0xaa, 0xab, 0xff, 0xff, 0xff, 0xff, 0xff, 0xff, 0xff, 0xff, 0xff, 0xff, 0xff, 0xff, 0xe0, 0x00, 
    0x00, 0x00, 0x00, 0x01, 0x40, 0x00, 0x00, 0x00, 0x00, 0x15, 0x00, 0x00, 0x15, 0x55, 0x55, 0x40, 
    0x15, 0x55, 0x01, 0x55, 0x55, 0x50, 0x40, 0x00, 0x00, 0x00, 0x01, 0x00, 0x00, 0x00, 0x00, 0x00, 
    0x00, 0x00, 0x00, 0x00, 0x00, 0x00, 0x00, 0x00, 0x00, 0x00, 0x00, 0x00, 0x00, 0x00, 0x00, 0x00, 
    0x00, 0x00, 0x14, 0x00, 0x00, 0x00, 0x00, 0x00, 0x00, 0x00, 0x00, 0x00, 0x00, 0x00, 0x00, 0x00, 
    0x00, 0x00, 0x00, 0x1a, 0xaa, 0xaa, 0xaa, 0xaa, 0xff, 0xff, 0xaa, 0xaa, 0x91, 0xaa, 0xaa, 0xaa, 
    0xaa, 0xaa, 0xaa, 0xaa, 0xaa, 0x9a, 0xaa, 0xaa, 0xaa, 0xaa, 0xaa, 0xaa, 0xaa, 0xaa, 0xaa, 0x5a, 
    0xff, 0xff, 0xfd, 0xbf, 0xe6, 0xf5, 0x55, 0x55, 0x55, 0x55, 0x55, 0x55, 0x55, 0x55, 0x55, 0x55, 
    0x55, 0x55, 0x51, 0x55, 0x55, 0x55, 0x55, 0x55, 0x55, 0x46, 0xe5, 0x55, 0x55, 0x55, 0x55, 0x55, 
    0x55, 0x55, 0x55, 0x55, 0x55, 0x55, 0x55, 0x55, 0x55, 0x55, 0x55, 0x55, 0x40, 0x15, 0x40, 0x05, 
    0x55, 0x40, 0x15, 0x50, 0x1a, 0x10, 0x00, 0x00, 0x5f, 0xff, 0xff, 0xff, 0xff, 0xff, 0xff, 0xff, 
    0xff, 0xff, 0xff, 0xff, 0xff, 0xff, 0xff, 0xff, 0xff, 0xfe, 0x6f, 0xe5, 0xff, 0xff, 0xff, 0xff, 
    0xff, 0xff, 0xff, 0xe0, 0x6a, 0xaa, 0xaa, 0xaa, 0xaa, 0xaa, 0xbf, 0xff, 0xff, 0xff, 0xff, 0xff, 
    0xff, 0xff, 0xff, 0xff, 0xff, 0xff, 0xf4, 0x00, 0x00, 0x00, 0x00, 0x00, 0x00, 0x00, 0x00, 0x00, 
    0x00, 0x01, 0x50, 0x00, 0x01, 0x55, 0x55, 0x50, 0x05, 0x55, 0x50, 0x15, 0x55, 0x54, 0x04, 0x00, 
    0x00, 0x00, 0x00, 0x40, 0x00, 0x00, 0x00, 0x00, 0x00, 0x00, 0x00, 0x00, 0x00, 0x00, 0x00, 0x00, 
    0x00, 0x00, 0x00, 0x00, 0x00, 0x00, 0x00, 0x00, 0x00, 0x00, 0x00, 0x00, 0x00, 0x00, 0x00, 0x00, 
    0x00, 0x00, 0x00, 0x00, 0x00, 0x00, 0x00, 0x00, 0x00, 0x00, 0x00, 0x00, 0x1a, 0xaa, 0xaa, 0xaa, 
    0xaa, 0xaa, 0xaa, 0xaa, 0xa0, 0x6a, 0xaa, 0xaa, 0xaa, 0xaa, 0xaa, 0xaa, 0xaa, 0x9a, 0xaa, 0xaa, 
    0xaa, 0xaa, 0xaa, 0xaa, 0xaa, 0xaa, 0xaa, 0x96, 0xff, 0xff, 0xfd, 0xff, 0xd7, 0xe5, 0x55, 0x55, 
    0x55, 0x55, 0x55, 0x55, 0x55, 0x55, 0x55, 0x55, 0x55, 0x55, 0x45, 0x55, 0x55, 0x55, 0x55, 0x55, 
    0x55, 0x2f, 0x95, 0x55, 0x55, 0x55, 0x55, 0x55, 0x55, 0x55, 0x55, 0x55, 0x55, 0x55, 0x55, 0x55, 
    0x55, 0x55, 0x55, 0x50, 0x05, 0x50, 0x01, 0x55, 0x55, 0x01, 0x54, 0x01, 0xaa, 0x10, 0x00, 0x00, 
    0x16, 0xfb, 0xff, 0xff, 0xff, 0xff, 0xff, 0xff, 0xff, 0xff, 0xff, 0xff, 0xff, 0xff, 0xff, 0xff, 
    0xff, 0xff, 0xdb, 0xfe, 0x6f, 0xff, 0xff, 0xff, 0xff, 0xff, 0xff, 0xf9, 0x0a, 0xaa, 0xaa, 0xaa, 
    0xaa, 0xaa, 0xab, 0xff, 0xff, 0xff, 0xff, 0xff, 0xff, 0xff, 0xff, 0xff, 0xff, 0xff, 0xfc, 0x00, 
    0x00, 0x00, 0x00, 0x00, 0x00, 0x00, 0x00, 0x00, 0x00, 0x00, 0x15, 0x00, 0x00, 0x05, 0x55, 0x55, 
    0x00, 0x55, 0x54, 0x01, 0x55, 0x55, 0x40, 0x00, 0x00, 0x00, 0x00, 0x10, 0x00, 0x00, 0x00, 0x00, 
    0x00, 0x00, 0x00, 0x00, 0x00, 0x00, 0x00, 0x00, 0x00, 0x00, 0x00, 0x00, 0x00, 0x00, 0x00, 0x00, 
    0x00, 0x00, 0x00, 0x00, 0x00, 0x00, 0x00, 0x00, 0x00, 0x00, 0x00, 0x00, 0x00, 0x00, 0x00, 0x00, 
    0x00, 0x00, 0x00, 0x00, 0x00, 0x1a, 0xaa, 0xaa, 0xaa, 0xaa, 0xaa, 0xaa, 0xa8, 0x2a, 0xaa, 0xaa, 
    0xaa, 0xaa, 0xaa, 0xaa, 0xaa, 0xa2, 0xaa, 0xaa, 0xaa, 0xaa, 0xaa, 0xaa, 0xaa, 0xaa, 0xaa, 0xa2, 
    0xff, 0xff, 0xfd, 0xff, 0x97, 0xe5, 0x55, 0x55, 0x55, 0x55, 0x55, 0x55, 0x55, 0x55, 0x55, 0x55, 
    0x55, 0x55, 0x55, 0x55, 0x55, 0x55, 0x55, 0x55, 0x51, 0xb9, 0x55, 0x55, 0x55, 0x55, 0x55, 0x55, 
    0x55, 0x55, 0x55, 0x55, 0x55, 0x55, 0x55, 0x55, 0x55, 0x55, 0x55, 0x01, 0x54, 0x01, 0x55, 0x55, 
    0x40, 0x55, 0x00, 0x51, 0xaa, 0x10, 0x00, 0x00, 0x01, 0x6b, 0xff, 0xff, 0xff, 0xff, 0xff, 0xff, 
    0xff, 0xff, 0xff, 0xff, 0xff, 0xff, 0xff, 0xff, 0xff, 0xff, 0xf6, 0xff, 0xe6, 0xff, 0xff, 0xff, 
    0xff, 0xff, 0xff, 0xff, 0x41, 0xaa, 0xaa, 0xaa, 0xaa, 0xaa, 0xaa, 0xbf, 0xff, 0xff, 0xff, 0xff, 
    0xff, 0xff, 0xff, 0xff, 0xff, 0xff, 0xfd, 0x00, 0x00, 0x00, 0x00, 0x00, 0x00, 0x00, 0x00, 0x00, 
    0x00, 0x00, 0x01, 0x40, 0x00, 0x00, 0x15, 0x55, 0x40, 0x15, 0x55, 0x40, 0x15, 0x55, 0x54, 0x00, 
    0x00, 0x00, 0x00, 0x01, 0x00, 0x00, 0x00, 0x00, 0x00, 0x00, 0x00, 0x00, 0x00, 0x00, 0x00, 0x00, 
    0x00, 0x00, 0x00, 0x00, 0x00, 0x00, 0x00, 0x00, 0x00, 0x00, 0x00, 0x00, 0x00, 0x00, 0x00, 0x00, 
    0x00, 0x00, 0x00, 0x00, 0x00, 0x00, 0x00, 0x00, 0x00, 0x00, 0x00, 0x00, 0x00, 0x00, 0x5a, 0xaa, 
    0xaa, 0xaa, 0xaa, 0xaa, 0xa9, 0x0a, 0xaa, 0xaa, 0xaa, 0xaa, 0xaa, 0xaa, 0xaa, 0xa5, 0xaa, 0xaa, 
    0xaa, 0xaa, 0xaa, 0xaa, 0xaa, 0xaa, 0xaa, 0xa8, 0xff, 0xff, 0xf6, 0xff, 0x9b, 0xd5, 0x55, 0x55, 
    0x55, 0x55, 0x55, 0x55, 0x55, 0x55, 0x55, 0x55, 0x55, 0x55, 0x55, 0x55, 0x55, 0x55, 0x55, 0x55, 
    0x47, 0xe5, 0x55, 0x55, 0x55, 0x55, 0x55, 0x55, 0x55, 0x55, 0x55, 0x55, 0x55, 0x55, 0x55, 0x55, 
    0x55, 0x55, 0x40, 0x55, 0x41, 0x55, 0x55, 0x54, 0x05, 0x50, 0x01, 0xa0, 0x6a, 0x10, 0x00, 0x00, 
    0x00, 0x67, 0xff, 0xff, 0xff, 0xff, 0xff, 0xff, 0xff, 0xff, 0xff, 0xff, 0xff, 0xff, 0xff, 0xff, 
    0xff, 0xff, 0xfd, 0xbf, 0xfe, 0x6f, 0xff, 0xff, 0xff, 0xff, 0xff, 0xff, 0xd0, 0x1a, 0xaa, 0xaa, 
    0xaa, 0xaa, 0xaa, 0xab, 0xff, 0xff, 0xff, 0xff, 0xff, 0xff, 0xff, 0xff, 0xff, 0xff, 0xff, 0x00, 
    0x00, 0x00, 0x00, 0x00, 0x00, 0x00, 0x00, 0x00, 0x00, 0x00, 0x00, 0x54, 0x00, 0x00, 0x00, 0x55, 
    0x50, 0x05, 0x55, 0x54, 0x01, 0x55, 0x55, 0x50, 0x00, 0x00, 0x00, 0x00, 0x40, 0x00, 0x00, 0x00, 
    0x00, 0x00, 0x00, 0x00, 0x00, 0x00, 0x00, 0x00, 0x00, 0x00, 0x00, 0x00, 0x00, 0x00, 0x00, 0x00, 
    0x00, 0x00, 0x00, 0x00, 0x00, 0x00, 0x00, 0x00, 0x00, 0x00, 0x00, 0x00, 0x00, 0x00, 0x00, 0x00, 
    0x00, 0x00, 0x00, 0x00, 0x01, 0x94, 0x00, 0x5a, 0xaa, 0xaa, 0xaa, 0xaa, 0xaa, 0x42, 0xaa, 0xaa, 
    0xaa, 0xaa, 0xaa, 0xaa, 0xaa, 0xa9, 0xaa, 0xaa, 0xaa, 0xaa, 0xaa, 0xaa, 0xaa, 0xaa, 0xaa, 0xa9, 
    0xff, 0xff, 0xf7, 0xff, 0x5b, 0x95, 0x55, 0x55, 0x55, 0x55, 0x55, 0x55, 0x55, 0x55, 0x55, 0x55, 
    0x55, 0x55, 0x55, 0x55, 0x55, 0x55, 0x55, 0x55, 0x6e, 0x55, 0x55, 0x55, 0x55, 0x55, 0x55, 0x55, 
    0x55, 0x55, 0x55, 0x55, 0x55, 0x55, 0x55, 0x55, 0x55, 0x50, 0x15, 0x50, 0x55, 0x55, 0x54, 0x01, 
    0x54, 0x00, 0x02, 0xa4, 0x2b, 0x50, 0x00, 0x00, 0x00, 0x09, 0xff, 0xff, 0xff, 0xff, 0xff, 0xff, 
    0xff, 0xff, 0xff, 0xff, 0xff, 0xff, 0xff, 0xff, 0xff, 0xff, 0xff, 0x7f, 0xff, 0xd7, 0xff, 0xff, 
    0xff, 0xff, 0xff, 0xff, 0xf4, 0x06, 0xaa, 0xaa, 0xaa, 0xaa, 0xaa, 0xaa, 0xbf, 0xff, 0xff, 0xff, 
    0xff, 0xff, 0xff, 0xff, 0xff, 0xff, 0xff, 0x40, 0x00, 0x00, 0x00, 0x00, 0x00, 0x00, 0x00, 0x00, 
    0x00, 0x00, 0x01, 0x45, 0x40, 0x00, 0x00, 0x05, 0x54, 0x00, 0x55, 0x55, 0x40, 0x15, 0x55, 0x55, 
    0x00, 0x00, 0x00, 0x00, 0x10, 0x00, 0x00, 0x00, 0x00, 0x00, 0x00, 0x00, 0x00, 0x00, 0x00, 0x00, 
    0x00, 0x00, 0x00, 0x00, 0x00, 0x00, 0x00, 0x00, 0x00, 0x00, 0x00, 0x00, 0x00, 0x00, 0x00, 0x00, 
    0x00, 0x00, 0x00, 0x00, 0x00, 0x00, 0x00, 0x00, 0x00, 0x00, 0x00, 0x00, 0x00, 0x6a, 0x90, 0x00, 
    0x5a, 0xaa, 0xaa, 0xaa, 0xaa, 0x81, 0xaa, 0xaa, 0xaa, 0xaa, 0xaa, 0xaa, 0xaa, 0xaa, 0x2a, 0xaa, 
    0xaa, 0xaa, 0xaa, 0xaa, 0xaa, 0xaa, 0xaa, 0xaa, 0xff, 0xff, 0xf7, 0xfe, 0x5b, 0x55, 0x55, 0x55, 
    0x55, 0x55, 0x55, 0x55, 0x55, 0x55, 0x55, 0x55, 0x55, 0x55, 0x55, 0x55, 0x55, 0x55, 0x55, 0x51, 
    0xf9, 0x55, 0x55, 0x55, 0x55, 0x55, 0x55, 0x55, 0x55, 0x55, 0x55, 0x55, 0x55, 0x55, 0x55, 0x55, 
    0x55, 0x05, 0x55, 0x15, 0x55, 0x55, 0x50, 0x55, 0x40, 0x00, 0x12, 0xa9, 0x0f, 0x50, 0x00, 0x2a, 
    0x94, 0x01, 0xbd, 0xff, 0xff, 0xff, 0xff, 0xff, 0xff, 0xff, 0xff, 0xff, 0xff, 0xff, 0xff, 0xff, 
    0xff, 0xff, 0xff, 0xdf, 0xff, 0xf9, 0xff, 0xff, 0xff, 0xff, 0xff, 0xff, 0xfd, 0x04, 0x6a, 0xaa, 
    0xaa, 0xaa, 0xaa, 0xaa, 0xab, 0xff, 0xff, 0xff, 0xff, 0xff, 0xff, 0xff, 0xff, 0xff, 0xff, 0xc0, 
    0x00, 0x00, 0x00, 0x00, 0x00, 0x00, 0x00, 0x00, 0x00, 0x00, 0x00, 0x00, 0x50, 0x00, 0x00, 0x00, 
    0x55, 0x40, 0x15, 0x55, 0x54, 0x01, 0x55, 0x55, 0x50, 0x00, 0x00, 0x00, 0x01, 0x00, 0x00, 0x00, 
    0x00, 0x00, 0x00, 0x00, 0x00, 0x00, 0x00, 0x00, 0x00, 0x00, 0x00, 0x00, 0x00, 0x00, 0x00, 0x00, 
    0x00, 0x00, 0x00, 0x00, 0x00, 0x00, 0x00, 0x00, 0x00, 0x00, 0x00, 0x00, 0x00, 0x00, 0x00, 0x00, 
    0x00, 0x00, 0x00, 0x00, 0x00, 0x1a, 0xa9, 0x00, 0x00, 0x6a, 0xaa, 0xaa, 0xaa, 0xa0, 0x6a, 0xaa, 
    0xaa, 0xaa, 0xaa, 0xaa, 0xaa, 0xaa, 0x5a, 0xaa, 0xaa, 0xaa, 0xaa, 0xaa, 0xaa, 0xaa, 0xaa, 0xaa, 
    0xff, 0xff, 0xdb, 0xfd, 0x5e, 0x55, 0x55, 0x55, 0x55, 0x55, 0x55, 0x55, 0x55, 0x55, 0x55, 0x55, 
    0x55, 0x55, 0x55, 0x55, 0x55, 0x55, 0x55, 0x4b, 0xe5, 0x55, 0x55, 0x55, 0x55, 0x55, 0x55, 0x55, 
    0x55, 0x55, 0x55, 0x55, 0x55, 0x55, 0x55, 0x55, 0x40, 0x55, 0x45, 0x55, 0x55, 0x55, 0x54, 0x50, 
    0x00, 0x00, 0x46, 0xaa, 0x07, 0x50, 0x00, 0x2a, 0xaf, 0xe4, 0x64, 0xff, 0xff, 0xff, 0xff, 0xff, 
    0xff, 0xff, 0xff, 0xff, 0xff, 0xff, 0xff, 0xff, 0xff, 0xff, 0xff, 0xfb, 0xff, 0xff, 0x6f, 0xff, 
    0xff, 0xff, 0xff, 0xff, 0xff, 0x40, 0x5a, 0xaa, 0xaa, 0xaa, 0xaa, 0xaa, 0xaa, 0xbf, 0xff, 0xff, 
    0xff, 0xff, 0xff, 0xff, 0xff, 0xff, 0xff, 0xc0, 0x00, 0x00, 0x00, 0x00, 0x00, 0x00, 0x00, 0x00, 
    0x00, 0x00, 0x00, 0x00, 0x05, 0x00, 0x00, 0x00, 0x05, 0x50, 0x05, 0x55, 0x55, 0x40, 0x15, 0x41, 
    0x55, 0x00, 0x00, 0x00, 0x00, 0x40, 0x00, 0x00, 0x00, 0x00, 0x00, 0x00, 0x00, 0x00, 0x00, 0x00, 
    0x00, 0x00, 0x00, 0x00, 0x00, 0x00, 0x00, 0x00, 0x00, 0x00, 0x00, 0x00, 0x00, 0x00, 0x00, 0x00, 
    0x00, 0x00, 0x00, 0x00, 0x00, 0x00, 0x00, 0x00, 0x00, 0x00, 0x00, 0x00, 0x00, 0x0a, 0xaa, 0x90, 
    0x00, 0x00, 0x6a, 0xaa, 0xaa, 0xa4, 0x2a, 0xaa, 0xaa, 0xaa, 0xaa, 0xaa, 0xaa, 0xaa, 0x8a, 0xaa, 
    0xaa, 0xaa, 0xaa, 0xaa, 0xaa, 0xaa, 0xaa, 0xaa, 0xff, 0xff, 0xdf, 0xf9, 0x5e, 0x55, 0x55, 0x55, 
    0x55, 0x55, 0x55, 0x55, 0x55, 0x55, 0x55, 0x55, 0x55, 0x55, 0x55, 0x55, 0x55, 0x55, 0x55, 0x2e, 
    0x55, 0x55, 0x55, 0x55, 0x55, 0x55, 0x55, 0x55, 0x55, 0x55, 0x55, 0x55, 0x55, 0x55, 0x55, 0x54, 
    0x15, 0x55, 0x55, 0x55, 0x55, 0x55, 0x54, 0x00, 0x00, 0x01, 0x4a, 0xab, 0x82, 0x40, 0x00, 0x2a, 
    0xaf, 0xff, 0x98, 0xff, 0xff, 0xff, 0xff, 0xff, 0xff, 0xff, 0xff, 0xff, 0xff, 0xff, 0xff, 0xff, 
    0xff, 0xff, 0xff, 0xfb, 0xff, 0xff, 0xdb, 0xff, 0xff, 0xff, 0xff, 0xff, 0xff, 0xd0, 0x15, 0xaa, 
    0xaa, 0xaa, 0xaa, 0xaa, 0xaa, 0xab, 0xff, 0xff, 0xff, 0xff, 0xff, 0xff, 0xff, 0xff, 0xff, 0xe0, 
    0x00, 0x00, 0x00, 0x00, 0x00, 0x00, 0x00, 0x00, 0x00, 0x00, 0x00, 0x00, 0x01, 0x50, 0x01, 0x00, 
    0x00, 0x15, 0x01, 0x55, 0x55, 0x54, 0x00, 0x50, 0x15, 0x50, 0x00, 0x00, 0x00, 0x10, 0x00, 0x00, 
    0x00, 0x00, 0x00, 0x00, 0x00, 0x00, 0x00, 0x00, 0x00, 0x00, 0x00, 0x00, 0x00, 0x00, 0x00, 0x00, 
    0x00, 0x00, 0x00, 0x00, 0x00, 0x00, 0x00, 0x00, 0x00, 0x00, 0x00, 0x00, 0x00, 0x00, 0x00, 0x00, 
    0x00, 0x00, 0x00, 0x00, 0x00, 0x02, 0xaa, 0xa4, 0x00, 0x00, 0x00, 0x6a, 0xaa, 0xa9, 0x0a, 0xaa, 
    0xaa, 0xaa, 0xaa, 0xaa, 0xaa, 0xaa, 0x96, 0xaa, 0xaa, 0xaa, 0xaa, 0xaa, 0xaa, 0xaa, 0xaa, 0xaa, 
    0xff, 0xff, 0xdf, 0xf5, 0x6d, 0x55, 0x55, 0x55, 0x55, 0x55, 0x55, 0x55, 0x55, 0x55, 0x55, 0x55, 
    0x55, 0x55, 0x55, 0x55, 0x55, 0x55, 0x51, 0xf9, 0x55, 0x55, 0x55, 0x55, 0x55, 0x55, 0x55, 0x55, 
    0x55, 0x55, 0x55, 0x55, 0x55, 0x55, 0x55, 0x01, 0x55, 0x55, 0x55, 0x55, 0x55, 0x55, 0x50, 0x00, 
    0x00, 0x05, 0x1a, 0xaf, 0xa1, 0x80, 0x00, 0x2b, 0xff, 0xff, 0xfd, 0xbf, 0xff, 0xff, 0xff, 0xff, 
    0xff, 0xff, 0xff, 0xff, 0xff, 0xff, 0xff, 0xff, 0xff, 0xff, 0xff, 0xfe, 0xff, 0xff, 0xfa, 0xff, 
    0xff, 0xff, 0xff, 0xff, 0xff, 0xf4, 0x01, 0x6a, 0xaa, 0xaa, 0xaa, 0xaa, 0xaa, 0xaa, 0xbf, 0xff, 
    0xff, 0xff, 0xff, 0xff, 0xff, 0xff, 0xff, 0xf0, 0x00, 0x00, 0x00, 0x00, 0x00, 0x00, 0x00, 0x00, 
    0x00, 0x00, 0x00, 0x00, 0x00, 0x15, 0x00, 0x00, 0x00, 0x01, 0x50, 0x55, 0x55, 0x55, 0x40, 0x05, 
    0x01, 0x55, 0x00, 0x00, 0x00, 0x04, 0x00, 0x00, 0x00, 0x00, 0x00, 0x00, 0x00, 0x00, 0x00, 0x00, 
    0x00, 0x00, 0x00, 0x00, 0x00, 0x00, 0x00, 0x00, 0x00, 0x00, 0x00, 0x00, 0x00, 0x00, 0x00, 0x00, 
    0x00, 0x00, 0x00, 0x00, 0x00, 0x00, 0x00, 0x00, 0x00, 0x00, 0x00, 0x00, 0x00, 0x00, 0xaa, 0xaa, 
    0x40, 0x00, 0x00, 0x01, 0x6a, 0xaa, 0x06, 0xaa, 0xaa, 0xaa, 0xaa, 0xaa, 0xaa, 0xaa, 0xa6, 0xaa, 
    0xaa, 0xaa, 0xaa, 0xaa, 0xaa, 0xaa, 0xaa, 0xaa, 0xff, 0xff, 0xaf, 0xe5, 0x69, 0x55, 0x55, 0x55, 
    0x55, 0x55, 0x55, 0x55, 0x55, 0x55, 0x55, 0x55, 0x55, 0x55, 0x55, 0x55, 0x55, 0x55, 0x4b, 0xe5, 
    0x55, 0x55, 0x55, 0x55, 0x55, 0x55, 0x55, 0x55, 0x55, 0x55, 0x55, 0x55, 0x55, 0x55, 0x50, 0x55, 
    0x55, 0x55, 0x55, 0x55, 0x55, 0x55, 0x00, 0x00, 0x00, 0x05, 0x2a, 0xbf, 0xb0, 0x40, 0x00, 0x2e, 
    0xaa, 0xab, 0xff, 0xaa, 0xff, 0xff, 0xff, 0xff, 0xff, 0xff, 0xff, 0xff, 0xff, 0xff, 0xff, 0xff, 
    0xff, 0xff, 0xff, 0xff, 0xff, 0xff, 0xfe, 0xff, 0xff, 0xff, 0xff, 0xff, 0xff, 0xfd, 0x00, 0x46, 
    0xaa, 0xaa, 0xaa, 0xaa, 0xaa, 0xaa, 0xab, 0xff, 0xff, 0xff, 0xff, 0xff, 0xff, 0xff, 0xff, 0xf4, 
    0x00, 0x00, 0x00, 0x00, 0x00, 0x00, 0x00, 0x00, 0x00, 0x00, 0x00, 0x00, 0x00, 0x01, 0x40, 0x00, 
    0x00, 0x00, 0x14, 0x15, 0x55, 0x55, 0x54, 0x00, 0x10, 0x15, 0x50, 0x00, 0x00, 0x01, 0x00, 0x00, 
    0x00, 0x00, 0x00, 0x00, 0x00, 0x00, 0x00, 0x00, 0x00, 0x00, 0x00, 0x00, 0x00, 0x00, 0x00, 0x00, 
    0x00, 0x00, 0x04, 0x00, 0x00, 0x00, 0x00, 0x00, 0x00, 0x00, 0x00, 0x00, 0x00, 0x00, 0x00, 0x00, 
    0x00, 0x00, 0x00, 0x00, 0x00, 0x00, 0x2a, 0xaa, 0xa4, 0x00, 0x00, 0x00, 0x01, 0x6a, 0x81, 0xaa, 
    0xaa, 0xaa, 0xaa, 0xaa, 0xaa, 0xaa, 0xa8, 0xaa, 0xaa, 0xaa, 0xaa, 0xaa, 0xaa, 0xaa, 0xaa, 0xaa, 
    0xff, 0xff, 0x7f, 0xe5, 0x69, 0x55, 0x55, 0x55, 0x55, 0x55, 0x55, 0x55, 0x55, 0x55, 0x55, 0x55, 
    0x55, 0x55, 0x55, 0x55, 0x55, 0x55, 0x2e, 0x55, 0x55, 0x55, 0x55, 0x55, 0x55, 0x55, 0x55, 0x55, 
    0x55, 0x55, 0x55, 0x55, 0x55, 0x55, 0x05, 0x55, 0x55, 0x55, 0x55, 0x55, 0x55, 0x50, 0x00, 0x00, 
    0x00, 0x00, 0x6a, 0xbf, 0xb8, 0x00, 0x00, 0x14, 0x00, 0x01, 0xdb, 0xe4, 0xff, 0xff, 0xff, 0xff, 
    0xff, 0xff, 0xff, 0xff, 0xff, 0xff, 0xff, 0xff, 0xff, 0xff, 0xff, 0xff, 0xff, 0xff, 0xff, 0x7f, 
    0xff, 0xff, 0xff, 0xff, 0xff, 0xff, 0x40, 0x04, 0xaa, 0xaa, 0xaa, 0xaa, 0xaa, 0xaa, 0xaa, 0xbf, 
    0xff, 0xff, 0xff, 0xff, 0xff, 0xff, 0xff, 0xfc, 0x00, 0x00, 0x00, 0x00, 0x00, 0x00, 0x00, 0x00, 
    0x00, 0x00, 0x00, 0x00, 0x00, 0x00, 0x15, 0x00, 0x00, 0x00, 0x05, 0x55, 0x55, 0x55, 0x55, 0x50, 
    0x00, 0x01, 0x54, 0x00, 0x00, 0x00, 0x00, 0x00, 0x00, 0x00, 0x00, 0x00, 0x00, 0x00, 0x00, 0x00, 
    0x00, 0x00, 0x00, 0x00, 0x00, 0x00, 0x00, 0x00, 0x00, 0x00, 0x10, 0x00, 0x00, 0x00, 0x00, 0x00, 
    0x00, 0x00, 0x00, 0x00, 0x00, 0x00, 0x00, 0x00, 0x00, 0x00, 0x00, 0x00, 0x00, 0x00, 0x0a, 0xaa, 
    0xa9, 0x00, 0x00, 0x00, 0x00, 0x01, 0x90, 0x6a, 0xaa, 0xaa, 0xaa, 0xaa, 0xaa, 0xaa, 0xa9, 0x6a, 
    0xaa, 0xaa, 0xaa, 0xaa, 0xaa, 0xaa, 0xaa, 0xaa, 0xff, 0xff, 0x7f, 0xd5, 0x75, 0x55, 0x55, 0x55, 
    0x55, 0x55, 0x55, 0x55, 0x55, 0x55, 0x55, 0x55, 0x55, 0x55, 0x55, 0x55, 0x55, 0x55, 0xf9, 0x55, 
    0x56, 0x55, 0x55, 0x55, 0x55, 0x55, 0x55, 0x55, 0x55, 0x55, 0x55, 0x55, 0x55, 0x50, 0x55, 0x55, 
    0x55, 0x55, 0x55, 0x55, 0x55, 0x00, 0x00, 0x00, 0x00, 0x00, 0xaa, 0xff, 0xbd, 0x00, 0x00, 0x00, 
    0x00, 0x01, 0xc0, 0x24, 0xbf, 0xff, 0xff, 0xff, 0xff, 0xff, 0xff, 0xff, 0xff, 0xff, 0xff, 0xff, 
    0xff, 0xff, 0xff, 0xff, 0xff, 0xff, 0xff, 0xef, 0xff, 0xff, 0xff, 0xff, 0xff, 0xff, 0xd0, 0x00, 
    0x5a, 0xaa, 0xaa, 0xaa, 0xaa, 0xaa, 0xaa, 0xab, 0xff, 0xff, 0xff, 0xff, 0xff, 0xff, 0xff, 0xfc, 
    0x00, 0x00, 0x00, 0x00, 0x00, 0x00, 0x00, 0x00, 0x00, 0x00, 0x00, 0x00, 0x00, 0x00, 0x01, 0x50, 
    0x00, 0x00, 0x00, 0x55, 0x55, 0x55, 0x55, 0x55, 0x40, 0x00, 0x15, 0x40, 0x00, 0x00, 0x04, 0x00, 
    0x00, 0x00, 0x00, 0x00, 0x00, 0x00, 0x00, 0x00, 0x00, 0x00, 0x00, 0x00, 0x00, 0x00, 0x00, 0x00, 
    0x00, 0x00, 0x50, 0x00, 0x00, 0x00, 0x00, 0x00, 0x00, 0x00, 0x00, 0x00, 0x00, 0x00, 0x00, 0x00, 
    0x00, 0x00, 0x00, 0x00, 0x00, 0x00, 0x02, 0xaa, 0xaa, 0x90, 0x00, 0x00, 0x00, 0x00, 0x00, 0x2a, 
    0xaa, 0xaa, 0xaa, 0xaa, 0xaa, 0xaa, 0xaa, 0x2a, 0xaa, 0xaa, 0xaa, 0xaa, 0xaa, 0xaa, 0xaa, 0xaa, 
    0xff, 0xff, 0xbf, 0x95, 0x65, 0x55, 0x55, 0x55, 0x55, 0x55, 0x55, 0x55, 0x55, 0x55, 0x55, 0x45, 
    0x55, 0x55, 0x55, 0x55, 0x55, 0x47, 0xe5, 0x55, 0x6a, 0xaa, 0xa9, 0x55, 0x51, 0x55, 0x55, 0x55, 
    0x55, 0x55, 0x55, 0x55, 0x55, 0x15, 0x55, 0x55, 0x55, 0x55, 0x55, 0x55, 0x50, 0x00, 0x00, 0x00, 
    0x00, 0x01, 0xaa, 0xff, 0xed, 0x00, 0x00, 0x00, 0x00, 0x55, 0x94, 0x00, 0x7b, 0xff, 0xff, 0xff, 
    0xff, 0xff, 0xff, 0xff, 0xff, 0xff, 0xff, 0xff, 0xff, 0xff, 0xff, 0xff, 0xff, 0xff, 0xff, 0xef, 
    0xff, 0xff, 0xff, 0xff, 0xff, 0xff, 0xf4, 0x00, 0x11, 0xaa, 0xaa, 0xaa, 0xaa, 0xaa, 0xaa, 0xaa, 
    0xbf, 0xff, 0xff, 0xff, 0xff, 0xff, 0xff, 0xfd, 0x00, 0x00, 0x00, 0x00, 0x00, 0x00, 0x00, 0x00, 
    0x00, 0x00, 0x00, 0x00, 0x00, 0x00, 0x00, 0x15, 0x00, 0x00, 0x00, 0x15, 0x55, 0x55, 0x55, 0x55, 
    0x54, 0x00, 0x01, 0x55, 0x00, 0x00, 0x01, 0x00, 0x00, 0x00, 0x00, 0x00, 0x00, 0x00, 0x00, 0x00, 
    0x00, 0x00, 0x00, 0x00, 0x00, 0x00, 0x00, 0x00, 0x00, 0x01, 0x40, 0x00, 0x00, 0x00, 0x00, 0x00, 
    0x00, 0x00, 0x00, 0x00, 0x00, 0x00, 0x00, 0x00, 0x00, 0x00, 0x00, 0x00, 0x00, 0x00, 0x00, 0xaa, 
    0xaa, 0xa9, 0x00, 0x00, 0x00, 0x00, 0x00, 0x0a, 0xaa, 0xaa, 0xaa, 0xaa, 0xaa, 0xaa, 0xaa, 0x8a, 
    0xaa, 0xaa, 0xaa, 0xaa, 0xaa, 0xaa, 0xaa, 0xaa, 0xff, 0xfe, 0xbf, 0x95, 0x65, 0x55, 0x55, 0x55, 
    0x55, 0x55, 0x55, 0x55, 0x55, 0x55, 0x55, 0x15, 0x55, 0x55, 0x55, 0x55, 0x55, 0x2f, 0x95, 0x56, 
    0xaa, 0xaa, 0xaa, 0xaa, 0x55, 0x55, 0x55, 0x55, 0x55, 0x55, 0x55, 0x55, 0x41, 0x55, 0x55, 0x55, 
    0x55, 0x55, 0x55, 0x55, 0x00, 0x00, 0x00, 0x00, 0x00, 0x02, 0xab, 0xff, 0xec, 0x00, 0x00, 0x00, 
    0x01, 0x56, 0xaa, 0x90, 0x2e, 0xbf, 0xff, 0xff, 0xff, 0xff, 0xff, 0xff, 0xff, 0xff, 0xff, 0xff, 
    0xff, 0xff, 0xff, 0xff, 0xff, 0xff, 0xff, 0xfb, 0xff, 0xff, 0xff, 0xff, 0xff, 0xff, 0xfd, 0x00, 
    0x01, 0x6a, 0xaa, 0xaa, 0xaa, 0xaa, 0xaa, 0xaa, 0xab, 0xff, 0xff, 0xff, 0xff, 0xff, 0xff, 0xfe, 
    0x00, 0x00, 0x00, 0x00, 0x00, 0x00, 0x00, 0x00, 0x00, 0x00, 0x00, 0x00, 0x00, 0x00, 0x00, 0x01, 
    0x50, 0x00, 0x00, 0x05, 0x55, 0x55, 0x55, 0x55, 0x55, 0x50, 0x00, 0x15, 0x50, 0x00, 0x00, 0x40, 
    0x00, 0x00, 0x00, 0x00, 0x00, 0x00, 0x00, 0x00, 0x00, 0x00, 0x00, 0x00, 0x00, 0x00, 0x00, 0x00, 
    0x00, 0x15, 0x00, 0x40, 0x00, 0x00, 0x00, 0x00, 0x00, 0x00, 0x00, 0x00, 0x00, 0x00, 0x00, 0x00, 
    0x00, 0x00, 0x00, 0x00, 0x00, 0x00, 0x00, 0x2a, 0xaa, 0xaa, 0x90, 0x00, 0x00, 0x00, 0x00, 0x06, 
    0xaa, 0xaa, 0xaa, 0xaa, 0xaa, 0xaa, 0xaa, 0x96, 0xaa, 0xaa, 0xaa, 0xaa, 0xaa, 0xaa, 0xaa, 0xaa, 
    0xff, 0xfe, 0xff, 0x55, 0x95, 0x55, 0x55, 0x55, 0x55, 0x55, 0x55, 0x55, 0x55, 0x55, 0x54, 0x55, 
    0x55, 0x55, 0x55, 0x55, 0x54, 0xbe, 0x55, 0x5a, 0xaa, 0xaa, 0xaa, 0xa9, 0x55, 0x55, 0x55, 0x55, 
    0x55, 0x55, 0x55, 0x54, 0x15, 0x55, 0x55, 0x55, 0x55, 0x55, 0x55, 0x50, 0x00, 0x00, 0x00, 0x00, 
    0x00, 0x0a, 0xaf, 0xff, 0xd0, 0x00, 0x00, 0x00, 0x00, 0x45, 0xaa, 0xa9, 0x10, 0xff, 0xff, 0xff, 
    0xff, 0xff, 0xff, 0xff, 0xff, 0xff, 0xff, 0xff, 0xff, 0xff, 0xff, 0xff, 0xff, 0xff, 0xff, 0xfb, 
    0xff, 0xff, 0xff, 0xff, 0xff, 0xff, 0xff, 0x40, 0x00, 0x06, 0xaa, 0xaa, 0xaa, 0xaa, 0xaa, 0xaa, 
    0xaa, 0xbf, 0xff, 0xff, 0xff, 0xff, 0xff, 0xff, 0x00, 0x00, 0x00, 0x00, 0x00, 0x00, 0x00, 0x00, 
    0x00, 0x00, 0x00, 0x00, 0x00, 0x00, 0x00, 0x00, 0x55, 0x00, 0x00, 0x01, 0x55, 0x55, 0x55, 0x55, 
    0x55, 0x55, 0x00, 0x01, 0x55, 0x00, 0x00, 0x10, 0x00, 0x00, 0x00, 0x00, 0x00, 0x00, 0x00, 0x00, 
    0x00, 0x00, 0x00, 0x00, 0x00, 0x00, 0x00, 0x00, 0x00, 0x55, 0x05, 0x40, 0x00, 0x00, 0x00, 0x00, 
    0x00, 0x00, 0x00, 0x00, 0x00, 0x00, 0x00, 0x00, 0x00, 0x00, 0x00, 0x00, 0x00, 0x00, 0x00, 0x0a, 
    0xaa, 0xaa, 0xa9, 0x00, 0x00, 0x00, 0x00, 0x01, 0xaa, 0xaa, 0xaa, 0xaa, 0xaa, 0xaa, 0xaa, 0xa2, 
    0xaa, 0xaa, 0xaa, 0xaa, 0xaa, 0xaa, 0xaa, 0xaa, 0xff, 0xfe, 0xfe, 0x55, 0x95, 0x55, 0x55, 0x55, 
    0x55, 0x55, 0x55, 0x55, 0x55, 0x55, 0x55, 0x55, 0x55, 0x55, 0x55, 0x55, 0x52, 0xf5, 0x55, 0x6a, 
    0xaa, 0xaa, 0xaa, 0xa5, 0x56, 0x55, 0x55, 0x55, 0x55, 0x55, 0x55, 0x45, 0x55, 0x55, 0x55, 0x55, 
    0x55, 0x55, 0x55, 0x00, 0x00, 0x00, 0x00, 0x00, 0x04, 0x1a, 0xaf, 0xff, 0xd0, 0x40, 0x00, 0x00, 
    0x00, 0x15, 0xaa, 0xaa, 0x41, 0xff, 0xff, 0xff, 0xff, 0xff, 0xff, 0xff, 0xff, 0xff, 0xff, 0xff, 
    0xff, 0xff, 0xff, 0xff, 0xff, 0xff, 0xff, 0xff, 0xff, 0xff, 0xff, 0xff, 0xff, 0xff, 0xff, 0xd0, 
    0x00, 0x04, 0xaa, 0xaa, 0xaa, 0xaa, 0xaa, 0xaa, 0xaa, 0xab, 0xff, 0xff, 0xff, 0xff, 0xff, 0xea, 
    0x00, 0x00, 0x00, 0x00, 0x00, 0x00, 0x00, 0x00, 0x00, 0x00, 0x00, 0x00, 0x00, 0x00, 0x00, 0x00, 
    0x01, 0x50, 0x00, 0x00, 0x15, 0x55, 0x55, 0x55, 0x55, 0x55, 0x54, 0x00, 0x05, 0x50, 0x00, 0x05, 
    0x00, 0x00, 0x00, 0x00, 0x00, 0x00, 0x00, 0x00, 0x00, 0x00, 0x00, 0x00, 0x00, 0x00, 0x00, 0x00, 
    0x01, 0x54, 0x50, 0x00, 0x00, 0x00, 0x00, 0x00, 0x00, 0x00, 0x00, 0x00, 0x00, 0x00, 0x00, 0x00, 
    0x00, 0x00, 0x00, 0x00, 0x00, 0x00, 0x00, 0x02, 0xaa, 0xaa, 0x96, 0x90, 0x00, 0x00, 0x00, 0x00, 
    0x6a, 0xaa, 0xaa, 0xaa, 0xaa, 0xaa, 0xaa, 0xa4, 0xaa, 0xaa, 0xaa, 0xaa, 0xaa, 0xaa, 0xaa, 0xaa, 
    0xff, 0xfe, 0xfe, 0x55, 0x95, 0x55, 0x55, 0x55, 0x55, 0x55, 0x55, 0x55, 0x55, 0x55, 0x51, 0x55, 
    0x55, 0x55, 0x55, 0x55, 0x5f, 0x95, 0x55, 0xaa, 0xaa, 0xaa, 0xaa, 0x55, 0xa9, 0x55, 0x55, 0x55, 
    0x55, 0x55, 0x54, 0x55, 0x55, 0x55, 0x55, 0x55, 0x55, 0x55, 0x50, 0x00, 0x00, 0x00, 0x00, 0x00, 
    0x15, 0x2a, 0xbf, 0xff, 0x81, 0x80, 0x00, 0x00, 0x00, 0x05, 0x56, 0xaa, 0xa1, 0xff, 0xff, 0xff, 
    0xff, 0xff, 0xff, 0xff, 0xff, 0xff, 0xff, 0xff, 0xff, 0xff, 0xff, 0xff, 0xff, 0xff, 0xff, 0xff, 
    0xff, 0xff, 0xff, 0xff, 0xff, 0xff, 0xff, 0xf4, 0x00, 0x00, 0x1a, 0xaa, 0xaa, 0xaa, 0xaa, 0xaa, 
    0xaa, 0xaa, 0xff, 0xff, 0xff, 0xff, 0xfa, 0xaa, 0x40, 0x00, 0x00, 0x00, 0x00, 0x00, 0x00, 0x00, 
    0x00, 0x00, 0x00, 0x00, 0x00, 0x00, 0x00, 0x00, 0x00, 0x15, 0x00, 0x00, 0x05, 0x55, 0x55, 0x55, 
    0x55, 0x55, 0x55, 0x50, 0x00, 0x55, 0x40, 0x01, 0x40, 0x00, 0x00, 0x00, 0x00, 0x00, 0x00, 0x00, 
    0x00, 0x00, 0x00, 0x00, 0x00, 0x00, 0x00, 0x00, 0x15, 0x50, 0x00, 0x00, 0x00, 0x00, 0x00, 0x00, 
    0x00, 0x00, 0x00, 0x00, 0x00, 0x00, 0x00, 0x00, 0x00, 0x00, 0x00, 0x00, 0x00, 0x00, 0x00, 0x00, 
    0x6a, 0xaa, 0xaa, 0xa9, 0x00, 0x00, 0x00, 0x00, 0x2a, 0xaa, 0xaa, 0xaa, 0xaa, 0xaa, 0xaa, 0xa8, 
    0x6a, 0xaa, 0xaa, 0xaa, 0xaa, 0xaa, 0xaa, 0xaa, 0xff, 0xff, 0xfd, 0x55, 0x95, 0x55, 0x55, 0x55, 
    0x55, 0x55, 0x55, 0x55, 0x55, 0x55, 0x45, 0x55, 0x55, 0x55, 0x55, 0x55, 0x7e, 0x55, 0x56, 0xaa, 
    0xaa, 0xaa, 0xa9, 0x5a, 0xa5, 0x6a, 0xaa, 0x95, 0x56, 0x95, 0x55, 0x55, 0x55, 0x55, 0x55, 0x55, 
    0x55, 0x55, 0x00, 0x00, 0x00, 0x00, 0x00, 0x00, 0x14, 0xaa, 0xff, 0xff, 0x02, 0xc0, 0x00, 0x00, 
    0x00, 0x1a, 0xa9, 0xaa, 0xa4, 0xff, 0xff, 0xff, 0xff, 0xff, 0xff, 0xff, 0xff, 0xff, 0xff, 0xff, 
    0xff, 0xff, 0xff, 0xff, 0xff, 0xff, 0xff, 0xff, 0xff, 0xff, 0xff, 0xff, 0xff, 0xff, 0xff, 0xfd, 
    0x00, 0x00, 0x11, 0xaa, 0xaa, 0xaa, 0xaa, 0xaa, 0xaa, 0xaa, 0xaf, 0xff, 0xff, 0xfa, 0x94, 0x00, 
    0x00, 0x00, 0x00, 0x00, 0x00, 0x00, 0x00, 0x00, 0x00, 0x00, 0x00, 0x00, 0x00, 0x00, 0x00, 0x00, 
    0x00, 0x01, 0x50, 0x00, 0x00, 0x55, 0x55, 0x55, 0x55, 0x55, 0x55, 0x55, 0x40, 0x01, 0x54, 0x00, 
    0x50, 0x00, 0x00, 0x00, 0x00, 0x00, 0x00, 0x00, 0x00, 0x00, 0x00, 0x00, 0x00, 0x00, 0x00, 0x00, 
    0x55, 0x40, 0x00, 0x00, 0x00, 0x00, 0x00, 0x00, 0x00, 0x00, 0x00, 0x00, 0x00, 0x00, 0x00, 0x00, 
    0x00, 0x00, 0x00, 0x00, 0x00, 0x00, 0x00, 0x00, 0x1a, 0xaa, 0xaa, 0xaa, 0x90, 0x00, 0x00, 0x00, 
    0x0a, 0xaa, 0xaa, 0xaa, 0xaa, 0xaa, 0xaa, 0xaa, 0x2a, 0xaa, 0xaa, 0xaa, 0xaa, 0xaa, 0xaa, 0xaa, 
    0xff, 0xff, 0xf9, 0x55, 0x55, 0x55, 0x55, 0x55, 0x55, 0x55, 0x55, 0x55, 0x55, 0x55, 0x15, 0x55, 
    0x55, 0x55, 0x55, 0x55, 0xf9, 0x55, 0x5a, 0xaa, 0xaa, 0xaa, 0xa5, 0x6a, 0x5a, 0xaa, 0xaa, 0xaa, 
    0xaa, 0x95, 0x55, 0x55, 0x55, 0x55, 0x55, 0x55, 0x55, 0x50, 0x00, 0x00, 0x00, 0x00, 0x00, 0x00, 
    0x51, 0xaf, 0xff, 0xfc, 0x00, 0x40, 0x00, 0x00, 0x00, 0x5a, 0xaa, 0xaa, 0xa8, 0x7f, 0xff, 0xff, 
    0xff, 0xff, 0xff, 0xff, 0xff, 0xff, 0xff, 0xff, 0xff, 0xff, 0xff, 0xff, 0xff, 0xff, 0xff, 0xff, 
    0xff, 0xff, 0xff, 0xff, 0xff, 0xff, 0xff, 0xff, 0x00, 0x00, 0x00, 0x2a, 0xaa, 0xaa, 0xaa, 0xaa, 
    0xaa, 0xaa, 0xaf, 0xff, 0xfe, 0x40, 0x00, 0xaa, 0x80, 0x00, 0x00, 0x00, 0x00, 0x00, 0x00, 0x00, 
    0x00, 0x00, 0x00, 0x00, 0x00, 0x00, 0x00, 0x00, 0x00, 0x00, 0x15, 0x00, 0x00, 0x15, 0x55, 0x55, 
    0x55, 0x55, 0x55, 0x55, 0x55, 0x00, 0x15, 0x50, 0x14, 0x00, 0x00, 0x00, 0x00, 0x00, 0x00, 0x00, 
    0x00, 0x00, 0x00, 0x00, 0x00, 0x00, 0x00, 0x05, 0x54, 0x00, 0x00, 0x00, 0x00, 0x00, 0x00, 0x00, 
    0x00, 0x00, 0x00, 0x00, 0x00, 0x00, 0x00, 0x00, 0x00, 0x00, 0x00, 0x00, 0x00, 0x00, 0x00, 0x00, 
    0x06, 0xaa, 0xaa, 0xaa, 0xa9, 0x00, 0x00, 0x00, 0x06, 0xaa, 0xaa, 0xaa, 0xaa, 0xaa, 0xaa, 0xaa, 
    0x4a, 0xaa, 0xaa, 0xaa, 0xaa, 0xaa, 0xaa, 0xaa, 0xff, 0xfb, 0xf9, 0x55, 0x55, 0x55, 0x55, 0x55, 
    0x55, 0x55, 0x55, 0x55, 0x55, 0x55, 0x15, 0x55, 0x55, 0x55, 0x55, 0x57, 0x95, 0x55, 0x5a, 0xaa, 
    0xaa, 0xaa, 0x95, 0x55, 0xaa, 0xaa, 0xaa, 0xaa, 0xa9, 0x55, 0x55, 0x55, 0x55, 0x55, 0x55, 0x55, 
    0x55, 0x00, 0x00, 0x00, 0x00, 0x00, 0x00, 0x00, 0x52, 0xbf, 0xff, 0xf4, 0x04, 0x00, 0x00, 0x00, 
    0x00, 0x5a, 0xaa, 0xaa, 0xa9, 0x07, 0xff, 0xff, 0xff, 0xff, 0xff, 0xff, 0xff, 0xff, 0xff, 0xff, 
    0xff, 0xff, 0xff, 0xff, 0xff, 0xff, 0xff, 0xff, 0xff, 0xff, 0xff, 0xff, 0xff, 0xff, 0xff, 0xff, 
    0xc0, 0x00, 0x00, 0x46, 0xaa, 0xaa, 0xaa, 0xaa, 0xaa, 0xaa, 0xaf, 0xff, 0x90, 0x00, 0x00, 0x1b, 
    0x80, 0x00, 0x00, 0x00, 0x00, 0x00, 0x00, 0x00, 0x00, 0x00, 0x00, 0x00, 0x00, 0x00, 0x00, 0x01, 
    0x00, 0x00, 0x01, 0x50, 0x00, 0x05, 0x55, 0x55, 0x55, 0x55, 0x55, 0x55, 0x55, 0x55, 0x00, 0x55, 
    0x04, 0x00, 0x00, 0x00, 0x00, 0x00, 0x00, 0x00, 0x00, 0x00, 0x00, 0x00, 0x00, 0x00, 0x01, 0x55, 
    0x54, 0x00, 0x00, 0x00, 0x00, 0x00, 0x00, 0x00, 0x00, 0x00, 0x00, 0x00, 0x00, 0x00, 0x00, 0x00, 
    0x00, 0x00, 0x00, 0x00, 0x00, 0x00, 0x00, 0x00, 0x01, 0xaa, 0xaa, 0xaa, 0xaa, 0x90, 0x00, 0x00, 
    0x01, 0xaa, 0xaa, 0xaa, 0xaa, 0xaa, 0xaa, 0xaa, 0x86, 0xaa, 0xaa, 0xaa, 0xaa, 0xaa, 0xaa, 0xaa, 
    0xff, 0xf7, 0xf5, 0x55, 0x55, 0x55, 0x55, 0x55, 0x55, 0x55, 0x55, 0x55, 0x55, 0x54, 0x55, 0x55, 
    0x55, 0x55, 0x55, 0x5e, 0x55, 0x55, 0x6a, 0xaa, 0xaa, 0xa9, 0x55, 0x5a, 0xaa, 0xaa, 0xaa, 0xaa, 
    0x95, 0x55, 0x59, 0x55, 0x55, 0x55, 0x55, 0x55, 0x50, 0x00, 0x00, 0x00, 0x00, 0x00, 0x00, 0x01, 
    0x4a, 0xff, 0xff, 0xe0, 0x27, 0x00, 0x00, 0x00, 0x14, 0x15, 0x6a, 0xaa, 0xaa, 0x02, 0xff, 0xff, 
    0xff, 0xff, 0xff, 0xff, 0xff, 0xff, 0xff, 0xff, 0xff, 0xff, 0xff, 0xff, 0xff, 0xff, 0xff, 0xff, 
    0xff, 0xff, 0xff, 0xff, 0xff, 0xff, 0xff, 0xff, 0xf0, 0x00, 0x00, 0x04, 0xaa, 0xaa, 0xaa, 0xaa, 
    0xaa, 0xaa, 0xbf, 0xe4, 0x00, 0x00, 0x00, 0x00, 0x80, 0x00, 0x00, 0x00, 0x00, 0x00, 0x00, 0x00, 
    0x00, 0x00, 0x00, 0x00, 0x00, 0x00, 0x00, 0x00, 0x40, 0x00, 0x00, 0x15, 0x00, 0x01, 0x55, 0x55, 
    0x55, 0x55, 0x55, 0x55, 0x55, 0x55, 0x55, 0x00, 0x55, 0x00, 0x00, 0x00, 0x00, 0x00, 0x00, 0x00, 
    0x00, 0x00, 0x00, 0x00, 0x00, 0x00, 0x15, 0x55, 0x50, 0x00, 0x00, 0x00, 0x00, 0x00, 0x00, 0x00, 
    0x00, 0x00, 0x00, 0x00, 0x00, 0x00, 0x00, 0x00, 0x00, 0x00, 0x00, 0x00, 0x00, 0x00, 0x00, 0x00, 
    0x00, 0x6a, 0xaa, 0xaa, 0xaa, 0xa9, 0x00, 0x00, 0x00, 0xaa, 0xaa, 0xaa, 0xaa, 0xaa, 0xaa, 0xaa, 
    0x92, 0xaa, 0xaa, 0xaa, 0xaa, 0xaa, 0xaa, 0xaa, 0xff, 0xf7, 0xf5, 0x55, 0x55, 0x55, 0x55, 0x55, 
    0x55, 0x55, 0x55, 0x55, 0x55, 0x51, 0x55, 0x55, 0x55, 0x55, 0x54, 0x79, 0x55, 0x55, 0xaa, 0xaa, 
    0xaa, 0x95, 0x55, 0xaa, 0xaa, 0xaa, 0xaa, 0xa9, 0x55, 0x5a, 0x95, 0x55, 0x55, 0x55, 0x55, 0x55, 
    0x40, 0x00, 0x00, 0x00, 0x00, 0x00, 0x00, 0x00, 0x1f, 0xff, 0xff, 0x80, 0x77, 0x80, 0x00, 0x00, 
    0x00, 0x00, 0x06, 0xaa, 0xaa, 0x0f, 0xff, 0xff, 0xff, 0xff, 0xff, 0xff, 0xff, 0xff, 0xff, 0xff, 
    0xff, 0xff, 0xff, 0xff, 0xff, 0xff, 0xff, 0xff, 0xff, 0xff, 0xff, 0xff, 0xff, 0xff, 0xff, 0xff, 
    0xfc, 0x00, 0x00, 0x01, 0x1a, 0xaa, 0xaa, 0xaa, 0xaa, 0xaa, 0xf4, 0x00, 0x00, 0x00, 0x00, 0x00, 
    0x00, 0x00, 0x00, 0x00, 0x00, 0x00, 0x00, 0x00, 0x00, 0x00, 0x00, 0x00, 0x00, 0x00, 0x00, 0x00, 
    0x00, 0x00, 0x00, 0x01, 0x54, 0x00, 0x19, 0x55, 0x55, 0x55, 0x55, 0x55, 0x55, 0x55, 0x55, 0x55, 
    0x41, 0x40, 0x00, 0x00, 0x00, 0x00, 0x00, 0x00, 0x00, 0x00, 0x00, 0x00, 0x00, 0x05, 0x55, 0x55, 
    0x40, 0x00, 0x00, 0x00, 0x00, 0x00, 0x00, 0x00, 0x00, 0x00, 0x00, 0x00, 0x00, 0x00, 0x00, 0x00, 
    0x00, 0x00, 0x00, 0x10, 0x00, 0x00, 0x00, 0x00, 0x00, 0x1a, 0xaa, 0xaa, 0xaa, 0xaa, 0x90, 0x00, 
    0x00, 0x2a, 0xaa, 0xaa, 0xaa, 0xaa, 0xaa, 0xaa, 0xa4, 0xaa, 0xaa, 0xaa, 0xaa, 0xaa, 0xaa, 0xaa, 
    0xff, 0xeb, 0xe5, 0x55, 0x55, 0x55, 0x55, 0x55, 0x55, 0x55, 0x55, 0x55, 0x55, 0x51, 0x55, 0x55, 
    0x55, 0x55, 0x55, 0xa5, 0x55, 0x55, 0x55, 0x55, 0x55, 0x51, 0x5a, 0xaa, 0xaa, 0xaa, 0xaa, 0xa5, 
    0x55, 0xaa, 0x55, 0x55, 0x55, 0x55, 0x55, 0x54, 0x00, 0x00, 0x00, 0x00, 0x00, 0x00, 0x00, 0x00, 
    0x2a, 0xff, 0xfe, 0x00, 0xfa, 0xd0, 0x00, 0x00, 0xb4, 0x00, 0x00, 0xaa, 0xaa, 0x5f, 0xff, 0xff, 
    0xff, 0xff, 0xff, 0xff, 0xff, 0xff, 0xff, 0xff, 0xff, 0xff, 0xff, 0xff, 0xff, 0xff, 0xff, 0xff, 
    0xff, 0xff, 0xff, 0xff, 0xff, 0xff, 0xff, 0xff, 0xfe, 0x00, 0x00, 0x00, 0x11, 0xaa, 0xaa, 0xaa, 
    0xaa, 0xa9, 0x00, 0x00, 0x00, 0x00, 0x00, 0x00, 0x00, 0x00, 0x00, 0x00, 0x00, 0x00, 0x00, 0x00, 
    0x00, 0x00, 0x00, 0x00, 0x00, 0x00, 0x00, 0x00, 0x01, 0x00, 0x00, 0x00, 0x15, 0x50, 0x05, 0x55, 
    0x55, 0x55, 0x55, 0x55, 0x55, 0x55, 0x55, 0x55, 0x55, 0x50, 0x00, 0x00, 0x00, 0x00, 0x00, 0x00, 
    0x00, 0x00, 0x00, 0x00, 0x15, 0x55, 0x55, 0x55, 0x00, 0x00, 0x00, 0x00, 0x00, 0x00, 0x00, 0x00, 
    0x00, 0x00, 0x00, 0x00, 0x00, 0x00, 0x00, 0x00, 0x00, 0x00, 0x00, 0x00, 0x00, 0x00, 0x00, 0x00, 
    0x00, 0x06, 0xaa, 0xaa, 0xaa, 0xaa, 0xa9, 0x00, 0x00, 0x0a, 0xaa, 0xaa, 0xaa, 0xaa, 0xaa, 0xaa, 
    0xa8, 0x6a, 0xaa, 0xaa, 0xaa, 0xaa, 0xaa, 0xaa, 0xff, 0xdb, 0xd5, 0x55, 0x55, 0x55, 0x55, 0x55, 
    0x55, 0x55, 0x55, 0x55, 0x55, 0x45, 0x55, 0x55, 0x55, 0x55, 0x56, 0x95, 0x55, 0x55, 0x55, 0x55, 
    0x55, 0x46, 0xaa, 0xaa, 0xaa, 0xaa, 0xaa, 0xa5, 0x6a, 0xa5, 0x55, 0x55, 0x55, 0x55, 0x55, 0x40, 
    0x00, 0x00, 0x00, 0x00, 0x00, 0x00, 0x00, 0x00, 0xaa, 0xff, 0xf8, 0x02, 0xfe, 0xd0, 0x00, 0x01, 
    0xff, 0xd0, 0x00, 0xaa, 0xaa, 0x9b, 0xff, 0xff, 0xff, 0xff, 0xff, 0xff, 0xff, 0xff, 0xff, 0xff, 
    0xff, 0xff, 0xff, 0xff, 0xff, 0xff, 0xff, 0xff, 0xff, 0xff, 0xff, 0xff, 0xff, 0xff, 0xff, 0xff, 
    0xff, 0x80, 0x00, 0x00, 0x01, 0x2a, 0xaa, 0xaa, 0xaa, 0x40, 0x00, 0x00, 0x00, 0x00, 0x00, 0x00, 
    0x00, 0x00, 0x00, 0x00, 0x00, 0x00, 0x00, 0x00, 0x00, 0x00, 0x00, 0x00, 0x00, 0x00, 0x00, 0x00, 
    0x00, 0x40, 0x00, 0x00, 0x01, 0x55, 0x01, 0x55, 0x55, 0x55, 0x55, 0x55, 0x55, 0x55, 0x55, 0x55, 
    0x55, 0x55, 0x55, 0x40, 0x00, 0x00, 0x00, 0x00, 0x00, 0x00, 0x00, 0x56, 0xaa, 0x55, 0x55, 0x54, 
    0x00, 0x00, 0x00, 0x00, 0x00, 0x00, 0x00, 0x00, 0x00, 0x00, 0x00, 0x00, 0x00, 0x00, 0x00, 0x00, 
    0x00, 0x00, 0x00, 0x40, 0x00, 0x00, 0x00, 0x00, 0x00, 0x00, 0xaa, 0xaa, 0xaa, 0xaa, 0xaa, 0xa4, 
    0x00, 0x02, 0xaa, 0xaa, 0xaa, 0xaa, 0xaa, 0xaa, 0xa9, 0x2a, 0xaa, 0xaa, 0xaa, 0xaa, 0xaa, 0xaa, 
    0xff, 0xdf, 0xd5, 0x55, 0x55, 0x55, 0x55, 0x55, 0x55, 0x55, 0x55, 0x55, 0x55, 0x15, 0x55, 0x55, 
    0x55, 0x55, 0x5a, 0x55, 0x55, 0x55, 0x55, 0x55, 0x54, 0x69, 0x55, 0x55, 0x55, 0xaa, 0xaa, 0x56, 
    0xaa, 0x55, 0x55, 0x55, 0x55, 0x55, 0x55, 0x00, 0x00, 0x00, 0x00, 0x00, 0x00, 0x00, 0x00, 0x01, 
    0xab, 0xff, 0xf0, 0x07, 0xfd, 0xb0, 0x00, 0x03, 0xff, 0xe0, 0x00, 0xaa, 0xaa, 0x87, 0xff, 0xff, 
    0xff, 0xff, 0xff, 0xff, 0xff, 0xff, 0xff, 0xff, 0xff, 0xff, 0xff, 0xff, 0xff, 0xff, 0xff, 0xff, 
    0xff, 0xff, 0xff, 0xff, 0xff, 0xff, 0xff, 0xff, 0xff, 0xd0, 0x00, 0x00, 0x00, 0x46, 0xaa, 0xaa, 
    0xa4, 0x00, 0x00, 0x00, 0x00, 0x00, 0x00, 0x00, 0x00, 0x00, 0x00, 0x00, 0x00, 0x00, 0x00, 0x00, 
    0x00, 0x00, 0x00, 0x00, 0x00, 0x00, 0x00, 0x00, 0x00, 0x10, 0x00, 0x00, 0x00, 0x05, 0x54, 0x05, 
    0x55, 0x55, 0x55, 0x55, 0x55, 0x55, 0x55, 0x55, 0x55, 0x55, 0x55, 0x55, 0x55, 0x54, 0x00, 0x00, 
    0x00, 0x05, 0x6a, 0xaa, 0xaa, 0x95, 0x55, 0x50, 0x00, 0x00, 0x00, 0x00, 0x00, 0x00, 0x00, 0x00, 
    0x00, 0x00, 0x00, 0x00, 0x00, 0x00, 0x00, 0x00, 0x00, 0x00, 0x01, 0x00, 0x00, 0x00, 0x00, 0x00, 
    0x00, 0x00, 0x26, 0xaa, 0xaa, 0xaa, 0xaa, 0xaa, 0x40, 0x01, 0xaa, 0xaa, 0xaa, 0xaa, 0xaa, 0xaa, 
    0xaa, 0x0a, 0xaa, 0xaa, 0xaa, 0xaa, 0xaa, 0xaa, 0xff, 0xcf, 0xc5, 0x55, 0x55, 0x55, 0x55, 0x55, 
    0x55, 0x55, 0x55, 0x55, 0x55, 0x15, 0x55, 0x55, 0x55, 0x55, 0x69, 0x55, 0x55, 0x55, 0x55, 0x55, 
    0x51, 0x55, 0x55, 0x55, 0x55, 0xaa, 0xa5, 0x6a, 0xa5, 0x55, 0x55, 0x55, 0x55, 0x55, 0x50, 0x00, 
    0x00, 0x00, 0x00, 0x00, 0x40, 0x00, 0x00, 0x01, 0xaf, 0xff, 0x80, 0x0f, 0xfc, 0xf4, 0x00, 0x02, 
    0xfe, 0x40, 0x01, 0xaa, 0xaa, 0x93, 0xff, 0xff, 0xff, 0xff, 0xff, 0xff, 0xff, 0xff, 0xff, 0xff, 
    0xff, 0xff, 0xff, 0xff, 0xff, 0xff, 0xff, 0xff, 0xff, 0xff, 0xff, 0xff, 0xff, 0xff, 0xff, 0xff, 
    0xff, 0xf4, 0x00, 0x00, 0x00, 0x04, 0xaa, 0xaa, 0x40, 0x00, 0x00, 0x00, 0x00, 0x00, 0x00, 0x00, 
    0x00, 0x00, 0x00, 0x00, 0x00, 0x00, 0x00, 0x00, 0x00, 0x00, 0x00, 0x00, 0x00, 0x00, 0x00, 0x00, 
    0x00, 0x04, 0x00, 0x00, 0x00, 0x00, 0x55, 0x51, 0x55, 0x55, 0x55, 0x55, 0x55, 0x55, 0x55, 0x55, 
    0x55, 0x51, 0x55, 0x55, 0x55, 0x55, 0x55, 0x6a, 0xaa, 0xaa, 0xaa, 0xaa, 0xaa, 0xa5, 0x55, 0x00, 
    0x00, 0x00, 0x00, 0x00, 0x00, 0x00, 0x00, 0x00, 0x00, 0x00, 0x00, 0x00, 0x00, 0x00, 0x00, 0x00, 
    0x00, 0x00, 0x01, 0x00, 0x00, 0x00, 0x00, 0x00, 0x00, 0x00, 0x0a, 0xaa, 0xaa, 0xaa, 0xaa, 0xaa, 
    0xa9, 0x00, 0x6a, 0xaa, 0xaa, 0xaa, 0xaa, 0xaa, 0xaa, 0x86, 0xaa, 0xaa, 0xaa, 0xaa, 0xaa, 0xaa, 
    0xff, 0xcf, 0x85, 0x15, 0x55, 0x55, 0x55, 0x55, 0x55, 0x55, 0x55, 0x55, 0x54, 0x15, 0x55, 0x55, 
    0x55, 0x55, 0x95, 0x55, 0x55, 0x55, 0x55, 0x55, 0x55, 0x55, 0x55, 0x55, 0x55, 0x5a, 0x55, 0xaa, 
    0x95, 0x55, 0x55, 0x55, 0x55, 0x55, 0x00, 0x00, 0x00, 0x00, 0x00, 0x05, 0x40, 0x00, 0x00, 0x11, 
    0xff, 0xfe, 0x00, 0x2f, 0xf6, 0xf8, 0x00, 0x00, 0x64, 0x00, 0x06, 0xaa, 0xaa, 0x95, 0xff, 0xff, 
    0xff, 0xff, 0xff, 0xff, 0xff, 0xff, 0xff, 0xff, 0xff, 0xff, 0xff, 0xff, 0xff, 0xff, 0xff, 0xff, 
    0xff, 0xff, 0xff, 0xff, 0xff, 0xff, 0xff, 0xff, 0xff, 0xfd, 0x00, 0x00, 0x00, 0x01, 0x5a, 0xa0, 
    0x00, 0x00, 0x00, 0x00, 0x00, 0x00, 0x00, 0x00, 0x00, 0x00, 0x00, 0x00, 0x00, 0x00, 0x00, 0x00, 
    0x00, 0x00, 0x00, 0x00, 0x00, 0x00, 0x00, 0x00, 0x00, 0x01, 0x40, 0x00, 0x00, 0x00, 0x05, 0x55, 
    0x15, 0x55, 0x55, 0x55, 0x55, 0x55, 0x55, 0x51, 0x55, 0x55, 0x55, 0x55, 0x55, 0x56, 0xaa, 0xaa, 
    0xaa, 0xaa, 0xaa, 0xaa, 0xaa, 0xa9, 0x54, 0x00, 0x00, 0x00, 0x00, 0x00, 0x00, 0x00, 0x00, 0x00, 
    0x00, 0x00, 0x00, 0x00, 0x00, 0x00, 0x00, 0x00, 0x00, 0x00, 0x04, 0x00, 0x00, 0x00, 0x00, 0x00, 
    0x00, 0x00, 0x01, 0xaa, 0xaa, 0xaa, 0xaa, 0xaa, 0xaa, 0x90, 0x2a, 0xaa, 0xaa, 0xaa, 0xaa, 0xaa, 
    0xaa, 0x92, 0xaa, 0xaa, 0xaa, 0xaa, 0xaa, 0xaa, 0xff, 0x9f, 0x45, 0x15, 0x55, 0x55, 0x55, 0x55, 
    0x55, 0x55, 0x55, 0x55, 0x54, 0x55, 0x55, 0x55, 0x55, 0x56, 0x55, 0x55, 0x55, 0x55, 0x55, 0x55, 
    0x55, 0x55, 0x55, 0x55, 0x55, 0x55, 0x5a, 0x9a, 0x55, 0x55, 0x56, 0x55, 0x55, 0x50, 0x00, 0x00, 
    0x00, 0x00, 0x00, 0x55, 0x00, 0x00, 0x00, 0x20, 0xff, 0xf8, 0x00, 0x7f, 0xde, 0xbc, 0x44, 0x40, 
    0x54, 0x00, 0x6a, 0xaa, 0xaa, 0xa6, 0xff, 0xff, 0xff, 0xff, 0xff, 0xff, 0xff, 0xff, 0xff, 0xff, 
    0xff, 0xff, 0xff, 0xff, 0xff, 0xff, 0xff, 0xff, 0xff, 0xff, 0xff, 0xff, 0xff, 0xff, 0xff, 0xff, 
    0xff, 0xff, 0x00, 0x00, 0x00, 0x00, 0x29, 0x00, 0x00, 0x00, 0x00, 0x00, 0x00, 0x00, 0x00, 0x00, 
    0x00, 0x00, 0x00, 0x00, 0x00, 0x00, 0x00, 0x00, 0x00, 0x00, 0x00, 0x00, 0x00, 0x00, 0x00, 0x00, 
    0x00, 0x00, 0x10, 0x00, 0x00, 0x00, 0x00, 0x55, 0x45, 0x55, 0x55, 0x55, 0x55, 0x55, 0x55, 0x51, 
    0x55, 0x55, 0x5a, 0xaa, 0xaa, 0xaa, 0xaa, 0xaa, 0xaa, 0xaa, 0xaa, 0xaa, 0xaa, 0xaa, 0x40, 0x00, 
    0x00, 0x00, 0x00, 0x00, 0x00, 0x00, 0x00, 0x00, 0x00, 0x00, 0x00, 0x00, 0x00, 0x00, 0x00, 0x00, 
    0x00, 0x00, 0x14, 0x00, 0x00, 0x00, 0x00, 0x00, 0x00, 0x00, 0x00, 0x6a, 0xaa, 0xaa, 0xaa, 0xaa, 
    0xaa, 0xa8, 0x0a, 0xaa, 0xaa, 0xaa, 0xaa, 0xaa, 0xaa, 0xa1, 0xaa, 0xaa, 0xaa, 0xaa, 0xaa, 0xaa, 
    0xff, 0x9f, 0x05, 0x15, 0x55, 0x55, 0x55, 0x55, 0x55, 0x55, 0x55, 0x55, 0x50, 0x55, 0x55, 0x55, 
    0x55, 0x59, 0x55, 0x55, 0x55, 0x55, 0x55, 0x55, 0x55, 0x55, 0x55, 0x55, 0x55, 0x55, 0x55, 0x55, 
    0x55, 0x55, 0x69, 0x65, 0x55, 0x40, 0x00, 0x00, 0x00, 0x00, 0x15, 0x54, 0x00, 0x00, 0x00, 0xa0, 
    0xff, 0xe0, 0x01, 0xff, 0x6f, 0x7d, 0x54, 0x00, 0x55, 0x05, 0xaa, 0xa9, 0xaa, 0xa2, 0xff, 0xff, 
    0xff, 0xff, 0xff, 0xff, 0xff, 0xff, 0xff, 0xff, 0xff, 0xff, 0xff, 0xff, 0xff, 0xff, 0xff, 0xff, 
    0xff, 0xff, 0xff, 0xff, 0xff, 0xff, 0xff, 0xff, 0xff, 0xff, 0xc0, 0x00, 0x00, 0x00, 0x60, 0x00, 
    0x00, 0x00, 0x00, 0x00, 0x00, 0x00, 0x00, 0x00, 0x00, 0x00, 0x00, 0x00, 0x00, 0x00, 0x00, 0x00, 
    0x00, 0x00, 0x00, 0x00, 0x00, 0x00, 0x00, 0x00, 0x00, 0x00, 0x04, 0x00, 0x00, 0x00, 0x00, 0x05, 
    0x54, 0x55, 0x55, 0x55, 0x55, 0x55, 0x55, 0x51, 0x55, 0x55, 0x56, 0xaa, 0xaa, 0xaa, 0xaa, 0xaa, 
    0xaa, 0xaa, 0xaa, 0xaa, 0xaa, 0xa9, 0x00, 0x00, 0x00, 0x00, 0x00, 0x00, 0x00, 0x00, 0x00, 0x00, 
    0x00, 0x00, 0x00, 0x00, 0x00, 0x01, 0x00, 0x00, 0x00, 0x00, 0x10, 0x00, 0x00, 0x00, 0x00, 0x00, 
    0x00, 0x00, 0x00, 0x1a, 0xaa, 0xaa, 0xaa, 0xaa, 0xaa, 0xa9, 0x02, 0xaa, 0xaa, 0xaa, 0xaa, 0xaa, 
    0xaa, 0xa8, 0x6a, 0xaa, 0xaa, 0xaa, 0xaa, 0xaa, 0xff, 0x6f, 0x04, 0x55, 0x55, 0x55, 0x55, 0x55, 
    0x55, 0x55, 0x55, 0x55, 0x55, 0x55, 0x55, 0x55, 0x55, 0x65, 0x55, 0x55, 0x55, 0x55, 0x55, 0x55, 
    0x55, 0x55, 0x55, 0x55, 0x55, 0x55, 0x55, 0x55, 0x55, 0x56, 0x96, 0x55, 0x54, 0x00, 0x00, 0x00, 
    0x00, 0x01, 0x55, 0x50, 0x00, 0x00, 0x02, 0xa4, 0xff, 0x80, 0x03, 0xfd, 0xbf, 0x7e, 0x55, 0x10, 
    0x15, 0x51, 0x6a, 0xa5, 0xaa, 0x51, 0xff, 0xff, 0xff, 0xff, 0xff, 0xff, 0xff, 0xff, 0xff, 0xff, 
    0xff, 0xff, 0xff, 0xff, 0xff, 0xff, 0xff, 0xff, 0xff, 0xff, 0xff, 0xff, 0xff, 0xff, 0xff, 0xff, 
    0xff, 0xff, 0xf0, 0x00, 0x00, 0x01, 0x40, 0x00, 0x00, 0x00, 0x00, 0x00, 0x00, 0x00, 0x00, 0x00, 
    0x00, 0x00, 0x00, 0x00, 0x00, 0x00, 0x00, 0x00, 0x00, 0x00, 0x00, 0x00, 0x00, 0x00, 0x00, 0x00, 
    0x00, 0x00, 0x01, 0x00, 0x00, 0x00, 0x00, 0x00, 0x55, 0x55, 0x55, 0x55, 0x50, 0x55, 0x55, 0x55, 
    0x55, 0x55, 0x55, 0x5a, 0xaa, 0xaa, 0xaa, 0xaa, 0xaa, 0xaa, 0xaa, 0xaa, 0xaa, 0xa0, 0x00, 0x00, 
    0x00, 0x00, 0x00, 0x00, 0x00, 0x00, 0x00, 0x00, 0x10, 0x00, 0x00, 0x00, 0x10, 0x01, 0x40, 0x00, 
    0x00, 0x00, 0x40, 0x00, 0x00, 0x00, 0x00, 0x00, 0x00, 0x00, 0x00, 0x02, 0xaa, 0xaa, 0xaa, 0xaa, 
    0xaa, 0xaa, 0x41, 0xaa, 0xaa, 0xaa, 0xaa, 0xaa, 0xaa, 0xa9, 0x2a, 0xaa, 0xaa, 0xaa, 0xaa, 0xaa, 
    0xff, 0x6e, 0x04, 0x55, 0x55, 0x55, 0x55, 0x55, 0x55, 0x55, 0x55, 0x55, 0x45, 0x55, 0x55, 0x55, 
    0x55, 0x55, 0x55, 0x55, 0x55, 0x55, 0x55, 0x55, 0x55, 0x55, 0x55, 0x55, 0x55, 0x55, 0x55, 0x55, 
    0x55, 0x69, 0x55, 0x55, 0x40, 0x00, 0x01, 0x40, 0x00, 0x15, 0x55, 0x40, 0x00, 0x00, 0x06, 0xb8, 
    0xbd, 0x00, 0x0b, 0xfa, 0xff, 0x7f, 0x16, 0x10, 0x14, 0x11, 0x56, 0x46, 0xaa, 0x50, 0xbf, 0xff, 
    0xff, 0xff, 0xff, 0xff, 0xff, 0xff, 0xff, 0xff, 0xff, 0xff, 0xff, 0xff, 0xff, 0xff, 0xff, 0xff, 
    0xff, 0xff, 0xff, 0xff, 0xff, 0xff, 0xff, 0xff, 0xff, 0xff, 0xf8, 0x00, 0x00, 0x00, 0x00, 0x00, 
    0x00, 0x00, 0x00, 0x00, 0x00, 0x00, 0x00, 0x00, 0x00, 0x00, 0x00, 0x00, 0x00, 0x00, 0x00, 0x00, 
    0x00, 0x00, 0x00, 0x00, 0x00, 0x00, 0x00, 0x00, 0x00, 0x00, 0x00, 0x40, 0x00, 0x00, 0x00, 0x00, 
    0x01, 0x55, 0x55, 0x55, 0x55, 0x01, 0x55, 0x55, 0x55, 0x55, 0x55, 0x55, 0x6a, 0xaa, 0xaa, 0xaa, 
    0xaa, 0xaa, 0xaa, 0xaa, 0xaa, 0x40, 0x00, 0x00, 0x00, 0x00, 0x00, 0x00, 0x00, 0x00, 0x01, 0x15, 
    0x00, 0x00, 0x00, 0x00, 0x15, 0x55, 0x50, 0x00, 0x00, 0x01, 0x00, 0x00, 0x00, 0x00, 0x00, 0x00, 
    0x00, 0x00, 0x00, 0x00, 0xaa, 0xaa, 0xaa, 0xaa, 0xaa, 0xaa, 0x90, 0x6a, 0xaa, 0xaa, 0xaa, 0xaa, 
    0xaa, 0xaa, 0x1a, 0xaa, 0xaa, 0xaa, 0xaa, 0xaa, 0xff, 0x2e, 0x04, 0x55, 0x55, 0x55, 0x55, 0x55, 
    0x55, 0x55, 0x55, 0x55, 0x55, 0x55, 0x55, 0x55, 0x55, 0x55, 0x55, 0x55, 0x55, 0x55, 0x55, 0x55, 
    0x55, 0x55, 0x55, 0x55, 0x55, 0x55, 0x55, 0x55, 0x55, 0xa5, 0x56, 0xa5, 0x00, 0x00, 0x14, 0x00, 
    0x01, 0x55, 0x55, 0x40, 0x10, 0x00, 0x1a, 0xf8, 0x74, 0x00, 0x2f, 0xeb, 0xff, 0xbf, 0x16, 0x90, 
    0x14, 0x00, 0x54, 0x1a, 0xaa, 0x40, 0x7f, 0xff, 0xff, 0xff, 0xff, 0xff, 0xff, 0xff, 0xff, 0xff, 
    0xff, 0xff, 0xff, 0xff, 0xff, 0xff, 0xff, 0xff, 0xff, 0xff, 0xff, 0xff, 0xff, 0xff, 0xff, 0xff, 
    0xff, 0xff, 0xfe, 0x00, 0x00, 0x00, 0x00, 0x00, 0x00, 0x00, 0x00, 0x00, 0x00, 0x00, 0x00, 0x00, 
    0x00, 0x00, 0x00, 0x00, 0x00, 0x00, 0x00, 0x00, 0x00, 0x00, 0x00, 0x00, 0x00, 0x00, 0x00, 0x00, 
    0x00, 0x00, 0x00, 0x10, 0x00, 0x00, 0x00, 0x00, 0x00, 0x14, 0x55, 0x55, 0x55, 0x40, 0x05, 0x55, 
    0x55, 0x55, 0x55, 0x55, 0x56, 0xaa, 0xaa, 0xaa, 0xaa, 0xaa, 0xaa, 0xaa, 0xa4, 0x00, 0x00, 0x00, 
    0x00, 0x00, 0x00, 0x00, 0x00, 0x00, 0x01, 0x14, 0x04, 0x40, 0x00, 0x00, 0x15, 0x55, 0x50, 0x00, 
    0x00, 0x05, 0x00, 0x00, 0x00, 0x00, 0x00, 0x00, 0x00, 0x00, 0x00, 0x00, 0x2a, 0xaa, 0xaa, 0xaa, 
    0xaa, 0xaa, 0xa0, 0x2a, 0xaa, 0xaa, 0xaa, 0xaa, 0xaa, 0xaa, 0x46, 0xaa, 0xaa, 0xaa, 0xaa, 0xaa, 
    0xff, 0x2d, 0x00, 0x55, 0x55, 0x55, 0x55, 0x55, 0x55, 0x55, 0x55, 0x55, 0x55, 0x55, 0x55, 0x55, 
    0x55, 0x55, 0x55, 0x55, 0x55, 0x55, 0x55, 0x55, 0x55, 0x55, 0x55, 0x55, 0x55, 0x55, 0x55, 0x55, 
    0x5a, 0x59, 0x6f, 0x90, 0x00, 0x00, 0x50, 0x00, 0x15, 0x55, 0x55, 0x00, 0x40, 0x00, 0x6a, 0xfc, 
    0x00, 0x00, 0x7f, 0x9f, 0xff, 0xef, 0x56, 0x94, 0x15, 0x00, 0x01, 0x56, 0xa9, 0x09, 0x3f, 0xff, 
    0xff, 0xff, 0xff, 0xff, 0xff, 0xff, 0xff, 0xff, 0xff, 0xff, 0xff, 0xff, 0xff, 0xff, 0xff, 0xff, 
    0xff, 0xff, 0xff, 0xff, 0xff, 0xff, 0xff, 0xff, 0xff, 0xff, 0xff, 0x40, 0x00, 0x00, 0x00, 0x00, 
    0x00, 0x00, 0x00, 0x00, 0x00, 0x00, 0x00, 0x00, 0x00, 0x00, 0x00, 0x00, 0x00, 0x00, 0x00, 0x00, 
    0x00, 0x00, 0x00, 0x00, 0x00, 0x00, 0x00, 0x00, 0x00, 0x00, 0x00, 0x00, 0x00, 0x00, 0x00, 0x00, 
    0x00, 0x01, 0x45, 0x55, 0x55, 0x54, 0x00, 0x05, 0x55, 0x55, 0x55, 0x55, 0x55, 0x5a, 0xaa, 0xaa, 
    0xaa, 0xaa, 0xaa, 0xaa, 0x40, 0x00, 0x00, 0x00, 0x00, 0x00, 0x00, 0x00, 0x00, 0x00, 0x05, 0x15, 
    0x40, 0x10, 0x00, 0x00, 0x55, 0x55, 0x10, 0x00, 0x00, 0x14, 0x00, 0x00, 0x00, 0x00, 0x00, 0x00, 
    0x00, 0x00, 0x00, 0x00, 0x06, 0xaa, 0xaa, 0xaa, 0xaa, 0xaa, 0xa8, 0x0a, 0xaa, 0xaa, 0xaa, 0xaa, 
    0xaa, 0xaa, 0x92, 0xaa, 0xaa, 0xaa, 0xaa, 0xaa, 0xff, 0x2d, 0x00, 0x15, 0x55, 0x55, 0x55, 0x55, 
    0x55, 0x55, 0x55, 0x55, 0x55, 0x55, 0x55, 0x55, 0x55, 0x55, 0x55, 0x55, 0x55, 0x55, 0x55, 0x55, 
    0x55, 0x55, 0x55, 0x55, 0x55, 0x55, 0x55, 0x55, 0x69, 0xa6, 0xba, 0x40, 0x00, 0x05, 0x40, 0x01, 
    0x55, 0x55, 0x54, 0x01, 0x00, 0x00, 0xab, 0xfc, 0x00, 0x01, 0xfe, 0x7f, 0xff, 0xdf, 0xc5, 0x80, 
    0x05, 0x50, 0x19, 0x56, 0xa4, 0x1e, 0x1f, 0xff, 0xff, 0xff, 0xff, 0xff, 0xff, 0xff, 0xff, 0xff, 
    0xff, 0xff, 0xff, 0xff, 0xff, 0xff, 0xff, 0xff, 0xff, 0xff, 0xff, 0xff, 0xff, 0xff, 0xff, 0xff, 
    0xff, 0xff, 0xff, 0xc0, 0x00, 0x00, 0x00, 0x00, 0x00, 0x00, 0x00, 0x00, 0x00, 0x00, 0x00, 0x00, 
    0x00, 0x00, 0x00, 0x00, 0x00, 0x00, 0x00, 0x00, 0x00, 0x00, 0x00, 0x00, 0x00, 0x00, 0x00, 0x00, 
    0x00, 0x00, 0x00, 0x00, 0x40, 0x00, 0x00, 0x00, 0x00, 0x00, 0x01, 0x55, 0x55, 0x55, 0x40, 0x00, 
    0x05, 0x55, 0x55, 0x55, 0x55, 0x55, 0xaa, 0xaa, 0xaa, 0xaa, 0xaa, 0xa4, 0x00, 0x00, 0x00, 0x00, 
    0x00, 0x00, 0x00, 0x00, 0x00, 0x00, 0x11, 0x55, 0x41, 0x50, 0x00, 0x01, 0x01, 0x55, 0x00, 0x10, 
    0x00, 0x50, 0x00, 0x00, 0x00, 0x00, 0x00, 0x00, 0x00, 0x00, 0x00, 0x00, 0x01, 0xaa, 0xaa, 0xaa, 
    0xaa, 0xaa, 0xaa, 0x02, 0xaa, 0xaa, 0xaa, 0xaa, 0xaa, 0xaa, 0xa0, 0xaa, 0xaa, 0xaa, 0xaa, 0xaa, 
    0xff, 0x3c, 0x00, 0x15, 0x55, 0x55, 0x55, 0x55, 0x55, 0x55, 0x55, 0x55, 0x45, 0x55, 0x55, 0x55, 
    0x55, 0x55, 0x55, 0x55, 0x55, 0x55, 0x55, 0x55, 0x55, 0x55, 0x55, 0x55, 0x55, 0x55, 0x55, 0x55, 
    0x56, 0x5b, 0xa4, 0x00, 0x00, 0x54, 0x00, 0x05, 0x55, 0x55, 0x54, 0x05, 0x00, 0x02, 0xaf, 0xf4, 
    0x00, 0x03, 0xf9, 0xff, 0xff, 0xdf, 0xc5, 0x40, 0x05, 0x54, 0x16, 0xa9, 0xa4, 0x3f, 0x17, 0xff, 
    0xff, 0xff, 0xff, 0xff, 0xff, 0xff, 0xff, 0xff, 0xff, 0xff, 0xff, 0xff, 0xff, 0xff, 0xff, 0xff, 
    0xff, 0xff, 0xff, 0xff, 0xff, 0xff, 0xff, 0xff, 0xff, 0xff, 0xff, 0xf0, 0x00, 0x00, 0x00, 0x00, 
    0x00, 0x00, 0x00, 0x00, 0x00, 0x00, 0x00, 0x00, 0x00, 0x00, 0x00, 0x00, 0x00, 0x00, 0x00, 0x00, 
    0x00, 0x00, 0x00, 0x00, 0x00, 0x00, 0x00, 0x00, 0x00, 0x00, 0x00, 0x00, 0x10, 0x00, 0x00, 0x00, 
    0x00, 0x00, 0x00, 0x15, 0x55, 0x55, 0x54, 0x00, 0x00, 0x05, 0x55, 0x55, 0x55, 0x55, 0x56, 0xaa, 
    0xaa, 0xaa, 0xaa, 0x40, 0x00, 0x00, 0x00, 0x00, 0x00, 0x00, 0x00, 0x00, 0x00, 0x00, 0x45, 0x45, 
    0x55, 0x50, 0x00, 0x00, 0x00, 0x05, 0x00, 0x50, 0x01, 0x40, 0x00, 0x00, 0x00, 0x00, 0x00, 0x00, 
    0x00, 0x00, 0x00, 0x00, 0x00, 0x6a, 0xaa, 0xaa, 0xaa, 0xaa, 0xaa, 0x41, 0xaa, 0xaa, 0xaa, 0xaa, 
    0xaa, 0xaa, 0xa8, 0x6a, 0xaa, 0xaa, 0xaa, 0xaa, 0xfe, 0x38, 0x00, 0x15, 0x55, 0x55, 0x55, 0x55, 
    0x55, 0x55, 0x55, 0x55, 0x45, 0x55, 0x55, 0x55, 0x55, 0x55, 0x55, 0x55, 0x55, 0x51, 0x55, 0x55, 
    0x55, 0x55, 0x55, 0x55, 0x55, 0x55, 0x55, 0x55, 0x55, 0xaa, 0x50, 0x00, 0x15, 0x50, 0x00, 0x55, 
    0x55, 0x55, 0x50, 0x14, 0x00, 0x0a, 0xbf, 0xc0, 0x00, 0x0f, 0xe7, 0xff, 0xff, 0xeb, 0xe1, 0x00, 
    0x01, 0x50, 0x05, 0xab, 0x80, 0xff, 0x7f, 0xff, 0xff, 0xff, 0xff, 0xff, 0xff, 0xff, 0xff, 0xff, 
    0xff, 0xff, 0xff, 0xff, 0xff, 0xff, 0xff, 0xff, 0xff, 0xff, 0xff, 0xff, 0xff, 0xff, 0xff, 0xff, 
    0xff, 0xff, 0xff, 0xf8, 0x00, 0x00, 0x00, 0x00, 0x00, 0x00, 0x00, 0x00, 0x00, 0x00, 0x00, 0x00, 
    0x00, 0x00, 0x00, 0x00, 0x00, 0x00, 0x00, 0x00, 0x00, 0x00, 0x00, 0x00, 0x00, 0x00, 0x00, 0x00, 
    0x00, 0x00, 0x00, 0x00, 0x04, 0x00, 0x00, 0x00, 0x00, 0x00, 0x00, 0x05, 0x55, 0x55, 0x55, 0x40, 
    0x00, 0x00, 0x00, 0x55, 0x55, 0x55, 0x55, 0x5a, 0xaa, 0xaa, 0x50, 0x00, 0x00, 0x00, 0x00, 0x00, 
    0x00, 0x00, 0x00, 0x00, 0x00, 0x00, 0x05, 0x55, 0x55, 0x54, 0x00, 0x00, 0x00, 0x05, 0x00, 0x50, 
    0x05, 0x00, 0x00, 0x00, 0x00, 0x00, 0x00, 0x00, 0x00, 0x00, 0x00, 0x00, 0x00, 0x0a, 0xaa, 0xaa, 
    0xaa, 0xaa, 0xaa, 0x90, 0x6a, 0xaa, 0xaa, 0xaa, 0xaa, 0xaa, 0xa9, 0x2a, 0xaa, 0xaa, 0xaa, 0xaa, 
    0xfd, 0x38, 0x00, 0x15, 0x55, 0x55, 0x55, 0x54, 0x55, 0x55, 0x55, 0x55, 0x45, 0x55, 0x55, 0x55, 
    0x55, 0x55, 0x55, 0x55, 0x55, 0x45, 0x55, 0x55, 0x55, 0x55, 0x55, 0x55, 0x55, 0x55, 0x55, 0x55, 
    0x56, 0xe5, 0x00, 0x01, 0x55, 0x40, 0x05, 0x55, 0x55, 0x55, 0x40, 0x10, 0x00, 0x1a, 0xfe, 0x00, 
    0x00, 0x2f, 0x9f, 0xff, 0xff, 0xf7, 0xf0, 0x00, 0x01, 0x54, 0x01, 0x6b, 0xf7, 0xff, 0xff, 0xff, 
    0xff, 0xff, 0xff, 0xff, 0xff, 0xff, 0xff, 0xff, 0xff, 0xff, 0xff, 0xff, 0xff, 0xff, 0xff, 0xff, 
    0xff, 0xff, 0xff, 0xff, 0xff, 0xff, 0xff, 0xff, 0xff, 0xff, 0xff, 0xfe, 0x00, 0x00, 0x00, 0x00, 
    0x00, 0x00, 0x00, 0x00, 0x00, 0x00, 0x00, 0x00, 0x00, 0x00, 0x00, 0x00, 0x00, 0x00, 0x00, 0x00, 
    0x00, 0x00, 0x00, 0x00, 0x00, 0x00, 0x00, 0x00, 0x00, 0x00, 0x00, 0x00, 0x00, 0x00, 0x00, 0x00, 
    0x00, 0x00, 0x00, 0x01, 0x55, 0x55, 0x55, 0x50, 0x00, 0x00, 0x00, 0x00, 0x01, 0x55, 0x55, 0x55, 
    0xaa, 0x54, 0x00, 0x00, 0x00, 0x00, 0x00, 0x00, 0x00, 0x00, 0x00, 0x00, 0x00, 0x00, 0x11, 0x55, 
    0x55, 0x54, 0x00, 0x01, 0x00, 0x05, 0x00, 0x10, 0x54, 0x00, 0x00, 0x00, 0x00, 0x00, 0x00, 0x00, 
    0x00, 0x00, 0x00, 0x00, 0x00, 0x01, 0xaa, 0xaa, 0xaa, 0xaa, 0xaa, 0xa0, 0x1a, 0xaa, 0xaa, 0xaa, 
    0xaa, 0xaa, 0xaa, 0x0a, 0xaa, 0xaa, 0xaa, 0xaa, 0xfd, 0x34, 0x00, 0x15, 0x55, 0x55, 0x55, 0x55, 
    0x55, 0x55, 0x55, 0x55, 0x15, 0x55, 0x55, 0x55, 0x55, 0x55, 0x55, 0x55, 0x55, 0x15, 0x55, 0x55, 
    0x55, 0x55, 0x55, 0x55, 0x55, 0x55, 0x55, 0x55, 0x6e, 0x94, 0x00, 0x15, 0x55, 0x00, 0x55, 0x55, 
    0x55, 0x55, 0x40, 0x40, 0x00, 0x6b, 0xf4, 0x00, 0x00, 0xbe, 0x7f, 0xff, 0xff, 0xf7, 0xf4, 0x00, 
    0x00, 0x55, 0x00, 0x0b, 0xff, 0xff, 0xff, 0xff, 0xff, 0xff, 0xff, 0xff, 0xff, 0xff, 0xff, 0xff, 
    0xff, 0xff, 0xff, 0xff, 0xff, 0xff, 0xff, 0xff, 0xff, 0xff, 0xff, 0xff, 0xff, 0xff, 0xff, 0xff, 
    0xff, 0xff, 0xff, 0xff, 0x40, 0x00, 0x00, 0x00, 0x00, 0x00, 0x00, 0x00, 0x00, 0x00, 0x00, 0x00, 
    0x00, 0x00, 0x00, 0x00, 0x00, 0x00, 0x00, 0x00, 0x00, 0x00, 0x00, 0x00, 0x00, 0x00, 0x00, 0x00, 
    0x00, 0x00, 0x00, 0x00, 0x00, 0x10, 0x00, 0x00, 0x00, 0x00, 0x00, 0x00, 0x15, 0x55, 0x55, 0x55, 
    0x00, 0x00, 0x00, 0x00, 0x00, 0x00, 0x00, 0x00, 0x04, 0x00, 0x00, 0x00, 0x00, 0x00, 0x00, 0x00, 
    0x00, 0x00, 0x00, 0x00, 0x00, 0x00, 0x15, 0x40, 0x55, 0x40, 0x00, 0x05, 0x40, 0x04, 0x00, 0x01, 
    0x50, 0x00, 0x00, 0x00, 0x00, 0x00, 0x00, 0x00, 0x00, 0x00, 0x00, 0x00, 0x00, 0x00, 0x6a, 0xaa, 
    0xaa, 0xaa, 0xaa, 0xa8, 0x0a, 0xaa, 0xaa, 0xaa, 0xaa, 0xaa, 0xaa, 0x86, 0xaa, 0xaa, 0xaa, 0xaa, 
    0xfd, 0x24, 0x00, 0x15, 0x55, 0x55, 0x55, 0x55, 0x55, 0x55, 0x55, 0x55, 0x15, 0x55, 0x55, 0x55, 
    0x55, 0x55, 0x55, 0x55, 0x54, 0x55, 0x55, 0x55, 0x55, 0x55, 0x55, 0x55, 0x55, 0x55, 0x55, 0x55, 
    0xba, 0x40, 0x01, 0x55, 0x54, 0x05, 0x55, 0x55, 0x55, 0x55, 0x01, 0x00, 0x00, 0xbf, 0xd0, 0x00, 
    0x02, 0xf9, 0xff, 0xff, 0xff, 0xf6, 0xf8, 0x00, 0x00, 0x55, 0x00, 0x03, 0xff, 0xff, 0xef, 0xff, 
    0xff, 0xff, 0xff, 0xff, 0xff, 0xff, 0xff, 0xff, 0xff, 0xff, 0xff, 0xff, 0xff, 0xff, 0xff, 0xff, 
    0xff, 0xff, 0xff, 0xff, 0xff, 0xff, 0xff, 0xff, 0xff, 0xff, 0xff, 0xff, 0xc0, 0x00, 0x00, 0x00, 
    0x00, 0x00, 0x00, 0x00, 0x00, 0x00, 0x00, 0x00, 0x00, 0x00, 0x00, 0x00, 0x00, 0x00, 0x00, 0x00, 
    0x00, 0x00, 0x00, 0x00, 0x00, 0x00, 0x00, 0x00, 0x00, 0x00, 0x00, 0x00, 0x00, 0x04, 0x00, 0x00, 
    0x00, 0x00, 0x00, 0x00, 0x05, 0x55, 0x55, 0x55, 0x50, 0x00, 0x00, 0x00, 0x00, 0x00, 0x00, 0x00, 
    0x00, 0x00, 0x00, 0x00, 0x00, 0x00, 0x00, 0x00, 0x00, 0x00, 0x00, 0x00, 0x00, 0x14, 0x10, 0x00, 
    0x40, 0x00, 0x00, 0x00, 0x45, 0x54, 0x00, 0x05, 0x40, 0x00, 0x00, 0x00, 0x00, 0x00, 0x00, 0x00, 
    0x00, 0x00, 0x00, 0x00, 0x00, 0x00, 0x1a, 0xaa, 0xaa, 0xaa, 0xaa, 0xaa, 0x02, 0xaa, 0xaa, 0xaa, 
    0xaa, 0xaa, 0xaa, 0x92, 0xaa, 0xaa, 0xaa, 0xaa, 0xfd, 0x20, 0x00, 0x15, 0x55, 0x55, 0x55, 0x51, 
    0x55, 0x55, 0x55, 0x55, 0x15, 0x55, 0x55, 0x55, 0x55, 0x55, 0x55, 0x55, 0x41, 0x55, 0x55, 0x55, 
    0x55, 0x55, 0x55, 0x55, 0x55, 0x55, 0x55, 0x56, 0xa5, 0x00, 0x15, 0x55, 0x50, 0x15, 0x55, 0x55, 
    0x55, 0x54, 0x05, 0x00, 0x02, 0xfe, 0x00, 0x00, 0x03, 0xe7, 0xff, 0xff, 0xff, 0xf9, 0xfc, 0x00, 
    0x00, 0x00, 0x00, 0x07, 0xff, 0xff, 0xdf, 0xff, 0xff, 0xff, 0xff, 0xff, 0xff, 0xff, 0xff, 0xff, 
    0xff, 0xff, 0xff, 0xff, 0xff, 0xff, 0xff, 0xff, 0xff, 0xff, 0xff, 0xff, 0xff, 0xff, 0xff, 0xff, 
    0xff, 0xff, 0xff, 0xff, 0xf0, 0x00, 0x00, 0x00, 0x00, 0x00, 0x00, 0x00, 0x00, 0x00, 0x00, 0x00, 
    0x00, 0x00, 0x00, 0x00, 0x00, 0x00, 0x00, 0x00, 0x00, 0x00, 0x00, 0x00, 0x00, 0x00, 0x00, 0x00, 
    0x00, 0x00, 0x00, 0x00, 0x00, 0x01, 0x40, 0x00, 0x00, 0x00, 0x00, 0x00, 0x00, 0x55, 0x55, 0x55, 
    0x55, 0x00, 0x00, 0x00, 0x00, 0x00, 0x00, 0x00, 0x00, 0x00, 0x00, 0x00, 0x00, 0x00, 0x00, 0x00, 
    0x00, 0x00, 0x00, 0x00, 0x01, 0x55, 0x50, 0x00, 0x00, 0x00, 0x00, 0x00, 0x55, 0x50, 0x00, 0x54, 
    0x00, 0x00, 0x00, 0x00, 0x00, 0x00, 0x00, 0x00, 0x00, 0x00, 0x00, 0x00, 0x00, 0x00, 0x02, 0xaa, 
    0xaa, 0xaa, 0xaa, 0xaa, 0x40, 0xaa, 0xaa, 0xaa, 0xaa, 0xaa, 0xaa, 0xa0, 0xaa, 0xaa, 0xaa, 0xaa, 
    0xfc, 0x60, 0x00, 0x15, 0x55, 0x55, 0x55, 0x55, 0x55, 0x55, 0x55, 0x54, 0x15, 0x55, 0x55, 0x55, 
    0x55, 0x55, 0x55, 0x55, 0x05, 0x55, 0x55, 0x55, 0x55, 0x55, 0x55, 0x55, 0x55, 0x55, 0x55, 0x5a, 
    0x50, 0x01, 0x55, 0xa5, 0x41, 0x55, 0x55, 0x55, 0x55, 0x54, 0x14, 0x00, 0x0a, 0xf8, 0x00, 0x00, 
    0x02, 0x5f, 0xff, 0xff, 0xff, 0xfd, 0xfd, 0x00, 0x00, 0x00, 0x00, 0x6f, 0xff, 0xff, 0xef, 0xff, 
    0xff, 0xff, 0xff, 0xff, 0xff, 0xff, 0xff, 0xff, 0xff, 0xff, 0xff, 0xff, 0xff, 0xff, 0xff, 0xff, 
    0xff, 0xff, 0xff, 0xff, 0xff, 0xff, 0xff, 0xff, 0xff, 0xff, 0xff, 0xff, 0xf8, 0x00, 0x00, 0x00, 
    0x00, 0x00, 0x00, 0x00, 0x00, 0x00, 0x00, 0x00, 0x00, 0x00, 0x00, 0x00, 0x00, 0x00, 0x00, 0x00, 
    0x00, 0x00, 0x00, 0x00, 0x00, 0x00, 0x00, 0x00, 0x00, 0x00, 0x00, 0x00, 0x00, 0x00, 0x10, 0x00, 
    0x00, 0x00, 0x00, 0x00, 0x00, 0x05, 0x55, 0x55, 0x55, 0x50, 0x00, 0x00, 0x00, 0x00, 0x00, 0x00, 
    0x00, 0x00, 0x00, 0x00, 0x00, 0x00, 0x00, 0x00, 0x00, 0x00, 0x00, 0x00, 0x05, 0x55, 0x40, 0x00, 
    0x00, 0x00, 0x00, 0x00, 0x15, 0x50, 0x01, 0x50, 0x00, 0x00, 0x00, 0x00, 0x00, 0x00, 0x00, 0x00, 
    0x00, 0x00, 0x00, 0x00, 0x00, 0x00, 0x00, 0x6a, 0xaa, 0xaa, 0xaa, 0xaa, 0x90, 0x6a, 0xaa, 0xaa, 
    0xaa, 0xaa, 0xaa, 0xa8, 0x6a, 0xaa, 0xaa, 0xaa, 0xfc, 0x60, 0x00, 0x05, 0x55, 0x55, 0x55, 0x55, 
    0x55, 0x55, 0x55, 0x54, 0x15, 0x55, 0x55, 0x55, 0x55, 0x55, 0x55, 0x54, 0x11, 0x55, 0x55, 0x55, 
    0x55, 0x55, 0x55, 0x55, 0x55, 0x55, 0x55, 0x65, 0x40, 0x05, 0x5a, 0x94, 0x15, 0x55, 0x55, 0x55, 
    0x55, 0x50, 0x50, 0x00, 0x1b, 0xd0, 0x00, 0x01, 0x80, 0x7f, 0xff, 0xff, 0xff, 0xfd, 0xbf, 0x00, 
    0x00, 0x00, 0x07, 0xff, 0xff, 0xff, 0xfb, 0xff, 0xff, 0xff, 0xff, 0xff, 0xff, 0xff, 0xff, 0xff, 
    0xff, 0xff, 0xff, 0xff, 0xff, 0xff, 0xff, 0xff, 0xff, 0xff, 0xff, 0xff, 0xff, 0xff, 0xff, 0xff, 
    0xff, 0xff, 0xff, 0xff, 0xfd, 0x00, 0x00, 0x00, 0x00, 0x00, 0x00, 0x00, 0x00, 0x00, 0x00, 0x00, 
    0x00, 0x00, 0x00, 0x00, 0x00, 0x00, 0x00, 0x00, 0x00, 0x00, 0x00, 0x00, 0x00, 0x00, 0x00, 0x00, 
    0x00, 0x00, 0x00, 0x00, 0x00, 0x00, 0x04, 0x00, 0x00, 0x00, 0x00, 0x00, 0x00, 0x01, 0x55, 0x55, 
    0x55, 0x55, 0x00, 0x00, 0x00, 0x00, 0x00, 0x00, 0x00, 0x00, 0x00, 0x00, 0x00, 0x00, 0x00, 0x00, 
    0x00, 0x00, 0x00, 0x00, 0x00, 0x04, 0x00, 0x00, 0x00, 0x00, 0x00, 0x00, 0x15, 0x40, 0x15, 0x40, 
    0x00, 0x00, 0x00, 0x00, 0x00, 0x00, 0x00, 0x00, 0x00, 0x00, 0x00, 0x00, 0x00, 0x00, 0x00, 0x1a, 
    0xaa, 0xaa, 0xaa, 0xaa, 0xa4, 0x1a, 0xaa, 0xaa, 0xaa, 0xaa, 0xaa, 0xa9, 0x2a, 0xaa, 0xaa, 0xaa, 
    0xfc, 0x60, 0x00, 0x05, 0x55, 0x55, 0x55, 0x51, 0x55, 0x55, 0x55, 0x54, 0x15, 0x55, 0x55, 0x55, 
    0x55, 0x55, 0x55, 0x50, 0x01, 0x55, 0x55, 0x55, 0x55, 0x55, 0x55, 0x55, 0x55, 0x55, 0x55, 0x54, 
    0x40, 0x55, 0x69, 0x50, 0x55, 0x55, 0x55, 0x55, 0x55, 0x41, 0x40, 0x00, 0x6a, 0x00, 0x00, 0x17, 
    0xc0, 0xff, 0xff, 0xff, 0xff, 0xfe, 0x7f, 0x40, 0x00, 0x01, 0xaf, 0xff, 0xff, 0xff, 0xff, 0xff, 
    0xff, 0xff, 0xff, 0xff, 0xff, 0xff, 0xff, 0xff, 0xff, 0xff, 0xff, 0xff, 0xff, 0xff, 0xff, 0xff, 
    0xff, 0xff, 0xff, 0xff, 0xff, 0xff, 0xff, 0xff, 0xff, 0xff, 0xff, 0xff, 0xff, 0x00, 0x00, 0x00, 
    0x00, 0x00, 0x00, 0x00, 0x00, 0x00, 0x00, 0x00, 0x00, 0x00, 0x00, 0x00, 0x00, 0x00, 0x00, 0x00, 
    0x00, 0x00, 0x00, 0x00, 0x00, 0x00, 0x00, 0x00, 0x00, 0x00, 0x00, 0x00, 0x00, 0x00, 0x01, 0x40, 
    0x00, 0x00, 0x00, 0x00, 0x00, 0x00, 0x05, 0x5a, 0x95, 0x55, 0x50, 0x00, 0x00, 0x00, 0x00, 0x00, 
    0x00, 0x00, 0x00, 0x00, 0x00, 0x00, 0x00, 0x00, 0x00, 0x00, 0x00, 0x00, 0x00, 0x00, 0x00, 0x00, 
    0x00, 0x00, 0x00, 0x00, 0x05, 0x00, 0x54, 0x00, 0x00, 0x00, 0x00, 0x00, 0x00, 0x00, 0x00, 0x00, 
    0x00, 0x00, 0x00, 0x00, 0x00, 0x00, 0x00, 0x01, 0xaa, 0xaa, 0xaa, 0xaa, 0xa8, 0x06, 0xaa, 0xaa, 
    0xaa, 0xaa, 0xaa, 0xaa, 0x0a, 0xaa, 0xaa, 0xaa, 0xfc, 0x60, 0x00, 0x05, 0x55, 0x55, 0x55, 0x51, 
    0x55, 0x55, 0x55, 0x54, 0x15, 0x55, 0x55, 0x55, 0x55, 0x55, 0x55, 0x40, 0x05, 0x55, 0x55, 0x55, 
    0x55, 0x55, 0x55, 0x55, 0x55, 0x55, 0x55, 0x51, 0x05, 0x5a, 0xa9, 0x41, 0x55, 0x55, 0x55, 0x55, 
    0x55, 0x05, 0x00, 0x01, 0xa4, 0x00, 0x00, 0x5f, 0x80, 0xff, 0xff, 0xff, 0xff, 0xff, 0x3f, 0x80, 
    0x00, 0x0a, 0xab, 0xff, 0xff, 0xff, 0xff, 0xff, 0xff, 0xff, 0xff, 0xff, 0xff, 0xff, 0xff, 0xff, 
    0xff, 0xff, 0xff, 0xff, 0xff, 0xff, 0xff, 0xff, 0xff, 0xff, 0xff, 0xff, 0xff, 0xff, 0xff, 0xff, 
    0xff, 0xff, 0xff, 0xff, 0xff, 0x80, 0x00, 0x00, 0x00, 0x00, 0x00, 0x00, 0x00, 0x00, 0x00, 0x00, 
    0x00, 0x00, 0x00, 0x00, 0x00, 0x00, 0x00, 0x00, 0x00, 0x00, 0x00, 0x00, 0x00, 0x00, 0x00, 0x00, 
    0x00, 0x00, 0x00, 0x00, 0x00, 0x00, 0x00, 0x50, 0x00, 0x00, 0x00, 0x00, 0x00, 0x00, 0x11, 0x56, 
    0xaa, 0x55, 0x55, 0x01, 0x40, 0x00, 0x00, 0x00, 0x00, 0x00, 0x00, 0x00, 0x00, 0x00, 0x00, 0x00, 
    0x00, 0x00, 0x00, 0x00, 0x00, 0x00, 0x00, 0x00, 0x00, 0x00, 0x00, 0x00, 0x00, 0x05, 0x50, 0x00, 
    0x00, 0x00, 0x00, 0x00, 0x00, 0x00, 0x00, 0x00, 0x00, 0x00, 0x00, 0x00, 0x00, 0x00, 0x00, 0x00, 
    0x6a, 0xaa, 0xaa, 0xaa, 0xaa, 0x02, 0xaa, 0xaa, 0xaa, 0xaa, 0xaa, 0xaa, 0x86, 0xaa, 0xaa, 0xaa, 
    0xfc, 0x60, 0x00, 0x04, 0x55, 0x55, 0x55, 0x51, 0x55, 0x55, 0x55, 0x50, 0x15, 0x55, 0x55, 0x55, 
    0x55, 0x55, 0x55, 0x00, 0x05, 0x55, 0x55, 0x55, 0x55, 0x55, 0x55, 0x55, 0x55, 0x55, 0x55, 0x10, 
    0x55, 0x6a, 0xa4, 0x15, 0x69, 0x55, 0x55, 0x55, 0x54, 0x14, 0x00, 0x06, 0x90, 0x00, 0x01, 0x7d, 
    0xa1, 0xbf, 0xff, 0xff, 0xff, 0xff, 0x6f, 0xc0, 0x00, 0x02, 0xaa, 0xff, 0xff, 0xff, 0xff, 0xff, 
    0xff, 0xff, 0xff, 0xff, 0xff, 0xff, 0xff, 0xff, 0xff, 0xff, 0xff, 0xff, 0xff, 0xff, 0xff, 0xff, 
    0xff, 0xaf, 0xff, 0xff, 0xff, 0xff, 0xff, 0xff, 0xff, 0xff, 0xff, 0xff, 0xff, 0xd0, 0x00, 0x00, 
    0x00, 0x00, 0x00, 0x00, 0x00, 0x00, 0x00, 0x00, 0x00, 0x00, 0x00, 0x00, 0x00, 0x00, 0x00, 0x00, 
    0x00, 0x00, 0x00, 0x00, 0x00, 0x00, 0x00, 0x00, 0x00, 0x00, 0x00, 0x00, 0x00, 0x00, 0x00, 0x05, 
    0x00, 0x00, 0x00, 0x00, 0x00, 0x00, 0x01, 0x15, 0x5a, 0xaa, 0x95, 0x50, 0x16, 0x55, 0x40, 0x00, 
    0x00, 0x05, 0x55, 0x55, 0x00, 0x00, 0x40, 0x00, 0x00, 0x01, 0x55, 0x54, 0x00, 0x00, 0x00, 0x00, 
    0x00, 0x00, 0x00, 0x00, 0x00, 0x15, 0x40, 0x00, 0x00, 0x00, 0x00, 0x00, 0x00, 0x00, 0x00, 0x00, 
    0x00, 0x00, 0x00, 0x00, 0x00, 0x00, 0x00, 0x00, 0x0a, 0xaa, 0xaa, 0xaa, 0xaa, 0x80, 0xaa, 0xaa, 
    0xaa, 0xaa, 0xaa, 0xaa, 0x92, 0xaa, 0xaa, 0xaa, 0xfc, 0x60, 0x00, 0x04, 0x15, 0x55, 0x55, 0x51, 
    0x55, 0x55, 0x55, 0x50, 0x15, 0x55, 0x55, 0x55, 0x55, 0x55, 0x54, 0x00, 0x15, 0x55, 0x55, 0x55, 
    0x55, 0x55, 0x55, 0x55, 0x55, 0x55, 0x54, 0x41, 0x55, 0x55, 0x50, 0x55, 0xa9, 0x55, 0x55, 0x55, 
    0x50, 0x10, 0x00, 0x1a, 0x00, 0x00, 0x01, 0xf6, 0xf0, 0x7f, 0xff, 0xff, 0xff, 0xff, 0x9f, 0xe0, 
    0x00, 0x00, 0xaa, 0xff, 0xff, 0xff, 0xff, 0xff, 0xff, 0xff, 0xff, 0xff, 0xff, 0xff, 0xff, 0xff, 
    0xff, 0xff, 0xff, 0xff, 0xff, 0xff, 0xff, 0xff, 0xff, 0x8f, 0xff, 0xff, 0xff, 0xff, 0xff, 0xff, 
    0xff, 0xff, 0xff, 0xff, 0xff, 0xf0, 0x00, 0x00, 0x00, 0x00, 0x00, 0x00, 0x00, 0x00, 0x00, 0x00, 
    0x00, 0x00, 0x00, 0x00, 0x00, 0x00, 0x00, 0x00, 0x00, 0x00, 0x00, 0x00, 0x00, 0x00, 0x00, 0x00, 
    0x00, 0x00, 0x00, 0x00, 0x00, 0x00, 0x00, 0x01, 0x40, 0x00, 0x00, 0x00, 0x00, 0x00, 0x00, 0x55, 
    0x55, 0x55, 0x55, 0x55, 0x40, 0x55, 0x55, 0x55, 0x55, 0x55, 0x55, 0x55, 0x54, 0x00, 0x15, 0x55, 
    0x55, 0x55, 0x55, 0x00, 0x00, 0x00, 0x00, 0x00, 0x00, 0x00, 0x00, 0x00, 0x01, 0x54, 0x00, 0x00, 
    0x00, 0x00, 0x00, 0x00, 0x00, 0x00, 0x00, 0x00, 0x00, 0x00, 0x00, 0x00, 0x00, 0x00, 0x00, 0x00, 
    0x01, 0xaa, 0xaa, 0xaa, 0xaa, 0xa0, 0x2a, 0xaa, 0xaa, 0xaa, 0xaa, 0xaa, 0xa0, 0xaa, 0xaa, 0xaa, 
    0xfc, 0x60, 0x00, 0x04, 0x01, 0x55, 0x55, 0x41, 0x55, 0x55, 0x55, 0x50, 0x15, 0x55, 0x55, 0x55, 
    0x55, 0x55, 0x50, 0x00, 0x15, 0x55, 0x55, 0x55, 0x55, 0x55, 0x55, 0x55, 0x55, 0x55, 0x45, 0x15, 
    0x55, 0x55, 0x45, 0x5a, 0xa5, 0x55, 0x55, 0x55, 0x50, 0x40, 0x00, 0x64, 0x00, 0x00, 0x07, 0x9f, 
    0xf0, 0x3f, 0xff, 0xff, 0xff, 0xff, 0xcf, 0xd0, 0x00, 0x00, 0x6a, 0xbf, 0xff, 0xff, 0xff, 0xff, 
    0xff, 0xff, 0xff, 0xff, 0xff, 0xff, 0xff, 0xff, 0xff, 0xff, 0xff, 0xff, 0xff, 0xff, 0xff, 0xff, 
    0xff, 0xc3, 0xff, 0xff, 0xff, 0xff, 0xff, 0xff, 0xff, 0xff, 0xff, 0xff, 0xff, 0xf4, 0x00, 0x00, 
    0x00, 0x00, 0x00, 0x00, 0x00, 0x00, 0x00, 0x00, 0x00, 0x00, 0x00, 0x00, 0x00, 0x00, 0x00, 0x00, 
    0x00, 0x00, 0x00, 0x00, 0x00, 0x00, 0x00, 0x00, 0x00, 0x00, 0x00, 0x00, 0x00, 0x00, 0x00, 0x00, 
    0x50, 0x00, 0x00, 0x00, 0x00, 0x00, 0x00, 0x01, 0x55, 0x55, 0x55, 0x55, 0x55, 0x01, 0x55, 0x55, 
    0x55, 0x55, 0x55, 0x55, 0x55, 0x40, 0x00, 0x00, 0x00, 0x00, 0x00, 0x00, 0x00, 0x00, 0x00, 0x00, 
    0x00, 0x00, 0x00, 0x00, 0x05, 0x40, 0x00, 0x00, 0x00, 0x00, 0x00, 0x00, 0x00, 0x00, 0x00, 0x00, 
    0x00, 0x00, 0x00, 0x00, 0x00, 0x00, 0x00, 0x00, 0x00, 0x2a, 0xaa, 0xaa, 0xaa, 0xa8, 0x1a, 0xaa, 
    0xaa, 0xaa, 0xaa, 0xaa, 0xa8, 0x2a, 0xaa, 0xaa, 0xfc, 0x60, 0x00, 0x04, 0x00, 0x55, 0x55, 0x41, 
    0x55, 0x55, 0x55, 0x50, 0x15, 0x54, 0x55, 0x55, 0x55, 0x55, 0x40, 0x00, 0x55, 0x55, 0x55, 0x55, 
    0x55, 0x55, 0x55, 0x55, 0x55, 0x55, 0x10, 0x55, 0x55, 0x55, 0x15, 0xaa, 0xa5, 0x55, 0x55, 0x55, 
    0x41, 0x00, 0x00, 0x80, 0x00, 0x01, 0x1e, 0x7f, 0xf4, 0x2f, 0xff, 0xff, 0xff, 0xff, 0xd7, 0xc0, 
    0x00, 0x00, 0x1a, 0xbf, 0xff, 0xff, 0xff, 0xff, 0xff, 0xff, 0xff, 0xff, 0xff, 0xff, 0xff, 0xff, 
    0xff, 0xff, 0xff, 0xff, 0xff, 0xff, 0xff, 0xff, 0xff, 0xf2, 0xff, 0xff, 0xff, 0xff, 0xff, 0xff, 
    0xff, 0xff, 0xff, 0xff, 0xff, 0xf8, 0x00, 0x00, 0x00, 0x00, 0x00, 0x00, 0x00, 0x00, 0x00, 0x00, 
    0x00, 0x00, 0x00, 0x00, 0x00, 0x00, 0x00, 0x00, 0x00, 0x00, 0x00, 0x00, 0x00, 0x00, 0x00, 0x00, 
    0x00, 0x00, 0x00, 0x00, 0x00, 0x00, 0x00, 0x00, 0x05, 0x00, 0x00, 0x00, 0x00, 0x00, 0x00, 0x01, 
    0x55, 0x55, 0x55, 0x55, 0x55, 0x54, 0x05, 0x55, 0x55, 0x55, 0x55, 0x55, 0x55, 0x55, 0x00, 0x00, 
    0x00, 0x00, 0x00, 0x00, 0x00, 0x00, 0x00, 0x00, 0x00, 0x00, 0x00, 0x00, 0x54, 0x00, 0x00, 0x00, 
    0x00, 0x00, 0x00, 0x00, 0x00, 0x00, 0x00, 0x00, 0x00, 0x00, 0x00, 0x00, 0x00, 0x00, 0x00, 0x00, 
    0x00, 0x06, 0xaa, 0xaa, 0xaa, 0xa9, 0x06, 0xaa, 0xaa, 0xaa, 0xaa, 0xaa, 0xa9, 0x1a, 0xaa, 0xaa, 
    0xfd, 0x70, 0x00, 0x00, 0x00, 0x05, 0x55, 0x41, 0x55, 0x55, 0x55, 0x40, 0x15, 0x55, 0x55, 0x55, 
    0x55, 0x55, 0x00, 0x00, 0x55, 0x55, 0x55, 0x55, 0x55, 0x55, 0x55, 0x55, 0x55, 0x50, 0x45, 0x55, 
    0x55, 0x54, 0x56, 0xaa, 0x55, 0x55, 0x55, 0x55, 0x04, 0x00, 0x01, 0x00, 0x00, 0x04, 0xb6, 0xff, 
    0xf8, 0x5f, 0xff, 0xff, 0xff, 0xff, 0xe3, 0xc2, 0x00, 0x00, 0x1a, 0xff, 0xff, 0xff, 0xff, 0xff, 
    0xff, 0xff, 0xff, 0xff, 0xff, 0xff, 0xff, 0xff, 0xff, 0xff, 0xff, 0xff, 0xff, 0xff, 0xff, 0xff, 
    0xff, 0xf9, 0xff, 0xff, 0xff, 0xff, 0xff, 0xff, 0xff, 0xff, 0xff, 0xff, 0xff, 0xfc, 0x00, 0x00, 
    0x00, 0x00, 0x00, 0x00, 0x00, 0x00, 0x00, 0x00, 0x00, 0x00, 0x00, 0x00, 0x00, 0x00, 0x00, 0x00, 
    0x00, 0x00, 0x00, 0x00, 0x00, 0x00, 0x00, 0x00, 0x00, 0x00, 0x00, 0x00, 0x00, 0x00, 0x00, 0x00, 
    0x00, 0x40, 0x00, 0x00, 0x00, 0x00, 0x00, 0x00, 0x55, 0x15, 0x55, 0x55, 0x55, 0x50, 0x15, 0x55, 
    0x55, 0x55, 0x55, 0x55, 0x55, 0x55, 0x55, 0x40, 0x00, 0x00, 0x00, 0x00, 0x00, 0x00, 0x00, 0x00, 
    0x00, 0x00, 0x00, 0x05, 0x40, 0x00, 0x00, 0x00, 0x00, 0x00, 0x00, 0x00, 0x00, 0x00, 0x00, 0x00, 
    0x00, 0x00, 0x00, 0x00, 0x00, 0x00, 0x00, 0x00, 0x00, 0x00, 0xaa, 0xaa, 0xaa, 0xaa, 0x41, 0xaa, 
    0xaa, 0xaa, 0xaa, 0xaa, 0xaa, 0x4a, 0xaa, 0xaa, 0xfd, 0x70, 0x00, 0x00, 0x00, 0x01, 0x55, 0x41, 
    0x55, 0x55, 0x55, 0x40, 0x15, 0x51, 0x55, 0x55, 0x55, 0x54, 0x00, 0x00, 0x55, 0x55, 0x55, 0x55, 
    0x55, 0x55, 0x55, 0x55, 0x55, 0x45, 0x15, 0x55, 0x55, 0x55, 0xaa, 0xaa, 0x55, 0x55, 0x55, 0x55, 
    0x10, 0x00, 0x00, 0x00, 0x00, 0x12, 0x9b, 0xff, 0xfc, 0x4f, 0xff, 0xff, 0xff, 0xff, 0xf1, 0x97, 
    0x41, 0x00, 0x06, 0xff, 0xff, 0xff, 0xff, 0xff, 0xff, 0xff, 0xff, 0xff, 0xff, 0xff, 0xff, 0xff, 
    0xff, 0xff, 0xff, 0xff, 0xff, 0xff, 0xff, 0xff, 0xff, 0xfc, 0xff, 0xff, 0xff, 0xff, 0xff, 0xff, 
    0xff, 0xff, 0xff, 0xff, 0xff, 0xfc, 0x00, 0x00, 0x00, 0x00, 0x00, 0x00, 0x00, 0x00, 0x00, 0x00, 
    0x00, 0x00, 0x00, 0x00, 0x00, 0x00, 0x00, 0x00, 0x00, 0x00, 0x00, 0x00, 0x00, 0x00, 0x00, 0x00, 
    0x00, 0x00, 0x00, 0x00, 0x00, 0x00, 0x00, 0x00, 0x00, 0x14, 0x00, 0x00, 0x00, 0x00, 0x00, 0x00, 
    0x15, 0x51, 0x55, 0x55, 0x55, 0x55, 0x40, 0x00, 0x55, 0x55, 0x55, 0x55, 0x55, 0x55, 0x55, 0x65, 
    0x40, 0x00, 0x00, 0x00, 0x00, 0x00, 0x00, 0x00, 0x00, 0x00, 0x00, 0x14, 0x00, 0x00, 0x00, 0x00, 
    0x00, 0x00, 0x00, 0x00, 0x00, 0x00, 0x00, 0x00, 0x00, 0x00, 0x00, 0x00, 0x00, 0x00, 0x00, 0x00, 
    0x00, 0x00, 0x1a, 0xaa, 0xaa, 0xaa, 0x90, 0x6a, 0xaa, 0xaa, 0xaa, 0xaa, 0xaa, 0x82, 0xaa, 0xaa, 
    0xfd, 0x74, 0x00, 0x00, 0x00, 0x00, 0x55, 0x40, 0x55, 0x55, 0x55, 0x40, 0x15, 0x45, 0x55, 0x55, 
    0x55, 0x50, 0x00, 0x01, 0x55, 0x55, 0x55, 0x55, 0x55, 0x55, 0x55, 0x55, 0x54, 0x14, 0x55, 0x55, 
    0x55, 0x15, 0x5a, 0xaa, 0xa5, 0x55, 0x55, 0x54, 0x40, 0x00, 0x00, 0x00, 0x00, 0x09, 0x7f, 0xff, 
    0xfc, 0x4b, 0xff, 0xff, 0xff, 0xff, 0xf4, 0x6b, 0xc0, 0x50, 0x00, 0xaf, 0xff, 0xff, 0xff, 0xff, 
    0xff, 0xff, 0xff, 0xff, 0xff, 0xff, 0xff, 0xff, 0xff, 0xff, 0xff, 0xff, 0xff, 0xff, 0xff, 0xff, 
    0xff, 0xfe, 0xbf, 0xff, 0xff, 0xff, 0xff, 0xff, 0xff, 0xff, 0xff, 0xff, 0xff, 0xfc, 0x00, 0x00, 
    0x00, 0x00, 0x00, 0x00, 0x00, 0x00, 0x00, 0x00, 0x00, 0x00, 0x00, 0x00, 0x00, 0x00, 0x00, 0x00, 
    0x00, 0x00, 0x00, 0x00, 0x00, 0x00, 0x00, 0x00, 0x00, 0x00, 0x00, 0x00, 0x00, 0x00, 0x00, 0x00, 
    0x00, 0x01, 0x00, 0x00, 0x00, 0x00, 0x00, 0x00, 0x05, 0x55, 0x15, 0x55, 0x55, 0x55, 0x54, 0x00, 
    0x00, 0x00, 0x00, 0x00, 0x00, 0x00, 0x00, 0x00, 0x00, 0x00, 0x00, 0x00, 0x00, 0x00, 0x00, 0x00, 
    0x00, 0x00, 0x01, 0x40, 0x00, 0x00, 0x00, 0x00, 0x00, 0x00, 0x00, 0x00, 0x00, 0x00, 0x00, 0x00, 
    0x00, 0x00, 0x00, 0x00, 0x00, 0x00, 0x00, 0x00, 0x00, 0x00, 0x02, 0xaa, 0xaa, 0xaa, 0xa0, 0x2a, 
    0xaa, 0xaa, 0xaa, 0xaa, 0xaa, 0x91, 0xaa, 0xaa, 0xfe, 0x74, 0x00, 0x00, 0x00, 0x00, 0x05, 0x00, 
    0x55, 0x55, 0x55, 0x40, 0x15, 0x45, 0x55, 0x55, 0x55, 0x40, 0x00, 0x01, 0x55, 0x55, 0x55, 0x55, 
    0x55, 0x55, 0x55, 0x55, 0x51, 0x41, 0x55, 0x55, 0x55, 0x55, 0x56, 0xaa, 0xa5, 0x55, 0x55, 0x51, 
    0x00, 0x00, 0x00, 0x00, 0x00, 0x26, 0xff, 0xff, 0xfd, 0x17, 0xff, 0xff, 0xff, 0xff, 0xfc, 0xbf, 
    0xd0, 0x14, 0x00, 0xaf, 0xff, 0xff, 0xff, 0xff, 0xff, 0xff, 0xff, 0xff, 0xff, 0xff, 0xff, 0xff, 
    0xff, 0xff, 0xff, 0xff, 0xff, 0xff, 0xff, 0xff, 0xff, 0xff, 0x7f, 0xff, 0xff, 0xff, 0xff, 0xff, 
    0xff, 0xff, 0xff, 0xff, 0xff, 0xfc, 0x00, 0x00, 0x00, 0x00, 0x00, 0x00, 0x00, 0x00, 0x00, 0x00, 
    0x00, 0x00, 0x00, 0x00, 0x00, 0x00, 0x00, 0x00, 0x00, 0x00, 0x00, 0x00, 0x00, 0x00, 0x00, 0x00, 
    0x00, 0x00, 0x00, 0x00, 0x00, 0x00, 0x00, 0x00, 0x00, 0x00, 0x00, 0x00, 0x00, 0x00, 0x00, 0x00, 
    0x00, 0x55, 0x50, 0x55, 0x55, 0x55, 0x55, 0x50, 0x00, 0x00, 0x00, 0x00, 0x00, 0x00, 0x00, 0x00, 
    0x00, 0x00, 0x00, 0x00, 0x00, 0x00, 0x00, 0x00, 0x00, 0x00, 0x04, 0x00, 0x00, 0x00, 0x00, 0x00, 
    0x00, 0x00, 0x00, 0x00, 0x00, 0x00, 0x00, 0x00, 0x00, 0x00, 0x00, 0x00, 0x00, 0x00, 0x00, 0x00, 
    0x00, 0x00, 0x00, 0x6a, 0xaa, 0xaa, 0xa8, 0x0a, 0xaa, 0xaa, 0xaa, 0xaa, 0xaa, 0xa4, 0x6a, 0xaa, 
    0xfe, 0x38, 0x00, 0x00, 0x00, 0x00, 0x01, 0x00, 0x55, 0x55, 0x55, 0x40, 0x05, 0x15, 0x55, 0x55, 
    0x55, 0x00, 0x00, 0x05, 0x55, 0x55, 0x55, 0x55, 0x55, 0x55, 0x55, 0x55, 0x05, 0x15, 0x55, 0x55, 
    0x55, 0x55, 0x55, 0xaa, 0x95, 0x55, 0x55, 0x44, 0x00, 0x00, 0x00, 0x00, 0x01, 0x5f, 0xff, 0xff, 
    0xfe, 0x13, 0xff, 0xff, 0xff, 0xff, 0xfd, 0x7f, 0xf0, 0x01, 0x00, 0x2f, 0xff, 0xff, 0xff, 0xff, 
    0xff, 0xff, 0xff, 0xff, 0xff, 0xff, 0xff, 0xff, 0xff, 0xff, 0xff, 0xff, 0xff, 0xff, 0xff, 0xff, 
    0xff, 0xff, 0x7f, 0xff, 0xff, 0xff, 0xff, 0xff, 0xff, 0xff, 0xff, 0xff, 0xff, 0xfc, 0x00, 0x00, 
    0x00, 0x00, 0x00, 0x00, 0x00, 0x00, 0x00, 0x00, 0x00, 0x00, 0x00, 0x00, 0x00, 0x00, 0x00, 0x00, 
    0x00, 0x00, 0x00, 0x00, 0x00, 0x00, 0x00, 0x00, 0x00, 0x00, 0x00, 0x00, 0x00, 0x00, 0x00, 0x00, 
    0x00, 0x00, 0x04, 0x00, 0x00, 0x00, 0x00, 0x00, 0x00, 0x15, 0x55, 0x05, 0x55, 0x55, 0x55, 0x55, 
    0x40, 0x00, 0x00, 0x00, 0x00, 0x00, 0x00, 0x00, 0x00, 0x00, 0x00, 0x00, 0x00, 0x00, 0x00, 0x00, 
    0x00, 0x00, 0x40, 0x00, 0x00, 0x00, 0x00, 0x00, 0x00, 0x00, 0x00, 0x00, 0x00, 0x00, 0x00, 0x00, 
    0x00, 0x00, 0x00, 0x00, 0x00, 0x00, 0x00, 0x00, 0x00, 0x00, 0x00, 0x06, 0xaa, 0xaa, 0xaa, 0x02, 
    0xaa, 0xaa, 0xaa, 0xaa, 0xaa, 0xa8, 0x2a, 0xaa, 0xff, 0x38, 0x00, 0x00, 0x00, 0x00, 0x00, 0x00, 
    0x55, 0x55, 0x55, 0x40, 0x04, 0x15, 0x55, 0x55, 0x54, 0x00, 0x00, 0x05, 0x55, 0x55, 0x55, 0x55, 
    0x55, 0x55, 0x55, 0x54, 0x14, 0x55, 0x55, 0x55, 0x55, 0x55, 0x55, 0xaa, 0x95, 0x55, 0x55, 0x50, 
    0x00, 0x00, 0x00, 0x00, 0x05, 0x7f, 0xff, 0xff, 0xff, 0x15, 0xff, 0xff, 0xff, 0xff, 0xfe, 0x7f, 
    0xf8, 0x00, 0x40, 0x06, 0xff, 0xff, 0xff, 0xff, 0xff, 0xff, 0xff, 0xff, 0xff, 0xff, 0xff, 0xff, 
    0xff, 0xff, 0xff, 0xff, 0xff, 0xff, 0xff, 0xff, 0xff, 0xff, 0xdf, 0xff, 0xff, 0xff, 0xff, 0xff, 
    0xff, 0xff, 0xff, 0xff, 0xff, 0xf4, 0x00, 0x00, 0x00, 0x00, 0x00, 0x00, 0x00, 0x00, 0x00, 0x00, 
    0x00, 0x00, 0x00, 0x00, 0x00, 0x00, 0x00, 0x00, 0x00, 0x00, 0x00, 0x00, 0x00, 0x00, 0x00, 0x00, 
    0x00, 0x00, 0x00, 0x00, 0x00, 0x00, 0x00, 0x00, 0x00, 0x00, 0x00, 0x40, 0x00, 0x00, 0x00, 0x00, 
    0x00, 0x05, 0x55, 0x50, 0x15, 0x55, 0x55, 0x55, 0x55, 0x00, 0x00, 0x00, 0x00, 0x00, 0x00, 0x00, 
    0x00, 0x00, 0x00, 0x00, 0x00, 0x00, 0x00, 0x00, 0x00, 0x04, 0x00, 0x00, 0x00, 0x00, 0x00, 0x00, 
    0x00, 0x00, 0x00, 0x00, 0x00, 0x00, 0x00, 0x00, 0x00, 0x00, 0x00, 0x00, 0x00, 0x00, 0x00, 0x00, 
    0x00, 0x00, 0x00, 0x01, 0xaa, 0xaa, 0xaa, 0x80, 0xaa, 0xaa, 0xaa, 0xaa, 0xaa, 0xaa, 0x0a, 0xaa, 
    0xff, 0x3c, 0x00, 0x00, 0x00, 0x00, 0x01, 0x00, 0x55, 0x55, 0x55, 0x40, 0x04, 0x55, 0x55, 0x55, 
    0x50, 0x00, 0x00, 0x15, 0x55, 0x55, 0x55, 0x55, 0x55, 0x55, 0x55, 0x41, 0x51, 0x55, 0x55, 0x55, 
    0x55, 0x55, 0x55, 0x6a, 0x95, 0x55, 0x55, 0x50, 0x00, 0x00, 0x00, 0x00, 0x06, 0xff, 0xff, 0xff, 
    0xff, 0x54, 0xff, 0xff, 0xff, 0xff, 0xff, 0x5f, 0xfc, 0x00, 0x14, 0x07, 0xff, 0xff, 0xff, 0xff, 
    0xff, 0xff, 0xff, 0xff, 0xff, 0xff, 0xff, 0xff, 0xff, 0xff, 0xff, 0xff, 0xff, 0xff, 0xff, 0xff, 
    0xff, 0xff, 0xdf, 0xff, 0xff, 0xff, 0xff, 0xff, 0xff, 0xff, 0xff, 0xff, 0xff, 0xe0, 0x00, 0x00, 
    0x00, 0x00, 0x00, 0x00, 0x00, 0x00, 0x00, 0x00, 0x00, 0x00, 0x00, 0x00, 0x00, 0x00, 0x00, 0x00, 
    0x00, 0x00, 0x00, 0x00, 0x00, 0x00, 0x00, 0x00, 0x00, 0x00, 0x00, 0x00, 0x00, 0x00, 0x00, 0x00, 
    0x00, 0x00, 0x00, 0x10, 0x00, 0x00, 0x00, 0x00, 0x00, 0x00, 0x55, 0x54, 0x01, 0x55, 0x55, 0x55, 
    0x55, 0x54, 0x00, 0x00, 0x00, 0x00, 0x00, 0x00, 0x00, 0x00, 0x00, 0x00, 0x00, 0x00, 0x00, 0x00, 
    0x00, 0x40, 0x00, 0x00, 0x00, 0x00, 0x00, 0x00, 0x00, 0x00, 0x00, 0x00, 0x00, 0x00, 0x00, 0x00, 
    0x00, 0x00, 0x00, 0x00, 0x00, 0x00, 0x00, 0x00, 0x00, 0x00, 0x00, 0x00, 0x1a, 0xaa, 0xaa, 0xa0, 
    0x6a, 0xaa, 0xaa, 0xaa, 0xaa, 0xaa, 0x46, 0xaa, 0xff, 0x3c, 0x00, 0x00, 0x00, 0x00, 0x01, 0x00, 
    0x15, 0x55, 0x55, 0x40, 0x00, 0x51, 0x55, 0x40, 0x00, 0x00, 0x00, 0x15, 0x55, 0x55, 0x55, 0x55, 
    0x55, 0x55, 0x55, 0x05, 0x05, 0x55, 0x55, 0x55, 0x55, 0x55, 0x55, 0x6a, 0x96, 0x95, 0x55, 0x40, 
    0x00, 0x00, 0x00, 0x00, 0x1b, 0xff, 0xff, 0xff, 0xff, 0x84, 0xbf, 0xff, 0xff, 0xff, 0xff, 0x9b, 
    0xff, 0x02, 0x01, 0x41, 0xff, 0xff, 0xff, 0xff, 0xff, 0xff, 0xff, 0xff, 0xff, 0xff, 0xff, 0xff, 
    0xff, 0xff, 0xff, 0xff, 0xff, 0xff, 0xff, 0xff, 0xff, 0xff, 0xef, 0xff, 0xff, 0xff, 0xff, 0xff, 
    0xff, 0xff, 0xff, 0xff, 0xff, 0xc0, 0x00, 0x00, 0x00, 0x00, 0x00, 0x00, 0x00, 0x00, 0x00, 0x00, 
    0x00, 0x00, 0x00, 0x00, 0x00, 0x00, 0x00, 0x00, 0x00, 0x00, 0x00, 0x00, 0x00, 0x00, 0x00, 0x00, 
    0x00, 0x00, 0x00, 0x00, 0x00, 0x00, 0x00, 0x00, 0x00, 0x00, 0x00, 0x01, 0x00, 0x00, 0x00, 0x00, 
    0x00, 0x00, 0x16, 0x95, 0x00, 0x05, 0x55, 0x55, 0x55, 0x55, 0x50, 0x00, 0x00, 0x00, 0x00, 0x00, 
    0x00, 0x00, 0x00, 0x00, 0x00, 0x00, 0x00, 0x00, 0x10, 0x00, 0x00, 0x00, 0x00, 0x00, 0x00, 0x00, 
    0x00, 0x00, 0x00, 0x00, 0x00, 0x00, 0x00, 0x00, 0x00, 0x00, 0x00, 0x00, 0x00, 0x00, 0x00, 0x00, 
    0x00, 0x00, 0x00, 0x00, 0x01, 0xaa, 0xaa, 0xa8, 0x1a, 0xaa, 0xaa, 0xaa, 0xaa, 0xaa, 0x82, 0xaa, 
    0xff, 0x6d, 0x00, 0x00, 0x00, 0x00, 0x01, 0x00, 0x15, 0x55, 0x55, 0x40, 0x01, 0x41, 0x00, 0x00, 
    0x00, 0x00, 0x00, 0x55, 0x55, 0x55, 0x55, 0x55, 0x55, 0x55, 0x50, 0x14, 0x15, 0x55, 0x55, 0x55, 
    0x55, 0x55, 0x55, 0x6a, 0x5a, 0x55, 0x54, 0x00, 0x05, 0x04, 0x00, 0x00, 0xbf, 0xff, 0xff, 0xff, 
    0xff, 0xc4, 0x7f, 0xff, 0xff, 0xff, 0xff, 0xd7, 0xff, 0x90, 0xe4, 0x10, 0x6f, 0xff, 0xff, 0xff, 
    0xff, 0xff, 0xff, 0xff, 0xff, 0xff, 0xff, 0xff, 0xff, 0xff, 0xff, 0xff, 0xff, 0xff, 0xff, 0xff, 
    0xff, 0xff, 0xfb, 0xff, 0xff, 0xff, 0xff, 0xff, 0xff, 0xff, 0xff, 0xff, 0xff, 0x80, 0x00, 0x00, 
    0x00, 0x00, 0x00, 0x00, 0x00, 0x00, 0x00, 0x00, 0x00, 0x00, 0x00, 0x00, 0x00, 0x00, 0x00, 0x00, 
    0x00, 0x00, 0x00, 0x00, 0x00, 0x00, 0x00, 0x00, 0x00, 0x00, 0x00, 0x00, 0x00, 0x00, 0x00, 0x00, 
    0x00, 0x00, 0x00, 0x00, 0x00, 0x00, 0x00, 0x00, 0x00, 0x00, 0x06, 0xa5, 0x50, 0x00, 0x15, 0x55, 
    0x55, 0x55, 0x55, 0x50, 0x00, 0x00, 0x00, 0x00, 0x00, 0x00, 0x00, 0x00, 0x00, 0x00, 0x00, 0x01, 
    0x00, 0x00, 0x00, 0x00, 0x00, 0x00, 0x00, 0x00, 0x00, 0x00, 0x00, 0x00, 0x00, 0x00, 0x00, 0x00, 
    0x00, 0x00, 0x00, 0x00, 0x00, 0x00, 0x00, 0x00, 0x00, 0x00, 0x00, 0x00, 0x00, 0x1a, 0xaa, 0xaa, 
    0x06, 0xaa, 0xaa, 0xaa, 0xaa, 0xaa, 0xa0, 0xaa, 0xff, 0x6d, 0x00, 0x00, 0x00, 0x00, 0x00, 0x00, 
    0x05, 0x55, 0x55, 0x40, 0x01, 0x40, 0x00, 0x00, 0x00, 0x00, 0x00, 0x55, 0x55, 0x55, 0x55, 0x55, 
    0x55, 0x55, 0x01, 0x51, 0x55, 0x55, 0x55, 0x55, 0x55, 0x55, 0x55, 0x69, 0x69, 0x55, 0x50, 0x00, 
    0x55, 0x50, 0x00, 0x06, 0xff, 0xff, 0xff, 0xff, 0xff, 0xc5, 0x3f, 0xff, 0xff, 0xff, 0xff, 0xe2, 
    0xff, 0xd8, 0x3f, 0x40, 0x1f, 0xff, 0xff, 0xff, 0xff, 0xff, 0xff, 0xff, 0xff, 0xff, 0xff, 0xff, 
    0xff, 0xff, 0xff, 0xff, 0xff, 0xff, 0xff, 0xff, 0xff, 0xff, 0xf7, 0xff, 0xff, 0xff, 0xff, 0xff, 
    0xff, 0xff, 0xff, 0xff, 0xff, 0x00, 0x00, 0x00, 0x00, 0x00, 0x00, 0x00, 0x00, 0x00, 0x00, 0x00, 
    0x00, 0x00, 0x00, 0x00, 0x00, 0x00, 0x00, 0x00, 0x00, 0x00, 0x00, 0x00, 0x00, 0x00, 0x00, 0x00, 
    0x00, 0x00, 0x00, 0x00, 0x00, 0x00, 0x00, 0x00, 0x00, 0x00, 0x00, 0x00, 0x01, 0x00, 0x00, 0x00, 
    0x00, 0x00, 0x00, 0xa5, 0x50, 0x05, 0x00, 0x55, 0x55, 0x55, 0x55, 0x55, 0x50, 0x00, 0x00, 0x00, 
    0x00, 0x00, 0x00, 0x00, 0x00, 0x00, 0x00, 0x40, 0x00, 0x00, 0x00, 0x00, 0x00, 0x00, 0x00, 0x00, 
    0x00, 0x00, 0x00, 0x00, 0x00, 0x00, 0x00, 0x00, 0x00, 0x00, 0x00, 0x00, 0x00, 0x00, 0x00, 0x00, 
    0x00, 0x00, 0x00, 0x00, 0x00, 0x02, 0xaa, 0xaa, 0x41, 0xaa, 0xaa, 0xaa, 0xaa, 0xaa, 0xa8, 0x6a, 
    0xff, 0xae, 0x00, 0x00, 0x00, 0x00, 0x00, 0x00, 0x05, 0x55, 0x55, 0x40, 0x05, 0x00, 0x00, 0x00, 
    0x00, 0x00, 0x00, 0x55, 0x55, 0x55, 0x55, 0x55, 0x55, 0x50, 0x05, 0x45, 0x55, 0x55, 0x55, 0x55, 
    0x55, 0x55, 0x55, 0x56, 0x95, 0x55, 0x40, 0x05, 0x55, 0x04, 0x00, 0x1b, 0xff, 0xff, 0xff, 0xff, 
    0xff, 0xd0, 0x2f, 0xff, 0xff, 0xff, 0xff, 0xf8, 0xff, 0xf7, 0x1f, 0xf4, 0x07, 0xff, 0xff, 0xff, 
    0xff, 0xff, 0xff, 0xff, 0xff, 0xff, 0xff, 0xff, 0xff, 0xff, 0xff, 0xff, 0xff, 0xff, 0xff, 0xff, 
    0xff, 0xff, 0xfb, 0xff, 0xff, 0xff, 0xff, 0xff, 0xff, 0xff, 0xff, 0xff, 0xfd, 0x00, 0x00, 0x00, 
    0x00, 0x00, 0x00, 0x00, 0x00, 0x00, 0x00, 0x00, 0x00, 0x00, 0x00, 0x00, 0x00, 0x00, 0x00, 0x00, 
    0x00, 0x00, 0x00, 0x00, 0x00, 0x00, 0x00, 0x00, 0x00, 0x00, 0x00, 0x00, 0x00, 0x00, 0x00, 0x00, 
    0x00, 0x00, 0x00, 0x00, 0x00, 0x50, 0x00, 0x00, 0x00, 0x00, 0x00, 0x1a, 0x55, 0x01, 0x40, 0x01, 
    0x55, 0x55, 0x55, 0x55, 0x55, 0x50, 0x00, 0x00, 0x00, 0x00, 0x00, 0x00, 0x00, 0x01, 0x54, 0x00, 
    0x00, 0x00, 0x00, 0x00, 0x00, 0x00, 0x00, 0x00, 0x00, 0x00, 0x00, 0x00, 0x00, 0x00, 0x00, 0x00, 
    0x00, 0x00, 0x00, 0x00, 0x00, 0x00, 0x00, 0x00, 0x00, 0x00, 0x00, 0x00, 0x00, 0x00, 0x6a, 0xaa, 
    0x90, 0xaa, 0xaa, 0xaa, 0xaa, 0xaa, 0xa9, 0x1a, 0xff, 0xdf, 0x00, 0x00, 0x00, 0x00, 0x00, 0x00, 
    0x01, 0x55, 0x51, 0x40, 0x05, 0x00, 0x00, 0x00, 0x00, 0x00, 0x01, 0x55, 0x55, 0x55, 0x55, 0x55, 
    0x55, 0x00, 0x15, 0x15, 0x55, 0x55, 0x55, 0x55, 0x55, 0x55, 0x55, 0x6a, 0x55, 0x55, 0x00, 0x15, 
    0x54, 0x51, 0x50, 0xaf, 0xff, 0xff, 0xff, 0xff, 0xff, 0xe0, 0x4f, 0xff, 0xff, 0xff, 0xff, 0xf8, 
    0x7f, 0xfa, 0xc3, 0xff, 0x41, 0xff, 0xff, 0xff, 0xff, 0xff, 0xff, 0xff, 0xff, 0xff, 0xff, 0xff, 
    0xff, 0xff, 0xff, 0xff, 0xff, 0xff, 0xff, 0xff, 0xff, 0xff, 0xfe, 0xff, 0xff, 0xff, 0xff, 0xff, 
    0xff, 0xff, 0xff, 0xff, 0xfc, 0x00, 0x00, 0x00, 0x00, 0x00, 0x00, 0x00, 0x00, 0x00, 0x00, 0x00, 
    0x00, 0x00, 0x00, 0x00, 0x00, 0x00, 0x00, 0x00, 0x00, 0x00, 0x00, 0x00, 0x00, 0x00, 0x00, 0x00, 
    0x00, 0x00, 0x00, 0x00, 0x00, 0x00, 0x00, 0x00, 0x00, 0x00, 0x00, 0x00, 0x00, 0x05, 0x40, 0x00, 
    0x00, 0x00, 0x00, 0x02, 0x55, 0x50, 0x54, 0x00, 0x01, 0x55, 0x55, 0x55, 0x55, 0x55, 0x55, 0x00, 
    0x00, 0x00, 0x00, 0x00, 0x15, 0x55, 0x00, 0x00, 0x00, 0x00, 0x00, 0x00, 0x00, 0x00, 0x00, 0x00, 
    0x00, 0x00, 0x00, 0x00, 0x00, 0x00, 0x00, 0x00, 0x00, 0x00, 0x00, 0x00, 0x00, 0x00, 0x00, 0x00, 
    0x00, 0x00, 0x00, 0x00, 0x00, 0x00, 0x06, 0xaa, 0xa4, 0x2a, 0xaa, 0xaa, 0xaa, 0xaa, 0xaa, 0x06, 
    0xff, 0xdf, 0x00, 0x00, 0x00, 0x00, 0x00, 0x00, 0x00, 0x55, 0x55, 0x40, 0x04, 0x00, 0x00, 0x00, 
    0x00, 0x00, 0x01, 0x01, 0x55, 0x55, 0x55, 0x55, 0x50, 0x00, 0x54, 0x55, 0x55, 0x55, 0x55, 0x55, 
    0x55, 0x55, 0x55, 0xa9, 0x55, 0x50, 0x01, 0x55, 0x51, 0x15, 0x46, 0xbf, 0xff, 0xff, 0xff, 0xff, 
    0xff, 0xf1, 0x0b, 0xff, 0xff, 0xff, 0xff, 0xfa, 0x1f, 0xfe, 0xf0, 0xff, 0xf8, 0x3f, 0xff, 0xff, 
    0xff, 0xff, 0xff, 0xff, 0xff, 0xff, 0xff, 0xff, 0xff, 0xff, 0xff, 0xff, 0xff, 0xff, 0xff, 0xff, 
    0xff, 0xff, 0xfe, 0xff, 0xff, 0xff, 0xff, 0xff, 0xff, 0xff, 0xff, 0xff, 0xf0, 0x00, 0x00, 0x00, 
    0x00, 0x00, 0x00, 0x00, 0x00, 0x00, 0x00, 0x00, 0x00, 0x00, 0x00, 0x00, 0x00, 0x00, 0x00, 0x00, 
    0x00, 0x00, 0x00, 0x00, 0x00, 0x00, 0x00, 0x00, 0x00, 0x00, 0x00, 0x00, 0x00, 0x00, 0x00, 0x00, 
    0x00, 0x00, 0x00, 0x00, 0x00, 0x00, 0x64, 0x00, 0x00, 0x00, 0x00, 0x00, 0x65, 0x55, 0x05, 0x40, 
    0x00, 0x00, 0x55, 0x55, 0x55, 0x55, 0x55, 0x55, 0x55, 0x55, 0x55, 0x55, 0x55, 0x01, 0x00, 0x00, 
    0x00, 0x00, 0x00, 0x00, 0x00, 0x00, 0x00, 0x00, 0x00, 0x00, 0x00, 0x00, 0x00, 0x00, 0x00, 0x00, 
    0x00, 0x00, 0x00, 0x00, 0x00, 0x00, 0x00, 0x00, 0x00, 0x00, 0x00, 0x00, 0x00, 0x00, 0x00, 0x6a, 
    0xa8, 0x0a, 0xaa, 0xaa, 0xaa, 0xaa, 0xaa, 0x82, 0xff, 0xdf, 0x40, 0x00, 0x00, 0x00, 0x00, 0x00, 
    0x00, 0x15, 0x55, 0x40, 0x10, 0x00, 0x00, 0x00, 0x00, 0x00, 0x00, 0x01, 0x55, 0x55, 0x55, 0x55, 
    0x00, 0x01, 0x51, 0x55, 0x55, 0x55, 0x55, 0x55, 0x55, 0x55, 0x55, 0x95, 0x55, 0x40, 0x15, 0x55, 
    0x54, 0x55, 0x2a, 0xff, 0xff, 0xff, 0xff, 0xff, 0xff, 0xf4, 0x07, 0xff, 0xff, 0xff, 0xff, 0xfe, 
    0x47, 0xff, 0xbd, 0x7f, 0xff, 0x4f, 0xff, 0xff, 0xff, 0xff, 0xff, 0xff, 0xff, 0xff, 0xff, 0xff, 
    0xff, 0xff, 0xff, 0xff, 0xff, 0xff, 0xff, 0xff, 0xff, 0xff, 0xfe, 0xff, 0xff, 0xff, 0xff, 0xff, 
    0xff, 0xff, 0xff, 0xff, 0xe0, 0x00, 0x00, 0x00, 0x00, 0x00, 0x00, 0x00, 0x00, 0x00, 0x00, 0x00, 
    0x00, 0x00, 0x00, 0x00, 0x00, 0x00, 0x00, 0x00, 0x00, 0x00, 0x00, 0x00, 0x00, 0x00, 0x00, 0x00, 
    0x00, 0x00, 0x00, 0x00, 0x00, 0x00, 0x00, 0x00, 0x00, 0x00, 0x00, 0x00, 0x00, 0x00, 0x05, 0x94, 
    0x00, 0x00, 0x00, 0x04, 0x1a, 0x55, 0x41, 0x54, 0x00, 0x00, 0x00, 0x05, 0x55, 0x55, 0x55, 0x55, 
    0x55, 0x55, 0x55, 0x55, 0x00, 0x14, 0x00, 0x00, 0x00, 0x00, 0x00, 0x00, 0x00, 0x00, 0x00, 0x00, 
    0x00, 0x00, 0x00, 0x00, 0x00, 0x00, 0x00, 0x00, 0x00, 0x00, 0x00, 0x00, 0x00, 0x00, 0x00, 0x00, 
    0x00, 0x00, 0x00, 0x00, 0x00, 0x00, 0x00, 0x06, 0xaa, 0x02, 0xaa, 0xaa, 0xaa, 0xaa, 0xaa, 0x90, 
    0xff, 0xeb, 0x40, 0x00, 0x00, 0x00, 0x00, 0x00, 0x00, 0x11, 0x55, 0x40, 0x10, 0x00, 0x00, 0x00, 
    0x00, 0x00, 0x04, 0x05, 0x55, 0x55, 0x55, 0x50, 0x00, 0x05, 0x44, 0x15, 0x55, 0x55, 0x55, 0x55, 
    0x55, 0x55, 0x55, 0x55, 0x55, 0x01, 0x55, 0x54, 0x45, 0x51, 0xab, 0xff, 0xff, 0xff, 0xff, 0xff, 
    0xff, 0xf8, 0x03, 0xff, 0xff, 0xff, 0xff, 0xfe, 0x80, 0xff, 0xef, 0x5f, 0xff, 0xf7, 0xff, 0xff, 
    0xff, 0xff, 0xff, 0xff, 0xff, 0xff, 0xff, 0xff, 0xff, 0xff, 0xff, 0xff, 0xff, 0xff, 0xff, 0xff, 
    0xff, 0xff, 0xff, 0xbf, 0xff, 0xff, 0xff, 0xff, 0xff, 0xff, 0xff, 0xff, 0xc0, 0x00, 0x00, 0x00, 
    0x00, 0x00, 0x00, 0x00, 0x00, 0x00, 0x00, 0x00, 0x00, 0x00, 0x00, 0x00, 0x00, 0x00, 0x00, 0x00, 
    0x00, 0x00, 0x00, 0x00, 0x00, 0x00, 0x00, 0x00, 0x00, 0x00, 0x00, 0x00, 0x00, 0x00, 0x00, 0x00, 
    0x00, 0x00, 0x00, 0x00, 0x00, 0x00, 0x00, 0x1a, 0x95, 0x00, 0x05, 0x50, 0x02, 0xa5, 0x54, 0x55, 
    0x40, 0x00, 0x00, 0x00, 0x00, 0x55, 0x55, 0x55, 0x55, 0x55, 0x50, 0x00, 0x01, 0x50, 0x00, 0x00, 
    0x00, 0x00, 0x00, 0x00, 0x00, 0x00, 0x00, 0x00, 0x00, 0x00, 0x00, 0x00, 0x00, 0x00, 0x00, 0x00, 
    0x00, 0x00, 0x00, 0x00, 0x00, 0x00, 0x00, 0x00, 0x00, 0x00, 0x00, 0x00, 0x00, 0x00, 0x00, 0x00, 
    0x6a, 0x80, 0xaa, 0xaa, 0xaa, 0xaa, 0xaa, 0xa4, 0xff, 0xf7, 0x80, 0x00, 0x00, 0x00, 0x00, 0x00, 
    0x00, 0x00, 0x55, 0x40, 0x00, 0x00, 0x00, 0x00, 0x00, 0x00, 0x00, 0x15, 0x55, 0x55, 0x54, 0x00, 
    0x00, 0x15, 0x00, 0x55, 0x55, 0x55, 0x55, 0x55, 0x55, 0x55, 0x55, 0x55, 0x54, 0x16, 0xa5, 0x51, 
    0x15, 0x46, 0xaf, 0xff, 0xff, 0xff, 0xff, 0xff, 0xff, 0xfc, 0x01, 0xff, 0xff, 0xff, 0xff, 0xff, 
    0x94, 0x2f, 0xff, 0xdb, 0xff, 0xfd, 0xff, 0xff, 0xff, 0xff, 0xff, 0xff, 0xff, 0xff, 0xff, 0xff, 
    0xff, 0xff, 0xff, 0xff, 0xff, 0xff, 0xff, 0xff, 0xff, 0xff, 0xff, 0xbf, 0xff, 0xff, 0xff, 0xff, 
    0xff, 0xff, 0xff, 0xff, 0x40, 0x00, 0x00, 0x00, 0x00, 0x00, 0x00, 0x00, 0x00, 0x00, 0x00, 0x00, 
    0x00, 0x00, 0x00, 0x00, 0x00, 0x00, 0x00, 0x00, 0x00, 0x00, 0x00, 0x00, 0x00, 0x00, 0x00, 0x00, 
    0x00, 0x00, 0x00, 0x00, 0x00, 0x00, 0x00, 0x00, 0x00, 0x00, 0x00, 0x00, 0x00, 0x00, 0x00, 0x00, 
    0x55, 0x55, 0x54, 0x00, 0x00, 0x69, 0x55, 0x05, 0x50, 0x00, 0x00, 0x00, 0x00, 0x00, 0x00, 0x00, 
    0x00, 0x00, 0x00, 0x00, 0x15, 0x00, 0x00, 0x00, 0x00, 0x00, 0x00, 0x00, 0x00, 0x00, 0x00, 0x00, 
    0x00, 0x00, 0x00, 0x00, 0x00, 0x00, 0x00, 0x00, 0x00, 0x00, 0x00, 0x00, 0x00, 0x00, 0x00, 0x00, 
    0x00, 0x00, 0x00, 0x00, 0x00, 0x00, 0x00, 0x00, 0x06, 0xa0, 0x2a, 0xaa, 0xaa, 0xaa, 0xaa, 0xa8, 
    0xff, 0xf7, 0xc0, 0x00, 0x00, 0x00, 0x00, 0x00, 0x00, 0x00, 0x55, 0x40, 0x00, 0x00, 0x00, 0x00, 
    0x00, 0x00, 0x00, 0x55, 0x55, 0x55, 0x40, 0x00, 0x00, 0x54, 0x01, 0x55, 0x55, 0x55, 0x55, 0x55, 
    0x55, 0x55, 0x55, 0x55, 0x50, 0x6a, 0x95, 0x45, 0x54, 0x2a, 0xff, 0xff, 0xff, 0xff, 0xff, 0xff, 
    0xff, 0xfd, 0x00, 0xfe, 0xbf, 0xff, 0xff, 0xff, 0xe6, 0x97, 0xff, 0xf6, 0xff, 0xff, 0xff, 0xff, 
    0xff, 0xff, 0xff, 0xff, 0xff, 0xff, 0xff, 0xff, 0xff, 0xff, 0xff, 0xff, 0xff, 0xff, 0xff, 0xff, 
    0xff, 0xff, 0xff, 0xbf, 0xff, 0xff, 0xff, 0xff, 0xff, 0xff, 0xff, 0xff, 0x00, 0x00, 0x00, 0x00, 
    0x00, 0x00, 0x00, 0x00, 0x00, 0x00, 0x00, 0x00, 0x00, 0x00, 0x00, 0x00, 0x00, 0x00, 0x00, 0x00, 
    0x00, 0x00, 0x00, 0x00, 0x00, 0x00, 0x00, 0x00, 0x00, 0x00, 0x00, 0x00, 0x00, 0x00, 0x00, 0x00, 
    0x00, 0x00, 0x00, 0x00, 0x00, 0x00, 0x00, 0x00, 0x00, 0x00, 0x00, 0x00, 0x00, 0x0a, 0x95, 0x40, 
    0x55, 0x40, 0x00, 0x00, 0x00, 0x00, 0x00, 0x00, 0x00, 0x00, 0x00, 0x01, 0x50, 0x00, 0x00, 0x00, 
    0x00, 0x00, 0x00, 0x00, 0x00, 0x00, 0x00, 0x00, 0x00, 0x00, 0x00, 0x00, 0x00, 0x00, 0x00, 0x00, 
    0x00, 0x00, 0x00, 0x00, 0x00, 0x00, 0x00, 0x00, 0x00, 0x00, 0x00, 0x00, 0x00, 0x00, 0x00, 0x00, 
    0x00, 0xa8, 0x0a, 0xaa, 0xaa, 0xaa, 0xaa, 0xaa, 0xff, 0xf2, 0xd0, 0x00, 0x00, 0x00, 0x00, 0x00, 
    0x00, 0x00, 0x55, 0x40, 0x00, 0x00, 0x00, 0x00, 0x00, 0x00, 0x01, 0x55, 0x55, 0x50, 0x00, 0x00, 
    0x01, 0x40, 0x05, 0x55, 0x55, 0x55, 0x55, 0x55, 0x55, 0x55, 0x55, 0x55, 0x06, 0xa9, 0x54, 0x15, 
    0x41, 0xab, 0xff, 0xff, 0xff, 0xff, 0xff, 0xff, 0xff, 0xfe, 0x00, 0xbf, 0xff, 0xff, 0xff, 0xff, 
    0xe9, 0xa9, 0xbf, 0xfd, 0xbf, 0xff, 0xff, 0xff, 0xff, 0xff, 0xff, 0xff, 0xff, 0xff, 0xff, 0xff, 
    0xff, 0xff, 0xff, 0xff, 0xff, 0xff, 0xff, 0xff, 0xff, 0xff, 0xff, 0xff, 0xff, 0xff, 0xff, 0xff, 
    0xff, 0xff, 0xff, 0xfd, 0x00, 0x00, 0x00, 0x00, 0x00, 0x00, 0x00, 0x00, 0x00, 0x00, 0x00, 0x00, 
    0x00, 0x00, 0x00, 0x00, 0x00, 0x00, 0x00, 0x00, 0x00, 0x00, 0x00, 0x00, 0x00, 0x00, 0x00, 0x00, 
    0x00, 0x00, 0x00, 0x00, 0x00, 0x00, 0x00, 0x00, 0x00, 0x00, 0x00, 0x00, 0x00, 0x00, 0x00, 0x00, 
    0x00, 0x00, 0x00, 0x00, 0x00, 0x01, 0xa9, 0x50, 0x01, 0x55, 0x00, 0x00, 0x00, 0x00, 0x00, 0x00, 
    0x00, 0x00, 0x00, 0x15, 0x00, 0x00, 0x00, 0x00, 0x00, 0x00, 0x00, 0x00, 0x00, 0x00, 0x00, 0x00, 
    0x00, 0x00, 0x00, 0x00, 0x00, 0x00, 0x00, 0x00, 0x00, 0x00, 0x00, 0x00, 0x00, 0x00, 0x00, 0x00, 
    0x00, 0x00, 0x00, 0x00, 0x00, 0x00, 0x00, 0x00, 0x00, 0x06, 0x06, 0xaa, 0xaa, 0xaa, 0xaa, 0xaa, 
    0xff, 0xf1, 0xe0, 0x00, 0x00, 0x00, 0x00, 0x00, 0x00, 0x00, 0x05, 0x50, 0x00, 0x00, 0x00, 0x00, 
    0x00, 0x00, 0x05, 0x55, 0x54, 0x00, 0x00, 0x00, 0x05, 0x00, 0x55, 0x55, 0x55, 0x55, 0x55, 0x55, 
    0x55, 0x55, 0x55, 0x54, 0x56, 0xa5, 0x40, 0x55, 0x06, 0xaf, 0xff, 0xff, 0xff, 0xff, 0xff, 0xff, 
    0xff, 0xff, 0x00, 0x3f, 0xff, 0xff, 0xff, 0xff, 0xfa, 0x6a, 0x9b, 0xff, 0x7f, 0xff, 0xff, 0xff, 
    0xff, 0xff, 0xff, 0xff, 0xff, 0xff, 0xff, 0xff, 0xff, 0xff, 0xff, 0xff, 0xff, 0xff, 0xff, 0xff, 
    0xff, 0xff, 0xff, 0xff, 0xff, 0xff, 0xff, 0xff, 0xff, 0xff, 0xff, 0xfc, 0x00, 0x00, 0x00, 0x00, 
    0x00, 0x00, 0x00, 0x00, 0x00, 0x00, 0x00, 0x00, 0x00, 0x00, 0x00, 0x00, 0x00, 0x00, 0x00, 0x00, 
    0x00, 0x00, 0x00, 0x00, 0x00, 0x00, 0x00, 0x00, 0x00, 0x00, 0x00, 0x00, 0x00, 0x00, 0x00, 0x00, 
    0x00, 0x00, 0x00, 0x00, 0x00, 0x00, 0x00, 0x00, 0x00, 0x00, 0x00, 0x00, 0x00, 0x00, 0x6a, 0x94, 
    0x00, 0x01, 0x55, 0x00, 0x00, 0x00, 0x00, 0x00, 0x00, 0x00, 0x15, 0x40, 0x00, 0x00, 0x00, 0x00, 
    0x00, 0x00, 0x00, 0x00, 0x00, 0x00, 0x00, 0x00, 0x00, 0x00, 0x00, 0x00, 0x00, 0x00, 0x00, 0x00, 
    0x00, 0x00, 0x00, 0x00, 0x00, 0x00, 0x00, 0x00, 0x00, 0x00, 0x00, 0x00, 0x00, 0x00, 0x00, 0x00, 
    0x00, 0x00, 0x41, 0xaa, 0xaa, 0xaa, 0xaa, 0xaa, 0xff, 0xf2, 0xa0, 0x00, 0x00, 0x00, 0x00, 0x00, 
    0x00, 0x00, 0x05, 0x54, 0x00, 0x00, 0x00, 0x00, 0x00, 0x00, 0x15, 0x55, 0x00, 0x00, 0x00, 0x00, 
    0x14, 0x01, 0x55, 0x55, 0x55, 0x55, 0x55, 0x55, 0x55, 0x55, 0x55, 0x45, 0x56, 0x55, 0x05, 0x50, 
    0x2a, 0xbf, 0xff, 0xff, 0xff, 0xff, 0xff, 0xff, 0xff, 0xff, 0x80, 0x3f, 0xff, 0xff, 0xff, 0xff, 
    0xfe, 0x9a, 0xa9, 0xff, 0xdf, 0xff, 0xff, 0xff, 0xff, 0xff, 0xff, 0xff, 0xff, 0xff, 0xff, 0xff, 
    0xff, 0xff, 0xff, 0xff, 0xff, 0xff, 0xff, 0xff, 0xff, 0xff, 0xff, 0xff, 0xff, 0xff, 0xff, 0xff, 
    0xff, 0xff, 0xff, 0xf4, 0x00, 0x00, 0x00, 0x00, 0x00, 0x00, 0x00, 0x00, 0x00, 0x00, 0x00, 0x00, 
    0x00, 0x00, 0x00, 0x00, 0x00, 0x00, 0x00, 0x00, 0x00, 0x00, 0x00, 0x00, 0x00, 0x00, 0x00, 0x00, 
    0x00, 0x00, 0x00, 0x00, 0x00, 0x00, 0x00, 0x00, 0x00, 0x00, 0x00, 0x00, 0x00, 0x00, 0x00, 0x00, 
    0x00, 0x00, 0x00, 0x00, 0x00, 0x00, 0x06, 0xa9, 0x40, 0x00, 0x05, 0x55, 0x40, 0x00, 0x00, 0x00, 
    0x00, 0x55, 0x54, 0x00, 0x00, 0x00, 0x00, 0x00, 0x00, 0x00, 0x00, 0x00, 0x00, 0x00, 0x00, 0x00, 
    0x00, 0x00, 0x00, 0x00, 0x00, 0x00, 0x00, 0x00, 0x00, 0x00, 0x00, 0x00, 0x00, 0x00, 0x00, 0x00, 
    0x00, 0x00, 0x00, 0x00, 0x00, 0x00, 0x00, 0x00, 0x00, 0x00, 0x00, 0x6a, 0xaa, 0xaa, 0xaa, 0xaa, 
    0xff, 0xf3, 0x70, 0x00, 0x00, 0x00, 0x00, 0x00, 0x00, 0x00, 0x05, 0x50, 0x00, 0x00, 0x00, 0x00, 
    0x00, 0x00, 0x15, 0x50, 0x00, 0x00, 0x00, 0x00, 0x50, 0x05, 0x15, 0x55, 0x55, 0x55, 0x55, 0x55, 
    0x55, 0x55, 0x54, 0x15, 0x55, 0x50, 0x15, 0x40, 0xaa, 0xff, 0xff, 0xff, 0xff, 0xff, 0xff, 0xff, 
    0xff, 0xff, 0xc0, 0x1f, 0xfe, 0xef, 0xff, 0xff, 0xff, 0xaa, 0xaf, 0xbf, 0xfb, 0xff, 0xff, 0xff, 
    0xff, 0xff, 0xff, 0xff, 0xff, 0xff, 0xff, 0xff, 0xff, 0xff, 0xff, 0xff, 0xff, 0xff, 0xff, 0xff, 
    0xff, 0xff, 0xff, 0xff, 0xff, 0xff, 0xff, 0xff, 0xff, 0xff, 0xff, 0xe0, 0x00, 0x00, 0x00, 0x00, 
    0x00, 0x00, 0x00, 0x00, 0x00, 0x00, 0x00, 0x00, 0x00, 0x00, 0x00, 0x00, 0x00, 0x00, 0x00, 0x00, 
    0x00, 0x00, 0x00, 0x00, 0x00, 0x00, 0x00, 0x00, 0x00, 0x00, 0x00, 0x00, 0x00, 0x00, 0x00, 0x00, 
    0x00, 0x00, 0x00, 0x00, 0x00, 0x00, 0x00, 0x00, 0x00, 0x00, 0x00, 0x00, 0x00, 0x00, 0x00, 0xaa, 
    0x90, 0x00, 0x00, 0x01, 0x55, 0x55, 0x55, 0x55, 0x55, 0x54, 0x00, 0x00, 0x00, 0x00, 0x00, 0x00, 
    0x00, 0x00, 0x00, 0x00, 0x00, 0x00, 0x00, 0x00, 0x00, 0x00, 0x00, 0x00, 0x00, 0x00, 0x00, 0x00, 
    0x00, 0x00, 0x00, 0x00, 0x00, 0x00, 0x00, 0x00, 0x00, 0x00, 0x00, 0x00, 0x00, 0x00, 0x00, 0x00, 
    0x00, 0x00, 0x00, 0x1a, 0xaa, 0xaa, 0xaa, 0xaa, 0xff, 0xf3, 0xa8, 0x00, 0x00, 0x00, 0x00, 0x00, 
    0x00, 0x00, 0x05, 0x50, 0x00, 0x00, 0x00, 0x00, 0x00, 0x00, 0x55, 0x00, 0x00, 0x00, 0x00, 0x01, 
    0x40, 0x00, 0x01, 0x55, 0x55, 0x55, 0x55, 0x55, 0x55, 0x55, 0x51, 0x55, 0x55, 0x41, 0x54, 0x06, 
    0xab, 0xff, 0xff, 0xff, 0xff, 0xff, 0xff, 0xff, 0xff, 0xff, 0xd1, 0x0f, 0xfa, 0xff, 0xff, 0xff, 
    0xff, 0xea, 0xaa, 0xff, 0xff, 0xff, 0xff, 0xff, 0xff, 0xff, 0xff, 0xff, 0xff, 0xff, 0xff, 0xff, 
    0xff, 0xff, 0xff, 0xff, 0xff, 0xff, 0xff, 0xff, 0xff, 0xff, 0xff, 0xff, 0xff, 0xff, 0xff, 0xff, 
    0xff, 0xff, 0xff, 0xd0, 0x00, 0x00, 0x00, 0x00, 0x00, 0x00, 0x00, 0x00, 0x00, 0x00, 0x00, 0x00, 
    0x00, 0x00, 0x00, 0x00, 0x00, 0x00, 0x00, 0x00, 0x00, 0x00, 0x00, 0x00, 0x00, 0x00, 0x00, 0x00, 
    0x00, 0x00, 0x00, 0x00, 0x00, 0x00, 0x00, 0x00, 0x00, 0x00, 0x00, 0x00, 0x00, 0x00, 0x00, 0x00, 
    0x00, 0x00, 0x00, 0x00, 0x00, 0x00, 0x00, 0x1a, 0xa5, 0x00, 0x00, 0x00, 0x00, 0x00, 0x00, 0x00, 
    0x50, 0x00, 0x00, 0x00, 0x00, 0x00, 0x00, 0x00, 0x00, 0x00, 0x00, 0x00, 0x00, 0x00, 0x00, 0x00, 
    0x00, 0x00, 0x00, 0x00, 0x00, 0x00, 0x00, 0x00, 0x00, 0x00, 0x00, 0x00, 0x00, 0x00, 0x00, 0x00, 
    0x00, 0x00, 0x00, 0x00, 0x00, 0x00, 0x00, 0x00, 0x00, 0x00, 0x00, 0x06, 0xaa, 0xaa, 0xaa, 0xaa, 
    0xff, 0xf3, 0xd8, 0x00, 0x00, 0x00, 0x00, 0x00, 0x00, 0x00, 0x05, 0x50, 0x00, 0x00, 0x00, 0x00, 
    0x00, 0x01, 0x50, 0x00, 0x00, 0x00, 0x00, 0x01, 0x00, 0x00, 0x00, 0x55, 0x55, 0x55, 0x55, 0x55, 
    0x55, 0x55, 0x15, 0x55, 0x54, 0x05, 0x40, 0x2a, 0xaf, 0xff, 0xff, 0xff, 0xff, 0xff, 0xff, 0xff, 
    0xff, 0xff, 0xe0, 0x0b, 0xff, 0xff, 0xff, 0xff, 0xff, 0xfa, 0xaa, 0xff, 0xff, 0xff, 0xff, 0xff, 
    0xff, 0xff, 0xff, 0xff, 0xff, 0xff, 0xff, 0xff, 0xff, 0xff, 0xff, 0xff, 0xff, 0xff, 0xff, 0xff, 
    0xff, 0xff, 0xff, 0xff, 0xff, 0xff, 0xff, 0xff, 0xff, 0xff, 0xff, 0x80, 0x00, 0x00, 0x00, 0x00, 
    0x00, 0x00, 0x00, 0x00, 0x00, 0x00, 0x00, 0x00, 0x00, 0x00, 0x00, 0x00, 0x00, 0x01, 0x00, 0x00, 
    0x00, 0x00, 0x00, 0x00, 0x00, 0x00, 0x00, 0x00, 0x00, 0x00, 0x00, 0x00, 0x00, 0x00, 0x00, 0x00, 
    0x00, 0x00, 0x00, 0x00, 0x00, 0x00, 0x00, 0x00, 0x00, 0x00, 0x00, 0x00, 0x00, 0x00, 0x00, 0x02, 
    0xaa, 0x40, 0x00, 0x00, 0x00, 0x00, 0x00, 0x00, 0x00, 0x00, 0x00, 0x00, 0x00, 0x00, 0x00, 0x00, 
    0x00, 0x00, 0x00, 0x00, 0x00, 0x00, 0x00, 0x00, 0x00, 0x00, 0x00, 0x00, 0x00, 0x00, 0x00, 0x00, 
    0x00, 0x00, 0x00, 0x00, 0x00, 0x00, 0x00, 0x00, 0x00, 0x00, 0x00, 0x00, 0x00, 0x00, 0x00, 0x00, 
    0x00, 0x00, 0x00, 0x01, 0xaa, 0xaa, 0xaa, 0xaa, 0xff, 0xe3, 0xe9, 0x00, 0x00, 0x00, 0x00, 0x00, 
    0x00, 0x00, 0x05, 0x50, 0x00, 0x00, 0x00, 0x00, 0x00, 0x05, 0x00, 0x00, 0x00, 0x00, 0x00, 0x00, 
    0x00, 0x00, 0x00, 0x15, 0x55, 0x55, 0x55, 0x55, 0x55, 0x55, 0x55, 0x55, 0x40, 0x55, 0x00, 0xaa, 
    0xbf, 0xff, 0xff, 0xff, 0xff, 0xff, 0xff, 0xff, 0xff, 0xff, 0xf0, 0x03, 0xff, 0xff, 0xff, 0xff, 
    0xff, 0xfe, 0xab, 0xff, 0xff, 0xff, 0xff, 0xff, 0xff, 0xff, 0xff, 0xff, 0xff, 0xff, 0xff, 0xff, 
    0xff, 0xff, 0xff, 0xff, 0xff, 0xff, 0xff, 0xff, 0xff, 0xff, 0xff, 0xeb, 0xff, 0xff, 0xff, 0xff, 
    0xff, 0xff, 0xff, 0x00, 0x00, 0x00, 0x00, 0x00, 0x00, 0x00, 0x00, 0x00, 0x00, 0x00, 0x00, 0x00, 
    0x00, 0x00, 0x00, 0x00, 0x00, 0x02, 0x00, 0x00, 0x00, 0x00, 0x00, 0x00, 0x00, 0x00, 0x00, 0x00, 
    0x00, 0x00, 0x00, 0x00, 0x00, 0x00, 0x00, 0x00, 0x00, 0x00, 0x00, 0x00, 0x00, 0x00, 0x00, 0x00, 
    0x00, 0x00, 0x00, 0x00, 0x00, 0x00, 0x00, 0x00, 0x2a, 0xa4, 0x00, 0x00, 0x00, 0x00, 0x00, 0x00, 
    0x00, 0x00, 0x00, 0x00, 0x00, 0x00, 0x00, 0x00, 0x00, 0x00, 0x00, 0x00, 0x00, 0x00, 0x00, 0x00, 
    0x00, 0x00, 0x00, 0x00, 0x00, 0x00, 0x00, 0x00, 0x00, 0x00, 0x00, 0x00, 0x00, 0x00, 0x00, 0x00, 
    0x00, 0x00, 0x00, 0x00, 0x00, 0x00, 0x00, 0x00, 0x00, 0x00, 0x00, 0x00, 0x6a, 0xaa, 0xaa, 0xaa, 
    0xff, 0xf3, 0xf6, 0x00, 0x00, 0x00, 0x00, 0x00, 0x00, 0x00, 0x05, 0x40, 0x00, 0x00, 0x00, 0x00, 
    0x00, 0x00, 0x00, 0x00, 0x00, 0x00, 0x00, 0x00, 0x00, 0x00, 0x00, 0x01, 0x55, 0x55, 0x55, 0x55, 
    0x55, 0x55, 0x55, 0x55, 0x01, 0x40, 0x06, 0xaa, 0xff, 0xff, 0xff, 0xff, 0xff, 0xff, 0xff, 0xff, 
    0xff, 0xff, 0xf8, 0x42, 0xff, 0xff, 0xff, 0xff, 0xff, 0xff, 0xab, 0xff, 0xff, 0xff, 0xff, 0xff, 
    0xff, 0xff, 0xff, 0xff, 0xff, 0xff, 0xff, 0xff, 0xff, 0xff, 0xff, 0xff, 0xff, 0xff, 0xff, 0xff, 
    0xff, 0xff, 0xff, 0xeb, 0xff, 0xff, 0xff, 0xff, 0xff, 0xff, 0xfe, 0x00, 0x00, 0x00, 0x00, 0x00, 
    0x00, 0x00, 0x00, 0x00, 0x00, 0x00, 0x00, 0x00, 0x00, 0x00, 0x00, 0x00, 0x00, 0x02, 0x80, 0x00, 
    0x00, 0x00, 0x00, 0x00, 0x00, 0x00, 0x00, 0x00, 0x00, 0x00, 0x00, 0x00, 0x00, 0x00, 0x00, 0x00, 
    0x00, 0x00, 0x00, 0x00, 0x00, 0x00, 0x00, 0x00, 0x00, 0x00, 0x00, 0x00, 0x00, 0x00, 0x00, 0x00, 
    0x06, 0xaa, 0x00, 0x00, 0x00, 0x00, 0x00, 0x00, 0x00, 0x00, 0x00, 0x00, 0x00, 0x00, 0x00, 0x00, 
    0x00, 0x00, 0x00, 0x00, 0x00, 0x00, 0x00, 0x00, 0x00, 0x00, 0x00, 0x00, 0x00, 0x00, 0x00, 0x00, 
    0x00, 0x00, 0x00, 0x00, 0x00, 0x00, 0x00, 0x00, 0x00, 0x00, 0x00, 0x00, 0x00, 0x00, 0x00, 0x00, 
    0x00, 0x00, 0x00, 0x00, 0x1a, 0xaa, 0xaa, 0xaa, 0xff, 0xf3, 0xfa, 0x00, 0x00, 0x00, 0x00, 0x00, 
    0x00, 0x00, 0x05, 0x40, 0x00, 0x00, 0x00, 0x00, 0x00, 0x00, 0x00, 0x00, 0x00, 0x00, 0x00, 0x00, 
    0x00, 0x00, 0x00, 0x00, 0x55, 0x55, 0x55, 0x55, 0x55, 0x55, 0x55, 0x50, 0x14, 0x00, 0x2a, 0xaf, 
    0xff, 0xff, 0xff, 0xff, 0xff, 0xff, 0xff, 0xff, 0xff, 0xff, 0xfc, 0x00, 0xaa, 0xaa, 0xab, 0xff, 
    0xff, 0xff, 0xef, 0xff, 0xff, 0xff, 0xff, 0xff, 0xff, 0xff, 0xff, 0xff, 0xff, 0xff, 0xff, 0xff, 
    0xff, 0xff, 0xff, 0xff, 0xff, 0xff, 0xff, 0xff, 0xff, 0xff, 0xff, 0xe7, 0xff, 0xff, 0xff, 0xff, 
    0xff, 0xff, 0xfc, 0x00, 0x00, 0x00, 0x00, 0x00, 0x00, 0x00, 0x00, 0x00, 0x00, 0x00, 0x00, 0x00, 
    0x00, 0x00, 0x00, 0x00, 0x00, 0x02, 0x90, 0x00, 0x00, 0x00, 0x00, 0x00, 0x00, 0x00, 0x00, 0x00, 
    0x00, 0x00, 0x00, 0x00, 0x00, 0x00, 0x00, 0x00, 0x00, 0x00, 0x00, 0x00, 0x00, 0x00, 0x00, 0x00, 
    0x00, 0x00, 0x00, 0x00, 0x00, 0x00, 0x00, 0x00, 0x00, 0x6a, 0x90, 0x00, 0x00, 0x00, 0x00, 0x00, 
    0x00, 0x00, 0x00, 0x00, 0x00, 0x00, 0x00, 0x00, 0x00, 0x00, 0x00, 0x00, 0x00, 0x00, 0x00, 0x00, 
    0x00, 0x00, 0x00, 0x00, 0x00, 0x00, 0x00, 0x00, 0x00, 0x00, 0x00, 0x00, 0x00, 0x00, 0x00, 0x00, 
    0x00, 0x00, 0x00, 0x00, 0x00, 0x00, 0x00, 0x00, 0x00, 0x00, 0x00, 0x00, 0x0a, 0xaa, 0xaa, 0xaa, 
    0xff, 0xf3, 0xfe, 0x40, 0x00, 0x00, 0x00, 0x00, 0x00, 0x00, 0x05, 0x40, 0x00, 0x00, 0x00, 0x00, 
    0x00, 0x00, 0x00, 0x00, 0x00, 0x00, 0x00, 0x00, 0x00, 0x00, 0x00, 0x00, 0x15, 0x55, 0x55, 0x55, 
    0x55, 0x55, 0x55, 0x00, 0x40, 0x00, 0xaa, 0xbf, 0xff, 0xff, 0xff, 0xff, 0xff, 0xff, 0xfa, 0xa9, 
    0x55, 0x55, 0x54, 0x00, 0x55, 0x55, 0x55, 0x55, 0x55, 0x6a, 0xbf, 0xff, 0xff, 0xff, 0xff, 0xff, 
    0xff, 0xff, 0xff, 0xff, 0xff, 0xff, 0xff, 0xff, 0xff, 0xff, 0xff, 0xff, 0xff, 0xff, 0xff, 0xff, 
    0xff, 0xff, 0xff, 0xd7, 0xff, 0xff, 0xff, 0xff, 0xff, 0xff, 0xf8, 0x00, 0x00, 0x00, 0x00, 0x00, 
    0x00, 0x00, 0x00, 0x00, 0x00, 0x00, 0x00, 0x00, 0x00, 0x00, 0x00, 0x00, 0x00, 0x02, 0xa0, 0x00, 
    0x00, 0x00, 0x00, 0x00, 0x00, 0x00, 0x00, 0x00, 0x00, 0x00, 0x00, 0x00, 0x00, 0x00, 0x00, 0x00, 
    0x00, 0x00, 0x00, 0x00, 0x00, 0x00, 0x00, 0x00, 0x00, 0x00, 0x00, 0x00, 0x00, 0x00, 0x00, 0x00, 
    0x00, 0x06, 0xa9, 0x00, 0x00, 0x00, 0x00, 0x00, 0x00, 0x00, 0x00, 0x00, 0x00, 0x00, 0x00, 0x00, 
    0x00, 0x00, 0x00, 0x00, 0x00, 0x00, 0x00, 0x00, 0x00, 0x00, 0x00, 0x00, 0x00, 0x00, 0x00, 0x00, 
    0x00, 0x00, 0x00, 0x00, 0x00, 0x00, 0x00, 0x00, 0x00, 0x00, 0x00, 0x00, 0x00, 0x00, 0x00, 0x00, 
    0x00, 0x00, 0x00, 0x00, 0x02, 0xaa, 0xaa, 0xaa, 0xff, 0xf3, 0xff, 0x40, 0x00, 0x00, 0x00, 0x00, 
    0x00, 0x00, 0x01, 0x40, 0x00, 0x00, 0x00, 0x00, 0x00, 0x00, 0x00, 0x00, 0x00, 0x00, 0x00, 0x00, 
    0x00, 0x00, 0x00, 0x00, 0x05, 0x55, 0x55, 0x55, 0x55, 0x55, 0x54, 0x00, 0x00, 0x06, 0xaa, 0xff, 
    0xff, 0xff, 0xff, 0xff, 0xa5, 0x40, 0x00, 0x01, 0x55, 0x55, 0x55, 0x00, 0x15, 0x55, 0x55, 0x55, 
    0x55, 0x40, 0x00, 0x5a, 0xff, 0xff, 0xff, 0xff, 0xff, 0xff, 0xff, 0xff, 0xff, 0xff, 0xff, 0xff, 
    0xff, 0xff, 0xff, 0xff, 0xff, 0xff, 0xff, 0xff, 0xff, 0xff, 0xff, 0xd7, 0xff, 0xff, 0xff, 0xff, 
    0xff, 0xff, 0xf0, 0x00, 0x00, 0x00, 0x00, 0x00, 0x00, 0x00, 0x00, 0x00, 0x00, 0x00, 0x00, 0x00, 
    0x00, 0x00, 0x00, 0x00, 0x00, 0x02, 0xa4, 0x00, 0x00, 0x00, 0x00, 0x00, 0x00, 0x00, 0x00, 0x00, 
    0x00, 0x00, 0x00, 0x00, 0x00, 0x00, 0x00, 0x00, 0x00, 0x00, 0x00, 0x00, 0x00, 0x00, 0x00, 0x00, 
    0x00, 0x00, 0x00, 0x00, 0x00, 0x00, 0x00, 0x00, 0x00, 0x00, 0x6a, 0x90, 0x00, 0x00, 0x00, 0x00, 
    0x00, 0x00, 0x00, 0x00, 0x00, 0x00, 0x00, 0x00, 0x00, 0x00, 0x00, 0x40, 0x00, 0x00, 0x00, 0x00, 
    0x00, 0x00, 0x00, 0x00, 0x00, 0x00, 0x00, 0x00, 0x00, 0x00, 0x00, 0x00, 0x00, 0x00, 0x00, 0x00, 
    0x00, 0x00, 0x00, 0x00, 0x00, 0x00, 0x00, 0x00, 0x00, 0x00, 0x00, 0x00, 0x00, 0xaa, 0xaa, 0xaa, 
    0xff, 0xf3, 0xff, 0x80, 0x00, 0x00, 0x00, 0x00, 0x00, 0x00, 0x01, 0x00, 0x00, 0x00, 0x00, 0x00, 
    0x00, 0x00, 0x00, 0x00, 0x00, 0x00, 0x00, 0x00, 0x00, 0x00, 0x00, 0x00, 0x01, 0x55, 0x55, 0x55, 
    0x55, 0x55, 0x40, 0x00, 0x00, 0x1a, 0xaa, 0xbf, 0xea, 0xaa, 0x54, 0x00, 0x00, 0x01, 0x55, 0x55, 
    0x55, 0x55, 0x55, 0x40, 0x15, 0x55, 0x00, 0x15, 0x55, 0x55, 0x50, 0x00, 0x06, 0xbf, 0xff, 0xff, 
    0xff, 0xff, 0xff, 0xff, 0xff, 0xff, 0xff, 0xff, 0xff, 0xff, 0xff, 0xff, 0xff, 0xff, 0xff, 0xff, 
    0xff, 0xff, 0xff, 0xcb, 0xff, 0xff, 0xff, 0xff, 0xff, 0xff, 0xe0, 0x00, 0x00, 0x00, 0x00, 0x00, 
    0x00, 0x00, 0x00, 0x00, 0x00, 0x00, 0x00, 0x00, 0x00, 0x00, 0x00, 0x00, 0x00, 0x02, 0xa8, 0x00, 
    0x00, 0x00, 0x00, 0x00, 0x00, 0x00, 0x00, 0x00, 0x00, 0x00, 0x00, 0x00, 0x00, 0x00, 0x00, 0x00, 
    0x00, 0x00, 0x00, 0x00, 0x00, 0x00, 0x00, 0x00, 0x00, 0x00, 0x00, 0x00, 0x00, 0x00, 0x00, 0x00, 
    0x00, 0x00, 0x06, 0xa9, 0x00, 0x00, 0x00, 0x00, 0x00, 0x00, 0x00, 0x00, 0x00, 0x00, 0x00, 0x00, 
    0x00, 0x00, 0x00, 0x00, 0x00, 0x00, 0x00, 0x00, 0x00, 0x00, 0x00, 0x00, 0x00, 0x00, 0x00, 0x00, 
    0x00, 0x00, 0x00, 0x00, 0x00, 0x00, 0x00, 0x00, 0x00, 0x00, 0x00, 0x00, 0x00, 0x00, 0x00, 0x00, 
    0x00, 0x00, 0x00, 0x00, 0x00, 0x2a, 0xaa, 0xaa, 0xff, 0xf3, 0xff, 0xd0, 0x00, 0x00, 0x00, 0x00, 
    0x00, 0x00, 0x01, 0x00, 0x00, 0x00, 0x00, 0x00, 0x00, 0x00, 0x00, 0x00, 0x00, 0x00, 0x00, 0x00, 
    0x00, 0x00, 0x00, 0x00, 0x00, 0x55, 0x55, 0x55, 0x55, 0x54, 0x00, 0x00, 0x00, 0xaa, 0xaa, 0xaa, 
    0xa5, 0x00, 0x00, 0x00, 0x00, 0x00, 0x00, 0x00, 0x00, 0x01, 0x55, 0x40, 0x05, 0x56, 0xbf, 0xff, 
    0xff, 0xff, 0xff, 0xfe, 0x55, 0x01, 0xff, 0xff, 0xff, 0xff, 0xff, 0xff, 0xff, 0xff, 0xff, 0xff, 
    0xff, 0xff, 0xff, 0xff, 0xff, 0xff, 0xff, 0xff, 0xff, 0xff, 0xff, 0xff, 0xff, 0xff, 0xff, 0xff, 
    0xff, 0xff, 0xc0, 0x00, 0x00, 0x00, 0x00, 0x00, 0x00, 0x00, 0x00, 0x00, 0x00, 0x00, 0x00, 0x00, 
    0x00, 0x00, 0x00, 0x00, 0x00, 0x02, 0xaa, 0x00, 0x00, 0x00, 0x00, 0x00, 0x00, 0x00, 0x00, 0x00, 
    0x00, 0x00, 0x00, 0x00, 0x00, 0x00, 0x00, 0x00, 0x00, 0x00, 0x00, 0x00, 0x00, 0x00, 0x00, 0x00, 
    0x00, 0x00, 0x00, 0x00, 0x00, 0x00, 0x00, 0x00, 0x00, 0x00, 0x00, 0x6a, 0x90, 0x00, 0x00, 0x00, 
    0x00, 0x00, 0x00, 0x00, 0x00, 0x00, 0x00, 0x00, 0x00, 0x00, 0x00, 0x00, 0x00, 0x00, 0x00, 0x00, 
    0x00, 0x00, 0x00, 0x00, 0x00, 0x00, 0x00, 0x00, 0x00, 0x00, 0x00, 0x00, 0x00, 0x00, 0x00, 0x00, 
    0x00, 0x00, 0x00, 0x00, 0x00, 0x00, 0x00, 0x00, 0x00, 0x00, 0x00, 0x00, 0x00, 0x0a, 0xaa, 0xaa, 
    0xff, 0xf2, 0xff, 0xa0, 0x00, 0x00, 0x00, 0x00, 0x00, 0x00, 0x01, 0x00, 0x00, 0x00, 0x00, 0x00, 
    0x00, 0x00, 0x00, 0x00, 0x00, 0x00, 0x00, 0x00, 0x00, 0x00, 0x00, 0x00, 0x00, 0x15, 0x54, 0x55, 
    0x55, 0x40, 0x00, 0x00, 0x06, 0xaa, 0xa5, 0x40, 0x00, 0x00, 0x00, 0x00, 0x00, 0x00, 0x00, 0x00, 
    0x00, 0x00, 0x01, 0x60, 0x0b, 0xff, 0xff, 0xff, 0xff, 0xff, 0xff, 0xff, 0xff, 0xfe, 0x46, 0xff, 
    0xff, 0xff, 0xff, 0xff, 0xff, 0xff, 0xff, 0xff, 0xff, 0xff, 0xff, 0xff, 0xff, 0xff, 0xff, 0xff, 
    0xff, 0xff, 0xff, 0xff, 0xff, 0xff, 0xff, 0xff, 0xff, 0xff, 0x80, 0x00, 0x00, 0x00, 0x00, 0x00, 
    0x00, 0x00, 0x00, 0x00, 0x00, 0x00, 0x00, 0x00, 0x00, 0x00, 0x00, 0x00, 0x00, 0x02, 0xaa, 0x40, 
    0x00, 0x00, 0x00, 0x00, 0x00, 0x00, 0x00, 0x00, 0x00, 0x00, 0x00, 0x00, 0x00, 0x00, 0x00, 0x00, 
    0x00, 0x00, 0x00, 0x00, 0x00, 0x00, 0x00, 0x00, 0x00, 0x00, 0x00, 0x00, 0x00, 0x00, 0x00, 0x00, 
    0x00, 0x00, 0x00, 0x06, 0xa9, 0x00, 0x00, 0x00, 0x00, 0x00, 0x00, 0x00, 0x00, 0x00, 0x00, 0x00, 
    0x00, 0x00, 0x00, 0x00, 0x00, 0x00, 0x00, 0x00, 0x00, 0x00, 0x00, 0x00, 0x00, 0x00, 0x00, 0x00, 
    0x00, 0x00, 0x00, 0x00, 0x00, 0x00, 0x00, 0x00, 0x00, 0x00, 0x00, 0x00, 0x00, 0x00, 0x00, 0x00, 
    0x00, 0x00, 0x00, 0x00, 0x00, 0x02, 0xaa, 0xaa, 0xff, 0xf2, 0xff, 0x44, 0x00, 0x00, 0x00, 0x00, 
    0x00, 0x00, 0x01, 0x00, 0x00, 0x00, 0x00, 0x00, 0x00, 0x00, 0x00, 0x00, 0x00, 0x00, 0x00, 0x00, 
    0x00, 0x00, 0x00, 0x00, 0x00, 0x15, 0x41, 0x55, 0x54, 0x00, 0x00, 0x00, 0x2a, 0x50, 0x00, 0x00, 
    0x00, 0x00, 0x00, 0x00, 0x00, 0x00, 0x00, 0x00, 0x00, 0x1a, 0xff, 0xf4, 0x13, 0xff, 0xff, 0xff, 
    0xff, 0xff, 0xff, 0xff, 0xff, 0xff, 0xfd, 0x5f, 0xff, 0xff, 0xff, 0xff, 0xff, 0xff, 0xff, 0xff, 
    0xff, 0xff, 0xff, 0xff, 0xff, 0xff, 0xff, 0xff, 0xff, 0xff, 0xff, 0xff, 0xff, 0xff, 0xff, 0xff, 
    0xff, 0xff, 0x00, 0x00, 0x00, 0x00, 0x00, 0x00, 0x00, 0x00, 0x00, 0x00, 0x00, 0x00, 0x00, 0x00, 
    0x00, 0x00, 0x00, 0x00, 0x00, 0x01, 0xaa, 0x90, 0x00, 0x00, 0x00, 0x00, 0x00, 0x00, 0x00, 0x00, 
    0x00, 0x00, 0x00, 0x00, 0x00, 0x00, 0x00, 0x00, 0x00, 0x00, 0x00, 0x00, 0x00, 0x00, 0x00, 0x00, 
    0x00, 0x00, 0x00, 0x00, 0x00, 0x00, 0x00, 0x00, 0x00, 0x00, 0x00, 0x00, 0x6a, 0x90, 0x00, 0x00, 
    0x00, 0x00, 0x00, 0x00, 0x00, 0x00, 0x00, 0x00, 0x00, 0x00, 0x00, 0x00, 0x00, 0x00, 0x00, 0x00, 
    0x00, 0x00, 0x00, 0x00, 0x00, 0x00, 0x00, 0x00, 0x00, 0x00, 0x00, 0x00, 0x00, 0x00, 0x00, 0x00, 
    0x00, 0x00, 0x00, 0x00, 0x00, 0x00, 0x00, 0x00, 0x00, 0x00, 0x00, 0x00, 0x00, 0x00, 0xaa, 0xaa, 
    0xff, 0xf6, 0xff, 0x00, 0x00, 0x00, 0x00, 0x00, 0x00, 0x00, 0x01, 0x00, 0x00, 0x00, 0x00, 0x00, 
    0x00, 0x00, 0x00, 0x00, 0x00, 0x00, 0x00, 0x00, 0x00, 0x00, 0x00, 0x00, 0x00, 0x00, 0x15, 0x55, 
    0x40, 0x00, 0x00, 0x00, 0x00, 0x00, 0x00, 0x00, 0x00, 0x00, 0x00, 0x00, 0x00, 0x00, 0x00, 0x00, 
    0x6f, 0xff, 0xff, 0xfc, 0x46, 0xff, 0xff, 0xff, 0xff, 0xff, 0xff, 0xff, 0xff, 0xff, 0xff, 0xe5, 
    0xff, 0xff, 0xff, 0xff, 0xff, 0xff, 0xff, 0xff, 0xff, 0xff, 0xff, 0xff, 0xff, 0xff, 0xff, 0xff, 
    0xff, 0xff, 0xff, 0xff, 0xff, 0xff, 0xff, 0xff, 0xff, 0xfe, 0x00, 0x00, 0x00, 0x00, 0x00, 0x00, 
    0x00, 0x00, 0x00, 0x00, 0x00, 0x00, 0x00, 0x00, 0x00, 0x00, 0x00, 0x00, 0x00, 0x00, 0x6a, 0xa0, 
    0x00, 0x00, 0x00, 0x00, 0x00, 0x00, 0x00, 0x00, 0x00, 0x00, 0x00, 0x00, 0x00, 0x00, 0x00, 0x00, 
    0x00, 0x00, 0x00, 0x00, 0x00, 0x00, 0x00, 0x00, 0x00, 0x00, 0x00, 0x00, 0x00, 0x00, 0x00, 0x00, 
    0x00, 0x00, 0x00, 0x00, 0x06, 0xa9, 0x40, 0x00, 0x00, 0x00, 0x00, 0x00, 0x00, 0x00, 0x00, 0x00, 
    0x00, 0x00, 0x00, 0x00, 0x00, 0x00, 0x00, 0x00, 0x00, 0x00, 0x00, 0x00, 0x00, 0x00, 0x00, 0x00, 
    0x00, 0x00, 0x00, 0x00, 0x00, 0x00, 0x00, 0x00, 0x00, 0x00, 0x00, 0x00, 0x00, 0x00, 0x00, 0x00, 
    0x00, 0x00, 0x00, 0x00, 0x00, 0x00, 0x2a, 0xaa, 0xff, 0xf6, 0xff, 0x00, 0x00, 0x00, 0x00, 0x00, 
    0x00, 0x00, 0x00, 0x00, 0x00, 0x00, 0x00, 0x00, 0x00, 0x00, 0x00, 0x00, 0x00, 0x00, 0x00, 0x00, 
    0x00, 0x00, 0x00, 0x00, 0x00, 0x01, 0x55, 0x40, 0x00, 0x00, 0x00, 0x00, 0x00, 0x00, 0x00, 0x00, 
    0x00, 0x00, 0x00, 0x00, 0x00, 0x00, 0x01, 0xaf, 0xff, 0xff, 0xff, 0xfe, 0x05, 0xff, 0xff, 0xff, 
    0xff, 0xff, 0xff, 0xff, 0xff, 0xff, 0xff, 0xff, 0x6f, 0xff, 0xff, 0xff, 0xff, 0xff, 0xff, 0xff, 
    0xff, 0xff, 0xff, 0xff, 0xff, 0xff, 0xff, 0xff, 0xff, 0xff, 0xff, 0xff, 0xff, 0xff, 0xff, 0xff, 
    0xff, 0xfc, 0x00, 0x00, 0x00, 0x00, 0x00, 0x00, 0x00, 0x00, 0x00, 0x00, 0x00, 0x00, 0x00, 0x00, 
    0x00, 0x00, 0x00, 0x00, 0x00, 0x00, 0x1a, 0xa4, 0x00, 0x00, 0x00, 0x00, 0x00, 0x00, 0x00, 0x00, 
    0x00, 0x00, 0x00, 0x00, 0x00, 0x00, 0x00, 0x00, 0x00, 0x00, 0x00, 0x00, 0x00, 0x00, 0x00, 0x00, 
    0x00, 0x00, 0x00, 0x00, 0x00, 0x00, 0x00, 0x00, 0x00, 0x00, 0x00, 0x00, 0x00, 0x1a, 0x94, 0x00, 
    0x00, 0x00, 0x00, 0x00, 0x00, 0x00, 0x00, 0x00, 0x00, 0x00, 0x00, 0x00, 0x00, 0x00, 0x00, 0x00, 
    0x00, 0x00, 0x00, 0x00, 0x00, 0x00, 0x00, 0x00, 0x00, 0x00, 0x00, 0x00, 0x00, 0x00, 0x00, 0x00, 
    0x00, 0x00, 0x00, 0x00, 0x00, 0x00, 0x00, 0x00, 0x00, 0x00, 0x00, 0x00, 0x00, 0x00, 0x0a, 0xaa, 
    0xff, 0xf5, 0xfe, 0x00, 0x00, 0x00, 0x00, 0x00, 0x00, 0x00, 0x00, 0x00, 0x00, 0x00, 0x00, 0x00, 
    0x00, 0x00, 0x00, 0x00, 0x00, 0x00, 0x00, 0x00, 0x00, 0x00, 0x00, 0x00, 0x00, 0x05, 0x40, 0x00, 
    0x00, 0x00, 0x00, 0x00, 0x00, 0x00, 0x00, 0x00, 0x00, 0x00, 0x00, 0x00, 0x00, 0x01, 0x6a, 0xff, 
    0xff, 0xff, 0xff, 0xff, 0x81, 0xbf, 0xff, 0xff, 0xff, 0xff, 0xff, 0xff, 0xff, 0xff, 0xff, 0xff, 
    0xf7, 0xff, 0xff, 0xff, 0xff, 0xff, 0xff, 0xff, 0xff, 0xff, 0xff, 0xff, 0xff, 0xff, 0xff, 0xff, 
    0xff, 0xff, 0xff, 0xff, 0xff, 0xff, 0xff, 0xff, 0xff, 0xf8, 0x00, 0x00, 0x00, 0x00, 0x00, 0x00, 
    0x00, 0x00, 0x00, 0x00, 0x00, 0x00, 0x00, 0x00, 0x00, 0x00, 0x00, 0x00, 0x00, 0x00, 0x06, 0xa9, 
    0x00, 0x00, 0x00, 0x00, 0x00, 0x00, 0x00, 0x00, 0x00, 0x00, 0x00, 0x00, 0x00, 0x00, 0x00, 0x00, 
    0x00, 0x00, 0x00, 0x00, 0x00, 0x00, 0x00, 0x00, 0x00, 0x00, 0x00, 0x00, 0x00, 0x00, 0x00, 0x00, 
    0x00, 0x00, 0x00, 0x00, 0x00, 0x00, 0x6a, 0x50, 0x00, 0x00, 0x00, 0x00, 0x00, 0x00, 0x00, 0x00, 
    0x00, 0x00, 0x00, 0x00, 0x00, 0x00, 0x00, 0x00, 0x00, 0x00, 0x00, 0x00, 0x00, 0x00, 0x00, 0x00, 
    0x00, 0x00, 0x00, 0x00, 0x00, 0x00, 0x00, 0x00, 0x00, 0x00, 0x00, 0x00, 0x00, 0x00, 0x00, 0x00, 
    0x00, 0x00, 0x00, 0x00, 0x00, 0x00, 0x02, 0xaa, 0xff, 0xf9, 0xfd, 0x00, 0x00, 0x00, 0x00, 0x00, 
    0x00, 0x00, 0x00, 0x00, 0x00, 0x00, 0x00, 0x00, 0x00, 0x00, 0x00, 0x00, 0x00, 0x00, 0x00, 0x00, 
    0x00, 0x00, 0x00, 0x00, 0x00, 0x50, 0x00, 0x00, 0x00, 0x00, 0x00, 0x00, 0x00, 0x00, 0x00, 0x00, 
    0x00, 0x00, 0x00, 0x00, 0x00, 0x6a, 0xaa, 0xbf, 0xff, 0xff, 0xff, 0xff, 0xd5, 0x7f, 0xff, 0xff, 
    0xff, 0xff, 0xff, 0xff, 0xff, 0xff, 0xff, 0xff, 0xfe, 0xff, 0xff, 0xff, 0xff, 0xff, 0xff, 0xff, 
    0xff, 0xff, 0xff, 0xff, 0xff, 0xff, 0xff, 0xff, 0xff, 0xff, 0xff, 0xff, 0xff, 0xff, 0xff, 0xff, 
    0xff, 0xf0, 0x00, 0x00, 0x00, 0x00, 0x00, 0x00, 0x00, 0x00, 0x00, 0x00, 0x00, 0x00, 0x00, 0x00, 
    0x00, 0x00, 0x00, 0x00, 0x00, 0x00, 0x01, 0xaa, 0x10, 0x00, 0x00, 0x00, 0x00, 0x00, 0x00, 0x00, 
    0x00, 0x00, 0x00, 0x00, 0x00, 0x00, 0x00, 0x00, 0x00, 0x00, 0x00, 0x00, 0x00, 0x00, 0x00, 0x00, 
    0x00, 0x00, 0x00, 0x00, 0x00, 0x00, 0x00, 0x00, 0x00, 0x00, 0x00, 0x00, 0x00, 0x00, 0x05, 0xa9, 
    0x50, 0x00, 0x00, 0x00, 0x00, 0x00, 0x00, 0x00, 0x00, 0x00, 0x00, 0x00, 0x00, 0x00, 0x00, 0x00, 
    0x00, 0x00, 0x00, 0x00, 0x00, 0x00, 0x00, 0x00, 0x00, 0x00, 0x00, 0x00, 0x00, 0x00, 0x00, 0x00, 
    0x00, 0x00, 0x00, 0x00, 0x00, 0x00, 0x00, 0x00, 0x00, 0x00, 0x00, 0x00, 0x00, 0x00, 0x00, 0xaa, 
    0xff, 0xfc, 0xfd, 0x00, 0x00, 0x00, 0x01, 0x00, 0x00, 0x00, 0x00, 0x00, 0x40, 0x00, 0x00, 0x00, 
    0x00, 0x00, 0x00, 0x00, 0x00, 0x00, 0x00, 0x00, 0x00, 0x00, 0x00, 0x00, 0x01, 0x00, 0x00, 0x00, 
    0x00, 0x00, 0x15, 0x00, 0x00, 0x00, 0x00, 0x00, 0x00, 0x00, 0x00, 0x00, 0x6a, 0xaa, 0xaa, 0xab, 
    0xff, 0xea, 0xaf, 0xff, 0xf4, 0x6f, 0xff, 0xff, 0xff, 0xff, 0xff, 0xff, 0xff, 0xff, 0xff, 0xff, 
    0xff, 0xff, 0xff, 0xff, 0xff, 0xff, 0xff, 0xff, 0xff, 0xff, 0xff, 0xff, 0xff, 0xff, 0xff, 0xff, 
    0xff, 0xff, 0xff, 0xff, 0xff, 0xff, 0xff, 0xff, 0xff, 0xe0, 0x00, 0x00, 0x00, 0x00, 0x00, 0x00, 
    0x00, 0x00, 0x00, 0x00, 0x00, 0x00, 0x00, 0x00, 0x00, 0x00, 0x00, 0x00, 0x00, 0x00, 0x00, 0x6a, 
    0x44, 0x00, 0x00, 0x00, 0x00, 0x00, 0x00, 0x00, 0x00, 0x00, 0x00, 0x00, 0x00, 0x00, 0x00, 0x00, 
    0x00, 0x00, 0x00, 0x00, 0x00, 0x00, 0x00, 0x00, 0x00, 0x00, 0x00, 0x00, 0x00, 0x00, 0x00, 0x00, 
    0x00, 0x00, 0x00, 0x00, 0x00, 0x00, 0x00, 0x06, 0xa9, 0x50, 0x00, 0x00, 0x00, 0x00, 0x00, 0x00, 
    0x00, 0x00, 0x00, 0x00, 0x00, 0x00, 0x00, 0x00, 0x00, 0x00, 0x00, 0x00, 0x00, 0x00, 0x00, 0x00, 
    0x00, 0x00, 0x00, 0x00, 0x00, 0x00, 0x00, 0x00, 0x00, 0x00, 0x00, 0x00, 0x00, 0x00, 0x00, 0x00, 
    0x00, 0x00, 0x00, 0x00, 0x00, 0x00, 0x00, 0x2a, 0xff, 0xfc, 0xfd, 0x00, 0x00, 0x00, 0x01, 0x00, 
    0x00, 0x00, 0x00, 0x00, 0x40, 0x00, 0x00, 0x00, 0x00, 0x00, 0x00, 0x00, 0x00, 0x00, 0x00, 0x00, 
    0x00, 0x00, 0x00, 0x00, 0x10, 0x00, 0x00, 0x00, 0x00, 0x04, 0x00, 0x05, 0x55, 0x00, 0x00, 0x15, 
    0x54, 0x00, 0x00, 0x01, 0x55, 0x55, 0x55, 0x55, 0x55, 0x55, 0x56, 0xaa, 0xa8, 0x1f, 0xff, 0xff, 
    0xff, 0xff, 0xff, 0xff, 0xff, 0xff, 0xff, 0xff, 0xff, 0xff, 0xff, 0xff, 0xff, 0xff, 0xff, 0xff, 
    0xff, 0xff, 0xff, 0xff, 0xff, 0xff, 0xff, 0xff, 0xff, 0xff, 0xff, 0xff, 0xff, 0xff, 0xff, 0xff, 
    0xff, 0xc0, 0x00, 0x00, 0x00, 0x00, 0x00, 0x00, 0x00, 0x00, 0x00, 0x00, 0x00, 0x00, 0x00, 0x00, 
    0x00, 0x00, 0x00, 0x00, 0x00, 0x00, 0x00, 0x1a, 0x86, 0x00, 0x00, 0x00, 0x00, 0x00, 0x00, 0x00, 
    0x00, 0x00, 0x00, 0x00, 0x00, 0x00, 0x00, 0x00, 0x00, 0x00, 0x00, 0x00, 0x00, 0x00, 0x00, 0x00, 
    0x00, 0x00, 0x00, 0x00, 0x00, 0x00, 0x00, 0x00, 0x00, 0x00, 0x00, 0x00, 0x00, 0x00, 0x00, 0x00, 
    0x16, 0xaa, 0x55, 0x00, 0x00, 0x01, 0x00, 0x00, 0x00, 0x00, 0x00, 0x00, 0x00, 0x00, 0x00, 0x00, 
    0x00, 0x00, 0x00, 0x00, 0x00, 0x00, 0x00, 0x00, 0x00, 0x00, 0x00, 0x00, 0x00, 0x00, 0x00, 0x00, 
    0x00, 0x00, 0x00, 0x00, 0x00, 0x00, 0x00, 0x00, 0x00, 0x00, 0x00, 0x00, 0x00, 0x00, 0x00, 0x0a, 
    0xff, 0xfc, 0xfd, 0x00, 0x00, 0x00, 0x00, 0x00, 0x00, 0x00, 0x00, 0x00, 0x40, 0x00, 0x00, 0x00, 
    0x00, 0x00, 0x00, 0x00, 0x00, 0x00, 0x00, 0x00, 0x00, 0x00, 0x00, 0x01, 0x00, 0x00, 0x00, 0x00, 
    0x14, 0x00, 0x05, 0x55, 0x55, 0x55, 0x55, 0x55, 0x00, 0x00, 0x00, 0x00, 0x00, 0x00, 0x00, 0x00, 
    0x00, 0x00, 0x00, 0x00, 0x00, 0x05, 0x6a, 0xbf, 0xff, 0xff, 0xff, 0xff, 0xff, 0xff, 0xff, 0xff, 
    0xff, 0xff, 0xff, 0xff, 0xff, 0xff, 0xff, 0xff, 0xff, 0xff, 0xff, 0xff, 0xff, 0xff, 0xff, 0xff, 
    0xff, 0xff, 0xff, 0xff, 0xff, 0xff, 0xff, 0xff, 0xff, 0x80, 0x00, 0x00, 0x00, 0x00, 0x00, 0x00, 
    0x00, 0x00, 0x00, 0x00, 0x00, 0x00, 0x00, 0x00, 0x00, 0x00, 0x00, 0x00, 0x00, 0x00, 0x00, 0x06, 
    0x92, 0x40, 0x00, 0x00, 0x00, 0x00, 0x00, 0x00, 0x00, 0x00, 0x00, 0x00, 0x00, 0x00, 0x00, 0x00, 
    0x00, 0x00, 0x00, 0x00, 0x00, 0x00, 0x00, 0x00, 0x00, 0x00, 0x00, 0x00, 0x00, 0x00, 0x00, 0x00, 
    0x00, 0x00, 0x00, 0x00, 0x00, 0x00, 0x00, 0x00, 0x00, 0x05, 0x6a, 0xaa, 0x55, 0x54, 0x00, 0x00, 
    0x00, 0x00, 0x00, 0x00, 0x00, 0x00, 0x00, 0x00, 0x00, 0x00, 0x00, 0x00, 0x00, 0x00, 0x00, 0x00, 
    0x00, 0x00, 0x00, 0x00, 0x00, 0x00, 0x00, 0x00, 0x00, 0x00, 0x00, 0x00, 0x00, 0x00, 0x00, 0x00, 
    0x00, 0x00, 0x00, 0x00, 0x00, 0x00, 0x00, 0x01, 0xff, 0xfd, 0xbe, 0x00, 0x00, 0x00, 0x00, 0x40, 
    0x00, 0x00, 0x00, 0x00, 0x50, 0x00, 0x00, 0x00, 0x00, 0x00, 0x00, 0x00, 0x00, 0x00, 0x00, 0x00, 
    0x00, 0x00, 0x00, 0x00, 0x00, 0x00, 0x00, 0x05, 0x00, 0x05, 0x55, 0x55, 0x55, 0x55, 0x55, 0x40, 
    0x00, 0x00, 0x00, 0x00, 0x00, 0x00, 0x15, 0x55, 0x55, 0x55, 0x55, 0x55, 0x55, 0x40, 0x00, 0x01, 
    0x5a, 0xab, 0xff, 0xff, 0xff, 0xff, 0xff, 0xff, 0xff, 0xff, 0xff, 0xff, 0xff, 0xff, 0xff, 0xff, 
    0xff, 0xff, 0xff, 0xff, 0xff, 0xff, 0xff, 0xff, 0xff, 0xff, 0xff, 0xff, 0xff, 0xff, 0xff, 0xff, 
    0xff, 0x00, 0x00, 0x00, 0x00, 0x00, 0x00, 0x00, 0x00, 0x00, 0x00, 0x00, 0x00, 0x00, 0x00, 0x00, 
    0x00, 0x00, 0x00, 0x00, 0x00, 0x04, 0x00, 0x01, 0x51, 0x90, 0x00, 0x00, 0x00, 0x00, 0x00, 0x00, 
    0x00, 0x00, 0x00, 0x00, 0x00, 0x00, 0x00, 0x00, 0x00, 0x00, 0x00, 0x00, 0x00, 0x00, 0x00, 0x00, 
    0x00, 0x00, 0x00, 0x00, 0x00, 0x00, 0x00, 0x00, 0x00, 0x00, 0x00, 0x00, 0x00, 0x00, 0x00, 0x00, 
    0x00, 0x00, 0x00, 0x00, 0x00, 0x00, 0x00, 0x00, 0x00, 0x00, 0x00, 0x00, 0x00, 0x00, 0x00, 0x00, 
    0x00, 0x00, 0x00, 0x00, 0x00, 0x00, 0x00, 0x00, 0x00, 0x00, 0x00, 0x00, 0x00, 0x00, 0x00, 0x00, 
    0x00, 0x00, 0x00, 0x00, 0x00, 0x00, 0x00, 0x00, 0x00, 0x00, 0x00, 0x00, 0x00, 0x00, 0x00, 0x00, 
    0xff, 0xfd, 0x7e, 0x00, 0x00, 0x00, 0x00, 0x40, 0x00, 0x00, 0x00, 0x00, 0x55, 0x00, 0x00, 0x00, 
    0x00, 0x00, 0x00, 0x00, 0x00, 0x00, 0x00, 0x00, 0x00, 0x00, 0x00, 0x00, 0x00, 0x00, 0x00, 0x00, 
    0x01, 0x55, 0x55, 0x55, 0x55, 0x55, 0x40, 0x00, 0x00, 0x00, 0x00, 0x55, 0x55, 0x55, 0x55, 0x55, 
    0x55, 0x55, 0x55, 0x55, 0x55, 0x40, 0x55, 0x55, 0x50, 0x01, 0x5b, 0xff, 0xff, 0xff, 0xff, 0xff, 
    0xff, 0xff, 0xff, 0xff, 0xff, 0xff, 0xff, 0xff, 0xff, 0xff, 0xff, 0xff, 0xff, 0xff, 0xff, 0xff, 
    0xff, 0xff, 0xff, 0xff, 0xff, 0xff, 0xff, 0xff, 0xfe, 0x00, 0x00, 0x00, 0x00, 0x00, 0x00, 0x00, 
    0x00, 0x00, 0x00, 0x00, 0x00, 0x00, 0x00, 0x00, 0x00, 0x00, 0x00, 0x00, 0x00, 0x05, 0x00, 0x00, 
    0x54, 0xa4, 0x00, 0x00, 0x00, 0x00, 0x00, 0x00, 0x00, 0x00, 0x00, 0x00, 0x00, 0x00, 0x00, 0x00, 
    0x00, 0x00, 0x00, 0x00, 0x00, 0x00, 0x00, 0x00, 0x00, 0x00, 0x00, 0x00, 0x00, 0x00, 0x00, 0x00, 
    0x00, 0x00, 0x00, 0x00, 0x00, 0x00, 0x00, 0x00, 0x00, 0x00, 0x00, 0x00, 0x00, 0x00, 0x00, 0x00, 
    0x00, 0x00, 0x00, 0x00, 0x00, 0x00, 0x00, 0x00, 0x00, 0x00, 0x00, 0x00, 0x00, 0x00, 0x00, 0x00, 
    0x00, 0x00, 0x00, 0x00, 0x00, 0x00, 0x00, 0x00, 0x00, 0x00, 0x00, 0x00, 0x00, 0x00, 0x00, 0x00, 
    0x00, 0x00, 0x00, 0x00, 0x00, 0x00, 0x00, 0x00, 0xff, 0xfe, 0x7e, 0x00, 0x00, 0x00, 0x00, 0x40, 
    0x00, 0x00, 0x00, 0x00, 0x55, 0x00, 0x00, 0x00, 0x00, 0x00, 0x00, 0x00, 0x00, 0x00, 0x00, 0x00, 
    0x00, 0x00, 0x00, 0x00, 0x00, 0x00, 0x00, 0x00, 0x55, 0x55, 0x55, 0x55, 0x55, 0x40, 0x00, 0x15, 
    0x55, 0x55, 0x55, 0x55, 0x40, 0x00, 0x05, 0x55, 0x55, 0x55, 0x55, 0x55, 0x55, 0x54, 0x55, 0x55, 
    0x55, 0x55, 0x00, 0x1b, 0xff, 0xff, 0xff, 0xff, 0xff, 0xff, 0xff, 0xff, 0xff, 0xff, 0xff, 0xff, 
    0xff, 0xff, 0xff, 0xff, 0xff, 0xff, 0xff, 0xff, 0xff, 0xff, 0xff, 0xff, 0xff, 0xff, 0xff, 0xff, 
    0xfc, 0x00, 0x00, 0x00, 0x00, 0x00, 0x00, 0x00, 0x00, 0x00, 0x00, 0x00, 0x00, 0x00, 0x00, 0x00, 
    0x00, 0x00, 0x00, 0x00, 0x00, 0x01, 0x40, 0x00, 0x14, 0x69, 0x00, 0x00, 0x00, 0x00, 0x00, 0x00, 
    0x00, 0x00, 0x00, 0x00, 0x00, 0x00, 0x00, 0x00, 0x00, 0x00, 0x00, 0x00, 0x00, 0x00, 0x00, 0x00, 
    0x00, 0x00, 0x00, 0x00, 0x00, 0x00, 0x00, 0x00, 0x00, 0x00, 0x00, 0x00, 0x00, 0x00, 0x00, 0x00, 
    0x00, 0x00, 0x00, 0x00, 0x00, 0x00, 0x00, 0x00, 0x00, 0x00, 0x00, 0x00, 0x00, 0x00, 0x00, 0x00, 
    0x00, 0x00, 0x00, 0x00, 0x00, 0x00, 0x00, 0x00, 0x00, 0x00, 0x00, 0x00, 0x00, 0x00, 0x00, 0x00, 
    0x00, 0x00, 0x00, 0x00, 0x00, 0x00, 0x00, 0x00, 0x00, 0x00, 0x00, 0x00, 0x00, 0x00, 0x00, 0x00, 
    0xff, 0xff, 0x3f, 0x00, 0x00, 0x00, 0x00, 0x10, 0x00, 0x00, 0x00, 0x00, 0x15, 0x40, 0x00, 0x00, 
    0x00, 0x00, 0x00, 0x00, 0x00, 0x00, 0x00, 0x00, 0x00, 0x00, 0x00, 0x00, 0x00, 0x00, 0x00, 0x15, 
    0x55, 0x55, 0x55, 0x55, 0x54, 0x55, 0x55, 0x55, 0x55, 0x55, 0x50, 0x00, 0x00, 0x05, 0x55, 0x55, 
    0x55, 0x55, 0x55, 0x55, 0x55, 0x54, 0x15, 0x55, 0x55, 0x55, 0x55, 0x50, 0x16, 0xff, 0xff, 0xff, 
    0xff, 0xff, 0xff, 0xff, 0xff, 0xff, 0xff, 0xff, 0xff, 0xff, 0xff, 0xff, 0xff, 0xff, 0xff, 0xff, 
    0xff, 0xff, 0xff, 0xff, 0xff, 0xff, 0xff, 0xff, 0xf8, 0x00, 0x00, 0x00, 0x00, 0x00, 0x00, 0x00, 
    0x00, 0x00, 0x00, 0x00, 0x00, 0x00, 0x00, 0x00, 0x00, 0x00, 0x00, 0x00, 0x00, 0x00, 0x10, 0x00, 
    0x00, 0x2a, 0x80, 0x00, 0x00, 0x00, 0x00, 0x00, 0x00, 0x00, 0x00, 0x00, 0x00, 0x00, 0x00, 0x00, 
    0x00, 0x00, 0x00, 0x00, 0x00, 0x00, 0x00, 0x00, 0x00, 0x00, 0x00, 0x00, 0x00, 0x00, 0x00, 0x00, 
    0x00, 0x00, 0x00, 0x00, 0x00, 0x00, 0x00, 0x00, 0x00, 0x00, 0x00, 0x00, 0x00, 0x00, 0x00, 0x00, 
    0x00, 0x00, 0x00, 0x00, 0x00, 0x00, 0x00, 0x00, 0x00, 0x00, 0x00, 0x00, 0x00, 0x00, 0x00, 0x00, 
    0x00, 0x00, 0x00, 0x00, 0x00, 0x00, 0x00, 0x00, 0x00, 0x00, 0x00, 0x00, 0x00, 0x00, 0x00, 0x00, 
    0x00, 0x00, 0x00, 0x00, 0x00, 0x00, 0x00, 0x00, 0xff, 0xff, 0x3f, 0x40, 0x00, 0x00, 0x00, 0x10, 
    0x00, 0x00, 0x00, 0x00, 0x15, 0x50, 0x00, 0x00, 0x00, 0x00, 0x00, 0x00, 0x00, 0x00, 0x00, 0x00, 
    0x00, 0x00, 0x00, 0x00, 0x00, 0x00, 0x00, 0x01, 0x55, 0x55, 0x55, 0x55, 0x55, 0x55, 0x55, 0x55, 
    0x55, 0x55, 0x55, 0x50, 0x00, 0x00, 0x00, 0x01, 0x55, 0x55, 0x55, 0x55, 0x55, 0x55, 0x05, 0x55, 
    0x55, 0x55, 0x55, 0x55, 0x00, 0x06, 0xff, 0xff, 0xff, 0xff, 0xff, 0xff, 0xff, 0xff, 0xff, 0xff, 
    0xff, 0xff, 0xff, 0xff, 0xff, 0xff, 0xfe, 0xff, 0xff, 0xff, 0xff, 0xff, 0xff, 0xff, 0xff, 0xff, 
    0xf0, 0x00, 0x00, 0x00, 0x00, 0x00, 0x00, 0x00, 0x00, 0x00, 0x00, 0x00, 0x00, 0x00, 0x00, 0x00, 
    0x00, 0x00, 0x00, 0x00, 0x00, 0x00, 0x00, 0x00, 0x00, 0x1a, 0xa0, 0x00, 0x00, 0x00, 0x00, 0x00, 
    0x00, 0x00, 0x00, 0x00, 0x00, 0x00, 0x00, 0x00, 0x00, 0x00, 0x00, 0x00, 0x00, 0x00, 0x00, 0x00, 
    0x00, 0x00, 0x00, 0x00, 0x00, 0x00, 0x00, 0x00, 0x00, 0x00, 0x00, 0x00, 0x00, 0x00, 0x00, 0x00, 
    0x00, 0x00, 0x00, 0x00, 0x00, 0x00, 0x00, 0x00, 0x00, 0x00, 0x00, 0x00, 0x00, 0x00, 0x00, 0x00, 
    0x00, 0x00, 0x00, 0x00, 0x00, 0x00, 0x00, 0x00, 0x00, 0x00, 0x00, 0x00, 0x00, 0x00, 0x00, 0x00, 
    0x00, 0x00, 0x00, 0x00, 0x00, 0x00, 0x00, 0x00, 0x00, 0x00, 0x00, 0x00, 0x00, 0x00, 0x00, 0x00, 
    0xff, 0xff, 0x2f, 0x40, 0x00, 0x00, 0x00, 0x10, 0x00, 0x00, 0x00, 0x00, 0x15, 0x54, 0x40, 0x00, 
    0x00, 0x00, 0x00, 0x00, 0x00, 0x00, 0x00, 0x00, 0x00, 0x00, 0x00, 0x00, 0x00, 0x00, 0x00, 0x00, 
    0x15, 0x55, 0x55, 0x55, 0x55, 0x55, 0x55, 0x55, 0x55, 0x55, 0x55, 0x55, 0x55, 0x40, 0x00, 0x00, 
    0x55, 0x55, 0x55, 0x55, 0x55, 0x55, 0x55, 0x55, 0x55, 0x55, 0x55, 0x55, 0x40, 0x00, 0x1b, 0xff, 
    0xff, 0xff, 0xff, 0xff, 0xff, 0xff, 0xff, 0xff, 0xff, 0xff, 0xff, 0xff, 0xff, 0xff, 0xe7, 0xff, 
    0xff, 0xff, 0xff, 0xff, 0xff, 0xff, 0xff, 0xff, 0xe0, 0x00, 0x00, 0x00, 0x00, 0x00, 0x00, 0x00, 
    0x00, 0x00, 0x00, 0x00, 0x00, 0x00, 0x00, 0x00, 0x00, 0x00, 0x00, 0x00, 0x00, 0x00, 0x00, 0x40, 
    0x00, 0x0a, 0xa8, 0x00, 0x00, 0x00, 0x00, 0x00, 0x00, 0x00, 0x00, 0x00, 0x00, 0x00, 0x00, 0x00, 
    0x00, 0x00, 0x00, 0x00, 0x00, 0x00, 0x00, 0x00, 0x00, 0x00, 0x00, 0x00, 0x00, 0x00, 0x00, 0x00, 
    0x00, 0x00, 0x00, 0x00, 0x00, 0x00, 0x00, 0x00, 0x00, 0x00, 0x00, 0x00, 0x00, 0x00, 0x00, 0x00, 
    0x00, 0x00, 0x00, 0x00, 0x00, 0x00, 0x00, 0x00, 0x00, 0x00, 0x00, 0x00, 0x00, 0x00, 0x00, 0x00, 
    0x00, 0x00, 0x00, 0x00, 0x00, 0x00, 0x00, 0x00, 0x00, 0x00, 0x00, 0x00, 0x00, 0x00, 0x00, 0x00, 
    0x00, 0x00, 0x00, 0x00, 0x00, 0x00, 0x00, 0x00, 0xff, 0xff, 0x5f, 0x80, 0x00, 0x00, 0x00, 0x04, 
    0x00, 0x00, 0x00, 0x00, 0x15, 0x55, 0x40, 0x00, 0x00, 0x00, 0x00, 0x00, 0x00, 0x00, 0x00, 0x00, 
    0x00, 0x00, 0x00, 0x00, 0x00, 0x00, 0x00, 0x00, 0x05, 0x55, 0x55, 0x55, 0x55, 0x55, 0x95, 0x55, 
    0x55, 0x55, 0x55, 0x55, 0x55, 0x55, 0x40, 0x00, 0x55, 0x55, 0x55, 0x40, 0x00, 0x00, 0x00, 0x05, 
    0x55, 0x6a, 0x65, 0x55, 0x54, 0x00, 0x00, 0x6f, 0xff, 0xff, 0xff, 0xff, 0xff, 0xff, 0xff, 0xff, 
    0xff, 0xff, 0xff, 0xff, 0xff, 0xff, 0x9f, 0xff, 0xff, 0xff, 0xff, 0xff, 0xff, 0xff, 0xff, 0xff, 
    0xc0, 0x00, 0x00, 0x00, 0x00, 0x00, 0x00, 0x00, 0x00, 0x00, 0x00, 0x00, 0x00, 0x00, 0x00, 0x00, 
    0x00, 0x00, 0x00, 0x00, 0x00, 0x00, 0x00, 0x00, 0x00, 0x0a, 0xaa, 0x00, 0x00, 0x00, 0x00, 0x00, 
    0x00, 0x00, 0x00, 0x00, 0x00, 0x00, 0x00, 0x00, 0x00, 0x00, 0x00, 0x00, 0x00, 0x00, 0x00, 0x00, 
    0x00, 0x00, 0x00, 0x00, 0x00, 0x00, 0x00, 0x00, 0x00, 0x00, 0x00, 0x00, 0x00, 0x00, 0x00, 0x00, 
    0x00, 0x00, 0x00, 0x00, 0x00, 0x00, 0x00, 0x00, 0x00, 0x00, 0x00, 0x00, 0x00, 0x00, 0x00, 0x00, 
    0x00, 0x00, 0x00, 0x00, 0x00, 0x00, 0x00, 0x00, 0x00, 0x00, 0x00, 0x00, 0x00, 0x00, 0x00, 0x00, 
    0x00, 0x00, 0x00, 0x00, 0x00, 0x00, 0x00, 0x00, 0x00, 0x00, 0x00, 0x00, 0x00, 0x00, 0x00, 0x00, 
    0xff, 0xff, 0x8f, 0xc0, 0x00, 0x00, 0x00, 0x04, 0x00, 0x00, 0x00, 0x00, 0x15, 0x55, 0x40, 0x00, 
    0x00, 0x00, 0x00, 0x15, 0x00, 0x00, 0x00, 0x00, 0x00, 0x00, 0x00, 0x00, 0x00, 0x00, 0x00, 0x00, 
    0x00, 0x55, 0x55, 0x55, 0x55, 0x55, 0x55, 0x55, 0x55, 0x55, 0x55, 0x55, 0x55, 0x55, 0x55, 0x55, 
    0x55, 0x55, 0x00, 0x00, 0x01, 0x5a, 0xaa, 0xaa, 0xff, 0xff, 0xff, 0xff, 0xff, 0xfa, 0x40, 0x01, 
    0xff, 0xff, 0xff, 0xff, 0xff, 0xff, 0xff, 0xff, 0xff, 0xff, 0xff, 0xff, 0xff, 0xfe, 0x7f, 0xff, 
    0xff, 0xff, 0xff, 0xff, 0xff, 0xff, 0xff, 0xff, 0x40, 0x00, 0x00, 0x00, 0x00, 0x00, 0x00, 0x00, 
    0x00, 0x00, 0x00, 0x00, 0x00, 0x00, 0x00, 0x00, 0x00, 0x00, 0x00, 0x00, 0x00, 0x00, 0x00, 0x00, 
    0x00, 0x06, 0xaa, 0x80, 0x00, 0x00, 0x00, 0x00, 0x00, 0x00, 0x00, 0x00, 0x00, 0x00, 0x00, 0x00, 
    0x00, 0x00, 0x00, 0x00, 0x00, 0x00, 0x00, 0x00, 0x00, 0x00, 0x00, 0x00, 0x00, 0x00, 0x00, 0x00, 
    0x00, 0x00, 0x00, 0x00, 0x00, 0x00, 0x00, 0x00, 0x00, 0x00, 0x00, 0x00, 0x00, 0x00, 0x00, 0x00, 
    0x00, 0x00, 0x00, 0x00, 0x00, 0x00, 0x00, 0x00, 0x00, 0x00, 0x00, 0x00, 0x00, 0x00, 0x00, 0x00, 
    0x00, 0x00, 0x00, 0x00, 0x00, 0x00, 0x00, 0x00, 0x00, 0x00, 0x00, 0x00, 0x00, 0x00, 0x00, 0x00, 
    0x00, 0x00, 0x00, 0x00, 0x00, 0x00, 0x00, 0x00, 0xff, 0xff, 0xcb, 0xd0, 0x00, 0x00, 0x00, 0x01, 
    0x00, 0x00, 0x00, 0x00, 0x05, 0x55, 0x00, 0x00, 0x00, 0x00, 0x00, 0x55, 0x00, 0x00, 0x00, 0x00, 
    0x00, 0x00, 0x00, 0x00, 0x00, 0x00, 0x00, 0x00, 0x00, 0x15, 0x55, 0x55, 0x55, 0x55, 0x55, 0x69, 
    0x55, 0x55, 0x55, 0x55, 0x55, 0x55, 0x55, 0x40, 0x00, 0x00, 0x00, 0x06, 0xaf, 0xff, 0xaa, 0xaa, 
    0xaa, 0xaf, 0xff, 0xff, 0xff, 0xff, 0xfe, 0x54, 0x1f, 0xff, 0xff, 0xff, 0xff, 0xff, 0xff, 0xff, 
    0xff, 0xff, 0xff, 0xff, 0xff, 0xf9, 0xff, 0xff, 0xff, 0xff, 0xff, 0xff, 0xff, 0xff, 0xff, 0xff, 
    0x00, 0x00, 0x00, 0x00, 0x00, 0x00, 0x00, 0x00, 0x00, 0x00, 0x00, 0x00, 0x00, 0x00, 0x00, 0x00, 
    0x00, 0x00, 0x00, 0x00, 0x00, 0x00, 0x00, 0x00, 0x00, 0x02, 0xaa, 0xa0, 0x00, 0x00, 0x00, 0x00, 
    0x00, 0x00, 0x00, 0x00, 0x00, 0x00, 0x00, 0x00, 0x00, 0x00, 0x00, 0x00, 0x00, 0x00, 0x00, 0x00, 
    0x00, 0x00, 0x00, 0x00, 0x00, 0x00, 0x00, 0x00, 0x00, 0x00, 0x00, 0x00, 0x00, 0x00, 0x00, 0x00, 
    0x00, 0x00, 0x00, 0x00, 0x00, 0x00, 0x00, 0x00, 0x00, 0x00, 0x00, 0x00, 0x00, 0x00, 0x00, 0x00, 
    0x00, 0x00, 0x00, 0x00, 0x00, 0x00, 0x00, 0x00, 0x00, 0x00, 0x00, 0x00, 0x00, 0x00, 0x00, 0x00, 
    0x00, 0x00, 0x00, 0x00, 0x00, 0x00, 0x00, 0x00, 0x00, 0x00, 0x00, 0x00, 0x00, 0x00, 0x00, 0x00, 
    0xff, 0xff, 0xcb, 0xe0, 0x00, 0x00, 0x00, 0x01, 0x00, 0x00, 0x00, 0x00, 0x05, 0x55, 0x00, 0x00, 
    0x00, 0x00, 0x00, 0x55, 0x00, 0x00, 0x00, 0x00, 0x00, 0x00, 0x00, 0x00, 0x00, 0x00, 0x00, 0x00, 
    0x00, 0x05, 0x55, 0x55, 0x55, 0x56, 0xaa, 0xa9, 0x55, 0x55, 0x55, 0x55, 0x55, 0x50, 0x00, 0x00, 
    0x00, 0x00, 0x00, 0x00, 0x00, 0x56, 0xaa, 0xaa, 0xaa, 0xaa, 0xaf, 0xff, 0xff, 0xff, 0xff, 0xeb, 
    0xe5, 0xbf, 0xff, 0xff, 0xff, 0xff, 0xff, 0xff, 0xff, 0xff, 0xff, 0xff, 0xff, 0xeb, 0xff, 0xff, 
    0xff, 0xff, 0xff, 0xff, 0xff, 0xff, 0xff, 0xfd, 0x00, 0x00, 0x00, 0x00, 0x00, 0x00, 0x00, 0x00, 
    0x00, 0x00, 0x00, 0x00, 0x00, 0x00, 0x00, 0x00, 0x00, 0x00, 0x00, 0x00, 0x00, 0x00, 0x00, 0x00, 
    0x00, 0x01, 0xaa, 0xa8, 0x00, 0x00, 0x00, 0x00, 0x00, 0x00, 0x00, 0x00, 0x00, 0x00, 0x00, 0x00, 
    0x00, 0x00, 0x00, 0x00, 0x00, 0x00, 0x00, 0x00, 0x00, 0x00, 0x00, 0x00, 0x00, 0x00, 0x00, 0x00, 
    0x00, 0x00, 0x00, 0x00, 0x00, 0x00, 0x00, 0x00, 0x00, 0x00, 0x00, 0x00, 0x00, 0x00, 0x00, 0x00, 
    0x00, 0x00, 0x00, 0x00, 0x00, 0x00, 0x00, 0x00, 0x00, 0x00, 0x00, 0x00, 0x00, 0x00, 0x00, 0x00, 
    0x00, 0x00, 0x00, 0x00, 0x00, 0x00, 0x00, 0x00, 0x00, 0x00, 0x00, 0x00, 0x00, 0x00, 0x00, 0x00, 
    0x00, 0x00, 0x00, 0x00, 0x00, 0x00, 0x00, 0x00, 0xff, 0xff, 0xd7, 0xe0, 0x00, 0x00, 0x00, 0x00, 
    0x40, 0x00, 0x00, 0x00, 0x05, 0x55, 0x00, 0x00, 0x00, 0x00, 0x00, 0x14, 0x00, 0x00, 0x00, 0x00, 
    0x00, 0x00, 0x00, 0x00, 0x00, 0x00, 0x00, 0x00, 0x00, 0x00, 0x55, 0x55, 0x55, 0x55, 0x55, 0x55, 
    0x55, 0x55, 0x55, 0x55, 0x00, 0x00, 0x00, 0x00, 0x00, 0x00, 0x00, 0x00, 0x00, 0x00, 0x00, 0x5a, 
    0xaa, 0xaa, 0xaa, 0xbf, 0xff, 0xff, 0xff, 0xfa, 0xff, 0x5f, 0xff, 0xff, 0xff, 0xff, 0xff, 0xff, 
    0xff, 0xff, 0xa5, 0x6f, 0xff, 0xaf, 0xff, 0xff, 0xff, 0xff, 0xff, 0xff, 0xff, 0xff, 0xff, 0xfc, 
    0x00, 0x00, 0x00, 0x00, 0x00, 0x00, 0x00, 0x00, 0x00, 0x00, 0x00, 0x00, 0x00, 0x00, 0x00, 0x00, 
    0x00, 0x00, 0x00, 0x00, 0x00, 0x00, 0x00, 0x00, 0x00, 0x00, 0xaa, 0xaa, 0x40, 0x00, 0x00, 0x00, 
    0x00, 0x00, 0x00, 0x00, 0x00, 0x00, 0x00, 0x00, 0x00, 0x00, 0x00, 0x00, 0x00, 0x00, 0x00, 0x00, 
    0x00, 0x00, 0x00, 0x00, 0x00, 0x00, 0x00, 0x00, 0x00, 0x00, 0x00, 0x00, 0x00, 0x00, 0x00, 0x00, 
    0x00, 0x00, 0x00, 0x00, 0x00, 0x00, 0x00, 0x00, 0x00, 0x00, 0x00, 0x00, 0x00, 0x00, 0x00, 0x00, 
    0x00, 0x00, 0x00, 0x00, 0x00, 0x00, 0x00, 0x00, 0x00, 0x00, 0x00, 0x00, 0x00, 0x00, 0x00, 0x00, 
    0x00, 0x00, 0x00, 0x00, 0x00, 0x00, 0x00, 0x00, 0x00, 0x00, 0x00, 0x00, 0x00, 0x00, 0x00, 0x00, 
    0xff, 0xff, 0xe3, 0xf0, 0x00, 0x00, 0x00, 0x00, 0x00, 0x00, 0x00, 0x00, 0x01, 0x55, 0x00, 0x00, 
    0x00, 0x00, 0x00, 0x00, 0x00, 0x00, 0x00, 0x00, 0x00, 0x00, 0x00, 0x00, 0x00, 0x00, 0x00, 0x00, 
    0x00, 0x00, 0x15, 0x55, 0x55, 0x55, 0x55, 0x55, 0x55, 0x55, 0x50, 0x00, 0x00, 0x00, 0x00, 0x00, 
    0x00, 0x00, 0x00, 0x00, 0x00, 0x00, 0x00, 0x00, 0x06, 0xaa, 0xaa, 0xaa, 0xff, 0xff, 0xff, 0xff, 
    0xaf, 0xf6, 0xff, 0xff, 0xff, 0xff, 0xff, 0xff, 0xff, 0xff, 0xff, 0xeb, 0xfe, 0xff, 0xff, 0xff, 
    0xff, 0xff, 0xff, 0xff, 0xff, 0xff, 0xff, 0xf4, 0x00, 0x00, 0x00, 0x00, 0x00, 0x00, 0x00, 0x00, 
    0x00, 0x00, 0x00, 0x00, 0x00, 0x00, 0x00, 0x00, 0x00, 0x00, 0x00, 0x00, 0x00, 0x00, 0x00, 0x00, 
    0x00, 0x00, 0x2a, 0xaa, 0x90, 0x00, 0x00, 0x00, 0x00, 0x00, 0x00, 0x00, 0x00, 0x00, 0x00, 0x00, 
    0x00, 0x00, 0x00, 0x00, 0x00, 0x00, 0x00, 0x00, 0x00, 0x00, 0x00, 0x00, 0x00, 0x00, 0x00, 0x00, 
    0x00, 0x00, 0x00, 0x00, 0x00, 0x00, 0x00, 0x00, 0x00, 0x00, 0x00, 0x00, 0x00, 0x00, 0x00, 0x00, 
    0x00, 0x00, 0x00, 0x00, 0x00, 0x00, 0x00, 0x00, 0x00, 0x00, 0x00, 0x00, 0x00, 0x00, 0x00, 0x00, 
    0x00, 0x00, 0x00, 0x00, 0x00, 0x00, 0x00, 0x00, 0x00, 0x00, 0x00, 0x00, 0x00, 0x00, 0x00, 0x00, 
    0x00, 0x00, 0x00, 0x00, 0x00, 0x00, 0x00, 0x00, 0xff, 0xff, 0xf2, 0xf4, 0x00, 0x00, 0x00, 0x00, 
    0x10, 0x00, 0x00, 0x00, 0x01, 0x55, 0x00, 0x00, 0x00, 0x40, 0x00, 0x00, 0x00, 0x00, 0x00, 0x00, 
    0x00, 0x00, 0x00, 0x00, 0x00, 0x00, 0x00, 0x00, 0x00, 0x00, 0x05, 0x55, 0x55, 0x55, 0x55, 0x55, 
    0x55, 0x40, 0x00, 0x15, 0x55, 0x55, 0x55, 0x55, 0x55, 0x55, 0x00, 0x00, 0x00, 0x00, 0x00, 0x00, 
    0x00, 0x05, 0xaa, 0xaa, 0xab, 0xff, 0xff, 0xff, 0xeb, 0xff, 0xbf, 0xff, 0xff, 0xff, 0xff, 0xff, 
    0xff, 0xff, 0xff, 0xff, 0xff, 0xff, 0xff, 0xff, 0xff, 0xff, 0xff, 0xff, 0xff, 0xff, 0xff, 0xe0, 
    0x00, 0x00, 0x00, 0x00, 0x00, 0x00, 0x00, 0x00, 0x00, 0x00, 0x00, 0x00, 0x00, 0x00, 0x00, 0x00, 
    0x00, 0x00, 0x00, 0x00, 0x00, 0x00, 0x00, 0x00, 0x00, 0x00, 0x0a, 0xaa, 0xa4, 0x00, 0x00, 0x00, 
    0x00, 0x00, 0x00, 0x00, 0x00, 0x00, 0x00, 0x00, 0x00, 0x00, 0x00, 0x00, 0x00, 0x00, 0x00, 0x00, 
    0x00, 0x00, 0x00, 0x00, 0x00, 0x00, 0x00, 0x00, 0x00, 0x00, 0x00, 0x00, 0x00, 0x00, 0x00, 0x00, 
    0x00, 0x00, 0x00, 0x00, 0x00, 0x00, 0x00, 0x00, 0x00, 0x00, 0x00, 0x00, 0x00, 0x00, 0x00, 0x00, 
    0x00, 0x00, 0x00, 0x00, 0x00, 0x00, 0x00, 0x00, 0x00, 0x00, 0x00, 0x00, 0x00, 0x00, 0x00, 0x00, 
    0x00, 0x00, 0x00, 0x00, 0x00, 0x00, 0x00, 0x00, 0x00, 0x00, 0x00, 0x00, 0x00, 0x00, 0x00, 0x00, 
    0xff, 0xff, 0xf1, 0xf8, 0x00, 0x00, 0x00, 0x01, 0x14, 0x00, 0x00, 0x00, 0x00, 0x55, 0x00, 0x00, 
    0x00, 0x51, 0x00, 0x00, 0x00, 0x00, 0x00, 0x00, 0x00, 0x00, 0x00, 0x00, 0x00, 0x00, 0x00, 0x00, 
    0x00, 0x00, 0x01, 0x55, 0x55, 0x55, 0x55, 0x54, 0x01, 0x55, 0x55, 0x55, 0x55, 0x00, 0x00, 0x00, 
    0x00, 0x00, 0x00, 0x00, 0x00, 0x00, 0x00, 0x00, 0x00, 0x00, 0x01, 0xaa, 0xaa, 0xbf, 0xff, 0xff, 
    0xfe, 0xff, 0xff, 0xff, 0xff, 0xff, 0xff, 0xff, 0xff, 0xff, 0xff, 0xff, 0xff, 0xff, 0xff, 0xff, 
    0xff, 0xff, 0xff, 0xff, 0xff, 0xff, 0xff, 0xc0, 0x00, 0x00, 0x00, 0x00, 0x00, 0x00, 0x00, 0x00, 
    0x00, 0x00, 0x00, 0x00, 0x00, 0x00, 0x00, 0x00, 0x00, 0x00, 0x00, 0x00, 0x00, 0x00, 0x00, 0x00, 
    0x00, 0x00, 0x06, 0xaa, 0xaa, 0x00, 0x00, 0x00, 0x00, 0x00, 0x00, 0x00, 0x00, 0x00, 0x00, 0x00, 
    0x00, 0x00, 0x00, 0x00, 0x00, 0x00, 0x00, 0x00, 0x00, 0x00, 0x00, 0x00, 0x00, 0x00, 0x00, 0x00, 
    0x00, 0x00, 0x00, 0x00, 0x00, 0x00, 0x00, 0x00, 0x00, 0x00, 0x00, 0x00, 0x00, 0x00, 0x00, 0x00, 
    0x00, 0x00, 0x00, 0x00, 0x00, 0x00, 0x00, 0x00, 0x00, 0x00, 0x00, 0x00, 0x00, 0x00, 0x00, 0x00, 
    0x00, 0x00, 0x00, 0x00, 0x00, 0x00, 0x00, 0x00, 0x00, 0x00, 0x00, 0x00, 0x00, 0x00, 0x00, 0x00, 
    0x00, 0x00, 0x00, 0x00, 0x00, 0x00, 0x00, 0x00, 0xff, 0xff, 0xf4, 0xfc, 0x00, 0x00, 0x01, 0x55, 
    0x14, 0x00, 0x00, 0x00, 0x00, 0x55, 0x40, 0x00, 0x01, 0x55, 0x00, 0x00, 0x00, 0x00, 0x00, 0x00, 
    0x00, 0x00, 0x00, 0x00, 0x00, 0x00, 0x00, 0x00, 0x00, 0x00, 0x01, 0x55, 0x55, 0x50, 0x00, 0x01, 
    0x55, 0x55, 0x54, 0x00, 0x00, 0x00, 0x00, 0x00, 0x00, 0x00, 0x00, 0x00, 0x00, 0x00, 0x00, 0x00, 
    0x00, 0x00, 0x00, 0x01, 0xaa, 0xea, 0xbf, 0xff, 0xff, 0xbf, 0xff, 0xff, 0xff, 0xff, 0xff, 0xff, 
    0xff, 0xff, 0xff, 0xff, 0xff, 0xff, 0xff, 0xff, 0xff, 0xff, 0xff, 0xff, 0xff, 0xff, 0xff, 0x80, 
    0x00, 0x00, 0x00, 0x00, 0x00, 0x00, 0x00, 0x00, 0x00, 0x00, 0x00, 0x00, 0x00, 0x00, 0x00, 0x00, 
    0x00, 0x00, 0x00, 0x00, 0x00, 0x00, 0x00, 0x00, 0x00, 0x00, 0x00, 0xaa, 0xaa, 0x80, 0x00, 0x00, 
    0x00, 0x00, 0x00, 0x00, 0x00, 0x00, 0x00, 0x00, 0x00, 0x00, 0x00, 0x00, 0x00, 0x00, 0x00, 0x00, 
    0x00, 0x00, 0x00, 0x00, 0x00, 0x00, 0x00, 0x00, 0x00, 0x00, 0x00, 0x00, 0x00, 0x00, 0x00, 0x00, 
    0x00, 0x00, 0x00, 0x00, 0x00, 0x00, 0x00, 0x00, 0x00, 0x00, 0x00, 0x00, 0x00, 0x00, 0x00, 0x00, 
    0x00, 0x00, 0x00, 0x00, 0x00, 0x00, 0x00, 0x00, 0x00, 0x00, 0x00, 0x00, 0x00, 0x00, 0x00, 0x00, 
    0x00, 0x00, 0x00, 0x00, 0x00, 0x00, 0x00, 0x00, 0x00, 0x00, 0x00, 0x00, 0x00, 0x00, 0x00, 0x00, 
    0xff, 0xff, 0xfc, 0xbe, 0x00, 0x00, 0x05, 0x54, 0x55, 0x00, 0x00, 0x00, 0x00, 0x15, 0x40, 0x00, 
    0x01, 0x55, 0x40, 0x00, 0x00, 0x00, 0x00, 0x00, 0x00, 0x00, 0x00, 0x00, 0x00, 0x00, 0x00, 0x00, 
    0x00, 0x55, 0x00, 0x00, 0x00, 0x15, 0x55, 0x5a, 0xaa, 0x55, 0x55, 0x55, 0x55, 0x55, 0x00, 0x00, 
    0x00, 0x00, 0x00, 0x00, 0x00, 0x00, 0x00, 0x00, 0x01, 0x55, 0x55, 0x00, 0x00, 0x5a, 0xaa, 0xff, 
    0xff, 0xff, 0xff, 0xff, 0xff, 0xff, 0xff, 0xff, 0xff, 0xff, 0xff, 0xff, 0xff, 0xff, 0xff, 0xff, 
    0xff, 0xff, 0xff, 0xff, 0xff, 0xff, 0xff, 0x00, 0x00, 0x00, 0x00, 0x00, 0x00, 0x00, 0x00, 0x00, 
    0x00, 0x00, 0x00, 0x00, 0x00, 0x00, 0x00, 0x00, 0x00, 0x00, 0x00, 0x00, 0x00, 0x00, 0x00, 0x00, 
    0x00, 0x00, 0x00, 0x2a, 0xaa, 0xa0, 0x00, 0x00, 0x00, 0x00, 0x00, 0x00, 0x00, 0x00, 0x00, 0x00, 
    0x00, 0x00, 0x00, 0x00, 0x00, 0x00, 0x00, 0x00, 0x00, 0x00, 0x00, 0x00, 0x00, 0x00, 0x00, 0x00, 
    0x00, 0x00, 0x00, 0x00, 0x00, 0x00, 0x00, 0x00, 0x00, 0x00, 0x00, 0x00, 0x00, 0x00, 0x00, 0x00, 
    0x00, 0x00, 0x00, 0x00, 0x00, 0x00, 0x00, 0x00, 0x00, 0x00, 0x00, 0x00, 0x00, 0x00, 0x00, 0x00, 
    0x00, 0x00, 0x00, 0x00, 0x00, 0x00, 0x00, 0x00, 0x00, 0x00, 0x00, 0x00, 0x00, 0x00, 0x00, 0x00, 
    0x00, 0x00, 0x00, 0x00, 0x00, 0x00, 0x00, 0x00, 0xff, 0xff, 0xfc, 0xbf, 0x00, 0x00, 0x01, 0x50, 
    0x55, 0x00, 0x00, 0x00, 0x00, 0x15, 0x40, 0x00, 0x01, 0x55, 0x50, 0x00, 0x00, 0x00, 0x00, 0x00, 
    0x00, 0x00, 0x00, 0x00, 0x00, 0x00, 0x00, 0x00, 0x00, 0x00, 0x00, 0x15, 0x55, 0x55, 0x55, 0x56, 
    0xa9, 0x55, 0x55, 0x55, 0x55, 0x55, 0x55, 0x00, 0x00, 0x00, 0x04, 0x00, 0x00, 0x00, 0x00, 0x00, 
    0x00, 0x15, 0x55, 0x50, 0x00, 0x00, 0x1a, 0xaf, 0xff, 0xff, 0xff, 0xff, 0xff, 0xff, 0xff, 0xff, 
    0xff, 0xff, 0xff, 0xff, 0xff, 0xff, 0xff, 0xff, 0xff, 0xff, 0xff, 0xff, 0xff, 0xff, 0xfe, 0x00, 
    0x00, 0x00, 0x00, 0x00, 0x00, 0x00, 0x00, 0x00, 0x00, 0x00, 0x00, 0x00, 0x00, 0x00, 0x00, 0x05, 
    0x00, 0x00, 0x00, 0x00, 0x00, 0x00, 0x00, 0x00, 0x00, 0x00, 0x00, 0x0a, 0xaa, 0xa8, 0x00, 0x00, 
    0x00, 0x00, 0x00, 0x00, 0x00, 0x00, 0x00, 0x00, 0x00, 0x00, 0x00, 0x00, 0x00, 0x00, 0x00, 0x00, 
    0x00, 0x00, 0x00, 0x00, 0x00, 0x00, 0x00, 0x00, 0x00, 0x00, 0x00, 0x00, 0x00, 0x00, 0x00, 0x00, 
    0x00, 0x00, 0x00, 0x00, 0x00, 0x00, 0x00, 0x00, 0x00, 0x00, 0x00, 0x00, 0x00, 0x00, 0x00, 0x00, 
    0x00, 0x00, 0x00, 0x00, 0x00, 0x00, 0x00, 0x00, 0x00, 0x00, 0x00, 0x00, 0x00, 0x00, 0x00, 0x00, 
    0x00, 0x00, 0x00, 0x00, 0x00, 0x00, 0x00, 0x00, 0x00, 0x00, 0x00, 0x00, 0x00, 0x00, 0x00, 0x00, 
    0xff, 0xff, 0xfd, 0x7f, 0x40, 0x00, 0x00, 0x41, 0x55, 0x40, 0x00, 0x00, 0x00, 0x05, 0x40, 0x00, 
    0x05, 0x55, 0x54, 0x00, 0x00, 0x00, 0x00, 0x00, 0x00, 0x00, 0x00, 0x00, 0x00, 0x00, 0x00, 0x00, 
    0x00, 0x00, 0x00, 0x00, 0x00, 0x15, 0x55, 0x55, 0x55, 0x55, 0x55, 0x55, 0x55, 0x55, 0x55, 0x55, 
    0x55, 0x50, 0x50, 0x00, 0x00, 0x00, 0x00, 0x00, 0x00, 0x01, 0x55, 0x50, 0x54, 0x00, 0x00, 0x1b, 
    0xff, 0xff, 0xff, 0xff, 0xff, 0xff, 0xff, 0xff, 0xff, 0xff, 0xff, 0xff, 0xff, 0xff, 0xff, 0xff, 
    0xff, 0xff, 0xff, 0xff, 0xff, 0xff, 0xfc, 0x00, 0x00, 0x00, 0x00, 0x00, 0x00, 0x00, 0x00, 0x00, 
    0x00, 0x00, 0x00, 0x00, 0x00, 0x00, 0x00, 0x00, 0x50, 0x00, 0x00, 0x00, 0x00, 0x00, 0x00, 0x00, 
    0x00, 0x00, 0x00, 0x02, 0xaa, 0xaa, 0x00, 0x00, 0x00, 0x00, 0x00, 0x00, 0x00, 0x00, 0x00, 0x00, 
    0x00, 0x00, 0x00, 0x00, 0x00, 0x00, 0x00, 0x00, 0x00, 0x00, 0x00, 0x00, 0x00, 0x00, 0x00, 0x00, 
    0x00, 0x00, 0x00, 0x00, 0x00, 0x00, 0x00, 0x00, 0x00, 0x00, 0x00, 0x00, 0x00, 0x00, 0x00, 0x00, 
    0x00, 0x00, 0x00, 0x00, 0x00, 0x00, 0x00, 0x00, 0x00, 0x00, 0x00, 0x00, 0x00, 0x00, 0x00, 0x00, 
    0x00, 0x00, 0x00, 0x00, 0x00, 0x00, 0x00, 0x00, 0x00, 0x00, 0x00, 0x00, 0x00, 0x00, 0x00, 0x00, 
    0x00, 0x00, 0x00, 0x00, 0x00, 0x00, 0x00, 0x00, 0xff, 0xff, 0xff, 0x3f, 0x80, 0x00, 0x00, 0x01, 
    0x55, 0x40, 0x00, 0x00, 0x00, 0x05, 0x40, 0x00, 0x05, 0x55, 0x54, 0x00, 0x00, 0x00, 0x00, 0x00, 
    0x00, 0x00, 0x00, 0x00, 0x00, 0x00, 0x00, 0x00, 0x00, 0x00, 0x00, 0x00, 0x15, 0x55, 0x55, 0x55, 
    0x55, 0x55, 0x55, 0x55, 0x55, 0x55, 0x55, 0x55, 0x40, 0x55, 0x55, 0x40, 0x00, 0x00, 0x00, 0x00, 
    0x00, 0x00, 0x05, 0x55, 0x55, 0x50, 0x64, 0x00, 0x5b, 0xff, 0xff, 0xff, 0xff, 0xff, 0xff, 0xff, 
    0xff, 0xff, 0xff, 0xff, 0xff, 0xff, 0xff, 0xff, 0xff, 0xff, 0xff, 0xff, 0xff, 0xff, 0xf4, 0x00, 
    0x00, 0x00, 0x00, 0x00, 0x00, 0x00, 0x00, 0x00, 0x00, 0x00, 0x00, 0x00, 0x00, 0x00, 0x00, 0x00, 
    0x01, 0x40, 0x00, 0x00, 0x00, 0x00, 0x00, 0x00, 0x00, 0x00, 0x00, 0x00, 0xaa, 0xaa, 0x90, 0x00, 
    0x00, 0x00, 0x00, 0x00, 0x00, 0x00, 0x00, 0x00, 0x00, 0x00, 0x00, 0x00, 0x00, 0x00, 0x00, 0x00, 
    0x00, 0x00, 0x00, 0x00, 0x00, 0x00, 0x00, 0x00, 0x00, 0x00, 0x00, 0x00, 0x00, 0x00, 0x00, 0x00, 
    0x00, 0x00, 0x00, 0x00, 0x00, 0x00, 0x00, 0x00, 0x00, 0x00, 0x00, 0x00, 0x00, 0x00, 0x00, 0x00, 
    0x00, 0x00, 0x00, 0x00, 0x00, 0x00, 0x00, 0x00, 0x00, 0x00, 0x00, 0x00, 0x00, 0x00, 0x00, 0x00, 
    0x00, 0x00, 0x00, 0x00, 0x00, 0x00, 0x00, 0x00, 0x00, 0x00, 0x00, 0x00, 0x00, 0x00, 0x00, 0x00, 
    0xff, 0xff, 0xff, 0x2f, 0xc0, 0x00, 0x00, 0x01, 0x55, 0x50, 0x00, 0x00, 0x00, 0x01, 0x40, 0x00, 
    0x05, 0x55, 0x50, 0x00, 0x00, 0x00, 0x00, 0x00, 0x00, 0x00, 0x00, 0x00, 0x00, 0x00, 0x00, 0x00, 
    0x00, 0x00, 0x00, 0x01, 0x55, 0x55, 0x55, 0x55, 0x56, 0xa5, 0x55, 0x55, 0x55, 0x55, 0x55, 0x55, 
    0x55, 0x01, 0x40, 0x00, 0x00, 0x00, 0x00, 0x00, 0x00, 0x00, 0x00, 0x15, 0x55, 0x55, 0x46, 0xf9, 
    0x00, 0xba, 0xff, 0xff, 0xff, 0xff, 0xff, 0xff, 0xff, 0xff, 0xff, 0xff, 0xff, 0xff, 0xff, 0xff, 
    0xff, 0xff, 0xff, 0xff, 0xff, 0xff, 0xe0, 0x00, 0x00, 0x00, 0x00, 0x00, 0x00, 0x00, 0x00, 0x00, 
    0x00, 0x00, 0x00, 0x00, 0x00, 0x00, 0x00, 0x00, 0x00, 0x54, 0x00, 0x00, 0x00, 0x00, 0x00, 0x00, 
    0x00, 0x00, 0x00, 0x00, 0x2a, 0xaa, 0xa4, 0x00, 0x00, 0x00, 0x00, 0x00, 0x00, 0x00, 0x00, 0x00, 
    0x00, 0x00, 0x00, 0x00, 0x00, 0x00, 0x00, 0x00, 0x00, 0x00, 0x00, 0x00, 0x00, 0x00, 0x00, 0x00, 
    0x00, 0x00, 0x00, 0x00, 0x00, 0x00, 0x00, 0x00, 0x00, 0x00, 0x00, 0x00, 0x00, 0x00, 0x00, 0x00, 
    0x00, 0x00, 0x00, 0x00, 0x00, 0x00, 0x00, 0x00, 0x00, 0x00, 0x00, 0x00, 0x00, 0x00, 0x00, 0x00, 
    0x00, 0x00, 0x00, 0x00, 0x00, 0x00, 0x00, 0x00, 0x00, 0x00, 0x00, 0x00, 0x00, 0x00, 0x00, 0x00, 
    0x00, 0x00, 0x00, 0x00, 0x00, 0x00, 0x00, 0x00, 0xff, 0xff, 0xff, 0x5f, 0xd0, 0x00, 0x00, 0x05, 
    0x40, 0x00, 0x00, 0x00, 0x00, 0x01, 0x50, 0x00, 0x05, 0x55, 0x00, 0x10, 0x00, 0x00, 0x00, 0x00, 
    0x00, 0x00, 0x00, 0x00, 0x00, 0x00, 0x00, 0x00, 0x00, 0x00, 0x00, 0x00, 0x15, 0x55, 0x55, 0x55, 
    0x55, 0x55, 0x55, 0x55, 0x55, 0x55, 0x55, 0x55, 0x55, 0x04, 0x00, 0x00, 0x00, 0x00, 0x00, 0x00, 
    0x00, 0x00, 0x00, 0x01, 0x55, 0x55, 0x54, 0x2f, 0xf9, 0x0b, 0xff, 0xff, 0xff, 0xff, 0xff, 0xff, 
    0xff, 0xff, 0xff, 0xff, 0xff, 0xff, 0xff, 0xff, 0xff, 0xff, 0xff, 0xff, 0xff, 0xff, 0xc0, 0x00, 
    0x00, 0x00, 0x00, 0x00, 0x00, 0x00, 0x00, 0x00, 0x00, 0x00, 0x00, 0x00, 0x00, 0x00, 0x00, 0x00, 
    0x00, 0x01, 0x50, 0x00, 0x00, 0x00, 0x00, 0x00, 0x00, 0x00, 0x00, 0x00, 0x4a, 0xaa, 0xa9, 0x00, 
    0x00, 0x00, 0x00, 0x00, 0x00, 0x00, 0x00, 0x00, 0x00, 0x00, 0x00, 0x00, 0x00, 0x00, 0x00, 0x00, 
    0x00, 0x00, 0x00, 0x00, 0x00, 0x00, 0x00, 0x00, 0x00, 0x00, 0x00, 0x00, 0x00, 0x00, 0x00, 0x00, 
    0x00, 0x00, 0x00, 0x00, 0x00, 0x00, 0x00, 0x00, 0x00, 0x00, 0x00, 0x00, 0x00, 0x00, 0x00, 0x00, 
    0x00, 0x00, 0x00, 0x00, 0x00, 0x00, 0x00, 0x00, 0x00, 0x00, 0x00, 0x00, 0x00, 0x00, 0x00, 0x00, 
    0x00, 0x00, 0x00, 0x00, 0x00, 0x00, 0x00, 0x00, 0x00, 0x00, 0x00, 0x00, 0x00, 0x00, 0x00, 0x00, 
    0xff, 0xff, 0xff, 0xcf, 0xf0, 0x00, 0x00, 0x00, 0x54, 0x00, 0x00, 0x00, 0x00, 0x00, 0x50, 0x00, 
    0x05, 0x54, 0x00, 0x40, 0x00, 0x00, 0x00, 0x00, 0x00, 0x00, 0x00, 0x00, 0x00, 0x00, 0x00, 0x00, 
    0x00, 0x00, 0x00, 0x00, 0x05, 0x55, 0x55, 0x55, 0x55, 0x55, 0x55, 0x55, 0x55, 0x55, 0x55, 0x55, 
    0x54, 0x50, 0x00, 0x00, 0x00, 0x00, 0x00, 0x00, 0x00, 0x00, 0x00, 0x00, 0x05, 0x55, 0x55, 0x55, 
    0xff, 0x97, 0xff, 0xff, 0xff, 0xff, 0xff, 0xff, 0xff, 0xff, 0xff, 0xff, 0xff, 0xff, 0xff, 0xff, 
    0xff, 0xff, 0xff, 0xff, 0xff, 0xff, 0x40, 0x00, 0x00, 0x00, 0x00, 0x00, 0x00, 0x00, 0x00, 0x00, 
    0x00, 0x00, 0x00, 0x00, 0x00, 0x00, 0x00, 0x00, 0x00, 0x00, 0x15, 0x40, 0x00, 0x00, 0x40, 0x00, 
    0x00, 0x00, 0x00, 0x00, 0x12, 0xaa, 0xaa, 0x40, 0x00, 0x00, 0x00, 0x00, 0x00, 0x00, 0x00, 0x00, 
    0x00, 0x00, 0x00, 0x00, 0x00, 0x00, 0x00, 0x00, 0x00, 0x00, 0x00, 0x00, 0x00, 0x00, 0x00, 0x00, 
    0x00, 0x00, 0x00, 0x00, 0x00, 0x00, 0x00, 0x00, 0x00, 0x00, 0x00, 0x00, 0x00, 0x00, 0x00, 0x00, 
    0x00, 0x00, 0x00, 0x00, 0x00, 0x00, 0x00, 0x00, 0x00, 0x00, 0x00, 0x00, 0x00, 0x00, 0x00, 0x00, 
    0x00, 0x00, 0x00, 0x00, 0x00, 0x00, 0x00, 0x00, 0x00, 0x00, 0x00, 0x00, 0x00, 0x00, 0x00, 0x00, 
    0x00, 0x00, 0x00, 0x00, 0x00, 0x00, 0x00, 0x00, 0xff, 0xff, 0xff, 0xcb, 0xf4, 0x00, 0x00, 0x00, 
    0x54, 0x00, 0x00, 0x00, 0x00, 0x00, 0x10, 0x00, 0x15, 0x50, 0x05, 0x00, 0x00, 0x00, 0x00, 0x00, 
    0x00, 0x00, 0x00, 0x00, 0x00, 0x00, 0x00, 0x00, 0x00, 0x00, 0x00, 0x00, 0x01, 0x55, 0x55, 0x55, 
    0x55, 0x55, 0x55, 0x55, 0x55, 0x55, 0x55, 0x55, 0x55, 0x40, 0x00, 0x00, 0x00, 0x00, 0x00, 0x00, 
    0x00, 0x00, 0x00, 0x00, 0x00, 0x15, 0x55, 0x55, 0x1b, 0xfe, 0xbf, 0xff, 0xff, 0xff, 0xff, 0xff, 
    0xff, 0xff, 0xff, 0xff, 0xff, 0xff, 0xff, 0xff, 0xff, 0xff, 0xff, 0xff, 0xff, 0xff, 0x00, 0x00, 
    0x00, 0x00, 0x00, 0x00, 0x00, 0x00, 0x00, 0x00, 0x00, 0x00, 0x00, 0x00, 0x00, 0x00, 0x00, 0x00, 
    0x00, 0x00, 0x01, 0x64, 0x00, 0x00, 0x10, 0x00, 0x00, 0x00, 0x00, 0x01, 0x14, 0xaa, 0xaa, 0xa0, 
    0x00, 0x00, 0x00, 0x00, 0x00, 0x00, 0x00, 0x00, 0x00, 0x00, 0x00, 0x00, 0x00, 0x00, 0x00, 0x00, 
    0x00, 0x00, 0x00, 0x00, 0x00, 0x00, 0x00, 0x00, 0x00, 0x00, 0x00, 0x00, 0x00, 0x00, 0x00, 0x00, 
    0x00, 0x00, 0x00, 0x00, 0x00, 0x00, 0x00, 0x00, 0x00, 0x00, 0x00, 0x00, 0x00, 0x00, 0x00, 0x00, 
    0x00, 0x00, 0x00, 0x00, 0x00, 0x00, 0x00, 0x00, 0x00, 0x00, 0x00, 0x00, 0x00, 0x00, 0x00, 0x00, 
    0x00, 0x00, 0x00, 0x00, 0x00, 0x00, 0x00, 0x00, 0x00, 0x00, 0x00, 0x00, 0x00, 0x00, 0x00, 0x00, 
    0xff, 0xff, 0xff, 0xd3, 0xf8, 0x00, 0x00, 0x00, 0x54, 0x00, 0x00, 0x00, 0x00, 0x00, 0x04, 0x00, 
    0x15, 0x50, 0x14, 0x00, 0x00, 0x00, 0x00, 0x00, 0x00, 0x00, 0x00, 0x00, 0x00, 0x00, 0x00, 0x00, 
    0x00, 0x00, 0x00, 0x00, 0x00, 0x55, 0x55, 0x55, 0x55, 0x6a, 0x55, 0x55, 0x55, 0x55, 0x55, 0x55, 
    0x14, 0x00, 0x00, 0x00, 0x00, 0x00, 0x00, 0x00, 0x00, 0x00, 0x00, 0x00, 0x00, 0x01, 0x55, 0x55, 
    0x52, 0xff, 0xef, 0xff, 0xff, 0xff, 0xff, 0xff, 0xff, 0xff, 0xff, 0xff, 0xff, 0xff, 0xff, 0xff, 
    0xff, 0xff, 0xff, 0xff, 0xff, 0xfc, 0x00, 0x00, 0x00, 0x00, 0x00, 0x00, 0x00, 0x00, 0x00, 0x00, 
    0x00, 0x00, 0x00, 0x00, 0x00, 0x00, 0x00, 0x00, 0x00, 0x00, 0x00, 0x06, 0x40, 0x00, 0x05, 0x00, 
    0x00, 0x00, 0x00, 0x00, 0x4a, 0x2a, 0xaa, 0xa8, 0x00, 0x00, 0x00, 0x00, 0x00, 0x00, 0x00, 0x00, 
    0x00, 0x00, 0x00, 0x00, 0x00, 0x00, 0x00, 0x00, 0x00, 0x00, 0x00, 0x00, 0x00, 0x00, 0x00, 0x00, 
    0x00, 0x00, 0x00, 0x00, 0x00, 0x00, 0x00, 0x00, 0x00, 0x00, 0x00, 0x00, 0x00, 0x00, 0x00, 0x00, 
    0x00, 0x00, 0x00, 0x00, 0x00, 0x00, 0x00, 0x00, 0x00, 0x00, 0x00, 0x00, 0x00, 0x00, 0x00, 0x00, 
    0x00, 0x00, 0x00, 0x00, 0x00, 0x00, 0x00, 0x00, 0x00, 0x00, 0x00, 0x00, 0x00, 0x00, 0x00, 0x00, 
    0x00, 0x00, 0x00, 0x00, 0x00, 0x00, 0x00, 0x00, 0xff, 0xff, 0xff, 0xf2, 0xfd, 0x00, 0x00, 0x00, 
    0x54, 0x00, 0x00, 0x00, 0x00, 0x00, 0x01, 0x00, 0x15, 0x41, 0x54, 0x04, 0x00, 0x00, 0x00, 0x00, 
    0x00, 0x00, 0x00, 0x00, 0x00, 0x00, 0x00, 0x00, 0x00, 0x00, 0x00, 0x00, 0x00, 0x05, 0x55, 0x55, 
    0x56, 0xa5, 0x55, 0x55, 0x55, 0x55, 0x55, 0x51, 0x50, 0x00, 0x00, 0x00, 0x00, 0x00, 0x00, 0x00, 
    0x00, 0x00, 0x00, 0x00, 0x00, 0x00, 0x55, 0x55, 0x55, 0x6f, 0xfe, 0xbf, 0xd9, 0x5f, 0xff, 0xff, 
    0xff, 0xff, 0xff, 0xff, 0xff, 0xff, 0xff, 0xff, 0xff, 0xff, 0xff, 0xff, 0xff, 0xf4, 0x00, 0x00, 
    0x00, 0x00, 0x00, 0x00, 0x00, 0x00, 0x00, 0x00, 0x00, 0x00, 0x00, 0x00, 0x00, 0x00, 0x00, 0x00, 
    0x00, 0x00, 0x00, 0x00, 0x69, 0x00, 0x01, 0x50, 0x00, 0x00, 0x00, 0x00, 0x02, 0x9a, 0xaa, 0xaa, 
    0x00, 0x00, 0x00, 0x00, 0x00, 0x00, 0x00, 0x00, 0x00, 0x00, 0x00, 0x00, 0x00, 0x00, 0x00, 0x00, 
    0x00, 0x00, 0x00, 0x00, 0x00, 0x00, 0x00, 0x00, 0x00, 0x00, 0x00, 0x00, 0x00, 0x00, 0x00, 0x00, 
    0x00, 0x00, 0x00, 0x00, 0x00, 0x00, 0x00, 0x00, 0x00, 0x00, 0x00, 0x00, 0x00, 0x00, 0x00, 0x00, 
    0x00, 0x00, 0x00, 0x00, 0x00, 0x00, 0x00, 0x00, 0x00, 0x00, 0x00, 0x00, 0x00, 0x00, 0x00, 0x00, 
    0x00, 0x00, 0x00, 0x00, 0x00, 0x00, 0x00, 0x00, 0x00, 0x00, 0x00, 0x00, 0x00, 0x00, 0x00, 0x00, 
    0xff, 0xff, 0xff, 0xf1, 0xfe, 0x00, 0x00, 0x00, 0x54, 0x00, 0x00, 0x00, 0x00, 0x00, 0x00, 0x40, 
    0x05, 0x05, 0x55, 0x50, 0x00, 0x00, 0x00, 0x00, 0x00, 0x00, 0x00, 0x00, 0x00, 0x00, 0x00, 0x00, 
    0x00, 0x00, 0x00, 0x00, 0x00, 0x01, 0x55, 0x55, 0x55, 0x55, 0x55, 0x55, 0x55, 0x55, 0x55, 0x55, 
    0x40, 0x00, 0x00, 0x00, 0x00, 0x00, 0x00, 0x00, 0x00, 0x00, 0x00, 0x00, 0x00, 0x00, 0x05, 0x55, 
    0x55, 0x57, 0xf9, 0xd0, 0x09, 0x03, 0xff, 0xff, 0xff, 0xff, 0xff, 0xff, 0xff, 0xff, 0xff, 0xff, 
    0xff, 0xff, 0xff, 0xff, 0xff, 0xe0, 0x00, 0x00, 0x00, 0x00, 0x00, 0x00, 0x00, 0x00, 0x00, 0x00, 
    0x00, 0x00, 0x00, 0x00, 0x00, 0x00, 0x00, 0x00, 0x00, 0x00, 0x00, 0x00, 0x05, 0x10, 0x00, 0x54, 
    0x00, 0x00, 0x00, 0x00, 0x01, 0x96, 0xaa, 0xaa, 0x80, 0x00, 0x00, 0x00, 0x00, 0x00, 0x00, 0x00, 
    0x00, 0x00, 0x00, 0x00, 0x00, 0x00, 0x00, 0x00, 0x00, 0x00, 0x00, 0x00, 0x00, 0x00, 0x00, 0x00, 
    0x00, 0x00, 0x00, 0x00, 0x00, 0x00, 0x00, 0x00, 0x00, 0x00, 0x00, 0x00, 0x00, 0x00, 0x00, 0x00, 
    0x00, 0x00, 0x00, 0x00, 0x00, 0x00, 0x00, 0x00, 0x00, 0x00, 0x00, 0x00, 0x00, 0x00, 0x00, 0x00, 
    0x00, 0x00, 0x00, 0x00, 0x00, 0x00, 0x00, 0x00, 0x00, 0x00, 0x00, 0x00, 0x00, 0x00, 0x00, 0x00, 
    0x00, 0x00, 0x00, 0x00, 0x00, 0x00, 0x00, 0x00, 0xff, 0xff, 0xff, 0xf4, 0xff, 0x40, 0x00, 0x00, 
    0x54, 0x00, 0x00, 0x04, 0x00, 0x00, 0x00, 0x00, 0x04, 0x01, 0x55, 0x54, 0x00, 0x00, 0x00, 0x00, 
    0x00, 0x00, 0x00, 0x00, 0x00, 0x00, 0x00, 0x00, 0x00, 0x00, 0x00, 0x00, 0x00, 0x01, 0x55, 0x55, 
    0x56, 0xaa, 0x55, 0x55, 0x55, 0x55, 0x55, 0x55, 0x00, 0x00, 0x00, 0x00, 0x00, 0x00, 0x00, 0x00, 
    0x00, 0x00, 0x00, 0x00, 0x00, 0x05, 0x00, 0x55, 0x55, 0x55, 0xa0, 0x01, 0xaa, 0xa6, 0xff, 0xff, 
    0xff, 0xff, 0xff, 0xff, 0xff, 0xff, 0xff, 0xff, 0xff, 0xff, 0xff, 0xff, 0xff, 0xc0, 0x00, 0x00, 
    0x00, 0x00, 0x00, 0x00, 0x00, 0x00, 0x00, 0x00, 0x00, 0x00, 0x00, 0x00, 0x00, 0x00, 0x00, 0x00, 
    0x00, 0x00, 0x00, 0x00, 0x00, 0x3d, 0x00, 0x15, 0x40, 0x00, 0x00, 0x00, 0x00, 0x65, 0xaa, 0xaa, 
    0xa4, 0x00, 0x00, 0x00, 0x00, 0x00, 0x00, 0x00, 0x00, 0x00, 0x00, 0x00, 0x00, 0x00, 0x00, 0x00, 
    0x00, 0x00, 0x00, 0x00, 0x00, 0x00, 0x00, 0x00, 0x00, 0x00, 0x00, 0x00, 0x00, 0x00, 0x00, 0x00, 
    0x00, 0x00, 0x00, 0x00, 0x00, 0x00, 0x00, 0x00, 0x00, 0x00, 0x00, 0x00, 0x00, 0x00, 0x00, 0x00, 
    0x00, 0x00, 0x00, 0x00, 0x00, 0x00, 0x00, 0x00, 0x00, 0x00, 0x00, 0x00, 0x00, 0x00, 0x00, 0x00, 
    0x00, 0x00, 0x00, 0x00, 0x00, 0x00, 0x00, 0x00, 0x00, 0x00, 0x00, 0x00, 0x00, 0x00, 0x00, 0x00, 
    0xff, 0xff, 0xff, 0xfc, 0xbf, 0xc0, 0x00, 0x00, 0x54, 0x00, 0x00, 0x05, 0x40, 0x00, 0x00, 0x00, 
    0x00, 0x01, 0x55, 0x54, 0x00, 0x00, 0x00, 0x00, 0x00, 0x00, 0x00, 0x00, 0x00, 0x00, 0x00, 0x00, 
    0x00, 0x00, 0x00, 0x00, 0x00, 0x00, 0x55, 0x55, 0x55, 0x55, 0x55, 0x55, 0x55, 0x55, 0x45, 0x50, 
    0x00, 0x00, 0x00, 0x00, 0x00, 0x00, 0x00, 0x00, 0x00, 0x00, 0x00, 0x00, 0x00, 0x00, 0x50, 0x05, 
    0x55, 0x55, 0x00, 0x15, 0x56, 0xa8, 0xff, 0xff, 0xff, 0xff, 0xff, 0xff, 0xff, 0xff, 0xff, 0xff, 
    0xff, 0xff, 0xff, 0xff, 0xff, 0x40, 0x00, 0x00, 0x00, 0x00, 0x00, 0x00, 0x00, 0x00, 0x00, 0x00, 
    0x00, 0x00, 0x00, 0x00, 0x00, 0x00, 0x00, 0x00, 0x00, 0x00, 0x00, 0x00, 0x00, 0x1f, 0x90, 0x05, 
    0x50, 0x00, 0x00, 0x00, 0x00, 0x29, 0xaa, 0xaa, 0xa9, 0x00, 0x00, 0x00, 0x00, 0x00, 0x00, 0x00, 
    0x00, 0x00, 0x00, 0x00, 0x00, 0x00, 0x00, 0x00, 0x00, 0x00, 0x00, 0x00, 0x00, 0x00, 0x00, 0x00, 
    0x00, 0x00, 0x00, 0x00, 0x00, 0x00, 0x00, 0x00, 0x00, 0x00, 0x00, 0x00, 0x00, 0x00, 0x00, 0x00, 
    0x00, 0x00, 0x00, 0x00, 0x00, 0x00, 0x00, 0x00, 0x00, 0x00, 0x00, 0x00, 0x00, 0x00, 0x00, 0x00, 
    0x00, 0x00, 0x00, 0x00, 0x00, 0x00, 0x00, 0x00, 0x00, 0x00, 0x00, 0x00, 0x00, 0x00, 0x00, 0x00, 
    0x00, 0x00, 0x00, 0x00, 0x00, 0x00, 0x00, 0x00, 0xff, 0xff, 0xff, 0xfd, 0x7f, 0xe0, 0x00, 0x00, 
    0x55, 0x00, 0x00, 0x05, 0x50, 0x00, 0x00, 0x00, 0x00, 0x01, 0x55, 0x54, 0x00, 0x00, 0x00, 0x00, 
    0x00, 0x00, 0x00, 0x00, 0x00, 0x00, 0x00, 0x00, 0x00, 0x00, 0x00, 0x00, 0x00, 0x00, 0x55, 0x55, 
    0x55, 0x55, 0x55, 0x55, 0x55, 0x54, 0x55, 0x04, 0x00, 0x00, 0x00, 0x00, 0x00, 0x00, 0x00, 0x00, 
    0x00, 0x00, 0x00, 0x00, 0x00, 0x00, 0x00, 0x00, 0x15, 0x54, 0x00, 0x16, 0xaa, 0xa9, 0x7f, 0xff, 
    0xff, 0xff, 0xff, 0xff, 0xff, 0xff, 0xff, 0xff, 0xff, 0xff, 0xff, 0xff, 0xfd, 0x00, 0x00, 0x00, 
    0x00, 0x00, 0x00, 0x00, 0x00, 0x00, 0x00, 0x00, 0x00, 0x00, 0x00, 0x00, 0x00, 0x00, 0x00, 0x00, 
    0x00, 0x00, 0x00, 0x00, 0x00, 0x2f, 0xf8, 0x00, 0x00, 0x00, 0x00, 0x00, 0x00, 0x0a, 0x6a, 0xaa, 
    0xaa, 0x40, 0x00, 0x00, 0x00, 0x00, 0x00, 0x00, 0x00, 0x00, 0x00, 0x00, 0x00, 0x00, 0x00, 0x00, 
    0x00, 0x00, 0x00, 0x00, 0x00, 0x00, 0x00, 0x00, 0x00, 0x00, 0x00, 0x00, 0x00, 0x00, 0x00, 0x00, 
    0x00, 0x00, 0x00, 0x00, 0x00, 0x00, 0x00, 0x00, 0x00, 0x00, 0x00, 0x00, 0x00, 0x00, 0x00, 0x00, 
    0x00, 0x00, 0x00, 0x00, 0x00, 0x00, 0x00, 0x00, 0x00, 0x00, 0x00, 0x00, 0x00, 0x00, 0x00, 0x00, 
    0x00, 0x00, 0x00, 0x00, 0x00, 0x00, 0x00, 0x00, 0x00, 0x00, 0x00, 0x00, 0x00, 0x00, 0x00, 0x00, 
    0xff, 0xff, 0xff, 0xfe, 0x2f, 0xf0, 0x00, 0x40, 0x55, 0x00, 0x00, 0x05, 0x50, 0x00, 0x00, 0x00, 
    0x00, 0x01, 0x55, 0x55, 0x00, 0x00, 0x00, 0x00, 0x00, 0x00, 0x00, 0x00, 0x00, 0x00, 0x00, 0x00, 
    0x00, 0x00, 0x00, 0x00, 0x00, 0x00, 0x15, 0x55, 0x55, 0x55, 0x55, 0x55, 0x55, 0x45, 0x50, 0x50, 
    0x00, 0x00, 0x00, 0x00, 0x00, 0x00, 0x00, 0x00, 0x00, 0x00, 0x00, 0x00, 0x00, 0x00, 0x00, 0x00, 
    0x00, 0x00, 0x00, 0x0a, 0xaa, 0xba, 0x1f, 0xff, 0xff, 0xff, 0xff, 0xff, 0xff, 0xff, 0xff, 0xff, 
    0xff, 0xff, 0xff, 0xff, 0xf8, 0x00, 0x00, 0x00, 0x00, 0x00, 0x00, 0x00, 0x00, 0x00, 0x00, 0x00, 
    0x00, 0x00, 0x00, 0x00, 0x00, 0x00, 0x00, 0x00, 0x00, 0x00, 0x00, 0x00, 0x00, 0x2f, 0xfe, 0x50, 
    0x00, 0x10, 0x00, 0x00, 0x00, 0x06, 0x9a, 0xaa, 0xaa, 0x90, 0x00, 0x00, 0x00, 0x00, 0x00, 0x00, 
    0x00, 0x00, 0x00, 0x00, 0x00, 0x00, 0x00, 0x00, 0x00, 0x00, 0x00, 0x00, 0x00, 0x00, 0x00, 0x00, 
    0x00, 0x00, 0x00, 0x00, 0x00, 0x00, 0x00, 0x00, 0x00, 0x00, 0x00, 0x00, 0x00, 0x00, 0x00, 0x00, 
    0x00, 0x00, 0x00, 0x00, 0x00, 0x00, 0x00, 0x00, 0x00, 0x00, 0x00, 0x00, 0x00, 0x00, 0x00, 0x00, 
    0x00, 0x00, 0x00, 0x00, 0x00, 0x00, 0x00, 0x00, 0x00, 0x00, 0x00, 0x00, 0x00, 0x00, 0x00, 0x00, 
    0x00, 0x00, 0x00, 0x00, 0x00, 0x00, 0x00, 0x00, 0xff, 0xff, 0xff, 0xff, 0x1f, 0xf8, 0x00, 0x40, 
    0x55, 0x40, 0x01, 0x15, 0x00, 0x00, 0x00, 0x00, 0x00, 0x00, 0x55, 0x55, 0x00, 0x00, 0x00, 0x00, 
    0x00, 0x00, 0x00, 0x00, 0x00, 0x00, 0x00, 0x00, 0x00, 0x00, 0x00, 0x00, 0x00, 0x00, 0x05, 0x55, 
    0x55, 0x55, 0x55, 0x55, 0x54, 0x55, 0x45, 0x50, 0x00, 0x00, 0x00, 0x00, 0x00, 0x00, 0x00, 0x00, 
    0x00, 0x00, 0x00, 0x00, 0x00, 0x00, 0x00, 0x01, 0x9a, 0x64, 0x00, 0x15, 0xaa, 0xea, 0x9f, 0xff, 
    0xff, 0xff, 0xff, 0xff, 0xff, 0xff, 0xff, 0xff, 0xff, 0xff, 0xff, 0xff, 0xe0, 0x00, 0x00, 0x00, 
    0x00, 0x00, 0x00, 0x00, 0x00, 0x00, 0x00, 0x00, 0x00, 0x00, 0x00, 0x00, 0x00, 0x00, 0x00, 0x5a, 
    0x56, 0xaa, 0x55, 0x00, 0x00, 0x1f, 0xff, 0x94, 0x00, 0x04, 0x00, 0x00, 0x00, 0x02, 0xa6, 0xaa, 
    0xaa, 0xa8, 0x00, 0x00, 0x00, 0x00, 0x00, 0x00, 0x00, 0x00, 0x00, 0x00, 0x00, 0x00, 0x00, 0x00, 
    0x00, 0x00, 0x00, 0x00, 0x00, 0x00, 0x00, 0x00, 0x00, 0x00, 0x00, 0x00, 0x00, 0x00, 0x00, 0x00, 
    0x00, 0x00, 0x00, 0x00, 0x00, 0x00, 0x00, 0x00, 0x00, 0x00, 0x00, 0x00, 0x00, 0x00, 0x00, 0x00, 
    0x00, 0x00, 0x00, 0x00, 0x00, 0x00, 0x00, 0x00, 0x00, 0x00, 0x00, 0x00, 0x00, 0x00, 0x00, 0x00, 
    0x00, 0x00, 0x00, 0x00, 0x00, 0x00, 0x00, 0x00, 0x00, 0x00, 0x00, 0x00, 0x00, 0x00, 0x00, 0x00, 
    0xff, 0xff, 0xff, 0xff, 0x8f, 0xfe, 0x00, 0x40, 0x55, 0x50, 0x14, 0x14, 0x00, 0x40, 0x00, 0x00, 
    0x00, 0x00, 0x15, 0x55, 0x00, 0x00, 0x00, 0x00, 0x00, 0x00, 0x00, 0x00, 0x00, 0x00, 0x00, 0x00, 
    0x00, 0x00, 0x00, 0x00, 0x00, 0x00, 0x05, 0x55, 0x55, 0x55, 0x55, 0x55, 0x45, 0x54, 0x15, 0x40, 
    0x00, 0x00, 0x00, 0x00, 0x00, 0x00, 0x00, 0x00, 0x00, 0x00, 0x55, 0x44, 0x00, 0x00, 0x5b, 0xff, 
    0xef, 0xb0, 0x00, 0x00, 0x1a, 0xaa, 0x8f, 0xff, 0xff, 0xff, 0xff, 0xff, 0xff, 0xff, 0xff, 0xff, 
    0xff, 0xff, 0xff, 0xff, 0x80, 0x00, 0x00, 0x00, 0x00, 0x00, 0x00, 0x00, 0x00, 0x00, 0x00, 0x00, 
    0x00, 0x00, 0x00, 0x00, 0x00, 0x00, 0x00, 0x00, 0x15, 0x56, 0xbf, 0xf9, 0x40, 0x06, 0xbf, 0xf6, 
    0x00, 0x05, 0x40, 0x00, 0x00, 0x00, 0xa6, 0xaa, 0xaa, 0xaa, 0x00, 0x00, 0x00, 0x00, 0x00, 0x00, 
    0x00, 0x00, 0x00, 0x00, 0x00, 0x00, 0x00, 0x00, 0x00, 0x00, 0x00, 0x00, 0x00, 0x00, 0x00, 0x00, 
    0x00, 0x00, 0x00, 0x00, 0x00, 0x00, 0x00, 0x00, 0x00, 0x00, 0x00, 0x00, 0x00, 0x00, 0x00, 0x00, 
    0x00, 0x00, 0x00, 0x00, 0x00, 0x00, 0x00, 0x00, 0x00, 0x00, 0x00, 0x00, 0x00, 0x00, 0x00, 0x00, 
    0x00, 0x00, 0x00, 0x00, 0x00, 0x00, 0x00, 0x00, 0x00, 0x00, 0x00, 0x00, 0x00, 0x00, 0x00, 0x00, 
    0x00, 0x00, 0x00, 0x00, 0x00, 0x00, 0x00, 0x00, 0xff, 0xff, 0xff, 0xff, 0xcb, 0xff, 0x40, 0x50, 
    0x55, 0x41, 0x50, 0x10, 0x01, 0x40, 0x00, 0x00, 0x00, 0x00, 0x55, 0x55, 0x40, 0x00, 0x00, 0x00, 
    0x00, 0x00, 0x00, 0x00, 0x00, 0x00, 0x00, 0x00, 0x00, 0x00, 0x00, 0x00, 0x00, 0x00, 0x01, 0x55, 
    0x55, 0x55, 0x55, 0x50, 0x55, 0x41, 0x55, 0x00, 0x00, 0x00, 0x00, 0x00, 0x00, 0x00, 0x00, 0x00, 
    0x04, 0x00, 0x15, 0x00, 0x5b, 0x6a, 0xbf, 0xfe, 0xbf, 0x90, 0x00, 0x00, 0x1a, 0xaa, 0xa2, 0xff, 
    0xff, 0xff, 0xff, 0xff, 0xff, 0xff, 0xff, 0xff, 0xff, 0xff, 0xff, 0xfe, 0x00, 0x00, 0x00, 0x00, 
    0x00, 0x00, 0x00, 0x00, 0x00, 0x00, 0x00, 0x00, 0x00, 0x00, 0x00, 0x00, 0x00, 0x00, 0x00, 0x00, 
    0x00, 0x00, 0x01, 0xaf, 0xf9, 0x00, 0x16, 0xfd, 0x90, 0x41, 0x50, 0x00, 0x00, 0x00, 0x69, 0xaa, 
    0xaa, 0xaa, 0x80, 0x00, 0x00, 0x00, 0x00, 0x00, 0x00, 0x00, 0x00, 0x00, 0x00, 0x00, 0x00, 0x00, 
    0x00, 0x00, 0x00, 0x00, 0x00, 0x00, 0x00, 0x00, 0x00, 0x00, 0x00, 0x00, 0x00, 0x00, 0x00, 0x00, 
    0x00, 0x00, 0x00, 0x00, 0x00, 0x00, 0x00, 0x00, 0x00, 0x00, 0x00, 0x00, 0x00, 0x00, 0x00, 0x00, 
    0x00, 0x00, 0x00, 0x00, 0x00, 0x00, 0x00, 0x00, 0x00, 0x00, 0x00, 0x00, 0x00, 0x00, 0x00, 0x00, 
    0x00, 0x00, 0x00, 0x00, 0x00, 0x00, 0x00, 0x00, 0x00, 0x00, 0x00, 0x00, 0x00, 0x00, 0x00, 0x00, 
    0xff, 0xff, 0xff, 0xff, 0xd3, 0xff, 0xc0, 0x50, 0x55, 0x05, 0x50, 0x00, 0x01, 0x00, 0x00, 0x00, 
    0x00, 0x01, 0x55, 0x55, 0x40, 0x00, 0x00, 0x00, 0x00, 0x00, 0x00, 0x00, 0x00, 0x00, 0x00, 0x00, 
    0x00, 0x00, 0x00, 0x00, 0x00, 0x00, 0x00, 0x00, 0x01, 0x55, 0x40, 0x05, 0x55, 0x15, 0x55, 0x00, 
    0x00, 0x00, 0x00, 0x00, 0x00, 0x00, 0x00, 0x00, 0x00, 0x00, 0x01, 0xaf, 0xfe, 0xaa, 0xff, 0xfe, 
    0xbd, 0x80, 0x14, 0x00, 0x1a, 0xaa, 0xa2, 0xff, 0xff, 0xff, 0xff, 0xff, 0xff, 0xff, 0xff, 0xff, 
    0xff, 0xff, 0xff, 0xf8, 0x00, 0x00, 0x00, 0x00, 0x00, 0x00, 0x00, 0x00, 0x00, 0x00, 0x00, 0x00, 
    0x00, 0x00, 0x00, 0x00, 0x00, 0x00, 0x00, 0x00, 0x00, 0x50, 0x00, 0x00, 0x04, 0x00, 0x00, 0x6f, 
    0x68, 0x10, 0x00, 0x00, 0x00, 0x00, 0x2a, 0x6a, 0xaa, 0xaa, 0xa4, 0x00, 0x00, 0x00, 0x00, 0x00, 
    0x00, 0x00, 0x00, 0x00, 0x00, 0x00, 0x00, 0x00, 0x00, 0x00, 0x00, 0x00, 0x00, 0x00, 0x00, 0x00, 
    0x00, 0x00, 0x00, 0x00, 0x00, 0x00, 0x00, 0x00, 0x00, 0x00, 0x00, 0x00, 0x00, 0x00, 0x00, 0x00, 
    0x00, 0x00, 0x00, 0x00, 0x00, 0x00, 0x00, 0x00, 0x00, 0x00, 0x00, 0x00, 0x00, 0x00, 0x00, 0x00, 
    0x00, 0x00, 0x00, 0x00, 0x00, 0x00, 0x00, 0x00, 0x00, 0x00, 0x00, 0x00, 0x00, 0x00, 0x00, 0x00, 
    0x00, 0x00, 0x00, 0x00, 0x00, 0x00, 0x00, 0x00, 0xff, 0xff, 0xff, 0xff, 0xf2, 0xff, 0xe0, 0x20, 
    0x00, 0x19, 0x40, 0x00, 0x01, 0x00, 0x00, 0x00, 0x00, 0x00, 0x15, 0x55, 0x50, 0x00, 0x00, 0x00, 
    0x00, 0x00, 0x00, 0x00, 0x00, 0x00, 0x00, 0x00, 0x00, 0x00, 0x00, 0x00, 0x00, 0x00, 0x00, 0x00, 
    0x00, 0x00, 0x55, 0x55, 0x55, 0x55, 0x54, 0x00, 0x00, 0x00, 0x00, 0x00, 0x00, 0x00, 0x00, 0x00, 
    0x00, 0x01, 0xbf, 0xff, 0xfa, 0xab, 0xff, 0xf9, 0xbd, 0x40, 0xbd, 0x00, 0x1a, 0xaa, 0xa5, 0xff, 
    0xff, 0xff, 0xff, 0xff, 0xff, 0xff, 0xff, 0xff, 0xff, 0xff, 0xff, 0xe0, 0x00, 0x00, 0x00, 0x00, 
    0x00, 0x00, 0x00, 0x00, 0x00, 0x00, 0x00, 0x00, 0x00, 0x00, 0x00, 0x00, 0x00, 0x15, 0xaa, 0xff, 
    0xff, 0xff, 0x40, 0x00, 0x00, 0x00, 0x00, 0x06, 0xd5, 0x04, 0x00, 0x00, 0x00, 0x00, 0x0a, 0x6a, 
    0xaa, 0xaa, 0xa9, 0x00, 0x00, 0x00, 0x00, 0x00, 0x00, 0x00, 0x00, 0x00, 0x00, 0x00, 0x00, 0x00, 
    0x00, 0x00, 0x00, 0x00, 0x00, 0x00, 0x00, 0x00, 0x00, 0x00, 0x00, 0x00, 0x00, 0x00, 0x00, 0x00, 
    0x00, 0x00, 0x00, 0x00, 0x00, 0x00, 0x00, 0x00, 0x00, 0x00, 0x00, 0x00, 0x00, 0x00, 0x00, 0x00, 
    0x00, 0x00, 0x00, 0x00, 0x00, 0x00, 0x00, 0x00, 0x00, 0x00, 0x00, 0x00, 0x00, 0x00, 0x00, 0x00, 
    0x00, 0x00, 0x00, 0x00, 0x00, 0x00, 0x00, 0x00, 0x00, 0x00, 0x00, 0x00, 0x00, 0x00, 0x00, 0x00, 
    0xff, 0xff, 0xff, 0xff, 0xf5, 0xff, 0xf4, 0x24, 0x01, 0x75, 0x40, 0x00, 0x04, 0x00, 0x00, 0x00, 
    0x00, 0x00, 0x00, 0x50, 0x00, 0x00, 0x00, 0x00, 0x00, 0x00, 0x00, 0x00, 0x00, 0x00, 0x00, 0x00, 
    0x00, 0x00, 0x00, 0x00, 0x00, 0x00, 0x00, 0x00, 0x05, 0x55, 0x55, 0x55, 0x55, 0x55, 0x50, 0x00, 
    0x00, 0x00, 0x00, 0x00, 0x00, 0x00, 0x00, 0x00, 0x00, 0x05, 0x5a, 0xff, 0xe6, 0xab, 0xff, 0xe9, 
    0xf9, 0x00, 0xfc, 0x00, 0x6a, 0xaa, 0xa0, 0xff, 0xff, 0xff, 0xff, 0xff, 0xff, 0xff, 0xff, 0xff, 
    0xff, 0xff, 0xff, 0x40, 0x00, 0x00, 0x00, 0x00, 0x00, 0x00, 0x00, 0x00, 0x00, 0x00, 0x00, 0x00, 
    0x00, 0x00, 0x00, 0x16, 0xbf, 0xff, 0xff, 0xff, 0xff, 0xff, 0xfe, 0x40, 0x00, 0x0a, 0x40, 0x00, 
    0x59, 0x00, 0x00, 0x00, 0x00, 0x00, 0x06, 0x9a, 0xaa, 0xaa, 0xaa, 0x40, 0x00, 0x00, 0x00, 0x00, 
    0x00, 0x00, 0x00, 0x00, 0x00, 0x00, 0x00, 0x00, 0x00, 0x00, 0x00, 0x00, 0x00, 0x00, 0x00, 0x00, 
    0x00, 0x00, 0x00, 0x00, 0x00, 0x00, 0x00, 0x00, 0x00, 0x00, 0x00, 0x00, 0x00, 0x00, 0x00, 0x00, 
    0x00, 0x00, 0x00, 0x00, 0x00, 0x00, 0x00, 0x00, 0x00, 0x00, 0x00, 0x00, 0x00, 0x00, 0x00, 0x00, 
    0x00, 0x00, 0x00, 0x00, 0x00, 0x00, 0x00, 0x00, 0x00, 0x00, 0x00, 0x00, 0x00, 0x00, 0x00, 0x00, 
    0x00, 0x00, 0x00, 0x00, 0x00, 0x00, 0x00, 0x00, 0xff, 0xff, 0xff, 0xff, 0xfc, 0xbf, 0xfc, 0x28, 
    0x05, 0xe5, 0x00, 0x00, 0x04, 0x00, 0x00, 0x10, 0x00, 0x00, 0x00, 0x00, 0x00, 0x00, 0x00, 0x00, 
    0x00, 0x00, 0x00, 0x00, 0x00, 0x00, 0x00, 0x00, 0x00, 0x00, 0x00, 0x00, 0x00, 0x00, 0x05, 0x55, 
    0x55, 0x51, 0x55, 0x55, 0x55, 0x55, 0x40, 0x00, 0x00, 0x00, 0x00, 0x00, 0x00, 0x00, 0x00, 0x00, 
    0x01, 0x55, 0x55, 0x45, 0x4a, 0xff, 0xff, 0xe5, 0xf4, 0x01, 0xf0, 0x01, 0xa9, 0xaa, 0xa0, 0x3f, 
    0xff, 0xff, 0xff, 0xff, 0xff, 0xff, 0xff, 0xff, 0xff, 0xff, 0xfd, 0x00, 0x00, 0x00, 0x00, 0x00, 
    0x00, 0x00, 0x00, 0x00, 0x00, 0x00, 0x00, 0x00, 0x00, 0x01, 0x6b, 0xff, 0xff, 0xff, 0xff, 0xff, 
    0xff, 0xff, 0xff, 0xf9, 0x00, 0x0a, 0xa4, 0x00, 0x06, 0x90, 0x00, 0x00, 0x00, 0x00, 0x02, 0x9a, 
    0xaa, 0xaa, 0xaa, 0x90, 0x00, 0x00, 0x00, 0x00, 0x00, 0x00, 0x00, 0x00, 0x00, 0x00, 0x00, 0x00, 
    0x00, 0x00, 0x00, 0x00, 0x00, 0x00, 0x00, 0x00, 0x00, 0x00, 0x00, 0x00, 0x00, 0x00, 0x00, 0x00, 
    0x00, 0x00, 0x00, 0x00, 0x00, 0x00, 0x00, 0x00, 0x00, 0x00, 0x00, 0x00, 0x00, 0x00, 0x00, 0x00, 
    0x00, 0x00, 0x00, 0x00, 0x00, 0x00, 0x00, 0x00, 0x00, 0x00, 0x00, 0x00, 0x00, 0x00, 0x00, 0x00, 
    0x00, 0x00, 0x00, 0x00, 0x00, 0x00, 0x00, 0x00, 0x00, 0x00, 0x00, 0x00, 0x00, 0x00, 0x00, 0x00, 
    0xff, 0xff, 0xff, 0xff, 0xfc, 0x7f, 0xfe, 0x28, 0x16, 0xd5, 0x00, 0x00, 0x00, 0x00, 0x00, 0x40, 
    0x00, 0x00, 0x00, 0x00, 0x00, 0x00, 0x00, 0x00, 0x00, 0x00, 0x00, 0x00, 0x00, 0x00, 0x00, 0x00, 
    0x00, 0x00, 0x00, 0x00, 0x00, 0x00, 0x15, 0x55, 0x50, 0x15, 0x55, 0x55, 0x55, 0x55, 0x40, 0x00, 
    0x00, 0x00, 0x00, 0x00, 0x00, 0x00, 0x00, 0x00, 0x55, 0x55, 0x55, 0x50, 0x00, 0x17, 0xff, 0xd2, 
    0xf0, 0x00, 0x80, 0x06, 0xa5, 0xaa, 0x51, 0x0b, 0xff, 0xff, 0xff, 0xff, 0xff, 0xff, 0xff, 0xff, 
    0xff, 0xff, 0xf0, 0x00, 0x00, 0x00, 0x00, 0x00, 0x00, 0x00, 0x00, 0x00, 0x00, 0x00, 0x00, 0x00, 
    0x06, 0xbf, 0xff, 0xff, 0xff, 0xff, 0xff, 0xff, 0xff, 0xff, 0xff, 0xff, 0xe4, 0x0a, 0xaa, 0x90, 
    0x00, 0x68, 0x00, 0x00, 0x00, 0x00, 0x00, 0xa6, 0xaa, 0xaa, 0xaa, 0xa8, 0x00, 0x00, 0x00, 0x00, 
    0x00, 0x00, 0x00, 0x00, 0x00, 0x00, 0x00, 0x00, 0x00, 0x00, 0x00, 0x00, 0x00, 0x00, 0x00, 0x00, 
    0x00, 0x00, 0x00, 0x00, 0x00, 0x00, 0x00, 0x00, 0x00, 0x00, 0x00, 0x00, 0x00, 0x00, 0x00, 0x00, 
    0x00, 0x00, 0x00, 0x00, 0x00, 0x00, 0x00, 0x00, 0x00, 0x00, 0x00, 0x00, 0x00, 0x00, 0x00, 0x00, 
    0x00, 0x00, 0x00, 0x00, 0x00, 0x00, 0x00, 0x00, 0x00, 0x00, 0x00, 0x00, 0x00, 0x00, 0x00, 0x00, 
    0x00, 0x00, 0x00, 0x00, 0x00, 0x00, 0x00, 0x00, 0xff, 0xff, 0xff, 0xff, 0xfe, 0x2f, 0xff, 0x9d, 
    0x5b, 0x95, 0x00, 0x00, 0x00, 0x00, 0x01, 0x40, 0x00, 0x00, 0x00, 0x00, 0x00, 0x00, 0x00, 0x00, 
    0x00, 0x00, 0x00, 0x00, 0x00, 0x00, 0x00, 0x00, 0x00, 0x00, 0x00, 0x00, 0x00, 0x05, 0x55, 0x54, 
    0x05, 0x55, 0x55, 0x55, 0x55, 0x55, 0x00, 0x00, 0x00, 0x00, 0x00, 0x00, 0x00, 0x00, 0x00, 0x05, 
    0x55, 0x55, 0x55, 0x00, 0x00, 0x00, 0x1f, 0x93, 0xe0, 0x00, 0x00, 0x1a, 0xa6, 0xaa, 0x43, 0x2b, 
    0xff, 0xff, 0xff, 0xff, 0xff, 0xff, 0xff, 0xff, 0xff, 0xff, 0x80, 0x00, 0x00, 0x00, 0x00, 0x00, 
    0x00, 0x00, 0x00, 0x00, 0x00, 0x00, 0x00, 0x00, 0xab, 0xff, 0xff, 0xff, 0xff, 0xff, 0xff, 0xff, 
    0xff, 0xff, 0xff, 0xff, 0xff, 0x46, 0xaa, 0xa9, 0x00, 0x06, 0x00, 0x00, 0x00, 0x00, 0x00, 0x66, 
    0xaa, 0xaa, 0xaa, 0xaa, 0x00, 0x00, 0x00, 0x00, 0x00, 0x00, 0x00, 0x00, 0x00, 0x00, 0x00, 0x00, 
    0x00, 0x00, 0x00, 0x00, 0x00, 0x00, 0x00, 0x00, 0x00, 0x00, 0x00, 0x00, 0x00, 0x00, 0x00, 0x00, 
    0x00, 0x00, 0x00, 0x00, 0x00, 0x00, 0x00, 0x00, 0x00, 0x00, 0x00, 0x00, 0x00, 0x00, 0x00, 0x00, 
    0x00, 0x00, 0x00, 0x00, 0x00, 0x00, 0x00, 0x00, 0x00, 0x00, 0x00, 0x00, 0x00, 0x00, 0x00, 0x00, 
    0x00, 0x00, 0x00, 0x00, 0x00, 0x00, 0x00, 0x00, 0x00, 0x00, 0x00, 0x00, 0x00, 0x00, 0x00, 0x00, 
    0xff, 0xff, 0xff, 0xff, 0xff, 0x1f, 0xff, 0xfe, 0x6f, 0x94, 0x00, 0x00, 0x00, 0x00, 0x05, 0x00, 
    0x00, 0x00, 0x00, 0x00, 0x00, 0x00, 0x00, 0x00, 0x00, 0x00, 0x00, 0x00, 0x00, 0x00, 0x00, 0x00, 
    0x00, 0x00, 0x00, 0x00, 0x01, 0x55, 0x54, 0x01, 0x55, 0x41, 0x55, 0x55, 0x55, 0x54, 0x00, 0x00, 
    0x00, 0x00, 0x00, 0x00, 0x00, 0x00, 0x01, 0x55, 0x55, 0x50, 0x05, 0xaa, 0xaa, 0xaa, 0x50, 0x07, 
    0xd0, 0x00, 0x00, 0x6a, 0x96, 0xa9, 0x07, 0x9f, 0xff, 0xff, 0xff, 0xff, 0xff, 0xff, 0xff, 0xff, 
    0xff, 0xfd, 0x00, 0x00, 0x00, 0x00, 0x00, 0x00, 0x00, 0x00, 0x00, 0x00, 0x00, 0x00, 0x00, 0x00, 
    0x00, 0x01, 0x6b, 0xff, 0xff, 0xff, 0xff, 0xff, 0xff, 0xff, 0xff, 0xff, 0xff, 0x87, 0xaa, 0xaa, 
    0x90, 0x00, 0x40, 0x00, 0x00, 0x00, 0x00, 0x29, 0xaa, 0xaa, 0xaa, 0xaa, 0x80, 0x00, 0x00, 0x00, 
    0x00, 0x00, 0x00, 0x00, 0x00, 0x00, 0x00, 0x00, 0x00, 0x00, 0x00, 0x00, 0x00, 0x00, 0x00, 0x00, 
    0x00, 0x00, 0x00, 0x00, 0x00, 0x00, 0x00, 0x00, 0x00, 0x00, 0x00, 0x00, 0x00, 0x00, 0x00, 0x00, 
    0x00, 0x00, 0x00, 0x00, 0x00, 0x00, 0x00, 0x00, 0x00, 0x00, 0x00, 0x00, 0x00, 0x00, 0x00, 0x00, 
    0x00, 0x00, 0x00, 0x00, 0x00, 0x00, 0x00, 0x00, 0x00, 0x00, 0x00, 0x00, 0x00, 0x00, 0x00, 0x00, 
    0x00, 0x00, 0x00, 0x00, 0x00, 0x00, 0x00, 0x00, 0xff, 0xff, 0xff, 0xff, 0xff, 0x8b, 0xff, 0xfe, 
    0xbf, 0x94, 0x00, 0x00, 0x00, 0x10, 0x15, 0x00, 0x00, 0x00, 0x00, 0x00, 0x00, 0x00, 0x00, 0x00, 
    0x00, 0x00, 0x00, 0x00, 0x00, 0x00, 0x00, 0x00, 0x00, 0x00, 0x00, 0x05, 0x55, 0x40, 0x00, 0x55, 
    0x40, 0x55, 0x55, 0x55, 0x55, 0x55, 0x00, 0x00, 0x00, 0x00, 0x00, 0x00, 0x00, 0x01, 0x55, 0x55, 
    0x41, 0x5b, 0xff, 0xfe, 0xaa, 0xaf, 0xff, 0x45, 0x40, 0x00, 0x00, 0x15, 0x5a, 0xa9, 0x0f, 0xcf, 
    0xff, 0xff, 0xff, 0xff, 0xff, 0xff, 0xff, 0xff, 0xff, 0xe0, 0x00, 0x00, 0x00, 0x00, 0x00, 0x00, 
    0x00, 0x00, 0x00, 0x00, 0x00, 0x00, 0x00, 0x00, 0x00, 0x00, 0x00, 0x06, 0xbf, 0xff, 0xff, 0xff, 
    0xff, 0xff, 0xff, 0xff, 0xff, 0xc7, 0xea, 0xaa, 0xaa, 0x00, 0x00, 0x00, 0x00, 0x00, 0x00, 0x19, 
    0xaa, 0xaa, 0xaa, 0xaa, 0xa0, 0x00, 0x00, 0x00, 0x00, 0x00, 0x00, 0x00, 0x00, 0x00, 0x00, 0x00, 
    0x00, 0x00, 0x00, 0x00, 0x00, 0x00, 0x00, 0x00, 0x00, 0x00, 0x00, 0x00, 0x00, 0x00, 0x00, 0x00, 
    0x00, 0x00, 0x00, 0x00, 0x00, 0x00, 0x00, 0x00, 0x00, 0x00, 0x00, 0x00, 0x00, 0x00, 0x00, 0x00, 
    0x00, 0x00, 0x00, 0x00, 0x00, 0x00, 0x00, 0x00, 0x00, 0x00, 0x00, 0x00, 0x00, 0x00, 0x00, 0x00, 
    0x00, 0x00, 0x00, 0x00, 0x00, 0x00, 0x00, 0x00, 0x00, 0x00, 0x00, 0x00, 0x00, 0x00, 0x00, 0x00, 
    0xff, 0xff, 0xff, 0xff, 0xff, 0xc7, 0xff, 0xff, 0xff, 0x54, 0x00, 0x00, 0x00, 0x15, 0x55, 0x00, 
    0x00, 0x00, 0x00, 0x00, 0x00, 0x00, 0x00, 0x00, 0x00, 0x00, 0x00, 0x00, 0x00, 0x00, 0x00, 0x00, 
    0x00, 0x00, 0x00, 0x00, 0x00, 0x00, 0x14, 0x00, 0x01, 0x55, 0x55, 0x55, 0x54, 0x00, 0x00, 0x00, 
    0x00, 0x00, 0x00, 0x00, 0x00, 0x55, 0x55, 0x56, 0xbf, 0xff, 0xff, 0xfe, 0xaa, 0xbf, 0xfe, 0x4f, 
    0xc0, 0x00, 0x00, 0x14, 0x6a, 0xa4, 0x1f, 0xd7, 0xff, 0xff, 0xff, 0xff, 0xff, 0xff, 0xff, 0xff, 
    0xff, 0x40, 0x00, 0x00, 0x00, 0x00, 0x00, 0x00, 0x00, 0x00, 0x00, 0x00, 0x00, 0x00, 0x00, 0x00, 
    0x00, 0x00, 0x00, 0x00, 0x01, 0x6f, 0xff, 0xff, 0xff, 0xff, 0xff, 0xff, 0xff, 0xc3, 0xea, 0xaa, 
    0xaa, 0x90, 0x00, 0x00, 0x00, 0x00, 0x00, 0x06, 0x6a, 0xaa, 0xaa, 0xaa, 0xa9, 0x00, 0x00, 0x00, 
    0x00, 0x00, 0x00, 0x00, 0x00, 0x00, 0x00, 0x00, 0x00, 0x00, 0x00, 0x00, 0x00, 0x00, 0x00, 0x00, 
    0x00, 0x00, 0x00, 0x00, 0x00, 0x00, 0x00, 0x00, 0x00, 0x00, 0x00, 0x00, 0x00, 0x00, 0x00, 0x00, 
    0x00, 0x00, 0x00, 0x00, 0x00, 0x00, 0x00, 0x00, 0x00, 0x00, 0x00, 0x00, 0x00, 0x00, 0x00, 0x00, 
    0x00, 0x00, 0x00, 0x00, 0x00, 0x00, 0x00, 0x00, 0x00, 0x00, 0x00, 0x00, 0x00, 0x00, 0x00, 0x00, 
    0x00, 0x00, 0x00, 0x00, 0x00, 0x00, 0x00, 0x00, 0xff, 0xff, 0xff, 0xff, 0xff, 0xe2, 0xff, 0xfb, 
    0xff, 0x50, 0x00, 0x00, 0x00, 0x15, 0x55, 0x00, 0x00, 0x40, 0x00, 0x00, 0x00, 0x00, 0x00, 0x00, 
    0x00, 0x00, 0x00, 0x00, 0x00, 0x00, 0x00, 0x00, 0x00, 0x00, 0x00, 0x00, 0x00, 0x00, 0x00, 0x00, 
    0x05, 0x55, 0x55, 0x55, 0x55, 0x40, 0x00, 0x00, 0x00, 0x00, 0x00, 0x00, 0x6a, 0xaa, 0xab, 0xff, 
    0xff, 0xff, 0xff, 0xfa, 0xaa, 0xff, 0xff, 0x4b, 0x80, 0x00, 0x00, 0x01, 0x5a, 0xa0, 0x3f, 0xe2, 
    0xff, 0xff, 0xff, 0xff, 0xff, 0xff, 0xff, 0xff, 0xf8, 0x00, 0x00, 0x00, 0x00, 0x00, 0x00, 0x00, 
    0x00, 0x00, 0x00, 0x00, 0x00, 0x00, 0x00, 0x00, 0x00, 0x00, 0x00, 0x00, 0x00, 0x00, 0x6b, 0xff, 
    0xff, 0xff, 0xff, 0xff, 0xff, 0xd3, 0xea, 0xaa, 0xaa, 0xa9, 0x00, 0x00, 0x00, 0x00, 0x00, 0x02, 
    0x6a, 0xaa, 0xaa, 0xaa, 0xaa, 0x40, 0x00, 0x00, 0x00, 0x00, 0x00, 0x00, 0x00, 0x00, 0x00, 0x00, 
    0x00, 0x00, 0x00, 0x00, 0x00, 0x00, 0x00, 0x00, 0x00, 0x00, 0x00, 0x00, 0x00, 0x00, 0x00, 0x00, 
    0x00, 0x00, 0x00, 0x00, 0x00, 0x00, 0x00, 0x00, 0x00, 0x00, 0x00, 0x00, 0x00, 0x00, 0x00, 0x00, 
    0x00, 0x00, 0x00, 0x00, 0x00, 0x00, 0x00, 0x00, 0x00, 0x00, 0x00, 0x00, 0x00, 0x00, 0x00, 0x00, 
    0x00, 0x00, 0x00, 0x00, 0x00, 0x00, 0x00, 0x00, 0x00, 0x00, 0x00, 0x00, 0x00, 0x00, 0x00, 0x00, 
    0xff, 0xff, 0xff, 0xff, 0xff, 0xf0, 0xff, 0xff, 0xff, 0x40, 0x00, 0x00, 0x00, 0x15, 0x55, 0x00, 
    0x00, 0x40, 0x10, 0x00, 0x00, 0x00, 0x00, 0x00, 0x00, 0x00, 0x00, 0x00, 0x00, 0x00, 0x00, 0x00, 
    0x00, 0x00, 0x00, 0x00, 0x00, 0x00, 0x00, 0x00, 0x15, 0x55, 0x55, 0x55, 0x55, 0x00, 0x00, 0x00, 
    0x00, 0x00, 0x00, 0x6a, 0xaa, 0xaf, 0xff, 0xff, 0xff, 0xff, 0xff, 0xfa, 0xaa, 0xff, 0xff, 0x5e, 
    0x40, 0x01, 0x50, 0x05, 0x56, 0x90, 0xff, 0xe0, 0xbf, 0xff, 0xff, 0xff, 0xff, 0xff, 0xff, 0xff, 
    0xd0, 0x00, 0x00, 0x00, 0x00, 0x00, 0x00, 0x00, 0x00, 0x00, 0x00, 0x00, 0x00, 0x00, 0x00, 0x00, 
    0x00, 0x00, 0x00, 0x00, 0x00, 0x00, 0x00, 0x1b, 0xff, 0xff, 0xff, 0xff, 0xff, 0xe2, 0xfa, 0xaa, 
    0xaa, 0xaa, 0x90, 0x00, 0x00, 0x00, 0x00, 0x01, 0x6a, 0xaa, 0xaa, 0xaa, 0xaa, 0x90, 0x00, 0x00, 
    0x00, 0x00, 0x00, 0x00, 0x00, 0x00, 0x00, 0x00, 0x00, 0x00, 0x00, 0x00, 0x00, 0x00, 0x00, 0x00, 
    0x00, 0x00, 0x00, 0x00, 0x00, 0x00, 0x00, 0x00, 0x00, 0x00, 0x00, 0x00, 0x00, 0x00, 0x00, 0x00, 
    0x00, 0x00, 0x00, 0x00, 0x00, 0x00, 0x00, 0x00, 0x00, 0x00, 0x00, 0x00, 0x00, 0x00, 0x00, 0x00, 
    0x00, 0x00, 0x00, 0x00, 0x00, 0x00, 0x00, 0x00, 0x00, 0x00, 0x00, 0x00, 0x00, 0x00, 0x00, 0x00, 
    0x00, 0x00, 0x00, 0x00, 0x00, 0x00, 0x00, 0x00, 0xff, 0xff, 0xff, 0xff, 0xff, 0xf8, 0xbf, 0xff, 
    0xff, 0x80, 0x00, 0x00, 0x00, 0x05, 0x55, 0x00, 0x00, 0x10, 0x15, 0x00, 0x00, 0x00, 0x00, 0x00, 
    0x00, 0x00, 0x00, 0x00, 0x00, 0x00, 0x00, 0x00, 0x00, 0x00, 0x00, 0x00, 0x00, 0x00, 0x00, 0x01, 
    0x55, 0x55, 0x55, 0x55, 0x50, 0x01, 0x55, 0x55, 0x55, 0x00, 0x6a, 0xaa, 0xaa, 0xbf, 0xff, 0xff, 
    0xff, 0xff, 0xff, 0xea, 0xaa, 0xff, 0xff, 0x2f, 0x40, 0x01, 0x54, 0x01, 0x57, 0xe2, 0xff, 0xfa, 
    0x6f, 0xff, 0xff, 0xff, 0xff, 0xff, 0xff, 0xfd, 0x00, 0x00, 0x00, 0x00, 0x00, 0x00, 0x00, 0x00, 
    0x00, 0x00, 0x00, 0x00, 0x00, 0x00, 0x00, 0x00, 0x00, 0x00, 0x00, 0x00, 0x00, 0x00, 0x00, 0x00, 
    0x1a, 0xaa, 0xff, 0xff, 0xff, 0xf1, 0xfa, 0xaa, 0xaa, 0xaa, 0xa4, 0x00, 0x00, 0x00, 0x00, 0x00, 
    0x5a, 0xaa, 0xaa, 0xaa, 0xaa, 0xa4, 0x00, 0x00, 0x00, 0x00, 0x00, 0x00, 0x00, 0x00, 0x00, 0x00, 
    0x00, 0x00, 0x00, 0x00, 0x00, 0x00, 0x00, 0x00, 0x00, 0x00, 0x00, 0x00, 0x00, 0x00, 0x00, 0x00, 
    0x00, 0x00, 0x00, 0x00, 0x00, 0x00, 0x00, 0x00, 0x00, 0x00, 0x00, 0x00, 0x00, 0x00, 0x00, 0x00, 
    0x00, 0x00, 0x00, 0x00, 0x00, 0x00, 0x00, 0x00, 0x00, 0x00, 0x00, 0x00, 0x00, 0x00, 0x00, 0x00, 
    0x00, 0x00, 0x00, 0x00, 0x00, 0x00, 0x00, 0x00, 0x00, 0x00, 0x00, 0x00, 0x00, 0x00, 0x00, 0x00, 
    0xff, 0xff, 0xff, 0xff, 0xff, 0xfd, 0x3f, 0xff, 0xff, 0xc0, 0x00, 0x00, 0x00, 0x05, 0x45, 0x00, 
    0x00, 0x14, 0x15, 0x50, 0x00, 0x00, 0x00, 0x00, 0x00, 0x00, 0x00, 0x00, 0x00, 0x00, 0x00, 0x00, 
    0x00, 0x00, 0x00, 0x00, 0x00, 0x00, 0x00, 0x00, 0x05, 0x55, 0x55, 0x55, 0x55, 0x55, 0x55, 0x54, 
    0x00, 0x00, 0x01, 0x5a, 0xaa, 0xaa, 0xff, 0xff, 0xff, 0xff, 0xff, 0xea, 0xab, 0xff, 0xfe, 0x3f, 
    0x40, 0x01, 0x54, 0x01, 0x57, 0xff, 0xff, 0xfa, 0xff, 0xff, 0xff, 0xff, 0xff, 0xff, 0xff, 0xe0, 
    0x00, 0x00, 0x00, 0x00, 0x00, 0x00, 0x00, 0x00, 0x00, 0x00, 0x00, 0x00, 0x00, 0x00, 0x00, 0x00, 
    0x00, 0x00, 0x00, 0x00, 0x00, 0x00, 0x00, 0x00, 0x00, 0x1a, 0xaa, 0xaa, 0xaa, 0xa0, 0xfa, 0xaa, 
    0xaa, 0xaa, 0xaa, 0x00, 0x00, 0x00, 0x00, 0x00, 0x0a, 0xaa, 0xaa, 0xaa, 0xaa, 0xaa, 0x00, 0x00, 
    0x00, 0x00, 0x00, 0x00, 0x00, 0x00, 0x00, 0x00, 0x00, 0x00, 0x00, 0x00, 0x00, 0x00, 0x00, 0x00, 
    0x00, 0x00, 0x00, 0x00, 0x00, 0x00, 0x00, 0x00, 0x00, 0x00, 0x00, 0x00, 0x00, 0x00, 0x00, 0x00, 
    0x00, 0x00, 0x00, 0x00, 0x00, 0x00, 0x00, 0x00, 0x00, 0x00, 0x00, 0x00, 0x00, 0x00, 0x00, 0x00, 
    0x00, 0x00, 0x00, 0x00, 0x00, 0x00, 0x00, 0x00, 0x00, 0x00, 0x00, 0x00, 0x00, 0x00, 0x00, 0x00, 
    0x00, 0x00, 0x00, 0x00, 0x00, 0x00, 0x00, 0x00, 0xff, 0xff, 0xff, 0xff, 0xff, 0xff, 0x2f, 0xff, 
    0xff, 0xc0, 0x00, 0x00, 0x00, 0x01, 0x45, 0x00, 0x00, 0x05, 0x15, 0x55, 0x00, 0x00, 0x00, 0x00, 
    0x00, 0x00, 0x00, 0x00, 0x00, 0x00, 0x55, 0x50, 0x00, 0x00, 0x00, 0x00, 0x00, 0x00, 0x00, 0x00, 
    0x15, 0x55, 0x55, 0x55, 0x55, 0x55, 0x50, 0x00, 0x00, 0x00, 0x00, 0x00, 0x15, 0xaa, 0xaa, 0xff, 
    0xff, 0xff, 0xfe, 0xfa, 0xab, 0xff, 0xfe, 0x3f, 0x00, 0x01, 0x55, 0x01, 0x43, 0xff, 0xff, 0xe2, 
    0xff, 0xff, 0xff, 0xff, 0xff, 0xff, 0xfe, 0x00, 0x00, 0x00, 0x00, 0x00, 0x00, 0x00, 0x00, 0x00, 
    0x00, 0x00, 0x00, 0x00, 0x00, 0x00, 0x00, 0x00, 0x00, 0x00, 0x00, 0x00, 0x00, 0x00, 0x00, 0x00, 
    0x00, 0x00, 0x6a, 0xaa, 0xaa, 0xa4, 0xbe, 0xaa, 0xaa, 0xaa, 0xaa, 0x90, 0x00, 0x00, 0x00, 0x00, 
    0x0a, 0xaa, 0xaa, 0xaa, 0xaa, 0xaa, 0x80, 0x00, 0x00, 0x00, 0x00, 0x00, 0x00, 0x00, 0x00, 0x00, 
    0x00, 0x00, 0x00, 0x00, 0x00, 0x00, 0x00, 0x00, 0x00, 0x00, 0x00, 0x00, 0x00, 0x00, 0x00, 0x00, 
    0x00, 0x00, 0x00, 0x00, 0x00, 0x00, 0x00, 0x00, 0x00, 0x00, 0x00, 0x00, 0x00, 0x00, 0x00, 0x00, 
    0x00, 0x00, 0x00, 0x00, 0x00, 0x00, 0x00, 0x00, 0x00, 0x00, 0x00, 0x00, 0x00, 0x00, 0x00, 0x00, 
    0x00, 0x00, 0x00, 0x00, 0x00, 0x00, 0x00, 0x00, 0x00, 0x00, 0x00, 0x00, 0x00, 0x00, 0x00, 0x00, 
    0xff, 0xff, 0xff, 0xff, 0xff, 0xff, 0x4f, 0xff, 0xff, 0xd0, 0x00, 0x00, 0x00, 0x01, 0x01, 0x00, 
    0x00, 0x05, 0x55, 0x55, 0x40, 0x00, 0x00, 0x00, 0x00, 0x00, 0x00, 0x00, 0x00, 0x00, 0x00, 0x00, 
    0x00, 0x00, 0x00, 0x00, 0x00, 0x00, 0x00, 0x01, 0x55, 0x55, 0x55, 0x55, 0x55, 0x40, 0x00, 0x00, 
    0x00, 0x00, 0x00, 0x00, 0x00, 0x00, 0x16, 0xaa, 0xbf, 0xff, 0xfd, 0xff, 0xff, 0xff, 0xfe, 0x3f, 
    0x00, 0x01, 0x55, 0x00, 0x00, 0xff, 0xff, 0xe1, 0xff, 0xff, 0xff, 0xff, 0xff, 0xff, 0xf4, 0x00, 
    0x00, 0x00, 0x00, 0x00, 0x00, 0x00, 0x00, 0x00, 0x00, 0x00, 0x00, 0x00, 0x00, 0x00, 0x00, 0x00, 
    0x00, 0x00, 0x00, 0x00, 0x00, 0x00, 0x00, 0x00, 0x00, 0x00, 0x01, 0xaa, 0xaa, 0xa8, 0x7e, 0xaa, 
    0xaa, 0xaa, 0xaa, 0xa8, 0x00, 0x00, 0x00, 0x00, 0x02, 0xaa, 0xaa, 0xaa, 0xaa, 0xaa, 0xa0, 0x00, 
    0x00, 0x00, 0x00, 0x00, 0x00, 0x00, 0x00, 0x00, 0x00, 0x00, 0x00, 0x00, 0x00, 0x00, 0x00, 0x00, 
    0x00, 0x00, 0x00, 0x00, 0x00, 0x00, 0x00, 0x00, 0x00, 0x00, 0x00, 0x00, 0x00, 0x00, 0x00, 0x00, 
    0x00, 0x00, 0x00, 0x00, 0x00, 0x00, 0x00, 0x00, 0x00, 0x00, 0x00, 0x00, 0x00, 0x00, 0x00, 0x00, 
    0x00, 0x00, 0x00, 0x00, 0x00, 0x00, 0x00, 0x00, 0x00, 0x00, 0x00, 0x00, 0x00, 0x00, 0x00, 0x00, 
    0x00, 0x00, 0x00, 0x00, 0x00, 0x00, 0x00, 0x00, 0xff, 0xff, 0xff, 0xff, 0xff, 0xff, 0xc7, 0xfe, 
    0xfb, 0xe0, 0x00, 0x00, 0x00, 0x00, 0x40, 0x40, 0x00, 0x01, 0x55, 0x55, 0x00, 0x00, 0x00, 0x00, 
    0x00, 0x00, 0x00, 0x00, 0x00, 0x00, 0x00, 0x00, 0x00, 0x00, 0x00, 0x00, 0x00, 0x00, 0x01, 0x55, 
    0x55, 0x55, 0x55, 0x50, 0x00, 0x00, 0x00, 0x00, 0x00, 0x00, 0x00, 0x00, 0x00, 0x00, 0x00, 0x01, 
    0x5a, 0xbf, 0xf5, 0xff, 0xff, 0xff, 0xfe, 0x3f, 0x00, 0x01, 0x55, 0x40, 0x02, 0xff, 0xff, 0xe0, 
    0xff, 0xff, 0xff, 0xff, 0xff, 0xff, 0x40, 0x00, 0x00, 0x00, 0x00, 0x00, 0x00, 0x00, 0x00, 0x00, 
    0x00, 0x00, 0x00, 0x00, 0x00, 0x00, 0x00, 0x00, 0x00, 0x00, 0x00, 0x00, 0x00, 0x00, 0x00, 0x00, 
    0x00, 0x00, 0x00, 0x06, 0xaa, 0xa8, 0x3f, 0xaa, 0xaa, 0xaa, 0xaa, 0xaa, 0x00, 0x00, 0x00, 0x00, 
    0x02, 0xaa, 0xaa, 0xaa, 0xaa, 0xaa, 0xa8, 0x00, 0x00, 0x00, 0x00, 0x00, 0x00, 0x00, 0x00, 0x00, 
    0x00, 0x00, 0x00, 0x00, 0x00, 0x00, 0x00, 0x00, 0x00, 0x00, 0x00, 0x00, 0x00, 0x00, 0x00, 0x00, 
    0x00, 0x00, 0x00, 0x00, 0x00, 0x00, 0x00, 0x00, 0x00, 0x00, 0x00, 0x00, 0x00, 0x00, 0x00, 0x00, 
    0x00, 0x00, 0x00, 0x00, 0x00, 0x00, 0x00, 0x00, 0x00, 0x00, 0x00, 0x00, 0x00, 0x00, 0x00, 0x00, 
    0x00, 0x00, 0x00, 0x00, 0x00, 0x00, 0x00, 0x00, 0x00, 0x00, 0x00, 0x00, 0x00, 0x00, 0x00, 0x00, 
    0xff, 0xff, 0xff, 0xff, 0xff, 0xff, 0xe2, 0xff, 0xba, 0xe0, 0x00, 0x00, 0x00, 0x00, 0x40, 0x00, 
    0x00, 0x00, 0x15, 0x55, 0x00, 0x00, 0x00, 0x00, 0x00, 0x00, 0x00, 0x00, 0x00, 0x00, 0x00, 0x00, 
    0x00, 0x00, 0x00, 0x00, 0x00, 0x00, 0x55, 0x55, 0x55, 0x55, 0x00, 0x00, 0x00, 0x00, 0x00, 0x00, 
    0x00, 0x00, 0x00, 0x00, 0x00, 0x00, 0x00, 0x00, 0x00, 0x15, 0xa1, 0xff, 0xaf, 0xff, 0xfd, 0x7f, 
    0x00, 0x01, 0x54, 0x00, 0x0b, 0xff, 0xff, 0xe6, 0x7f, 0xff, 0xff, 0xff, 0xff, 0xf8, 0x00, 0x00, 
    0x00, 0x00, 0x00, 0x00, 0x00, 0x00, 0x00, 0x00, 0x00, 0x00, 0x00, 0x00, 0x00, 0x00, 0x00, 0x00, 
    0x00, 0x00, 0x00, 0x00, 0x00, 0x00, 0x00, 0x00, 0x00, 0x00, 0x00, 0x00, 0x1a, 0xa9, 0x2f, 0xaa, 
    0xaa, 0xaa, 0xaa, 0xaa, 0x80, 0x00, 0x00, 0x00, 0x01, 0xaa, 0xaa, 0xaa, 0xaa, 0xaa, 0xaa, 0x40, 
    0x00, 0x00, 0x00, 0x00, 0x00, 0x00, 0x00, 0x00, 0x00, 0x00, 0x00, 0x00, 0x00, 0x00, 0x00, 0x00, 
    0x00, 0x00, 0x00, 0x00, 0x00, 0x00, 0x00, 0x00, 0x00, 0x00, 0x00, 0x00, 0x00, 0x00, 0x00, 0x00, 
    0x00, 0x00, 0x00, 0x00, 0x00, 0x00, 0x00, 0x00, 0x00, 0x00, 0x00, 0x00, 0x00, 0x00, 0x00, 0x00, 
    0x00, 0x00, 0x00, 0x00, 0x00, 0x00, 0x00, 0x00, 0x00, 0x00, 0x00, 0x00, 0x00, 0x00, 0x00, 0x00, 
    0x00, 0x00, 0x00, 0x00, 0x00, 0x00, 0x00, 0x00, 0xff, 0xff, 0xff, 0xff, 0xff, 0xff, 0xf5, 0xff, 
    0xbe, 0xf0, 0x00, 0x00, 0x00, 0x00, 0x00, 0x00, 0x00, 0x00, 0x05, 0x55, 0x00, 0x00, 0x00, 0x00, 
    0x00, 0x00, 0x00, 0x00, 0x00, 0x00, 0x00, 0x00, 0x00, 0x00, 0x00, 0x00, 0x00, 0x00, 0x00, 0x05, 
    0x55, 0x55, 0x55, 0x55, 0x55, 0x55, 0x40, 0x00, 0x00, 0x00, 0x00, 0x00, 0x00, 0x00, 0x00, 0x00, 
    0x00, 0x00, 0x00, 0x56, 0xab, 0xff, 0xfe, 0x7e, 0x00, 0x00, 0x00, 0x00, 0x7f, 0xff, 0xff, 0xeb, 
    0xbf, 0xff, 0xff, 0xff, 0xff, 0x80, 0x00, 0x00, 0x00, 0x00, 0x00, 0x00, 0x00, 0x00, 0x00, 0x00, 
    0x40, 0x00, 0x00, 0x00, 0x00, 0x01, 0x00, 0x00, 0x00, 0x00, 0x00, 0x00, 0x00, 0x00, 0x00, 0x00, 
    0x00, 0x00, 0x00, 0x00, 0x00, 0x6a, 0x0f, 0xaa, 0xaa, 0xaa, 0xaa, 0xaa, 0xa4, 0x00, 0x00, 0x00, 
    0x00, 0xaa, 0xaa, 0xaa, 0xaa, 0xaa, 0xaa, 0x90, 0x00, 0x00, 0x00, 0x00, 0x00, 0x00, 0x00, 0x00, 
    0x00, 0x00, 0x00, 0x00, 0x00, 0x00, 0x00, 0x00, 0x00, 0x00, 0x00, 0x00, 0x00, 0x00, 0x00, 0x00, 
    0x00, 0x00, 0x00, 0x00, 0x00, 0x00, 0x00, 0x00, 0x00, 0x00, 0x00, 0x00, 0x00, 0x00, 0x00, 0x00, 
    0x00, 0x00, 0x00, 0x00, 0x00, 0x00, 0x00, 0x00, 0x00, 0x00, 0x00, 0x00, 0x00, 0x00, 0x00, 0x00, 
    0x00, 0x00, 0x00, 0x00, 0x00, 0x00, 0x00, 0x00, 0x00, 0x00, 0x00, 0x00, 0x00, 0x00, 0x00, 0x00, 
    0xff, 0xff, 0xff, 0xff, 0xff, 0xff, 0xfc, 0xbf, 0xbe, 0xb4, 0x00, 0x00, 0x00, 0x00, 0x00, 0x00, 
    0x00, 0x00, 0x01, 0x40, 0x00, 0x00, 0x00, 0x00, 0x00, 0x00, 0x00, 0x00, 0x00, 0x00, 0x00, 0x00, 
    0x00, 0x00, 0x00, 0x00, 0x00, 0x00, 0x55, 0x55, 0x55, 0x55, 0x55, 0x55, 0x55, 0x40, 0x00, 0x00, 
    0x00, 0x00, 0x00, 0x00, 0x00, 0x00, 0x00, 0x00, 0x55, 0x55, 0x40, 0x65, 0x41, 0x5a, 0xfe, 0x7e, 
    0x00, 0x00, 0x00, 0x01, 0xff, 0xff, 0xff, 0xeb, 0xff, 0xff, 0xff, 0xff, 0xfd, 0x00, 0x00, 0x00, 
    0x00, 0x00, 0x00, 0x00, 0x00, 0x00, 0x00, 0x00, 0x00, 0x00, 0x00, 0x00, 0x00, 0x04, 0x00, 0x00, 
    0x00, 0x00, 0x00, 0x00, 0x00, 0x00, 0x00, 0x00, 0x00, 0x00, 0x00, 0x00, 0x00, 0x06, 0x4b, 0xea, 
    0xaa, 0xaa, 0xaa, 0xaa, 0xa9, 0x00, 0x00, 0x00, 0x00, 0x6a, 0xaa, 0xaa, 0xaa, 0xaa, 0xaa, 0xa4, 
    0x00, 0x00, 0x00, 0x00, 0x00, 0x00, 0x00, 0x00, 0x00, 0x00, 0x00, 0x00, 0x00, 0x00, 0x00, 0x00, 
    0x00, 0x00, 0x00, 0x00, 0x00, 0x00, 0x00, 0x00, 0x00, 0x00, 0x00, 0x00, 0x00, 0x00, 0x00, 0x00, 
    0x00, 0x00, 0x00, 0x00, 0x00, 0x00, 0x00, 0x00, 0x00, 0x00, 0x00, 0x00, 0x00, 0x00, 0x00, 0x00, 
    0x00, 0x00, 0x00, 0x00, 0x00, 0x00, 0x00, 0x00, 0x00, 0x00, 0x00, 0x00, 0x00, 0x00, 0x00, 0x00, 
    0x00, 0x00, 0x00, 0x00, 0x00, 0x00, 0x00, 0x00, 0xff, 0xff, 0xff, 0xff, 0xff, 0xff, 0xfe, 0x3f, 
    0xbf, 0x78, 0x00, 0x00, 0x00, 0x00, 0x00, 0x00, 0x00, 0x00, 0x00, 0x50, 0x00, 0x00, 0x00, 0x00, 
    0x00, 0x00, 0x00, 0x00, 0x00, 0x00, 0x00, 0x00, 0x00, 0x00, 0x00, 0x00, 0x00, 0x00, 0x15, 0x55, 
    0x55, 0x55, 0x55, 0x55, 0x50, 0x00, 0x00, 0x00, 0x00, 0x00, 0x00, 0x00, 0x00, 0x00, 0x00, 0x00, 
    0x00, 0x00, 0x00, 0x06, 0xbf, 0xea, 0x55, 0x2e, 0x00, 0x00, 0x00, 0x0b, 0xff, 0xff, 0xff, 0xab, 
    0xff, 0xff, 0xff, 0xff, 0xe0, 0x00, 0x00, 0x00, 0x00, 0x00, 0x00, 0x00, 0x00, 0x00, 0x00, 0x04, 
    0x00, 0x00, 0x00, 0x00, 0x00, 0x10, 0x00, 0x00, 0x00, 0x00, 0x00, 0x00, 0x00, 0x00, 0x00, 0x00, 
    0x00, 0x06, 0x90, 0x00, 0x00, 0x00, 0x03, 0xfa, 0xaa, 0xaa, 0xaa, 0xaa, 0xaa, 0x40, 0x00, 0x00, 
    0x00, 0x2a, 0xaa, 0xaa, 0xaa, 0xaa, 0xaa, 0xa9, 0x00, 0x00, 0x00, 0x00, 0x00, 0x00, 0x00, 0x00, 
    0x00, 0x00, 0x00, 0x00, 0x00, 0x00, 0x00, 0x00, 0x00, 0x00, 0x00, 0x00, 0x00, 0x00, 0x00, 0x00, 
    0x00, 0x00, 0x00, 0x00, 0x00, 0x00, 0x00, 0x00, 0x00, 0x00, 0x00, 0x00, 0x00, 0x00, 0x00, 0x00, 
    0x00, 0x00, 0x00, 0x00, 0x00, 0x00, 0x00, 0x00, 0x00, 0x00, 0x00, 0x00, 0x00, 0x00, 0x00, 0x00, 
    0x00, 0x00, 0x00, 0x00, 0x00, 0x00, 0x00, 0x00, 0x00, 0x00, 0x00, 0x00, 0x00, 0x00, 0x00, 0x00, 
    0xff, 0xff, 0xff, 0xff, 0xff, 0xff, 0xff, 0x1f, 0xbf, 0x6c, 0x00, 0x00, 0x00, 0x00, 0x00, 0x00, 
    0x10, 0x00, 0x00, 0x10, 0x00, 0x00, 0x00, 0x00, 0x00, 0x00, 0x00, 0x00, 0x00, 0x00, 0x00, 0x00, 
    0x00, 0x00, 0x00, 0x00, 0x00, 0x00, 0x05, 0x55, 0x55, 0x55, 0x55, 0x54, 0x00, 0x00, 0x00, 0x00, 
    0x00, 0x00, 0x00, 0x00, 0x00, 0x00, 0x00, 0x00, 0x00, 0x00, 0x00, 0x00, 0x06, 0xff, 0xfe, 0x24, 
    0x00, 0x00, 0x00, 0x6f, 0xff, 0xff, 0xff, 0xbb, 0xff, 0xff, 0xff, 0xff, 0x40, 0x00, 0x00, 0x00, 
    0x00, 0x00, 0x00, 0x00, 0x00, 0x00, 0x00, 0x10, 0x00, 0x00, 0x00, 0x00, 0x00, 0x00, 0x00, 0x00, 
    0x00, 0x00, 0x00, 0x00, 0x00, 0x00, 0x00, 0x00, 0x00, 0x00, 0x1b, 0xa4, 0x00, 0x00, 0x02, 0xfa, 
    0xaa, 0xaa, 0xaa, 0xaa, 0xaa, 0x90, 0x00, 0x00, 0x00, 0x0a, 0xaa, 0xaa, 0xaa, 0xaa, 0xaa, 0xaa, 
    0x80, 0x00, 0x00, 0x00, 0x00, 0x00, 0x00, 0x00, 0x00, 0x00, 0x00, 0x00, 0x00, 0x00, 0x00, 0x00, 
    0x00, 0x00, 0x00, 0x00, 0x00, 0x00, 0x00, 0x00, 0x00, 0x00, 0x00, 0x00, 0x00, 0x00, 0x00, 0x00, 
    0x00, 0x00, 0x00, 0x00, 0x00, 0x00, 0x00, 0x00, 0x00, 0x00, 0x00, 0x00, 0x00, 0x00, 0x00, 0x00, 
    0x00, 0x00, 0x00, 0x00, 0x00, 0x00, 0x00, 0x00, 0x00, 0x00, 0x00, 0x00, 0x00, 0x00, 0x00, 0x00, 
    0x00, 0x00, 0x00, 0x00, 0x00, 0x00, 0x00, 0x00, 0xff, 0xff, 0xff, 0xff, 0xff, 0xff, 0xff, 0x8b, 
    0xbf, 0x9d, 0x00, 0x00, 0x00, 0x00, 0x00, 0x00, 0x04, 0x00, 0x00, 0x04, 0x00, 0x00, 0x00, 0x00, 
    0x00, 0x00, 0x00, 0x00, 0x00, 0x00, 0x00, 0x00, 0x00, 0x00, 0x00, 0x00, 0x00, 0x00, 0x15, 0x55, 
    0x55, 0x55, 0x55, 0x40, 0x00, 0x00, 0x00, 0x00, 0x00, 0x00, 0x00, 0x00, 0x00, 0x00, 0x00, 0x00, 
    0x00, 0x00, 0x00, 0x00, 0x00, 0x1b, 0xff, 0x7f, 0x00, 0x00, 0x06, 0xbf, 0xff, 0xff, 0xfd, 0xff, 
    0xff, 0xff, 0xff, 0xf8, 0x00, 0x00, 0x00, 0x00, 0x00, 0x00, 0x00, 0x00, 0x00, 0x00, 0x00, 0x40, 
    0x00, 0x00, 0x00, 0x00, 0x00, 0x40, 0x00, 0x00, 0x00, 0x00, 0x00, 0x00, 0x00, 0x00, 0x00, 0x00, 
    0x00, 0x00, 0x00, 0x7f, 0xe4, 0x00, 0x00, 0xfe, 0xaa, 0xaa, 0xaa, 0xaa, 0xaa, 0xa4, 0x00, 0x00, 
    0x00, 0x0a, 0xaa, 0xaa, 0xaa, 0xaa, 0xaa, 0xaa, 0xa0, 0x00, 0x00, 0x00, 0x00, 0x00, 0x00, 0x00, 
    0x00, 0x00, 0x00, 0x00, 0x00, 0x00, 0x00, 0x00, 0x00, 0x00, 0x00, 0x00, 0x00, 0x00, 0x00, 0x00, 
    0x00, 0x00, 0x00, 0x00, 0x00, 0x00, 0x00, 0x00, 0x00, 0x00, 0x00, 0x00, 0x00, 0x00, 0x00, 0x00, 
    0x00, 0x00, 0x00, 0x00, 0x00, 0x00, 0x00, 0x00, 0x00, 0x00, 0x00, 0x00, 0x00, 0x00, 0x00, 0x00, 
    0x00, 0x00, 0x00, 0x00, 0x00, 0x00, 0x00, 0x00, 0x00, 0x00, 0x00, 0x00, 0x00, 0x00, 0x00, 0x00, 
    0xff, 0xff, 0xff, 0xff, 0xff, 0xff, 0xff, 0xd2, 0xaf, 0xda, 0x00, 0x00, 0x00, 0x00, 0x00, 0x00, 
    0x01, 0x00, 0x00, 0x00, 0x00, 0x00, 0x00, 0x00, 0x00, 0x00, 0x00, 0x00, 0x00, 0x00, 0x00, 0x00, 
    0x00, 0x00, 0x00, 0x00, 0x00, 0x00, 0x55, 0x55, 0x55, 0x55, 0x55, 0x01, 0x00, 0x00, 0x00, 0x00, 
    0x00, 0x00, 0x00, 0x00, 0x00, 0x00, 0x00, 0x00, 0x00, 0x00, 0x00, 0x00, 0x00, 0x00, 0x6f, 0x7e, 
    0x00, 0x00, 0xaa, 0xaf, 0xff, 0xff, 0xfe, 0xbf, 0xff, 0xff, 0xff, 0xd0, 0x00, 0x00, 0x00, 0x00, 
    0x00, 0x00, 0x00, 0x00, 0x00, 0x00, 0x05, 0x00, 0x00, 0x00, 0x00, 0x00, 0x01, 0x00, 0x00, 0x00, 
    0x00, 0x00, 0x00, 0x00, 0x00, 0x00, 0x00, 0x00, 0x00, 0x00, 0x00, 0x06, 0xff, 0x90, 0x00, 0xbf, 
    0xaa, 0xaa, 0xaa, 0xaa, 0xaa, 0xaa, 0x00, 0x00, 0x00, 0x02, 0xaa, 0xaa, 0xaa, 0xaa, 0xaa, 0xaa, 
    0xa8, 0x00, 0x00, 0x00, 0x00, 0x00, 0x00, 0x00, 0x00, 0x00, 0x00, 0x00, 0x00, 0x00, 0x00, 0x00, 
    0x00, 0x00, 0x00, 0x00, 0x00, 0x00, 0x00, 0x00, 0x00, 0x00, 0x00, 0x00, 0x00, 0x00, 0x00, 0x00, 
    0x00, 0x00, 0x00, 0x00, 0x00, 0x00, 0x00, 0x00, 0x00, 0x00, 0x00, 0x00, 0x00, 0x00, 0x00, 0x00, 
    0x00, 0x00, 0x00, 0x00, 0x00, 0x00, 0x00, 0x00, 0x00, 0x00, 0x00, 0x00, 0x00, 0x00, 0x00, 0x00, 
    0x00, 0x00, 0x00, 0x00, 0x00, 0x00, 0x00, 0x00, 0xff, 0xff, 0xff, 0xff, 0xff, 0xff, 0xff, 0xf0, 
    0xef, 0xe7, 0x00, 0x00, 0x00, 0x00, 0x00, 0x00, 0x00, 0x40, 0x00, 0x00, 0x00, 0x00, 0x00, 0x00, 
    0x00, 0x00, 0x00, 0x00, 0x00, 0x00, 0x00, 0x00, 0x00, 0x00, 0x00, 0x00, 0x00, 0x01, 0x55, 0x55, 
    0x55, 0x55, 0x55, 0x50, 0x00, 0x00, 0x00, 0x00, 0x00, 0x00, 0x00, 0x00, 0x00, 0x00, 0x00, 0x00, 
    0x00, 0x00, 0x00, 0x00, 0x00, 0x00, 0x00, 0x2f, 0x00, 0x00, 0xbe, 0xaa, 0xff, 0xff, 0xef, 0x7f, 
    0xff, 0xff, 0xfe, 0x00, 0x00, 0x00, 0x00, 0x00, 0x00, 0x00, 0x00, 0x00, 0x00, 0x00, 0x14, 0x00, 
    0x00, 0x00, 0x00, 0x00, 0x05, 0x00, 0x00, 0x00, 0x00, 0x00, 0x00, 0x00, 0x00, 0x00, 0x00, 0x00, 
    0x00, 0x00, 0x00, 0x00, 0x2f, 0xfe, 0x40, 0x3f, 0xaa, 0xaa, 0xaa, 0xaa, 0xaa, 0xaa, 0x80, 0x00, 
    0x00, 0x01, 0xaa, 0xaa, 0xaa, 0xaa, 0xaa, 0xaa, 0xaa, 0x40, 0x00, 0x00, 0x00, 0x00, 0x00, 0x00, 
    0x00, 0x00, 0x00, 0x00, 0x00, 0x00, 0x00, 0x00, 0x00, 0x00, 0x00, 0x00, 0x00, 0x00, 0x00, 0x00, 
    0x00, 0x00, 0x00, 0x00, 0x00, 0x00, 0x00, 0x00, 0x00, 0x00, 0x00, 0x00, 0x00, 0x00, 0x00, 0x00, 
    0x00, 0x00, 0x00, 0x00, 0x00, 0x00, 0x00, 0x00, 0x00, 0x00, 0x00, 0x00, 0x00, 0x00, 0x00, 0x00, 
    0x00, 0x00, 0x00, 0x00, 0x00, 0x00, 0x00, 0x00, 0x00, 0x00, 0x00, 0x00, 0x00, 0x00, 0x00, 0x00, 
    0xff, 0xff, 0xff, 0xff, 0xff, 0xff, 0xff, 0xf8, 0xaf, 0xf6, 0x80, 0x00, 0x00, 0x00, 0x00, 0x00, 
    0x00, 0x04, 0x00, 0x00, 0x00, 0x00, 0x00, 0x00, 0x00, 0x00, 0x00, 0x00, 0x00, 0x00, 0x00, 0x00, 
    0x00, 0x00, 0x00, 0x00, 0x00, 0x15, 0x55, 0x55, 0x55, 0x55, 0x54, 0x00, 0x00, 0x00, 0x00, 0x00, 
    0x00, 0x00, 0x00, 0x00, 0x00, 0x00, 0x00, 0x00, 0x00, 0x00, 0x00, 0x00, 0x00, 0x00, 0x00, 0x01, 
    0x00, 0x00, 0xbe, 0xaa, 0xbf, 0xff, 0xce, 0xef, 0xff, 0xff, 0xf4, 0x00, 0x00, 0x00, 0x00, 0x00, 
    0x00, 0x00, 0x00, 0x00, 0x00, 0x00, 0x50, 0x00, 0x00, 0x00, 0x00, 0x00, 0x14, 0x00, 0x00, 0x00, 
    0x00, 0x00, 0x00, 0x00, 0x00, 0x00, 0x00, 0x00, 0x00, 0x00, 0x00, 0x00, 0x01, 0xff, 0xf8, 0x1f, 
    0xea, 0xaa, 0xaa, 0xaa, 0xaa, 0xaa, 0xa0, 0x00, 0x00, 0x00, 0xaa, 0xaa, 0xaa, 0xaa, 0xaa, 0xaa, 
    0xaa, 0x80, 0x00, 0x00, 0x00, 0x00, 0x00, 0x00, 0x00, 0x00, 0x00, 0x00, 0x00, 0x00, 0x00, 0x00, 
    0x00, 0x00, 0x00, 0x00, 0x00, 0x00, 0x00, 0x00, 0x00, 0x00, 0x00, 0x00, 0x00, 0x00, 0x00, 0x00, 
    0x00, 0x00, 0x00, 0x00, 0x00, 0x00, 0x00, 0x00, 0x00, 0x00, 0x00, 0x00, 0x00, 0x00, 0x00, 0x00, 
    0x00, 0x00, 0x00, 0x00, 0x00, 0x00, 0x00, 0x00, 0x00, 0x00, 0x00, 0x00, 0x00, 0x00, 0x00, 0x00, 
    0x00, 0x00, 0x00, 0x00, 0x00, 0x00, 0x00, 0x00, 0xff, 0xff, 0xff, 0xff, 0xff, 0xff, 0xff, 0xfe, 
    0x2f, 0xf8, 0xc0, 0x00, 0x00, 0x00, 0x00, 0x00, 0x00, 0x01, 0x00, 0x00, 0x00, 0x00, 0x00, 0x00, 
    0x00, 0x00, 0x00, 0x00, 0x00, 0x00, 0x00, 0x00, 0x00, 0x00, 0x00, 0x00, 0x00, 0x55, 0x55, 0x55, 
    0x55, 0x54, 0x00, 0x00, 0x00, 0x00, 0x00, 0x00, 0x00, 0x00, 0x00, 0x00, 0x00, 0x00, 0x00, 0x00, 
    0x00, 0x00, 0x00, 0x00, 0x00, 0x00, 0x00, 0x01, 0x00, 0x00, 0x3f, 0xaa, 0xbf, 0xff, 0x2a, 0xff, 
    0xff, 0xff, 0x80, 0x00, 0x00, 0x00, 0x00, 0x00, 0x00, 0x00, 0x00, 0x00, 0x00, 0x05, 0x40, 0x00, 
    0x00, 0x00, 0x00, 0x01, 0x54, 0x00, 0x00, 0x00, 0x00, 0x00, 0x00, 0x00, 0x00, 0x00, 0x00, 0x00, 
    0x00, 0x00, 0x00, 0x00, 0x00, 0x1f, 0xff, 0x0b, 0xfa, 0xaa, 0xaa, 0xaa, 0xaa, 0xaa, 0xa8, 0x00, 
    0x00, 0x00, 0x6a, 0xaa, 0xaa, 0xaa, 0xaa, 0xaa, 0xaa, 0xa0, 0x00, 0x00, 0x00, 0x00, 0x00, 0x00, 
    0x00, 0x00, 0x00, 0x00, 0x00, 0x00, 0x00, 0x00, 0x00, 0x00, 0x00, 0x00, 0x00, 0x00, 0x00, 0x00, 
    0x00, 0x00, 0x00, 0x00, 0x00, 0x00, 0x00, 0x00, 0x00, 0x00, 0x00, 0x00, 0x00, 0x00, 0x00, 0x00, 
    0x00, 0x00, 0x00, 0x00, 0x00, 0x00, 0x00, 0x00, 0x00, 0x00, 0x00, 0x00, 0x00, 0x00, 0x00, 0x00, 
    0x00, 0x00, 0x00, 0x00, 0x00, 0x00, 0x00, 0x00, 0x00, 0x00, 0x00, 0x00, 0x00, 0x00, 0x00, 0x00, 
    0xff, 0xff, 0xff, 0xff, 0xff, 0xff, 0xff, 0xff, 0x4b, 0xfc, 0x60, 0x00, 0x00, 0x00, 0x00, 0x00, 
    0x00, 0x00, 0x40, 0x00, 0x00, 0x00, 0x00, 0x00, 0x00, 0x00, 0x00, 0x00, 0x00, 0x00, 0x00, 0x00, 
    0x00, 0x00, 0x00, 0x00, 0x01, 0x55, 0x55, 0x55, 0x55, 0x00, 0x00, 0x00, 0x00, 0x00, 0x00, 0x00, 
    0x00, 0x00, 0x00, 0x00, 0x00, 0x00, 0x00, 0x00, 0x00, 0x00, 0x00, 0x00, 0x00, 0x00, 0x00, 0x00, 
    0x00, 0x00, 0x2e, 0xaa, 0xaf, 0xfc, 0x37, 0xff, 0xff, 0xfd, 0x00, 0x00, 0x00, 0x00, 0x00, 0x00, 
    0x00, 0x00, 0x00, 0x00, 0x00, 0x14, 0x00, 0x00, 0x00, 0x00, 0x00, 0x15, 0x50, 0x00, 0x00, 0x00, 
    0x00, 0x00, 0x00, 0x00, 0x00, 0x00, 0x00, 0x00, 0x00, 0x00, 0x00, 0x00, 0x00, 0x02, 0xff, 0x82, 
    0xfa, 0xaa, 0xaa, 0xaa, 0xaa, 0xaa, 0xaa, 0x00, 0x00, 0x00, 0x2a, 0xaa, 0xaa, 0xaa, 0xaa, 0xaa, 
    0xaa, 0xa8, 0x00, 0x00, 0x00, 0x00, 0x00, 0x00, 0x00, 0x00, 0x00, 0x00, 0x00, 0x00, 0x00, 0x00, 
    0x00, 0x00, 0x00, 0x00, 0x00, 0x00, 0x00, 0x00, 0x00, 0x00, 0x00, 0x00, 0x00, 0x00, 0x00, 0x00, 
    0x00, 0x00, 0x00, 0x00, 0x00, 0x00, 0x00, 0x00, 0x00, 0x00, 0x00, 0x00, 0x00, 0x00, 0x00, 0x00, 
    0x00, 0x00, 0x00, 0x00, 0x00, 0x00, 0x00, 0x00, 0x00, 0x00, 0x00, 0x00, 0x00, 0x00, 0x00, 0x00, 
    0x00, 0x00, 0x00, 0x00, 0x00, 0x00, 0x00, 0x00, 0xff, 0xff, 0xff, 0xff, 0xff, 0xff, 0xff, 0xff, 
    0xc3, 0xfe, 0x24, 0x00, 0x00, 0x00, 0x00, 0x00, 0x00, 0x00, 0x14, 0x00, 0x00, 0x00, 0x00, 0x00, 
    0x00, 0x00, 0x00, 0x00, 0x00, 0x00, 0x00, 0x00, 0x00, 0x00, 0x00, 0x00, 0x55, 0x55, 0x55, 0x55, 
    0x55, 0x40, 0x00, 0x00, 0x00, 0x00, 0x00, 0x00, 0x00, 0x00, 0x00, 0x00, 0x00, 0x00, 0x00, 0x00, 
    0x00, 0x00, 0x00, 0x00, 0x00, 0x00, 0x00, 0x00, 0x00, 0x00, 0x01, 0xaa, 0xab, 0xe0, 0xae, 0xff, 
    0xff, 0xe0, 0x00, 0x00, 0x00, 0x00, 0x00, 0x00, 0x00, 0x00, 0x00, 0x00, 0x01, 0x50, 0x00, 0x00, 
    0x00, 0x00, 0x00, 0x55, 0x40, 0x00, 0x00, 0x00, 0x00, 0x00, 0x00, 0x00, 0x00, 0x00, 0x00, 0x00, 
    0x00, 0x00, 0x00, 0x00, 0x00, 0x00, 0x1f, 0xd0, 0xfe, 0xaa, 0xaa, 0xaa, 0xaa, 0xaa, 0xaa, 0x80, 
    0x00, 0x00, 0x1a, 0xaa, 0xaa, 0xaa, 0xaa, 0xaa, 0xaa, 0xa9, 0x00, 0x00, 0x00, 0x00, 0x00, 0x00, 
    0x00, 0x00, 0x00, 0x00, 0x00, 0x00, 0x00, 0x00, 0x00, 0x00, 0x00, 0x00, 0x00, 0x00, 0x00, 0x00, 
    0x00, 0x00, 0x00, 0x00, 0x00, 0x00, 0x00, 0x00, 0x00, 0x00, 0x00, 0x00, 0x00, 0x00, 0x00, 0x00, 
    0x00, 0x00, 0x00, 0x00, 0x00, 0x00, 0x00, 0x00, 0x00, 0x00, 0x00, 0x00, 0x00, 0x00, 0x00, 0x00, 
    0x00, 0x00, 0x00, 0x00, 0x00, 0x00, 0x00, 0x00, 0x00, 0x00, 0x00, 0x00, 0x00, 0x00, 0x00, 0x00, 
    0xff, 0xff, 0xff, 0xff, 0xff, 0xff, 0xff, 0xff, 0xf1, 0xff, 0x4c, 0x00, 0x04, 0x00, 0x00, 0x00, 
    0x00, 0x00, 0x01, 0x00, 0x00, 0x00, 0x00, 0x00, 0x00, 0x00, 0x00, 0x00, 0x00, 0x00, 0x00, 0x00, 
    0x00, 0x00, 0x55, 0x55, 0x55, 0x55, 0x55, 0x55, 0x54, 0x00, 0x00, 0x00, 0x00, 0x00, 0x00, 0x00, 
    0x00, 0x00, 0x00, 0x00, 0x00, 0x00, 0x00, 0x00, 0x00, 0x00, 0x00, 0x00, 0x00, 0x00, 0x00, 0x00, 
    0x00, 0x00, 0x05, 0x1a, 0xaa, 0x80, 0xaf, 0xff, 0xff, 0x40, 0x00, 0x00, 0x00, 0x00, 0x00, 0x00, 
    0x00, 0x00, 0x00, 0x00, 0x15, 0x40, 0x00, 0x00, 0x00, 0x00, 0x05, 0x55, 0x40, 0x00, 0x00, 0x00, 
    0x00, 0x00, 0x00, 0x00, 0x00, 0x00, 0x00, 0x00, 0x00, 0x00, 0x00, 0x00, 0x00, 0x00, 0x01, 0xf4, 
    0x3f, 0xaa, 0xaa, 0xaa, 0xaa, 0xaa, 0xaa, 0xa0, 0x00, 0x00, 0x0a, 0xaa, 0xaa, 0xaa, 0xaa, 0xaa, 
    0xaa, 0xaa, 0x40, 0x00, 0x00, 0x00, 0x00, 0x00, 0x00, 0x00, 0x00, 0x00, 0x00, 0x00, 0x00, 0x00, 
    0x00, 0x00, 0x00, 0x00, 0x00, 0x00, 0x00, 0x00, 0x00, 0x00, 0x00, 0x00, 0x00, 0x00, 0x00, 0x00, 
    0x00, 0x00, 0x00, 0x00, 0x00, 0x00, 0x00, 0x00, 0x00, 0x00, 0x00, 0x00, 0x00, 0x00, 0x00, 0x00, 
    0x00, 0x00, 0x00, 0x00, 0x00, 0x00, 0x00, 0x00, 0x00, 0x00, 0x00, 0x00, 0x00, 0x00, 0x00, 0x00, 
    0x00, 0x00, 0x00, 0x00, 0x00, 0x00, 0x00, 0x00, 0xff, 0xff, 0xff, 0xff, 0xff, 0xff, 0xff, 0xff, 
    0xf8, 0xbf, 0xc6, 0x00, 0x04, 0x00, 0x00, 0x00, 0x00, 0x00, 0x00, 0x40, 0x00, 0x00, 0x00, 0x00, 
    0x00, 0x00, 0x00, 0x00, 0x00, 0x00, 0x00, 0x00, 0x00, 0x00, 0x01, 0x55, 0x55, 0x55, 0x55, 0x00, 
    0x00, 0x00, 0x00, 0x00, 0x00, 0x00, 0x00, 0x00, 0x00, 0x00, 0x00, 0x00, 0x00, 0x00, 0x00, 0x00, 
    0x00, 0x00, 0x00, 0x00, 0x00, 0x00, 0x00, 0x00, 0x00, 0x00, 0x02, 0xa4, 0x69, 0x01, 0x7f, 0xff, 
    0xfc, 0x00, 0x00, 0x00, 0x00, 0x00, 0x00, 0x00, 0x00, 0x00, 0x00, 0x00, 0x54, 0x00, 0x00, 0x00, 
    0x00, 0x00, 0x55, 0x55, 0x00, 0x00, 0x00, 0x00, 0x00, 0x00, 0x00, 0x00, 0x00, 0x00, 0x00, 0x00, 
    0x00, 0x00, 0x00, 0x00, 0x00, 0x00, 0x00, 0x1c, 0x1f, 0xea, 0xaa, 0xaa, 0xaa, 0xaa, 0xaa, 0xa8, 
    0x00, 0x00, 0x02, 0xaa, 0xaa, 0xaa, 0xa9, 0xaa, 0xaa, 0xaa, 0x80, 0x00, 0x00, 0x00, 0x00, 0x00, 
    0x00, 0x00, 0x00, 0x00, 0x00, 0x00, 0x00, 0x00, 0x00, 0x00, 0x00, 0x00, 0x00, 0x00, 0x00, 0x00, 
    0x00, 0x00, 0x00, 0x00, 0x00, 0x00, 0x00, 0x00, 0x00, 0x00, 0x00, 0x00, 0x00, 0x00, 0x00, 0x00, 
    0x00, 0x00, 0x00, 0x00, 0x00, 0x00, 0x00, 0x00, 0x00, 0x00, 0x00, 0x00, 0x00, 0x00, 0x00, 0x00, 
    0x00, 0x00, 0x00, 0x00, 0x00, 0x00, 0x00, 0x00, 0x00, 0x00, 0x00, 0x00, 0x00, 0x00, 0x00, 0x00, 
    0xff, 0xff, 0xff, 0xff, 0xff, 0xff, 0xff, 0xff, 0xfd, 0x3f, 0xe2, 0x00, 0x01, 0x00, 0x00, 0x00, 
    0x00, 0x00, 0x00, 0x14, 0x00, 0x00, 0x00, 0x00, 0x00, 0x00, 0x00, 0x00, 0x00, 0x00, 0x00, 0x00, 
    0x00, 0x00, 0x00, 0x00, 0x00, 0x00, 0x00, 0x00, 0x00, 0x00, 0x00, 0x00, 0x00, 0x00, 0x00, 0x00, 
    0x00, 0x00, 0x00, 0x00, 0x00, 0x00, 0x00, 0x00, 0x00, 0x15, 0x00, 0x01, 0x55, 0x55, 0x40, 0x00, 
    0x00, 0x00, 0x00, 0x6a, 0x50, 0x00, 0xff, 0xff, 0xe0, 0x00, 0x00, 0x00, 0x00, 0x00, 0x00, 0x00, 
    0x00, 0x00, 0x00, 0x05, 0x50, 0x00, 0x00, 0x00, 0x00, 0x05, 0x55, 0x54, 0x00, 0x00, 0x00, 0x00, 
    0x00, 0x00, 0x00, 0x00, 0x00, 0x00, 0x00, 0x00, 0x00, 0x00, 0x00, 0x00, 0x00, 0x00, 0x00, 0x01, 
    0x07, 0xfa, 0xaa, 0xaa, 0xaa, 0xaa, 0xaa, 0xaa, 0x00, 0x00, 0x01, 0xaa, 0xaa, 0xaa, 0xaa, 0x9a, 
    0xaa, 0xaa, 0xa0, 0x00, 0x00, 0x00, 0x00, 0x00, 0x00, 0x00, 0x00, 0x00, 0x00, 0x00, 0x00, 0x00, 
    0x00, 0x00, 0x00, 0x00, 0x00, 0x00, 0x00, 0x00, 0x00, 0x00, 0x00, 0x00, 0x00, 0x00, 0x00, 0x00, 
    0x00, 0x00, 0x00, 0x00, 0x00, 0x00, 0x00, 0x00, 0x00, 0x00, 0x00, 0x00, 0x00, 0x00, 0x00, 0x00, 
    0x00, 0x00, 0x00, 0x00, 0x00, 0x00, 0x00, 0x00, 0x00, 0x00, 0x00, 0x00, 0x00, 0x00, 0x00, 0x00, 
    0x00, 0x00, 0x00, 0x00, 0x00, 0x00, 0x00, 0x00, 0xff, 0xff, 0xff, 0xff, 0xff, 0xff, 0xff, 0xff, 
    0xff, 0x1f, 0xf4, 0x80, 0x01, 0x00, 0x00, 0x00, 0x00, 0x00, 0x00, 0x01, 0x00, 0x00, 0x00, 0x00, 
    0x00, 0x00, 0x00, 0x00, 0x00, 0x00, 0x00, 0x00, 0x00, 0x00, 0x00, 0x01, 0x55, 0x55, 0x55, 0x50, 
    0x00, 0x00, 0x00, 0x00, 0x00, 0x00, 0x00, 0x00, 0x00, 0x00, 0x00, 0x00, 0x00, 0x00, 0x00, 0x55, 
    0xaa, 0xbf, 0x80, 0x3f, 0xff, 0xff, 0xff, 0xdf, 0xc0, 0x00, 0x00, 0x16, 0x40, 0x01, 0xff, 0xff, 
    0x40, 0x00, 0x00, 0x00, 0x00, 0x00, 0x00, 0x00, 0x00, 0x40, 0x00, 0x55, 0x40, 0x00, 0x00, 0x00, 
    0x00, 0x05, 0x55, 0x50, 0x00, 0x00, 0x00, 0x00, 0x00, 0x00, 0x00, 0x00, 0x00, 0x00, 0x00, 0x00, 
    0x00, 0x00, 0x00, 0x00, 0x00, 0x00, 0x00, 0x00, 0x01, 0xff, 0xaa, 0xaa, 0xaa, 0xaa, 0xaa, 0xaa, 
    0x80, 0x00, 0x00, 0xaa, 0xaa, 0xa5, 0xaa, 0xa9, 0x5a, 0xaa, 0xa4, 0x00, 0x00, 0x00, 0x00, 0x00, 
    0x00, 0x00, 0x00, 0x00, 0x00, 0x00, 0x00, 0x00, 0x00, 0x00, 0x00, 0x00, 0x00, 0x00, 0x00, 0x00, 
    0x00, 0x00, 0x00, 0x00, 0x00, 0x00, 0x00, 0x00, 0x00, 0x00, 0x00, 0x00, 0x00, 0x00, 0x00, 0x00, 
    0x00, 0x00, 0x00, 0x00, 0x00, 0x00, 0x00, 0x00, 0x00, 0x00, 0x00, 0x00, 0x00, 0x00, 0x00, 0x00, 
    0x00, 0x00, 0x00, 0x00, 0x00, 0x00, 0x00, 0x00, 0x00, 0x00, 0x00, 0x00, 0x00, 0x00, 0x00, 0x00, 
    0xff, 0xff, 0xff, 0xff, 0xff, 0xff, 0xff, 0xff, 0xff, 0xc7, 0xfc, 0x10, 0x00, 0x40, 0x00, 0x00, 
    0x00, 0x00, 0x00, 0x00, 0x10, 0x10, 0x00, 0x00, 0x00, 0x00, 0x00, 0x00, 0x00, 0x00, 0x00, 0x00, 
    0x00, 0x00, 0x00, 0x00, 0x00, 0x05, 0x55, 0x54, 0x00, 0x00, 0x00, 0x00, 0x00, 0x00, 0x00, 0x00, 
    0x00, 0x00, 0x00, 0x00, 0x55, 0x6a, 0xaa, 0xff, 0xff, 0xff, 0x80, 0x3a, 0xff, 0xff, 0xff, 0xef, 
    0xd0, 0x00, 0x00, 0x18, 0x00, 0x03, 0xff, 0xfd, 0x00, 0x00, 0x00, 0x00, 0x00, 0x00, 0x00, 0x00, 
    0x01, 0x00, 0x05, 0x54, 0x00, 0x00, 0x00, 0x00, 0x00, 0x15, 0x55, 0x40, 0x00, 0x00, 0x00, 0x00, 
    0x00, 0x00, 0x00, 0x00, 0x00, 0x00, 0x00, 0x00, 0x00, 0x00, 0x00, 0x00, 0x00, 0x00, 0x00, 0x00, 
    0x00, 0xbf, 0xea, 0xaa, 0xaa, 0xaa, 0xaa, 0xaa, 0xa0, 0x00, 0x00, 0x6a, 0xaa, 0xaa, 0x95, 0xaa, 
    0x91, 0xaa, 0xa9, 0x00, 0x00, 0x00, 0x00, 0x00, 0x00, 0x00, 0x00, 0x00, 0x00, 0x00, 0x00, 0x00, 
    0x00, 0x00, 0x00, 0x00, 0x00, 0x00, 0x00, 0x00, 0x00, 0x00, 0x00, 0x00, 0x00, 0x00, 0x00, 0x00, 
    0x00, 0x00, 0x00, 0x00, 0x00, 0x00, 0x00, 0x00, 0x00, 0x00, 0x00, 0x00, 0x00, 0x00, 0x00, 0x00, 
    0x00, 0x00, 0x00, 0x00, 0x00, 0x00, 0x00, 0x00, 0x00, 0x00, 0x00, 0x00, 0x00, 0x00, 0x00, 0x00, 
    0x00, 0x00, 0x00, 0x00, 0x00, 0x00, 0x00, 0x00, 0xff, 0xff, 0xff, 0xff, 0xff, 0xff, 0xff, 0xff, 
    0xff, 0xe2, 0xfe, 0x14, 0x00, 0x40, 0x00, 0x00, 0x00, 0x00, 0x00, 0x00, 0x04, 0x01, 0x00, 0x00, 
    0x00, 0x00, 0x00, 0x00, 0x00, 0x00, 0x00, 0x00, 0x00, 0x00, 0x00, 0x00, 0x00, 0x00, 0x00, 0x00, 
    0x00, 0x00, 0x00, 0x00, 0x00, 0x00, 0x00, 0x00, 0x00, 0x00, 0x00, 0x00, 0x01, 0xaa, 0xaa, 0xab, 
    0xff, 0xff, 0xc0, 0x2a, 0xbf, 0xff, 0xff, 0xfb, 0xd0, 0x00, 0x00, 0x00, 0x00, 0x0a, 0xaa, 0xa0, 
    0x00, 0x00, 0x00, 0x00, 0x00, 0x00, 0x00, 0x00, 0x01, 0x00, 0x55, 0x40, 0x00, 0x00, 0x00, 0x00, 
    0x00, 0x15, 0x55, 0x40, 0x00, 0x00, 0x00, 0x00, 0x00, 0x00, 0x00, 0x00, 0x00, 0x00, 0x00, 0x00, 
    0x00, 0x00, 0x00, 0x00, 0x00, 0x00, 0x00, 0x00, 0x00, 0x1f, 0xfa, 0xaa, 0xaa, 0xaa, 0xaa, 0xaa, 
    0xa4, 0x00, 0x00, 0x2a, 0xaa, 0xaa, 0xaa, 0x95, 0x55, 0x06, 0xaa, 0x00, 0x00, 0x00, 0x00, 0x00, 
    0x00, 0x00, 0x00, 0x00, 0x00, 0x00, 0x00, 0x00, 0x00, 0x00, 0x00, 0x00, 0x00, 0x00, 0x00, 0x00, 
    0x00, 0x00, 0x00, 0x00, 0x00, 0x00, 0x00, 0x00, 0x00, 0x00, 0x00, 0x00, 0x00, 0x00, 0x00, 0x00, 
    0x00, 0x00, 0x00, 0x00, 0x00, 0x00, 0x00, 0x00, 0x00, 0x00, 0x00, 0x00, 0x00, 0x00, 0x00, 0x00, 
    0x00, 0x00, 0x00, 0x00, 0x00, 0x00, 0x00, 0x00, 0x00, 0x00, 0x00, 0x00, 0x00, 0x00, 0x00, 0x00, 
    0xff, 0xff, 0xff, 0xff, 0xff, 0xff, 0xff, 0xff, 0xff, 0xf8, 0xbf, 0x84, 0x00, 0x10, 0x00, 0x00, 
    0x00, 0x00, 0x00, 0x00, 0x00, 0x40, 0x40, 0x00, 0x00, 0x00, 0x00, 0x00, 0x00, 0x00, 0x00, 0x00, 
    0x00, 0x01, 0x55, 0x55, 0x55, 0x54, 0x00, 0x00, 0x00, 0x00, 0x00, 0x00, 0x00, 0x00, 0x00, 0x00, 
    0x00, 0x00, 0x00, 0x00, 0x00, 0x00, 0x1a, 0xaa, 0xab, 0xff, 0xc0, 0x2a, 0xab, 0xff, 0xff, 0xf7, 
    0xd0, 0x00, 0x00, 0x00, 0x00, 0x19, 0xaa, 0x80, 0x00, 0x00, 0x00, 0x00, 0x00, 0x00, 0x00, 0x00, 
    0x04, 0x15, 0x55, 0x00, 0x00, 0x00, 0x00, 0x00, 0x00, 0x55, 0x55, 0x00, 0x00, 0x00, 0x00, 0x00, 
    0x00, 0x00, 0x00, 0x00, 0x00, 0x00, 0x00, 0x00, 0x00, 0x00, 0x00, 0x00, 0x00, 0x00, 0x00, 0x00, 
    0x00, 0x07, 0xfe, 0xaa, 0xaa, 0xaa, 0xaa, 0xaa, 0xa9, 0x00, 0x00, 0x0a, 0xaa, 0xaa, 0xaa, 0xaa, 
    0xaa, 0x54, 0x16, 0x40, 0x00, 0x00, 0x00, 0x00, 0x00, 0x00, 0x00, 0x00, 0x00, 0x00, 0x00, 0x00, 
    0x00, 0x00, 0x00, 0x00, 0x00, 0x00, 0x00, 0x00, 0x00, 0x00, 0x00, 0x00, 0x00, 0x00, 0x00, 0x00, 
    0x00, 0x00, 0x00, 0x00, 0x00, 0x00, 0x00, 0x00, 0x00, 0x00, 0x00, 0x00, 0x00, 0x00, 0x00, 0x00, 
    0x00, 0x00, 0x00, 0x00, 0x00, 0x00, 0x00, 0x00, 0x00, 0x00, 0x00, 0x00, 0x00, 0x00, 0x00, 0x00, 
    0x00, 0x00, 0x00, 0x00, 0x00, 0x00, 0x00, 0x00, 0xff, 0xff, 0xff, 0xff, 0xff, 0xff, 0xff, 0xff, 
    0xff, 0xfe, 0x3f, 0xd1, 0x00, 0x10, 0x00, 0x00, 0x00, 0x00, 0x00, 0x00, 0x00, 0x10, 0x14, 0x00, 
    0x00, 0x00, 0x00, 0x00, 0x00, 0x00, 0x00, 0x00, 0x00, 0x00, 0x55, 0x55, 0x55, 0x55, 0x55, 0x50, 
    0x00, 0x00, 0x00, 0x00, 0x00, 0x00, 0x00, 0x00, 0x00, 0x00, 0x00, 0x00, 0x00, 0x00, 0x00, 0x16, 
    0xaa, 0xab, 0xd0, 0x2a, 0xaa, 0xff, 0xff, 0xfb, 0xe0, 0x00, 0x00, 0x00, 0x00, 0x7e, 0x69, 0x00, 
    0x00, 0x00, 0x00, 0x00, 0x00, 0x00, 0x00, 0x00, 0x55, 0x55, 0x50, 0x00, 0x00, 0x00, 0x00, 0x00, 
    0x01, 0x55, 0x54, 0x00, 0x00, 0x00, 0x00, 0x00, 0x00, 0x00, 0x00, 0x00, 0x00, 0x00, 0x00, 0x00, 
    0x00, 0x00, 0x00, 0x00, 0x00, 0x00, 0x00, 0x00, 0x00, 0x00, 0xff, 0xea, 0xaa, 0xaa, 0xaa, 0xaa, 
    0xaa, 0x40, 0x00, 0x05, 0xaa, 0xaa, 0xaa, 0xaa, 0xaa, 0xaa, 0x90, 0x00, 0x00, 0x00, 0x00, 0x00, 
    0x00, 0x00, 0x00, 0x00, 0x00, 0x00, 0x00, 0x00, 0x00, 0x00, 0x00, 0x00, 0x00, 0x00, 0x00, 0x00, 
    0x00, 0x00, 0x00, 0x00, 0x00, 0x00, 0x00, 0x00, 0x00, 0x00, 0x00, 0x00, 0x00, 0x00, 0x00, 0x00, 
    0x00, 0x00, 0x00, 0x00, 0x00, 0x00, 0x00, 0x00, 0x00, 0x00, 0x00, 0x00, 0x00, 0x00, 0x00, 0x00, 
    0x00, 0x00, 0x00, 0x00, 0x00, 0x00, 0x00, 0x00, 0x00, 0x00, 0x00, 0x00, 0x00, 0x00, 0x00, 0x00, 
    0xff, 0xff, 0xff, 0xff, 0xff, 0xff, 0xff, 0xff, 0xff, 0xff, 0x5f, 0xf0, 0x40, 0x04, 0x00, 0x00, 
    0x00, 0x00, 0x00, 0x00, 0x00, 0x01, 0x06, 0x40, 0x00, 0x00, 0x00, 0x00, 0x00, 0x00, 0x00, 0x00, 
    0x00, 0x00, 0x55, 0x55, 0x55, 0x40, 0x00, 0x00, 0x00, 0x00, 0x00, 0x00, 0x00, 0x00, 0x00, 0x00, 
    0x00, 0x00, 0x00, 0x00, 0x00, 0x00, 0x00, 0x00, 0x05, 0xaa, 0x90, 0x1a, 0xaa, 0xaf, 0xff, 0xfa, 
    0xe0, 0x00, 0x00, 0x00, 0x00, 0xff, 0xa0, 0x00, 0x00, 0x00, 0x00, 0x00, 0x00, 0x00, 0x00, 0x01, 
    0x51, 0x55, 0x00, 0x00, 0x00, 0x00, 0x00, 0x00, 0x01, 0x55, 0x50, 0x00, 0x00, 0x00, 0x00, 0x00, 
    0x00, 0x00, 0x00, 0x00, 0x00, 0x00, 0x00, 0x00, 0x00, 0x00, 0x00, 0x00, 0x00, 0x00, 0x00, 0x00, 
    0x00, 0x00, 0x2f, 0xfa, 0xaa, 0xaa, 0xaa, 0xaa, 0xaa, 0x90, 0x00, 0x00, 0x6a, 0xaa, 0xaa, 0xaa, 
    0xaa, 0xaa, 0xa9, 0x00, 0x00, 0x00, 0x00, 0x00, 0x00, 0x00, 0x00, 0x00, 0x00, 0x00, 0x00, 0x00, 
    0x00, 0x00, 0x00, 0x00, 0x00, 0x00, 0x00, 0x00, 0x00, 0x00, 0x00, 0x00, 0x00, 0x00, 0x00, 0x00, 
    0x00, 0x00, 0x00, 0x00, 0x00, 0x00, 0x00, 0x00, 0x00, 0x00, 0x00, 0x00, 0x00, 0x00, 0x00, 0x00, 
    0x00, 0x00, 0x00, 0x00, 0x00, 0x00, 0x00, 0x00, 0x00, 0x00, 0x00, 0x00, 0x00, 0x00, 0x00, 0x00, 
    0x00, 0x00, 0x00, 0x00, 0x00, 0x00, 0x00, 0x00, 0xff, 0xff, 0xff, 0xff, 0xff, 0xff, 0xff, 0xff, 
    0xff, 0xff, 0xdb, 0xf8, 0x10, 0x05, 0x00, 0x00, 0x00, 0x00, 0x00, 0x00, 0x00, 0x00, 0x50, 0x50, 
    0x00, 0x00, 0x00, 0x00, 0x00, 0x00, 0x00, 0x00, 0x00, 0x05, 0x55, 0x55, 0x55, 0x55, 0x00, 0x00, 
    0x00, 0x00, 0x00, 0x00, 0x00, 0x00, 0x00, 0x00, 0x00, 0x00, 0x00, 0x00, 0x00, 0x00, 0x00, 0x00, 
    0x00, 0x01, 0xa0, 0x0a, 0xaa, 0xaa, 0xff, 0xfd, 0xd0, 0x00, 0x00, 0x00, 0x00, 0xbe, 0x80, 0x00, 
    0x00, 0x00, 0x00, 0x00, 0x00, 0x00, 0x00, 0x15, 0x55, 0x50, 0x00, 0x00, 0x01, 0x40, 0x00, 0x00, 
    0x05, 0x55, 0x40, 0x00, 0x00, 0x00, 0x00, 0x00, 0x00, 0x00, 0x00, 0x00, 0x00, 0x00, 0x00, 0x00, 
    0x00, 0x00, 0x00, 0x00, 0x00, 0x00, 0x00, 0x00, 0x00, 0x00, 0x07, 0xff, 0xaa, 0xaa, 0xaa, 0xaa, 
    0xaa, 0xa4, 0x00, 0x01, 0x1a, 0xaa, 0xaa, 0xaa, 0xaa, 0xaa, 0xaa, 0x90, 0x00, 0x00, 0x00, 0x00, 
    0x00, 0x00, 0x00, 0x00, 0x00, 0x00, 0x00, 0x00, 0x00, 0x00, 0x00, 0x00, 0x00, 0x00, 0x00, 0x00, 
    0x00, 0x00, 0x00, 0x00, 0x00, 0x00, 0x00, 0x00, 0x00, 0x00, 0x00, 0x00, 0x00, 0x00, 0x00, 0x00, 
    0x00, 0x00, 0x00, 0x00, 0x00, 0x00, 0x00, 0x00, 0x00, 0x00, 0x00, 0x00, 0x00, 0x00, 0x00, 0x00, 
    0x00, 0x00, 0x00, 0x00, 0x00, 0x00, 0x00, 0x00, 0x00, 0x00, 0x00, 0x00, 0x00, 0x00, 0x00, 0x00, 
    0xff, 0xff, 0xff, 0xff, 0xff, 0xff, 0xff, 0xff, 0xff, 0xff, 0xf2, 0xfe, 0x04, 0x02, 0x40, 0x00, 
    0x00, 0x00, 0x00, 0x00, 0x00, 0x00, 0x04, 0x15, 0x00, 0x00, 0x00, 0x00, 0x00, 0x00, 0x00, 0x00, 
    0x00, 0x55, 0x55, 0x55, 0x55, 0x55, 0x40, 0x00, 0x00, 0x00, 0x00, 0x00, 0x00, 0x00, 0x00, 0x00, 
    0x00, 0x00, 0x00, 0x00, 0x00, 0x00, 0x00, 0x00, 0x00, 0x00, 0x00, 0x0a, 0xaa, 0xaa, 0xab, 0xfd, 
    0xd0, 0x24, 0x00, 0x00, 0x06, 0x2a, 0x00, 0x00, 0x00, 0x00, 0x00, 0x00, 0x00, 0x00, 0x00, 0x55, 
    0x45, 0x00, 0x00, 0x00, 0x00, 0x00, 0x00, 0x00, 0x15, 0x55, 0x00, 0x00, 0x00, 0x00, 0x00, 0x00, 
    0x00, 0x00, 0x00, 0x00, 0x00, 0x00, 0x00, 0x00, 0x00, 0x00, 0x00, 0x00, 0x00, 0x00, 0x00, 0x00, 
    0x00, 0x00, 0x00, 0xff, 0xea, 0xaa, 0xaa, 0xaa, 0xaa, 0xa9, 0x00, 0x00, 0x06, 0xaa, 0xaa, 0xaa, 
    0xaa, 0xaa, 0xaa, 0xa8, 0x00, 0x00, 0x00, 0x00, 0x00, 0x00, 0x00, 0x00, 0x00, 0x00, 0x00, 0x00, 
    0x00, 0x00, 0x00, 0x00, 0x00, 0x00, 0x00, 0x00, 0x00, 0x00, 0x00, 0x00, 0x00, 0x00, 0x00, 0x00, 
    0x00, 0x00, 0x00, 0x00, 0x00, 0x00, 0x00, 0x00, 0x00, 0x00, 0x00, 0x00, 0x00, 0x00, 0x00, 0x00, 
    0x00, 0x00, 0x00, 0x00, 0x00, 0x00, 0x00, 0x00, 0x00, 0x00, 0x00, 0x00, 0x00, 0x00, 0x00, 0x00, 
    0x00, 0x00, 0x00, 0x00, 0x00, 0x00, 0x00, 0x00, 0xff, 0xff, 0xff, 0xff, 0xff, 0xff, 0xff, 0xff, 
    0xff, 0xff, 0xf8, 0xbf, 0x41, 0x01, 0x90, 0x00, 0x00, 0x00, 0x00, 0x00, 0x00, 0x00, 0x00, 0x41, 
    0x50, 0x00, 0x00, 0x00, 0x00, 0x00, 0x00, 0x00, 0x01, 0x55, 0x55, 0x55, 0x55, 0x55, 0x00, 0x00, 
    0x00, 0x00, 0x00, 0x00, 0x00, 0x00, 0x00, 0x00, 0x00, 0x00, 0x00, 0x00, 0x00, 0x00, 0x00, 0x00, 
    0x00, 0x00, 0x00, 0x00, 0x5a, 0xaa, 0xaa, 0xaf, 0x91, 0x2e, 0x00, 0x00, 0x0a, 0x98, 0x00, 0x00, 
    0x00, 0x00, 0x00, 0x00, 0x00, 0x00, 0x01, 0x55, 0x10, 0x00, 0x00, 0x00, 0x00, 0x00, 0x00, 0x00, 
    0x55, 0x54, 0x00, 0x00, 0x00, 0x00, 0x00, 0x00, 0x00, 0x00, 0x00, 0x00, 0x00, 0x00, 0x00, 0x00, 
    0x00, 0x00, 0x00, 0x00, 0x00, 0x00, 0x00, 0x00, 0x00, 0x00, 0x00, 0x1f, 0xfe, 0xaa, 0xaa, 0xaa, 
    0xaa, 0xaa, 0x00, 0x00, 0x41, 0xaa, 0xaa, 0xaa, 0xaa, 0xaa, 0xaa, 0xa9, 0x00, 0x00, 0x00, 0x00, 
    0x00, 0x00, 0x00, 0x00, 0x00, 0x00, 0x00, 0x00, 0x00, 0x00, 0x00, 0x00, 0x00, 0x00, 0x00, 0x00, 
    0x00, 0x00, 0x00, 0x00, 0x00, 0x00, 0x00, 0x00, 0x00, 0x00, 0x00, 0x00, 0x00, 0x00, 0x00, 0x00, 
    0x00, 0x00, 0x00, 0x00, 0x00, 0x00, 0x00, 0x00, 0x00, 0x00, 0x00, 0x00, 0x00, 0x00, 0x00, 0x00, 
    0x00, 0x00, 0x00, 0x00, 0x00, 0x00, 0x00, 0x00, 0x00, 0x00, 0x00, 0x00, 0x00, 0x00, 0x00, 0x00, 
    0xff, 0xff, 0xff, 0xff, 0xff, 0xff, 0xff, 0xff, 0xff, 0xff, 0xfd, 0x2f, 0xd0, 0x00, 0x64, 0x00, 
    0x00, 0x00, 0x00, 0x00, 0x00, 0x00, 0x00, 0x00, 0x55, 0x00, 0x00, 0x00, 0x00, 0x00, 0x00, 0x00, 
    0x15, 0x55, 0x55, 0x55, 0x55, 0x54, 0x00, 0x00, 0x00, 0x00, 0x00, 0x00, 0x00, 0x00, 0x00, 0x00, 
    0x00, 0x00, 0x00, 0x00, 0x00, 0x00, 0x00, 0x00, 0x00, 0x00, 0x00, 0x00, 0x00, 0x16, 0xaa, 0xaa, 
    0x02, 0x6f, 0x80, 0x00, 0x0a, 0x90, 0x00, 0x00, 0x00, 0x00, 0x00, 0x00, 0x00, 0x00, 0x05, 0x55, 
    0x00, 0x00, 0x00, 0x00, 0x00, 0x00, 0x00, 0x01, 0x55, 0x50, 0x00, 0x00, 0x00, 0x00, 0x00, 0x00, 
    0x00, 0x00, 0x00, 0x00, 0x00, 0x00, 0x00, 0x00, 0x00, 0x00, 0x00, 0x00, 0x00, 0x00, 0x00, 0x00, 
    0x00, 0x00, 0x00, 0x02, 0xff, 0xaa, 0xaa, 0xaa, 0xaa, 0xaa, 0x80, 0x00, 0x20, 0x6a, 0xaa, 0xaa, 
    0xaa, 0xaa, 0xaa, 0xaa, 0x00, 0x00, 0x00, 0x00, 0x00, 0x00, 0x00, 0x00, 0x00, 0x00, 0x00, 0x00, 
    0x00, 0x00, 0x00, 0x00, 0x00, 0x00, 0x00, 0x00, 0x00, 0x00, 0x00, 0x00, 0x00, 0x00, 0x00, 0x00, 
    0x00, 0x00, 0x00, 0x00, 0x00, 0x00, 0x00, 0x00, 0x00, 0x00, 0x00, 0x00, 0x00, 0x00, 0x00, 0x00, 
    0x00, 0x00, 0x00, 0x00, 0x00, 0x00, 0x00, 0x00, 0x00, 0x00, 0x00, 0x00, 0x00, 0x00, 0x00, 0x00, 
    0x00, 0x00, 0x00, 0x00, 0x00, 0x00, 0x00, 0x00, 0xff, 0xff, 0xff, 0xff, 0xff, 0xff, 0xff, 0xff, 
    0xff, 0xff, 0xff, 0x4b, 0xf4, 0x00, 0x29, 0x00, 0x00, 0x00, 0x00, 0x00, 0x00, 0x00, 0x00, 0x00, 
    0x05, 0x50, 0x40, 0x00, 0x00, 0x00, 0x00, 0x01, 0x55, 0x55, 0x55, 0x55, 0x55, 0x50, 0x00, 0x00, 
    0x00, 0x00, 0x00, 0x00, 0x00, 0x00, 0x00, 0x00, 0x00, 0x00, 0x00, 0x00, 0x00, 0x00, 0x00, 0x00, 
    0x00, 0x00, 0x00, 0x00, 0x00, 0x00, 0x05, 0xaa, 0x8a, 0x5e, 0xa4, 0x00, 0x0a, 0x40, 0x00, 0x00, 
    0x00, 0x00, 0x00, 0x00, 0x00, 0x00, 0x55, 0x54, 0x00, 0x00, 0x00, 0x00, 0x00, 0x00, 0x00, 0x01, 
    0x55, 0x40, 0x00, 0x00, 0x00, 0x00, 0x00, 0x00, 0x00, 0x00, 0x00, 0x00, 0x00, 0x00, 0x00, 0x00, 
    0x00, 0x00, 0x00, 0x00, 0x00, 0x00, 0x00, 0x00, 0x00, 0x00, 0x00, 0x00, 0x7f, 0xfa, 0xaa, 0xaa, 
    0xaa, 0xaa, 0x94, 0x00, 0x18, 0x56, 0xaa, 0xaa, 0xaa, 0xaa, 0xaa, 0xaa, 0x80, 0x40, 0x00, 0x00, 
    0x00, 0x00, 0x00, 0x00, 0x00, 0x00, 0x00, 0x00, 0x00, 0x00, 0x00, 0x00, 0x00, 0x00, 0x00, 0x00, 
    0x00, 0x00, 0x00, 0x00, 0x00, 0x00, 0x00, 0x00, 0x00, 0x00, 0x00, 0x00, 0x00, 0x00, 0x00, 0x00, 
    0x00, 0x00, 0x00, 0x00, 0x00, 0x00, 0x00, 0x00, 0x00, 0x00, 0x00, 0x00, 0x00, 0x00, 0x00, 0x00, 
    0x00, 0x00, 0x00, 0x00, 0x00, 0x00, 0x00, 0x00, 0x00, 0x00, 0x00, 0x00, 0x00, 0x00, 0x00, 0x00, 
    0xff, 0xff, 0xff, 0xff, 0xff, 0xff, 0xff, 0xff, 0xff, 0xff, 0xff, 0xc3, 0xfd, 0x00, 0x15, 0x40, 
    0x00, 0x00, 0x00, 0x00, 0x00, 0x00, 0x00, 0x00, 0x01, 0x55, 0x45, 0x00, 0x00, 0x00, 0x00, 0x15, 
    0x55, 0x55, 0x55, 0x55, 0x55, 0x40, 0x00, 0x00, 0x00, 0x00, 0x00, 0x00, 0x00, 0x00, 0x00, 0x00, 
    0x00, 0x00, 0x00, 0x00, 0x00, 0x00, 0x00, 0x00, 0x00, 0x00, 0x00, 0x00, 0x00, 0x00, 0x00, 0x01, 
    0x56, 0x8a, 0xa5, 0x40, 0x09, 0x00, 0x00, 0x00, 0x00, 0x00, 0x00, 0x00, 0x00, 0x05, 0x55, 0x50, 
    0x00, 0x00, 0x00, 0x00, 0x00, 0x00, 0x00, 0x05, 0x55, 0x00, 0x00, 0x00, 0x00, 0x00, 0x00, 0x00, 
    0x00, 0x00, 0x00, 0x00, 0x00, 0x00, 0x00, 0x00, 0x00, 0x00, 0x00, 0x00, 0x00, 0x00, 0x00, 0x00, 
    0x00, 0x00, 0x00, 0x00, 0x07, 0xff, 0xaa, 0xaa, 0xaa, 0xaa, 0xa4, 0x00, 0x0a, 0x15, 0x6a, 0xaa, 
    0xaa, 0xaa, 0xaa, 0xaa, 0x90, 0x80, 0x00, 0x00, 0x00, 0x00, 0x00, 0x00, 0x00, 0x00, 0x00, 0x00, 
    0x00, 0x00, 0x00, 0x00, 0x00, 0x00, 0x00, 0x00, 0x00, 0x00, 0x00, 0x00, 0x00, 0x00, 0x00, 0x00, 
    0x00, 0x00, 0x00, 0x00, 0x00, 0x00, 0x00, 0x00, 0x00, 0x00, 0x00, 0x00, 0x00, 0x00, 0x00, 0x00, 
    0x00, 0x00, 0x00, 0x00, 0x00, 0x00, 0x00, 0x00, 0x00, 0x00, 0x00, 0x00, 0x00, 0x00, 0x00, 0x00, 
    0x00, 0x00, 0x00, 0x00, 0x00, 0x00, 0x00, 0x00, 0xff, 0xff, 0xff, 0xff, 0xff, 0xff, 0xff, 0xff, 
    0xff, 0xff, 0xff, 0xf0, 0xff, 0x40, 0x05, 0x50, 0x00, 0x00, 0x00, 0x00, 0x00, 0x00, 0x00, 0x00, 
    0x00, 0x15, 0x55, 0x55, 0x40, 0x00, 0x15, 0x55, 0x55, 0x55, 0x55, 0x55, 0x55, 0x00, 0x00, 0x00, 
    0x00, 0x00, 0x00, 0x00, 0x00, 0x00, 0x00, 0x00, 0x00, 0x00, 0x00, 0x00, 0x00, 0x00, 0x00, 0x00, 
    0x00, 0x00, 0x00, 0x00, 0x00, 0x00, 0x00, 0x00, 0x00, 0x4a, 0xa9, 0x90, 0x00, 0x00, 0x00, 0x00, 
    0x00, 0x00, 0x00, 0x00, 0x00, 0x15, 0x55, 0x40, 0x00, 0x00, 0x00, 0x00, 0x00, 0x00, 0x00, 0x15, 
    0x54, 0x00, 0x00, 0x00, 0x00, 0x00, 0x00, 0x00, 0x00, 0x00, 0x00, 0x00, 0x00, 0x00, 0x00, 0x00, 
    0x00, 0x00, 0x00, 0x00, 0x00, 0x00, 0x00, 0x00, 0x00, 0x00, 0x00, 0x00, 0x00, 0xbf, 0xfa, 0xaa, 
    0xaa, 0xaa, 0xaa, 0x00, 0x06, 0x85, 0x5a, 0xaa, 0xaa, 0xaa, 0xaa, 0xaa, 0xa0, 0x50, 0x00, 0x00, 
    0x00, 0x00, 0x00, 0x00, 0x00, 0x00, 0x00, 0x00, 0x00, 0x00, 0x00, 0x00, 0x00, 0x00, 0x00, 0x00, 
    0x00, 0x00, 0x00, 0x00, 0x00, 0x00, 0x00, 0x00, 0x00, 0x00, 0x00, 0x00, 0x00, 0x00, 0x00, 0x00, 
    0x00, 0x00, 0x00, 0x00, 0x00, 0x00, 0x00, 0x00, 0x00, 0x00, 0x00, 0x00, 0x00, 0x00, 0x00, 0x00, 
    0x00, 0x00, 0x00, 0x00, 0x00, 0x00, 0x00, 0x00, 0x00, 0x00, 0x00, 0x00, 0x00, 0x00, 0x00, 0x00, 
    0xff, 0xff, 0xff, 0xff, 0xff, 0xff, 0xff, 0xff, 0xff, 0xff, 0xff, 0xf8, 0x3f, 0xd0, 0x01, 0x54, 
    0x00, 0x00, 0x00, 0x00, 0x00, 0x00, 0x00, 0x00, 0x00, 0x00, 0x55, 0x55, 0x55, 0x55, 0x55, 0x55, 
    0x55, 0x55, 0x55, 0x55, 0x54, 0x00, 0x00, 0x00, 0x00, 0x00, 0x00, 0x00, 0x00, 0x00, 0x00, 0x00, 
    0x00, 0x00, 0x00, 0x00, 0x00, 0x00, 0x00, 0x00, 0x00, 0x00, 0x00, 0x00, 0x00, 0x00, 0x00, 0x00, 
    0x00, 0x01, 0x69, 0x60, 0x00, 0x00, 0x00, 0x00, 0x00, 0x00, 0x00, 0x00, 0x01, 0x55, 0x55, 0x00, 
    0x00, 0x00, 0x00, 0x00, 0x00, 0x00, 0x01, 0x55, 0x50, 0x00, 0x00, 0x00, 0x00, 0x00, 0x00, 0x00, 
    0x00, 0x00, 0x00, 0x00, 0x00, 0x00, 0x00, 0x00, 0x00, 0x00, 0x00, 0x00, 0x00, 0x00, 0x00, 0x00, 
    0x00, 0x00, 0x00, 0x00, 0x00, 0x0b, 0xff, 0xaa, 0xaa, 0xaa, 0xaa, 0x80, 0x02, 0xa1, 0x56, 0xaa, 
    0xaa, 0xaa, 0xaa, 0x9a, 0xa8, 0x20, 0x00, 0x00, 0x00, 0x00, 0x00, 0x00, 0x00, 0x00, 0x00, 0x00, 
    0x00, 0x00, 0x00, 0x00, 0x00, 0x00, 0x00, 0x00, 0x00, 0x00, 0x00, 0x00, 0x00, 0x00, 0x00, 0x00, 
    0x00, 0x00, 0x00, 0x00, 0x00, 0x00, 0x00, 0x00, 0x00, 0x00, 0x00, 0x00, 0x00, 0x00, 0x00, 0x00, 
    0x00, 0x00, 0x00, 0x00, 0x00, 0x00, 0x00, 0x00, 0x00, 0x00, 0x00, 0x00, 0x00, 0x00, 0x00, 0x00, 
    0x00, 0x00, 0x00, 0x00, 0x00, 0x00, 0x00, 0x00, 0xff, 0xff, 0xff, 0xff, 0xff, 0xff, 0xff, 0xff, 
    0xff, 0xff, 0xff, 0xfe, 0x0f, 0xf4, 0x01, 0x55, 0x00, 0x00, 0x00, 0x00, 0x00, 0x00, 0x00, 0x00, 
    0x00, 0x00, 0x05, 0x55, 0x55, 0x55, 0x55, 0x55, 0x55, 0x55, 0x55, 0x55, 0x54, 0x00, 0x00, 0x00, 
    0x00, 0x00, 0x00, 0x00, 0x00, 0x00, 0x00, 0x00, 0x00, 0x00, 0x00, 0x00, 0x00, 0x00, 0x00, 0x00, 
    0x00, 0x00, 0x00, 0x00, 0x00, 0x00, 0x00, 0x00, 0x00, 0x00, 0x00, 0x58, 0x00, 0x00, 0x00, 0x00, 
    0x00, 0x00, 0x00, 0x00, 0x15, 0x55, 0x54, 0x00, 0x00, 0x00, 0x00, 0x00, 0x00, 0x00, 0x05, 0x55, 
    0x40, 0x00, 0x00, 0x00, 0x00, 0x00, 0x00, 0x00, 0x00, 0x00, 0x00, 0x00, 0x00, 0x00, 0x00, 0x00, 
    0x00, 0x00, 0x00, 0x00, 0x00, 0x00, 0x00, 0x00, 0x00, 0x00, 0x00, 0x00, 0x00, 0x00, 0xbf, 0xfe, 
    0xaa, 0xaa, 0xaa, 0x90, 0x00, 0xa4, 0xa5, 0x5a, 0xaa, 0xaa, 0xaa, 0x5a, 0xa9, 0x14, 0x00, 0x00, 
    0x00, 0x00, 0x00, 0x00, 0x00, 0x00, 0x00, 0x00, 0x00, 0x00, 0x00, 0x00, 0x00, 0x00, 0x00, 0x00, 
    0x00, 0x00, 0x00, 0x00, 0x00, 0x00, 0x00, 0x00, 0x00, 0x00, 0x00, 0x00, 0x00, 0x00, 0x00, 0x00, 
    0x00, 0x00, 0x00, 0x00, 0x00, 0x00, 0x00, 0x00, 0x00, 0x00, 0x00, 0x00, 0x00, 0x00, 0x00, 0x00, 
    0x00, 0x00, 0x00, 0x00, 0x00, 0x00, 0x00, 0x00, 0x00, 0x00, 0x00, 0x00, 0x00, 0x00, 0x00, 0x00, 
    0xff, 0xff, 0xff, 0xff, 0xff, 0xff, 0xff, 0xff, 0xff, 0xff, 0xff, 0xff, 0x83, 0xfd, 0x00, 0x55, 
    0x50, 0x00, 0x00, 0x00, 0x00, 0x00, 0x00, 0x00, 0x00, 0x00, 0x00, 0x55, 0x55, 0x55, 0x55, 0x55, 
    0x55, 0x55, 0x55, 0x55, 0x50, 0x00, 0x00, 0x00, 0x00, 0x00, 0x00, 0x00, 0x00, 0x00, 0x00, 0x00, 
    0x00, 0x00, 0x00, 0x00, 0x00, 0x00, 0x00, 0x00, 0x00, 0x00, 0x00, 0x00, 0x00, 0x00, 0x00, 0x15, 
    0x54, 0x40, 0x00, 0x00, 0x00, 0x00, 0x00, 0x00, 0x00, 0x00, 0x00, 0x00, 0x55, 0x55, 0x50, 0x00, 
    0x00, 0x00, 0x00, 0x00, 0x00, 0x00, 0x15, 0x54, 0x00, 0x00, 0x00, 0x00, 0x00, 0x00, 0x00, 0x00, 
    0x00, 0x00, 0x00, 0x00, 0x01, 0x00, 0x00, 0x00, 0x00, 0x00, 0x00, 0x00, 0x00, 0x00, 0x00, 0x00, 
    0x00, 0x00, 0x00, 0x00, 0x00, 0x00, 0x07, 0xff, 0xea, 0xaa, 0xaa, 0xa4, 0x00, 0x69, 0x6a, 0x94, 
    0x5a, 0xaa, 0xa5, 0x6a, 0xaa, 0x08, 0x00, 0x00, 0x00, 0x00, 0x00, 0x00, 0x00, 0x00, 0x00, 0x00, 
    0x00, 0x00, 0x00, 0x00, 0x00, 0x00, 0x00, 0x00, 0x00, 0x00, 0x00, 0x00, 0x00, 0x00, 0x00, 0x00, 
    0x00, 0x00, 0x00, 0x00, 0x00, 0x00, 0x00, 0x00, 0x00, 0x00, 0x00, 0x00, 0x00, 0x00, 0x00, 0x00, 
    0x00, 0x00, 0x00, 0x00, 0x00, 0x00, 0x00, 0x00, 0x00, 0x00, 0x00, 0x00, 0x00, 0x00, 0x00, 0x00, 
    0x00, 0x00, 0x00, 0x00, 0x00, 0x00, 0x00, 0x00, 0xff, 0xff, 0xff, 0xff, 0xff, 0xff, 0xff, 0xff, 
    0xff, 0xff, 0xff, 0xff, 0xd1, 0xff, 0x40, 0x15, 0x55, 0x00, 0x00, 0x00, 0x00, 0x00, 0x00, 0x00, 
    0x00, 0x00, 0x00, 0x05, 0x55, 0x55, 0x55, 0x55, 0x55, 0x55, 0x55, 0x55, 0x40, 0x00, 0x00, 0x00, 
    0x00, 0x00, 0x00, 0x00, 0x00, 0x00, 0x00, 0x00, 0x00, 0x00, 0x00, 0x00, 0x00, 0x00, 0x00, 0x00, 
    0x00, 0x00, 0x00, 0x00, 0x00, 0x00, 0x00, 0x00, 0x04, 0x55, 0x55, 0x00, 0x00, 0x00, 0x00, 0x00, 
    0x00, 0x00, 0x00, 0x01, 0x55, 0x55, 0x00, 0x00, 0x00, 0x00, 0x00, 0x00, 0x00, 0x00, 0x55, 0x50, 
    0x00, 0x00, 0x00, 0x00, 0x00, 0x00, 0x00, 0x00, 0x00, 0x00, 0x00, 0x00, 0x00, 0x00, 0x54, 0x00, 
    0x00, 0x00, 0x00, 0x00, 0x00, 0x00, 0x00, 0x00, 0x00, 0x00, 0x00, 0x00, 0x00, 0x00, 0x00, 0x6f, 
    0xfe, 0xaa, 0xaa, 0xa8, 0x00, 0x2a, 0x1a, 0xaa, 0x95, 0x55, 0x5a, 0xaa, 0xaa, 0x46, 0x00, 0x00, 
    0x00, 0x00, 0x00, 0x00, 0x00, 0x00, 0x00, 0x00, 0x00, 0x00, 0x00, 0x00, 0x00, 0x00, 0x00, 0x00, 
    0x00, 0x00, 0x00, 0x00, 0x00, 0x00, 0x00, 0x00, 0x00, 0x00, 0x00, 0x00, 0x00, 0x00, 0x00, 0x00, 
    0x00, 0x00, 0x00, 0x00, 0x00, 0x00, 0x00, 0x00, 0x00, 0x00, 0x00, 0x00, 0x00, 0x00, 0x00, 0x00, 
    0x00, 0x00, 0x00, 0x00, 0x00, 0x00, 0x00, 0x00, 0x00, 0x00, 0x00, 0x00, 0x00, 0x00, 0x00, 0x00, 
    0xff, 0xff, 0xff, 0xff, 0xff, 0xff, 0xff, 0xff, 0xff, 0xff, 0xff, 0xff, 0xf4, 0x7f, 0xe0, 0x15, 
    0x55, 0x50, 0x00, 0x00, 0x00, 0x00, 0x00, 0x00, 0x00, 0x00, 0x00, 0x00, 0x55, 0x55, 0x55, 0x55, 
    0x55, 0x55, 0x55, 0x55, 0x00, 0x00, 0x00, 0x00, 0x00, 0x00, 0x00, 0x00, 0x00, 0x00, 0x00, 0x00, 
    0x00, 0x00, 0x00, 0x00, 0x00, 0x00, 0x00, 0x00, 0x00, 0x00, 0x00, 0x00, 0x00, 0x00, 0x00, 0x00, 
    0x00, 0x05, 0x55, 0x50, 0x00, 0x00, 0x00, 0x00, 0x00, 0x00, 0x00, 0x15, 0x55, 0x50, 0x00, 0x00, 
    0x00, 0x00, 0x00, 0x00, 0x00, 0x01, 0x55, 0x40, 0x00, 0x00, 0x00, 0x00, 0x00, 0x00, 0x00, 0x00, 
    0x00, 0x00, 0x00, 0x00, 0x00, 0x00, 0x00, 0x15, 0x40, 0x00, 0x00, 0x00, 0x00, 0x00, 0x00, 0x00, 
    0x00, 0x00, 0x00, 0x00, 0x00, 0x00, 0x00, 0x02, 0xff, 0xfa, 0xaa, 0xaa, 0x40, 0x1a, 0x8a, 0xaa, 
    0xaa, 0xaa, 0xaa, 0xaa, 0xaa, 0x83, 0x00, 0x00, 0x00, 0x00, 0x00, 0x00, 0x00, 0x00, 0x00, 0x00, 
    0x00, 0x00, 0x00, 0x00, 0x00, 0x00, 0x00, 0x00, 0x00, 0x00, 0x00, 0x00, 0x00, 0x00, 0x00, 0x00, 
    0x00, 0x00, 0x00, 0x00, 0x00, 0x00, 0x00, 0x00, 0x00, 0x00, 0x00, 0x00, 0x00, 0x00, 0x00, 0x00, 
    0x00, 0x00, 0x00, 0x00, 0x00, 0x00, 0x00, 0x00, 0x00, 0x00, 0x00, 0x00, 0x00, 0x00, 0x00, 0x00, 
    0x00, 0x00, 0x00, 0x00, 0x00, 0x00, 0x00, 0x00, 0xff, 0xff, 0xff, 0xff, 0xff, 0xff, 0xff, 0xff, 
    0xff, 0xff, 0xff, 0xff, 0xfd, 0x0f, 0xf8, 0x05, 0x55, 0x54, 0x00, 0x00, 0x00, 0x00, 0x00, 0x00, 
    0x00, 0x00, 0x00, 0x00, 0x01, 0x55, 0x55, 0x54, 0x55, 0x55, 0x55, 0x55, 0x00, 0x00, 0x00, 0x00, 
    0x00, 0x00, 0x00, 0x00, 0x00, 0x00, 0x00, 0x00, 0x00, 0x00, 0x00, 0x00, 0x00, 0x00, 0x00, 0x00, 
    0x00, 0x00, 0x00, 0x00, 0x00, 0x00, 0x00, 0x00, 0x00, 0x00, 0x00, 0x00, 0x00, 0x00, 0x00, 0x00, 
    0x00, 0x00, 0x00, 0x55, 0x55, 0x00, 0x00, 0x00, 0x00, 0x40, 0x00, 0x00, 0x00, 0x05, 0x55, 0x00, 
    0x00, 0x00, 0x00, 0x00, 0x00, 0x55, 0x05, 0x55, 0x55, 0x55, 0x55, 0x50, 0x00, 0x00, 0x00, 0x00, 
    0x15, 0x50, 0x00, 0x00, 0x00, 0x00, 0x00, 0x00, 0x00, 0x00, 0x00, 0x00, 0x00, 0x00, 0x00, 0x00, 
    0x1b, 0xff, 0xea, 0xaa, 0x50, 0x0a, 0xa2, 0xaa, 0xaa, 0xaa, 0xaa, 0xaa, 0xaa, 0xa1, 0x80, 0x00, 
    0x00, 0x00, 0x00, 0x00, 0x00, 0x00, 0x00, 0x00, 0x00, 0x00, 0x00, 0x00, 0x00, 0x00, 0x00, 0x00, 
    0x00, 0x00, 0x00, 0x00, 0x00, 0x00, 0x00, 0x00, 0x00, 0x00, 0x00, 0x00, 0x00, 0x00, 0x00, 0x00, 
    0x00, 0x00, 0x00, 0x00, 0x00, 0x00, 0x00, 0x00, 0x00, 0x00, 0x00, 0x00, 0x00, 0x00, 0x00, 0x00, 
    0x00, 0x00, 0x00, 0x00, 0x00, 0x00, 0x00, 0x00, 0x00, 0x00, 0x00, 0x00, 0x00, 0x00, 0x00, 0x00, 
    0xff, 0xff, 0xff, 0xff, 0xff, 0xff, 0xff, 0xff, 0xff, 0xff, 0xff, 0xff, 0xff, 0x43, 0xfe, 0x01, 
    0x55, 0x55, 0x50, 0x00, 0x00, 0x00, 0x00, 0x00, 0x00, 0x00, 0x00, 0x00, 0x00, 0x05, 0x55, 0x55, 
    0x50, 0x55, 0x55, 0x55, 0x40, 0x00, 0x00, 0x00, 0x00, 0x00, 0x00, 0x00, 0x00, 0x00, 0x00, 0x00, 
    0x00, 0x00, 0x00, 0x00, 0x00, 0x00, 0x00, 0x00, 0x00, 0x00, 0x00, 0x00, 0x00, 0x00, 0x00, 0x00, 
    0x00, 0x00, 0x00, 0x00, 0x00, 0x00, 0x00, 0x00, 0x00, 0x00, 0x05, 0x55, 0x54, 0x00, 0x00, 0x00, 
    0x00, 0x00, 0x00, 0x00, 0x00, 0x11, 0x50, 0x00, 0x00, 0x00, 0x00, 0x00, 0x00, 0x54, 0x15, 0x55, 
    0x55, 0x55, 0x55, 0x55, 0x55, 0x55, 0x54, 0x00, 0x00, 0x01, 0x50, 0x00, 0x00, 0x00, 0x00, 0x00, 
    0x00, 0x00, 0x00, 0x00, 0x00, 0x00, 0x00, 0x00, 0x00, 0x7f, 0xff, 0xaa, 0x84, 0x02, 0xa4, 0xaa, 
    0xaa, 0xaa, 0xaa, 0xaa, 0xaa, 0xa0, 0xd0, 0x00, 0x00, 0x00, 0x00, 0x00, 0x00, 0x00, 0x00, 0x00, 
    0x00, 0x00, 0x00, 0x00, 0x00, 0x00, 0x00, 0x00, 0x00, 0x00, 0x00, 0x00, 0x00, 0x00, 0x00, 0x00, 
    0x00, 0x00, 0x00, 0x00, 0x00, 0x00, 0x00, 0x00, 0x00, 0x00, 0x00, 0x00, 0x00, 0x00, 0x00, 0x00, 
    0x00, 0x00, 0x00, 0x00, 0x00, 0x00, 0x00, 0x00, 0x00, 0x00, 0x00, 0x00, 0x00, 0x00, 0x00, 0x00, 
    0x00, 0x00, 0x00, 0x00, 0x00, 0x00, 0x00, 0x00, 0xff, 0xff, 0xff, 0xff, 0xff, 0xff, 0xff, 0xff, 
    0xff, 0xff, 0xff, 0xff, 0xff, 0xd0, 0xbf, 0x80, 0x55, 0x55, 0x55, 0x50, 0x00, 0x00, 0x00, 0x00, 
    0x00, 0x00, 0x00, 0x00, 0x00, 0x50, 0x55, 0x55, 0x55, 0x54, 0x00, 0x15, 0x50, 0x00, 0x00, 0x00, 
    0x00, 0x00, 0x00, 0x00, 0x00, 0x00, 0x00, 0x00, 0x00, 0x00, 0x00, 0x00, 0x00, 0x00, 0x00, 0x00, 
    0x00, 0x00, 0x00, 0x00, 0x00, 0x00, 0x00, 0x00, 0x00, 0x00, 0x00, 0x00, 0x00, 0x00, 0x00, 0x00, 
    0x00, 0x00, 0x15, 0x55, 0x10, 0x00, 0x00, 0x00, 0x00, 0x00, 0x00, 0x00, 0x00, 0x15, 0x00, 0x00, 
    0x00, 0x00, 0x00, 0x00, 0x00, 0x00, 0x55, 0x55, 0x55, 0x55, 0x55, 0x55, 0x55, 0x55, 0x55, 0x54, 
    0x00, 0x00, 0x00, 0x00, 0x00, 0x00, 0x00, 0x00, 0x00, 0x00, 0x00, 0x00, 0x00, 0x00, 0x00, 0x00, 
    0x00, 0x02, 0xff, 0xfa, 0x85, 0x00, 0xa9, 0x2a, 0xaa, 0xaa, 0xaa, 0xaa, 0xaa, 0xa8, 0x70, 0x00, 
    0x00, 0x00, 0x00, 0x00, 0x00, 0x00, 0x00, 0x00, 0x00, 0x00, 0x00, 0x00, 0x00, 0x00, 0x00, 0x00, 
    0x00, 0x00, 0x00, 0x00, 0x00, 0x00, 0x00, 0x00, 0x00, 0x00, 0x00, 0x00, 0x00, 0x00, 0x00, 0x00, 
    0x00, 0x00, 0x00, 0x00, 0x00, 0x00, 0x00, 0x00, 0x00, 0x00, 0x00, 0x00, 0x00, 0x00, 0x00, 0x00, 
    0x00, 0x00, 0x00, 0x00, 0x00, 0x00, 0x00, 0x00, 0x00, 0x00, 0x00, 0x00, 0x00, 0x00, 0x00, 0x00, 
    0xff, 0xff, 0xff, 0xff, 0xff, 0xff, 0xff, 0xff, 0xff, 0xff, 0xff, 0xff, 0xff, 0xf4, 0x2f, 0xf0, 
    0x55, 0x55, 0x55, 0x55, 0x50, 0x00, 0x00, 0x00, 0x00, 0x00, 0x00, 0x00, 0x00, 0x01, 0x41, 0x55, 
    0x55, 0x55, 0x50, 0x00, 0x05, 0x40, 0x00, 0x00, 0x00, 0x00, 0x00, 0x00, 0x00, 0x00, 0x00, 0x00, 
    0x00, 0x00, 0x00, 0x00, 0x00, 0x00, 0x00, 0x00, 0x00, 0x00, 0x00, 0x00, 0x00, 0x00, 0x00, 0x00, 
    0x00, 0x00, 0x00, 0x00, 0x00, 0x00, 0x00, 0x00, 0x00, 0x01, 0x55, 0x50, 0x54, 0x00, 0x00, 0x00, 
    0x00, 0x00, 0x00, 0x00, 0x00, 0x54, 0x00, 0x00, 0x00, 0x00, 0x00, 0x00, 0x00, 0x01, 0x55, 0x55, 
    0x55, 0x55, 0x55, 0x55, 0x55, 0x55, 0x55, 0x55, 0x55, 0x54, 0x00, 0x00, 0x00, 0x00, 0x00, 0x00, 
    0x00, 0x00, 0x00, 0x00, 0x00, 0x00, 0x00, 0x00, 0x00, 0x00, 0x1b, 0xff, 0xe3, 0x40, 0x6a, 0x0a, 
    0xaa, 0xaa, 0xaa, 0xaa, 0xaa, 0xa9, 0x34, 0x00, 0x00, 0x00, 0x00, 0x00, 0x00, 0x00, 0x00, 0x00, 
    0x00, 0x00, 0x00, 0x00, 0x00, 0x00, 0x00, 0x00, 0x00, 0x00, 0x00, 0x00, 0x00, 0x00, 0x00, 0x00, 
    0x00, 0x00, 0x00, 0x00, 0x00, 0x00, 0x00, 0x00, 0x00, 0x00, 0x00, 0x00, 0x00, 0x00, 0x00, 0x00, 
    0x00, 0x00, 0x00, 0x00, 0x00, 0x00, 0x00, 0x00, 0x00, 0x00, 0x00, 0x00, 0x00, 0x00, 0x00, 0x00, 
    0x00, 0x00, 0x00, 0x00, 0x00, 0x00, 0x00, 0x00, 0xff, 0xff, 0xff, 0xff, 0xff, 0xff, 0xff, 0xff, 
    0xff, 0xff, 0xff, 0xff, 0xff, 0xfd, 0x0b, 0xfc, 0x15, 0x55, 0x55, 0x55, 0x55, 0x50, 0x00, 0x00, 
    0x00, 0x00, 0x00, 0x00, 0x00, 0x00, 0x15, 0x41, 0x55, 0x55, 0x55, 0x40, 0x00, 0x00, 0x00, 0x00, 
    0x00, 0x00, 0x00, 0x00, 0x00, 0x00, 0x00, 0x00, 0x00, 0x00, 0x00, 0x00, 0x00, 0x00, 0x00, 0x00, 
    0x00, 0x00, 0x00, 0x00, 0x00, 0x00, 0x00, 0x00, 0x00, 0x00, 0x00, 0x00, 0x00, 0x00, 0x00, 0x00, 
    0x00, 0x05, 0x55, 0x05, 0x40, 0x00, 0x00, 0x00, 0x00, 0x00, 0x00, 0x00, 0x05, 0x40, 0x00, 0x00, 
    0x00, 0x00, 0x00, 0x00, 0x50, 0x15, 0x55, 0x55, 0x55, 0x55, 0x40, 0x00, 0x00, 0x00, 0x01, 0x55, 
    0x55, 0x55, 0x55, 0x00, 0x00, 0x00, 0x00, 0x00, 0x00, 0x00, 0x00, 0x00, 0x00, 0x00, 0x00, 0x00, 
    0x00, 0x00, 0x00, 0x6f, 0xf2, 0xc0, 0x3f, 0x86, 0xaa, 0xaa, 0xaa, 0xaa, 0xaa, 0xaa, 0x1c, 0x00, 
    0x00, 0x00, 0x00, 0x00, 0x00, 0x00, 0x00, 0x00, 0x00, 0x00, 0x00, 0x00, 0x00, 0x00, 0x00, 0x00, 
    0x00, 0x00, 0x00, 0x00, 0x00, 0x00, 0x00, 0x00, 0x00, 0x00, 0x00, 0x00, 0x00, 0x00, 0x00, 0x00, 
    0x00, 0x00, 0x00, 0x00, 0x00, 0x00, 0x00, 0x00, 0x00, 0x00, 0x00, 0x00, 0x00, 0x00, 0x00, 0x00, 
    0x00, 0x00, 0x00, 0x00, 0x00, 0x00, 0x00, 0x00, 0x00, 0x00, 0x00, 0x00, 0x00, 0x00, 0x00, 0x00, 
    0xff, 0xff, 0xff, 0xff, 0xff, 0xff, 0xff, 0xff, 0xff, 0xff, 0xff, 0xff, 0xff, 0xff, 0x82, 0xff, 
    0x45, 0x55, 0x55, 0x55, 0x55, 0x55, 0x54, 0x00, 0x00, 0x00, 0x00, 0x00, 0x00, 0x00, 0x00, 0x55, 
    0x05, 0x55, 0x55, 0x50, 0x00, 0x00, 0x00, 0x00, 0x00, 0x00, 0x00, 0x00, 0x00, 0x00, 0x00, 0x00, 
    0x00, 0x00, 0x00, 0x00, 0x00, 0x00, 0x00, 0x00, 0x00, 0x00, 0x00, 0x00, 0x00, 0x00, 0x00, 0x00, 
    0x00, 0x00, 0x00, 0x00, 0x00, 0x00, 0x00, 0x00, 0x00, 0x55, 0x50, 0x55, 0x00, 0x00, 0x00, 0x10, 
    0x00, 0x00, 0x00, 0x00, 0x15, 0x00, 0x00, 0x00, 0x00, 0x00, 0x00, 0x00, 0x00, 0x55, 0x55, 0x00, 
    0x00, 0x00, 0x00, 0x00, 0x00, 0x00, 0x00, 0x00, 0x00, 0x00, 0x55, 0x55, 0x40, 0x00, 0x00, 0x00, 
    0x00, 0x00, 0x00, 0x00, 0x00, 0x00, 0x00, 0x00, 0x00, 0x00, 0x00, 0x01, 0xb5, 0xe0, 0x1f, 0xe1, 
    0xaa, 0xaa, 0xaa, 0xaa, 0xaa, 0xaa, 0x4e, 0x00, 0x00, 0x00, 0x00, 0x00, 0x00, 0x00, 0x00, 0x00, 
    0x00, 0x00, 0x00, 0x00, 0x00, 0x00, 0x00, 0x00, 0x00, 0x00, 0x00, 0x00, 0x00, 0x00, 0x00, 0x00, 
    0x00, 0x00, 0x00, 0x00, 0x00, 0x00, 0x00, 0x00, 0x00, 0x00, 0x00, 0x00, 0x00, 0x00, 0x00, 0x00, 
    0x00, 0x00, 0x00, 0x00, 0x00, 0x00, 0x00, 0x00, 0x00, 0x00, 0x00, 0x00, 0x00, 0x00, 0x00, 0x00, 
    0x00, 0x00, 0x00, 0x00, 0x00, 0x00, 0x00, 0x00, 0xff, 0xff, 0xff, 0xff, 0xff, 0xff, 0xff, 0xff, 
    0xff, 0xff, 0xff, 0xff, 0xff, 0xff, 0xe0, 0xbf, 0xd1, 0x55, 0x55, 0x55, 0x55, 0x55, 0x55, 0x55, 
    0x50, 0x00, 0x00, 0x15, 0x55, 0x55, 0x55, 0x55, 0x54, 0x05, 0x55, 0x55, 0x50, 0x00, 0x00, 0x00, 
    0x00, 0x00, 0x00, 0x00, 0x00, 0x00, 0x00, 0x00, 0x00, 0x00, 0x00, 0x00, 0x00, 0x00, 0x00, 0x00, 
    0x00, 0x00, 0x00, 0x00, 0x00, 0x00, 0x00, 0x00, 0x00, 0x00, 0x00, 0x00, 0x00, 0x00, 0x00, 0x00, 
    0x01, 0x55, 0x01, 0x50, 0x00, 0x00, 0x00, 0x00, 0x00, 0x00, 0x00, 0x00, 0x50, 0x00, 0x00, 0x00, 
    0x00, 0x00, 0x05, 0x00, 0x00, 0x00, 0x00, 0x00, 0x00, 0x00, 0x00, 0x00, 0x00, 0x00, 0x00, 0x00, 
    0x00, 0x00, 0x00, 0x00, 0x55, 0x50, 0x00, 0x00, 0x00, 0x00, 0x00, 0x00, 0x00, 0x00, 0x00, 0x00, 
    0x00, 0x00, 0x00, 0x00, 0x00, 0xb8, 0x07, 0xfc, 0x6a, 0xaa, 0xaa, 0xaa, 0xaa, 0xaa, 0x87, 0x40, 
    0x00, 0x00, 0x00, 0x00, 0x00, 0x00, 0x00, 0x00, 0x00, 0x00, 0x00, 0x00, 0x00, 0x00, 0x00, 0x00, 
    0x00, 0x00, 0x00, 0x00, 0x00, 0x00, 0x00, 0x00, 0x00, 0x00, 0x00, 0x00, 0x00, 0x00, 0x00, 0x00, 
    0x00, 0x00, 0x00, 0x00, 0x00, 0x00, 0x00, 0x00, 0x00, 0x00, 0x00, 0x00, 0x00, 0x00, 0x00, 0x00, 
    0x00, 0x00, 0x00, 0x00, 0x00, 0x00, 0x00, 0x00, 0x00, 0x00, 0x00, 0x00, 0x00, 0x00, 0x00, 0x00, 
    0xff, 0xff, 0xff, 0xff, 0xff, 0xff, 0xff, 0xff, 0xff, 0xff, 0xff, 0xff, 0xff, 0xff, 0xf8, 0x2f, 
    0xf9, 0x55, 0x45, 0x55, 0x55, 0x55, 0x55, 0x55, 0x55, 0x55, 0x00, 0x01, 0x55, 0x55, 0x55, 0x55, 
    0x55, 0x54, 0x05, 0x55, 0x55, 0x50, 0x00, 0x00, 0x00, 0x00, 0x00, 0x00, 0x00, 0x00, 0x00, 0x00, 
    0x00, 0x00, 0x00, 0x00, 0x00, 0x00, 0x00, 0x00, 0x00, 0x00, 0x00, 0x00, 0x00, 0x00, 0x00, 0x00, 
    0x00, 0x00, 0x00, 0x00, 0x00, 0x00, 0x00, 0x00, 0x15, 0x40, 0x55, 0x00, 0x00, 0x00, 0x00, 0x00, 
    0x00, 0x00, 0x00, 0x00, 0x00, 0x00, 0x00, 0x00, 0x00, 0x00, 0x00, 0x00, 0x00, 0x00, 0x00, 0x00, 
    0x00, 0x00, 0x00, 0x00, 0x00, 0x00, 0x00, 0x00, 0x00, 0x00, 0x00, 0x00, 0x00, 0x01, 0x55, 0x00, 
    0x00, 0x00, 0x00, 0x00, 0x00, 0x00, 0x00, 0x00, 0x00, 0x00, 0x00, 0x00, 0x00, 0x05, 0x02, 0xff, 
    0x1a, 0xaa, 0xaa, 0xaa, 0xaa, 0xaa, 0x93, 0xc0, 0x00, 0x00, 0x00, 0x00, 0x00, 0x00, 0x00, 0x00, 
    0x00, 0x00, 0x00, 0x00, 0x00, 0x00, 0x00, 0x00, 0x00, 0x00, 0x00, 0x00, 0x00, 0x00, 0x00, 0x00, 
    0x00, 0x00, 0x00, 0x00, 0x00, 0x00, 0x00, 0x00, 0x00, 0x00, 0x00, 0x00, 0x00, 0x00, 0x00, 0x00, 
    0x00, 0x00, 0x00, 0x00, 0x00, 0x00, 0x00, 0x00, 0x00, 0x00, 0x00, 0x00, 0x00, 0x00, 0x00, 0x00, 
    0x00, 0x00, 0x00, 0x00, 0x00, 0x00, 0x00, 0x00, 0xff, 0xff, 0xff, 0xff, 0xff, 0xff, 0xff, 0xff, 
    0xff, 0xff, 0xff, 0xff, 0xff, 0xff, 0xff, 0x07, 0xfe, 0x55, 0x51, 0x55, 0x55, 0x55, 0x55, 0x55, 
    0x55, 0x55, 0x55, 0x40, 0x05, 0x55, 0x55, 0x55, 0x55, 0x55, 0x54, 0x05, 0x55, 0x55, 0x50, 0x00, 
    0x00, 0x00, 0x00, 0x00, 0x00, 0x00, 0x00, 0x00, 0x00, 0x00, 0x00, 0x00, 0x00, 0x00, 0x00, 0x00, 
    0x00, 0x00, 0x00, 0x00, 0x00, 0x00, 0x00, 0x00, 0x00, 0x00, 0x00, 0x00, 0x05, 0x00, 0x00, 0x00, 
    0x54, 0x01, 0x50, 0x00, 0x00, 0x00, 0x00, 0x00, 0x00, 0x00, 0x00, 0x00, 0x00, 0x00, 0x00, 0x00, 
    0x00, 0x00, 0x00, 0x00, 0x00, 0x00, 0x00, 0x00, 0x00, 0x00, 0x00, 0x00, 0x00, 0x00, 0x00, 0x00, 
    0x00, 0x00, 0x00, 0x00, 0x00, 0x00, 0x00, 0x55, 0x00, 0x00, 0x00, 0x00, 0x00, 0x00, 0x00, 0x00, 
    0x00, 0x00, 0x00, 0x00, 0x00, 0x00, 0x00, 0xff, 0xca, 0xaa, 0xaa, 0xaa, 0xaa, 0xaa, 0xa1, 0xd0, 
    0x00, 0x00, 0x00, 0x00, 0x00, 0x00, 0x00, 0x00, 0x00, 0x00, 0x00, 0x00, 0x00, 0x00, 0x00, 0x00, 
    0x00, 0x00, 0x00, 0x00, 0x00, 0x00, 0x00, 0x00, 0x00, 0x00, 0x00, 0x00, 0x00, 0x00, 0x00, 0x00, 
    0x00, 0x00, 0x00, 0x00, 0x00, 0x00, 0x00, 0x00, 0x00, 0x00, 0x00, 0x00, 0x00, 0x00, 0x00, 0x00, 
    0x00, 0x00, 0x00, 0x00, 0x00, 0x00, 0x00, 0x00, 0x00, 0x00, 0x00, 0x00, 0x00, 0x00, 0x00, 0x00, 
    0xff, 0xff, 0xff, 0xff, 0xff, 0xff, 0xff, 0xff, 0xff, 0xff, 0xff, 0xff, 0xff, 0xff, 0xff, 0xc1, 
    0xff, 0xe9, 0x54, 0x15, 0x55, 0x55, 0x55, 0x55, 0x55, 0x55, 0x55, 0x55, 0x40, 0x15, 0x55, 0x55, 
    0x55, 0x55, 0x55, 0x50, 0x00, 0x55, 0x55, 0x50, 0x00, 0x00, 0x00, 0x00, 0x00, 0x00, 0x00, 0x00, 
    0x00, 0x00, 0x00, 0x00, 0x00, 0x00, 0x00, 0x00, 0x00, 0x00, 0x00, 0x00, 0x00, 0x00, 0x00, 0x00, 
    0x00, 0x00, 0x00, 0x01, 0x40, 0x00, 0x00, 0x05, 0x00, 0x14, 0x00, 0x00, 0x00, 0x00, 0x00, 0x00, 
    0x00, 0x00, 0x01, 0x00, 0x00, 0x00, 0x00, 0x00, 0x00, 0x00, 0x00, 0x00, 0x00, 0x00, 0x00, 0x00, 
    0x00, 0x00, 0x00, 0x00, 0x00, 0x00, 0x00, 0x00, 0x00, 0x00, 0x00, 0x00, 0x00, 0x00, 0x00, 0x00, 
    0x15, 0x40, 0x00, 0x00, 0x00, 0x00, 0x00, 0x00, 0x00, 0x00, 0x00, 0x00, 0x00, 0x00, 0x00, 0x1b, 
    0xe2, 0xfa, 0xaa, 0xaa, 0xaa, 0xaa, 0xa4, 0xf4, 0x00, 0x00, 0x00, 0x00, 0x00, 0x00, 0x00, 0x00, 
    0x00, 0x00, 0x00, 0x00, 0x00, 0x00, 0x00, 0x00, 0x00, 0x00, 0x00, 0x00, 0x00, 0x00, 0x00, 0x00, 
    0x00, 0x00, 0x00, 0x00, 0x00, 0x00, 0x00, 0x00, 0x00, 0x00, 0x00, 0x00, 0x00, 0x00, 0x00, 0x00, 
    0x00, 0x00, 0x00, 0x00, 0x00, 0x00, 0x00, 0x00, 0x00, 0x00, 0x00, 0x00, 0x00, 0x00, 0x00, 0x00, 
    0x00, 0x00, 0x00, 0x00, 0x00, 0x00, 0x00, 0x00, 0xff, 0xff, 0xff, 0xff, 0xff, 0xff, 0xff, 0xff, 
    0xff, 0xff, 0xff, 0xff, 0xff, 0xff, 0xff, 0xf4, 0x3f, 0xfa, 0x55, 0x41, 0x55, 0x55, 0x55, 0x55, 
    0x55, 0x55, 0x55, 0x55, 0x55, 0x00, 0x15, 0x55, 0x55, 0x55, 0x55, 0x55, 0x54, 0x00, 0x15, 0x55, 
    0x54, 0x00, 0x00, 0x00, 0x00, 0x00, 0x00, 0x00, 0x00, 0x00, 0x00, 0x00, 0x00, 0x00, 0x00, 0x00, 
    0x00, 0x00, 0x00, 0x00, 0x00, 0x00, 0x00, 0x00, 0x00, 0x00, 0x00, 0x00, 0x00, 0x00, 0x00, 0x50, 
    0x00, 0x00, 0x00, 0x00, 0x00, 0x00, 0x00, 0x00, 0x00, 0x00, 0x00, 0x00, 0x00, 0x00, 0x00, 0x00, 
    0x00, 0x00, 0x00, 0x00, 0x00, 0x00, 0x00, 0x00, 0x00, 0x00, 0x04, 0x00, 0x00, 0x00, 0x00, 0x00, 
    0x00, 0x00, 0x00, 0x00, 0x00, 0x00, 0x00, 0x00, 0x00, 0x15, 0x00, 0x00, 0x00, 0x00, 0x00, 0x00, 
    0x00, 0x00, 0x00, 0x00, 0x00, 0x00, 0x00, 0x00, 0x18, 0xbf, 0xaa, 0xaa, 0xaa, 0xaa, 0xa8, 0x78, 
    0x00, 0x00, 0x00, 0x00, 0x00, 0x00, 0x00, 0x00, 0x00, 0x00, 0x00, 0x00, 0x00, 0x00, 0x00, 0x00, 
    0x00, 0x00, 0x00, 0x00, 0x00, 0x00, 0x00, 0x00, 0x00, 0x00, 0x00, 0x00, 0x00, 0x00, 0x00, 0x00, 
    0x00, 0x00, 0x00, 0x00, 0x00, 0x00, 0x00, 0x00, 0x00, 0x00, 0x00, 0x00, 0x00, 0x00, 0x00, 0x00, 
    0x00, 0x00, 0x00, 0x00, 0x00, 0x00, 0x00, 0x00, 0x00, 0x00, 0x00, 0x00, 0x00, 0x00, 0x00, 0x00, 
    0xff, 0xff, 0xff, 0xff, 0xff, 0xff, 0xff, 0xff, 0xff, 0xff, 0xff, 0xff, 0xff, 0xff, 0xff, 0xfd, 
    0x0b, 0xff, 0xe5, 0x50, 0x55, 0x55, 0x55, 0x55, 0x55, 0x55, 0x55, 0x55, 0x55, 0x55, 0x00, 0x05, 
    0x55, 0x55, 0x55, 0x55, 0x55, 0x50, 0x00, 0x01, 0x55, 0x55, 0x40, 0x00, 0x00, 0x00, 0x00, 0x00, 
    0x00, 0x00, 0x00, 0x00, 0x00, 0x00, 0x00, 0x00, 0x00, 0x00, 0x00, 0x00, 0x00, 0x00, 0x00, 0x00, 
    0x01, 0x55, 0x00, 0x00, 0x00, 0x00, 0x00, 0x00, 0x00, 0x00, 0x00, 0x00, 0x00, 0x00, 0x00, 0x00, 
    0x00, 0x00, 0x00, 0x01, 0x55, 0x55, 0x55, 0x00, 0x00, 0x00, 0x00, 0x00, 0x00, 0x00, 0x00, 0x00, 
    0x00, 0x00, 0x00, 0x54, 0x00, 0x00, 0x00, 0x00, 0x00, 0x00, 0x00, 0x00, 0x00, 0x00, 0x00, 0x00, 
    0x00, 0x00, 0x55, 0x00, 0x00, 0x00, 0x00, 0x00, 0x00, 0x00, 0x00, 0x00, 0x00, 0x00, 0x00, 0x00, 
    0x00, 0x2f, 0xfe, 0xaa, 0xaa, 0xaa, 0xa9, 0x2d, 0x00, 0x00, 0x00, 0x00, 0x00, 0x00, 0x00, 0x00, 
    0x00, 0x00, 0x00, 0x00, 0x00, 0x00, 0x00, 0x00, 0x00, 0x00, 0x00, 0x00, 0x00, 0x00, 0x00, 0x00, 
    0x00, 0x00, 0x00, 0x00, 0x00, 0x00, 0x00, 0x00, 0x00, 0x00, 0x00, 0x00, 0x00, 0x00, 0x00, 0x00, 
    0x00, 0x00, 0x00, 0x00, 0x00, 0x00, 0x00, 0x00, 0x00, 0x00, 0x00, 0x00, 0x00, 0x00, 0x00, 0x00, 
    0x00, 0x00, 0x00, 0x00, 0x00, 0x00, 0x00, 0x00, 0xff, 0xff, 0xff, 0xff, 0xff, 0xff, 0xff, 0xff, 
    0xff, 0xff, 0xff, 0xff, 0xff, 0xff, 0xff, 0xff, 0x82, 0xff, 0xf9, 0x54, 0x05, 0x55, 0x55, 0x55, 
    0x55, 0x55, 0x55, 0x55, 0x55, 0x55, 0x55, 0x00, 0x00, 0x00, 0x00, 0x00, 0x00, 0x00, 0x00, 0x00, 
    0x00, 0x05, 0x55, 0x54, 0x00, 0x00, 0x00, 0x00, 0x00, 0x00, 0x00, 0x00, 0x00, 0x00, 0x00, 0x00, 
    0x00, 0x00, 0x00, 0x00, 0x00, 0x00, 0x00, 0x14, 0x00, 0x00, 0x00, 0x00, 0x00, 0x00, 0x15, 0x40, 
    0x00, 0x00, 0x00, 0x00, 0x00, 0x00, 0x00, 0x00, 0x00, 0x00, 0x00, 0x05, 0x55, 0x55, 0x50, 0x00, 
    0x00, 0x00, 0x00, 0x00, 0x00, 0x00, 0x00, 0x00, 0x00, 0x00, 0x00, 0x05, 0x40, 0x00, 0x00, 0x00, 
    0x00, 0x00, 0x00, 0x00, 0x00, 0x00, 0x00, 0x00, 0x00, 0x00, 0x01, 0x54, 0x00, 0x00, 0x00, 0x00, 
    0x00, 0x00, 0x00, 0x00, 0x00, 0x00, 0x00, 0x00, 0x00, 0x02, 0xff, 0xfe, 0xaa, 0xaa, 0xaa, 0x0f, 
    0x00, 0x00, 0x00, 0x00, 0x00, 0x00, 0x00, 0x00, 0x00, 0x00, 0x00, 0x00, 0x00, 0x00, 0x00, 0x00, 
    0x00, 0x00, 0x00, 0x00, 0x00, 0x00, 0x00, 0x00, 0x00, 0x00, 0x00, 0x00, 0x00, 0x00, 0x00, 0x00, 
    0x00, 0x00, 0x00, 0x00, 0x00, 0x00, 0x00, 0x00, 0x00, 0x00, 0x00, 0x00, 0x00, 0x00, 0x00, 0x00, 
    0x00, 0x00, 0x00, 0x00, 0x00, 0x00, 0x00, 0x00, 0x00, 0x00, 0x00, 0x00, 0x00, 0x00, 0x00, 0x00, 
    0xff, 0xff, 0xff, 0xff, 0xff, 0xff, 0xff, 0xff, 0xff, 0xff, 0xff, 0xff, 0xff, 0xff, 0xff, 0xff, 
    0xf0, 0x7f, 0xff, 0x55, 0x00, 0x55, 0x55, 0x55, 0x55, 0x55, 0x55, 0x55, 0x55, 0x55, 0x55, 0x55, 
    0x00, 0x00, 0x00, 0x00, 0x00, 0x00, 0x00, 0x00, 0x00, 0x00, 0x00, 0x15, 0x55, 0x50, 0x00, 0x00, 
    0x00, 0x00, 0x00, 0x00, 0x00, 0x00, 0x00, 0x00, 0x00, 0x00, 0x00, 0x00, 0x00, 0x10, 0x00, 0x00, 
    0x00, 0x50, 0x00, 0x00, 0x00, 0x01, 0x40, 0x00, 0x00, 0x00, 0x00, 0x00, 0x00, 0x00, 0x00, 0x00, 
    0x00, 0x00, 0x00, 0x55, 0x55, 0x54, 0x00, 0x00, 0x00, 0x00, 0x00, 0x00, 0x00, 0x00, 0x00, 0x00, 
    0x00, 0x00, 0x00, 0x00, 0x55, 0x00, 0x00, 0x00, 0x00, 0x00, 0x00, 0x00, 0x00, 0x00, 0x00, 0x00, 
    0x00, 0x00, 0x00, 0x01, 0x40, 0x00, 0x00, 0x00, 0x00, 0x00, 0x00, 0x00, 0x00, 0x00, 0x00, 0x00, 
    0x00, 0x00, 0x06, 0xff, 0xfa, 0xaa, 0xaa, 0x4b, 0x80, 0x00, 0x00, 0x00, 0x00, 0x00, 0x00, 0x00, 
    0x00, 0x00, 0x00, 0x00, 0x00, 0x00, 0x00, 0x00, 0x00, 0x00, 0x00, 0x00, 0x00, 0x00, 0x00, 0x00, 
    0x00, 0x00, 0x00, 0x00, 0x00, 0x00, 0x00, 0x00, 0x00, 0x00, 0x00, 0x00, 0x00, 0x00, 0x00, 0x00, 
    0x00, 0x00, 0x00, 0x00, 0x00, 0x00, 0x00, 0x00, 0x00, 0x00, 0x00, 0x00, 0x00, 0x00, 0x00, 0x00, 
    0x00, 0x00, 0x00, 0x00, 0x00, 0x00, 0x00, 0x00, 0xff, 0xff, 0xff, 0xff, 0xff, 0xff, 0xff, 0xff, 
    0xff, 0xff, 0xff, 0xff, 0xff, 0xff, 0xff, 0xff, 0xfd, 0x1f, 0xff, 0xe5, 0x50, 0x05, 0x55, 0x55, 
    0x55, 0x55, 0x55, 0x55, 0x55, 0x55, 0x55, 0x55, 0x54, 0x00, 0x00, 0x00, 0x00, 0x00, 0x00, 0x00, 
    0x00, 0x00, 0x00, 0x00, 0x00, 0x00, 0x55, 0x55, 0x40, 0x00, 0x00, 0x00, 0x00, 0x00, 0x00, 0x00, 
    0x00, 0x00, 0x00, 0x00, 0x00, 0x00, 0x00, 0x00, 0x14, 0x00, 0x00, 0x00, 0x00, 0x00, 0x00, 0x00, 
    0x00, 0x00, 0x00, 0x40, 0x00, 0x00, 0x00, 0x00, 0x00, 0x00, 0x01, 0x55, 0x54, 0x00, 0x00, 0x00, 
    0x00, 0x00, 0x00, 0x00, 0x00, 0x00, 0x00, 0x00, 0x00, 0x00, 0x00, 0x00, 0x05, 0x50, 0x00, 0x00, 
    0x00, 0x00, 0x00, 0x00, 0x00, 0x00, 0x00, 0x00, 0x00, 0x00, 0x00, 0x00, 0x15, 0x00, 0x00, 0x00, 
    0x04, 0x00, 0x00, 0x00, 0x00, 0x00, 0x00, 0x00, 0x00, 0x00, 0x00, 0x1b, 0xff, 0xfa, 0xaa, 0x83, 
    0xd0, 0x00, 0x00, 0x00, 0x00, 0x00, 0x00, 0x00, 0x00, 0x00, 0x00, 0x00, 0x00, 0x00, 0x00, 0x00, 
    0x00, 0x00, 0x00, 0x00, 0x00, 0x00, 0x00, 0x00, 0x00, 0x00, 0x00, 0x00, 0x00, 0x00, 0x00, 0x00, 
    0x00, 0x00, 0x00, 0x00, 0x00, 0x00, 0x00, 0x00, 0x00, 0x00, 0x00, 0x00, 0x00, 0x00, 0x00, 0x00, 
    0x00, 0x00, 0x00, 0x00, 0x00, 0x00, 0x00, 0x00, 0x00, 0x00, 0x00, 0x00, 0x00, 0x00, 0x00, 0x00, 
    0xff, 0xff, 0xff, 0xff, 0xff, 0xff, 0xff, 0xff, 0xff, 0xff, 0xff, 0xff, 0xff, 0xff, 0xff, 0xff, 
    0xff, 0x42, 0xff, 0xfe, 0x54, 0x00, 0x55, 0x55, 0x55, 0x55, 0x55, 0x55, 0x55, 0x55, 0x55, 0x55, 
    0x55, 0x54, 0x00, 0x00, 0x00, 0x00, 0x00, 0x00, 0x00, 0x00, 0x00, 0x00, 0x00, 0x00, 0x00, 0x00, 
    0x00, 0x00, 0x55, 0x40, 0x00, 0x00, 0x00, 0x00, 0x00, 0x00, 0x00, 0x00, 0x00, 0x00, 0x00, 0x05, 
    0x00, 0x00, 0x00, 0x00, 0x00, 0x00, 0x00, 0x00, 0x00, 0x00, 0x01, 0x00, 0x00, 0x00, 0x00, 0x00, 
    0x00, 0x00, 0x15, 0x54, 0x00, 0x00, 0x00, 0x00, 0x00, 0x55, 0x55, 0x55, 0x55, 0x50, 0x00, 0x00, 
    0x00, 0x00, 0x00, 0x00, 0x00, 0x55, 0x40, 0x00, 0x00, 0x00, 0x00, 0x00, 0x00, 0x00, 0x00, 0x00, 
    0x00, 0x00, 0x00, 0x00, 0x00, 0x50, 0x00, 0x00, 0x11, 0x00, 0x00, 0x00, 0x00, 0x00, 0x00, 0x00, 
    0x00, 0x00, 0x00, 0x00, 0x1b, 0xff, 0xea, 0xa2, 0xe0, 0x00, 0x00, 0x00, 0x00, 0x00, 0x00, 0x00, 
    0x00, 0x00, 0x00, 0x00, 0x00, 0x00, 0x00, 0x00, 0x00, 0x00, 0x00, 0x00, 0x00, 0x00, 0x00, 0x00, 
    0x00, 0x00, 0x00, 0x00, 0x00, 0x00, 0x00, 0x00, 0x00, 0x00, 0x00, 0x00, 0x00, 0x00, 0x00, 0x00, 
    0x00, 0x00, 0x00, 0x00, 0x00, 0x00, 0x00, 0x00, 0x00, 0x00, 0x00, 0x00, 0x00, 0x00, 0x00, 0x00, 
    0x00, 0x00, 0x00, 0x00, 0x00, 0x00, 0x00, 0x00, 0xff, 0xff, 0xff, 0xff, 0xff, 0xff, 0xff, 0xff, 
    0xff, 0xff, 0xff, 0xff, 0xff, 0xff, 0xff, 0xff, 0xff, 0xe0, 0xbf, 0xff, 0x95, 0x00, 0x05, 0x41, 
    0x55, 0x55, 0x55, 0x55, 0x55, 0x55, 0x55, 0x54, 0x01, 0x55, 0x54, 0x00, 0x00, 0x00, 0x00, 0x00, 
    0x00, 0x00, 0x00, 0x00, 0x00, 0x00, 0x00, 0x00, 0x00, 0x00, 0x00, 0x00, 0x00, 0x00, 0x00, 0x00, 
    0x00, 0x00, 0x00, 0x00, 0x00, 0x00, 0x05, 0x00, 0x00, 0x00, 0x00, 0x00, 0x00, 0x00, 0x00, 0x00, 
    0x00, 0x00, 0x04, 0x04, 0x00, 0x00, 0x00, 0x00, 0x00, 0x01, 0x54, 0x00, 0x00, 0x00, 0x00, 0x00, 
    0x05, 0x55, 0x55, 0x55, 0x55, 0x55, 0x55, 0x55, 0x00, 0x00, 0x00, 0x00, 0x00, 0x05, 0x54, 0x00, 
    0x00, 0x00, 0x00, 0x00, 0x00, 0x00, 0x00, 0x00, 0x00, 0x00, 0x00, 0x00, 0x00, 0x01, 0x40, 0x00, 
    0x04, 0x40, 0x00, 0x00, 0x00, 0x00, 0x00, 0x00, 0x00, 0x00, 0x00, 0x00, 0x00, 0x6f, 0xfe, 0xa0, 
    0xf4, 0x00, 0x00, 0x00, 0x00, 0x00, 0x00, 0x00, 0x00, 0x00, 0x00, 0x00, 0x00, 0x00, 0x00, 0x00, 
    0x00, 0x00, 0x00, 0x00, 0x00, 0x00, 0x00, 0x00, 0x00, 0x00, 0x00, 0x00, 0x00, 0x00, 0x00, 0x00, 
    0x00, 0x00, 0x00, 0x00, 0x00, 0x00, 0x00, 0x00, 0x00, 0x00, 0x00, 0x00, 0x00, 0x00, 0x00, 0x00, 
    0x00, 0x00, 0x00, 0x00, 0x00, 0x00, 0x00, 0x00, 0x00, 0x00, 0x00, 0x00, 0x00, 0x00, 0x00, 0x00, 
    0xff, 0xff, 0xff, 0xff, 0xff, 0xff, 0xff, 0xff, 0xff, 0xff, 0xff, 0xff, 0xff, 0xff, 0xff, 0xff, 
    0xff, 0xfc, 0x1f, 0xff, 0xf9, 0x40, 0x00, 0x54, 0x05, 0x55, 0x55, 0x55, 0x55, 0x55, 0x54, 0x00, 
    0x00, 0x00, 0x00, 0x00, 0x00, 0x00, 0x00, 0x00, 0x00, 0x00, 0x00, 0x00, 0x00, 0x00, 0x00, 0x00, 
    0x00, 0x00, 0x00, 0x00, 0x00, 0x00, 0x00, 0x00, 0x00, 0x00, 0x00, 0x00, 0x00, 0x05, 0x40, 0x00, 
    0x00, 0x00, 0x00, 0x00, 0x00, 0x00, 0x00, 0x00, 0x00, 0x00, 0x00, 0x40, 0x00, 0x00, 0x00, 0x00, 
    0x00, 0x00, 0x00, 0x00, 0x00, 0x00, 0x00, 0x00, 0x55, 0x55, 0x55, 0x55, 0x55, 0x55, 0x55, 0x55, 
    0x55, 0x54, 0x00, 0x00, 0x00, 0x00, 0x55, 0x40, 0x00, 0x00, 0x00, 0x00, 0x00, 0x00, 0x00, 0x00, 
    0x00, 0x00, 0x00, 0x00, 0x00, 0x00, 0x14, 0x00, 0x01, 0x10, 0x00, 0x00, 0x00, 0x00, 0x00, 0x00, 
    0x00, 0x00, 0x00, 0x00, 0x00, 0x00, 0x6f, 0xf8, 0x7d, 0x00, 0x00, 0x00, 0x00, 0x00, 0x00, 0x00, 
    0x00, 0x00, 0x00, 0x00, 0x00, 0x00, 0x00, 0x00, 0x00, 0x00, 0x00, 0x00, 0x00, 0x00, 0x00, 0x00, 
    0x00, 0x00, 0x00, 0x00, 0x00, 0x00, 0x00, 0x00, 0x00, 0x00, 0x00, 0x00, 0x00, 0x00, 0x00, 0x00, 
    0x00, 0x00, 0x00, 0x00, 0x00, 0x00, 0x00, 0x00, 0x00, 0x00, 0x00, 0x00, 0x00, 0x00, 0x00, 0x00, 
    0x00, 0x00, 0x00, 0x00, 0x00, 0x00, 0x00, 0x00, 0xff, 0xff, 0xff, 0xff, 0xff, 0xff, 0xff, 0xff, 
    0xff, 0xff, 0xff, 0xff, 0xff, 0xff, 0xff, 0xff, 0xff, 0xff, 0x42, 0xff, 0xff, 0x90, 0x00, 0x05, 
    0x00, 0x00, 0x55, 0x55, 0x55, 0x55, 0x54, 0x00, 0x00, 0x00, 0x00, 0x00, 0x00, 0x00, 0x00, 0x00, 
    0x00, 0x00, 0x00, 0x00, 0x00, 0x00, 0x00, 0x00, 0x00, 0x00, 0x00, 0x00, 0x00, 0x00, 0x00, 0x00, 
    0x00, 0x00, 0x00, 0x00, 0x05, 0x00, 0x00, 0x00, 0x00, 0x00, 0x00, 0x00, 0x00, 0x00, 0x00, 0x00, 
    0x00, 0x01, 0x00, 0x00, 0x00, 0x00, 0x00, 0x00, 0x00, 0x00, 0x00, 0x00, 0x00, 0x00, 0x00, 0x05, 
    0x55, 0x55, 0x55, 0x55, 0x55, 0x55, 0x55, 0x55, 0x55, 0x55, 0x15, 0x00, 0x00, 0x00, 0x01, 0x54, 
    0x00, 0x00, 0x00, 0x00, 0x00, 0x00, 0x00, 0x00, 0x00, 0x00, 0x00, 0x00, 0x00, 0x00, 0x00, 0x51, 
    0x00, 0x44, 0x00, 0x00, 0x00, 0x00, 0x00, 0x00, 0x00, 0x00, 0x00, 0x00, 0x00, 0x00, 0x01, 0xbd, 
    0x3e, 0x00, 0x00, 0x00, 0x00, 0x00, 0x00, 0x00, 0x00, 0x00, 0x00, 0x00, 0x00, 0x00, 0x00, 0x00, 
    0x00, 0x00, 0x00, 0x00, 0x00, 0x00, 0x00, 0x00, 0x00, 0x00, 0x00, 0x00, 0x00, 0x00, 0x00, 0x00, 
    0x00, 0x00, 0x00, 0x00, 0x00, 0x00, 0x00, 0x00, 0x00, 0x00, 0x00, 0x00, 0x00, 0x00, 0x00, 0x00, 
    0x00, 0x00, 0x00, 0x00, 0x00, 0x00, 0x00, 0x00, 0x00, 0x00, 0x00, 0x00, 0x00, 0x00, 0x00, 0x00, 
    0xff, 0xff, 0xff, 0xff, 0xff, 0xff, 0xff, 0xff, 0xff, 0xff, 0xff, 0xff, 0xff, 0xff, 0xff, 0xff, 
    0xff, 0xff, 0xe0, 0xbf, 0xff, 0xf4, 0x00, 0x00, 0x50, 0x00, 0x00, 0x00, 0x00, 0x00, 0x00, 0x00, 
    0x00, 0x00, 0x00, 0x00, 0x00, 0x00, 0x00, 0x00, 0x00, 0x00, 0x00, 0x00, 0x00, 0x00, 0x00, 0x00, 
    0x00, 0x00, 0x00, 0x00, 0x00, 0x00, 0x00, 0x00, 0x00, 0x00, 0x00, 0x15, 0x00, 0x00, 0x00, 0x00, 
    0x00, 0x00, 0x00, 0x00, 0x00, 0x00, 0x00, 0x00, 0x00, 0x04, 0x00, 0x00, 0x00, 0x00, 0x00, 0x00, 
    0x00, 0x00, 0x00, 0x00, 0x00, 0x00, 0x00, 0x55, 0x55, 0x55, 0x55, 0x55, 0x55, 0x55, 0x55, 0x55, 
    0x55, 0x55, 0x15, 0x55, 0x40, 0x00, 0x00, 0x15, 0x40, 0x00, 0x00, 0x00, 0x00, 0x00, 0x00, 0x00, 
    0x00, 0x00, 0x00, 0x00, 0x00, 0x00, 0x00, 0x05, 0x50, 0x15, 0x00, 0x00, 0x00, 0x00, 0x00, 0x00, 
    0x00, 0x00, 0x00, 0x00, 0x00, 0x00, 0x00, 0x01, 0x1f, 0x40, 0x00, 0x00, 0x00, 0x00, 0x00, 0x00, 
    0x00, 0x00, 0x00, 0x00, 0x00, 0x00, 0x00, 0x00, 0x00, 0x00, 0x00, 0x00, 0x00, 0x00, 0x00, 0x00, 
    0x00, 0x00, 0x00, 0x10, 0x00, 0x00, 0x00, 0x00, 0x00, 0x00, 0x00, 0x00, 0x00, 0x00, 0x00, 0x00, 
    0x00, 0x00, 0x00, 0x00, 0x00, 0x00, 0x00, 0x00, 0x00, 0x00, 0x00, 0x00, 0x00, 0x00, 0x00, 0x00, 
    0x00, 0x00, 0x00, 0x00, 0x00, 0x00, 0x00, 0x00, 0xff, 0xff, 0xff, 0xff, 0xff, 0xff, 0xff, 0xff, 
    0xff, 0xff, 0xff, 0xff, 0xff, 0xff, 0xff, 0xff, 0xff, 0xff, 0xfd, 0x1f, 0xff, 0xfe, 0x40, 0x00, 
    0x05, 0x00, 0x00, 0x00, 0x00, 0x00, 0x00, 0x00, 0x00, 0x00, 0x00, 0x00, 0x00, 0x00, 0x00, 0x00, 
    0x00, 0x00, 0x00, 0x00, 0x00, 0x00, 0x00, 0x00, 0x00, 0x00, 0x00, 0x00, 0x00, 0x00, 0x00, 0x00, 
    0x00, 0x00, 0x54, 0x00, 0x00, 0x00, 0x00, 0x00, 0x00, 0x00, 0x00, 0x00, 0x00, 0x00, 0x00, 0x00, 
    0x00, 0x50, 0x00, 0x00, 0x00, 0x00, 0x00, 0x00, 0x00, 0x00, 0x00, 0x00, 0x00, 0x00, 0x05, 0x55, 
    0x55, 0x55, 0x55, 0x55, 0x55, 0x55, 0x55, 0x55, 0x55, 0x55, 0x15, 0x55, 0x55, 0x40, 0x00, 0x01, 
    0x54, 0x00, 0x00, 0x00, 0x00, 0x00, 0x00, 0x00, 0x00, 0x00, 0x00, 0x00, 0x00, 0x00, 0x00, 0x00, 
    0x15, 0x45, 0x40, 0x00, 0x00, 0x00, 0x00, 0x00, 0x00, 0x00, 0x00, 0x00, 0x00, 0x00, 0x00, 0x00, 
    0x0b, 0xc0, 0x00, 0x00, 0x00, 0x00, 0x00, 0x00, 0x00, 0x00, 0x00, 0x00, 0x00, 0x00, 0x00, 0x00, 
    0x00, 0x00, 0x00, 0x00, 0x00, 0x00, 0x00, 0x00, 0x00, 0x00, 0x01, 0x00, 0x00, 0x00, 0x00, 0x00, 
    0x00, 0x00, 0x00, 0x00, 0x00, 0x00, 0x00, 0x00, 0x00, 0x00, 0x00, 0x00, 0x00, 0x00, 0x00, 0x00, 
    0x00, 0x00, 0x00, 0x00, 0x00, 0x00, 0x00, 0x00, 0x00, 0x00, 0x00, 0x00, 0x00, 0x00, 0x00, 0x00, 
    0xff, 0xff, 0xff, 0xff, 0xff, 0xff, 0xff, 0xff, 0xff, 0xff, 0xff, 0xff, 0xff, 0xff, 0xff, 0xff, 
    0xff, 0xff, 0xff, 0x82, 0xff, 0xff, 0xe0, 0x00, 0x00, 0x50, 0x00, 0x00, 0x00, 0x00, 0x00, 0x00, 
    0x00, 0x00, 0x00, 0x00, 0x00, 0x00, 0x00, 0x00, 0x00, 0x00, 0x00, 0x00, 0x00, 0x00, 0x00, 0x00, 
    0x00, 0x00, 0x00, 0x00, 0x00, 0x00, 0x00, 0x00, 0x00, 0x00, 0x00, 0x00, 0x00, 0x00, 0x00, 0x00, 
    0x00, 0x00, 0x00, 0x00, 0x00, 0x00, 0x00, 0x00, 0x01, 0x00, 0x00, 0x00, 0x00, 0x00, 0x00, 0x00, 
    0x00, 0x00, 0x00, 0x00, 0x00, 0x01, 0xaa, 0xa9, 0x55, 0x55, 0x55, 0x55, 0x55, 0x55, 0x55, 0x55, 
    0x55, 0x54, 0x15, 0x45, 0x55, 0x55, 0x40, 0x00, 0x15, 0x40, 0x00, 0x00, 0x00, 0x00, 0x00, 0x00, 
    0x00, 0x00, 0x00, 0x00, 0x00, 0x00, 0x00, 0x00, 0x01, 0x55, 0x50, 0x00, 0x00, 0x00, 0x00, 0x00, 
    0x00, 0x00, 0x00, 0x00, 0x00, 0x00, 0x00, 0x00, 0x03, 0xd0, 0x00, 0x00, 0x00, 0x00, 0x00, 0x00, 
    0x00, 0x00, 0x00, 0x00, 0x00, 0x00, 0x00, 0x00, 0x00, 0x00, 0x00, 0x00, 0x00, 0x00, 0x00, 0x00, 
    0x00, 0x00, 0x00, 0x00, 0x00, 0x00, 0x00, 0x00, 0x00, 0x00, 0x00, 0x00, 0x00, 0x00, 0x00, 0x00, 
    0x00, 0x00, 0x00, 0x00, 0x00, 0x00, 0x00, 0x00, 0x00, 0x00, 0x00, 0x00, 0x00, 0x00, 0x00, 0x00, 
    0x00, 0x00, 0x00, 0x00, 0x00, 0x00, 0x00, 0x00, 0xff, 0xff, 0xff, 0xff, 0xff, 0xff, 0xff, 0xff, 
    0xff, 0xff, 0xff, 0xff, 0xff, 0xff, 0xff, 0xff, 0xff, 0xff, 0xff, 0xf0, 0x3f, 0xff, 0xf9, 0x00, 
    0x00, 0x00, 0x40, 0x00, 0x00, 0x00, 0x00, 0x00, 0x00, 0x00, 0x00, 0x00, 0x00, 0x00, 0x00, 0x00, 
    0x00, 0x00, 0x00, 0x00, 0x00, 0x00, 0x00, 0x00, 0x00, 0x00, 0x00, 0x00, 0x00, 0x00, 0x00, 0x00, 
    0x00, 0x00, 0x00, 0x00, 0x00, 0x00, 0x00, 0x00, 0x00, 0x00, 0x00, 0x00, 0x00, 0x00, 0x00, 0x00, 
    0x14, 0x00, 0x00, 0x00, 0x00, 0x00, 0x00, 0x00, 0x00, 0x00, 0x00, 0x00, 0x00, 0x2a, 0xaa, 0xaa, 
    0xaa, 0xa5, 0x55, 0x55, 0x55, 0x55, 0x55, 0x55, 0x55, 0x54, 0x55, 0x50, 0x15, 0x55, 0x55, 0x40, 
    0x01, 0x50, 0x00, 0x00, 0x00, 0x00, 0x00, 0x00, 0x00, 0x00, 0x00, 0x00, 0x00, 0x00, 0x00, 0x00, 
    0x00, 0x19, 0x54, 0x00, 0x00, 0x00, 0x00, 0x00, 0x00, 0x00, 0x00, 0x00, 0x00, 0x00, 0x00, 0x00, 
    0x02, 0xf4, 0x00, 0x00, 0x00, 0x00, 0x00, 0x00, 0x00, 0x00, 0x00, 0x00, 0x00, 0x00, 0x00, 0x00, 
    0x00, 0x00, 0x00, 0x00, 0x00, 0x00, 0x00, 0x00, 0x01, 0x00, 0x00, 0x50, 0x00, 0x00, 0x00, 0x00, 
    0x00, 0x00, 0x00, 0x00, 0x00, 0x00, 0x00, 0x00, 0x00, 0x00, 0x00, 0x00, 0x00, 0x00, 0x00, 0x00, 
    0x00, 0x00, 0x00, 0x00, 0x00, 0x00, 0x00, 0x00, 0x00, 0x00, 0x00, 0x00, 0x00, 0x00, 0x00, 0x00, 
    0xff, 0xff, 0xff, 0xff, 0xff, 0xff, 0xff, 0xff, 0xff, 0xff, 0xff, 0xff, 0xff, 0xff, 0xff, 0xff, 
    0xff, 0xff, 0xff, 0xfd, 0x0b, 0xff, 0xff, 0x80, 0x00, 0x00, 0x00, 0x00, 0x00, 0x00, 0x00, 0x00, 
    0x00, 0x00, 0x00, 0x00, 0x00, 0x00, 0x00, 0x00, 0x00, 0x00, 0x00, 0x00, 0x00, 0x00, 0x00, 0x00, 
    0x00, 0x00, 0x00, 0x00, 0x00, 0x00, 0x00, 0x00, 0x00, 0x00, 0x00, 0x00, 0x00, 0x00, 0x00, 0x00, 
    0x00, 0x00, 0x00, 0x00, 0x00, 0x00, 0x00, 0x01, 0x40, 0x00, 0x00, 0x00, 0x00, 0x00, 0x00, 0x00, 
    0x00, 0x00, 0x00, 0x00, 0x06, 0x55, 0x55, 0x55, 0xaa, 0xaa, 0xaa, 0x95, 0x55, 0x55, 0x55, 0x55, 
    0x55, 0x54, 0x55, 0x55, 0x00, 0x05, 0x55, 0x55, 0x00, 0x15, 0x00, 0x00, 0x00, 0x00, 0x00, 0x00, 
    0x00, 0x00, 0x00, 0x00, 0x00, 0x00, 0x00, 0x00, 0x00, 0x01, 0xa5, 0x40, 0x00, 0x00, 0x00, 0x00, 
    0x00, 0x00, 0x00, 0x00, 0x00, 0x00, 0x00, 0x00, 0x00, 0xf8, 0x00, 0x00, 0x00, 0x00, 0x00, 0x00, 
    0x00, 0x00, 0x00, 0x00, 0x00, 0x00, 0x00, 0x00, 0x00, 0x00, 0x00, 0x00, 0x00, 0x00, 0x00, 0x00, 
    0x00, 0x14, 0x05, 0x50, 0x00, 0x00, 0x00, 0x00, 0x00, 0x00, 0x00, 0x00, 0x00, 0x00, 0x00, 0x00, 
    0x00, 0x00, 0x00, 0x00, 0x00, 0x00, 0x00, 0x00, 0x00, 0x00, 0x00, 0x00, 0x00, 0x00, 0x00, 0x00, 
    0x00, 0x00, 0x00, 0x00, 0x00, 0x00, 0x00, 0x00, 0xff, 0xff, 0xff, 0xff, 0xff, 0xff, 0xff, 0xff, 
    0xff, 0xff, 0xff, 0xff, 0xff, 0xff, 0xff, 0xff, 0xff, 0xff, 0xff, 0xff, 0xc0, 0xbf, 0xff, 0xf8, 
    0x00, 0x00, 0x00, 0x00, 0x00, 0x00, 0x00, 0x00, 0x00, 0x00, 0x00, 0x00, 0x00, 0x00, 0x00, 0x00, 
    0x00, 0x00, 0x00, 0x00, 0x00, 0x00, 0x00, 0x00, 0x00, 0x00, 0x00, 0x00, 0x00, 0x00, 0x00, 0x00, 
    0x00, 0x00, 0x00, 0x00, 0x00, 0x00, 0x00, 0x00, 0x00, 0x00, 0x00, 0x00, 0x00, 0x00, 0x00, 0x04, 
    0x00, 0x00, 0x00, 0x00, 0x00, 0x00, 0x00, 0x00, 0x00, 0x00, 0x00, 0x00, 0xaa, 0xaa, 0xa5, 0x6a, 
    0x55, 0x55, 0x55, 0x95, 0x55, 0x55, 0x55, 0x55, 0x55, 0x51, 0x55, 0x55, 0x54, 0x00, 0x15, 0x55, 
    0x54, 0x01, 0x50, 0x00, 0x00, 0x00, 0x00, 0x00, 0x00, 0x00, 0x00, 0x00, 0x00, 0x00, 0x00, 0x00, 
    0x00, 0x00, 0x2a, 0x80, 0x00, 0x00, 0x00, 0x00, 0x00, 0x00, 0x00, 0x00, 0x00, 0x00, 0x00, 0x00, 
    0x00, 0x7d, 0x00, 0x00, 0x00, 0x00, 0x00, 0x00, 0x00, 0x00, 0x00, 0x00, 0x00, 0x00, 0x00, 0x00, 
    0x00, 0x00, 0x00, 0x00, 0x00, 0x00, 0x00, 0x00, 0x00, 0x50, 0x14, 0x00, 0x00, 0x00, 0x00, 0x00, 
    0x00, 0x00, 0x00, 0x00, 0x00, 0x00, 0x00, 0x00, 0x00, 0x00, 0x00, 0x00, 0x00, 0x00, 0x00, 0x00, 
    0x00, 0x00, 0x00, 0x00, 0x00, 0x00, 0x00, 0x00, 0x00, 0x00, 0x00, 0x00, 0x00, 0x00, 0x00, 0x00, 
    0xff, 0xff, 0xff, 0xff, 0xff, 0xff, 0xff, 0xff, 0xff, 0xff, 0xff, 0xff, 0xff, 0xff, 0xff, 0xff, 
    0xff, 0xff, 0xff, 0xff, 0xf4, 0x1f, 0xff, 0xff, 0x40, 0x00, 0x00, 0x00, 0x00, 0x00, 0x00, 0x00, 
    0x00, 0x00, 0x00, 0x00, 0x00, 0x00, 0x00, 0x00, 0x00, 0x00, 0x00, 0x00, 0x00, 0x00, 0x00, 0x00, 
    0x00, 0x00, 0x00, 0x00, 0x00, 0x00, 0x00, 0x00, 0x00, 0x00, 0x00, 0x00, 0x00, 0x00, 0x00, 0x00, 
    0x00, 0x00, 0x00, 0x00, 0x00, 0x00, 0x00, 0x50, 0x00, 0x00, 0x00, 0x00, 0x00, 0x00, 0x00, 0x00, 
    0x00, 0x00, 0x00, 0x1a, 0xaa, 0xaa, 0xaa, 0xaa, 0xaa, 0xaa, 0xaa, 0xaa, 0xaa, 0x55, 0x55, 0x55, 
    0x55, 0x51, 0x55, 0x55, 0x55, 0x50, 0x00, 0x05, 0x55, 0x50, 0x15, 0x00, 0x00, 0x00, 0x00, 0x00, 
    0x00, 0x00, 0x00, 0x00, 0x00, 0x00, 0x00, 0x00, 0x00, 0x00, 0x06, 0xa4, 0x00, 0x00, 0x00, 0x00, 
    0x00, 0x00, 0x00, 0x00, 0x00, 0x00, 0x00, 0x00, 0x00, 0x3f, 0x40, 0x00, 0x00, 0x00, 0x00, 0x00, 
    0x00, 0x00, 0x00, 0x00, 0x00, 0x00, 0x00, 0x00, 0x00, 0x00, 0x00, 0x00, 0x00, 0x00, 0x00, 0x00, 
    0x01, 0x00, 0x00, 0x00, 0x00, 0x00, 0x00, 0x00, 0x00, 0x00, 0x00, 0x00, 0x00, 0x00, 0x00, 0x00, 
    0x00, 0x00, 0x00, 0x00, 0x00, 0x00, 0x00, 0x00, 0x00, 0x00, 0x00, 0x00, 0x00, 0x00, 0x00, 0x00, 
    0x00, 0x00, 0x00, 0x00, 0x00, 0x00, 0x00, 0x00, 0xff, 0xff, 0xff, 0xff, 0xff, 0xff, 0xff, 0xff, 
    0xff, 0xff, 0xff, 0xff, 0xff, 0xff, 0xff, 0xff, 0xff, 0xff, 0xff, 0xff, 0xfe, 0x02, 0xff, 0xff, 
    0xf4, 0x00, 0x00, 0x00, 0x00, 0x00, 0x00, 0x00, 0x00, 0x00, 0x00, 0x00, 0x00, 0x00, 0x00, 0x00, 
    0x00, 0x00, 0x00, 0x00, 0x00, 0x00, 0x00, 0x00, 0x00, 0x00, 0x00, 0x00, 0x00, 0x00, 0x00, 0x00, 
    0x00, 0x00, 0x00, 0x00, 0x00, 0x00, 0x00, 0x00, 0x00, 0x00, 0x00, 0x00, 0x00, 0x00, 0x04, 0x00, 
    0x00, 0x00, 0x00, 0x00, 0x00, 0x00, 0x00, 0x00, 0x00, 0x00, 0x01, 0xaa, 0xaa, 0xaa, 0xaa, 0xaa, 
    0xaa, 0xaa, 0xaa, 0xaa, 0xab, 0xaa, 0xa5, 0x55, 0x55, 0x45, 0x55, 0x55, 0x55, 0x55, 0x40, 0x00, 
    0x05, 0x55, 0x41, 0x40, 0x00, 0x00, 0x00, 0x00, 0x00, 0x00, 0x00, 0x00, 0x00, 0x00, 0x00, 0x00, 
    0x00, 0x00, 0x00, 0xaa, 0x00, 0x00, 0x00, 0x00, 0x00, 0x00, 0x00, 0x00, 0x00, 0x00, 0x00, 0x00, 
    0x00, 0x1f, 0x80, 0x00, 0x00, 0x00, 0x00, 0x00, 0x00, 0x00, 0x00, 0x00, 0x00, 0x00, 0x00, 0x00, 
    0x00, 0x00, 0x00, 0x00, 0x00, 0x00, 0x00, 0x00, 0x00, 0x04, 0x00, 0x00, 0x00, 0x00, 0x00, 0x00, 
    0x00, 0x00, 0x00, 0x00, 0x00, 0x00, 0x00, 0x00, 0x00, 0x00, 0x00, 0x00, 0x00, 0x00, 0x00, 0x00, 
    0x00, 0x00, 0x00, 0x00, 0x00, 0x00, 0x00, 0x00, 0x00, 0x00, 0x00, 0x00, 0x00, 0x00, 0x00, 0x00, 
    0xff, 0xff, 0xff, 0xff, 0xff, 0xff, 0xff, 0xff, 0xff, 0xff, 0xff, 0xff, 0xff, 0xff, 0xff, 0xff, 
    0xff, 0xff, 0xff, 0xff, 0xff, 0xd0, 0x7f, 0xff, 0xfe, 0x00, 0x00, 0x00, 0x00, 0x00, 0x00, 0x00, 
    0x00, 0x00, 0x00, 0x00, 0x00, 0x00, 0x00, 0x00, 0x00, 0x00, 0x00, 0x00, 0x00, 0x00, 0x00, 0x00, 
    0x00, 0x00, 0x00, 0x00, 0x00, 0x00, 0x00, 0x00, 0x00, 0x00, 0x00, 0x00, 0x00, 0x00, 0x00, 0x00, 
    0x00, 0x00, 0x00, 0x00, 0x00, 0x00, 0x50, 0x00, 0x00, 0x00, 0x00, 0x00, 0x00, 0x00, 0x00, 0x00, 
    0x00, 0x00, 0x6a, 0xaa, 0xaa, 0xaa, 0xaa, 0xaa, 0xaa, 0xaa, 0xaa, 0xaa, 0xa5, 0x6f, 0xfe, 0xaa, 
    0x55, 0x45, 0x55, 0x55, 0x55, 0x55, 0x54, 0x00, 0x00, 0x05, 0x54, 0x14, 0x00, 0x00, 0x00, 0x00, 
    0x00, 0x00, 0x00, 0x00, 0x00, 0x00, 0x00, 0x00, 0x00, 0x00, 0x00, 0x1a, 0x90, 0x00, 0x00, 0x00, 
    0x00, 0x00, 0x00, 0x00, 0x00, 0x00, 0x00, 0x00, 0x00, 0x0b, 0xd0, 0x00, 0x00, 0x00, 0x00, 0x00, 
    0x00, 0x00, 0x00, 0x00, 0x00, 0x00, 0x00, 0x00, 0x00, 0x00, 0x00, 0x00, 0x00, 0x10, 0x00, 0x00, 
    0x00, 0x00, 0x00, 0x00, 0x00, 0x00, 0x00, 0x00, 0x00, 0x00, 0x00, 0x00, 0x00, 0x00, 0x00, 0x00, 
    0x00, 0x00, 0x00, 0x00, 0x00, 0x00, 0x00, 0x00, 0x00, 0x00, 0x00, 0x00, 0x00, 0x00, 0x00, 0x00, 
    0x00, 0x00, 0x00, 0x00, 0x00, 0x00, 0x00, 0x00, 0xff, 0xff, 0xff, 0xff, 0xff, 0xff, 0xff, 0xff, 
    0xff, 0xff, 0xff, 0xff, 0xff, 0xff, 0xff, 0xff, 0xff, 0xff, 0xff, 0xff, 0xff, 0xfc, 0x0b, 0xff, 
    0xff, 0xe0, 0x00, 0x00, 0x00, 0x00, 0x00, 0x00, 0x00, 0x00, 0x00, 0x00, 0x00, 0x00, 0x00, 0x00, 
    0x00, 0x00, 0x00, 0x00, 0x00, 0x00, 0x00, 0x00, 0x00, 0x00, 0x00, 0x00, 0x00, 0x00, 0x00, 0x00, 
    0x00, 0x00, 0x00, 0x00, 0x00, 0x00, 0x00, 0x00, 0x00, 0x00, 0x00, 0x00, 0x00, 0x04, 0x00, 0x00, 
    0x00, 0x00, 0x00, 0x00, 0x00, 0x00, 0x00, 0x00, 0x04, 0x1a, 0xaa, 0xaa, 0xaa, 0xaa, 0xaa, 0xaa, 
    0xaa, 0xaa, 0xaa, 0xaa, 0xaa, 0xa5, 0x6b, 0xab, 0xfa, 0x15, 0x55, 0x55, 0x55, 0x55, 0x55, 0x50, 
    0x00, 0x00, 0x05, 0x55, 0x00, 0x00, 0x00, 0x00, 0x00, 0x00, 0x00, 0x00, 0x00, 0x00, 0x00, 0x00, 
    0x00, 0x00, 0x00, 0x06, 0xa9, 0x40, 0x00, 0x00, 0x00, 0x00, 0x00, 0x00, 0x00, 0x00, 0x00, 0x00, 
    0x00, 0x03, 0xf0, 0x00, 0x00, 0x00, 0x00, 0x00, 0x00, 0x00, 0x00, 0x00, 0x00, 0x00, 0x00, 0x00, 
    0x00, 0x00, 0x00, 0x00, 0x00, 0x00, 0x00, 0x10, 0x00, 0x00, 0x00, 0x00, 0x00, 0x00, 0x00, 0x00, 
    0x00, 0x00, 0x00, 0x00, 0x00, 0x00, 0x00, 0x00, 0x00, 0x00, 0x00, 0x00, 0x00, 0x00, 0x00, 0x00, 
    0x00, 0x00, 0x00, 0x00, 0x00, 0x00, 0x00, 0x00, 0x00, 0x00, 0x00, 0x00, 0x00, 0x00, 0x00, 0x00, 
    0xff, 0xff, 0xff, 0xff, 0xff, 0xff, 0xff, 0xff, 0xff, 0xff, 0xff, 0xff, 0xff, 0xff, 0xff, 0xff, 
    0xff, 0xff, 0xff, 0xff, 0xff, 0xff, 0x81, 0xff, 0xff, 0xfe, 0x00, 0x00, 0x00, 0x00, 0x00, 0x00, 
    0x00, 0x00, 0x00, 0x00, 0x00, 0x00, 0x00, 0x00, 0x00, 0x00, 0x00, 0x00, 0x00, 0x00, 0x00, 0x00, 
    0x00, 0x00, 0x00, 0x00, 0x00, 0x00, 0x00, 0x00, 0x00, 0x00, 0x00, 0x00, 0x00, 0x00, 0x00, 0x00, 
    0x00, 0x00, 0x00, 0x00, 0x00, 0x40, 0x00, 0x00, 0x00, 0x00, 0x00, 0x00, 0x00, 0x00, 0x00, 0x00, 
    0x01, 0xaa, 0xaa, 0xaa, 0xaa, 0xaa, 0xaa, 0xaa, 0xaa, 0xaa, 0xaa, 0xaa, 0xaa, 0xaa, 0x80, 0x6b, 
    0xfd, 0xaa, 0x55, 0x55, 0x55, 0x55, 0x55, 0x55, 0x00, 0x00, 0x00, 0x15, 0x50, 0x00, 0x00, 0x00, 
    0x00, 0x00, 0x00, 0x00, 0x00, 0x00, 0x00, 0x00, 0x00, 0x00, 0x00, 0x00, 0x69, 0x64, 0x00, 0x00, 
    0x00, 0x00, 0x00, 0x00, 0x00, 0x00, 0x00, 0x00, 0x00, 0x01, 0xf8, 0x00, 0x00, 0x00, 0x00, 0x00, 
    0x00, 0x00, 0x00, 0x00, 0x00, 0x00, 0x00, 0x00, 0x00, 0x00, 0x00, 0x00, 0x00, 0x01, 0x01, 0x50, 
    0x00, 0x00, 0x00, 0x00, 0x00, 0x00, 0x00, 0x00, 0x00, 0x00, 0x00, 0x00, 0x00, 0x00, 0x00, 0x00, 
    0x00, 0x00, 0x00, 0x00, 0x00, 0x00, 0x00, 0x00, 0x00, 0x00, 0x00, 0x00, 0x00, 0x00, 0x00, 0x00, 
    0x00, 0x00, 0x00, 0x00, 0x00, 0x00, 0x00, 0x00, 0xff, 0xff, 0xff, 0xff, 0xff, 0xff, 0xff, 0xff, 
    0xff, 0xff, 0xff, 0xff, 0xff, 0xff, 0xff, 0xff, 0xff, 0xff, 0xff, 0xff, 0xff, 0xff, 0xf4, 0x2f, 
    0xff, 0xff, 0xe0, 0x00, 0x00, 0x00, 0x00, 0x00, 0x00, 0x00, 0x00, 0x00, 0x00, 0x00, 0x00, 0x00, 
    0x00, 0x00, 0x00, 0x00, 0x00, 0x00, 0x00, 0x00, 0x00, 0x00, 0x00, 0x00, 0x00, 0x00, 0x00, 0x00, 
    0x00, 0x00, 0x00, 0x00, 0x00, 0x00, 0x00, 0x00, 0x00, 0x00, 0x00, 0x00, 0x10, 0x00, 0x00, 0x00, 
    0x00, 0x00, 0x00, 0x00, 0x00, 0x00, 0x00, 0x00, 0x15, 0x55, 0x6a, 0xaa, 0xaa, 0xaa, 0xaa, 0xaa, 
    0xaa, 0xaa, 0xaa, 0xaa, 0xaa, 0xaa, 0xa9, 0x00, 0x55, 0xaa, 0xaa, 0x95, 0x55, 0x55, 0x55, 0x55, 
    0x54, 0x00, 0x00, 0x00, 0x15, 0x00, 0x00, 0x00, 0x00, 0x00, 0x00, 0x00, 0x00, 0x00, 0x00, 0x00, 
    0x00, 0x00, 0x00, 0x00, 0x1a, 0x59, 0x00, 0x00, 0x00, 0x00, 0x00, 0x00, 0x00, 0x00, 0x00, 0x00, 
    0x00, 0x00, 0xfd, 0x00, 0x00, 0x00, 0x00, 0x00, 0x00, 0x00, 0x00, 0x00, 0x00, 0x00, 0x00, 0x00, 
    0x00, 0x00, 0x00, 0x00, 0x00, 0x04, 0x15, 0x00, 0x00, 0x00, 0x00, 0x00, 0x00, 0x00, 0x00, 0x00, 
    0x00, 0x00, 0x00, 0x00, 0x00, 0x00, 0x00, 0x00, 0x00, 0x00, 0x00, 0x00, 0x00, 0x00, 0x00, 0x00, 
    0x00, 0x00, 0x00, 0x00, 0x00, 0x00, 0x00, 0x00, 0x00, 0x00, 0x00, 0x00, 0x00, 0x00, 0x00, 0x00, 
    0xff, 0xff, 0xff, 0xff, 0xff, 0xff, 0xff, 0xff, 0xff, 0xff, 0xff, 0xff, 0xff, 0xff, 0xff, 0xff, 
    0xff, 0xff, 0xff, 0xff, 0xff, 0xff, 0xfe, 0x07, 0xff, 0xff, 0xfe, 0x40, 0x00, 0x00, 0x00, 0x00, 
    0x00, 0x00, 0x00, 0x00, 0x00, 0x00, 0x00, 0x00, 0x00, 0x00, 0x00, 0x00, 0x00, 0x00, 0x00, 0x00, 
    0x00, 0x00, 0x00, 0x00, 0x00, 0x00, 0x00, 0x00, 0x00, 0x00, 0x00, 0x00, 0x00, 0x00, 0x00, 0x00, 
    0x00, 0x00, 0x00, 0x00, 0x00, 0x00, 0x00, 0x00, 0x00, 0x00, 0x00, 0x00, 0x00, 0x00, 0x40, 0x15, 
    0x55, 0x00, 0x00, 0x00, 0x00, 0x05, 0x6a, 0xaa, 0xaa, 0xaa, 0xaa, 0xaa, 0xaa, 0xaa, 0xaa, 0xa4, 
    0x01, 0xaa, 0xaa, 0xaa, 0x95, 0x55, 0x55, 0x55, 0x55, 0x40, 0x00, 0x00, 0x00, 0x40, 0x00, 0x00, 
    0x00, 0x00, 0x00, 0x00, 0x00, 0x00, 0x00, 0x00, 0x00, 0x00, 0x00, 0x00, 0x06, 0xa6, 0x40, 0x00, 
    0x00, 0x00, 0x00, 0x00, 0x00, 0x00, 0x00, 0x00, 0x00, 0x00, 0x7f, 0x00, 0x00, 0x00, 0x00, 0x00, 
    0x00, 0x00, 0x00, 0x00, 0x00, 0x00, 0x00, 0x00, 0x00, 0x00, 0x00, 0x00, 0x00, 0x00, 0x04, 0x04, 
    0x00, 0x00, 0x00, 0x00, 0x00, 0x00, 0x00, 0x00, 0x00, 0x00, 0x00, 0x00, 0x00, 0x00, 0x00, 0x00, 
    0x00, 0x00, 0x00, 0x00, 0x00, 0x00, 0x00, 0x00, 0x00, 0x00, 0x00, 0x00, 0x00, 0x00, 0x00, 0x00, 
    0x00, 0x00, 0x00, 0x00, 0x00, 0x00, 0x00, 0x00, 0xff, 0xff, 0xff, 0xff, 0xff, 0xff, 0xff, 0xff, 
    0xff, 0xff, 0xff, 0xff, 0xff, 0xff, 0xff, 0xff, 0xff, 0xff, 0xff, 0xff, 0xff, 0xff, 0xff, 0xe0, 
    0xbf, 0xff, 0xff, 0xe4, 0x00, 0x00, 0x00, 0x00, 0x00, 0x00, 0x00, 0x00, 0x00, 0x00, 0x00, 0x00, 
    0x00, 0x00, 0x00, 0x00, 0x00, 0x00, 0x00, 0x00, 0x00, 0x00, 0x00, 0x00, 0x00, 0x00, 0x00, 0x00, 
    0x00, 0x00, 0x00, 0x00, 0x00, 0x00, 0x00, 0x00, 0x00, 0x00, 0x00, 0x00, 0x00, 0x00, 0x00, 0x00, 
    0x00, 0x00, 0x00, 0x00, 0x01, 0x54, 0x00, 0x55, 0x55, 0x40, 0x00, 0x00, 0x00, 0x00, 0x00, 0x00, 
    0x05, 0x55, 0x56, 0xaa, 0xaa, 0xaa, 0xaa, 0xaa, 0x09, 0x41, 0xaa, 0xaa, 0xaa, 0x55, 0x55, 0x55, 
    0x55, 0x54, 0x00, 0x00, 0x00, 0x04, 0x00, 0x00, 0x00, 0x00, 0x00, 0x00, 0x00, 0x00, 0x00, 0x00, 
    0x00, 0x00, 0x00, 0x00, 0x00, 0xa9, 0x90, 0x00, 0x00, 0x00, 0x00, 0x00, 0x00, 0x00, 0x00, 0x00, 
    0x00, 0x00, 0x2f, 0x80, 0x00, 0x00, 0x00, 0x00, 0x00, 0x00, 0x00, 0x00, 0x00, 0x00, 0x00, 0x00, 
    0x00, 0x00, 0x00, 0x00, 0x00, 0x00, 0x00, 0x54, 0x00, 0x00, 0x00, 0x00, 0x00, 0x00, 0x00, 0x00, 
    0x00, 0x00, 0x00, 0x00, 0x00, 0x00, 0x00, 0x00, 0x00, 0x00, 0x00, 0x00, 0x00, 0x00, 0x00, 0x00, 
    0x00, 0x00, 0x00, 0x00, 0x00, 0x00, 0x00, 0x00, 0x00, 0x00, 0x00, 0x00, 0x00, 0x00, 0x00, 0x00, 
    0xff, 0xff, 0xff, 0xff, 0xff, 0xff, 0xff, 0xff, 0xff, 0xff, 0xff, 0xff, 0xff, 0xff, 0xff, 0xff, 
    0xff, 0xff, 0xff, 0xff, 0xff, 0xff, 0xff, 0xfd, 0x0b, 0xff, 0xff, 0xff, 0x80, 0x00, 0x00, 0x00, 
    0x00, 0x00, 0x00, 0x00, 0x00, 0x00, 0x00, 0x00, 0x00, 0x00, 0x00, 0x00, 0x00, 0x00, 0x00, 0x00, 
    0x00, 0x00, 0x00, 0x00, 0x00, 0x00, 0x00, 0x00, 0x00, 0x00, 0x00, 0x00, 0x00, 0x00, 0x00, 0x00, 
    0x00, 0x00, 0x00, 0x00, 0x00, 0x00, 0x00, 0x00, 0x00, 0x00, 0x00, 0x00, 0x00, 0x00, 0x05, 0x55, 
    0x55, 0x00, 0x00, 0x00, 0x00, 0x00, 0x00, 0x00, 0x00, 0x00, 0x15, 0xaa, 0xaa, 0xaa, 0xaa, 0xa8, 
    0x2a, 0xa9, 0x05, 0xaa, 0xaa, 0xaa, 0x55, 0x55, 0x55, 0x55, 0x40, 0x00, 0x00, 0x00, 0x00, 0x00, 
    0x00, 0x00, 0x00, 0x00, 0x00, 0x00, 0x00, 0x00, 0x00, 0x00, 0x00, 0x00, 0x00, 0x2a, 0x60, 0x00, 
    0x00, 0x00, 0x00, 0x00, 0x00, 0x00, 0x00, 0x00, 0x00, 0x00, 0x0f, 0xd0, 0x00, 0x00, 0x00, 0x00, 
    0x00, 0x00, 0x00, 0x00, 0x00, 0x00, 0x00, 0x00, 0x00, 0x00, 0x00, 0x00, 0x00, 0x40, 0x01, 0x55, 
    0x00, 0x00, 0x00, 0x00, 0x00, 0x00, 0x00, 0x00, 0x00, 0x00, 0x00, 0x00, 0x00, 0x00, 0x00, 0x00, 
    0x00, 0x00, 0x00, 0x00, 0x00, 0x00, 0x00, 0x00, 0x00, 0x00, 0x00, 0x00, 0x00, 0x00, 0x00, 0x00, 
    0x00, 0x00, 0x00, 0x00, 0x00, 0x00, 0x00, 0x00, 0xff, 0xff, 0xff, 0xff, 0xff, 0xff, 0xff, 0xff, 
    0xff, 0xff, 0xff, 0xff, 0xff, 0xff, 0xff, 0xff, 0xff, 0xff, 0xff, 0xff, 0xff, 0xff, 0xff, 0xff, 
    0xd1, 0xff, 0xff, 0xff, 0xf9, 0x00, 0x00, 0x00, 0x00, 0x00, 0x00, 0x00, 0x00, 0x00, 0x00, 0x00, 
    0x00, 0x00, 0x00, 0x00, 0x00, 0x00, 0x00, 0x00, 0x00, 0x00, 0x00, 0x00, 0x00, 0x00, 0x00, 0x00, 
    0x00, 0x00, 0x00, 0x00, 0x00, 0x00, 0x00, 0x00, 0x00, 0x00, 0x00, 0x00, 0x00, 0x00, 0x00, 0x00, 
    0x00, 0x00, 0x00, 0x00, 0x00, 0x00, 0x00, 0x15, 0x55, 0x00, 0x00, 0x00, 0x00, 0x00, 0x00, 0x00, 
    0x00, 0x00, 0x00, 0x01, 0x6a, 0xaa, 0xaa, 0xa0, 0xaa, 0xaa, 0xaa, 0x41, 0xaa, 0xaa, 0xa9, 0x55, 
    0x55, 0x55, 0x54, 0x00, 0x00, 0x00, 0x00, 0x00, 0x00, 0x00, 0x00, 0x00, 0x00, 0x00, 0x00, 0x00, 
    0x00, 0x00, 0x00, 0x00, 0x00, 0x06, 0x94, 0x00, 0x00, 0x00, 0x00, 0x00, 0x00, 0x00, 0x00, 0x00, 
    0x00, 0x00, 0x07, 0xf0, 0x00, 0x00, 0x00, 0x00, 0x00, 0x00, 0x00, 0x00, 0x00, 0x00, 0x00, 0x00, 
    0x00, 0x00, 0x00, 0x00, 0x00, 0x00, 0x15, 0x55, 0x00, 0x00, 0x00, 0x00, 0x00, 0x00, 0x00, 0x00, 
    0x00, 0x00, 0x00, 0x00, 0x00, 0x00, 0x00, 0x00, 0x00, 0x00, 0x00, 0x00, 0x00, 0x00, 0x00, 0x00, 
    0x00, 0x00, 0x00, 0x00, 0x00, 0x00, 0x00, 0x00, 0x00, 0x00, 0x00, 0x00, 0x00, 0x00, 0x00, 0x00, 
    0xff, 0xff, 0xff, 0xff, 0xff, 0xff, 0xff, 0xff, 0xff, 0xff, 0xff, 0xff, 0xff, 0xff, 0xff, 0xff, 
    0xff, 0xff, 0xff, 0xff, 0xff, 0xff, 0xff, 0xff, 0xf8, 0x2f, 0xff, 0xff, 0xff, 0x90, 0x00, 0x00, 
    0x00, 0x00, 0x00, 0x00, 0x00, 0x00, 0x00, 0x00, 0x00, 0x00, 0x00, 0x00, 0x00, 0x00, 0x00, 0x00, 
    0x00, 0x00, 0x00, 0x00, 0x00, 0x00, 0x00, 0x00, 0x00, 0x00, 0x00, 0x00, 0x00, 0x00, 0x00, 0x00, 
    0x00, 0x00, 0x00, 0x00, 0x00, 0x00, 0x00, 0x00, 0x00, 0x00, 0x00, 0x00, 0x00, 0x00, 0x00, 0x00, 
    0x15, 0x00, 0x00, 0x00, 0x00, 0x00, 0x00, 0x00, 0x00, 0x00, 0x00, 0x00, 0x00, 0x6a, 0xaa, 0x46, 
    0xaa, 0xaa, 0xaa, 0xa4, 0x01, 0xaa, 0xab, 0xa5, 0x56, 0x55, 0x55, 0x50, 0x00, 0x00, 0x00, 0x00, 
    0x00, 0x00, 0x00, 0x00, 0x00, 0x00, 0x00, 0x00, 0x00, 0x00, 0x00, 0x00, 0x00, 0x01, 0xa6, 0x40, 
    0x00, 0x00, 0x00, 0x00, 0x00, 0x00, 0x00, 0x00, 0x00, 0x00, 0x02, 0xf8, 0x00, 0x00, 0x00, 0x00, 
    0x00, 0x00, 0x00, 0x00, 0x00, 0x00, 0x00, 0x00, 0x00, 0x00, 0x00, 0x00, 0x00, 0x00, 0x00, 0x54, 
    0x00, 0x00, 0x00, 0x00, 0x00, 0x00, 0x00, 0x00, 0x00, 0x00, 0x00, 0x00, 0x00, 0x00, 0x00, 0x00, 
    0x00, 0x00, 0x00, 0x00, 0x00, 0x00, 0x00, 0x00, 0x00, 0x00, 0x00, 0x00, 0x00, 0x00, 0x00, 0x00, 
    0x00, 0x00, 0x00, 0x00, 0x00, 0x00, 0x00, 0x00, 0xff, 0xff, 0xff, 0xff, 0xff, 0xff, 0xff, 0xff, 
    0xff, 0xff, 0xff, 0xff, 0xff, 0xff, 0xff, 0xff, 0xff, 0xff, 0xff, 0xff, 0xff, 0xff, 0xff, 0xff, 
    0xfe, 0x42, 0xff, 0xff, 0xff, 0xfe, 0x00, 0x00, 0x00, 0x00, 0x00, 0x00, 0x00, 0x00, 0x00, 0x00, 
    0x00, 0x00, 0x00, 0x00, 0x00, 0x00, 0x00, 0x00, 0x00, 0x00, 0x00, 0x00, 0x00, 0x00, 0x00, 0x00, 
    0x00, 0x00, 0x00, 0x00, 0x00, 0x00, 0x00, 0x00, 0x00, 0x00, 0x00, 0x00, 0x00, 0x00, 0x00, 0x00, 
    0x00, 0x00, 0x04, 0x00, 0x00, 0x00, 0x00, 0x00, 0x00, 0x00, 0x00, 0x00, 0x00, 0x00, 0x00, 0x00, 
    0x00, 0x00, 0x00, 0x00, 0x00, 0x01, 0x68, 0x1a, 0xaa, 0xaa, 0xaa, 0xaa, 0x40, 0x05, 0xbf, 0xfe, 
    0x95, 0x65, 0x55, 0x55, 0x00, 0x00, 0x00, 0x00, 0x00, 0x00, 0x00, 0x00, 0x00, 0x00, 0x00, 0x00, 
    0x00, 0x00, 0x00, 0x00, 0x00, 0x00, 0x2a, 0x90, 0x00, 0x00, 0x00, 0x00, 0x00, 0x00, 0x00, 0x00, 
    0x00, 0x00, 0x00, 0xfd, 0x00, 0x00, 0x00, 0x00, 0x00, 0x00, 0x00, 0x00, 0x00, 0x00, 0x00, 0x00, 
    0x00, 0x00, 0x00, 0x00, 0x00, 0x00, 0x00, 0x00, 0x00, 0x00, 0x00, 0x00, 0x00, 0x00, 0x00, 0x00, 
    0x00, 0x00, 0x00, 0x00, 0x00, 0x00, 0x00, 0x00, 0x00, 0x00, 0x00, 0x00, 0x00, 0x00, 0x00, 0x00, 
    0x00, 0x00, 0x00, 0x00, 0x00, 0x00, 0x00, 0x00, 0x00, 0x00, 0x00, 0x00, 0x00, 0x00, 0x00, 0x00, 
    0xff, 0xff, 0xff, 0xff, 0xff, 0xff, 0xff, 0xff, 0xff, 0xff, 0xff, 0xff, 0xff, 0xff, 0xff, 0xff, 
    0xff, 0xff, 0xff, 0xff, 0xff, 0xff, 0xff, 0xff, 0xfe, 0xa4, 0x6f, 0xff, 0xff, 0xff, 0xe4, 0x00, 
    0x00, 0x00, 0x00, 0x00, 0x00, 0x00, 0x00, 0x00, 0x00, 0x00, 0x00, 0x00, 0x00, 0x00, 0x00, 0x00, 
    0x00, 0x00, 0x00, 0x00, 0x00, 0x00, 0x00, 0x00, 0x00, 0x00, 0x00, 0x00, 0x00, 0x00, 0x00, 0x00, 
    0x00, 0x00, 0x00, 0x00, 0x00, 0x00, 0x00, 0x00, 0x00, 0x04, 0x00, 0x00, 0x00, 0x00, 0x00, 0x00, 
    0x00, 0x00, 0x00, 0x00, 0x00, 0x00, 0x55, 0x55, 0x55, 0x54, 0x00, 0x00, 0x00, 0x00, 0x00, 0xaa, 
    0xaa, 0xaa, 0xaa, 0xaa, 0xa0, 0x90, 0x06, 0xbf, 0xfa, 0x55, 0x95, 0x55, 0x50, 0x00, 0x00, 0x00, 
    0x00, 0x00, 0x00, 0x00, 0x50, 0x00, 0x00, 0x00, 0x00, 0x00, 0x00, 0x00, 0x00, 0x00, 0x0a, 0xa4, 
    0x00, 0x00, 0x00, 0x00, 0x00, 0x00, 0x00, 0x00, 0x00, 0x00, 0x00, 0x7f, 0x00, 0x00, 0x00, 0x00, 
    0x00, 0x00, 0x00, 0x00, 0x00, 0x00, 0x00, 0x00, 0x00, 0x00, 0x00, 0x00, 0x00, 0x00, 0x00, 0x00, 
    0x00, 0x00, 0x00, 0x00, 0x00, 0x00, 0x00, 0x00, 0x00, 0x00, 0x00, 0x00, 0x00, 0x00, 0x00, 0x00, 
    0x00, 0x00, 0x00, 0x00, 0x00, 0x00, 0x00, 0x00, 0x00, 0x00, 0x00, 0x00, 0x00, 0x00, 0x00, 0x00, 
    0x00, 0x00, 0x00, 0x00, 0x00, 0x00, 0x00, 0x00, 0xff, 0xff, 0xff, 0xff, 0xff, 0xff, 0xff, 0xff, 
    0xff, 0xff, 0xff, 0xff, 0xff, 0xff, 0xff, 0xff, 0xff, 0xff, 0xff, 0xff, 0xff, 0xff, 0xff, 0xff, 
    0xff, 0xff, 0x86, 0xff, 0xff, 0xff, 0xff, 0x40, 0x00, 0x00, 0x00, 0x00, 0x00, 0x00, 0x00, 0x00, 
    0x00, 0x00, 0x00, 0x00, 0x00, 0x00, 0x00, 0x00, 0x00, 0x00, 0x00, 0x00, 0x00, 0x00, 0x00, 0x00, 
    0x00, 0x00, 0x00, 0x00, 0x00, 0x00, 0x00, 0x00, 0x00, 0x00, 0x00, 0x00, 0x00, 0x00, 0x00, 0x00, 
    0x00, 0x00, 0x00, 0x00, 0x00, 0x00, 0x00, 0x00, 0x00, 0x00, 0x00, 0x16, 0xaa, 0xaa, 0xaa, 0xaa, 
    0xaa, 0xaa, 0xaa, 0x95, 0x00, 0x00, 0x00, 0x6a, 0xaa, 0xaa, 0xaa, 0xaa, 0xa9, 0x2a, 0x90, 0x06, 
    0xfa, 0xa9, 0x5a, 0x55, 0x55, 0x00, 0x00, 0x00, 0x00, 0x00, 0x00, 0x00, 0x09, 0x00, 0x00, 0x00, 
    0x00, 0x00, 0x00, 0x00, 0x00, 0x00, 0x01, 0xa8, 0x00, 0x00, 0x00, 0x00, 0x00, 0x00, 0x00, 0x00, 
    0x00, 0x00, 0x00, 0x2f, 0x80, 0x00, 0x00, 0x00, 0x00, 0x00, 0x00, 0x00, 0x00, 0x00, 0x00, 0x00, 
    0x00, 0x00, 0x00, 0x00, 0x10, 0x00, 0x00, 0x00, 0x00, 0x00, 0x00, 0x00, 0x00, 0x00, 0x00, 0x00, 
    0x00, 0x00, 0x00, 0x00, 0x00, 0x00, 0x00, 0x00, 0x00, 0x00, 0x00, 0x00, 0x00, 0x00, 0x00, 0x00, 
    0x00, 0x00, 0x00, 0x00, 0x00, 0x00, 0x00, 0x00, 0x00, 0x00, 0x00, 0x00, 0x00, 0x00, 0x00, 0x00, 
    0xff, 0xff, 0xff, 0xff, 0xff, 0xff, 0xff, 0xff, 0xff, 0xff, 0xff, 0xff, 0xff, 0xff, 0xff, 0xff, 
    0xff, 0xff, 0xff, 0xff, 0xff, 0xff, 0xff, 0xff, 0xff, 0xff, 0xf8, 0x6f, 0xff, 0xff, 0xff, 0xf9, 
    0x00, 0x00, 0x00, 0x00, 0x00, 0x00, 0x00, 0x00, 0x00, 0x00, 0x00, 0x00, 0x00, 0x00, 0x00, 0x00, 
    0x00, 0x00, 0x00, 0x00, 0x00, 0x00, 0x00, 0x00, 0x00, 0x00, 0x00, 0x00, 0x00, 0x00, 0x00, 0x00, 
    0x00, 0x00, 0x00, 0x00, 0x00, 0x00, 0x00, 0x00, 0x00, 0x00, 0x00, 0x00, 0x00, 0x00, 0x00, 0x00, 
    0x00, 0x00, 0x00, 0x06, 0xaa, 0xaa, 0xaa, 0xaa, 0xaa, 0xaa, 0xaa, 0xaa, 0xaa, 0x50, 0x00, 0x01, 
    0xaa, 0xaa, 0xaa, 0xaa, 0xaa, 0x46, 0xaa, 0x50, 0x1a, 0xaa, 0x95, 0xa5, 0x55, 0x50, 0x00, 0x00, 
    0x00, 0x00, 0x00, 0x00, 0x01, 0x90, 0x00, 0x00, 0x00, 0x00, 0x00, 0x00, 0x00, 0x00, 0x00, 0x69, 
    0x00, 0x00, 0x00, 0x00, 0x00, 0x00, 0x00, 0x00, 0x00, 0x00, 0x00, 0x0f, 0xd0, 0x00, 0x00, 0x00, 
    0x00, 0x00, 0x00, 0x00, 0x00, 0x00, 0x00, 0x00, 0x00, 0x00, 0x00, 0x01, 0x00, 0x00, 0x00, 0x00, 
    0x00, 0x00, 0x00, 0x00, 0x00, 0x00, 0x00, 0x00, 0x00, 0x00, 0x00, 0x00, 0x00, 0x00, 0x00, 0x00, 
    0x00, 0x00, 0x00, 0x00, 0x00, 0x00, 0x00, 0x00, 0x00, 0x00, 0x00, 0x00, 0x00, 0x00, 0x00, 0x00, 
    0x00, 0x00, 0x00, 0x00, 0x00, 0x00, 0x00, 0x00, 0xff, 0xff, 0xff, 0xff, 0xff, 0xff, 0xff, 0xff, 
    0xff, 0xff, 0xff, 0xff, 0xff, 0xff, 0xff, 0xff, 0xff, 0xff, 0xff, 0xff, 0xff, 0xff, 0xff, 0xff, 
    0xff, 0xff, 0xff, 0x86, 0xea, 0xff, 0xff, 0xff, 0xd0, 0x00, 0x00, 0x00, 0x00, 0x00, 0x00, 0x00, 
    0x00, 0x00, 0x00, 0x00, 0x00, 0x00, 0x00, 0x00, 0x00, 0x00, 0x00, 0x00, 0x00, 0x00, 0x00, 0x00, 
    0x00, 0x00, 0x00, 0x00, 0x00, 0x00, 0x00, 0x00, 0x00, 0x00, 0x00, 0x00, 0x00, 0x00, 0x00, 0x00, 
    0x00, 0x00, 0x00, 0x00, 0x00, 0x00, 0x00, 0x00, 0x00, 0x00, 0x00, 0x00, 0x16, 0xaa, 0xaa, 0xaa, 
    0xaa, 0xaa, 0xaa, 0xaa, 0xaa, 0x81, 0x40, 0x00, 0x06, 0xaa, 0xaa, 0xaa, 0xaa, 0xa1, 0xaa, 0xaa, 
    0x50, 0x5b, 0xea, 0x5a, 0x95, 0x54, 0x00, 0x00, 0x00, 0x00, 0x00, 0x00, 0x00, 0x29, 0x00, 0x00, 
    0x00, 0x00, 0x00, 0x00, 0x00, 0x00, 0x00, 0x1a, 0x40, 0x00, 0x00, 0x00, 0x00, 0x00, 0x00, 0x00, 
    0x00, 0x00, 0x01, 0x47, 0xf4, 0x00, 0x00, 0x00, 0x00, 0x00, 0x00, 0x00, 0x00, 0x00, 0x00, 0x00, 
    0x00, 0x00, 0x00, 0x00, 0x00, 0x00, 0x00, 0x00, 0x00, 0x00, 0x00, 0x00, 0x00, 0x00, 0x00, 0x00, 
    0x00, 0x00, 0x00, 0x00, 0x00, 0x00, 0x00, 0x00, 0x00, 0x00, 0x00, 0x00, 0x00, 0x00, 0x00, 0x00, 
    0x00, 0x00, 0x00, 0x00, 0x00, 0x00, 0x00, 0x00, 0x00, 0x00, 0x00, 0x00, 0x00, 0x00, 0x00, 0x00, 
    0xff, 0xff, 0xff, 0xff, 0xff, 0xff, 0xff, 0xff, 0xff, 0xff, 0xff, 0xff, 0xff, 0xff, 0xff, 0xff, 
    0xff, 0xff, 0xff, 0xff, 0xff, 0xff, 0xff, 0xff, 0xff, 0xff, 0xfa, 0xf4, 0x7f, 0xaf, 0xff, 0xff, 
    0xfe, 0x40, 0x00, 0x00, 0x00, 0x00, 0x00, 0x00, 0x00, 0x00, 0x00, 0x00, 0x00, 0x00, 0x00, 0x00, 
    0x00, 0x00, 0x00, 0x00, 0x00, 0x00, 0x00, 0x00, 0x00, 0x00, 0x00, 0x00, 0x00, 0x00, 0x00, 0x00, 
    0x00, 0x00, 0x00, 0x00, 0x00, 0x00, 0x00, 0x00, 0x00, 0x00, 0x00, 0x00, 0x00, 0x00, 0x00, 0x00, 
    0x00, 0x00, 0x00, 0x00, 0x00, 0x6a, 0xaa, 0xaa, 0xaa, 0xaa, 0xaa, 0xaa, 0xa9, 0x06, 0xaa, 0x50, 
    0x00, 0x6a, 0xaa, 0xaa, 0xaa, 0xa9, 0x1a, 0xaa, 0xaa, 0x40, 0x6a, 0xa5, 0xba, 0x55, 0x40, 0x00, 
    0x00, 0x00, 0x00, 0x00, 0x00, 0x06, 0xa4, 0x00, 0x00, 0x00, 0x00, 0x00, 0x00, 0x00, 0x00, 0x06, 
    0x90, 0x00, 0x00, 0x00, 0x00, 0x00, 0x00, 0x00, 0x00, 0x00, 0x00, 0x02, 0xf8, 0x00, 0x00, 0x00, 
    0x00, 0x00, 0x00, 0x00, 0x00, 0x00, 0x00, 0x00, 0x00, 0x00, 0x00, 0x00, 0x00, 0x00, 0x00, 0x00, 
    0x00, 0x00, 0x00, 0x00, 0x00, 0x00, 0x00, 0x00, 0x00, 0x00, 0x00, 0x00, 0x00, 0x00, 0x00, 0x00, 
    0x00, 0x00, 0x00, 0x00, 0x00, 0x00, 0x00, 0x00, 0x00, 0x00, 0x00, 0x00, 0x00, 0x00, 0x00, 0x00, 
    0x00, 0x00, 0x00, 0x00, 0x00, 0x00, 0x00, 0x00, 0xff, 0xff, 0xff, 0xff, 0xff, 0xff, 0xff, 0xff, 
    0xff, 0xff, 0xff, 0xff, 0xff, 0xff, 0xff, 0xff, 0xff, 0xff, 0xff, 0xff, 0xff, 0xff, 0xff, 0xff, 
    0xff, 0xff, 0xea, 0xbf, 0x4b, 0xfa, 0xbf, 0xff, 0xff, 0xf9, 0x00, 0x00, 0x00, 0x00, 0x00, 0x00, 
    0x00, 0x00, 0x00, 0x00, 0x00, 0x00, 0x00, 0x00, 0x00, 0x00, 0x00, 0x00, 0x00, 0x00, 0x00, 0x00, 
    0x00, 0x00, 0x00, 0x00, 0x00, 0x00, 0x00, 0x00, 0x00, 0x00, 0x00, 0x00, 0x00, 0x00, 0x15, 0x00, 
    0x00, 0x00, 0x00, 0x00, 0x00, 0x00, 0x00, 0x00, 0x00, 0x00, 0x00, 0x00, 0x00, 0x01, 0xaa, 0xaa, 
    0xaa, 0xaa, 0xaa, 0xaa, 0x90, 0x6a, 0xaa, 0xaa, 0x90, 0x01, 0xaa, 0xaa, 0xaa, 0xaa, 0x46, 0xaa, 
    0xaa, 0xa9, 0x01, 0xbe, 0x9a, 0xa5, 0x55, 0x00, 0x00, 0x00, 0x00, 0x00, 0x00, 0x00, 0xaa, 0x40, 
    0x00, 0x00, 0x00, 0x00, 0x00, 0x00, 0x00, 0x01, 0xa4, 0x00, 0x00, 0x00, 0x05, 0x00, 0x00, 0x00, 
    0x00, 0x00, 0x00, 0x00, 0xfd, 0x00, 0x00, 0x00, 0x00, 0x00, 0x00, 0x00, 0x00, 0x00, 0x00, 0x00, 
    0x00, 0x00, 0x00, 0x00, 0x00, 0x00, 0x00, 0x00, 0x00, 0x00, 0x00, 0x00, 0x00, 0x00, 0x00, 0x00, 
    0x00, 0x00, 0x00, 0x00, 0x00, 0x00, 0x00, 0x00, 0x00, 0x00, 0x00, 0x00, 0x00, 0x00, 0x00, 0x00, 
    0x00, 0x00, 0x00, 0x00, 0x00, 0x00, 0x00, 0x00, 0x00, 0x00, 0x00, 0x00, 0x00, 0x00, 0x00, 0x00, 
    0xff, 0xff, 0xff, 0xff, 0xff, 0xff, 0xff, 0xff, 0xff, 0xff, 0xff, 0xff, 0xff, 0xff, 0xff, 0xff, 
    0xff, 0xff, 0xff, 0xff, 0xff, 0xff, 0xff, 0xff, 0xff, 0xff, 0xfa, 0xff, 0xf4, 0xbf, 0xab, 0xff, 
    0xff, 0xff, 0xe0, 0x00, 0x00, 0x00, 0x00, 0x00, 0x00, 0x00, 0x00, 0x00, 0x00, 0x00, 0x00, 0x00, 
    0x00, 0x00, 0x00, 0x00, 0x00, 0x00, 0x00, 0x00, 0x00, 0x00, 0x00, 0x00, 0x00, 0x00, 0x00, 0x00, 
    0x00, 0x00, 0x00, 0x00, 0x00, 0x00, 0x00, 0x05, 0x00, 0x00, 0x00, 0x00, 0x00, 0x00, 0x00, 0x00, 
    0x00, 0x00, 0x00, 0x00, 0x00, 0x00, 0x06, 0xaa, 0xaa, 0xaa, 0xaa, 0xa9, 0x02, 0xaa, 0xaa, 0xaa, 
    0xaa, 0x50, 0x1a, 0xaa, 0xaa, 0xaa, 0xa4, 0xaa, 0xaa, 0xaa, 0xa4, 0x06, 0xea, 0xae, 0x95, 0x40, 
    0x00, 0x00, 0x00, 0x00, 0x00, 0x00, 0x1a, 0xa9, 0x00, 0x00, 0x00, 0x00, 0x00, 0x00, 0x00, 0x00, 
    0x69, 0x00, 0x00, 0x00, 0x01, 0x40, 0x00, 0x00, 0x00, 0x00, 0x00, 0x00, 0x7f, 0x40, 0x00, 0x00, 
    0x00, 0x00, 0x00, 0x00, 0x00, 0x00, 0x00, 0x00, 0x00, 0x00, 0x00, 0x00, 0x00, 0x00, 0x00, 0x00, 
    0x00, 0x00, 0x00, 0x00, 0x00, 0x00, 0x00, 0x00, 0x00, 0x00, 0x00, 0x00, 0x00, 0x00, 0x00, 0x00, 
    0x00, 0x00, 0x00, 0x00, 0x00, 0x00, 0x00, 0x00, 0x00, 0x00, 0x00, 0x00, 0x00, 0x00, 0x00, 0x00, 
    0x00, 0x00, 0x00, 0x00, 0x00, 0x00, 0x00, 0x00, 0xff, 0xff, 0xff, 0xff, 0xff, 0xff, 0xff, 0xff, 
    0xff, 0xff, 0xff, 0xff, 0xff, 0xff, 0xff, 0xff, 0xff, 0xff, 0xff, 0xff, 0xff, 0xff, 0xff, 0xff, 
    0xff, 0xff, 0xff, 0xff, 0xff, 0x4b, 0xfe, 0x6f, 0xff, 0xff, 0xfe, 0x40, 0x00, 0x00, 0x00, 0x00, 
    0x00, 0x00, 0x00, 0x00, 0x00, 0x00, 0x00, 0x00, 0x00, 0x00, 0x00, 0x00, 0x00, 0x00, 0x00, 0x00, 
    0x00, 0x00, 0x00, 0x00, 0x00, 0x00, 0x00, 0x00, 0x00, 0x00, 0x00, 0x00, 0x00, 0x00, 0x00, 0x01, 
    0x50, 0x55, 0x00, 0x00, 0x00, 0x00, 0x00, 0x00, 0x00, 0x00, 0x00, 0x00, 0x00, 0x00, 0x00, 0x6a, 
    0xaa, 0xaa, 0xaa, 0x40, 0x1a, 0xaa, 0xaa, 0xaa, 0xaa, 0xaa, 0x41, 0xaa, 0xaa, 0xaa, 0xaa, 0x1a, 
    0xaa, 0xaa, 0xaa, 0x90, 0x1b, 0xaa, 0xfa, 0x54, 0x00, 0x00, 0x00, 0x00, 0x00, 0x00, 0x06, 0xaa, 
    0xa4, 0x00, 0x00, 0x00, 0x00, 0x00, 0x00, 0x00, 0x1a, 0x40, 0x00, 0x00, 0x00, 0x14, 0x00, 0x00, 
    0x00, 0x00, 0x00, 0x00, 0x2f, 0xc0, 0x00, 0x00, 0x00, 0x00, 0x00, 0x00, 0x00, 0x00, 0x00, 0x00, 
    0x00, 0x00, 0x00, 0x00, 0x00, 0x00, 0x00, 0x00, 0x00, 0x00, 0x00, 0x00, 0x00, 0x00, 0x00, 0x00, 
    0x00, 0x00, 0x00, 0x00, 0x00, 0x00, 0x00, 0x00, 0x00, 0x00, 0x00, 0x00, 0x00, 0x00, 0x00, 0x00, 
    0x00, 0x00, 0x00, 0x00, 0x00, 0x00, 0x00, 0x00, 0x00, 0x00, 0x00, 0x00, 0x00, 0x00, 0x00, 0x00, 
    0xff, 0xff, 0xff, 0xff, 0xff, 0xff, 0xff, 0xff, 0xff, 0xff, 0xff, 0xff, 0xff, 0xff, 0xff, 0xff, 
    0xff, 0xff, 0xff, 0xff, 0xff, 0xff, 0xff, 0xff, 0xff, 0xff, 0xff, 0xff, 0xff, 0xe0, 0xbf, 0xe5, 
    0xbf, 0xff, 0xff, 0xf9, 0x00, 0x00, 0x00, 0x00, 0x00, 0x00, 0x00, 0x00, 0x00, 0x00, 0x00, 0x00, 
    0x00, 0x00, 0x00, 0x00, 0x00, 0x00, 0x00, 0x00, 0x00, 0x00, 0x00, 0x00, 0x00, 0x00, 0x00, 0x00, 
    0x00, 0x00, 0x00, 0x00, 0x00, 0x00, 0x00, 0x00, 0x00, 0x00, 0x00, 0x00, 0x00, 0x00, 0x00, 0x00, 
    0x00, 0x00, 0x00, 0x00, 0x00, 0x00, 0x00, 0x01, 0xaa, 0xaa, 0xa4, 0x00, 0xaa, 0xaa, 0xaa, 0xaa, 
    0xaa, 0xaa, 0xaa, 0x5a, 0xaa, 0xaa, 0xaa, 0x96, 0xaa, 0xaa, 0xaa, 0xaa, 0x40, 0x6e, 0xaf, 0xa5, 
    0x40, 0x00, 0x00, 0x00, 0x00, 0x00, 0x00, 0x6a, 0xaa, 0x90, 0x00, 0x00, 0x00, 0x00, 0x00, 0x00, 
    0x06, 0x90, 0x00, 0x00, 0x00, 0x05, 0x00, 0x00, 0x00, 0x00, 0x00, 0x00, 0x0f, 0xe0, 0x00, 0x00, 
    0x00, 0x00, 0x00, 0x00, 0x00, 0x00, 0x00, 0x00, 0x00, 0x00, 0x00, 0x00, 0x00, 0x00, 0x00, 0x00, 
    0x00, 0x00, 0x00, 0x00, 0x00, 0x00, 0x00, 0x00, 0x00, 0x00, 0x00, 0x00, 0x00, 0x00, 0x00, 0x00, 
    0x00, 0x00, 0x00, 0x00, 0x00, 0x00, 0x00, 0x00, 0x00, 0x00, 0x00, 0x00, 0x00, 0x00, 0x00, 0x00, 
    0x00, 0x00, 0x00, 0x00, 0x00, 0x00, 0x00, 0x00, 0xff, 0xff, 0xff, 0xff, 0xff, 0xff, 0xff, 0xff, 
    0xff, 0xff, 0xff, 0xff, 0xff, 0xff, 0xff, 0xff, 0xff, 0xff, 0xff, 0xff, 0xff, 0xff, 0xff, 0xff, 
    0xff, 0xff, 0xff, 0xff, 0xff, 0xfe, 0x0b, 0xfe, 0x5b, 0xff, 0xff, 0xff, 0xe4, 0x00, 0x00, 0x00, 
    0x00, 0x00, 0x00, 0x00, 0x00, 0x00, 0x00, 0x00, 0x00, 0x00, 0x00, 0x00, 0x00, 0x00, 0x00, 0x00, 
    0x00, 0x00, 0x00, 0x00, 0x00, 0x00, 0x00, 0x00, 0x00, 0x00, 0x00, 0x00, 0x00, 0x00, 0x00, 0x00, 
    0x00, 0x00, 0x00, 0x00, 0x00, 0x00, 0x00, 0x00, 0x00, 0x00, 0x00, 0x00, 0x00, 0x00, 0x00, 0x00, 
    0x06, 0xa4, 0x00, 0x06, 0xaa, 0xaa, 0xaa, 0xaa, 0xaa, 0xaa, 0xaa, 0xa4, 0x6a, 0xaa, 0xaa, 0xa5, 
    0xaa, 0xaa, 0xaa, 0xaa, 0xa9, 0x41, 0xaa, 0xfe, 0x54, 0x00, 0x00, 0x00, 0x00, 0x00, 0x00, 0x0a, 
    0xaa, 0xaa, 0x40, 0x00, 0x00, 0x00, 0x00, 0x00, 0x00, 0xa0, 0x00, 0x00, 0x00, 0x00, 0x50, 0x00, 
    0x00, 0x00, 0x00, 0x00, 0x03, 0xf4, 0x00, 0x00, 0x00, 0x00, 0x00, 0x00, 0x00, 0x00, 0x00, 0x00, 
    0x00, 0x00, 0x00, 0x00, 0x00, 0x00, 0x00, 0x00, 0x00, 0x00, 0x00, 0x00, 0x00, 0x00, 0x00, 0x00, 
    0x00, 0x00, 0x00, 0x00, 0x00, 0x00, 0x00, 0x00, 0x00, 0x00, 0x00, 0x00, 0x00, 0x00, 0x00, 0x00, 
    0x00, 0x00, 0x00, 0x00, 0x00, 0x00, 0x00, 0x00, 0x00, 0x00, 0x00, 0x00, 0x00, 0x00, 0x00, 0x00, 
    0xff, 0xff, 0xff, 0xff, 0xff, 0xff, 0xff, 0xff, 0xff, 0xff, 0xff, 0xff, 0xff, 0xff, 0xff, 0xff, 
    0xff, 0xff, 0xff, 0xff, 0xff, 0xff, 0xff, 0xff, 0xff, 0xaf, 0xff, 0xff, 0xaf, 0xff, 0xe1, 0xbf, 
    0xf4, 0x6f, 0xff, 0xff, 0xff, 0xa4, 0x00, 0x00, 0x00, 0x00, 0x00, 0x00, 0x00, 0x00, 0x00, 0x00, 
    0x00, 0x01, 0x54, 0x00, 0x00, 0x00, 0x00, 0x00, 0x00, 0x00, 0x00, 0x00, 0x00, 0x00, 0x00, 0x00, 
    0x00, 0x00, 0x00, 0x00, 0x00, 0x00, 0x00, 0x00, 0x00, 0x00, 0x00, 0x00, 0x00, 0x00, 0x05, 0x6a, 
    0x95, 0x55, 0x40, 0x15, 0x55, 0x55, 0x40, 0x00, 0x00, 0x00, 0x00, 0x6a, 0xaa, 0xaa, 0xaa, 0xaa, 
    0xaa, 0xaa, 0xaa, 0xaa, 0x46, 0xaa, 0xaa, 0xaa, 0x6a, 0xaa, 0xaa, 0xaa, 0xaa, 0xa9, 0x06, 0xaf, 
    0xe9, 0x40, 0x00, 0x00, 0x00, 0x00, 0x00, 0x01, 0xaa, 0xaa, 0xa5, 0x00, 0x00, 0x00, 0x00, 0x00, 
    0x00, 0x28, 0x00, 0x00, 0x00, 0x00, 0x15, 0x00, 0x00, 0x00, 0x00, 0x00, 0x01, 0xfd, 0x00, 0x00, 
    0x00, 0x00, 0x00, 0x00, 0x00, 0x00, 0x00, 0x00, 0x00, 0x00, 0x00, 0x00, 0x00, 0x00, 0x00, 0x00, 
    0x00, 0x00, 0x00, 0x00, 0x00, 0x00, 0x00, 0x00, 0x00, 0x00, 0x00, 0x00, 0x00, 0x00, 0x00, 0x00, 
    0x00, 0x00, 0x00, 0x00, 0x00, 0x00, 0x00, 0x00, 0x00, 0x00, 0x00, 0x00, 0x00, 0x00, 0x00, 0x00, 
    0x00, 0x00, 0x00, 0x00, 0x00, 0x00, 0x00, 0x00, 0xff, 0xff, 0xff, 0xff, 0xff, 0xff, 0xff, 0xff, 
    0xff, 0xff, 0xff, 0xff, 0xff, 0xff, 0xff, 0xff, 0xff, 0xff, 0xff, 0xff, 0xff, 0xff, 0xff, 0xff, 
    0xfe, 0xaf, 0xff, 0xfe, 0xab, 0xff, 0xfd, 0x1b, 0xff, 0x91, 0xbf, 0xff, 0xff, 0xff, 0x90, 0x00, 
    0x00, 0x00, 0x00, 0x00, 0x00, 0x00, 0x00, 0x00, 0x00, 0x00, 0x00, 0x55, 0x54, 0x00, 0x00, 0x01, 
    0x55, 0x55, 0x55, 0x50, 0x00, 0x00, 0x00, 0x00, 0x00, 0x00, 0x00, 0x00, 0x00, 0x00, 0x00, 0x00, 
    0x00, 0x00, 0x00, 0x00, 0x00, 0x06, 0xaf, 0xff, 0xab, 0xff, 0xe9, 0x55, 0x55, 0x55, 0x55, 0x55, 
    0x50, 0x00, 0x02, 0xaa, 0xaa, 0xaa, 0xaa, 0xaa, 0xaa, 0xaa, 0xaa, 0xaa, 0xa4, 0x6a, 0xaa, 0xaa, 
    0x9a, 0xaa, 0xaa, 0xaa, 0xaa, 0xaa, 0xa4, 0x1b, 0xff, 0x94, 0x00, 0x00, 0x00, 0x00, 0x00, 0x00, 
    0x2a, 0xaa, 0xa9, 0xa4, 0x00, 0x00, 0x00, 0x00, 0x00, 0x09, 0x00, 0x00, 0x00, 0x00, 0x05, 0x40, 
    0x00, 0x00, 0x00, 0x00, 0x00, 0xbf, 0x00, 0x00, 0x00, 0x00, 0x00, 0x00, 0x00, 0x00, 0x00, 0x00, 
    0x00, 0x00, 0x00, 0x00, 0x00, 0x00, 0x00, 0x00, 0x00, 0x00, 0x00, 0x00, 0x00, 0x00, 0x00, 0x00, 
    0x00, 0x00, 0x00, 0x00, 0x00, 0x00, 0x00, 0x00, 0x00, 0x00, 0x00, 0x00, 0x00, 0x00, 0x00, 0x00, 
    0x00, 0x00, 0x00, 0x00, 0x00, 0x00, 0x00, 0x00, 0x00, 0x00, 0x00, 0x00, 0x00, 0x00, 0x00, 0x00, 
    0xff, 0xff, 0xff, 0xff, 0xff, 0xff, 0xff, 0xff, 0xff, 0xff, 0xff, 0xff, 0xff, 0xff, 0xff, 0xff, 
    0xff, 0xff, 0xff, 0xff, 0xff, 0xff, 0xff, 0xff, 0xfe, 0xaf, 0xff, 0xff, 0xab, 0xff, 0xff, 0x91, 
    0xbf, 0xf9, 0x06, 0xff, 0xff, 0xff, 0xfe, 0x40, 0x00, 0x00, 0x00, 0x00, 0x00, 0x00, 0x00, 0x00, 
    0x00, 0x00, 0x00, 0x00, 0x55, 0x55, 0x55, 0x55, 0x55, 0x54, 0x00, 0x00, 0x00, 0x00, 0x00, 0x00, 
    0x00, 0x00, 0x00, 0x00, 0x00, 0x00, 0x00, 0x00, 0x00, 0x00, 0x05, 0x50, 0x05, 0x55, 0x00, 0x15, 
    0xaa, 0xff, 0xff, 0xea, 0x55, 0x55, 0x55, 0x55, 0x40, 0x00, 0x1a, 0xaa, 0xaa, 0xaa, 0xaa, 0xaa, 
    0xaa, 0xaa, 0xaa, 0xaa, 0xaa, 0x56, 0xaa, 0xaa, 0xa5, 0xaa, 0xaa, 0xaa, 0xaa, 0xaa, 0xaa, 0xa4, 
    0x6f, 0xf9, 0x00, 0x00, 0x00, 0x00, 0x00, 0x00, 0x06, 0xaa, 0xaa, 0x6a, 0xa4, 0x00, 0x00, 0x00, 
    0x00, 0x02, 0x40, 0x00, 0x00, 0x00, 0x00, 0x50, 0x00, 0x00, 0x00, 0x00, 0x00, 0x3f, 0x80, 0x00, 
    0x00, 0x00, 0x00, 0x00, 0x00, 0x00, 0x00, 0x00, 0x00, 0x00, 0x00, 0x00, 0x00, 0x00, 0x00, 0x00, 
    0x00, 0x00, 0x00, 0x00, 0x00, 0x00, 0x00, 0x00, 0x00, 0x00, 0x00, 0x00, 0x00, 0x00, 0x00, 0x00, 
    0x00, 0x00, 0x00, 0x00, 0x00, 0x00, 0x00, 0x00, 0x00, 0x00, 0x00, 0x00, 0x00, 0x00, 0x00, 0x00, 
    0x00, 0x00, 0x00, 0x00, 0x00, 0x00, 0x00, 0x00, 0xff, 0xff, 0xff, 0xff, 0xff, 0xff, 0xff, 0xff, 
    0xff, 0xff, 0xff, 0xff, 0xff, 0xff, 0xff, 0xff, 0xff, 0xff, 0xff, 0xff, 0xff, 0xff, 0xff, 0xff, 
    0xff, 0xff, 0xff, 0xff, 0xff, 0xff, 0xff, 0xe9, 0x1b, 0xff, 0x80, 0x06, 0xff, 0xff, 0xff, 0xf9, 
    0x40, 0x00, 0x00, 0x00, 0x00, 0x00, 0x00, 0x00, 0x00, 0x00, 0x00, 0x00, 0x00, 0x15, 0x55, 0x55, 
    0x55, 0x55, 0x50, 0x00, 0x00, 0x00, 0x00, 0x00, 0x00, 0x00, 0x00, 0x00, 0x00, 0x00, 0x00, 0x01, 
    0x55, 0x55, 0x55, 0x06, 0xbf, 0xff, 0xfe, 0x95, 0x50, 0x5a, 0xbf, 0xff, 0xfa, 0x55, 0x55, 0x54, 
    0x00, 0x00, 0x01, 0xaa, 0xaa, 0xaa, 0xaa, 0xaa, 0xaa, 0xaa, 0xaa, 0xaa, 0xaa, 0xa9, 0x6a, 0xaa, 
    0xa9, 0x6a, 0xaa, 0xaa, 0xaa, 0xaa, 0xaa, 0xaa, 0x46, 0xff, 0x94, 0x00, 0x00, 0x00, 0x00, 0x00, 
    0x00, 0x6a, 0xaa, 0x9a, 0xaa, 0xa4, 0x00, 0x00, 0x00, 0x00, 0x80, 0x00, 0x00, 0x00, 0x00, 0x14, 
    0x00, 0x00, 0x00, 0x00, 0x00, 0x0f, 0xd0, 0x00, 0x00, 0x00, 0x00, 0x00, 0x00, 0x00, 0x00, 0x00, 
    0x00, 0x00, 0x00, 0x00, 0x00, 0x00, 0x00, 0x00, 0x00, 0x00, 0x00, 0x00, 0x00, 0x00, 0x00, 0x00, 
    0x00, 0x00, 0x00, 0x00, 0x00, 0x00, 0x00, 0x00, 0x00, 0x00, 0x00, 0x00, 0x00, 0x00, 0x00, 0x00, 
    0x00, 0x00, 0x00, 0x00, 0x00, 0x00, 0x00, 0x00, 0x00, 0x00, 0x00, 0x00, 0x00, 0x00, 0x00, 0x00, 
    0xff, 0xff, 0xff, 0xff, 0xff, 0xff, 0xff, 0xff, 0xff, 0xff, 0xff, 0xff, 0xff, 0xff, 0xff, 0xff, 
    0xff, 0xff, 0xff, 0xff, 0xff, 0xff, 0xff, 0xff, 0xff, 0xff, 0xff, 0xff, 0xff, 0xff, 0xff, 0xff, 
    0xd1, 0xff, 0xf4, 0x00, 0x1b, 0xff, 0xff, 0xff, 0xf9, 0x00, 0x00, 0x00, 0x00, 0x00, 0x00, 0x00, 
    0x00, 0x00, 0x00, 0x00, 0x00, 0x00, 0x15, 0x50, 0x00, 0x15, 0x55, 0x55, 0x55, 0x40, 0x00, 0x00, 
    0x00, 0x00, 0x00, 0x00, 0x00, 0x55, 0x55, 0x55, 0x55, 0x54, 0x16, 0xff, 0xff, 0xff, 0xff, 0xff, 
    0xff, 0xea, 0x55, 0xab, 0xff, 0xe9, 0x55, 0x50, 0x00, 0x00, 0x00, 0x1a, 0xaa, 0xaa, 0xaa, 0xaa, 
    0xaa, 0xaa, 0xaa, 0xaa, 0xaa, 0xaa, 0x4a, 0xaa, 0xaa, 0x4a, 0xaa, 0xaa, 0xaa, 0xaa, 0xaa, 0xaa, 
    0xa9, 0x5b, 0xe9, 0x00, 0x00, 0x00, 0x00, 0x00, 0x00, 0x1a, 0xaa, 0xa2, 0xaa, 0xaa, 0xa4, 0x00, 
    0x00, 0x00, 0x50, 0x00, 0x00, 0x00, 0x00, 0x01, 0x00, 0x00, 0x00, 0x00, 0x00, 0x07, 0xf4, 0x00, 
    0x00, 0x00, 0x00, 0x00, 0x00, 0x00, 0x00, 0x00, 0x00, 0x00, 0x00, 0x00, 0x00, 0x00, 0x00, 0x00, 
    0x00, 0x00, 0x00, 0x00, 0x00, 0x00, 0x00, 0x00, 0x00, 0x00, 0x00, 0x00, 0x00, 0x00, 0x00, 0x00, 
    0x00, 0x00, 0x00, 0x00, 0x00, 0x00, 0x00, 0x00, 0x00, 0x00, 0x00, 0x00, 0x00, 0x00, 0x00, 0x00, 
    0x00, 0x00, 0x00, 0x00, 0x00, 0x00, 0x00, 0x00, 0xff, 0xff, 0xff, 0xff, 0xff, 0xff, 0xff, 0xff, 
    0xff, 0xff, 0xff, 0xff, 0xff, 0xff, 0xff, 0xff, 0xff, 0xff, 0xff, 0xff, 0xff, 0xff, 0xff, 0xff, 
    0xff, 0xff, 0xff, 0xff, 0xff, 0xff, 0xff, 0xff, 0xfd, 0x2f, 0xfe, 0x41, 0x00, 0x6b, 0xff, 0xff, 
    0xff, 0xe9, 0x00, 0x00, 0x00, 0x00, 0x00, 0x00, 0x00, 0x00, 0x00, 0x00, 0x00, 0x00, 0x00, 0x05, 
    0x54, 0x00, 0x55, 0x55, 0x55, 0x55, 0x55, 0x55, 0x55, 0x55, 0x55, 0x55, 0x55, 0x55, 0x55, 0x55, 
    0x45, 0x6f, 0xff, 0xff, 0xff, 0xff, 0xff, 0xff, 0xff, 0xff, 0xaa, 0x55, 0x6b, 0xff, 0xe9, 0x40, 
    0x00, 0x00, 0x00, 0x01, 0xaa, 0xaa, 0xaa, 0xaa, 0xaa, 0xaa, 0xaa, 0xaa, 0xaa, 0xaa, 0xa5, 0xaa, 
    0xaa, 0x92, 0xaa, 0xaa, 0xaa, 0xaa, 0xaa, 0xaa, 0xaa, 0xa5, 0xbe, 0x90, 0x00, 0x00, 0x00, 0x00, 
    0x00, 0x01, 0xaa, 0xa4, 0xaa, 0xaa, 0xaa, 0xa4, 0x00, 0x00, 0x14, 0x00, 0x00, 0x00, 0x00, 0x00, 
    0x40, 0x00, 0x00, 0x00, 0x00, 0x02, 0xfd, 0x00, 0x00, 0x00, 0x00, 0x00, 0x00, 0x00, 0x00, 0x00, 
    0x00, 0x00, 0x00, 0x00, 0x00, 0x00, 0x00, 0x00, 0x00, 0x00, 0x00, 0x00, 0x00, 0x00, 0x00, 0x00, 
    0x00, 0x00, 0x00, 0x00, 0x00, 0x00, 0x00, 0x00, 0x00, 0x00, 0x00, 0x00, 0x00, 0x00, 0x00, 0x00, 
    0x00, 0x00, 0x00, 0x00, 0x00, 0x00, 0x00, 0x00, 0x00, 0x00, 0x00, 0x00, 0x00, 0x00, 0x00, 0x00, 
    0xff, 0xff, 0xff, 0xff, 0xff, 0xff, 0xff, 0xff, 0xff, 0xff, 0xff, 0xff, 0xff, 0xff, 0xff, 0xff, 
    0xff, 0xff, 0xff, 0xff, 0xff, 0xff, 0xff, 0xff, 0xff, 0xff, 0xfa, 0xff, 0xff, 0xfa, 0xff, 0xff, 
    0xff, 0x91, 0xff, 0xe0, 0x00, 0x00, 0x6f, 0xff, 0xff, 0xff, 0xe5, 0x00, 0x00, 0x00, 0x00, 0x00, 
    0x00, 0x00, 0x00, 0x00, 0x00, 0x00, 0x00, 0x00, 0x05, 0x55, 0x55, 0x55, 0x55, 0x55, 0x55, 0x55, 
    0x55, 0x55, 0x55, 0x55, 0x55, 0x55, 0x40, 0x01, 0x6f, 0xff, 0xeb, 0xff, 0xff, 0xfa, 0xff, 0xff, 
    0xff, 0xff, 0xea, 0xaa, 0x95, 0x6b, 0xfe, 0x01, 0x00, 0x00, 0x00, 0x01, 0x16, 0xaa, 0xaa, 0xaa, 
    0xaa, 0xaa, 0xaa, 0xaa, 0xaa, 0xaa, 0xaa, 0x5a, 0xaa, 0xa4, 0xaa, 0x6a, 0xaa, 0xaa, 0xaa, 0xaa, 
    0xaa, 0xaa, 0x5b, 0xe5, 0x00, 0x00, 0x00, 0x00, 0x00, 0x00, 0x2a, 0xa9, 0x6a, 0xaa, 0xaa, 0xaa, 
    0xa5, 0x00, 0x05, 0x00, 0x00, 0x00, 0x00, 0x00, 0x00, 0x00, 0x00, 0x00, 0x00, 0x00, 0xbe, 0x00, 
    0x00, 0x00, 0x00, 0x00, 0x00, 0x00, 0x00, 0x00, 0x00, 0x00, 0x00, 0x00, 0x00, 0x00, 0x00, 0x00, 
    0x00, 0x00, 0x00, 0x00, 0x00, 0x00, 0x00, 0x00, 0x00, 0x00, 0x00, 0x00, 0x00, 0x00, 0x00, 0x00, 
    0x00, 0x00, 0x00, 0x00, 0x00, 0x00, 0x00, 0x00, 0x00, 0x00, 0x00, 0x00, 0x00, 0x00, 0x00, 0x00, 
    0x00, 0x00, 0x00, 0x00, 0x00, 0x00, 0x00, 0x00, 0xff, 0xff, 0xff, 0xff, 0xff, 0xff, 0xff, 0xff, 
    0xff, 0xff, 0xff, 0xff, 0xff, 0xff, 0xff, 0xff, 0xff, 0xff, 0xff, 0xff, 0xff, 0xff, 0xff, 0xff, 
    0xff, 0xff, 0xea, 0xff, 0xff, 0xfa, 0xbf, 0xff, 0xfa, 0xb9, 0x1f, 0xfd, 0x00, 0x00, 0x00, 0x6f, 
    0xff, 0xff, 0xff, 0xe4, 0x00, 0x00, 0x00, 0x00, 0x00, 0x00, 0x00, 0x00, 0x00, 0x00, 0x00, 0x00, 
    0x00, 0x01, 0x55, 0x55, 0x55, 0x40, 0x00, 0x00, 0x00, 0x00, 0x00, 0x00, 0x01, 0x69, 0x6f, 0xea, 
    0xbf, 0xff, 0xea, 0xff, 0xff, 0xea, 0xff, 0xff, 0xfb, 0xff, 0xea, 0xaa, 0xaa, 0xa5, 0x51, 0x6a, 
    0xaa, 0x55, 0x55, 0x00, 0x50, 0x6a, 0xaa, 0xaa, 0xaa, 0xaa, 0xaa, 0xaa, 0xaa, 0xaa, 0xaa, 0xa1, 
    0xaa, 0xa5, 0x1a, 0x6a, 0xaa, 0xaa, 0xaa, 0xaa, 0xaa, 0xaa, 0xa4, 0xae, 0x40, 0x00, 0x00, 0x00, 
    0x00, 0x00, 0x06, 0xaa, 0x6a, 0xaa, 0xaa, 0xaa, 0xaa, 0xaa, 0x50, 0x00, 0x00, 0x00, 0x00, 0x00, 
    0x00, 0x00, 0x00, 0x00, 0x00, 0x00, 0x3f, 0x80, 0x00, 0x00, 0x00, 0x00, 0x00, 0x00, 0x00, 0x00, 
    0x00, 0x00, 0x00, 0x00, 0x00, 0x00, 0x00, 0x00, 0x00, 0x00, 0x00, 0x00, 0x00, 0x00, 0x00, 0x00, 
    0x00, 0x00, 0x00, 0x00, 0x00, 0x00, 0x00, 0x00, 0x00, 0x00, 0x00, 0x00, 0x00, 0x00, 0x00, 0x00, 
    0x00, 0x00, 0x00, 0x00, 0x00, 0x00, 0x00, 0x00, 0x00, 0x00, 0x00, 0x00, 0x00, 0x00, 0x00, 0x00, 
    0xff, 0xff, 0xff, 0xff, 0xff, 0xff, 0xff, 0xff, 0xff, 0xff, 0xff, 0xff, 0xff, 0xff, 0xff, 0xff, 
    0xff, 0xff, 0xff, 0xff, 0xff, 0xff, 0xff, 0xff, 0xff, 0xff, 0xfa, 0xff, 0xff, 0xfa, 0xbf, 0xff, 
    0xfa, 0xbf, 0x91, 0xff, 0x90, 0x00, 0x00, 0x00, 0x6f, 0xff, 0xff, 0xff, 0xe4, 0x00, 0x00, 0x00, 
    0x00, 0x00, 0x00, 0x00, 0x00, 0x00, 0x00, 0x00, 0x00, 0x00, 0x01, 0x55, 0x55, 0x54, 0x00, 0x00, 
    0x00, 0x00, 0xbf, 0xff, 0xff, 0xfe, 0xbf, 0xfa, 0xff, 0xff, 0xfb, 0xff, 0xff, 0xfa, 0xff, 0xff, 
    0xfb, 0xff, 0xea, 0xaa, 0xaa, 0xa5, 0x15, 0x5a, 0xaa, 0xa9, 0x55, 0x55, 0x55, 0x06, 0xaa, 0xaa, 
    0xaa, 0xaa, 0xaa, 0xaa, 0xaa, 0xaa, 0xaa, 0xa9, 0x1a, 0xaa, 0x46, 0x6a, 0xaa, 0xaa, 0xaa, 0xaa, 
    0xaa, 0xaa, 0xaa, 0x16, 0xe4, 0x00, 0x00, 0x00, 0x00, 0x00, 0x00, 0x6a, 0x9a, 0xaa, 0xaa, 0xaa, 
    0xaa, 0xaa, 0xa8, 0x00, 0x00, 0x55, 0x40, 0x01, 0x64, 0x00, 0x00, 0x00, 0x00, 0x00, 0x0f, 0xe0, 
    0x00, 0x00, 0x00, 0x00, 0x00, 0x00, 0x00, 0x00, 0x00, 0x00, 0x00, 0x00, 0x00, 0x00, 0x00, 0x00, 
    0x00, 0x00, 0x00, 0x00, 0x00, 0x00, 0x00, 0x00, 0x00, 0x00, 0x00, 0x00, 0x00, 0x00, 0x00, 0x00, 
    0x00, 0x00, 0x00, 0x00, 0x00, 0x00, 0x00, 0x00, 0x00, 0x00, 0x00, 0x00, 0x00, 0x00, 0x00, 0x00, 
    0x00, 0x00, 0x00, 0x00, 0x00, 0x00, 0x00, 0x00, 0xff, 0xff, 0xff, 0xff, 0xff, 0xff, 0xff, 0xff, 
    0xff, 0xff, 0xff, 0xff, 0xff, 0xff, 0xff, 0xff, 0xff, 0xff, 0xff, 0xff, 0xff, 0xff, 0xff, 0xff, 
    0xff, 0xff, 0xff, 0xff, 0xff, 0xfe, 0xff, 0xff, 0xff, 0xff, 0xf9, 0x2f, 0xf8, 0x00, 0x00, 0x00, 
    0x00, 0x6b, 0xff, 0xff, 0xff, 0xe4, 0x00, 0x00, 0x00, 0x00, 0x00, 0x00, 0x00, 0x00, 0x00, 0x00, 
    0x00, 0x00, 0x00, 0x00, 0x55, 0x55, 0x55, 0x40, 0x00, 0x00, 0x1f, 0xff, 0xff, 0xff, 0xff, 0xff, 
    0xff, 0xff, 0xff, 0xff, 0xff, 0xff, 0xff, 0xff, 0xff, 0xff, 0xea, 0xaa, 0xa9, 0x56, 0xaa, 0x95, 
    0x6a, 0xa5, 0x55, 0x55, 0x55, 0x54, 0x6a, 0xaa, 0xaa, 0xaa, 0xaa, 0xaa, 0xaa, 0xaa, 0xaa, 0xaa, 
    0x92, 0xaa, 0x91, 0x2a, 0xaa, 0xaa, 0xaa, 0xaa, 0xaa, 0xaa, 0xaa, 0x95, 0x6a, 0x40, 0x00, 0x00, 
    0x00, 0x00, 0x00, 0x06, 0x96, 0xaa, 0xaa, 0xaa, 0xaa, 0xaa, 0xaa, 0x00, 0x00, 0x3f, 0xff, 0xff, 
    0xfd, 0x00, 0x00, 0x00, 0x00, 0x00, 0x07, 0xf4, 0x00, 0x00, 0x00, 0x00, 0x00, 0x00, 0x00, 0x00, 
    0x00, 0x00, 0x00, 0x00, 0x00, 0x00, 0x00, 0x00, 0x00, 0x00, 0x00, 0x00, 0x00, 0x00, 0x00, 0x00, 
    0x00, 0x00, 0x00, 0x00, 0x00, 0x00, 0x00, 0x00, 0x00, 0x00, 0x00, 0x00, 0x00, 0x00, 0x00, 0x00, 
    0x00, 0x00, 0x00, 0x00, 0x00, 0x00, 0x00, 0x00, 0x00, 0x00, 0x00, 0x00, 0x00, 0x00, 0x00, 0x00, 
    0xff, 0xff, 0xff, 0xff, 0xff, 0xff, 0xff, 0xff, 0xff, 0xff, 0xff, 0xff, 0xff, 0xff, 0xff, 0xff, 
    0xff, 0xff, 0xff, 0xff, 0xff, 0xff, 0xff, 0xff, 0xff, 0xff, 0xff, 0xff, 0xff, 0xff, 0xff, 0xff, 
    0xff, 0xff, 0xff, 0xd1, 0xbf, 0x40, 0x00, 0x00, 0x01, 0x40, 0x1a, 0xff, 0xff, 0xff, 0xe9, 0x00, 
    0x00, 0x00, 0x00, 0x00, 0x00, 0x00, 0x00, 0x00, 0x00, 0x00, 0x00, 0x00, 0x00, 0x15, 0x55, 0x55, 
    0x54, 0x00, 0x02, 0xff, 0xff, 0xff, 0xff, 0xff, 0xff, 0xff, 0xff, 0xff, 0xff, 0xff, 0xff, 0xff, 
    0xff, 0xff, 0xea, 0xa9, 0x56, 0xaa, 0xaa, 0xaa, 0x90, 0x69, 0x55, 0x55, 0x55, 0x55, 0x45, 0xaa, 
    0xaa, 0xaa, 0xaa, 0xaa, 0xaa, 0xaa, 0xaa, 0xaa, 0xa8, 0x66, 0xa4, 0x2a, 0xaa, 0xaa, 0xaa, 0xaa, 
    0xaa, 0xaa, 0xaa, 0xa9, 0x95, 0x80, 0x00, 0x00, 0x00, 0x00, 0x00, 0x00, 0x62, 0xaa, 0xaa, 0xaa, 
    0xaa, 0xaa, 0xaa, 0x80, 0x00, 0x0f, 0xff, 0xff, 0xff, 0x40, 0x00, 0x00, 0x00, 0x00, 0x02, 0xfd, 
    0x00, 0x00, 0x00, 0x00, 0x00, 0x00, 0x00, 0x00, 0x00, 0x00, 0x00, 0x00, 0x00, 0x00, 0x00, 0x00, 
    0x00, 0x00, 0x00, 0x00, 0x00, 0x00, 0x00, 0x00, 0x00, 0x00, 0x00, 0x00, 0x00, 0x00, 0x00, 0x00, 
    0x00, 0x00, 0x00, 0x00, 0x00, 0x00, 0x00, 0x00, 0x00, 0x00, 0x00, 0x00, 0x00, 0x00, 0x00, 0x00, 
    0x00, 0x00, 0x00, 0x00, 0x00, 0x00, 0x00, 0x00, 0xff, 0xff, 0xff, 0xff, 0xff, 0xff, 0xff, 0xff, 
    0xff, 0xff, 0xff, 0xff, 0xff, 0xff, 0xff, 0xff, 0xff, 0xff, 0xff, 0xff, 0xff, 0xff, 0xff, 0xff, 
    0xff, 0xff, 0xff, 0xff, 0xff, 0xff, 0xff, 0xff, 0xff, 0xff, 0xff, 0xf8, 0x1b, 0xe4, 0x00, 0x00, 
    0x00, 0x3f, 0x90, 0x1a, 0xff, 0xff, 0xff, 0xf9, 0x40, 0x00, 0x00, 0x00, 0x14, 0x00, 0x00, 0x00, 
    0x00, 0x00, 0x00, 0x00, 0x00, 0x00, 0x55, 0x55, 0x55, 0x55, 0x40, 0x01, 0x6a, 0x9f, 0xff, 0xff, 
    0xff, 0xbf, 0xff, 0xff, 0xbf, 0xff, 0xff, 0xff, 0xff, 0xff, 0x94, 0x16, 0xaa, 0xaa, 0xaa, 0xaa, 
    0xaa, 0x51, 0x55, 0x55, 0x55, 0x55, 0x55, 0x1a, 0xaa, 0xaa, 0xaa, 0xaa, 0xaa, 0xaa, 0xaa, 0xaa, 
    0xaa, 0x46, 0xa9, 0x0a, 0xaa, 0xaa, 0xaa, 0xaa, 0xaa, 0xaa, 0xaa, 0xaa, 0x69, 0x50, 0x00, 0x00, 
    0x00, 0x00, 0x00, 0x00, 0x04, 0xaa, 0xaa, 0xaa, 0xaa, 0xaa, 0xaa, 0xe0, 0x00, 0x07, 0xff, 0xff, 
    0xff, 0xd0, 0x00, 0x00, 0x00, 0x00, 0x00, 0xbf, 0x40, 0x00, 0x00, 0x00, 0x00, 0x00, 0x00, 0x00, 
    0x00, 0x00, 0x00, 0x00, 0x00, 0x00, 0x00, 0x00, 0x00, 0x00, 0x00, 0x00, 0x00, 0x00, 0x00, 0x00, 
    0x00, 0x00, 0x00, 0x00, 0x00, 0x00, 0x00, 0x00, 0x00, 0x00, 0x00, 0x00, 0x00, 0x00, 0x00, 0x00, 
    0x00, 0x00, 0x00, 0x00, 0x00, 0x00, 0x00, 0x00, 0x00, 0x00, 0x00, 0x00, 0x00, 0x00, 0x00, 0x00, 
    0xff, 0xff, 0xff, 0xff, 0xff, 0xff, 0xff, 0xff, 0xff, 0xff, 0xff, 0xff, 0xff, 0xff, 0xff, 0xff, 
    0xff, 0xff, 0xff, 0xff, 0xff, 0xff, 0xff, 0xff, 0xff, 0xaf, 0xff, 0xff, 0xaf, 0xff, 0xff, 0xab, 
    0xff, 0xff, 0xef, 0xff, 0x81, 0xbe, 0x40, 0x00, 0x00, 0x0b, 0xfe, 0x90, 0x16, 0xbf, 0xff, 0xff, 
    0xfa, 0x40, 0x00, 0x00, 0x00, 0x15, 0x00, 0x00, 0x00, 0x00, 0x00, 0x00, 0x00, 0x00, 0x00, 0x01, 
    0x55, 0x55, 0x55, 0x50, 0x00, 0x00, 0x5a, 0xff, 0xfa, 0xaf, 0xff, 0xfe, 0xaf, 0xff, 0xff, 0xaa, 
    0xa9, 0x00, 0x06, 0xaa, 0xaa, 0xaa, 0xaa, 0xaa, 0xaa, 0xaa, 0x41, 0x55, 0x55, 0x55, 0x55, 0x51, 
    0xaa, 0xaa, 0xaa, 0xaa, 0xaa, 0xaa, 0xaa, 0xaa, 0xaa, 0xa0, 0xaa, 0x42, 0xaa, 0xaa, 0xaa, 0xaa, 
    0xaa, 0xaa, 0xaa, 0xaa, 0x9a, 0x69, 0x00, 0x00, 0x00, 0x00, 0x00, 0x00, 0x00, 0x6a, 0xaa, 0xaa, 
    0xaa, 0xaa, 0xab, 0xf4, 0x00, 0x01, 0xff, 0xff, 0xff, 0xf4, 0x00, 0x00, 0x00, 0x00, 0x00, 0x3f, 
    0xd0, 0x00, 0x00, 0x00, 0x00, 0x00, 0x00, 0x00, 0x00, 0x00, 0x00, 0x00, 0x00, 0x00, 0x00, 0x00, 
    0x00, 0x00, 0x00, 0x00, 0x00, 0x00, 0x00, 0x00, 0x00, 0x00, 0x00, 0x00, 0x00, 0x00, 0x00, 0x00, 
    0x00, 0x00, 0x00, 0x00, 0x00, 0x00, 0x00, 0x00, 0x00, 0x00, 0x00, 0x00, 0x00, 0x00, 0x00, 0x00, 
    0x00, 0x00, 0x00, 0x00, 0x00, 0x00, 0x00, 0x00, 0xff, 0xff, 0xff, 0xff, 0xff, 0xff, 0xff, 0xff, 
    0xff, 0xff, 0xff, 0xff, 0xff, 0xff, 0xff, 0xff, 0xff, 0xff, 0xff, 0xff, 0xff, 0xff, 0xff, 0xff, 
    0xfe, 0xaf, 0xff, 0xfe, 0xab, 0xff, 0xff, 0xab, 0xff, 0xff, 0xab, 0xff, 0xf8, 0x1f, 0xe0, 0x00, 
    0x00, 0x01, 0xff, 0xff, 0xe4, 0x05, 0xbf, 0xff, 0xff, 0xfe, 0x94, 0x00, 0x00, 0x00, 0x55, 0x00, 
    0x00, 0x00, 0x00, 0x00, 0x00, 0x00, 0x00, 0x00, 0x00, 0x55, 0x55, 0x55, 0x55, 0x55, 0x50, 0x00, 
    0x10, 0x15, 0x6a, 0xa5, 0x55, 0x55, 0x40, 0x00, 0x00, 0x06, 0xea, 0xaa, 0xaa, 0xaa, 0xaa, 0xaa, 
    0xaa, 0xaa, 0xa9, 0x01, 0x55, 0x55, 0x55, 0x55, 0x0a, 0xaa, 0xaa, 0xaa, 0xaa, 0xaa, 0xaa, 0xaa, 
    0xaa, 0xa9, 0x1a, 0xa0, 0xaa, 0xaa, 0xaa, 0xaa, 0xaa, 0xaa, 0xaa, 0xaa, 0xa5, 0x9a, 0x90, 0x00, 
    0x00, 0x00, 0x00, 0x00, 0x00, 0x1a, 0xaa, 0xaa, 0xaa, 0xaa, 0xab, 0xfd, 0x00, 0x00, 0xbf, 0xff, 
    0xff, 0xfd, 0x00, 0x00, 0x00, 0x00, 0x00, 0x0f, 0xf0, 0x00, 0x00, 0x00, 0x00, 0x00, 0x00, 0x00, 
    0x00, 0x00, 0x00, 0x00, 0x00, 0x00, 0x00, 0x00, 0x00, 0x00, 0x00, 0x00, 0x00, 0x00, 0x00, 0x00, 
    0x00, 0x00, 0x00, 0x00, 0x00, 0x00, 0x00, 0x00, 0x00, 0x00, 0x00, 0x00, 0x00, 0x00, 0x00, 0x00, 
    0x00, 0x00, 0x00, 0x00, 0x00, 0x00, 0x00, 0x00, 0x00, 0x00, 0x00, 0x00, 0x00, 0x00, 0x00, 0x00, 
    0xff, 0xff, 0xff, 0xff, 0xff, 0xff, 0xff, 0xff, 0xff, 0xff, 0xff, 0xff, 0xff, 0xff, 0xff, 0xff, 
    0xff, 0xff, 0xff, 0xff, 0xff, 0xff, 0xff, 0xff, 0xfe, 0xaf, 0xff, 0xff, 0xaf, 0xff, 0xff, 0xab, 
    0xff, 0xff, 0xab, 0xff, 0xff, 0x81, 0xbe, 0x00, 0x00, 0x00, 0x3f, 0xff, 0xff, 0xe4, 0x01, 0x6b, 
    0xff, 0xff, 0xff, 0xe9, 0x40, 0x00, 0x00, 0x59, 0x00, 0x00, 0x00, 0x00, 0x00, 0x00, 0x00, 0x00, 
    0x00, 0x00, 0x05, 0x55, 0x55, 0x55, 0x55, 0x55, 0x55, 0x40, 0x00, 0x00, 0x00, 0x00, 0x00, 0x00, 
    0x06, 0xff, 0xea, 0xaa, 0xaa, 0xaa, 0xaa, 0xaa, 0xaa, 0xaa, 0xaa, 0xa4, 0x05, 0x55, 0x55, 0x55, 
    0x54, 0x6a, 0xaa, 0xaa, 0xaa, 0xaa, 0xaa, 0xaa, 0xaa, 0x9a, 0x82, 0xa8, 0x2a, 0xaa, 0xaa, 0xaa, 
    0xaa, 0xaa, 0xaa, 0xaa, 0xa9, 0x66, 0xa9, 0x00, 0x00, 0x00, 0x00, 0x00, 0x00, 0x00, 0x6a, 0xaa, 
    0xaa, 0xaa, 0xab, 0xff, 0x00, 0x00, 0x2f, 0xff, 0xff, 0xff, 0x80, 0x00, 0x00, 0x00, 0x00, 0x03, 
    0xf8, 0x00, 0x00, 0x00, 0x00, 0x00, 0x00, 0x00, 0x00, 0x00, 0x00, 0x00, 0x00, 0x00, 0x00, 0x00, 
    0x00, 0x00, 0x00, 0x00, 0x00, 0x00, 0x00, 0x00, 0x00, 0x00, 0x00, 0x00, 0x00, 0x00, 0x00, 0x00, 
    0x00, 0x00, 0x00, 0x00, 0x00, 0x00, 0x00, 0x00, 0x00, 0x00, 0x00, 0x00, 0x00, 0x00, 0x00, 0x00, 
    0x00, 0x00, 0x00, 0x00, 0x00, 0x00, 0x00, 0x00, 0xff, 0xff, 0xff, 0xff, 0xff, 0xff, 0xff, 0xff, 
    0xff, 0xff, 0xff, 0xff, 0xff, 0xff, 0xff, 0xff, 0xff, 0xff, 0xff, 0xff, 0xff, 0xff, 0xff, 0xff, 
    0xff, 0xbf, 0xff, 0xff, 0xff, 0xff, 0xff, 0xef, 0xff, 0xff, 0xff, 0xff, 0xff, 0xf8, 0x1f, 0xd0, 
    0x00, 0x00, 0x0b, 0xff, 0xff, 0xfe, 0xae, 0x90, 0x5a, 0xff, 0xff, 0xff, 0xfe, 0x50, 0x00, 0x00, 
    0x69, 0x00, 0x00, 0x00, 0x00, 0x00, 0x00, 0x00, 0x00, 0x00, 0x00, 0x05, 0x55, 0x55, 0x55, 0x55, 
    0x55, 0x55, 0x54, 0x00, 0x00, 0x00, 0x01, 0x5b, 0xff, 0xff, 0xfa, 0xaa, 0xaa, 0xaa, 0xaa, 0xaa, 
    0xaa, 0xaa, 0xaa, 0xaa, 0x90, 0x05, 0x55, 0x55, 0x55, 0x46, 0xaa, 0xaa, 0xaa, 0xaa, 0xaa, 0xaa, 
    0xaa, 0x9a, 0xa4, 0x6a, 0x4a, 0xaa, 0xaa, 0xaa, 0xaa, 0xaa, 0xaa, 0xaa, 0xaa, 0x99, 0xaa, 0x90, 
    0x00, 0x00, 0x00, 0x00, 0x00, 0x00, 0x06, 0xaa, 0xaa, 0xaa, 0xaf, 0xff, 0x80, 0x00, 0x0b, 0xff, 
    0xff, 0xff, 0xe0, 0x00, 0x00, 0x00, 0x00, 0x01, 0xfe, 0x00, 0x00, 0x00, 0x00, 0x00, 0x00, 0x00, 
    0x00, 0x00, 0x00, 0x00, 0x00, 0x00, 0x00, 0x00, 0x00, 0x00, 0x00, 0x00, 0x00, 0x00, 0x00, 0x00, 
    0x00, 0x00, 0x00, 0x00, 0x00, 0x00, 0x00, 0x00, 0x00, 0x00, 0x00, 0x00, 0x00, 0x00, 0x00, 0x00, 
    0x00, 0x00, 0x00, 0x00, 0x00, 0x00, 0x00, 0x00, 0x00, 0x00, 0x00, 0x00, 0x00, 0x00, 0x00, 0x00, 
    0xff, 0xff, 0xff, 0xff, 0xff, 0xff, 0xff, 0xff, 0xff, 0xff, 0xff, 0xff, 0xff, 0xff, 0xff, 0xff, 
    0xff, 0xff, 0xff, 0xff, 0xff, 0xff, 0xff, 0xff, 0xff, 0xff, 0xff, 0xff, 0xff, 0xff, 0xff, 0xff, 
    0xff, 0xff, 0xff, 0xff, 0xff, 0xff, 0x81, 0xbd, 0x00, 0x00, 0x00, 0x6f, 0xff, 0xff, 0xff, 0xff, 
    0xe5, 0x01, 0xaf, 0xff, 0xff, 0xff, 0xa9, 0x00, 0x00, 0x69, 0x40, 0x00, 0x00, 0x00, 0x00, 0x00, 
    0x00, 0x00, 0x00, 0x00, 0x00, 0x05, 0x55, 0x55, 0x55, 0x55, 0x40, 0x00, 0x15, 0x6b, 0xff, 0xff, 
    0xff, 0xff, 0xfa, 0xaa, 0xaa, 0xaa, 0xaa, 0xaa, 0xaa, 0xaa, 0xaa, 0xaa, 0xaa, 0x90, 0x05, 0x55, 
    0x55, 0x54, 0x6a, 0xaa, 0xaa, 0xaa, 0xaa, 0xaa, 0xaa, 0x9a, 0xaa, 0x0a, 0x92, 0xaa, 0xaa, 0xaa, 
    0xaa, 0xaa, 0xaa, 0xaa, 0xaa, 0xa6, 0x2a, 0xa9, 0x00, 0x00, 0x00, 0x00, 0x00, 0x00, 0x00, 0x6a, 
    0xaa, 0xaa, 0xaf, 0xff, 0xd1, 0x00, 0x02, 0xff, 0xff, 0xff, 0xf8, 0x00, 0x00, 0x00, 0x00, 0x00, 
    0x7f, 0x80, 0x00, 0x00, 0x00, 0x00, 0x00, 0x00, 0x00, 0x00, 0x00, 0x00, 0x00, 0x00, 0x00, 0x00, 
    0x00, 0x00, 0x00, 0x00, 0x00, 0x00, 0x00, 0x00, 0x00, 0x00, 0x00, 0x00, 0x00, 0x00, 0x00, 0x00, 
    0x00, 0x00, 0x00, 0x00, 0x00, 0x00, 0x00, 0x00, 0x00, 0x00, 0x00, 0x00, 0x00, 0x00, 0x00, 0x00, 
    0x00, 0x00, 0x00, 0x00, 0x00, 0x00, 0x00, 0x00, 0xff, 0xff, 0xff, 0xff, 0xff, 0xff, 0xff, 0xff, 
    0xff, 0xff, 0xff, 0xff, 0xff, 0xff, 0xff, 0xff, 0xff, 0xff, 0xff, 0xff, 0xff, 0xff, 0xff, 0xff, 
    0xff, 0xff, 0xff, 0xff, 0xff, 0xff, 0xff, 0xff, 0xff, 0xff, 0xff, 0xff, 0xff, 0xff, 0xf9, 0x1b, 
    0x90, 0x00, 0x00, 0x1f, 0xff, 0xff, 0xff, 0xff, 0xff, 0xfe, 0x54, 0x16, 0xaf, 0xff, 0xff, 0xfe, 
    0xaa, 0x5a, 0xa9, 0x55, 0x40, 0x00, 0x00, 0x00, 0x00, 0x00, 0x00, 0x00, 0x00, 0x00, 0x00, 0x05, 
    0x55, 0x55, 0x9a, 0xbf, 0xff, 0xff, 0xff, 0xff, 0xff, 0xff, 0xfa, 0xaa, 0xaa, 0xaa, 0xaa, 0xaa, 
    0xaa, 0xaa, 0xaa, 0xaa, 0xaa, 0xaa, 0x40, 0x05, 0x51, 0x55, 0x46, 0xaa, 0xaa, 0xaa, 0xaa, 0xaa, 
    0xaa, 0xaa, 0xaa, 0x91, 0xa4, 0xaa, 0xaa, 0xaa, 0xaa, 0xaa, 0xaa, 0xaa, 0xaa, 0xa9, 0x46, 0xaa, 
    0x90, 0x00, 0x00, 0x00, 0x00, 0x00, 0x00, 0x01, 0xaa, 0xaa, 0xaf, 0xff, 0xf4, 0x80, 0x00, 0xbf, 
    0xff, 0xff, 0xfe, 0x00, 0x00, 0x00, 0x00, 0x00, 0x1f, 0xe0, 0x00, 0x00, 0x00, 0x00, 0x00, 0x00, 
    0x00, 0x00, 0x00, 0x00, 0x00, 0x00, 0x00, 0x00, 0x00, 0x00, 0x00, 0x00, 0x00, 0x00, 0x00, 0x00, 
    0x00, 0x00, 0x00, 0x00, 0x00, 0x00, 0x00, 0x00, 0x00, 0x00, 0x00, 0x00, 0x00, 0x00, 0x00, 0x00, 
    0x00, 0x00, 0x00, 0x00, 0x00, 0x00, 0x00, 0x00, 0x00, 0x00, 0x00, 0x00, 0x00, 0x00, 0x00, 0x00, 
    0xff, 0xff, 0xff, 0xff, 0xff, 0xff, 0xff, 0xff, 0xff, 0xff, 0xff, 0xff, 0xff, 0xff, 0xff, 0xff, 
    0xff, 0xff, 0xff, 0xff, 0xff, 0xff, 0xff, 0xff, 0xff, 0xff, 0xfa, 0xff, 0xff, 0xfa, 0xff, 0xff, 
    0xfe, 0xff, 0xff, 0xfa, 0xff, 0xff, 0xff, 0xd0, 0xb8, 0x00, 0x00, 0x02, 0xff, 0xff, 0xff, 0xff, 
    0xff, 0xff, 0xff, 0xe9, 0x40, 0x15, 0xab, 0xff, 0xff, 0xff, 0xe5, 0xaa, 0x55, 0x55, 0x00, 0x00, 
    0x00, 0x00, 0x00, 0x00, 0x00, 0x00, 0x7f, 0xff, 0xff, 0xff, 0xeb, 0xff, 0xff, 0xfa, 0xff, 0xff, 
    0xfb, 0xff, 0xfa, 0xaa, 0xaa, 0xaa, 0xaa, 0xaa, 0xaa, 0xaa, 0xaa, 0xaa, 0xaa, 0xaa, 0xa9, 0x00, 
    0x00, 0x01, 0x54, 0x2a, 0xaa, 0xaa, 0xaa, 0xaa, 0xaa, 0x6a, 0xaa, 0xa8, 0x29, 0x6a, 0xaa, 0xaa, 
    0xaa, 0xaa, 0xaa, 0xaa, 0xaa, 0xaa, 0x41, 0xaa, 0xa9, 0x00, 0x00, 0x00, 0x00, 0x00, 0x00, 0x00, 
    0x06, 0xaa, 0xaf, 0xff, 0xfc, 0x34, 0x00, 0x2f, 0xff, 0xff, 0xff, 0xc0, 0x00, 0x00, 0x00, 0x00, 
    0x07, 0xf8, 0x00, 0x00, 0x00, 0x00, 0x00, 0x00, 0x00, 0x00, 0x00, 0x00, 0x00, 0x00, 0x00, 0x00, 
    0x00, 0x00, 0x00, 0x00, 0x00, 0x00, 0x00, 0x00, 0x00, 0x00, 0x00, 0x00, 0x00, 0x00, 0x00, 0x00, 
    0x00, 0x00, 0x00, 0x00, 0x00, 0x00, 0x00, 0x00, 0x00, 0x00, 0x00, 0x00, 0x00, 0x00, 0x00, 0x00, 
    0x00, 0x00, 0x00, 0x00, 0x00, 0x00, 0x00, 0x00, 0xff, 0xff, 0xff, 0xff, 0xff, 0xff, 0xff, 0xff, 
    0xff, 0xff, 0xff, 0xff, 0xff, 0xff, 0xff, 0xff, 0xff, 0xff, 0xff, 0xff, 0xff, 0xff, 0xff, 0xff, 
    0xff, 0xff, 0xea, 0xbf, 0xff, 0xea, 0xbf, 0xff, 0xfa, 0xbf, 0xff, 0xfa, 0xbf, 0xff, 0xea, 0xf9, 
    0x0b, 0x80, 0x00, 0x00, 0x6a, 0xff, 0xff, 0xab, 0xff, 0xff, 0xef, 0xff, 0xff, 0x94, 0x40, 0x00, 
    0x15, 0x55, 0x6a, 0x45, 0xa9, 0x55, 0x00, 0x00, 0x00, 0x00, 0x00, 0x00, 0x00, 0x00, 0x07, 0xeb, 
    0xff, 0xff, 0xaa, 0xff, 0xff, 0xea, 0xff, 0xff, 0xeb, 0xff, 0xfa, 0xaa, 0xaa, 0xaa, 0xaa, 0xaa, 
    0xaa, 0xaa, 0xaa, 0xaa, 0xaa, 0xaa, 0xaa, 0x90, 0x00, 0x00, 0x05, 0x41, 0xaa, 0xaa, 0xaa, 0xaa, 
    0xaa, 0x2a, 0xaa, 0xaa, 0x06, 0x5a, 0xaa, 0xaa, 0xaa, 0xaa, 0xaa, 0xaa, 0xaa, 0xaa, 0xa0, 0x6a, 
    0xaa, 0x90, 0x00, 0x00, 0x00, 0x00, 0x00, 0x00, 0x00, 0x5a, 0xbf, 0xff, 0xfe, 0x1e, 0x00, 0x07, 
    0xff, 0xff, 0xff, 0xf0, 0x00, 0x00, 0x00, 0x00, 0x02, 0xfe, 0x00, 0x00, 0x00, 0x00, 0x00, 0x00, 
    0x00, 0x00, 0x00, 0x00, 0x00, 0x00, 0x00, 0x00, 0x00, 0x00, 0x00, 0x00, 0x00, 0x00, 0x00, 0x00, 
    0x00, 0x00, 0x00, 0x00, 0x00, 0x00, 0x00, 0x00, 0x00, 0x00, 0x00, 0x00, 0x00, 0x00, 0x00, 0x00, 
    0x00, 0x00, 0x00, 0x00, 0x00, 0x00, 0x00, 0x00, 0x00, 0x00, 0x00, 0x00, 0x00, 0x00, 0x00, 0x00, 
    0xff, 0xff, 0xff, 0xff, 0xff, 0xff, 0xff, 0xff, 0xff, 0xff, 0xff, 0xff, 0xff, 0xff, 0xff, 0xff, 
    0xff, 0xff, 0xff, 0xff, 0xff, 0xff, 0xff, 0xff, 0xff, 0xff, 0xea, 0xff, 0xff, 0xfa, 0xff, 0xff, 
    0xfa, 0xbf, 0xff, 0xfa, 0xbf, 0xff, 0xfa, 0xbf, 0x90, 0x78, 0x00, 0x00, 0x06, 0xff, 0xff, 0xaa, 
    0xff, 0xff, 0xff, 0xff, 0xff, 0xab, 0xff, 0xa9, 0x40, 0x00, 0x00, 0x15, 0x55, 0xaa, 0x94, 0x00, 
    0x00, 0x00, 0x00, 0x00, 0x00, 0x00, 0x00, 0x1b, 0xff, 0xff, 0xeb, 0xff, 0xff, 0xea, 0xff, 0xff, 
    0xfb, 0xff, 0xfe, 0xaa, 0xaa, 0xaa, 0xaa, 0xaa, 0xaa, 0xaa, 0xaa, 0xaa, 0xaa, 0xaa, 0xaa, 0xaa, 
    0x40, 0x00, 0x00, 0x14, 0x1a, 0xaa, 0xaa, 0xaa, 0xa9, 0x6a, 0xaa, 0xaa, 0x90, 0x96, 0xaa, 0xaa, 
    0xaa, 0xaa, 0xaa, 0xaa, 0xaa, 0xaa, 0xa8, 0x0a, 0xaa, 0xaa, 0x00, 0x00, 0x00, 0x00, 0x00, 0x00, 
    0x00, 0x01, 0xbf, 0xff, 0xff, 0x4b, 0xc0, 0x01, 0xff, 0xff, 0xff, 0xfc, 0x00, 0x00, 0x00, 0x00, 
    0x00, 0xbf, 0x80, 0x00, 0x00, 0x00, 0x00, 0x00, 0x00, 0x00, 0x00, 0x00, 0x00, 0x00, 0x00, 0x00, 
    0x00, 0x00, 0x00, 0x00, 0x00, 0x00, 0x00, 0x00, 0x00, 0x00, 0x00, 0x00, 0x00, 0x00, 0x00, 0x00, 
    0x00, 0x00, 0x00, 0x00, 0x00, 0x00, 0x00, 0x00, 0x00, 0x00, 0x00, 0x00, 0x00, 0x00, 0x00, 0x00, 
    0x00, 0x00, 0x00, 0x00, 0x00, 0x00, 0x00, 0x00, 0xff, 0xff, 0xff, 0xff, 0xff, 0xff, 0xff, 0xff, 
    0xff, 0xff, 0xff, 0xff, 0xff, 0xff, 0xff, 0xff, 0xff, 0xff, 0xff, 0xff, 0xff, 0xff, 0xff, 0xff, 
    0xff, 0xff, 0xfa, 0xff, 0xff, 0xff, 0xff, 0xff, 0xfe, 0xff, 0xff, 0xff, 0xff, 0xff, 0xff, 0xff, 
    0xfe, 0x07, 0x80, 0x00, 0x01, 0xff, 0xff, 0xeb, 0xff, 0xff, 0xff, 0xff, 0xff, 0xab, 0xff, 0xff, 
    0xea, 0xba, 0x95, 0x40, 0x00, 0x16, 0xaa, 0x94, 0x00, 0x00, 0x00, 0x00, 0x00, 0x00, 0x00, 0x01, 
    0xff, 0xff, 0xff, 0xff, 0xff, 0xff, 0xff, 0xff, 0xff, 0xff, 0xfe, 0xaa, 0xaa, 0xaa, 0xaa, 0xaa, 
    0xaa, 0xaa, 0xaa, 0xaa, 0xaa, 0xaa, 0xaa, 0xaa, 0xa4, 0x00, 0x00, 0x00, 0x41, 0xaa, 0xaa, 0xaa, 
    0xa8, 0xaa, 0xaa, 0xaa, 0xa4, 0x25, 0xaa, 0xaa, 0xaa, 0xaa, 0xaa, 0xaa, 0xaa, 0xaa, 0xaa, 0x42, 
    0xaa, 0xaa, 0xa4, 0x00, 0x00, 0x00, 0x00, 0x00, 0x00, 0x00, 0x07, 0xff, 0xff, 0xc3, 0xf4, 0x00, 
    0x7f, 0xff, 0xff, 0xff, 0x00, 0x00, 0x00, 0x00, 0x00, 0x2f, 0xe0, 0x00, 0x00, 0x00, 0x00, 0x00, 
    0x00, 0x00, 0x00, 0x00, 0x00, 0x00, 0x00, 0x00, 0x00, 0x00, 0x00, 0x00, 0x00, 0x00, 0x00, 0x00, 
    0x00, 0x00, 0x00, 0x00, 0x00, 0x00, 0x00, 0x00, 0x00, 0x00, 0x00, 0x00, 0x00, 0x00, 0x00, 0x00, 
    0x00, 0x00, 0x00, 0x00, 0x00, 0x00, 0x00, 0x00, 0x00, 0x00, 0x00, 0x00, 0x00, 0x00, 0x00, 0x00, 
    0xff, 0xff, 0xff, 0xff, 0xff, 0xff, 0xff, 0xff, 0xff, 0xff, 0xff, 0xff, 0xff, 0xff, 0xff, 0xff, 
    0xff, 0xff, 0xff, 0xff, 0xff, 0xff, 0xff, 0xff, 0xff, 0xff, 0xff, 0xff, 0xff, 0xff, 0xff, 0xff, 
    0xff, 0xff, 0xff, 0xff, 0xff, 0xff, 0xff, 0xff, 0xff, 0xe0, 0x78, 0x00, 0x00, 0x2f, 0xff, 0xff, 
    0xff, 0xff, 0xff, 0xff, 0xff, 0xff, 0xff, 0xff, 0xff, 0xff, 0xff, 0xfb, 0xff, 0xf9, 0x16, 0xaa, 
    0x54, 0x00, 0x00, 0x00, 0x00, 0x00, 0x00, 0x00, 0x2f, 0xff, 0xff, 0xff, 0xff, 0xff, 0xff, 0xff, 
    0xff, 0xff, 0xfe, 0xaa, 0xaa, 0xaa, 0xaa, 0xaa, 0xaa, 0xaa, 0xaa, 0xaa, 0xa9, 0xaa, 0xaa, 0xaa, 
    0xaa, 0x90, 0x00, 0x00, 0x00, 0x06, 0xaa, 0xaa, 0xa0, 0xaa, 0xaa, 0xaa, 0xaa, 0x05, 0x6a, 0xaa, 
    0xaa, 0xaa, 0xaa, 0xaa, 0xaa, 0xaa, 0xaa, 0x90, 0xaa, 0xaa, 0xaa, 0x40, 0x00, 0x00, 0x00, 0x00, 
    0x00, 0x00, 0x00, 0x1b, 0xff, 0xf1, 0xfd, 0x00, 0x0f, 0xff, 0xff, 0xff, 0xc0, 0x00, 0x00, 0x00, 
    0x00, 0x0b, 0xf8, 0x00, 0x00, 0x00, 0x00, 0x00, 0x00, 0x00, 0x00, 0x00, 0x00, 0x00, 0x00, 0x00, 
    0x00, 0x00, 0x00, 0x00, 0x00, 0x00, 0x00, 0x00, 0x00, 0x00, 0x00, 0x00, 0x00, 0x00, 0x00, 0x00, 
    0x00, 0x00, 0x00, 0x00, 0x00, 0x00, 0x00, 0x00, 0x00, 0x00, 0x00, 0x00, 0x00, 0x00, 0x00, 0x00, 
    0x00, 0x00, 0x00, 0x00, 0x00, 0x00, 0x00, 0x00, 0xff, 0xff, 0xff, 0xff, 0xff, 0xff, 0xff, 0xff, 
    0xff, 0xff, 0xff, 0xff, 0xff, 0xff, 0xff, 0xff, 0xff, 0xff, 0xff, 0xff, 0xff, 0xff, 0xff, 0xff, 
    0xff, 0xff, 0xff, 0xff, 0xff, 0xff, 0xff, 0xff, 0xff, 0xff, 0xff, 0xff, 0xff, 0xff, 0xff, 0xff, 
    0xff, 0xfe, 0x06, 0x80, 0x00, 0x07, 0xff, 0xff, 0xff, 0xff, 0xff, 0xff, 0xff, 0xff, 0xff, 0xff, 
    0xff, 0xff, 0xff, 0xff, 0xff, 0xff, 0xf4, 0x16, 0xaa, 0x40, 0x00, 0x00, 0x00, 0x00, 0x00, 0x00, 
    0x00, 0xbf, 0xff, 0xff, 0xff, 0xff, 0xff, 0xff, 0xff, 0xff, 0xfe, 0xaa, 0xaa, 0xaa, 0xaa, 0xaa, 
    0xaa, 0xaa, 0xaa, 0xaa, 0xa9, 0xaa, 0xaa, 0xaa, 0xaa, 0xaa, 0x40, 0x00, 0x00, 0x00, 0x6a, 0xaa, 
    0x81, 0xaa, 0xaa, 0xaa, 0xaa, 0x91, 0x9a, 0xaa, 0xaa, 0xaa, 0xaa, 0xaa, 0xaa, 0xaa, 0xaa, 0xa8, 
    0x2a, 0xaa, 0xa5, 0xa4, 0x00, 0x00, 0x00, 0x00, 0x00, 0x00, 0x00, 0x00, 0x6f, 0xf8, 0x7f, 0x80, 
    0x02, 0xff, 0xff, 0xff, 0xf0, 0x00, 0x00, 0x00, 0x00, 0x02, 0xfe, 0x00, 0x00, 0x00, 0x00, 0x00, 
    0x00, 0x00, 0x00, 0x00, 0x00, 0x00, 0x00, 0x00, 0x00, 0x00, 0x00, 0x00, 0x00, 0x00, 0x00, 0x00, 
    0x00, 0x00, 0x00, 0x00, 0x00, 0x00, 0x00, 0x00, 0x00, 0x00, 0x00, 0x00, 0x00, 0x00, 0x00, 0x00, 
    0x00, 0x00, 0x00, 0x00, 0x00, 0x00, 0x00, 0x00, 0x00, 0x00, 0x00, 0x00, 0x00, 0x00, 0x00, 0x00, 
    0xff, 0xff, 0xff, 0xff, 0xff, 0xff, 0xff, 0xff, 0xff, 0xff, 0xff, 0xff, 0xff, 0xff, 0xff, 0xff, 
    0xff, 0xff, 0xff, 0xff, 0xff, 0xff, 0xff, 0xff, 0xff, 0xff, 0xff, 0xff, 0xaf, 0xff, 0xff, 0xaf, 
    0xff, 0xff, 0xef, 0xff, 0xff, 0xfb, 0xff, 0xff, 0xff, 0xff, 0xe4, 0x68, 0x00, 0x00, 0x7f, 0xff, 
    0xff, 0xff, 0xff, 0xff, 0xff, 0xff, 0xff, 0xff, 0xff, 0xff, 0xff, 0xff, 0xff, 0xff, 0xff, 0xe4, 
    0x16, 0xa9, 0x00, 0x00, 0x00, 0x00, 0x00, 0x00, 0x00, 0x1f, 0xff, 0xfe, 0xbf, 0xff, 0xff, 0xaf, 
    0xff, 0xff, 0xff, 0xaa, 0xaa, 0xaa, 0xaa, 0xaa, 0xaa, 0xaa, 0xaa, 0xaa, 0xa6, 0xaa, 0xaa, 0xaa, 
    0xaa, 0xaa, 0xa4, 0x00, 0x00, 0x00, 0x06, 0xaa, 0x02, 0xaa, 0xaa, 0xaa, 0xaa, 0xa4, 0x26, 0xaa, 
    0xaa, 0xaa, 0xaa, 0xaa, 0xaa, 0xaa, 0xaa, 0xaa, 0x0a, 0xaa, 0xa9, 0x06, 0x40, 0x00, 0x00, 0x00, 
    0x00, 0x00, 0x00, 0x00, 0x00, 0xbd, 0x3f, 0xf0, 0x00, 0xbf, 0xff, 0xff, 0xfc, 0x00, 0x00, 0x00, 
    0x00, 0x00, 0xbf, 0x80, 0x00, 0x00, 0x00, 0x00, 0x00, 0x00, 0x00, 0x00, 0x00, 0x00, 0x00, 0x00, 
    0x00, 0x00, 0x00, 0x00, 0x00, 0x00, 0x00, 0x00, 0x00, 0x00, 0x00, 0x00, 0x00, 0x00, 0x00, 0x00, 
    0x00, 0x00, 0x00, 0x00, 0x00, 0x00, 0x00, 0x00, 0x00, 0x00, 0x00, 0x00, 0x00, 0x00, 0x00, 0x00, 
    0x00, 0x00, 0x00, 0x00, 0x00, 0x00, 0x00, 0x00, 0xff, 0xff, 0xff, 0xff, 0xff, 0xff, 0xff, 0xff, 
    0xff, 0xff, 0xff, 0xff, 0xff, 0xff, 0xff, 0xff, 0xff, 0xff, 0xff, 0xff, 0xff, 0xff, 0xff, 0xff, 
    0xff, 0xef, 0xff, 0xfe, 0xab, 0xff, 0xff, 0xab, 0xff, 0xff, 0xab, 0xff, 0xff, 0xab, 0xff, 0xff, 
    0xff, 0xff, 0xff, 0x42, 0x40, 0x00, 0x07, 0xff, 0xff, 0xff, 0xaf, 0xff, 0xff, 0xff, 0xea, 0xff, 
    0xff, 0xfa, 0xbf, 0xff, 0xfa, 0xbf, 0xff, 0xfe, 0x94, 0x16, 0xa5, 0x00, 0x00, 0x00, 0x00, 0x00, 
    0x00, 0x00, 0xbf, 0xfe, 0xaf, 0xff, 0xff, 0xab, 0xff, 0xff, 0xff, 0xaa, 0xaa, 0xaa, 0xaa, 0xaa, 
    0xaa, 0xaa, 0xaa, 0xaa, 0x9a, 0xaa, 0xaa, 0xaa, 0xaa, 0xaa, 0xaa, 0x90, 0x00, 0x00, 0x00, 0x19, 
    0x06, 0xaa, 0xaa, 0xaa, 0xaa, 0xaa, 0x05, 0xaa, 0xaa, 0xaa, 0xaa, 0xaa, 0xaa, 0xaa, 0xaa, 0xaa, 
    0x91, 0xaa, 0xaa, 0x40, 0x64, 0x00, 0x00, 0x00, 0x00, 0x00, 0x00, 0x00, 0x00, 0x01, 0x0f, 0xfd, 
    0x00, 0x1f, 0xff, 0xff, 0xff, 0x40, 0x00, 0x00, 0x00, 0x00, 0x2f, 0xf4, 0x00, 0x00, 0x00, 0x00, 
    0x00, 0x00, 0x00, 0x00, 0x00, 0x00, 0x00, 0x00, 0x00, 0x00, 0x00, 0x00, 0x00, 0x00, 0x00, 0x00, 
    0x00, 0x00, 0x00, 0x00, 0x00, 0x00, 0x00, 0x00, 0x00, 0x00, 0x00, 0x00, 0x00, 0x00, 0x00, 0x00, 
    0x00, 0x00, 0x00, 0x00, 0x00, 0x00, 0x00, 0x00, 0x00, 0x00, 0x00, 0x00, 0x00, 0x00, 0x00, 0x00, 
    0xff, 0xff, 0xff, 0xff, 0xff, 0xff, 0xff, 0xff, 0xff, 0xff, 0xff, 0xff, 0xff, 0xff, 0xff, 0xff, 
    0xff, 0xff, 0xff, 0xff, 0xff, 0xff, 0xff, 0xff, 0xff, 0xff, 0xff, 0xfe, 0xab, 0xff, 0xff, 0xab, 
    0xff, 0xff, 0xab, 0xff, 0xff, 0xab, 0xff, 0xff, 0xfe, 0xbf, 0xff, 0xf4, 0x10, 0x00, 0x00, 0xbf, 
    0xff, 0xfe, 0xab, 0xff, 0xff, 0xff, 0xea, 0xbf, 0xff, 0xfa, 0xbf, 0xff, 0xfa, 0xbf, 0xff, 0xfe, 
    0xaf, 0xe4, 0x15, 0x54, 0x00, 0x00, 0x00, 0x00, 0x00, 0x00, 0x06, 0xfe, 0xaf, 0xff, 0xff, 0xab, 
    0xff, 0xff, 0xff, 0xaa, 0xaa, 0xaa, 0xaa, 0xaa, 0xaa, 0xaa, 0xaa, 0xaa, 0x5a, 0xaa, 0xaa, 0xaa, 
    0xaa, 0xaa, 0xaa, 0xaa, 0x40, 0x00, 0x00, 0x00, 0x0a, 0xaa, 0xaa, 0xaa, 0xaa, 0xaa, 0x81, 0x6a, 
    0xaa, 0xaa, 0xaa, 0xaa, 0xaa, 0xaa, 0xaa, 0xaa, 0xa4, 0x6a, 0xaa, 0x80, 0x06, 0x80, 0x00, 0x00, 
    0x00, 0x00, 0x00, 0x00, 0x00, 0x00, 0x07, 0xff, 0x80, 0x02, 0xff, 0xff, 0xff, 0xd0, 0x00, 0x00, 
    0x00, 0x00, 0x07, 0xfd, 0x00, 0x00, 0x00, 0x00, 0x00, 0x00, 0x00, 0x00, 0x00, 0x00, 0x00, 0x00, 
    0x00, 0x00, 0x00, 0x00, 0x00, 0x00, 0x00, 0x00, 0x00, 0x00, 0x00, 0x00, 0x00, 0x00, 0x00, 0x00, 
    0x00, 0x00, 0x00, 0x00, 0x00, 0x00, 0x00, 0x00, 0x00, 0x00, 0x00, 0x00, 0x00, 0x00, 0x00, 0x00, 
    0x00, 0x00, 0x00, 0x00, 0x00, 0x00, 0x00, 0x00, 0xff, 0xff, 0xff, 0xff, 0xff, 0xff, 0xff, 0xff, 
    0xff, 0xff, 0xff, 0xff, 0xff, 0xff, 0xff, 0xff, 0xff, 0xff, 0xff, 0xff, 0xff, 0xff, 0xff, 0xff, 
    0xff, 0xff, 0xff, 0xff, 0xff, 0xff, 0xff, 0xef, 0xff, 0xff, 0xff, 0xff, 0xff, 0xff, 0xff, 0xff, 
    0xff, 0xff, 0xff, 0xff, 0x41, 0x40, 0x00, 0x1f, 0xff, 0xff, 0xab, 0xff, 0xff, 0xff, 0xea, 0xff, 
    0xff, 0xfa, 0xff, 0xff, 0xfe, 0xff, 0xff, 0xff, 0xff, 0xff, 0x90, 0x55, 0x50, 0x00, 0x00, 0x00, 
    0x00, 0x00, 0x00, 0x2f, 0xbf, 0xff, 0xff, 0xff, 0xff, 0xff, 0xff, 0xea, 0xaa, 0xaa, 0xaa, 0xaa, 
    0xaa, 0xaa, 0xaa, 0xa8, 0x6a, 0xaa, 0xaa, 0xaa, 0xaa, 0xaa, 0xaa, 0xaa, 0xa9, 0x00, 0x00, 0x00, 
    0x06, 0xaa, 0xaa, 0xaa, 0xaa, 0xaa, 0xa4, 0x5a, 0xaa, 0xaa, 0xaa, 0xaa, 0xaa, 0xaa, 0xaa, 0xaa, 
    0xaa, 0x1a, 0xaa, 0xa0, 0x00, 0x69, 0x00, 0x00, 0x00, 0x00, 0x00, 0x00, 0x00, 0x00, 0x01, 0x56, 
    0xf0, 0x00, 0x7f, 0xff, 0xff, 0xf4, 0x00, 0x00, 0x00, 0x00, 0x01, 0xff, 0x40, 0x00, 0x00, 0x00, 
    0x00, 0x00, 0x00, 0x00, 0x00, 0x00, 0x00, 0x00, 0x00, 0x00, 0x00, 0x00, 0x00, 0x00, 0x00, 0x00, 
    0x00, 0x00, 0x00, 0x00, 0x00, 0x00, 0x00, 0x00, 0x00, 0x00, 0x00, 0x00, 0x00, 0x00, 0x00, 0x00, 
    0x00, 0x00, 0x00, 0x00, 0x00, 0x00, 0x00, 0x00, 0x00, 0x00, 0x00, 0x00, 0x00, 0x00, 0x05, 0x5a, 
    0xff, 0xff, 0xff, 0xff, 0xff, 0xff, 0xff, 0xff, 0xff, 0xff, 0xff, 0xff, 0xff, 0xff, 0xff, 0xff, 
    0xff, 0xff, 0xff, 0xff, 0xff, 0xff, 0xff, 0xff, 0xff, 0xff, 0xff, 0xff, 0xff, 0xff, 0xff, 0xff, 
    0xff, 0xff, 0xff, 0xff, 0xff, 0xff, 0xff, 0xff, 0xff, 0xff, 0xff, 0xff, 0xf8, 0x14, 0x00, 0x01, 
    0xff, 0xff, 0xff, 0xff, 0xff, 0xff, 0xff, 0xff, 0xff, 0xff, 0xff, 0xff, 0xff, 0xff, 0xff, 0xff, 
    0xff, 0xff, 0xff, 0x90, 0x55, 0x50, 0x00, 0x00, 0x00, 0x00, 0x00, 0x01, 0xbf, 0xff, 0xff, 0xff, 
    0xff, 0xff, 0xff, 0xea, 0xaa, 0xaa, 0xaa, 0xaa, 0xaa, 0xaa, 0xaa, 0xa1, 0xaa, 0xaa, 0xaa, 0xaa, 
    0xaa, 0xaa, 0xaa, 0xaa, 0xaa, 0x90, 0x00, 0x00, 0x00, 0x1a, 0xaa, 0xaa, 0xaa, 0xaa, 0xa9, 0x16, 
    0xaa, 0xaa, 0xaa, 0xaa, 0xaa, 0xaa, 0xaa, 0xaa, 0xaa, 0x82, 0xaa, 0xa8, 0x00, 0x02, 0x90, 0x00, 
    0x00, 0x00, 0x00, 0x00, 0x00, 0x00, 0x01, 0xa9, 0x10, 0x00, 0x0f, 0xff, 0xff, 0xfe, 0x00, 0x00, 
    0x00, 0x00, 0x00, 0x7f, 0xe0, 0x00, 0x00, 0x00, 0x00, 0x00, 0x00, 0x00, 0x00, 0x00, 0x00, 0x00, 
    0x00, 0x00, 0x00, 0x00, 0x00, 0x00, 0x00, 0x00, 0x00, 0x00, 0x00, 0x00, 0x00, 0x00, 0x00, 0x00, 
    0x00, 0x00, 0x00, 0x00, 0x00, 0x00, 0x00, 0x00, 0x00, 0x00, 0x00, 0x00, 0x00, 0x00, 0x00, 0x00, 
    0x00, 0x00, 0x00, 0x15, 0x5a, 0xaa, 0xaa, 0xaa, 0xff, 0xff, 0xff, 0xff, 0xff, 0xff, 0xff, 0xff, 
    0xff, 0xff, 0xff, 0xff, 0xff, 0xff, 0xff, 0xff, 0xff, 0xff, 0xff, 0xff, 0xff, 0xff, 0xff, 0xff, 
    0xff, 0xff, 0xff, 0xff, 0xff, 0xff, 0xff, 0xff, 0xff, 0xff, 0xff, 0xff, 0xff, 0xff, 0xff, 0xff, 
    0xff, 0xff, 0xff, 0xff, 0xff, 0x91, 0x40, 0x00, 0x1a, 0xff, 0xff, 0xff, 0xff, 0xff, 0xff, 0xff, 
    0xff, 0xff, 0xff, 0xff, 0xff, 0xff, 0xff, 0xff, 0xff, 0xff, 0xff, 0xfe, 0x40, 0x55, 0x40, 0x00, 
    0x00, 0x00, 0x00, 0x00, 0x07, 0xff, 0xff, 0xff, 0xff, 0xff, 0xff, 0xea, 0xaa, 0xaa, 0xaa, 0xaa, 
    0xaa, 0xaa, 0xaa, 0x46, 0xaa, 0xaa, 0xaa, 0xaa, 0xaa, 0xaa, 0xaa, 0xaa, 0xaa, 0xaa, 0x40, 0x00, 
    0x00, 0x01, 0xaa, 0xaa, 0xaa, 0xaa, 0xaa, 0x85, 0xaa, 0xaa, 0xaa, 0xaa, 0xaa, 0xaa, 0xaa, 0xaa, 
    0xaa, 0xa4, 0xaa, 0xa9, 0x00, 0x00, 0x1a, 0x40, 0x00, 0x00, 0x00, 0x00, 0x01, 0x55, 0x54, 0x6a, 
    0xa4, 0x00, 0x00, 0x05, 0x6a, 0x6a, 0x00, 0x00, 0x00, 0x00, 0x00, 0x0f, 0xf9, 0x00, 0x00, 0x00, 
    0x00, 0x00, 0x00, 0x00, 0x00, 0x00, 0x00, 0x00, 0x00, 0x00, 0x00, 0x00, 0x00, 0x00, 0x00, 0x00, 
    0x00, 0x00, 0x00, 0x00, 0x00, 0x00, 0x00, 0x00, 0x00, 0x00, 0x00, 0x00, 0x00, 0x00, 0x00, 0x00, 
    0x00, 0x00, 0x00, 0x00, 0x00, 0x00, 0x01, 0x55, 0x6a, 0xaa, 0xaa, 0xaa, 0xaa, 0xaa, 0xaa, 0xaa, 
    0xff, 0xff, 0xff, 0xff, 0xff, 0xff, 0xff, 0xff, 0xff, 0xff, 0xff, 0xff, 0xff, 0xff, 0xff, 0xff, 
    0xff, 0xff, 0xff, 0xff, 0xff, 0xff, 0xff, 0xff, 0xff, 0xff, 0xfa, 0xff, 0xff, 0xfe, 0xff, 0xff, 
    0xfa, 0xff, 0xff, 0xff, 0xff, 0xff, 0xfa, 0xff, 0xff, 0xff, 0xff, 0xff, 0xff, 0xf9, 0x10, 0x00, 
    0x00, 0x7f, 0xff, 0xff, 0xff, 0xff, 0xff, 0xff, 0xff, 0xff, 0xff, 0xff, 0xff, 0xff, 0xff, 0xff, 
    0xff, 0xeb, 0xff, 0xff, 0xfe, 0x40, 0x55, 0x40, 0x00, 0x00, 0x00, 0x00, 0x00, 0x1a, 0xff, 0xff, 
    0xff, 0xff, 0xff, 0xfa, 0xaa, 0xaa, 0xaa, 0xaa, 0xaa, 0xaa, 0xa9, 0x2a, 0xaa, 0xaa, 0xaa, 0xaa, 
    0xaa, 0xaa, 0xaa, 0xaa, 0xaa, 0xaa, 0x90, 0x00, 0x00, 0x00, 0x06, 0xaa, 0xaa, 0xaa, 0xaa, 0xa0, 
    0x6a, 0xaa, 0xaa, 0xaa, 0xaa, 0xaa, 0xaa, 0xaa, 0xaa, 0xa9, 0x2a, 0xaa, 0x40, 0x00, 0x01, 0xb4, 
    0x00, 0x00, 0x00, 0x00, 0x01, 0x55, 0x54, 0x1a, 0xaa, 0x40, 0x00, 0x00, 0x00, 0x00, 0x00, 0x00, 
    0x00, 0x00, 0x00, 0x02, 0xff, 0x50, 0x00, 0x00, 0x00, 0x00, 0x00, 0x00, 0x00, 0x00, 0x00, 0x00, 
    0x00, 0x00, 0x00, 0x00, 0x00, 0x00, 0x00, 0x00, 0x00, 0x00, 0x00, 0x00, 0x00, 0x00, 0x00, 0x00, 
    0x00, 0x00, 0x00, 0x00, 0x00, 0x00, 0x00, 0x00, 0x00, 0x00, 0x15, 0x55, 0xaa, 0xaa, 0xaa, 0xaa, 
    0xaa, 0xaa, 0xaa, 0xaa, 0xaa, 0xaa, 0xaa, 0xaa, 0xff, 0xff, 0xff, 0xff, 0xff, 0xff, 0xff, 0xff, 
    0xff, 0xff, 0xff, 0xff, 0xff, 0xff, 0xff, 0xff, 0xff, 0xff, 0xff, 0xff, 0xff, 0xff, 0xff, 0xff, 
    0xff, 0xff, 0xea, 0xff, 0xff, 0xfa, 0xbf, 0xff, 0xfa, 0xbf, 0xff, 0xfa, 0xbf, 0xff, 0xea, 0xff, 
    0xff, 0xff, 0xfb, 0xff, 0xff, 0xfe, 0x90, 0x00, 0x00, 0x1f, 0xff, 0xff, 0xfa, 0xbf, 0xff, 0xff, 
    0xaf, 0xff, 0xff, 0xab, 0xff, 0xff, 0xab, 0xff, 0xff, 0xab, 0xff, 0xff, 0xab, 0xfe, 0x40, 0x55, 
    0x00, 0x00, 0x00, 0x00, 0x00, 0x00, 0x7f, 0xff, 0xff, 0xff, 0xff, 0xfa, 0xaa, 0xaa, 0xaa, 0xaa, 
    0xaa, 0xaa, 0x91, 0xaa, 0xaa, 0xaa, 0xaa, 0xaa, 0xaa, 0xaa, 0xaa, 0xaa, 0xaa, 0xaa, 0x40, 0x14, 
    0x00, 0x00, 0x00, 0x1a, 0xaa, 0xaa, 0xaa, 0xa8, 0x2a, 0xaa, 0xaa, 0xaa, 0xaa, 0xaa, 0xaa, 0xaa, 
    0xaa, 0xaa, 0x4a, 0xaa, 0x80, 0x00, 0x00, 0x07, 0x80, 0x00, 0x00, 0x00, 0x00, 0x14, 0x00, 0x06, 
    0xaa, 0xa4, 0x00, 0x00, 0x00, 0x00, 0x00, 0x00, 0x00, 0x00, 0x00, 0x00, 0xbf, 0xe0, 0x00, 0x00, 
    0x00, 0x00, 0x00, 0x00, 0x00, 0x00, 0x00, 0x00, 0x00, 0x00, 0x00, 0x00, 0x00, 0x00, 0x00, 0x00, 
    0x00, 0x00, 0x00, 0x00, 0x00, 0x00, 0x00, 0x00, 0x00, 0x00, 0x00, 0x15, 0x55, 0x55, 0x9a, 0xaa, 
    0xaa, 0xaa, 0xaa, 0xaa, 0xaa, 0xaa, 0xaa, 0xaa, 0xaa, 0xaa, 0xaa, 0xaa, 0xaa, 0xaa, 0xaa, 0xaa, 
    0xff, 0xff, 0xff, 0xff, 0xff, 0xff, 0xff, 0xff, 0xff, 0xff, 0xff, 0xff, 0xff, 0xff, 0xff, 0xff, 
    0xff, 0xff, 0xff, 0xff, 0xff, 0xff, 0xff, 0xff, 0xff, 0xff, 0xea, 0xff, 0xff, 0xfa, 0xbf, 0xff, 
    0xfa, 0xbf, 0xff, 0xfa, 0xff, 0xff, 0xfa, 0xff, 0xff, 0xff, 0xfa, 0xff, 0xff, 0xfa, 0xae, 0x00, 
    0x00, 0x03, 0xff, 0xff, 0xfa, 0xbf, 0xff, 0xfe, 0xaf, 0xff, 0xff, 0xab, 0xff, 0xff, 0xaf, 0xff, 
    0xff, 0xab, 0xff, 0xff, 0xab, 0xff, 0xfe, 0x00, 0x00, 0x00, 0x00, 0x00, 0x00, 0x00, 0x06, 0xff, 
    0xff, 0xff, 0xff, 0xfa, 0xaa, 0xaa, 0xaa, 0xaa, 0xaa, 0xaa, 0x0a, 0xaa, 0xaa, 0xaa, 0xaa, 0xaa, 
    0xaa, 0xaa, 0xaa, 0xaa, 0xaa, 0xa8, 0x00, 0xaa, 0x90, 0x00, 0x00, 0x00, 0x6a, 0xaa, 0xaa, 0xaa, 
    0x5a, 0xaa, 0xaa, 0xaa, 0xaa, 0xaa, 0xaa, 0xaa, 0xaa, 0xaa, 0x91, 0xaa, 0xa0, 0x00, 0x00, 0x01, 
    0x69, 0x00, 0x00, 0x00, 0x00, 0x00, 0x00, 0x02, 0xaa, 0xa9, 0x10, 0x00, 0x00, 0x00, 0x00, 0x00, 
    0x00, 0x00, 0x00, 0x00, 0x1f, 0xf9, 0x00, 0x00, 0x00, 0x00, 0x00, 0x00, 0x00, 0x00, 0x00, 0x00, 
    0x00, 0x00, 0x00, 0x00, 0x00, 0x00, 0x00, 0x00, 0x00, 0x00, 0x00, 0x00, 0x00, 0x00, 0x00, 0x00, 
    0x00, 0x00, 0x01, 0xaa, 0xaa, 0xaa, 0xaa, 0xaa, 0xaa, 0xaa, 0xaa, 0xaa, 0xaa, 0xaa, 0xaa, 0xaa, 
    0xaa, 0xaa, 0xaa, 0xaa, 0xaa, 0xaa, 0xaa, 0xaa, 0xff, 0xff, 0xff, 0xff, 0xff, 0xff, 0xff, 0xff, 
    0xff, 0xff, 0xff, 0xff, 0xff, 0xff, 0xff, 0xff, 0xff, 0xff, 0xff, 0xff, 0xff, 0xff, 0xff, 0xff, 
    0xff, 0xff, 0xfb, 0xff, 0xff, 0xfa, 0xff, 0xff, 0xfe, 0xff, 0xff, 0xff, 0xff, 0xff, 0xff, 0xff, 
    0xff, 0xff, 0xff, 0xff, 0xff, 0xfe, 0xbf, 0xe4, 0x00, 0x00, 0x6f, 0xff, 0xfa, 0xbf, 0xff, 0xfe, 
    0xaf, 0xff, 0xff, 0xeb, 0xff, 0xff, 0xff, 0xff, 0xff, 0xff, 0xff, 0xff, 0xef, 0xff, 0xff, 0xea, 
    0x40, 0x00, 0x00, 0x00, 0x00, 0x00, 0x00, 0x1b, 0xff, 0xff, 0xff, 0xfe, 0xaa, 0xaa, 0xaa, 0xaa, 
    0xaa, 0xa0, 0x6a, 0xaa, 0xaa, 0xaa, 0xaa, 0xaa, 0xaa, 0xaa, 0xaa, 0xaa, 0xaa, 0x96, 0x86, 0xaa, 
    0xaa, 0x50, 0x00, 0x00, 0x01, 0xaa, 0xaa, 0xaa, 0x92, 0xaa, 0xaa, 0xaa, 0xaa, 0xaa, 0xaa, 0xaa, 
    0xaa, 0xaa, 0xa4, 0x6a, 0xa8, 0x00, 0x00, 0x00, 0x41, 0x50, 0x00, 0x00, 0x00, 0x00, 0x00, 0x00, 
    0xaa, 0xaa, 0x80, 0x00, 0x00, 0x00, 0x00, 0x00, 0x00, 0x00, 0x00, 0x00, 0x03, 0xff, 0x40, 0x00, 
    0x00, 0x00, 0x00, 0x00, 0x00, 0x00, 0x00, 0x00, 0x00, 0x00, 0x00, 0x00, 0x00, 0x00, 0x00, 0x00, 
    0x00, 0x00, 0x00, 0x00, 0x00, 0x00, 0x00, 0x00, 0x00, 0x00, 0x1a, 0xaa, 0xaa, 0xaa, 0xaa, 0xaa, 
    0xaa, 0xaa, 0xaa, 0xaa, 0xaa, 0xaa, 0xaa, 0xaa, 0xaa, 0xaa, 0xaa, 0xaa, 0xaa, 0xaa, 0xaa, 0x90, 
    0xff, 0xff, 0xff, 0xff, 0xff, 0xff, 0xff, 0xff, 0xff, 0xff, 0xff, 0xff, 0xff, 0xff, 0xff, 0xff, 
    0xff, 0xff, 0xff, 0xff, 0xff, 0xff, 0xff, 0xff, 0xff, 0xff, 0xff, 0xff, 0xff, 0xff, 0xff, 0xff, 
    0xff, 0xff, 0xff, 0xff, 0xff, 0xff, 0xff, 0xff, 0xff, 0xff, 0xff, 0xff, 0xff, 0xff, 0xff, 0xff, 
    0x80, 0x00, 0x02, 0xff, 0xff, 0xff, 0xff, 0xff, 0xff, 0xff, 0xff, 0xff, 0xff, 0xff, 0xff, 0xff, 
    0xff, 0xff, 0xff, 0xff, 0xff, 0xff, 0xff, 0xff, 0xfe, 0x40, 0x00, 0x00, 0x00, 0x00, 0x00, 0x00, 
    0x1b, 0xff, 0xff, 0xfe, 0xaa, 0xaa, 0xaa, 0xaa, 0xa9, 0x06, 0xaa, 0xaa, 0xaa, 0xaa, 0xaa, 0xaa, 
    0xaa, 0xaa, 0xaa, 0xaa, 0xaa, 0x6a, 0xaa, 0xaa, 0xaa, 0xaa, 0x50, 0x00, 0x00, 0x01, 0xaa, 0xaa, 
    0xa0, 0xaa, 0xaa, 0xaa, 0xaa, 0xaa, 0xaa, 0xaa, 0xaa, 0xaa, 0xa9, 0x1a, 0xa9, 0x00, 0x00, 0x00, 
    0x03, 0xe4, 0x00, 0x00, 0x00, 0x00, 0x00, 0x00, 0x2a, 0xaa, 0xa4, 0x00, 0x00, 0x00, 0x00, 0x00, 
    0x00, 0x00, 0x00, 0x00, 0x00, 0xbf, 0xe0, 0x00, 0x00, 0x00, 0x00, 0x00, 0x00, 0x00, 0x00, 0x00, 
    0x00, 0x00, 0x00, 0x00, 0x00, 0x00, 0x00, 0x00, 0x00, 0x00, 0x00, 0x00, 0x00, 0x00, 0x00, 0x00, 
    0x00, 0x01, 0xaa, 0xaa, 0xaa, 0xaa, 0xaa, 0xaa, 0xaa, 0xaa, 0xaa, 0xaa, 0xaa, 0xaa, 0xaa, 0xaa, 
    0xaa, 0xaa, 0xaa, 0xaa, 0xaa, 0xaa, 0x94, 0x00, 0xff, 0xff, 0xff, 0xff, 0xff, 0xff, 0xff, 0xff, 
    0xff, 0xff, 0xff, 0xff, 0xff, 0xff, 0xff, 0xff, 0xff, 0xff, 0xff, 0xff, 0xff, 0xff, 0xff, 0xff, 
    0xff, 0xff, 0xff, 0xff, 0xff, 0xff, 0xff, 0xff, 0xff, 0xff, 0xff, 0xff, 0xff, 0xff, 0xff, 0xff, 
    0xff, 0xff, 0xff, 0xff, 0xff, 0xff, 0xff, 0xff, 0xf9, 0x00, 0x00, 0x2f, 0xff, 0xff, 0xff, 0xff, 
    0xff, 0xff, 0xff, 0xff, 0xff, 0xff, 0xff, 0xff, 0xff, 0xff, 0xff, 0xff, 0xff, 0xff, 0xff, 0xff, 
    0xff, 0xfe, 0x90, 0x00, 0x00, 0x00, 0x00, 0x00, 0x00, 0x6b, 0xff, 0xff, 0xaa, 0xaa, 0xaa, 0xaa, 
    0x90, 0x6a, 0xaa, 0xaa, 0xaa, 0xaa, 0xaa, 0xaa, 0xaa, 0xaa, 0xaa, 0xaa, 0xaa, 0xaa, 0xaa, 0xaa, 
    0xaa, 0xaa, 0xaa, 0x50, 0x00, 0x00, 0x05, 0xaa, 0xa8, 0x2a, 0xaa, 0xaa, 0xaa, 0xaa, 0xaa, 0xaa, 
    0xaa, 0xaa, 0xa9, 0x01, 0xa9, 0x00, 0x00, 0x00, 0x01, 0xfe, 0x40, 0x00, 0x00, 0x00, 0x00, 0x00, 
    0x0a, 0xaa, 0xaa, 0x40, 0x00, 0x00, 0x00, 0x00, 0x00, 0x00, 0x00, 0x00, 0x00, 0x1f, 0xfd, 0x00, 
    0x00, 0x00, 0x00, 0x00, 0x00, 0x00, 0x00, 0x00, 0x00, 0x00, 0x00, 0x00, 0x00, 0x00, 0x00, 0x00, 
    0x00, 0x00, 0x00, 0x00, 0x00, 0x00, 0x00, 0x00, 0x00, 0x1a, 0xaa, 0xaa, 0xaa, 0xaa, 0xaa, 0xaa, 
    0xaa, 0xaa, 0xaa, 0xaa, 0xaa, 0xaa, 0xaa, 0xaa, 0xaa, 0xaa, 0xaa, 0xaa, 0xaa, 0xa4, 0x00, 0x00, 
    0xff, 0xff, 0xff, 0xff, 0xff, 0xff, 0xff, 0xff, 0xff, 0xff, 0xff, 0xff, 0xff, 0xff, 0xff, 0xff, 
    0xff, 0xff, 0xff, 0xff, 0xff, 0xff, 0xff, 0xff, 0xff, 0xff, 0xff, 0xff, 0xaf, 0xff, 0xff, 0xaf, 
    0xff, 0xff, 0xaf, 0xff, 0xff, 0xaf, 0xff, 0xff, 0xff, 0xff, 0xff, 0xff, 0xff, 0xff, 0xff, 0xeb, 
    0xff, 0xe0, 0x00, 0x02, 0xff, 0xff, 0xff, 0xff, 0xff, 0xff, 0xff, 0xff, 0xfe, 0xff, 0xff, 0xfe, 
    0xbf, 0xff, 0xfe, 0xff, 0xff, 0xfe, 0xff, 0xff, 0xff, 0xff, 0xff, 0x90, 0x00, 0x00, 0x00, 0x00, 
    0x00, 0x00, 0x6b, 0xff, 0xaa, 0xaa, 0xaa, 0x94, 0x1a, 0xaa, 0xaa, 0xaa, 0xaa, 0xaa, 0xaa, 0xaa, 
    0xaa, 0xaa, 0xaa, 0xaa, 0xaa, 0xaa, 0xaa, 0xaa, 0xaa, 0xaa, 0xaa, 0xaa, 0x94, 0x00, 0x00, 0x05, 
    0xaa, 0x0a, 0xaa, 0xaa, 0xaa, 0xaa, 0xaa, 0xaa, 0xaa, 0xaa, 0x40, 0x00, 0x6a, 0x90, 0x00, 0x00, 
    0x00, 0x7f, 0xf4, 0x00, 0x00, 0x00, 0x00, 0x00, 0x02, 0xaa, 0xaa, 0xa0, 0x00, 0x00, 0x00, 0x00, 
    0x00, 0x00, 0x00, 0x00, 0x00, 0x03, 0xff, 0xd0, 0x00, 0x00, 0x00, 0x00, 0x00, 0x00, 0x00, 0x00, 
    0x00, 0x00, 0x00, 0x00, 0x00, 0x00, 0x00, 0x00, 0x00, 0x00, 0x00, 0x00, 0x00, 0x00, 0x00, 0x00, 
    0x01, 0xaa, 0xaa, 0xaa, 0xaa, 0xaa, 0xaa, 0xaa, 0xaa, 0xaa, 0xaa, 0xaa, 0xaa, 0xaa, 0xaa, 0xaa, 
    0xaa, 0xaa, 0xaa, 0xaa, 0xa9, 0x00, 0x00, 0x05, 0xff, 0xff, 0xff, 0xff, 0xff, 0xff, 0xff, 0xff, 
    0xff, 0xff, 0xff, 0xff, 0xff, 0xff, 0xff, 0xff, 0xff, 0xff, 0xff, 0xff, 0xff, 0xff, 0xff, 0xff, 
    0xff, 0xff, 0xff, 0xfe, 0xab, 0xff, 0xff, 0xab, 0xff, 0xff, 0xab, 0xff, 0xff, 0xab, 0xff, 0xff, 
    0xff, 0xff, 0xff, 0xff, 0xab, 0xff, 0xff, 0xeb, 0xff, 0xfe, 0x00, 0x00, 0x2f, 0xfa, 0xaf, 0xff, 
    0xff, 0xea, 0xff, 0xff, 0xfa, 0xbf, 0xff, 0xfa, 0xbf, 0xff, 0xfa, 0xbf, 0xff, 0xfa, 0xbf, 0xff, 
    0xfa, 0xbf, 0xff, 0xfe, 0x54, 0x00, 0x00, 0x00, 0x00, 0x00, 0x00, 0x1b, 0xaa, 0xaa, 0x90, 0x05, 
    0xaa, 0xaa, 0xaa, 0xaa, 0xaa, 0xaa, 0xaa, 0xaa, 0xaa, 0xaa, 0xaa, 0xaa, 0x96, 0xaa, 0xaa, 0xaa, 
    0xaa, 0xaa, 0xaa, 0xaa, 0xaa, 0xa5, 0x01, 0x00, 0x01, 0x42, 0xaa, 0xaa, 0xaa, 0xaa, 0xaa, 0xaa, 
    0xaa, 0x90, 0x00, 0x00, 0x0a, 0xa0, 0x00, 0x00, 0x00, 0x2f, 0xff, 0x90, 0x00, 0x00, 0x00, 0x00, 
    0x01, 0xaa, 0x5a, 0xa9, 0x00, 0x00, 0x00, 0x00, 0x00, 0x00, 0x00, 0x00, 0x00, 0x00, 0x7f, 0xf9, 
    0x00, 0x00, 0x00, 0x00, 0x00, 0x00, 0x00, 0x00, 0x00, 0x00, 0x00, 0x00, 0x00, 0x00, 0x00, 0x00, 
    0x00, 0x00, 0x00, 0x00, 0x00, 0x00, 0x00, 0x10, 0x2a, 0xaa, 0xaa, 0xaa, 0xaa, 0xaa, 0xaa, 0xaa, 
    0xaa, 0xaa, 0xaa, 0xaa, 0xaa, 0xaa, 0xaa, 0xaa, 0xaa, 0xaa, 0xaa, 0xaa, 0x40, 0x00, 0x05, 0xaa, 
    0xff, 0xff, 0xff, 0xff, 0xff, 0xff, 0xff, 0xff, 0xff, 0xff, 0xff, 0xff, 0xff, 0xff, 0xff, 0xff, 
    0xff, 0xff, 0xff, 0xff, 0xff, 0xff, 0xff, 0xff, 0xff, 0xff, 0xff, 0xfe, 0xab, 0xff, 0xff, 0xab, 
    0xff, 0xff, 0xab, 0xff, 0xff, 0xab, 0xff, 0xff, 0xff, 0xff, 0xff, 0xff, 0xab, 0xff, 0xff, 0xeb, 
    0xff, 0xff, 0xc0, 0x00, 0x02, 0xfa, 0xaf, 0xff, 0xff, 0xea, 0xbf, 0xff, 0xfa, 0xbf, 0xff, 0xfa, 
    0xbf, 0xff, 0xfa, 0xbf, 0xff, 0xfa, 0xbf, 0xff, 0xfa, 0xbf, 0xff, 0xfa, 0xbf, 0xe5, 0x40, 0x00, 
    0x00, 0x00, 0x00, 0x00, 0x05, 0x40, 0x00, 0x6a, 0xaa, 0xaa, 0xaa, 0xaa, 0xaa, 0xaa, 0xaa, 0xaa, 
    0xaa, 0xaa, 0xaa, 0x95, 0xaa, 0xaa, 0xaa, 0xaa, 0xaa, 0xaa, 0xaa, 0xaa, 0xaa, 0xaa, 0xaa, 0x54, 
    0x00, 0x00, 0x5a, 0xaa, 0xaa, 0xaa, 0xaa, 0xaa, 0x94, 0x00, 0x00, 0x00, 0x02, 0xa8, 0x00, 0x00, 
    0x00, 0x0b, 0xff, 0xfe, 0x00, 0x00, 0x00, 0x00, 0x00, 0x2a, 0x41, 0xaa, 0x90, 0x00, 0x00, 0x00, 
    0x00, 0x00, 0x00, 0x00, 0x00, 0x00, 0x1f, 0xff, 0x90, 0x00, 0x00, 0x00, 0x00, 0x00, 0x00, 0x00, 
    0x00, 0x00, 0x00, 0x00, 0x00, 0x00, 0x00, 0x00, 0x00, 0x00, 0x00, 0x00, 0x00, 0x00, 0x06, 0x46, 
    0xaa, 0xaa, 0xaa, 0xaa, 0xaa, 0xaa, 0xaa, 0xaa, 0xaa, 0xaa, 0xaa, 0xaa, 0xaa, 0xaa, 0xaa, 0xaa, 
    0xaa, 0xaa, 0xaa, 0x40, 0x00, 0x16, 0xaa, 0xaa, 0xff, 0xff, 0xff, 0xff, 0xff, 0xff, 0xff, 0xff, 
    0xff, 0xff, 0xff, 0xff, 0xff, 0xff, 0xff, 0xff, 0xff, 0xff, 0xff, 0xff, 0xff, 0xff, 0xff, 0xff, 
    0xff, 0xff, 0xff, 0xff, 0xaf, 0xff, 0xff, 0xef, 0xff, 0xff, 0xef, 0xff, 0xff, 0xff, 0xff, 0xff, 
    0xff, 0xff, 0xff, 0xff, 0xef, 0xff, 0xff, 0xff, 0xff, 0xff, 0xfa, 0x80, 0x00, 0x2f, 0xbf, 0xff, 
    0xff, 0xfa, 0xff, 0xff, 0xfe, 0xff, 0xff, 0xfe, 0xff, 0xff, 0xfe, 0xff, 0xff, 0xfe, 0xff, 0xff, 
    0xfe, 0xff, 0xff, 0xfa, 0xbf, 0xfb, 0xfe, 0x50, 0x00, 0x00, 0x00, 0x00, 0x00, 0x00, 0x16, 0xaa, 
    0xaa, 0xaa, 0xaa, 0xaa, 0xaa, 0xaa, 0xaa, 0xaa, 0xaa, 0xaa, 0x95, 0x6a, 0xaa, 0xaa, 0xaa, 0xaa, 
    0xaa, 0xaa, 0xaa, 0xaa, 0xaa, 0xaa, 0xaa, 0xaa, 0xa5, 0x50, 0x00, 0x05, 0xaa, 0xaa, 0xa5, 0x50, 
    0x00, 0x00, 0x00, 0x00, 0x00, 0xa9, 0x00, 0x00, 0x00, 0x02, 0xff, 0xff, 0xf4, 0x00, 0x00, 0x00, 
    0x00, 0x0a, 0x80, 0x1a, 0xa4, 0x00, 0x00, 0x00, 0x00, 0x00, 0x00, 0x00, 0x00, 0x00, 0x02, 0xff, 
    0xf9, 0x00, 0x00, 0x00, 0x00, 0x00, 0x00, 0x00, 0x00, 0x00, 0x00, 0x00, 0x00, 0x00, 0x00, 0x00, 
    0x00, 0x00, 0x00, 0x00, 0x00, 0x01, 0xa4, 0x6a, 0xaa, 0xaa, 0xaa, 0xaa, 0xaa, 0xaa, 0xaa, 0xaa, 
    0xaa, 0xaa, 0xaa, 0xaa, 0xaa, 0xaa, 0xaa, 0xaa, 0xaa, 0xaa, 0x40, 0x01, 0x5a, 0xaa, 0xaa, 0xaa, 
    0xff, 0xff, 0xff, 0xff, 0xff, 0xff, 0xff, 0xff, 0xff, 0xff, 0xff, 0xff, 0xff, 0xff, 0xff, 0xff, 
    0xff, 0xff, 0xff, 0xff, 0xff, 0xff, 0xff, 0xff, 0xff, 0xff, 0xff, 0xff, 0xff, 0xff, 0xff, 0xff, 
    0xff, 0xff, 0xff, 0xff, 0xff, 0xff, 0xff, 0xff, 0xff, 0xff, 0xff, 0xff, 0xff, 0xff, 0xff, 0xff, 
    0xff, 0xff, 0xff, 0xfd, 0x00, 0x01, 0xff, 0xff, 0xff, 0xff, 0xff, 0xff, 0xff, 0xff, 0xff, 0xff, 
    0xff, 0xff, 0xff, 0xff, 0xff, 0xff, 0xff, 0xff, 0xff, 0xff, 0xff, 0xff, 0xff, 0xeb, 0xff, 0xff, 
    0xe9, 0x40, 0x00, 0x00, 0x00, 0x00, 0x00, 0x05, 0x6a, 0xaa, 0xaa, 0xaa, 0xaa, 0xaa, 0xaa, 0xaa, 
    0xaa, 0x55, 0x6a, 0xaa, 0xaa, 0xaa, 0xaa, 0xaa, 0xaa, 0xaa, 0xaa, 0xaa, 0xaa, 0xaa, 0xaa, 0xaa, 
    0xaa, 0xa9, 0x09, 0x55, 0x55, 0x40, 0x00, 0x00, 0x00, 0x00, 0x00, 0x00, 0x10, 0x1a, 0x40, 0x00, 
    0x00, 0x00, 0xbf, 0xff, 0xff, 0x90, 0x00, 0x00, 0x00, 0x02, 0xa0, 0x01, 0xaa, 0x40, 0x00, 0x00, 
    0x00, 0x00, 0x00, 0x00, 0x00, 0x00, 0x00, 0x2f, 0xff, 0x90, 0x00, 0x00, 0x00, 0x00, 0x00, 0x00, 
    0x00, 0x00, 0x00, 0x00, 0x00, 0x00, 0x00, 0x00, 0x00, 0x00, 0x00, 0x00, 0x00, 0x6e, 0x1a, 0xaa, 
    0xaa, 0xaa, 0xaa, 0xaa, 0xaa, 0xaa, 0xaa, 0xaa, 0xaa, 0xaa, 0xaa, 0xaa, 0xaa, 0xaa, 0xaa, 0xaa, 
    0xa9, 0x40, 0x15, 0xaa, 0xaa, 0xaa, 0xaa, 0xaa, 0xff, 0xff, 0xff, 0xff, 0xff, 0xff, 0xff, 0xff, 
    0xff, 0xff, 0xff, 0xff, 0xff, 0xff, 0xff, 0xff, 0xff, 0xff, 0xff, 0xff, 0xff, 0xff, 0xff, 0xff, 
    0xff, 0xff, 0xff, 0xff, 0xff, 0xff, 0xff, 0xff, 0xff, 0xff, 0xff, 0xff, 0xff, 0xff, 0xff, 0xff, 
    0xff, 0xff, 0xff, 0xff, 0xff, 0xff, 0xff, 0xff, 0xff, 0xff, 0xff, 0xff, 0xe4, 0x00, 0x0b, 0xff, 
    0xff, 0xff, 0xff, 0xff, 0xff, 0xff, 0xff, 0xff, 0xff, 0xff, 0xff, 0xff, 0xff, 0xff, 0xff, 0xff, 
    0xff, 0xff, 0xff, 0xff, 0xff, 0xaf, 0xff, 0xff, 0xff, 0xff, 0xea, 0x54, 0x00, 0x00, 0x00, 0x00, 
    0x00, 0x05, 0x5a, 0xaa, 0xaa, 0xaa, 0xaa, 0xa5, 0x56, 0xaa, 0xaa, 0xaa, 0xaa, 0xaa, 0xaa, 0xaa, 
    0xaa, 0xaa, 0xaa, 0xaa, 0xaa, 0xaa, 0xaa, 0xaa, 0xaa, 0xaa, 0x46, 0xaa, 0xaa, 0xaa, 0xa9, 0x55, 
    0x55, 0x55, 0x56, 0xaa, 0xa4, 0x06, 0x80, 0x00, 0x00, 0x00, 0x6f, 0xff, 0xff, 0xfe, 0x40, 0x00, 
    0x00, 0x00, 0xa4, 0x00, 0x06, 0xa4, 0x00, 0x00, 0x00, 0x00, 0x00, 0x00, 0x00, 0x00, 0x00, 0x07, 
    0xff, 0xfe, 0x40, 0x00, 0x00, 0x00, 0x00, 0x00, 0x00, 0x00, 0x00, 0x00, 0x00, 0x00, 0x00, 0x00, 
    0x00, 0x00, 0x00, 0x00, 0x1f, 0x91, 0xaa, 0xaa, 0xaa, 0xaa, 0xaa, 0xaa, 0xaa, 0xaa, 0xaa, 0xaa, 
    0xaa, 0xaa, 0xaa, 0xaa, 0xaa, 0xaa, 0xaa, 0x94, 0x01, 0x5a, 0xaa, 0xaa, 0xaa, 0xaa, 0xaa, 0xa9, 
    0xff, 0xff, 0xff, 0xff, 0xff, 0xff, 0xff, 0xff, 0xff, 0xff, 0xff, 0xff, 0xff, 0xff, 0xff, 0xff, 
    0xff, 0xff, 0xff, 0xff, 0xff, 0xff, 0xff, 0xff, 0xff, 0xff, 0xff, 0xff, 0xff, 0xfa, 0xff, 0xff, 
    0xfe, 0xff, 0xff, 0xfa, 0xff, 0xff, 0xfa, 0xff, 0xff, 0xff, 0xff, 0xff, 0xff, 0xfe, 0xbf, 0xff, 
    0xfe, 0xbf, 0xff, 0xfe, 0xaf, 0x90, 0x00, 0x1b, 0xff, 0xff, 0xff, 0xff, 0xff, 0xff, 0xef, 0xff, 
    0xff, 0xff, 0xff, 0xff, 0xef, 0xff, 0xff, 0xef, 0xff, 0xff, 0xff, 0xff, 0xff, 0x6f, 0xff, 0xff, 
    0xff, 0xff, 0xff, 0xff, 0xfe, 0x95, 0x50, 0x00, 0x00, 0x00, 0x00, 0x00, 0x00, 0x00, 0x55, 0xaa, 
    0xaa, 0xaa, 0xaa, 0xaa, 0xaa, 0xaa, 0xaa, 0xaa, 0xaa, 0xaa, 0xaa, 0xaa, 0xaa, 0xaa, 0xaa, 0xaa, 
    0xaa, 0xaa, 0x91, 0xaa, 0xaa, 0xaa, 0xaa, 0xaa, 0xaa, 0xaa, 0xaa, 0xaa, 0xa9, 0x00, 0xa0, 0x00, 
    0x00, 0x00, 0x27, 0xff, 0xff, 0xff, 0xf9, 0x00, 0x00, 0x00, 0x68, 0x00, 0x00, 0x1a, 0x00, 0x00, 
    0x00, 0x00, 0x00, 0x00, 0x00, 0x00, 0x00, 0x00, 0x7f, 0xff, 0xf8, 0x00, 0x00, 0x00, 0x00, 0x00, 
    0x00, 0x00, 0x00, 0x00, 0x00, 0x00, 0x00, 0x00, 0x00, 0x00, 0x00, 0x1b, 0xf9, 0x1a, 0xaa, 0xaa, 
    0xaa, 0xaa, 0xaa, 0xaa, 0xaa, 0xaa, 0xaa, 0xaa, 0xaa, 0xaa, 0xaa, 0xaa, 0xaa, 0xa5, 0x40, 0x56, 
    0xaa, 0xaa, 0xaa, 0xaa, 0xaa, 0xaa, 0xaa, 0xa0, 0xff, 0xff, 0xff, 0xff, 0xff, 0xff, 0xff, 0xff, 
    0xff, 0xff, 0xff, 0xff, 0xff, 0xff, 0xff, 0xff, 0xff, 0xff, 0xff, 0xff, 0xff, 0xff, 0xff, 0xff, 
    0xff, 0xff, 0xfe, 0xff, 0xff, 0xea, 0xbf, 0xff, 0xfa, 0xbf, 0xff, 0xea, 0xbf, 0xff, 0xea, 0xff, 
    0xff, 0xff, 0xfa, 0xbf, 0xff, 0xfa, 0xbf, 0xff, 0xfe, 0xaf, 0xff, 0xfe, 0xab, 0xfe, 0x00, 0x01, 
    0xff, 0xff, 0xfe, 0xab, 0xff, 0xff, 0xab, 0xff, 0xff, 0xab, 0xff, 0xff, 0xab, 0xff, 0xff, 0xab, 
    0xff, 0xff, 0xab, 0xff, 0xfd, 0xaa, 0xff, 0xff, 0xff, 0xff, 0xff, 0xff, 0xfe, 0xaa, 0xaa, 0xaa, 
    0xaa, 0xaa, 0xaa, 0xaa, 0xaa, 0xaa, 0xaa, 0xaa, 0xaa, 0xaa, 0xaa, 0xaa, 0xaa, 0xaa, 0xaa, 0xaa, 
    0xaa, 0xaa, 0xaa, 0xaa, 0xaa, 0xaa, 0xaa, 0xaa, 0xaa, 0xaa, 0xa4, 0x6a, 0xaa, 0xaa, 0xaa, 0xaa, 
    0xaa, 0xaa, 0xaa, 0xaa, 0xaa, 0x40, 0x24, 0x00, 0x00, 0x00, 0x1d, 0xff, 0xff, 0xff, 0xff, 0xe4, 
    0x00, 0x00, 0x19, 0x00, 0x00, 0x01, 0x90, 0x00, 0x00, 0x00, 0x00, 0x00, 0x00, 0x00, 0x00, 0x00, 
    0x07, 0xff, 0xff, 0xe4, 0x00, 0x00, 0x00, 0x00, 0x00, 0x00, 0x00, 0x00, 0x00, 0x00, 0x00, 0x00, 
    0x00, 0x00, 0x06, 0xfe, 0x46, 0xaa, 0xaa, 0xaa, 0xaa, 0xaa, 0xaa, 0xaa, 0xaa, 0xaa, 0xaa, 0xaa, 
    0xaa, 0xaa, 0xaa, 0xa5, 0x40, 0x56, 0xaa, 0xaa, 0xaa, 0xaa, 0xaa, 0xaa, 0xaa, 0xaa, 0xaa, 0x82, 
    0xff, 0xff, 0xff, 0xff, 0xff, 0xff, 0xff, 0xff, 0xff, 0xff, 0xff, 0xff, 0xff, 0xff, 0xff, 0xff, 
    0xff, 0xff, 0xff, 0xff, 0xff, 0xff, 0xff, 0xff, 0xff, 0xff, 0xff, 0xff, 0xff, 0xea, 0xbf, 0xff, 
    0xfa, 0xbf, 0xff, 0xfa, 0xbf, 0xff, 0xea, 0xff, 0xff, 0xff, 0xfa, 0xbf, 0xff, 0xfa, 0xbf, 0xff, 
    0xfe, 0xaf, 0xff, 0xff, 0xaf, 0xff, 0xf4, 0x00, 0x1b, 0xff, 0xff, 0xab, 0xff, 0xff, 0xab, 0xff, 
    0xff, 0xab, 0xff, 0xff, 0xab, 0xff, 0xff, 0xab, 0xff, 0xff, 0xab, 0xff, 0xf6, 0xa7, 0xff, 0xff, 
    0xff, 0xff, 0xff, 0xff, 0xff, 0xaa, 0xaa, 0xaa, 0xaa, 0xaa, 0xaa, 0xaa, 0xaa, 0xaa, 0xaa, 0xaa, 
    0xaa, 0xaa, 0xaa, 0xaa, 0xaa, 0xaa, 0xaa, 0xaa, 0xaa, 0xaa, 0xaa, 0xaa, 0xaa, 0xaa, 0xaa, 0xaa, 
    0xaa, 0xaa, 0xa8, 0x1a, 0xaa, 0xaa, 0xaa, 0xaa, 0xaa, 0xaa, 0xaa, 0xaa, 0xaa, 0x90, 0x09, 0x00, 
    0x00, 0x00, 0x0b, 0x7f, 0xff, 0xff, 0xff, 0xff, 0x90, 0x00, 0x02, 0x80, 0x00, 0x00, 0x19, 0x00, 
    0x00, 0x00, 0x00, 0x00, 0x00, 0x00, 0x00, 0x00, 0x00, 0x6f, 0xff, 0xff, 0x90, 0x00, 0x00, 0x00, 
    0x00, 0x00, 0x00, 0x00, 0x00, 0x00, 0x00, 0x00, 0x00, 0x06, 0xff, 0xd1, 0x6a, 0xaa, 0xaa, 0xaa, 
    0xaa, 0xaa, 0xaa, 0xaa, 0xaa, 0xaa, 0xaa, 0xaa, 0xaa, 0x95, 0x40, 0x55, 0xaa, 0xaa, 0xaa, 0xaa, 
    0xaa, 0xaa, 0xaa, 0xaa, 0xaa, 0xaa, 0xa9, 0x1a, 0xff, 0xff, 0xff, 0xff, 0xff, 0xff, 0xff, 0xff, 
    0xff, 0xff, 0xff, 0xff, 0xff, 0xff, 0xff, 0xff, 0xff, 0xff, 0xff, 0xff, 0xff, 0xff, 0xff, 0xff, 
    0xff, 0xff, 0xff, 0xff, 0xff, 0xfa, 0xff, 0xff, 0xfe, 0xff, 0xff, 0xff, 0xff, 0xff, 0xff, 0xff, 
    0xff, 0xff, 0xfe, 0xff, 0xff, 0xfe, 0xbf, 0xff, 0xff, 0xff, 0xff, 0xff, 0xff, 0xff, 0xff, 0x90, 
    0x00, 0xbf, 0xff, 0xef, 0xff, 0xff, 0xef, 0xff, 0xff, 0xaf, 0xff, 0xff, 0xef, 0xff, 0xff, 0xef, 
    0xff, 0xff, 0xef, 0xff, 0xda, 0x96, 0xff, 0xff, 0xff, 0xff, 0xff, 0xff, 0xff, 0xaa, 0xaa, 0xaa, 
    0xaa, 0xaa, 0xaa, 0xaa, 0xaa, 0xaa, 0xaa, 0xaa, 0xaa, 0xaa, 0xaa, 0xaa, 0xaa, 0xaa, 0xaa, 0xaa, 
    0xaa, 0xaa, 0xaa, 0xaa, 0xaa, 0xaa, 0xaa, 0xaa, 0xaa, 0xaa, 0xaa, 0x06, 0xaa, 0xaa, 0xaa, 0xaa, 
    0xaa, 0xaa, 0xaa, 0xaa, 0xaa, 0xa4, 0x02, 0x00, 0x00, 0x00, 0x03, 0xdb, 0xff, 0xff, 0xff, 0xff, 
    0xff, 0x90, 0x00, 0xa9, 0x00, 0x00, 0x00, 0x50, 0x00, 0x00, 0x00, 0x00, 0x00, 0x00, 0x00, 0x00, 
    0x00, 0x02, 0xff, 0xff, 0xff, 0x90, 0x00, 0x00, 0x00, 0x00, 0x00, 0x00, 0x00, 0x00, 0x00, 0x00, 
    0x06, 0xff, 0xf8, 0x5a, 0xaa, 0xaa, 0xaa, 0xaa, 0xaa, 0xaa, 0xaa, 0xaa, 0xaa, 0xaa, 0xaa, 0x55, 
    0x00, 0x56, 0xaa, 0xaa, 0xaa, 0xaa, 0xaa, 0xaa, 0xaa, 0xaa, 0xaa, 0xaa, 0xaa, 0xaa, 0xa4, 0x6a, 
    0xff, 0xff, 0xff, 0xff, 0xff, 0xff, 0xff, 0xff, 0xff, 0xff, 0xff, 0xff, 0xff, 0xff, 0xff, 0xff, 
    0xff, 0xff, 0xff, 0xff, 0xff, 0xff, 0xff, 0xff, 0xff, 0xff, 0xff, 0xff, 0xff, 0xff, 0xff, 0xff, 
    0xff, 0xff, 0xff, 0xff, 0xff, 0xff, 0xff, 0xff, 0xff, 0xff, 0xff, 0xff, 0xff, 0xff, 0xff, 0xff, 
    0xff, 0xff, 0xff, 0xff, 0xff, 0xff, 0xff, 0xfe, 0x40, 0x06, 0xff, 0xff, 0xff, 0xff, 0xff, 0xff, 
    0xff, 0xff, 0xff, 0xff, 0xff, 0xff, 0xff, 0xff, 0xff, 0xff, 0xff, 0xfe, 0x6a, 0xa6, 0xbf, 0xff, 
    0xff, 0xff, 0xff, 0xff, 0xff, 0xea, 0xaa, 0xaa, 0xaa, 0xaa, 0xaa, 0xaa, 0xaa, 0xaa, 0xaa, 0xaa, 
    0xaa, 0xaa, 0xaa, 0xaa, 0xaa, 0xaa, 0xaa, 0xaa, 0xaa, 0xaa, 0xaa, 0xaa, 0xaa, 0xaa, 0xaa, 0xaa, 
    0xaa, 0xaa, 0xaa, 0x81, 0xaa, 0xaa, 0xaa, 0xaa, 0xaa, 0xaa, 0xaa, 0xaa, 0xaa, 0xa9, 0x00, 0x40, 
    0x00, 0x00, 0x02, 0xf6, 0xff, 0xff, 0xff, 0xff, 0xff, 0xfd, 0x00, 0x1a, 0xa4, 0x00, 0x00, 0x05, 
    0x00, 0x00, 0x00, 0x00, 0x00, 0x00, 0x00, 0x00, 0x00, 0x00, 0x1b, 0xff, 0xff, 0xff, 0x94, 0x00, 
    0x00, 0x00, 0x00, 0x00, 0x00, 0x00, 0x00, 0x5b, 0xff, 0xf9, 0x00, 0x05, 0x55, 0x55, 0xaa, 0xaa, 
    0xaa, 0x55, 0x55, 0x55, 0x00, 0x00, 0x00, 0x55, 0xaa, 0xaa, 0xaa, 0xaa, 0xaa, 0xaa, 0xaa, 0xaa, 
    0xaa, 0xaa, 0xaa, 0xaa, 0xaa, 0xaa, 0x82, 0xaa, 0xff, 0xff, 0xff, 0xff, 0xff, 0xff, 0xff, 0xff, 
    0xff, 0xff, 0xff, 0xff, 0xff, 0xff, 0xff, 0xff, 0xff, 0xff, 0xff, 0xff, 0xff, 0xff, 0xff, 0xff, 
    0xff, 0xff, 0xff, 0xff, 0xff, 0xff, 0xff, 0xff, 0xff, 0xff, 0xff, 0xff, 0xff, 0xff, 0xff, 0xff, 
    0xff, 0xff, 0xff, 0xff, 0xff, 0xff, 0xff, 0xff, 0xff, 0xff, 0xff, 0xff, 0xff, 0xff, 0xff, 0xff, 
    0xf9, 0x00, 0x1f, 0xff, 0xff, 0xff, 0xff, 0xff, 0xff, 0xff, 0xff, 0xff, 0xff, 0xff, 0xff, 0xff, 
    0xff, 0xff, 0xff, 0xf9, 0xaa, 0xfe, 0xff, 0xff, 0xff, 0xff, 0xff, 0xff, 0xff, 0xfa, 0xaa, 0xaa, 
    0xaa, 0xaa, 0xaa, 0xaa, 0xaa, 0xaa, 0xaa, 0xaa, 0xaa, 0xaa, 0xaa, 0xaa, 0xaa, 0xaa, 0xaa, 0xaa, 
    0xaa, 0xaa, 0xaa, 0xaa, 0xaa, 0xaa, 0xaa, 0xaa, 0xaa, 0xaa, 0xaa, 0xa0, 0x6a, 0xaa, 0xaa, 0xaa, 
    0xaa, 0xaa, 0xaa, 0xaa, 0xaa, 0xaa, 0x40, 0x00, 0x00, 0x00, 0x00, 0xfd, 0xbf, 0xff, 0xff, 0xff, 
    0xff, 0xff, 0x40, 0x00, 0x1a, 0x94, 0x00, 0x00, 0x00, 0x00, 0x00, 0x00, 0x00, 0x00, 0x00, 0x00, 
    0x00, 0x00, 0x00, 0x2f, 0xff, 0xff, 0xff, 0xfa, 0x50, 0x00, 0x00, 0x00, 0x00, 0x15, 0xbf, 0xff, 
    0xfe, 0x40, 0x00, 0x00, 0x00, 0x00, 0x00, 0x00, 0x00, 0x00, 0x00, 0x00, 0x00, 0x5a, 0xaa, 0xaa, 
    0xaa, 0xaa, 0xaa, 0xaa, 0xaa, 0xaa, 0xaa, 0xaa, 0xaa, 0xaa, 0xaa, 0xaa, 0xaa, 0xaa, 0x1a, 0xaa, 
    0xff, 0xff, 0xff, 0xff, 0xff, 0xff, 0xff, 0xff, 0xff, 0xff, 0xff, 0xff, 0xff, 0xff, 0xff, 0xff, 
    0xff, 0xff, 0xff, 0xff, 0xff, 0xff, 0xff, 0xff, 0xff, 0xff, 0xff, 0xff, 0xbf, 0xff, 0xff, 0xef, 
    0xff, 0xff, 0xaf, 0xff, 0xff, 0xeb, 0xff, 0xff, 0xff, 0xff, 0xff, 0xff, 0xff, 0xff, 0xff, 0xeb, 
    0xff, 0xff, 0xfb, 0xff, 0xff, 0xea, 0xbf, 0xff, 0xfa, 0xb9, 0x40, 0x6f, 0xea, 0xff, 0xff, 0xfe, 
    0xff, 0xff, 0xfe, 0xff, 0xff, 0xfe, 0xff, 0xff, 0xfe, 0xff, 0xff, 0xd6, 0xa7, 0xff, 0xff, 0xff, 
    0xff, 0xff, 0xff, 0xff, 0xff, 0xfa, 0xaa, 0xaa, 0xaa, 0xaa, 0xaa, 0xaa, 0xaa, 0xaa, 0xaa, 0xaa, 
    0xaa, 0xaa, 0xaa, 0xaa, 0xaa, 0xaa, 0xaa, 0xaa, 0xaa, 0xaa, 0xaa, 0xaa, 0xaa, 0xaa, 0xaa, 0xaa, 
    0xaa, 0xaa, 0xaa, 0xa8, 0x1a, 0xaa, 0xaa, 0xaa, 0xaa, 0xaa, 0xaa, 0xaa, 0xaa, 0xaa, 0xe0, 0x00, 
    0x00, 0x00, 0x00, 0x7f, 0x6f, 0xff, 0xff, 0xff, 0xff, 0xff, 0xd0, 0x00, 0x3a, 0x55, 0x40, 0x00, 
    0x00, 0x00, 0x00, 0x00, 0x00, 0x00, 0x00, 0x00, 0x00, 0x00, 0x00, 0x00, 0x6f, 0xff, 0xff, 0xff, 
    0xff, 0xff, 0xff, 0xff, 0xff, 0xff, 0xff, 0xfe, 0x40, 0x00, 0x00, 0x00, 0x00, 0x00, 0x55, 0x55, 
    0x40, 0x00, 0x00, 0x05, 0xaa, 0xaa, 0xaa, 0xaa, 0xaa, 0xaa, 0xaa, 0xaa, 0xaa, 0xaa, 0xaa, 0xaa, 
    0xaa, 0xaa, 0xaa, 0xaa, 0xaa, 0xa8, 0x6a, 0xaa, 0xff, 0xff, 0xff, 0xff, 0xff, 0xff, 0xff, 0xff, 
    0xff, 0xff, 0xff, 0xff, 0xff, 0xff, 0xff, 0xff, 0xff, 0xff, 0xff, 0xff, 0xff, 0xff, 0xff, 0xff, 
    0xff, 0xff, 0xff, 0xfe, 0xaf, 0xff, 0xff, 0xab, 0xff, 0xff, 0xab, 0xff, 0xff, 0xab, 0xff, 0xff, 
    0xfe, 0xab, 0xff, 0xff, 0xab, 0xff, 0xff, 0xaa, 0xff, 0xff, 0xea, 0xff, 0xff, 0xea, 0xbf, 0xff, 
    0xfe, 0xbf, 0xf9, 0x00, 0x56, 0xbf, 0xff, 0xfa, 0xbf, 0xff, 0xfa, 0xbf, 0xff, 0xfa, 0xbf, 0xff, 
    0xfa, 0xbf, 0xfd, 0x69, 0x6f, 0xff, 0xff, 0xff, 0xff, 0xff, 0xff, 0xff, 0xff, 0xfe, 0xaa, 0xaa, 
    0xaa, 0xaa, 0xaa, 0xaa, 0xaa, 0xaa, 0xaa, 0xaa, 0xaa, 0xaa, 0xaa, 0xaa, 0xaa, 0xaa, 0xaa, 0xaa, 
    0xaa, 0xaa, 0xaa, 0xaa, 0xaa, 0xaa, 0xaa, 0xaa, 0xaa, 0xaa, 0xaa, 0xaa, 0x0a, 0xaa, 0xaa, 0xaa, 
    0xaa, 0xaa, 0xaa, 0xaa, 0xaa, 0xaa, 0xf4, 0x00, 0x00, 0x00, 0x00, 0x2f, 0xdb, 0xff, 0xff, 0xff, 
    0xff, 0xff, 0xf4, 0x00, 0x1f, 0xff, 0xe9, 0x55, 0x55, 0x40, 0x00, 0x00, 0x00, 0x00, 0x00, 0x00, 
    0x00, 0x00, 0x00, 0x00, 0x00, 0x6b, 0xff, 0xff, 0xff, 0xff, 0xff, 0xff, 0xff, 0xff, 0xfa, 0x40, 
    0x00, 0x00, 0x00, 0x00, 0x00, 0x1a, 0xaa, 0xaa, 0xa5, 0x00, 0x00, 0x5a, 0xaa, 0xaa, 0xaa, 0xaa, 
    0xaa, 0xaa, 0xaa, 0xaa, 0xaa, 0xaa, 0xaa, 0xaa, 0xaa, 0xaa, 0xaa, 0xaa, 0xaa, 0x92, 0xaa, 0xaa, 
    0xff, 0xff, 0xff, 0xff, 0xff, 0xff, 0xff, 0xff, 0xff, 0xff, 0xff, 0xff, 0xff, 0xff, 0xff, 0xff, 
    0xff, 0xff, 0xff, 0xff, 0xff, 0xff, 0xff, 0xff, 0xff, 0xff, 0xff, 0xfe, 0xaf, 0xff, 0xff, 0xab, 
    0xff, 0xff, 0xab, 0xff, 0xff, 0xab, 0xff, 0xff, 0xfe, 0xab, 0xff, 0xff, 0xab, 0xff, 0xff, 0xea, 
    0xff, 0xff, 0xfb, 0xff, 0xff, 0xfa, 0xff, 0xff, 0xff, 0xff, 0xff, 0xf9, 0x00, 0x2f, 0xff, 0xfa, 
    0xbf, 0xff, 0xfa, 0xbf, 0xff, 0xfa, 0xbf, 0xff, 0xfa, 0xbf, 0x91, 0x55, 0xbf, 0xff, 0xff, 0xff, 
    0xff, 0xff, 0xff, 0xff, 0xff, 0xfe, 0xaa, 0xaa, 0xaa, 0xaa, 0xaa, 0xaa, 0xaa, 0xaa, 0xaa, 0xaa, 
    0xaa, 0xaa, 0xaa, 0xaa, 0xaa, 0xaa, 0xaa, 0xaa, 0xaa, 0xaa, 0xaa, 0xaa, 0xaa, 0xaa, 0xaa, 0xaa, 
    0xaa, 0xaa, 0xaa, 0xaa, 0x82, 0xaa, 0xaa, 0xaa, 0xaa, 0xaa, 0xaa, 0xaa, 0xaa, 0xab, 0xfd, 0x00, 
    0x00, 0x00, 0x00, 0x0f, 0xf5, 0xff, 0xff, 0xff, 0xff, 0xff, 0xfe, 0x00, 0x07, 0xff, 0xff, 0xff, 
    0xff, 0xf9, 0x00, 0x00, 0x00, 0x00, 0x00, 0x00, 0x00, 0x00, 0x00, 0x00, 0x00, 0x00, 0x05, 0xaf, 
    0xff, 0xff, 0xff, 0xff, 0xfe, 0xa5, 0x00, 0x00, 0x00, 0x00, 0x00, 0x00, 0x00, 0x6a, 0xaa, 0xaa, 
    0xaa, 0xa5, 0x00, 0x00, 0x55, 0xaa, 0xaa, 0xaa, 0xa5, 0x5a, 0xaa, 0xaa, 0xaa, 0xaa, 0xaa, 0xaa, 
    0xaa, 0xaa, 0xaa, 0xaa, 0xaa, 0x4a, 0xaa, 0xaa, 0xff, 0xff, 0xff, 0xff, 0xff, 0xff, 0xff, 0xff, 
    0xff, 0xff, 0xff, 0xff, 0xff, 0xff, 0xff, 0xff, 0xff, 0xff, 0xff, 0xff, 0xff, 0xff, 0xff, 0xff, 
    0xff, 0xff, 0xff, 0xff, 0xaf, 0xff, 0xff, 0xaf, 0xff, 0xff, 0xef, 0xff, 0xff, 0xff, 0xff, 0xff, 
    0xff, 0xaf, 0xff, 0xff, 0xef, 0xff, 0xff, 0xfb, 0xff, 0xff, 0xff, 0xff, 0xff, 0xff, 0xff, 0xff, 
    0xff, 0xff, 0xff, 0xff, 0xf4, 0x00, 0x6f, 0xff, 0xff, 0xff, 0xfe, 0xff, 0xff, 0xff, 0xff, 0xff, 
    0xfe, 0xa4, 0x15, 0x5a, 0xaf, 0xff, 0xff, 0xff, 0xff, 0xff, 0xff, 0xff, 0xff, 0xff, 0xaa, 0xaa, 
    0xaa, 0xaa, 0xaa, 0xaa, 0xaa, 0xaa, 0xaa, 0xaa, 0xaa, 0xaa, 0xaa, 0xaa, 0xaa, 0xaa, 0xaa, 0xaa, 
    0xaa, 0xaa, 0xaa, 0xaa, 0xaa, 0xaa, 0xaa, 0xaa, 0xaa, 0xaa, 0xaa, 0xaa, 0xa0, 0xaa, 0xaa, 0xaa, 
    0xaa, 0xaa, 0xaa, 0xaa, 0xaa, 0xab, 0xff, 0x40, 0x00, 0x00, 0x00, 0x07, 0xfd, 0x7f, 0xff, 0xff, 
    0xff, 0xff, 0xff, 0x80, 0x01, 0xff, 0xff, 0xff, 0xff, 0xff, 0xf4, 0x00, 0x00, 0x00, 0x00, 0x00, 
    0x00, 0x00, 0x00, 0x00, 0x00, 0x00, 0x00, 0x00, 0x01, 0x55, 0x55, 0x00, 0x00, 0x00, 0x00, 0x00, 
    0x00, 0x00, 0x00, 0x00, 0x00, 0x6a, 0xaa, 0xaa, 0xaa, 0xaa, 0xa9, 0x50, 0x00, 0x01, 0x55, 0x55, 
    0x5a, 0xaa, 0xaa, 0xaa, 0xaa, 0xaa, 0xaa, 0xaa, 0xaa, 0xaa, 0xaa, 0xaa, 0xa8, 0x6a, 0xaa, 0xaa, 
    0xff, 0xff, 0xff, 0xff, 0xff, 0xff, 0xff, 0xff, 0xff, 0xff, 0xff, 0xff, 0xff, 0xff, 0xff, 0xff, 
    0xff, 0xff, 0xff, 0xff, 0xff, 0xff, 0xff, 0xff, 0xff, 0xff, 0xff, 0xff, 0xff, 0xff, 0xff, 0xff, 
    0xff, 0xff, 0xff, 0xff, 0xff, 0xff, 0xff, 0xff, 0xff, 0xff, 0xff, 0xff, 0xff, 0xff, 0xff, 0xff, 
    0xff, 0xff, 0xff, 0xff, 0xff, 0xff, 0xff, 0xff, 0xff, 0xff, 0xef, 0xff, 0xff, 0xfa, 0x40, 0x6b, 
    0xff, 0xff, 0xff, 0xff, 0xff, 0xff, 0xff, 0xff, 0xf9, 0x00, 0x01, 0xfe, 0xbf, 0xff, 0xff, 0xff, 
    0xff, 0xff, 0xff, 0xff, 0xff, 0xff, 0xea, 0xaa, 0xaa, 0xaa, 0xaa, 0xaa, 0xaa, 0xaa, 0xaa, 0xaa, 
    0xaa, 0xaa, 0xaa, 0xaa, 0xaa, 0xaa, 0xaa, 0xaa, 0xaa, 0xaa, 0xaa, 0xaa, 0xaa, 0xaa, 0xaa, 0xaa, 
    0xaa, 0xaa, 0xaa, 0xaa, 0xa8, 0x2a, 0xaa, 0xaa, 0xaa, 0xaa, 0xaa, 0xaa, 0xaa, 0xaf, 0xff, 0xd0, 
    0x00, 0x00, 0x00, 0x02, 0xff, 0x9f, 0xff, 0xff, 0xff, 0xff, 0xff, 0xf0, 0x00, 0x7f, 0xff, 0xff, 
    0xff, 0xff, 0xff, 0xf9, 0x40, 0x00, 0x00, 0x00, 0x00, 0x00, 0x00, 0x00, 0x00, 0x00, 0x00, 0x00, 
    0x00, 0x00, 0x00, 0x00, 0x00, 0x00, 0x00, 0x00, 0x00, 0x00, 0x00, 0x00, 0x00, 0x6a, 0xaa, 0xaa, 
    0xaa, 0xaa, 0xaa, 0xaa, 0xaa, 0x95, 0x5a, 0xaa, 0xaa, 0xaa, 0xaa, 0xaa, 0xaa, 0xaa, 0xaa, 0xaa, 
    0xaa, 0xaa, 0xaa, 0xaa, 0xa1, 0xaa, 0xaa, 0xaa, 0xff, 0xff, 0xff, 0xff, 0xff, 0xff, 0xff, 0xff, 
    0xff, 0xff, 0xff, 0xff, 0xff, 0xff, 0xff, 0xff, 0xff, 0xff, 0xff, 0xff, 0xff, 0xff, 0xff, 0xff, 
    0xff, 0xff, 0xff, 0xff, 0xff, 0xff, 0xff, 0xff, 0xff, 0xff, 0xff, 0xff, 0xff, 0xff, 0xff, 0xff, 
    0xff, 0xff, 0xff, 0xff, 0xff, 0xff, 0xff, 0xff, 0xff, 0xff, 0xff, 0xff, 0xff, 0xff, 0xff, 0xff, 
    0xff, 0xff, 0xab, 0xff, 0xff, 0xff, 0xfa, 0x40, 0x1a, 0xbf, 0xff, 0xff, 0xff, 0xff, 0xff, 0xfe, 
    0x40, 0x00, 0x1f, 0xff, 0xff, 0xff, 0xff, 0xff, 0xff, 0xff, 0xff, 0xff, 0xff, 0xff, 0xea, 0xaa, 
    0xaa, 0xaa, 0xaa, 0xaa, 0xaa, 0xaa, 0xaa, 0xaa, 0xaa, 0xaa, 0xaa, 0xaa, 0xaa, 0xaa, 0xaa, 0xaa, 
    0xaa, 0xaa, 0xaa, 0xaa, 0xaa, 0xaa, 0xaa, 0xaa, 0xaa, 0xaa, 0xaa, 0xaa, 0xaa, 0x0a, 0xaa, 0xaa, 
    0xaa, 0xaa, 0xaa, 0xaa, 0xaa, 0xbf, 0xff, 0xf4, 0x00, 0x00, 0x00, 0x00, 0xff, 0xe7, 0xff, 0xff, 
    0xff, 0xff, 0xff, 0xfd, 0x00, 0x1f, 0xff, 0xff, 0xff, 0xff, 0xff, 0xff, 0xff, 0xe0, 0x00, 0x00, 
    0x00, 0x00, 0x00, 0x00, 0x00, 0x00, 0x00, 0x00, 0x00, 0x00, 0x00, 0x00, 0x00, 0x00, 0x00, 0x00, 
    0x00, 0x00, 0x00, 0x00, 0x00, 0x2a, 0xaa, 0xaa, 0xaa, 0xaa, 0xaa, 0xaa, 0xaa, 0xaa, 0xaa, 0xaa, 
    0xaa, 0xaa, 0xaa, 0xaa, 0xaa, 0xaa, 0xaa, 0xaa, 0xaa, 0xaa, 0xaa, 0xaa, 0x4a, 0xaa, 0xaa, 0xaa, 
    0xff, 0xff, 0xff, 0xff, 0xff, 0xff, 0xff, 0xff, 0xff, 0xff, 0xff, 0xff, 0xff, 0xff, 0xff, 0xff, 
    0xff, 0xff, 0xff, 0xff, 0xff, 0xff, 0xff, 0xff, 0xff, 0xff, 0xff, 0xff, 0xff, 0xff, 0xff, 0xff, 
    0xfa, 0xff, 0xff, 0xfa, 0xff, 0xff, 0xfb, 0xff, 0xff, 0xff, 0xff, 0xff, 0xff, 0xfe, 0xff, 0xff, 
    0xff, 0xff, 0xff, 0xfe, 0xaf, 0xff, 0xff, 0xab, 0xff, 0xff, 0xab, 0xff, 0xff, 0xff, 0xef, 0xfe, 
    0x90, 0x01, 0x6b, 0xff, 0xab, 0xff, 0xa9, 0x00, 0x00, 0x1b, 0xff, 0xff, 0xff, 0xff, 0xff, 0xff, 
    0xff, 0xff, 0xff, 0xff, 0xff, 0xff, 0xfa, 0xaa, 0xaa, 0xaa, 0xaa, 0xaa, 0xaa, 0xaa, 0xaa, 0xaa, 
    0xaa, 0xaa, 0xaa, 0xaa, 0xaa, 0xaa, 0xaa, 0xaa, 0xaa, 0xaa, 0xaa, 0xaa, 0xaa, 0xaa, 0xaa, 0xaa, 
    0xaa, 0xaa, 0xaa, 0xaa, 0xaa, 0x82, 0xaa, 0xaa, 0xaa, 0xaa, 0xaa, 0xaa, 0xaa, 0xff, 0xff, 0xfd, 
    0x00, 0x00, 0x00, 0x00, 0x7f, 0xf9, 0xff, 0xff, 0xff, 0xff, 0xff, 0xff, 0x40, 0x07, 0xff, 0xff, 
    0xff, 0xff, 0xff, 0xff, 0xff, 0xfd, 0x00, 0x00, 0x00, 0x00, 0x00, 0x00, 0x00, 0x00, 0x00, 0x00, 
    0x00, 0x00, 0x00, 0x00, 0x00, 0x00, 0x00, 0x00, 0x00, 0x00, 0x00, 0x00, 0x00, 0x0a, 0xaa, 0xaa, 
    0xaa, 0xaa, 0xaa, 0xaa, 0xaa, 0xaa, 0xaa, 0xaa, 0xaa, 0xaa, 0xaa, 0xaa, 0xaa, 0xaa, 0xaa, 0xaa, 
    0xaa, 0xaa, 0xaa, 0xa9, 0x2a, 0xaa, 0xaa, 0xaa, 0xff, 0xff, 0xff, 0xff, 0xff, 0xff, 0xff, 0xff, 
    0xff, 0xff, 0xff, 0xff, 0xff, 0xff, 0xff, 0xff, 0xff, 0xff, 0xff, 0xff, 0xff, 0xff, 0xff, 0xff, 
    0xff, 0xff, 0xff, 0xff, 0xff, 0xea, 0xbf, 0xff, 0xfa, 0xbf, 0xff, 0xfa, 0xbf, 0xff, 0xea, 0xff, 
    0xff, 0xff, 0xfa, 0xbf, 0xff, 0xfa, 0xbf, 0xff, 0xfe, 0xbf, 0xff, 0xfe, 0xaf, 0xff, 0xff, 0xab, 
    0xff, 0xff, 0xff, 0xff, 0xff, 0xff, 0xab, 0xff, 0xfe, 0x95, 0x40, 0x00, 0x00, 0x00, 0x00, 0x00, 
    0x16, 0xff, 0xeb, 0xff, 0xff, 0xff, 0xff, 0xff, 0xff, 0xff, 0xff, 0xff, 0xff, 0xff, 0xfe, 0xaa, 
    0xaa, 0xaa, 0xaa, 0xaa, 0xaa, 0xaa, 0xaa, 0xaa, 0xaa, 0xaa, 0xaa, 0xaa, 0xaa, 0xaa, 0xaa, 0xaa, 
    0xaa, 0xaa, 0xaa, 0xaa, 0xaa, 0xaa, 0xaa, 0xaa, 0xaa, 0xaa, 0xaa, 0xaa, 0xaa, 0xa0, 0xaa, 0xaa, 
    0xaa, 0xaa, 0xaa, 0xaa, 0xaa, 0xff, 0xff, 0xff, 0x00, 0x00, 0x00, 0x00, 0x3f, 0xff, 0x7f, 0xff, 
    0xff, 0xff, 0xff, 0xff, 0xe0, 0x01, 0xff, 0xff, 0xff, 0xff, 0xff, 0xff, 0xff, 0xff, 0x80, 0x00, 
    0x00, 0x00, 0x00, 0x00, 0x00, 0x00, 0x00, 0x00, 0x00, 0x00, 0x00, 0x00, 0x00, 0x00, 0x00, 0x00, 
    0x00, 0x00, 0x00, 0x00, 0x00, 0x02, 0xaa, 0xaa, 0xaa, 0xaa, 0xaa, 0xaa, 0xaa, 0xaa, 0xaa, 0xaa, 
    0xaa, 0xaa, 0xaa, 0xaa, 0xaa, 0xaa, 0xaa, 0xaa, 0xaa, 0xaa, 0xaa, 0xa5, 0xaa, 0xaa, 0xaa, 0xaa, 
    0xff, 0xff, 0xff, 0xff, 0xff, 0xff, 0xff, 0xff, 0xff, 0xff, 0xff, 0xff, 0xff, 0xff, 0xff, 0xff, 
    0xff, 0xff, 0xff, 0xff, 0xff, 0xff, 0xff, 0xff, 0xff, 0xff, 0xff, 0xff, 0xff, 0xea, 0xbf, 0xff, 
    0xea, 0xbf, 0xff, 0xfa, 0xbf, 0xff, 0xfb, 0xff, 0xff, 0xff, 0xfa, 0xbf, 0xff, 0xfa, 0xbf, 0xff, 
    0xfe, 0xbf, 0xff, 0xff, 0xaf, 0xff, 0xff, 0xef, 0xff, 0xff, 0xff, 0xff, 0xff, 0xff, 0xab, 0xff, 
    0xff, 0xab, 0xff, 0xa9, 0x00, 0x01, 0x55, 0x5a, 0xff, 0xff, 0xeb, 0xff, 0xff, 0xff, 0xff, 0xff, 
    0xff, 0xff, 0xff, 0xff, 0xff, 0xff, 0xff, 0xaa, 0xaa, 0xaa, 0xaa, 0xaa, 0xaa, 0xaa, 0xaa, 0xaa, 
    0xaa, 0xaa, 0xaa, 0xaa, 0xaa, 0xaa, 0xaa, 0xaa, 0xaa, 0xaa, 0xaa, 0xaa, 0xaa, 0xaa, 0xaa, 0xaa, 
    0xaa, 0xaa, 0xaa, 0xaa, 0xaa, 0xa8, 0x2a, 0xaa, 0xaa, 0xaa, 0xaa, 0xaa, 0xab, 0xff, 0xff, 0xff, 
    0xc0, 0x00, 0x00, 0x00, 0x1f, 0xff, 0xdb, 0xff, 0xff, 0xff, 0xff, 0xff, 0xf8, 0x00, 0x7f, 0xff, 
    0xff, 0xff, 0xff, 0xff, 0xff, 0xff, 0xf4, 0x00, 0x00, 0x00, 0x00, 0x00, 0x00, 0x00, 0x00, 0x00, 
    0x00, 0x00, 0x00, 0x00, 0x00, 0x00, 0x00, 0x00, 0x00, 0x00, 0x00, 0x00, 0x00, 0x00, 0xaa, 0xaa, 
    0xaa, 0xaa, 0xaa, 0xaa, 0xaa, 0xaa, 0xaa, 0xaa, 0xaa, 0xaa, 0xaa, 0xaa, 0xaa, 0xaa, 0xaa, 0xaa, 
    0xaa, 0xaa, 0xaa, 0x86, 0xaa, 0xaa, 0xaa, 0xaa, 0xff, 0xff, 0xff, 0xff, 0xff, 0xff, 0xff, 0xff, 
    0xff, 0xff, 0xff, 0xff, 0xff, 0xff, 0xff, 0xff, 0xff, 0xff, 0xff, 0xff, 0xff, 0xff, 0xff, 0xff, 
    0xff, 0xff, 0xff, 0xff, 0xff, 0xfa, 0xff, 0xff, 0xfa, 0xff, 0xff, 0xff, 0xff, 0xff, 0xff, 0xff, 
    0xff, 0xff, 0xfe, 0xff, 0xff, 0xff, 0xff, 0xff, 0xff, 0xff, 0xff, 0xff, 0xff, 0xff, 0xff, 0xff, 
    0xff, 0xff, 0xff, 0xff, 0xff, 0xff, 0xff, 0xff, 0xff, 0xef, 0xff, 0xff, 0xef, 0xff, 0xff, 0xef, 
    0xff, 0xff, 0xeb, 0xff, 0xff, 0xff, 0xff, 0xff, 0xff, 0xff, 0xff, 0xff, 0xff, 0xff, 0xff, 0xaa, 
    0xaa, 0xaa, 0xaa, 0xaa, 0xaa, 0xaa, 0xaa, 0xaa, 0xaa, 0xaa, 0xaa, 0xaa, 0xaa, 0xaa, 0xaa, 0xaa, 
    0xaa, 0xaa, 0xaa, 0xaa, 0xaa, 0xaa, 0xaa, 0xaa, 0xaa, 0xaa, 0xaa, 0xaa, 0xaa, 0xaa, 0x0a, 0xaa, 
    0xaa, 0xaa, 0xaa, 0xaa, 0xaf, 0xff, 0xff, 0xff, 0xf0, 0x00, 0x00, 0x00, 0x0b, 0xff, 0xf6, 0xff, 
    0xff, 0xff, 0xff, 0xff, 0xff, 0x40, 0x0f, 0xff, 0xff, 0xff, 0xff, 0xff, 0xff, 0xff, 0xfe, 0x00, 
    0x00, 0x00, 0x00, 0x00, 0x00, 0x00, 0x00, 0x00, 0x00, 0x00, 0x00, 0x00, 0x00, 0x00, 0x00, 0x00, 
    0x00, 0x00, 0x00, 0x00, 0x00, 0x00, 0x7a, 0xaa, 0xaa, 0xaa, 0xaa, 0xaa, 0xaa, 0xaa, 0xaa, 0xaa, 
    0xaa, 0xaa, 0xaa, 0xaa, 0xaa, 0xaa, 0xaa, 0xaa, 0xaa, 0xaa, 0xaa, 0x1a, 0xaa, 0xaa, 0xaa, 0xaa, 
    0xff, 0xff, 0xff, 0xff, 0xff, 0xff, 0xff, 0xff, 0xff, 0xff, 0xff, 0xff, 0xff, 0xff, 0xff, 0xff, 
    0xff, 0xff, 0xff, 0xff, 0xff, 0xff, 0xff, 0xff, 0xff, 0xff, 0xff, 0xff, 0xff, 0xff, 0xff, 0xff, 
    0xff, 0xff, 0xff, 0xff, 0xff, 0xff, 0xff, 0xff, 0xff, 0xff, 0xff, 0xff, 0xff, 0xff, 0xff, 0xff, 
    0xff, 0xff, 0xff, 0xff, 0xff, 0xff, 0xff, 0xff, 0xff, 0xff, 0xff, 0xfa, 0xff, 0xff, 0xff, 0xff, 
    0xff, 0xff, 0xff, 0xff, 0xff, 0xff, 0xff, 0xff, 0xff, 0xff, 0xff, 0xff, 0xff, 0xff, 0xff, 0xff, 
    0xff, 0xff, 0xff, 0xff, 0xff, 0xff, 0xff, 0xea, 0xaa, 0xaa, 0xaa, 0xaa, 0xaa, 0xaa, 0xaa, 0xaa, 
    0xaa, 0xaa, 0xaa, 0xaa, 0xaa, 0xaa, 0xaa, 0xaa, 0xaa, 0xaa, 0xaa, 0xaa, 0xaa, 0xaa, 0xaa, 0xaa, 
    0xaa, 0xaa, 0xaa, 0xaa, 0xaa, 0xaa, 0x82, 0xaa, 0xaa, 0xaa, 0xaa, 0xaa, 0xbf, 0xff, 0xff, 0xff, 
    0xfc, 0x00, 0x00, 0x00, 0x03, 0xff, 0xfd, 0xbf, 0xff, 0xff, 0xff, 0xff, 0xff, 0xe0, 0x03, 0xff, 
    0xff, 0xff, 0xff, 0xff, 0xff, 0xff, 0xff, 0xe0, 0x00, 0x00, 0x00, 0x00, 0x00, 0x00, 0x00, 0x00, 
    0x00, 0x00, 0x00, 0x00, 0x00, 0x00, 0x00, 0x00, 0x00, 0x00, 0x00, 0x00, 0x00, 0x38, 0x1f, 0xea, 
    0xaa, 0xaa, 0xaa, 0xaa, 0xaa, 0xaa, 0xaa, 0xaa, 0xaa, 0xaa, 0xaa, 0xaa, 0xaa, 0xaa, 0xaa, 0xaa, 
    0xaa, 0xaa, 0xa4, 0xaa, 0xaa, 0xaa, 0xaa, 0xaa, 0xff, 0xff, 0xff, 0xff, 0xff, 0xff, 0xff, 0xff, 
    0xff, 0xff, 0xff, 0xff, 0xff, 0xff, 0xff, 0xff, 0xff, 0xff, 0xff, 0xff, 0xff, 0xff, 0xff, 0xff, 
    0xff, 0xff, 0xff, 0xff, 0xff, 0xff, 0xff, 0xff, 0xff, 0xff, 0xff, 0xff, 0xff, 0xff, 0xff, 0xff, 
    0xff, 0xff, 0xff, 0xff, 0xff, 0xff, 0xff, 0xff, 0xff, 0xff, 0xff, 0xff, 0xff, 0xff, 0xff, 0xff, 
    0xfe, 0xff, 0xff, 0xfa, 0xff, 0xff, 0xff, 0xff, 0xff, 0xff, 0xff, 0xff, 0xff, 0xff, 0xff, 0xff, 
    0xff, 0xff, 0xff, 0xff, 0xff, 0xff, 0xff, 0xff, 0xff, 0xff, 0xff, 0xff, 0xff, 0xff, 0xff, 0xfa, 
    0xaa, 0xaa, 0xaa, 0xaa, 0xaa, 0xaa, 0xaa, 0xaa, 0xaa, 0xaa, 0xaa, 0xaa, 0xaa, 0xaa, 0xaa, 0xaa, 
    0xaa, 0xaa, 0xaa, 0xaa, 0xaa, 0xaa, 0xaa, 0xaa, 0xaa, 0xaa, 0xaa, 0xaa, 0xaa, 0xaa, 0xa0, 0xaa, 
    0xaa, 0xaa, 0xaa, 0xaa, 0xbf, 0xff, 0xff, 0xff, 0xfe, 0x00, 0x00, 0x00, 0x02, 0xff, 0xff, 0x9f, 
    0xff, 0xff, 0xff, 0xff, 0xff, 0xf8, 0x00, 0xff, 0xff, 0xff, 0xff, 0xff, 0xff, 0xff, 0xff, 0xfd, 
    0x00, 0x00, 0x00, 0x00, 0x00, 0x00, 0x00, 0x00, 0x00, 0x00, 0x00, 0x00, 0x00, 0x00, 0x00, 0x00, 
    0x00, 0x00, 0x00, 0x00, 0x16, 0xfd, 0x07, 0xff, 0xaa, 0xaa, 0xaa, 0xaa, 0xaa, 0xaa, 0xaa, 0xaa, 
    0xaa, 0xaa, 0xaa, 0xaa, 0xaa, 0xaa, 0xaa, 0xaa, 0xaa, 0xaa, 0x92, 0xaa, 0xaa, 0xaa, 0xaa, 0xaa, 
    0xff, 0xff, 0xff, 0xff, 0xff, 0xff, 0xff, 0xff, 0xff, 0xff, 0xff, 0xff, 0xff, 0xff, 0xff, 0xff, 
    0xff, 0xff, 0xff, 0xff, 0xff, 0xff, 0xff, 0xff, 0xff, 0xff, 0xff, 0xff, 0xff, 0xff, 0xff, 0xbf, 
    0xff, 0xff, 0xaf, 0xff, 0xff, 0xaf, 0xff, 0xff, 0xff, 0xff, 0xff, 0xff, 0xff, 0xff, 0xff, 0xef, 
    0xff, 0xff, 0xea, 0xff, 0xff, 0xfa, 0xbf, 0xff, 0xfa, 0xbf, 0xff, 0xfa, 0xff, 0xff, 0xff, 0xfa, 
    0xff, 0xff, 0xfe, 0xff, 0xff, 0xfe, 0xff, 0xff, 0xfe, 0xff, 0xff, 0xff, 0xff, 0xff, 0xff, 0xff, 
    0xff, 0xff, 0xff, 0xff, 0xff, 0xff, 0xff, 0xfe, 0xaa, 0xaa, 0xaa, 0xaa, 0xaa, 0xaa, 0xaa, 0xaa, 
    0xaa, 0xaa, 0xaa, 0xaa, 0xaa, 0xaa, 0xaa, 0xaa, 0xaa, 0xaa, 0xaa, 0xaa, 0xaa, 0xaa, 0xaa, 0xaa, 
    0xaa, 0xaa, 0xaa, 0xaa, 0xaa, 0xaa, 0xa8, 0x2a, 0xaa, 0xaa, 0xaa, 0xaa, 0xff, 0xff, 0xff, 0xff, 
    0xff, 0x80, 0x00, 0x00, 0x00, 0xff, 0xff, 0xe6, 0xff, 0xff, 0xff, 0xff, 0xff, 0xff, 0x40, 0x3f, 
    0xff, 0xff, 0xff, 0xff, 0xff, 0xff, 0xff, 0xff, 0xd0, 0x00, 0x00, 0x00, 0x00, 0x00, 0x00, 0x00, 
    0x00, 0x00, 0x00, 0x00, 0x00, 0x00, 0x00, 0x00, 0x00, 0x00, 0x00, 0x01, 0x6f, 0xff, 0x81, 0xff, 
    0xfa, 0xaa, 0xaa, 0xaa, 0xaa, 0xaa, 0xaa, 0xaa, 0xaa, 0xaa, 0xaa, 0xaa, 0xaa, 0xaa, 0xaa, 0xaa, 
    0xaa, 0xaa, 0x5a, 0xaa, 0xaa, 0xaa, 0xaa, 0xaa, 0xff, 0xff, 0xff, 0xff, 0xff, 0xff, 0xff, 0xff, 
    0xff, 0xff, 0xff, 0xff, 0xff, 0xff, 0xff, 0xff, 0xff, 0xff, 0xff, 0xff, 0xff, 0xff, 0xff, 0xff, 
    0xff, 0xff, 0xff, 0xff, 0xff, 0xff, 0xfe, 0xaf, 0xff, 0xfe, 0xab, 0xff, 0xff, 0xab, 0xff, 0xff, 
    0xaf, 0xff, 0xff, 0xff, 0xab, 0xff, 0xff, 0xeb, 0xff, 0xff, 0xea, 0xff, 0xff, 0xea, 0xbf, 0xff, 
    0xfa, 0xbf, 0xff, 0xff, 0xff, 0xff, 0xff, 0xfa, 0xbf, 0xff, 0xfa, 0xbf, 0xff, 0xfa, 0xbf, 0xff, 
    0xfa, 0xbf, 0xff, 0xfe, 0xbf, 0xff, 0xff, 0xff, 0xff, 0xff, 0xff, 0xff, 0xff, 0xff, 0xff, 0xff, 
    0xaa, 0xaa, 0xaa, 0xaa, 0xaa, 0xaa, 0xaa, 0xaa, 0xaa, 0xaa, 0xaa, 0xaa, 0xaa, 0xaa, 0xaa, 0xaa, 
    0xaa, 0xaa, 0xaa, 0xaa, 0xaa, 0xaa, 0xaa, 0xaa, 0xaa, 0xaa, 0xaa, 0xaa, 0xaa, 0xaa, 0xaa, 0x0a, 
    0xaa, 0xaa, 0xaa, 0xab, 0xff, 0xff, 0xff, 0xff, 0xff, 0xd0, 0x00, 0x00, 0x00, 0x7f, 0xff, 0xfe, 
    0xbf, 0xff, 0xff, 0xff, 0xff, 0xff, 0xe0, 0x0b, 0xff, 0xff, 0xff, 0xff, 0xff, 0xff, 0xff, 0xff, 
    0xfd, 0x00, 0x00, 0x00, 0x00, 0x00, 0x00, 0x00, 0x00, 0x00, 0x00, 0x00, 0x00, 0x00, 0x00, 0x00, 
    0x00, 0x00, 0x00, 0x15, 0xff, 0xff, 0xe0, 0x7f, 0xfe, 0xaa, 0xaa, 0xaa, 0xaa, 0xaa, 0xaa, 0xaa, 
    0xaa, 0xaa, 0xaa, 0xaa, 0xaa, 0xaa, 0xaa, 0xaa, 0xaa, 0xa8, 0x6a, 0xaa, 0xaa, 0xaa, 0xaa, 0xaa, 
    0xff, 0xff, 0xff, 0xff, 0xff, 0xff, 0xff, 0xff, 0xff, 0xff, 0xff, 0xff, 0xff, 0xff, 0xff, 0xff, 
    0xff, 0xff, 0xff, 0xff, 0xff, 0xff, 0xff, 0xff, 0xff, 0xff, 0xff, 0xff, 0xff, 0xff, 0xfe, 0xab, 
    0xff, 0xfe, 0xab, 0xff, 0xff, 0xab, 0xff, 0xff, 0xaf, 0xff, 0xff, 0xff, 0xab, 0xff, 0xff, 0xea, 
    0xff, 0xff, 0xea, 0xff, 0xff, 0xfa, 0xff, 0xff, 0xff, 0xff, 0xff, 0xff, 0xfe, 0xbf, 0xff, 0xfa, 
    0xbf, 0xff, 0xfa, 0xbf, 0xff, 0xfa, 0xbf, 0xff, 0xfa, 0xbf, 0xff, 0xfa, 0xff, 0xff, 0xff, 0xff, 
    0xff, 0xff, 0xff, 0xff, 0xff, 0xff, 0xff, 0xff, 0xea, 0xaa, 0xaa, 0xaa, 0xaa, 0xaa, 0xaa, 0xaa, 
    0xaa, 0xaa, 0xaa, 0xaa, 0xaa, 0xaa, 0xaa, 0xaa, 0xaa, 0xaa, 0xaa, 0xaa, 0xaa, 0xaa, 0xaa, 0xaa, 
    0xaa, 0xaa, 0xaa, 0xaa, 0xaa, 0xaa, 0xaa, 0x82, 0xaa, 0xaa, 0xaa, 0xaf, 0xff, 0xff, 0xff, 0xff, 
    0xff, 0xf0, 0x00, 0x00, 0x00, 0x2f, 0xff, 0xff, 0xaf, 0xff, 0xff, 0xff, 0xff, 0xff, 0xfd, 0x02, 
    0xff, 0xff, 0xff, 0xff, 0xff, 0xff, 0xff, 0xff, 0xff, 0xd0, 0x00, 0x00, 0x00, 0x00, 0x00, 0x00, 
    0x00, 0x00, 0x00, 0x00, 0x00, 0x00, 0x00, 0x00, 0x00, 0x00, 0x01, 0x5b, 0xff, 0xff, 0xf8, 0x1f, 
    0xff, 0xaa, 0xaa, 0xaa, 0xaa, 0xaa, 0xaa, 0xaa, 0xaa, 0xaa, 0xaa, 0xaa, 0xaa, 0xaa, 0xaa, 0xaa, 
    0xaa, 0xa1, 0xaa, 0xaa, 0xaa, 0xaa, 0xaa, 0xaa, 0xff, 0xff, 0xff, 0xff, 0xff, 0xff, 0xff, 0xff, 
    0xff, 0xff, 0xff, 0xff, 0xff, 0xff, 0xff, 0xff, 0xff, 0xff, 0xff, 0xff, 0xff, 0xff, 0xff, 0xff, 
    0xff, 0xff, 0xff, 0xff, 0xff, 0xff, 0xff, 0xaf, 0xff, 0xff, 0xaf, 0xff, 0xff, 0xff, 0xff, 0xff, 
    0xef, 0xff, 0xff, 0xff, 0xef, 0xff, 0xff, 0xfb, 0xff, 0xff, 0xff, 0xff, 0xff, 0xff, 0xff, 0xff, 
    0xff, 0xff, 0xff, 0xff, 0xfa, 0xbf, 0xff, 0xfe, 0xff, 0xff, 0xfe, 0xff, 0xff, 0xfe, 0xff, 0xff, 
    0xfe, 0xbf, 0xff, 0xff, 0xff, 0xff, 0xff, 0xff, 0xff, 0xff, 0xff, 0xff, 0xff, 0xff, 0xff, 0xff, 
    0xea, 0xaa, 0xaa, 0xaa, 0xaa, 0xaa, 0xaa, 0xaa, 0xaa, 0xaa, 0xaa, 0xaa, 0xaa, 0xaa, 0xaa, 0xaa, 
    0xaa, 0xaa, 0xaa, 0xaa, 0xaa, 0xaa, 0xaa, 0xaa, 0xaa, 0xaa, 0xaa, 0xaa, 0xaa, 0xaa, 0xaa, 0xa0, 
    0xaa, 0xaa, 0xaa, 0xbf, 0xff, 0xff, 0xff, 0xff, 0xff, 0xfc, 0x00, 0x00, 0x00, 0x0f, 0xff, 0xff, 
    0xe7, 0xff, 0xff, 0xff, 0xff, 0xff, 0xff, 0x80, 0x7f, 0xff, 0xff, 0xff, 0xff, 0xff, 0xff, 0xff, 
    0xff, 0xfd, 0x14, 0x00, 0x00, 0x00, 0x00, 0x00, 0x00, 0x00, 0x00, 0x00, 0x00, 0x00, 0x00, 0x00, 
    0x00, 0x00, 0x15, 0xbf, 0xff, 0xff, 0xfe, 0x07, 0xff, 0xea, 0xaa, 0xaa, 0xaa, 0xaa, 0xaa, 0xaa, 
    0xaa, 0xaa, 0xaa, 0xaa, 0xaa, 0xaa, 0xaa, 0xaa, 0xaa, 0x8a, 0xaa, 0xaa, 0xaa, 0xaa, 0xaa, 0xaa, 
    0xff, 0xff, 0xff, 0xff, 0xff, 0xff, 0xff, 0xff, 0xff, 0xff, 0xff, 0xff, 0xff, 0xff, 0xff, 0xff, 
    0xff, 0xff, 0xff, 0xff, 0xff, 0xff, 0xff, 0xff, 0xff, 0xff, 0xff, 0xff, 0xff, 0xff, 0xff, 0xff, 
    0xff, 0xff, 0xff, 0xff, 0xff, 0xff, 0xff, 0xff, 0xff, 0xff, 0xff, 0xff, 0xff, 0xff, 0xff, 0xff, 
    0xff, 0xff, 0xff, 0xff, 0xff, 0xff, 0xff, 0xff, 0xff, 0xff, 0xff, 0xff, 0xff, 0xff, 0xff, 0xff, 
    0xff, 0xff, 0xff, 0xff, 0xff, 0xff, 0xff, 0xff, 0xff, 0xff, 0xff, 0xff, 0xff, 0xff, 0xff, 0xff, 
    0xff, 0xff, 0xff, 0xff, 0xff, 0xff, 0xff, 0xff, 0xfa, 0xaa, 0xaa, 0xaa, 0xaa, 0xaa, 0xaa, 0xaa, 
    0xaa, 0xaa, 0xaa, 0xaa, 0xaa, 0xaa, 0xaa, 0xaa, 0xaa, 0xaa, 0xaa, 0xaa, 0xaa, 0xaa, 0xaa, 0xaa, 
    0xaa, 0xaa, 0xaa, 0xaa, 0xaa, 0xaa, 0xaa, 0xa8, 0x1a, 0xaa, 0xaa, 0xff, 0xff, 0xff, 0xff, 0xff, 
    0xff, 0xfe, 0x00, 0x00, 0x00, 0x0b, 0xff, 0xff, 0xf9, 0xbf, 0xff, 0xff, 0xff, 0xff, 0xff, 0xf4, 
    0x1f, 0xff, 0xff, 0xff, 0xff, 0xff, 0xff, 0xff, 0xff, 0xff, 0xd2, 0x80, 0x00, 0x00, 0x00, 0x00, 
    0x00, 0x00, 0x00, 0x00, 0x00, 0x00, 0x00, 0x00, 0x00, 0x01, 0x1b, 0xff, 0xff, 0xff, 0xff, 0x81, 
    0xff, 0xfa, 0xaa, 0xaa, 0xaa, 0xaa, 0xaa, 0xaa, 0xaa, 0xaa, 0xaa, 0xaa, 0xaa, 0xaa, 0xaa, 0xaa, 
    0xa9, 0x6a, 0xaa, 0xaa, 0xaa, 0xaa, 0xaa, 0xaa, 0xff, 0xff, 0xff, 0xff, 0xff, 0xff, 0xff, 0xff, 
    0xff, 0xff, 0xff, 0xff, 0xff, 0xff, 0xff, 0xff, 0xff, 0xff, 0xff, 0xff, 0xff, 0xff, 0xff, 0xff, 
    0xff, 0xff, 0xff, 0xff, 0xff, 0xff, 0xff, 0xff, 0xff, 0xff, 0xff, 0xff, 0xff, 0xff, 0xff, 0xff, 
    0xff, 0xff, 0xff, 0xff, 0xff, 0xff, 0xff, 0xff, 0xff, 0xff, 0xff, 0xff, 0xff, 0xff, 0xff, 0xef, 
    0xff, 0xff, 0xab, 0xff, 0xff, 0xff, 0xff, 0xff, 0xff, 0xff, 0xff, 0xff, 0xff, 0xff, 0xff, 0xff, 
    0xff, 0xff, 0xff, 0xff, 0xff, 0xff, 0xff, 0xff, 0xff, 0xff, 0xff, 0xff, 0xff, 0xff, 0xff, 0xff, 
    0xfe, 0xaa, 0xaa, 0xaa, 0xaa, 0xaa, 0xaa, 0xaa, 0xaa, 0xaa, 0xaa, 0xaa, 0xaa, 0xaa, 0xaa, 0xaa, 
    0xaa, 0xaa, 0xaa, 0xaa, 0xaa, 0xaa, 0xaa, 0xaa, 0xaa, 0xaa, 0xaa, 0xaa, 0xaa, 0xaa, 0xaa, 0xaa, 
    0x06, 0xaa, 0xab, 0xff, 0xff, 0xff, 0xff, 0xff, 0xff, 0xff, 0x00, 0x00, 0x00, 0x03, 0xff, 0xff, 
    0xfe, 0x6f, 0xff, 0xff, 0xff, 0xff, 0xff, 0xff, 0x03, 0xff, 0xff, 0xff, 0xff, 0xff, 0xff, 0xff, 
    0xff, 0xff, 0xfd, 0x29, 0x00, 0x00, 0x00, 0x00, 0x00, 0x00, 0x00, 0x00, 0x00, 0x00, 0x00, 0x00, 
    0x00, 0x41, 0xbf, 0xff, 0xff, 0xff, 0xff, 0xe0, 0x3f, 0xfe, 0xaa, 0xaa, 0xaa, 0xaa, 0xaa, 0xaa, 
    0xaa, 0xaa, 0xaa, 0xaa, 0xaa, 0xaa, 0xaa, 0xaa, 0xa5, 0xaa, 0xaa, 0xaa, 0xaa, 0xaa, 0xaa, 0xaa, 
    0xff, 0xff, 0xff, 0xff, 0xff, 0xff, 0xff, 0xff, 0xff, 0xff, 0xff, 0xff, 0xff, 0xff, 0xff, 0xff, 
    0xff, 0xff, 0xff, 0xff, 0xff, 0xff, 0xff, 0xff, 0xff, 0xff, 0xff, 0xff, 0xff, 0xff, 0xff, 0xff, 
    0xfa, 0xff, 0xff, 0xfa, 0xff, 0xff, 0xfe, 0xff, 0xff, 0xff, 0xff, 0xff, 0xff, 0xff, 0xff, 0xff, 
    0xfe, 0xbf, 0xff, 0xff, 0xaf, 0xff, 0xff, 0xab, 0xff, 0xff, 0xab, 0xff, 0xff, 0xff, 0xff, 0xff, 
    0xff, 0xef, 0xff, 0xff, 0xef, 0xff, 0xff, 0xef, 0xff, 0xff, 0xeb, 0xff, 0xff, 0xff, 0xff, 0xff, 
    0xff, 0xff, 0xff, 0xff, 0xff, 0xff, 0xff, 0xff, 0xff, 0xaa, 0xaa, 0xaa, 0xaa, 0xaa, 0xaa, 0xaa, 
    0xaa, 0xaa, 0xaa, 0xaa, 0xaa, 0xaa, 0xaa, 0xaa, 0xaa, 0xaa, 0xaa, 0xaa, 0xaa, 0xaa, 0xaa, 0xaa, 
    0xaa, 0xaa, 0xaa, 0xaa, 0xaa, 0xaa, 0xaa, 0xaa, 0x80, 0xaa, 0xaf, 0xff, 0xff, 0xff, 0xff, 0xff, 
    0xff, 0xff, 0xc0, 0x00, 0x00, 0x02, 0xff, 0xff, 0xff, 0xeb, 0xff, 0xff, 0xff, 0xff, 0xff, 0xff, 
    0xe0, 0xbf, 0xff, 0xff, 0xff, 0xff, 0xff, 0xff, 0xff, 0xff, 0xff, 0xd2, 0xe4, 0x00, 0x00, 0x00, 
    0x00, 0x00, 0x00, 0x00, 0x00, 0x00, 0x00, 0x00, 0x00, 0x1f, 0xff, 0xff, 0xff, 0xff, 0xff, 0xf8, 
    0x0f, 0xff, 0xea, 0xaa, 0xaa, 0xaa, 0xaa, 0xaa, 0xaa, 0xaa, 0xaa, 0xaa, 0xaa, 0xaa, 0xaa, 0xaa, 
    0x9a, 0xaa, 0xaa, 0xaa, 0xaa, 0xaa, 0xaa, 0xaa, 0xff, 0xff, 0xff, 0xff, 0xff, 0xff, 0xff, 0xff, 
    0xff, 0xff, 0xff, 0xff, 0xff, 0xff, 0xff, 0xff, 0xff, 0xff, 0xff, 0xff, 0xff, 0xff, 0xff, 0xff, 
    0xff, 0xff, 0xff, 0xff, 0xff, 0xff, 0xff, 0xff, 0xea, 0xbf, 0xff, 0xfa, 0xbf, 0xff, 0xfa, 0xbf, 
    0xff, 0xff, 0xfa, 0xbf, 0xff, 0xfa, 0xbf, 0xff, 0xfe, 0xaf, 0xff, 0xfe, 0xaf, 0xff, 0xff, 0xab, 
    0xff, 0xff, 0xef, 0xff, 0xff, 0xff, 0xaf, 0xff, 0xff, 0xab, 0xff, 0xff, 0xab, 0xff, 0xff, 0xab, 
    0xff, 0xff, 0xab, 0xff, 0xff, 0xff, 0xff, 0xff, 0xff, 0xff, 0xff, 0xff, 0xff, 0xff, 0xff, 0xff, 
    0xff, 0xea, 0xaa, 0xaa, 0xaa, 0xaa, 0xaa, 0xaa, 0xaa, 0xaa, 0xaa, 0xaa, 0xaa, 0xaa, 0xaa, 0xaa, 
    0xaa, 0xaa, 0xaa, 0xaa, 0xaa, 0xaa, 0xaa, 0xaa, 0xaa, 0xaa, 0xaa, 0xaa, 0xaa, 0xaa, 0xaa, 0xaa, 
    0xa0, 0x2a, 0xbf, 0xff, 0xff, 0xff, 0xff, 0xff, 0xff, 0xff, 0xe1, 0x00, 0x00, 0x00, 0xbf, 0xff, 
    0xff, 0xfa, 0xff, 0xff, 0xff, 0xff, 0xff, 0xff, 0xfd, 0x17, 0xff, 0xff, 0xff, 0xff, 0xff, 0xff, 
    0xff, 0xff, 0xff, 0xe0, 0x2f, 0x94, 0x00, 0x00, 0x00, 0x00, 0x00, 0x00, 0x00, 0x00, 0x00, 0x00, 
    0x07, 0xff, 0xff, 0xff, 0xff, 0xff, 0xff, 0xff, 0x03, 0xff, 0xfa, 0xaa, 0xaa, 0xaa, 0xaa, 0xaa, 
    0xaa, 0xaa, 0xaa, 0xaa, 0xaa, 0xaa, 0xaa, 0xa9, 0x6a, 0xaa, 0xaa, 0xaa, 0xaa, 0xaa, 0xaa, 0xaa, 
    0xff, 0xff, 0xff, 0xff, 0xff, 0xff, 0xff, 0xff, 0xff, 0xff, 0xff, 0xff, 0xff, 0xff, 0xff, 0xff, 
    0xff, 0xff, 0xff, 0xff, 0xff, 0xff, 0xff, 0xff, 0xff, 0xff, 0xff, 0xff, 0xff, 0xff, 0xff, 0xff, 
    0xea, 0xbf, 0xff, 0xfa, 0xbf, 0xff, 0xfa, 0xbf, 0xff, 0xff, 0xfa, 0xbf, 0xff, 0xfa, 0xbf, 0xff, 
    0xfe, 0xaf, 0xff, 0xff, 0xaf, 0xff, 0xff, 0xaf, 0xff, 0xff, 0xff, 0xff, 0xff, 0xff, 0xab, 0xff, 
    0xff, 0xab, 0xff, 0xff, 0xab, 0xff, 0xff, 0xab, 0xff, 0xff, 0xab, 0xff, 0xff, 0xff, 0xff, 0xff, 
    0xff, 0xff, 0xff, 0xff, 0xff, 0xff, 0xff, 0xff, 0xff, 0xfa, 0xaa, 0xaa, 0xaa, 0xaa, 0xaa, 0xaa, 
    0xaa, 0xaa, 0xaa, 0xaa, 0xaa, 0xaa, 0xaa, 0xaa, 0xaa, 0xaa, 0xaa, 0xaa, 0xaa, 0xaa, 0xaa, 0xaa, 
    0xaa, 0xaa, 0xaa, 0xaa, 0xaa, 0xaa, 0xaa, 0xaa, 0xa8, 0x0a, 0xff, 0xff, 0xff, 0xff, 0xff, 0xff, 
    0xff, 0xff, 0xf5, 0x40, 0x00, 0x00, 0x1f, 0xff, 0xff, 0xfe, 0xbf, 0xff, 0xff, 0xff, 0xff, 0xff, 
    0xff, 0xc4, 0x7f, 0xff, 0xff, 0xff, 0xff, 0xff, 0xff, 0xff, 0xff, 0x40, 0x07, 0xff, 0xaa, 0x50, 
    0x00, 0x00, 0x00, 0x00, 0x00, 0x00, 0x00, 0x00, 0x7f, 0xff, 0xff, 0xff, 0xff, 0xff, 0xfb, 0xff, 
    0xc0, 0xff, 0xfe, 0xaa, 0xaa, 0xaa, 0xaa, 0xaa, 0xaa, 0xaa, 0xaa, 0xaa, 0xaa, 0xaa, 0xaa, 0x96, 
    0xaa, 0xaa, 0xaa, 0xaa, 0xaa, 0xaa, 0xaa, 0xaa, 0xff, 0xff, 0xff, 0xff, 0xff, 0xff, 0xff, 0xff, 
    0xff, 0xff, 0xff, 0xff, 0xff, 0xff, 0xff, 0xff, 0xff, 0xff, 0xff, 0xff, 0xff, 0xff, 0xff, 0xff, 
    0xff, 0xff, 0xff, 0xff, 0xff, 0xff, 0xff, 0xff, 0xfa, 0xff, 0xff, 0xfe, 0xff, 0xff, 0xfe, 0xff, 
    0xff, 0xff, 0xfe, 0xbf, 0xff, 0xfe, 0xbf, 0xff, 0xff, 0xff, 0xff, 0xff, 0xff, 0xff, 0xff, 0xff, 
    0xff, 0xff, 0xff, 0xff, 0xff, 0xff, 0xef, 0xff, 0xff, 0xaf, 0xff, 0xff, 0xef, 0xff, 0xff, 0xef, 
    0xff, 0xff, 0xeb, 0xff, 0xff, 0xff, 0xff, 0xff, 0xff, 0xff, 0xff, 0xff, 0xff, 0xff, 0xff, 0xff, 
    0xff, 0xfe, 0xaa, 0xaa, 0xaa, 0xaa, 0xaa, 0xaa, 0xaa, 0xaa, 0xaa, 0xaa, 0xaa, 0xaa, 0xaa, 0xaa, 
    0xaa, 0xaa, 0xaa, 0xaa, 0xaa, 0xaa, 0xaa, 0xaa, 0xaa, 0xaa, 0xaa, 0xaa, 0xaa, 0xaa, 0xaa, 0xaa, 
    0xaa, 0x02, 0xff, 0xff, 0xff, 0xff, 0xff, 0xff, 0xff, 0xff, 0xfc, 0x80, 0x00, 0x00, 0x03, 0xff, 
    0xff, 0xff, 0xaf, 0xff, 0xff, 0xff, 0xff, 0xff, 0xff, 0xf6, 0x02, 0xff, 0xff, 0xff, 0xff, 0xff, 
    0xff, 0xff, 0xf8, 0x00, 0x00, 0xbf, 0xff, 0xff, 0xa9, 0x50, 0x00, 0x00, 0x05, 0x55, 0x00, 0x00, 
    0x07, 0xff, 0xff, 0xff, 0xff, 0xff, 0xfa, 0xff, 0xf0, 0x3f, 0xff, 0xaa, 0xaa, 0xaa, 0xaa, 0xaa, 
    0xaa, 0xaa, 0xaa, 0xaa, 0xaa, 0xaa, 0xaa, 0x6a, 0xaa, 0xaa, 0xaa, 0xaa, 0xaa, 0xaa, 0xaa, 0xaa, 
    0xff, 0xff, 0xff, 0xff, 0xff, 0xff, 0xff, 0xff, 0xff, 0xff, 0xff, 0xff, 0xff, 0xff, 0xff, 0xff, 
    0xff, 0xff, 0xff, 0xff, 0xff, 0xff, 0xff, 0xff, 0xff, 0xff, 0xff, 0xff, 0xff, 0xff, 0xff, 0xff, 
    0xff, 0xff, 0xff, 0xff, 0xff, 0xff, 0xff, 0xff, 0xff, 0xff, 0xff, 0xff, 0xff, 0xff, 0xff, 0xff, 
    0xff, 0xff, 0xff, 0xff, 0xff, 0xff, 0xff, 0xff, 0xff, 0xff, 0xff, 0xfa, 0xff, 0xff, 0xff, 0xff, 
    0xff, 0xff, 0xff, 0xff, 0xff, 0xff, 0xff, 0xff, 0xff, 0xff, 0xff, 0xff, 0xff, 0xff, 0xff, 0xff, 
    0xff, 0xff, 0xff, 0xff, 0xff, 0xff, 0xff, 0xff, 0xff, 0xff, 0xea, 0xaa, 0xaa, 0xaa, 0xaa, 0xaa, 
    0xaa, 0xaa, 0xaa, 0xaa, 0xaa, 0xaa, 0xaa, 0xaa, 0xaa, 0xaa, 0xaa, 0xaa, 0xaa, 0xaa, 0xaa, 0xaa, 
    0xaa, 0xaa, 0xaa, 0xaa, 0xaa, 0xaa, 0xaa, 0xaa, 0xaa, 0x80, 0x7f, 0xff, 0xff, 0xff, 0xff, 0xff, 
    0xff, 0xff, 0xfe, 0x30, 0x00, 0x00, 0x00, 0x7f, 0xff, 0xff, 0xfb, 0xff, 0xff, 0xff, 0xff, 0xff, 
    0xff, 0xfe, 0x90, 0x1b, 0xff, 0xff, 0xff, 0xff, 0xff, 0xff, 0xd0, 0x00, 0x02, 0x5b, 0xff, 0xeb, 
    0xff, 0xfe, 0x1a, 0xaa, 0xaa, 0xaa, 0x40, 0x00, 0x00, 0xbf, 0xff, 0xff, 0xff, 0xff, 0xfa, 0xff, 
    0xe0, 0x0b, 0xff, 0xfa, 0xaa, 0xaa, 0xaa, 0xaa, 0xaa, 0xaa, 0xaa, 0xaa, 0xaa, 0xaa, 0xa5, 0xaa, 
    0xaa, 0xaa, 0xaa, 0xaa, 0xaa, 0xaa, 0xaa, 0xaa, 0xff, 0xff, 0xff, 0xff, 0xff, 0xff, 0xff, 0xff, 
    0xff, 0xff, 0xff, 0xff, 0xff, 0xff, 0xff, 0xff, 0xff, 0xff, 0xff, 0xff, 0xff, 0xff, 0xff, 0xff, 
    0xff, 0xff, 0xff, 0xff, 0xff, 0xff, 0xff, 0xff, 0xff, 0xff, 0xff, 0xff, 0xff, 0xff, 0xff, 0xff, 
    0xff, 0xff, 0xff, 0xff, 0xff, 0xff, 0xff, 0xff, 0xff, 0xff, 0xff, 0xff, 0xff, 0xff, 0xff, 0xff, 
    0xfa, 0xff, 0xff, 0xfb, 0xff, 0xff, 0xff, 0xff, 0xff, 0xff, 0xff, 0xff, 0xff, 0xff, 0xff, 0xff, 
    0xff, 0xff, 0xff, 0xff, 0xff, 0xff, 0xff, 0xff, 0xff, 0xff, 0xff, 0xff, 0xff, 0xff, 0xff, 0xff, 
    0xff, 0xff, 0xfa, 0xaa, 0xaa, 0xaa, 0xaa, 0xaa, 0xaa, 0xaa, 0xaa, 0xaa, 0xaa, 0xaa, 0xaa, 0xaa, 
    0xaa, 0xaa, 0xaa, 0xaa, 0xaa, 0xaa, 0xaa, 0xaa, 0xaa, 0xaa, 0xaa, 0xaa, 0xaa, 0xaa, 0xaa, 0xaa, 
    0xaa, 0xb4, 0x1f, 0xff, 0xff, 0xff, 0xff, 0xff, 0xff, 0xff, 0xff, 0x5c, 0x00, 0x00, 0x00, 0x0b, 
    0xff, 0xff, 0xfe, 0xbf, 0xff, 0xff, 0xff, 0xff, 0xff, 0xff, 0xa8, 0x00, 0x6f, 0xff, 0xff, 0xff, 
    0xff, 0xf8, 0x00, 0x00, 0x2f, 0xf5, 0xbf, 0xfd, 0xbf, 0xfe, 0x1f, 0xff, 0xff, 0xff, 0xe0, 0x00, 
    0x00, 0x1f, 0xff, 0xff, 0xff, 0xff, 0xf7, 0xff, 0x40, 0x02, 0xff, 0xfe, 0xaa, 0xaa, 0xaa, 0xaa, 
    0xaa, 0xaa, 0xaa, 0xaa, 0xaa, 0xaa, 0x5a, 0xaa, 0xaa, 0xaa, 0xaa, 0xaa, 0xaa, 0xaa, 0xaa, 0xaa, 
    0xff, 0xff, 0xff, 0xff, 0xff, 0xff, 0xff, 0xff, 0xff, 0xff, 0xff, 0xff, 0xff, 0xff, 0xff, 0xff, 
    0xff, 0xff, 0xff, 0xff, 0xff, 0xff, 0xff, 0xff, 0xff, 0xff, 0xff, 0xff, 0xff, 0xff, 0xff, 0xff, 
    0xff, 0xff, 0xff, 0xff, 0xff, 0xaf, 0xff, 0xff, 0xaf, 0xff, 0xff, 0xff, 0xff, 0xff, 0xff, 0xff, 
    0xff, 0xff, 0xfa, 0xff, 0xff, 0xea, 0xbf, 0xff, 0xfa, 0xbf, 0xff, 0xff, 0xff, 0xff, 0xff, 0xff, 
    0xff, 0xff, 0xfe, 0xff, 0xff, 0xfe, 0xff, 0xff, 0xfe, 0xbf, 0xff, 0xff, 0xff, 0xff, 0xff, 0xff, 
    0xff, 0xff, 0xff, 0xff, 0xff, 0xff, 0xff, 0xff, 0xff, 0xff, 0xfe, 0xaa, 0xaa, 0xaa, 0xaa, 0xaa, 
    0xaa, 0xaa, 0xaa, 0xaa, 0xaa, 0xaa, 0xaa, 0xaa, 0xaa, 0xaa, 0xaa, 0xaa, 0xaa, 0xaa, 0xaa, 0xaa, 
    0xaa, 0xaa, 0xaa, 0xaa, 0xaa, 0xaa, 0xaa, 0xaa, 0xab, 0xfd, 0x03, 0xff, 0xff, 0xff, 0xff, 0xff, 
    0xff, 0xff, 0xff, 0xca, 0x00, 0x00, 0x00, 0x01, 0xff, 0xff, 0xff, 0xaf, 0xff, 0xff, 0xea, 0xff, 
    0xff, 0xff, 0xfb, 0x90, 0x01, 0xbf, 0xff, 0xff, 0xfe, 0x40, 0x00, 0x01, 0xff, 0xff, 0x5b, 0xff, 
    0x95, 0x95, 0x1f, 0xff, 0xff, 0xff, 0xfe, 0x00, 0x00, 0x01, 0xff, 0xff, 0xff, 0xff, 0xf7, 0xf8, 
    0x00, 0x00, 0xbf, 0xff, 0xaa, 0xaa, 0xaa, 0xaa, 0xaa, 0xaa, 0xaa, 0xaa, 0xaa, 0xa5, 0xaa, 0xaa, 
    0xaa, 0xaa, 0xaa, 0xaa, 0xaa, 0xaa, 0xaa, 0xaa, 0xff, 0xff, 0xff, 0xff, 0xff, 0xff, 0xff, 0xff, 
    0xff, 0xff, 0xff, 0xff, 0xff, 0xff, 0xff, 0xff, 0xff, 0xff, 0xff, 0xff, 0xff, 0xff, 0xff, 0xff, 
    0xff, 0xff, 0xff, 0xff, 0xff, 0xff, 0xff, 0xff, 0xff, 0xff, 0xab, 0xff, 0xff, 0xab, 0xff, 0xfe, 
    0xaf, 0xff, 0xff, 0xff, 0xab, 0xff, 0xff, 0xeb, 0xff, 0xff, 0xea, 0xff, 0xff, 0xea, 0xbf, 0xff, 
    0xfa, 0xbf, 0xff, 0xff, 0xff, 0xff, 0xff, 0xfa, 0xff, 0xff, 0xfa, 0xbf, 0xff, 0xfa, 0xbf, 0xff, 
    0xfa, 0xbf, 0xff, 0xff, 0xff, 0xff, 0xff, 0xff, 0xff, 0xff, 0xff, 0xff, 0xff, 0xff, 0xff, 0xff, 
    0xff, 0xff, 0xff, 0xaa, 0xaa, 0xaa, 0xaa, 0xaa, 0xaa, 0xaa, 0xaa, 0xaa, 0xaa, 0xaa, 0xaa, 0xaa, 
    0xaa, 0xaa, 0xaa, 0xaa, 0xaa, 0xaa, 0xaa, 0xaa, 0xaa, 0xaa, 0xaa, 0xaa, 0xaa, 0xaa, 0xaa, 0xaa, 
    0xaf, 0xff, 0x40, 0xbf, 0xff, 0xff, 0xff, 0xff, 0xff, 0xff, 0xff, 0xe3, 0x80, 0x00, 0x00, 0x00, 
    0x2f, 0xff, 0xff, 0xfb, 0xff, 0xff, 0xff, 0xab, 0xff, 0xff, 0xf9, 0xfd, 0x00, 0x00, 0x5a, 0xaa, 
    0x40, 0x00, 0x00, 0x1f, 0xff, 0xff, 0xf5, 0xbf, 0xfd, 0x00, 0x1f, 0xff, 0xff, 0xff, 0xff, 0xd0, 
    0x00, 0x00, 0x2f, 0xff, 0xff, 0xff, 0xfb, 0x80, 0x00, 0x04, 0x2f, 0xff, 0xea, 0xaa, 0xaa, 0xaa, 
    0xaa, 0xaa, 0xaa, 0xaa, 0xaa, 0x5a, 0xaa, 0xaa, 0xaa, 0xaa, 0xaa, 0xaa, 0xaa, 0xaa, 0xaa, 0xaa, 
    0xff, 0xff, 0xff, 0xff, 0xff, 0xff, 0xff, 0xff, 0xff, 0xff, 0xff, 0xff, 0xff, 0xff, 0xff, 0xff, 
    0xff, 0xff, 0xff, 0xff, 0xff, 0xff, 0xff, 0xff, 0xff, 0xff, 0xff, 0xff, 0xff, 0xff, 0xff, 0xff, 
    0xff, 0xff, 0xab, 0xff, 0xff, 0xab, 0xff, 0xff, 0xaf, 0xff, 0xff, 0xff, 0xab, 0xff, 0xff, 0xea, 
    0xff, 0xff, 0xea, 0xff, 0xff, 0xfa, 0xff, 0xff, 0xff, 0xff, 0xff, 0xff, 0xfe, 0xff, 0xff, 0xea, 
    0xbf, 0xff, 0xfa, 0xbf, 0xff, 0xfa, 0xbf, 0xff, 0xfa, 0xbf, 0xff, 0xff, 0xff, 0xff, 0xff, 0xff, 
    0xff, 0xff, 0xff, 0xff, 0xff, 0xff, 0xff, 0xff, 0xff, 0xff, 0xff, 0xea, 0xaa, 0xaa, 0xaa, 0xaa, 
    0xaa, 0xaa, 0xaa, 0xaa, 0xaa, 0xaa, 0xaa, 0xaa, 0xaa, 0xaa, 0xaa, 0xaa, 0xaa, 0xaa, 0xaa, 0xaa, 
    0xaa, 0xaa, 0xaa, 0xaa, 0xaa, 0xaa, 0xaa, 0xaa, 0xbf, 0xff, 0xe0, 0x1f, 0xff, 0xff, 0xff, 0xff, 
    0xff, 0xff, 0xff, 0xf2, 0xd0, 0x00, 0x00, 0x00, 0x02, 0xff, 0xff, 0xfe, 0xbf, 0xff, 0xff, 0xfe, 
    0xaa, 0xaa, 0x55, 0x6f, 0xe4, 0x00, 0x00, 0x00, 0x00, 0x00, 0x06, 0xff, 0xff, 0xff, 0xfe, 0x5b, 
    0xff, 0xa0, 0x06, 0xff, 0xff, 0xff, 0xff, 0xfd, 0x00, 0x00, 0x07, 0xff, 0xff, 0xff, 0xd0, 0x00, 
    0x00, 0x1e, 0x07, 0xff, 0xea, 0xaa, 0xaa, 0xaa, 0xaa, 0xaa, 0xaa, 0xaa, 0xa5, 0xaa, 0xaa, 0xaa, 
    0xaa, 0xaa, 0xaa, 0xaa, 0xaa, 0xaa, 0xaa, 0xaa, 0xff, 0xff, 0xff, 0xff, 0xff, 0xff, 0xff, 0xff, 
    0xff, 0xff, 0xff, 0xff, 0xff, 0xff, 0xff, 0xff, 0xff, 0xff, 0xff, 0xff, 0xff, 0xff, 0xff, 0xff, 
    0xff, 0xff, 0xff, 0xff, 0xff, 0xff, 0xff, 0xff, 0xff, 0xff, 0xaf, 0xff, 0xff, 0xef, 0xff, 0xff, 
    0xff, 0xff, 0xff, 0xff, 0xeb, 0xff, 0xff, 0xfb, 0xff, 0xff, 0xff, 0xff, 0xff, 0xff, 0xff, 0xff, 
    0xff, 0xff, 0xff, 0xff, 0xfe, 0xff, 0xff, 0xfa, 0xff, 0xff, 0xfe, 0xff, 0xff, 0xfe, 0xff, 0xff, 
    0xfe, 0xff, 0xff, 0xff, 0xff, 0xff, 0xff, 0xff, 0xff, 0xff, 0xff, 0xff, 0xff, 0xff, 0xff, 0xff, 
    0xff, 0xff, 0xff, 0xfe, 0xaa, 0xaa, 0xaa, 0xaa, 0xaa, 0xaa, 0xaa, 0xaa, 0xaa, 0xaa, 0xaa, 0xaa, 
    0xaa, 0xaa, 0xaa, 0xaa, 0xaa, 0xaa, 0xaa, 0xaa, 0xaa, 0xaa, 0xaa, 0xaa, 0xaa, 0xaa, 0xaa, 0xab, 
    0xff, 0xff, 0xf8, 0x02, 0xff, 0xff, 0xff, 0xff, 0xff, 0xff, 0xff, 0xf8, 0xf4, 0x00, 0x00, 0x00, 
    0x00, 0x7f, 0xff, 0xff, 0xef, 0xff, 0xff, 0xff, 0xfe, 0xaa, 0xff, 0xeb, 0xff, 0xe5, 0x00, 0x00, 
    0x00, 0x06, 0xbf, 0xff, 0xff, 0xff, 0xff, 0xf4, 0x6a, 0xaa, 0x54, 0x16, 0xff, 0xff, 0xff, 0xff, 
    0xd0, 0x00, 0x00, 0xbf, 0xff, 0xfd, 0x00, 0x00, 0x00, 0x7f, 0x81, 0xff, 0xfa, 0xaa, 0xaa, 0xaa, 
    0xaa, 0x5a, 0xaa, 0xaa, 0x5a, 0xaa, 0xaa, 0xaa, 0xaa, 0xaa, 0xaa, 0xaa, 0xaa, 0xaa, 0xaa, 0xaa, 
    0xff, 0xff, 0xff, 0xff, 0xff, 0xff, 0xff, 0xff, 0xff, 0xff, 0xff, 0xff, 0xff, 0xff, 0xff, 0xff, 
    0xff, 0xff, 0xff, 0xff, 0xff, 0xff, 0xff, 0xff, 0xff, 0xff, 0xff, 0xff, 0xff, 0xff, 0xff, 0xff, 
    0xff, 0xff, 0xff, 0xff, 0xff, 0xff, 0xff, 0xff, 0xff, 0xff, 0xff, 0xff, 0xff, 0xff, 0xff, 0xff, 
    0xff, 0xff, 0xff, 0xff, 0xff, 0xff, 0xff, 0xff, 0xff, 0xff, 0xff, 0xff, 0xff, 0xff, 0xff, 0xff, 
    0xff, 0xff, 0xff, 0xff, 0xff, 0xff, 0xff, 0xff, 0xff, 0xff, 0xff, 0xff, 0xff, 0xff, 0xff, 0xff, 
    0xff, 0xff, 0xff, 0xff, 0xff, 0xff, 0xff, 0xff, 0xff, 0xff, 0xff, 0xff, 0xaa, 0xaa, 0xaa, 0xaa, 
    0xaa, 0xaa, 0xaa, 0xaa, 0xaa, 0xaa, 0xaa, 0xaa, 0xaa, 0xaa, 0xaa, 0xaa, 0xaa, 0xaa, 0xaa, 0xaa, 
    0xaa, 0xaa, 0xaa, 0xaa, 0xaa, 0xaa, 0xaa, 0xaf, 0xff, 0xff, 0xff, 0x00, 0x7f, 0xff, 0xff, 0xff, 
    0xff, 0xff, 0xff, 0xfd, 0x7d, 0x00, 0x00, 0x00, 0x00, 0x0b, 0xff, 0xff, 0xfa, 0xff, 0xff, 0xff, 
    0xff, 0xff, 0xff, 0xfe, 0xbf, 0xff, 0xfe, 0xa9, 0x5a, 0xff, 0xff, 0xff, 0xff, 0xff, 0xff, 0xff, 
    0x40, 0x1a, 0xbf, 0x90, 0x06, 0xbf, 0xff, 0xff, 0xf8, 0x00, 0x00, 0x2f, 0xfe, 0x80, 0x00, 0x00, 
    0x02, 0xff, 0xf0, 0x7f, 0xfe, 0xaa, 0xaa, 0xaa, 0xaa, 0xa5, 0xaa, 0x96, 0xaa, 0xaa, 0xaa, 0xaa, 
    0xaa, 0xaa, 0xaa, 0xaa, 0xaa, 0xaa, 0xaa, 0xaa, 0xff, 0xff, 0xff, 0xff, 0xff, 0xff, 0xff, 0xff, 
    0xff, 0xff, 0xff, 0xff, 0xff, 0xff, 0xff, 0xff, 0xff, 0xff, 0xff, 0xff, 0xff, 0xff, 0xff, 0xff, 
    0xff, 0xff, 0xff, 0xff, 0xff, 0xff, 0xff, 0xff, 0xff, 0xff, 0xff, 0xff, 0xff, 0xff, 0xff, 0xff, 
    0xff, 0xff, 0xff, 0xff, 0xff, 0xff, 0xff, 0xff, 0xff, 0xff, 0xff, 0xff, 0xff, 0xff, 0xff, 0xff, 
    0xff, 0xff, 0xef, 0xff, 0xff, 0xff, 0xff, 0xff, 0xff, 0xff, 0xff, 0xff, 0xff, 0xff, 0xff, 0xff, 
    0xff, 0xff, 0xff, 0xff, 0xff, 0xff, 0xff, 0xff, 0xff, 0xff, 0xff, 0xff, 0xff, 0xff, 0xff, 0xff, 
    0xff, 0xff, 0xff, 0xff, 0xfa, 0xaa, 0xaa, 0xaa, 0xaa, 0xaa, 0xaa, 0xaa, 0xaa, 0xaa, 0xaa, 0xaa, 
    0xaa, 0xaa, 0xaa, 0xaa, 0xaa, 0xaa, 0xaa, 0xaa, 0xaa, 0xaa, 0xaa, 0xaa, 0xaa, 0xaa, 0xaa, 0xff, 
    0xff, 0xff, 0xff, 0xd0, 0x0f, 0xff, 0xff, 0xff, 0xff, 0xff, 0xff, 0xff, 0x2f, 0x40, 0x00, 0x00, 
    0x00, 0x01, 0xbf, 0xff, 0xfe, 0x7f, 0xff, 0xff, 0xff, 0xff, 0xff, 0xff, 0xaf, 0xff, 0xff, 0xff, 
    0xff, 0xff, 0xff, 0xff, 0xff, 0xff, 0xff, 0xff, 0xd0, 0x00, 0x16, 0xff, 0x94, 0x05, 0xaf, 0xff, 
    0xff, 0x40, 0x00, 0x06, 0x40, 0x00, 0x00, 0x00, 0x0b, 0xff, 0xfc, 0x1f, 0xff, 0xaa, 0xaa, 0xaa, 
    0xaa, 0xaa, 0xa5, 0xaa, 0xaa, 0xaa, 0xaa, 0xaa, 0xaa, 0xaa, 0xaa, 0xaa, 0xaa, 0xaa, 0xaa, 0xaa, 
    0xff, 0xff, 0xff, 0xff, 0xff, 0xff, 0xff, 0xff, 0xff, 0xff, 0xff, 0xff, 0xff, 0xff, 0xff, 0xff, 
    0xff, 0xff, 0xff, 0xff, 0xff, 0xff, 0xff, 0xff, 0xff, 0xff, 0xff, 0xff, 0xff, 0xff, 0xff, 0xff, 
    0xff, 0xff, 0xff, 0xfe, 0xff, 0xff, 0xff, 0xff, 0xff, 0xff, 0xff, 0xff, 0xff, 0xff, 0xff, 0xff, 
    0xff, 0xbf, 0xff, 0xff, 0xaf, 0xff, 0xff, 0xab, 0xff, 0xff, 0xab, 0xff, 0xff, 0xff, 0xff, 0xff, 
    0xff, 0xef, 0xff, 0xff, 0xef, 0xff, 0xff, 0xeb, 0xff, 0xff, 0xff, 0xff, 0xff, 0xff, 0xff, 0xff, 
    0xff, 0xff, 0xff, 0xff, 0xff, 0xff, 0xff, 0xff, 0xff, 0xff, 0xff, 0xff, 0xfe, 0xaa, 0xaa, 0xaa, 
    0xaa, 0xaa, 0xaa, 0xaa, 0xaa, 0xaa, 0xaa, 0xaa, 0xaa, 0xaa, 0xaa, 0xaa, 0xaa, 0xaa, 0xaa, 0xaa, 
    0xaa, 0xaa, 0xaa, 0xaa, 0xaa, 0xaa, 0xab, 0xff, 0xff, 0xff, 0xff, 0xf4, 0x02, 0xff, 0xff, 0xff, 
    0xff, 0xff, 0xff, 0xff, 0x8f, 0xd0, 0x00, 0x00, 0x00, 0x00, 0x1f, 0xff, 0xff, 0xeb, 0xff, 0xff, 
    0xff, 0xff, 0xff, 0xff, 0xea, 0xff, 0xff, 0xff, 0xff, 0xff, 0xff, 0xff, 0xff, 0xff, 0xff, 0xff, 
    0x80, 0x00, 0x00, 0x01, 0x55, 0x55, 0x00, 0x00, 0x55, 0x40, 0x00, 0x00, 0x00, 0x00, 0x00, 0x00, 
    0x7f, 0xff, 0xff, 0x42, 0xff, 0xea, 0xaa, 0xaa, 0xaa, 0xaa, 0xaa, 0xaa, 0xaa, 0xaa, 0xaa, 0xaa, 
    0xaa, 0xaa, 0xaa, 0xaa, 0xaa, 0xaa, 0xaa, 0xaa, 0xff, 0xff, 0xff, 0xff, 0xff, 0xff, 0xff, 0xff, 
    0xff, 0xff, 0xff, 0xff, 0xff, 0xff, 0xff, 0xff, 0xff, 0xff, 0xff, 0xff, 0xff, 0xff, 0xff, 0xff, 
    0xff, 0xff, 0xff, 0xff, 0xff, 0xff, 0xff, 0xff, 0xff, 0xff, 0xff, 0xfa, 0xbf, 0xff, 0xfa, 0xff, 
    0xff, 0xff, 0xfa, 0xbf, 0xff, 0xfe, 0xbf, 0xff, 0xfe, 0xaf, 0xff, 0xff, 0xaf, 0xff, 0xfe, 0xab, 
    0xff, 0xff, 0xeb, 0xff, 0xff, 0xfe, 0xaf, 0xff, 0xff, 0xab, 0xff, 0xff, 0xab, 0xff, 0xff, 0xab, 
    0xff, 0xff, 0xff, 0xff, 0xff, 0xff, 0xff, 0xff, 0xff, 0xff, 0xff, 0xff, 0xff, 0xff, 0xff, 0xff, 
    0xff, 0xff, 0xff, 0xff, 0xff, 0xea, 0xaa, 0xaa, 0xaa, 0xaa, 0xaa, 0xaa, 0xaa, 0xaa, 0xaa, 0xaa, 
    0xaa, 0xaa, 0xaa, 0xaa, 0xaa, 0xaa, 0xaa, 0xaa, 0xaa, 0xaa, 0xaa, 0xaa, 0xaa, 0xaa, 0xbf, 0xff, 
    0xff, 0xff, 0xff, 0xfe, 0x00, 0x3f, 0xff, 0xff, 0xff, 0xff, 0xff, 0xff, 0xcb, 0xf4, 0x00, 0x00, 
    0x00, 0x00, 0x01, 0xff, 0xff, 0xfe, 0xbf, 0xff, 0xff, 0xff, 0xff, 0xff, 0xf9, 0xbf, 0xff, 0xff, 
    0xff, 0xff, 0xff, 0xff, 0xff, 0xff, 0xff, 0xff, 0x00, 0x00, 0x40, 0x00, 0x00, 0x00, 0x00, 0x00, 
    0x00, 0x00, 0x00, 0x00, 0x00, 0x00, 0x00, 0x07, 0xff, 0xff, 0xff, 0xd0, 0xbf, 0xfa, 0xaa, 0xaa, 
    0xaa, 0xaa, 0xaa, 0xaa, 0xaa, 0xaa, 0xaa, 0xaa, 0xaa, 0xaa, 0xaa, 0xaa, 0xaa, 0xaa, 0xaa, 0xaa, 
    0xff, 0xff, 0xff, 0xff, 0xff, 0xff, 0xff, 0xff, 0xff, 0xff, 0xff, 0xff, 0xff, 0xff, 0xff, 0xff, 
    0xff, 0xff, 0xff, 0xff, 0xff, 0xff, 0xff, 0xff, 0xff, 0xff, 0xff, 0xff, 0xff, 0xff, 0xff, 0xff, 
    0xff, 0xff, 0xff, 0xea, 0xbf, 0xff, 0xfa, 0xff, 0xff, 0xff, 0xfa, 0xbf, 0xff, 0xfe, 0xbf, 0xff, 
    0xfe, 0xaf, 0xff, 0xff, 0xaf, 0xff, 0xff, 0xaf, 0xff, 0xff, 0xff, 0xff, 0xff, 0xfe, 0xaf, 0xff, 
    0xff, 0xab, 0xff, 0xff, 0xab, 0xff, 0xff, 0xab, 0xff, 0xff, 0xff, 0xff, 0xff, 0xff, 0xff, 0xff, 
    0xff, 0xff, 0xff, 0xff, 0xff, 0xff, 0xff, 0xff, 0xff, 0xff, 0xff, 0xff, 0xff, 0xfe, 0xaa, 0xaa, 
    0xaa, 0xaa, 0xaa, 0xaa, 0xaa, 0xaa, 0xaa, 0xaa, 0xaa, 0xaa, 0xaa, 0xaa, 0xaa, 0xaa, 0xaa, 0xaa, 
    0xaa, 0xaa, 0xaa, 0xaa, 0xaa, 0xab, 0xff, 0xff, 0xff, 0xff, 0xff, 0xff, 0xc0, 0x07, 0xff, 0xff, 
    0xff, 0xff, 0xff, 0xff, 0xe7, 0xfd, 0x00, 0x00, 0x00, 0x00, 0x00, 0x1f, 0xff, 0xff, 0xaf, 0xff, 
    0xff, 0xff, 0xff, 0xff, 0xfe, 0x5f, 0xff, 0xff, 0xff, 0xff, 0xff, 0xff, 0xff, 0xff, 0xff, 0xfc, 
    0x00, 0x02, 0xf4, 0x00, 0x00, 0x00, 0x00, 0x00, 0x00, 0x00, 0x00, 0x00, 0x00, 0x00, 0x00, 0x7f, 
    0xff, 0xff, 0xff, 0xf4, 0x2f, 0xfe, 0xaa, 0xaa, 0xaa, 0xaa, 0xaa, 0xaa, 0xaa, 0xaa, 0xaa, 0xaa, 
    0xaa, 0xaa, 0xaa, 0xaa, 0xaa, 0xaa, 0xaa, 0xaa, 0xff, 0xff, 0xff, 0xff, 0xff, 0xff, 0xff, 0xff, 
    0xff, 0xff, 0xff, 0xff, 0xff, 0xff, 0xff, 0xff, 0xff, 0xff, 0xff, 0xff, 0xff, 0xff, 0xff, 0xff, 
    0xff, 0xff, 0xff, 0xff, 0xff, 0xff, 0xff, 0xff, 0xff, 0xff, 0xff, 0xfa, 0xff, 0xff, 0xfe, 0xff, 
    0xff, 0xff, 0xfa, 0xff, 0xff, 0xfe, 0xff, 0xff, 0xff, 0xbf, 0xff, 0xff, 0xff, 0xff, 0xff, 0xff, 
    0xff, 0xff, 0xff, 0xff, 0xff, 0xff, 0xff, 0xff, 0xff, 0xaf, 0xff, 0xff, 0xef, 0xff, 0xff, 0xef, 
    0xff, 0xff, 0xff, 0xff, 0xff, 0xff, 0xff, 0xff, 0xff, 0xff, 0xff, 0xff, 0xff, 0xff, 0xff, 0xff, 
    0xff, 0xff, 0xff, 0xff, 0xff, 0xff, 0xaa, 0xaa, 0xaa, 0xaa, 0xaa, 0xaa, 0xaa, 0xaa, 0xaa, 0xaa, 
    0xaa, 0xaa, 0xaa, 0xaa, 0xaa, 0xaa, 0xaa, 0xaa, 0xaa, 0xaa, 0xaa, 0xaa, 0xaa, 0xbf, 0xff, 0xff, 
    0xff, 0xff, 0xff, 0xff, 0xf4, 0x00, 0xbf, 0xff, 0xff, 0xff, 0xff, 0xff, 0xf6, 0xff, 0x40, 0x00, 
    0x00, 0x00, 0x00, 0x02, 0xff, 0xff, 0xfa, 0xff, 0xff, 0xff, 0xff, 0xff, 0xff, 0xe6, 0xff, 0xff, 
    0xff, 0xff, 0xff, 0xff, 0xff, 0xff, 0xff, 0xf0, 0x00, 0x03, 0xff, 0xd0, 0x00, 0x00, 0x00, 0x00, 
    0x00, 0x00, 0x00, 0x00, 0x00, 0x00, 0x0b, 0xff, 0xff, 0xff, 0xff, 0xfe, 0x07, 0xfe, 0xaa, 0xaa, 
    0xaa, 0xaa, 0xaa, 0xaa, 0xaa, 0xaa, 0xaa, 0xaa, 0xaa, 0xaa, 0xaa, 0xaa, 0xaa, 0xaa, 0xaa, 0xaa, 
    0xff, 0xff, 0xff, 0xff, 0xff, 0xff, 0xff, 0xff, 0xff, 0xff, 0xff, 0xff, 0xff, 0xff, 0xff, 0xff, 
    0xff, 0xff, 0xff, 0xff, 0xff, 0xff, 0xff, 0xff, 0xff, 0xff, 0xff, 0xff, 0xff, 0xff, 0xff, 0xff, 
    0xff, 0xff, 0xff, 0xff, 0xff, 0xff, 0xff, 0xff, 0xff, 0xff, 0xff, 0xff, 0xff, 0xff, 0xff, 0xff, 
    0xff, 0xff, 0xff, 0xff, 0xff, 0xff, 0xff, 0xff, 0xff, 0xff, 0xff, 0xff, 0xff, 0xff, 0xff, 0xff, 
    0xff, 0xff, 0xff, 0xff, 0xff, 0xff, 0xff, 0xff, 0xff, 0xff, 0xff, 0xff, 0xff, 0xff, 0xff, 0xff, 
    0xff, 0xff, 0xff, 0xff, 0xff, 0xff, 0xff, 0xff, 0xff, 0xff, 0xff, 0xff, 0xff, 0xff, 0xfa, 0xaa, 
    0xaa, 0xaa, 0xaa, 0xaa, 0xaa, 0xaa, 0xaa, 0xaa, 0xaa, 0xaa, 0xaa, 0xaa, 0xaa, 0xaa, 0xaa, 0xaa, 
    0xaa, 0xaa, 0xaa, 0xaa, 0xaa, 0xff, 0xff, 0xff, 0xff, 0xff, 0xff, 0xff, 0xfe, 0x00, 0x0b, 0xff, 
    0xff, 0xff, 0xff, 0xff, 0xfd, 0xff, 0xd0, 0x00, 0x00, 0x00, 0x00, 0x00, 0x2f, 0xff, 0xff, 0xaf, 
    0xff, 0xff, 0xff, 0xff, 0xff, 0xf9, 0x7f, 0xff, 0xff, 0xff, 0xff, 0xff, 0xff, 0xff, 0xff, 0xc0, 
    0x00, 0x0b, 0xff, 0xff, 0x90, 0x00, 0x00, 0x00, 0x00, 0x00, 0x00, 0x00, 0x00, 0x00, 0xbf, 0xff, 
    0xff, 0xff, 0xff, 0xff, 0x81, 0xff, 0xaa, 0xaa, 0xaa, 0xaa, 0xaa, 0xaa, 0xaa, 0xaa, 0xaa, 0xaa, 
    0xaa, 0xaa, 0xaa, 0xaa, 0xaa, 0xaa, 0xaa, 0xaa, 0xff, 0xff, 0xff, 0xff, 0xff, 0xff, 0xff, 0xff, 
    0xff, 0xff, 0xff, 0xff, 0xff, 0xff, 0xff, 0xff, 0xff, 0xff, 0xff, 0xff, 0xff, 0xff, 0xff, 0xff, 
    0xff, 0xff, 0xff, 0xff, 0xff, 0xff, 0xff, 0xff, 0xff, 0xff, 0xff, 0xff, 0xff, 0xff, 0xff, 0xff, 
    0xff, 0xff, 0xff, 0xff, 0xff, 0xff, 0xff, 0xff, 0xff, 0xff, 0xff, 0xff, 0xff, 0xff, 0xff, 0xff, 
    0xfe, 0xff, 0xff, 0xff, 0xff, 0xff, 0xff, 0xff, 0xff, 0xff, 0xff, 0xff, 0xff, 0xff, 0xff, 0xff, 
    0xff, 0xff, 0xff, 0xff, 0xff, 0xff, 0xff, 0xff, 0xff, 0xff, 0xff, 0xff, 0xff, 0xff, 0xff, 0xff, 
    0xff, 0xff, 0xff, 0xff, 0xff, 0xff, 0xff, 0xaa, 0xaa, 0xaa, 0xaa, 0xaa, 0xaa, 0xaa, 0xaa, 0xaa, 
    0xaa, 0xaa, 0xaa, 0xaa, 0xaa, 0xaa, 0xaa, 0xaa, 0xaa, 0xaa, 0xaa, 0xaa, 0xaf, 0xff, 0xff, 0xff, 
    0xff, 0xff, 0xff, 0xff, 0xff, 0xd0, 0x01, 0xbf, 0xff, 0xff, 0xff, 0xff, 0xfd, 0xbf, 0xf4, 0x00, 
    0x00, 0x00, 0x00, 0x00, 0x01, 0xff, 0xff, 0xfa, 0xff, 0xff, 0xff, 0xff, 0xff, 0xff, 0x9b, 0xff, 
    0xff, 0xff, 0xff, 0xff, 0xff, 0xff, 0xff, 0x00, 0x00, 0x1f, 0xff, 0xff, 0xff, 0x90, 0x00, 0x00, 
    0x00, 0x00, 0x00, 0x00, 0x00, 0x29, 0xff, 0xff, 0xff, 0xff, 0xff, 0xff, 0xe0, 0x2f, 0xaa, 0xaa, 
    0xaa, 0xaa, 0xaa, 0xaa, 0xaa, 0xaa, 0xaa, 0xaa, 0xaa, 0xaa, 0xaa, 0xaa, 0xaa, 0xaa, 0xaa, 0xaa, 
    0xff, 0xff, 0xff, 0xff, 0xff, 0xff, 0xff, 0xff, 0xff, 0xff, 0xff, 0xff, 0xff, 0xff, 0xff, 0xff, 
    0xff, 0xff, 0xff, 0xff, 0xff, 0xff, 0xff, 0xff, 0xff, 0xff, 0xff, 0xff, 0xff, 0xff, 0xff, 0xff, 
    0xff, 0xff, 0xff, 0xff, 0xff, 0xff, 0xff, 0xff, 0xaf, 0xff, 0xff, 0xff, 0xff, 0xff, 0xff, 0xeb, 
    0xff, 0xff, 0xff, 0xff, 0xff, 0xfa, 0xff, 0xff, 0xfa, 0xbf, 0xff, 0xfe, 0xaf, 0xff, 0xff, 0xfb, 
    0xff, 0xff, 0xfa, 0xff, 0xff, 0xfe, 0xff, 0xff, 0xff, 0xff, 0xff, 0xff, 0xff, 0xff, 0xff, 0xff, 
    0xff, 0xff, 0xff, 0xff, 0xff, 0xff, 0xff, 0xff, 0xff, 0xff, 0xff, 0xff, 0xff, 0xff, 0xff, 0xfa, 
    0xaa, 0xaa, 0xaa, 0xaa, 0xaa, 0xaa, 0xaa, 0xaa, 0xaa, 0xaa, 0xaa, 0xaa, 0xaa, 0xaa, 0xaa, 0xaa, 
    0xaa, 0xaa, 0xaa, 0xaa, 0xff, 0xff, 0xff, 0xff, 0xff, 0xff, 0xff, 0xff, 0xff, 0xf8, 0x00, 0x1b, 
    0xff, 0xff, 0xff, 0xff, 0xff, 0x3f, 0xed, 0x00, 0x00, 0x00, 0x00, 0x00, 0x00, 0x1b, 0xff, 0xff, 
    0xaf, 0xff, 0xff, 0xff, 0xff, 0xff, 0xe5, 0xff, 0xff, 0xff, 0xff, 0xff, 0xff, 0xff, 0xf8, 0x00, 
    0x00, 0x3f, 0xff, 0xff, 0xff, 0xff, 0x94, 0x00, 0x00, 0x00, 0x00, 0x00, 0x00, 0x17, 0xff, 0xff, 
    0xff, 0xff, 0xff, 0xff, 0xfc, 0x0b, 0xea, 0xaa, 0xaa, 0xaa, 0xaa, 0xaa, 0xaa, 0xaa, 0xaa, 0xaa, 
    0xaa, 0xaa, 0xaa, 0xaa, 0xaa, 0xaa, 0xaa, 0xaa, 0xff, 0xff, 0xff, 0xff, 0xff, 0xff, 0xff, 0xff, 
    0xff, 0xff, 0xff, 0xff, 0xff, 0xff, 0xff, 0xff, 0xff, 0xff, 0xff, 0xff, 0xff, 0xff, 0xff, 0xff, 
    0xff, 0xff, 0xff, 0xff, 0xff, 0xff, 0xff, 0xff, 0xff, 0xff, 0xff, 0xff, 0xff, 0xab, 0xff, 0xff, 
    0xaf, 0xff, 0xff, 0xff, 0xab, 0xff, 0xff, 0xea, 0xff, 0xff, 0xea, 0xff, 0xff, 0xea, 0xbf, 0xff, 
    0xfa, 0xbf, 0xff, 0xfe, 0xaf, 0xff, 0xff, 0xea, 0xff, 0xff, 0xfa, 0xbf, 0xff, 0xfa, 0xbf, 0xff, 
    0xff, 0xff, 0xff, 0xff, 0xff, 0xff, 0xff, 0xff, 0xff, 0xff, 0xff, 0xff, 0xff, 0xff, 0xff, 0xff, 
    0xff, 0xff, 0xff, 0xff, 0xff, 0xff, 0xff, 0xff, 0xaa, 0xaa, 0xaa, 0xaa, 0xaa, 0xaa, 0xaa, 0xaa, 
    0xaa, 0xaa, 0xaa, 0xaa, 0xaa, 0xaa, 0xaa, 0xaa, 0xaa, 0xaa, 0xaa, 0xaf, 0xff, 0xff, 0xff, 0xff, 
    0xff, 0xff, 0xff, 0xff, 0xff, 0xff, 0x40, 0x01, 0xbf, 0xff, 0xff, 0xff, 0xff, 0x6f, 0xfb, 0x40, 
    0x00, 0x00, 0x00, 0x00, 0x00, 0x01, 0xbf, 0xff, 0xfb, 0xff, 0xff, 0xff, 0xff, 0xff, 0xfd, 0x6f, 
    0xff, 0xff, 0xff, 0xff, 0xff, 0xff, 0xe0, 0x00, 0x00, 0xbf, 0xff, 0xff, 0xff, 0xff, 0xff, 0xe9, 
    0x50, 0x00, 0x00, 0x00, 0x00, 0x07, 0xff, 0xff, 0xff, 0xff, 0xff, 0xff, 0xff, 0x42, 0xea, 0xaa, 
    0xaa, 0xaa, 0xaa, 0xaa, 0xaa, 0xaa, 0xaa, 0xaa, 0xaa, 0xaa, 0xaa, 0xaa, 0xaa, 0xaa, 0xaa, 0xaa, 
    0xff, 0xff, 0xff, 0xff, 0xff, 0xff, 0xff, 0xff, 0xff, 0xff, 0xff, 0xff, 0xff, 0xff, 0xff, 0xff, 
    0xff, 0xff, 0xff, 0xff, 0xff, 0xff, 0xff, 0xff, 0xff, 0xff, 0xff, 0xff, 0xff, 0xff, 0xff, 0xff, 
    0xff, 0xff, 0xff, 0xff, 0xfe, 0xab, 0xff, 0xff, 0xaf, 0xff, 0xff, 0xff, 0xab, 0xff, 0xff, 0xea, 
    0xff, 0xff, 0xea, 0xff, 0xff, 0xfa, 0xff, 0xff, 0xfa, 0xbf, 0xff, 0xfe, 0xaf, 0xff, 0xff, 0xea, 
    0xff, 0xff, 0xfa, 0xbf, 0xff, 0xfa, 0xff, 0xff, 0xff, 0xff, 0xff, 0xff, 0xff, 0xff, 0xff, 0xff, 
    0xff, 0xff, 0xff, 0xff, 0xff, 0xff, 0xff, 0xff, 0xff, 0xff, 0xff, 0xff, 0xff, 0xff, 0xff, 0xff, 
    0xfe, 0xaa, 0xaa, 0xaa, 0xaa, 0xaa, 0xaa, 0xaa, 0xaa, 0xaa, 0xaa, 0xaa, 0xaa, 0xaa, 0xaa, 0xaa, 
    0xaa, 0xaa, 0xab, 0xff, 0xff, 0xff, 0xff, 0xff, 0xff, 0xff, 0xff, 0xff, 0xff, 0xff, 0xe0, 0x00, 
    0x0b, 0xff, 0xff, 0xff, 0xff, 0xcf, 0xfd, 0xe0, 0x00, 0x00, 0x00, 0x00, 0x00, 0x00, 0x07, 0xff, 
    0xfe, 0xbf, 0xff, 0xff, 0xff, 0xff, 0xff, 0x42, 0xff, 0xff, 0xff, 0xff, 0xff, 0xff, 0x40, 0x00, 
    0x01, 0xff, 0xff, 0xff, 0xff, 0xff, 0xff, 0xff, 0xff, 0xff, 0xc0, 0x00, 0x00, 0x02, 0xff, 0xff, 
    0xff, 0xff, 0xff, 0xff, 0xff, 0xd0, 0x7a, 0xaa, 0xaa, 0xaa, 0xaa, 0xaa, 0xaa, 0xaa, 0xaa, 0xaa, 
    0xaa, 0xaa, 0xaa, 0xaa, 0xaa, 0xaa, 0xaa, 0xaa, 0xff, 0xff, 0xff, 0xff, 0xff, 0xff, 0xff, 0xff, 
    0xff, 0xff, 0xff, 0xff, 0xff, 0xff, 0xff, 0xff, 0xff, 0xff, 0xff, 0xff, 0xff, 0xff, 0xff, 0xff, 
    0xff, 0xff, 0xff, 0xff, 0xff, 0xff, 0xff, 0xff, 0xff, 0xff, 0xff, 0xff, 0xff, 0xaf, 0xff, 0xff, 
    0xff, 0xff, 0xff, 0xff, 0xeb, 0xff, 0xff, 0xeb, 0xff, 0xff, 0xff, 0xff, 0xff, 0xff, 0xff, 0xff, 
    0xff, 0xff, 0xff, 0xff, 0xff, 0xff, 0xff, 0xfb, 0xff, 0xff, 0xfa, 0xff, 0xff, 0xff, 0xff, 0xff, 
    0xff, 0xff, 0xff, 0xff, 0xff, 0xff, 0xff, 0xff, 0xff, 0xff, 0xff, 0xff, 0xff, 0xff, 0xff, 0xff, 
    0xff, 0xff, 0xff, 0xff, 0xff, 0xff, 0xff, 0xff, 0xff, 0xea, 0xaa, 0xaa, 0xaa, 0xaa, 0xaa, 0xaa, 
    0xaa, 0xaa, 0xaa, 0xaa, 0xaa, 0xaa, 0xaa, 0xaa, 0xaa, 0xaa, 0xbf, 0xff, 0xff, 0xff, 0xff, 0xff, 
    0xff, 0xff, 0xff, 0xff, 0xff, 0xff, 0xfd, 0x00, 0x00, 0x6f, 0xff, 0xff, 0xff, 0xd7, 0xfe, 0x68, 
    0x00, 0x00, 0x00, 0x00, 0x00, 0x00, 0x00, 0x2f, 0xff, 0xea, 0xff, 0xff, 0xff, 0xff, 0xff, 0xe0, 
    0x7f, 0xff, 0xff, 0xff, 0xff, 0xf4, 0x00, 0x00, 0x03, 0xff, 0xff, 0xff, 0xff, 0xff, 0xff, 0xff, 
    0xff, 0xff, 0x80, 0x40, 0x00, 0x00, 0xbf, 0xff, 0xff, 0xff, 0xff, 0xff, 0xff, 0xf8, 0x1a, 0xaa, 
    0xaa, 0xaa, 0xaa, 0xaa, 0xaa, 0xaa, 0xaa, 0xaa, 0xaa, 0xaa, 0xaa, 0xaa, 0xaa, 0xaa, 0xaa, 0xaa, 
    0xff, 0xff, 0xff, 0xff, 0xff, 0xff, 0xff, 0xff, 0xff, 0xff, 0xff, 0xff, 0xff, 0xff, 0xff, 0xff, 
    0xff, 0xff, 0xff, 0xff, 0xff, 0xff, 0xff, 0xff, 0xff, 0xff, 0xff, 0xff, 0xff, 0xff, 0xff, 0xff, 
    0xff, 0xff, 0xff, 0xff, 0xff, 0xff, 0xff, 0xff, 0xff, 0xff, 0xff, 0xff, 0xff, 0xff, 0xff, 0xff, 
    0xff, 0xff, 0xff, 0xff, 0xff, 0xff, 0xff, 0xff, 0xff, 0xff, 0xff, 0xff, 0xff, 0xff, 0xff, 0xff, 
    0xff, 0xff, 0xff, 0xff, 0xff, 0xff, 0xff, 0xff, 0xff, 0xff, 0xff, 0xff, 0xff, 0xff, 0xff, 0xff, 
    0xff, 0xff, 0xff, 0xff, 0xff, 0xff, 0xff, 0xff, 0xff, 0xff, 0xff, 0xff, 0xff, 0xff, 0xff, 0xff, 
    0xff, 0xff, 0xaa, 0xaa, 0xaa, 0xaa, 0xaa, 0xaa, 0xaa, 0xaa, 0xaa, 0xaa, 0xaa, 0xaa, 0xaa, 0xaa, 
    0xaa, 0xaf, 0xff, 0xff, 0xff, 0xff, 0xff, 0xff, 0xff, 0xff, 0xff, 0xff, 0xff, 0xff, 0xff, 0x80, 
    0x00, 0x01, 0xbf, 0xff, 0xff, 0xf3, 0xff, 0x9a, 0x00, 0x00, 0x00, 0x00, 0x00, 0x00, 0x00, 0x01, 
    0xbf, 0xff, 0xaf, 0xff, 0xff, 0xff, 0xff, 0xfd, 0x07, 0xff, 0xff, 0xff, 0xff, 0x40, 0x00, 0x00, 
    0x0f, 0xff, 0xff, 0xff, 0xff, 0xff, 0xff, 0xff, 0xff, 0xff, 0x42, 0xe0, 0x00, 0x00, 0x3f, 0xff, 
    0xff, 0xff, 0xff, 0xff, 0xff, 0xfe, 0x02, 0xaa, 0xaa, 0xaa, 0xaa, 0xaa, 0xaa, 0xaa, 0xaa, 0xaa, 
    0xaa, 0xaa, 0xaa, 0xaa, 0xaa, 0xaa, 0xaa, 0xaa, 0xff, 0xff, 0xff, 0xff, 0xff, 0xff, 0xff, 0xff, 
    0xff, 0xff, 0xff, 0xff, 0xff, 0xff, 0xff, 0xff, 0xff, 0xff, 0xff, 0xff, 0xff, 0xff, 0xff, 0xff, 
    0xff, 0xff, 0xff, 0xff, 0xff, 0xff, 0xff, 0xff, 0xff, 0xff, 0xff, 0xff, 0xff, 0xff, 0xff, 0xff, 
    0xff, 0xff, 0xff, 0xff, 0xff, 0xff, 0xff, 0xff, 0xff, 0xff, 0xff, 0xff, 0xff, 0xff, 0xff, 0xff, 
    0xff, 0xff, 0xef, 0xff, 0xff, 0xff, 0xff, 0xff, 0xff, 0xff, 0xff, 0xff, 0xff, 0xff, 0xff, 0xff, 
    0xff, 0xff, 0xff, 0xff, 0xff, 0xff, 0xff, 0xff, 0xff, 0xff, 0xff, 0xff, 0xff, 0xff, 0xff, 0xff, 
    0xff, 0xff, 0xff, 0xff, 0xff, 0xff, 0xff, 0xff, 0xff, 0xff, 0xfe, 0xaa, 0xaa, 0xaa, 0xaa, 0xaa, 
    0xaa, 0xaa, 0xaa, 0xaa, 0xaa, 0xaa, 0xaa, 0xaa, 0xab, 0xff, 0xff, 0xff, 0xff, 0xff, 0xff, 0xff, 
    0xff, 0xff, 0xff, 0xff, 0xff, 0xff, 0xff, 0xf8, 0x00, 0x00, 0x01, 0xaf, 0xff, 0xf9, 0xff, 0xe6, 
    0x80, 0x00, 0x00, 0x00, 0x00, 0x00, 0x00, 0x00, 0x06, 0xff, 0xf6, 0xff, 0xff, 0xff, 0xff, 0xff, 
    0xd0, 0x7f, 0xff, 0xff, 0xf4, 0x00, 0x00, 0x00, 0x1f, 0xff, 0xff, 0xff, 0xff, 0xff, 0xff, 0xff, 
    0xff, 0xfe, 0x03, 0xf8, 0x00, 0x00, 0x0f, 0xff, 0xff, 0xff, 0xff, 0xff, 0xff, 0xff, 0xc0, 0x6a, 
    0xaa, 0xaa, 0xaa, 0xaa, 0xaa, 0xaa, 0xaa, 0xaa, 0xaa, 0xaa, 0xaa, 0xaa, 0xaa, 0xaa, 0xaa, 0xaa, 
    0xff, 0xff, 0xff, 0xff, 0xff, 0xff, 0xff, 0xff, 0xff, 0xff, 0xff, 0xff, 0xff, 0xff, 0xff, 0xff, 
    0xff, 0xff, 0xff, 0xff, 0xff, 0xff, 0xff, 0xff, 0xff, 0xff, 0xff, 0xff, 0xff, 0xff, 0xff, 0xff, 
    0xff, 0xff, 0xff, 0xff, 0xff, 0xff, 0xff, 0xff, 0xff, 0xff, 0xff, 0xff, 0xff, 0xff, 0xff, 0xff, 
    0xff, 0xff, 0xff, 0xff, 0xaf, 0xff, 0xff, 0xab, 0xff, 0xff, 0xea, 0xff, 0xff, 0xfa, 0xff, 0xff, 
    0xff, 0xbf, 0xff, 0xff, 0xef, 0xff, 0xff, 0xff, 0xff, 0xff, 0xff, 0xff, 0xff, 0xff, 0xff, 0xff, 
    0xff, 0xff, 0xff, 0xff, 0xff, 0xff, 0xff, 0xff, 0xff, 0xff, 0xff, 0xff, 0xff, 0xff, 0xff, 0xff, 
    0xff, 0xff, 0xff, 0xfe, 0xaa, 0xaa, 0xaa, 0xaa, 0xaa, 0xaa, 0xaa, 0xaa, 0xaa, 0xaa, 0xaa, 0xab, 
    0xff, 0xff, 0xff, 0xff, 0xff, 0xff, 0xff, 0xff, 0xff, 0xff, 0xff, 0xff, 0xff, 0xff, 0xff, 0xff, 
    0x80, 0x00, 0x00, 0x00, 0x00, 0x00, 0xff, 0xf9, 0x60, 0x00, 0x00, 0x00, 0x00, 0x00, 0x00, 0x00, 
    0x00, 0x16, 0xff, 0xaf, 0xff, 0xff, 0xff, 0xff, 0xf8, 0x06, 0xff, 0xf9, 0x00, 0x00, 0x00, 0x00, 
    0x3f, 0xff, 0xff, 0xff, 0xff, 0xff, 0xff, 0xff, 0xff, 0xfc, 0x07, 0xf3, 0x80, 0x00, 0x07, 0xff, 
    0xff, 0xff, 0xff, 0xff, 0xff, 0xff, 0xf4, 0x0a, 0xaa, 0xaa, 0xaa, 0xaa, 0xaa, 0xaa, 0xaa, 0xaa, 
    0xaa, 0xaa, 0xaa, 0xaa, 0xaa, 0xaa, 0xaa, 0xaa, 0xff, 0xff, 0xff, 0xff, 0xff, 0xff, 0xff, 0xff, 
    0xff, 0xff, 0xff, 0xff, 0xff, 0xff, 0xff, 0xff, 0xff, 0xff, 0xff, 0xff, 0xff, 0xff, 0xff, 0xff, 
    0xff, 0xff, 0xff, 0xff, 0xff, 0xff, 0xff, 0xff, 0xff, 0xff, 0xff, 0xff, 0xff, 0xff, 0xff, 0xff, 
    0xff, 0xff, 0xfa, 0xff, 0xff, 0xfa, 0xbf, 0xff, 0xfe, 0xbf, 0xff, 0xfe, 0xab, 0xff, 0xff, 0xab, 
    0xff, 0xff, 0xea, 0xff, 0xff, 0xea, 0xbf, 0xff, 0xfe, 0xaf, 0xff, 0xff, 0xaf, 0xff, 0xff, 0xff, 
    0xff, 0xff, 0xff, 0xff, 0xff, 0xff, 0xff, 0xff, 0xff, 0xff, 0xff, 0xff, 0xff, 0xff, 0xff, 0xff, 
    0xff, 0xff, 0xff, 0xff, 0xff, 0xff, 0xff, 0xff, 0xff, 0xff, 0xff, 0xff, 0xfe, 0xaa, 0xaa, 0xaa, 
    0xaa, 0xaa, 0xaa, 0xaa, 0xaa, 0xaa, 0xab, 0xff, 0xff, 0xff, 0xff, 0xff, 0xff, 0xff, 0xff, 0xff, 
    0xff, 0xff, 0xff, 0xff, 0xff, 0xff, 0xff, 0xff, 0xf8, 0x00, 0x00, 0x00, 0x00, 0x00, 0x7f, 0xff, 
    0x49, 0x00, 0x00, 0x00, 0x00, 0x00, 0x00, 0x00, 0x00, 0x00, 0x06, 0xba, 0xff, 0xff, 0xff, 0xff, 
    0xff, 0x80, 0x1a, 0x40, 0x00, 0x00, 0x00, 0x00, 0xff, 0xff, 0xff, 0xff, 0xff, 0xff, 0xff, 0xff, 
    0xff, 0xf0, 0x0b, 0x8f, 0xf0, 0x00, 0x02, 0xff, 0xff, 0xff, 0xff, 0xff, 0xff, 0xff, 0xfe, 0x01, 
    0xaa, 0xaa, 0xaa, 0xaa, 0xaa, 0xaa, 0xaa, 0xaa, 0xaa, 0xaa, 0xaa, 0xaa, 0xaa, 0xaa, 0xaa, 0xaa, 
    0xff, 0xff, 0xff, 0xff, 0xff, 0xff, 0xff, 0xff, 0xff, 0xff, 0xff, 0xff, 0xff, 0xff, 0xff, 0xff, 
    0xff, 0xff, 0xff, 0xff, 0xff, 0xff, 0xff, 0xff, 0xff, 0xff, 0xff, 0xff, 0xff, 0xff, 0xff, 0xff, 
    0xff, 0xff, 0xff, 0xff, 0xff, 0xff, 0xfb, 0xff, 0xff, 0xff, 0xfa, 0xbf, 0xff, 0xfa, 0xaf, 0xff, 
    0xfe, 0xaf, 0xff, 0xfe, 0xab, 0xff, 0xff, 0xab, 0xff, 0xff, 0xeb, 0xff, 0xff, 0xfa, 0xff, 0xff, 
    0xfe, 0xaf, 0xff, 0xff, 0xff, 0xff, 0xff, 0xff, 0xff, 0xff, 0xff, 0xff, 0xff, 0xff, 0xff, 0xff, 
    0xff, 0xff, 0xff, 0xff, 0xff, 0xff, 0xff, 0xff, 0xff, 0xff, 0xff, 0xff, 0xff, 0xff, 0xff, 0xff, 
    0xff, 0xff, 0xff, 0xff, 0xff, 0xff, 0xaa, 0xaa, 0xaa, 0xaa, 0xaa, 0xaa, 0xaa, 0xaf, 0xff, 0xff, 
    0xff, 0xff, 0xff, 0xff, 0xff, 0xff, 0xff, 0xff, 0xff, 0xff, 0xff, 0xff, 0xff, 0xff, 0xff, 0xff, 
    0xff, 0x80, 0x00, 0x00, 0x00, 0x00, 0x2f, 0xff, 0xd1, 0x40, 0x00, 0x00, 0x00, 0x00, 0x00, 0x00, 
    0x00, 0x00, 0x00, 0x00, 0x1a, 0xff, 0xff, 0xff, 0xff, 0xa0, 0x00, 0x00, 0x00, 0x00, 0x00, 0x02, 
    0xff, 0xff, 0xff, 0xff, 0xff, 0xff, 0xff, 0xff, 0xff, 0xd0, 0x0e, 0x3f, 0xfd, 0x00, 0x00, 0xff, 
    0xff, 0xff, 0xff, 0xff, 0xff, 0xff, 0xff, 0xd0, 0x06, 0xaa, 0xaa, 0xaa, 0xaa, 0xaa, 0xaa, 0xaa, 
    0xaa, 0xaa, 0xaa, 0xaa, 0xaa, 0x55, 0x5a, 0xaa, 0xff, 0xff, 0xff, 0xff, 0xff, 0xff, 0xff, 0xff, 
    0xff, 0xff, 0xff, 0xff, 0xff, 0xff, 0xff, 0xff, 0xff, 0xff, 0xff, 0xff, 0xff, 0xff, 0xff, 0xff, 
    0xff, 0xff, 0xff, 0xff, 0xff, 0xff, 0xff, 0xff, 0xff, 0xff, 0xff, 0xff, 0xff, 0xff, 0xfe, 0xff, 
    0xff, 0xff, 0xfa, 0xff, 0xff, 0xfe, 0xbf, 0xff, 0xff, 0xff, 0xff, 0xff, 0xef, 0xff, 0xff, 0xff, 
    0xff, 0xff, 0xff, 0xff, 0xff, 0xff, 0xff, 0xff, 0xff, 0xaf, 0xff, 0xff, 0xff, 0xff, 0xff, 0xff, 
    0xff, 0xff, 0xff, 0xff, 0xff, 0xff, 0xff, 0xff, 0xff, 0xff, 0xff, 0xff, 0xff, 0xff, 0xff, 0xff, 
    0xff, 0xff, 0xff, 0xff, 0xff, 0xff, 0xff, 0xff, 0xff, 0xff, 0xff, 0xff, 0xff, 0xff, 0xff, 0xff, 
    0xaa, 0xaa, 0xaa, 0xab, 0xff, 0xff, 0xff, 0xff, 0xff, 0xff, 0xff, 0xff, 0xff, 0xff, 0xff, 0xff, 
    0xff, 0xff, 0xff, 0xff, 0xff, 0xff, 0xff, 0xff, 0xff, 0xf9, 0x00, 0x00, 0x00, 0x00, 0x1f, 0xff, 
    0xe0, 0x50, 0x00, 0x00, 0x00, 0x00, 0x00, 0x00, 0x00, 0x00, 0x00, 0x00, 0x00, 0x00, 0x00, 0x50, 
    0x00, 0x00, 0x64, 0x00, 0x00, 0x00, 0x00, 0x0b, 0xff, 0xff, 0xff, 0xff, 0xff, 0xff, 0xff, 0xff, 
    0xff, 0x40, 0x11, 0xff, 0xff, 0x80, 0x00, 0x7f, 0xff, 0xff, 0xff, 0xff, 0xff, 0xff, 0xff, 0xf9, 
    0x00, 0x01, 0x55, 0xaa, 0xaa, 0xaa, 0xaa, 0xaa, 0xaa, 0x55, 0x40, 0x00, 0x00, 0x15, 0xaa, 0xaa, 
    0xff, 0xff, 0xff, 0xff, 0xff, 0xff, 0xff, 0xff, 0xff, 0xff, 0xff, 0xff, 0xff, 0xff, 0xff, 0xff, 
    0xff, 0xff, 0xff, 0xff, 0xff, 0xff, 0xff, 0xff, 0xff, 0xff, 0xff, 0xff, 0xff, 0xff, 0xff, 0xff, 
    0xff, 0xff, 0xff, 0xff, 0xff, 0xff, 0xff, 0xff, 0xff, 0xff, 0xff, 0xff, 0xff, 0xff, 0xff, 0xff, 
    0xff, 0xff, 0xff, 0xff, 0xff, 0xff, 0xff, 0xff, 0xff, 0xff, 0xff, 0xff, 0xff, 0xff, 0xff, 0xff, 
    0xff, 0xff, 0xff, 0xff, 0xff, 0xff, 0xff, 0xff, 0xff, 0xff, 0xff, 0xff, 0xff, 0xff, 0xff, 0xff, 
    0xff, 0xff, 0xff, 0xff, 0xff, 0xff, 0xff, 0xff, 0xff, 0xff, 0xff, 0xff, 0xff, 0xff, 0xff, 0xff, 
    0xff, 0xff, 0xff, 0xff, 0xff, 0xff, 0xff, 0xff, 0xff, 0xff, 0xff, 0xff, 0xff, 0xff, 0xff, 0xff, 
    0xff, 0xff, 0xff, 0xff, 0xff, 0xff, 0xff, 0xff, 0xff, 0xff, 0xff, 0xff, 0xff, 0xff, 0xff, 0xff, 
    0xff, 0xff, 0xe0, 0x00, 0x00, 0x00, 0x0b, 0xff, 0xa4, 0x04, 0x00, 0x00, 0x00, 0x00, 0x00, 0x00, 
    0x00, 0x00, 0x00, 0x00, 0x00, 0x00, 0x00, 0x00, 0x00, 0x00, 0x06, 0x40, 0x00, 0x00, 0x00, 0x2f, 
    0xff, 0xff, 0xff, 0xff, 0xff, 0xff, 0xff, 0xff, 0xfd, 0x00, 0x0b, 0xff, 0xff, 0xe0, 0x00, 0x2f, 
    0xff, 0xff, 0xff, 0xff, 0xff, 0xff, 0xff, 0xff, 0xe9, 0x00, 0x00, 0x00, 0x00, 0x00, 0x00, 0x00, 
    0x00, 0x00, 0x00, 0x00, 0x0a, 0xaa, 0xaa, 0xaa, 0xff, 0xff, 0xff, 0xff, 0xff, 0xff, 0xff, 0xff, 
    0xff, 0xff, 0xff, 0xff, 0xff, 0xff, 0xff, 0xff, 0xff, 0xff, 0xff, 0xff, 0xff, 0xff, 0xff, 0xff, 
    0xff, 0xff, 0xff, 0xff, 0xff, 0xff, 0xff, 0xff, 0xff, 0xff, 0xff, 0xff, 0xff, 0xff, 0xff, 0xff, 
    0xff, 0xff, 0xff, 0xff, 0xff, 0xff, 0xff, 0xff, 0xff, 0xff, 0xff, 0xff, 0xff, 0xff, 0xff, 0xff, 
    0xff, 0xff, 0xff, 0xff, 0xff, 0xff, 0xff, 0xff, 0xff, 0xff, 0xff, 0xff, 0xff, 0xff, 0xff, 0xff, 
    0xff, 0xff, 0xff, 0xff, 0xff, 0xff, 0xff, 0xff, 0xff, 0xff, 0xff, 0xff, 0xff, 0xff, 0xff, 0xff, 
    0xff, 0xff, 0xff, 0xff, 0xff, 0xff, 0xff, 0xff, 0xff, 0xff, 0xff, 0xff, 0xff, 0xff, 0xff, 0xff, 
    0xff, 0xff, 0xff, 0xff, 0xff, 0xff, 0xff, 0xff, 0xff, 0xff, 0xff, 0xff, 0xff, 0xff, 0xff, 0xff, 
    0xff, 0xff, 0xff, 0xff, 0xff, 0xff, 0xff, 0xff, 0xff, 0xff, 0xff, 0x40, 0x00, 0x00, 0x03, 0xff, 
    0xa4, 0x01, 0x00, 0x00, 0x00, 0x00, 0x00, 0x00, 0x00, 0x00, 0x00, 0x00, 0x00, 0x00, 0x00, 0x00, 
    0x00, 0x00, 0x00, 0x64, 0x00, 0x00, 0x00, 0xbf, 0xff, 0xff, 0xff, 0xff, 0xff, 0xff, 0xff, 0xff, 
    0xf0, 0x00, 0x7f, 0xff, 0xff, 0xf8, 0x00, 0x0f, 0xff, 0xff, 0xff, 0xff, 0xff, 0xff, 0xff, 0xff, 
    0xff, 0xfe, 0xa5, 0x55, 0x55, 0x55, 0x55, 0x55, 0x6a, 0xab, 0xff, 0xd0, 0x02, 0xaa, 0xaa, 0xaa, 
    0xff, 0xff, 0xff, 0xff, 0xff, 0xff, 0xff, 0xff, 0xff, 0xff, 0xff, 0xff, 0xff, 0xff, 0xff, 0xff, 
    0xff, 0xff, 0xff, 0xff, 0xff, 0xff, 0xff, 0xff, 0xff, 0xff, 0xff, 0xff, 0xff, 0xff, 0xff, 0xff, 
    0xff, 0xff, 0xff, 0xff, 0xff, 0xff, 0xff, 0xff, 0xff, 0xff, 0xff, 0xff, 0xff, 0xff, 0xff, 0xff, 
    0xff, 0xff, 0xfb, 0xff, 0xff, 0xfa, 0xff, 0xff, 0xfa, 0xbf, 0xff, 0xfe, 0xaf, 0xff, 0xff, 0xef, 
    0xff, 0xff, 0xff, 0xff, 0xff, 0xff, 0xff, 0xff, 0xff, 0xff, 0xff, 0xff, 0xff, 0xff, 0xff, 0xff, 
    0xff, 0xff, 0xff, 0xff, 0xff, 0xff, 0xff, 0xff, 0xff, 0xff, 0xff, 0xff, 0xff, 0xff, 0xff, 0xff, 
    0xff, 0xff, 0xff, 0xff, 0xff, 0xff, 0xff, 0xff, 0xff, 0xff, 0xff, 0xff, 0xff, 0xff, 0xff, 0xff, 
    0xff, 0xff, 0xff, 0xff, 0xff, 0xff, 0xff, 0xff, 0xff, 0xff, 0xff, 0xff, 0xff, 0xff, 0xff, 0xff, 
    0xff, 0xff, 0xff, 0xfe, 0x40, 0x00, 0x01, 0xff, 0x90, 0x00, 0x10, 0x00, 0x00, 0x00, 0x00, 0x00, 
    0x00, 0x00, 0x00, 0x00, 0x00, 0x00, 0x00, 0x00, 0x00, 0x00, 0x00, 0x06, 0x40, 0x00, 0x02, 0xff, 
    0xff, 0xff, 0xff, 0xff, 0xff, 0xff, 0xff, 0xff, 0x80, 0x02, 0xff, 0xff, 0xff, 0xff, 0x00, 0x0b, 
    0xff, 0xff, 0xff, 0xff, 0xff, 0xff, 0xff, 0xff, 0xff, 0xff, 0xff, 0xff, 0xff, 0xff, 0xff, 0xff, 
    0xff, 0xff, 0xff, 0xfd, 0x00, 0x6a, 0xaa, 0xaa, 0xff, 0xff, 0xff, 0xff, 0xff, 0xff, 0xff, 0xff, 
    0xff, 0xff, 0xff, 0xff, 0xff, 0xff, 0xff, 0xff, 0xff, 0xff, 0xff, 0xff, 0xff, 0xff, 0xff, 0xff, 
    0xff, 0xff, 0xff, 0xff, 0xff, 0xff, 0xff, 0xff, 0xff, 0xff, 0xff, 0xff, 0xff, 0xff, 0xff, 0xff, 
    0xff, 0xaf, 0xff, 0xff, 0xab, 0xff, 0xff, 0xea, 0xff, 0xff, 0xea, 0xff, 0xff, 0xea, 0xbf, 0xff, 
    0xfa, 0xbf, 0xff, 0xfa, 0xaf, 0xff, 0xff, 0xab, 0xff, 0xff, 0xff, 0xff, 0xff, 0xff, 0xff, 0xff, 
    0xff, 0xff, 0xff, 0xff, 0xff, 0xff, 0xff, 0xff, 0xff, 0xff, 0xff, 0xff, 0xff, 0xff, 0xff, 0xff, 
    0xff, 0xff, 0xff, 0xff, 0xff, 0xff, 0xff, 0xff, 0xff, 0xff, 0xff, 0xff, 0xff, 0xff, 0xff, 0xff, 
    0xff, 0xff, 0xff, 0xff, 0xff, 0xff, 0xff, 0xff, 0xff, 0xff, 0xff, 0xff, 0xff, 0xff, 0xff, 0xff, 
    0xff, 0xff, 0xff, 0xff, 0xff, 0xff, 0xff, 0xff, 0xff, 0xff, 0xff, 0xff, 0xfe, 0x40, 0x00, 0xb4, 
    0x06, 0x40, 0x04, 0x00, 0x00, 0x00, 0x00, 0x00, 0x00, 0x00, 0x00, 0x00, 0x00, 0x00, 0x00, 0x00, 
    0x00, 0x00, 0x00, 0x00, 0x15, 0x00, 0x0b, 0xff, 0xff, 0xff, 0xff, 0xff, 0xff, 0xff, 0xff, 0xfd, 
    0x00, 0x1f, 0xff, 0xff, 0xff, 0xff, 0xc0, 0x03, 0xff, 0xff, 0xff, 0xff, 0xff, 0xff, 0xff, 0xff, 
    0xff, 0xff, 0xff, 0xff, 0xff, 0xff, 0xff, 0xff, 0xff, 0xff, 0xff, 0xff, 0x80, 0x1a, 0xaa, 0xaa, 
    0xff, 0xff, 0xff, 0xff, 0xff, 0xff, 0xff, 0xff, 0xff, 0xff, 0xff, 0xff, 0xff, 0xff, 0xff, 0xff, 
    0xff, 0xff, 0xff, 0xff, 0xff, 0xff, 0xff, 0xff, 0xff, 0xff, 0xff, 0xff, 0xff, 0xff, 0xff, 0xff, 
    0xff, 0xff, 0xff, 0xff, 0xff, 0xff, 0xff, 0xff, 0xff, 0xab, 0xff, 0xff, 0xab, 0xff, 0xff, 0xea, 
    0xff, 0xff, 0xea, 0xff, 0xff, 0xfa, 0xbf, 0xff, 0xfa, 0xbf, 0xff, 0xfe, 0xaf, 0xff, 0xff, 0xab, 
    0xff, 0xff, 0xff, 0xff, 0xff, 0xff, 0xff, 0xff, 0xff, 0xff, 0xff, 0xff, 0xff, 0xff, 0xff, 0xff, 
    0xff, 0xff, 0xff, 0xff, 0xff, 0xff, 0xff, 0xff, 0xff, 0xff, 0xff, 0xff, 0xff, 0xff, 0xff, 0xff, 
    0xff, 0xff, 0xff, 0xff, 0xff, 0xff, 0xff, 0xff, 0xff, 0xff, 0xff, 0xff, 0xff, 0xff, 0xff, 0xff, 
    0xff, 0xff, 0xff, 0xff, 0xff, 0xff, 0xff, 0xff, 0xff, 0xff, 0xff, 0xff, 0xff, 0xff, 0xff, 0xff, 
    0xff, 0xff, 0xff, 0xff, 0xff, 0xff, 0xea, 0x74, 0x1f, 0xe0, 0x01, 0x00, 0x00, 0x00, 0x00, 0x00, 
    0x00, 0x00, 0x00, 0x00, 0x00, 0x00, 0x00, 0x00, 0x00, 0x00, 0x00, 0x00, 0x00, 0x50, 0x1f, 0xff, 
    0xff, 0xff, 0xff, 0xff, 0xff, 0xff, 0xff, 0xe0, 0x01, 0xff, 0xff, 0xff, 0xff, 0xff, 0xf0, 0x01, 
    0xff, 0xff, 0xff, 0xff, 0xff, 0xff, 0xff, 0xff, 0xff, 0xff, 0xff, 0xff, 0xff, 0xff, 0xff, 0xff, 
    0xff, 0xff, 0xff, 0xff, 0xf8, 0x06, 0xaa, 0xaa, 0xff, 0xff, 0xff, 0xff, 0xff, 0xff, 0xff, 0xff, 
    0xff, 0xff, 0xff, 0xff, 0xff, 0xff, 0xff, 0xff, 0xff, 0xff, 0xff, 0xff, 0xff, 0xff, 0xff, 0xff, 
    0xff, 0xff, 0xff, 0xff, 0xff, 0xff, 0xff, 0xff, 0xff, 0xff, 0xff, 0xff, 0xff, 0xff, 0xff, 0xff, 
    0xff, 0xef, 0xff, 0xff, 0xeb, 0xff, 0xff, 0xeb, 0xff, 0xff, 0xff, 0xff, 0xff, 0xff, 0xff, 0xff, 
    0xff, 0xff, 0xff, 0xff, 0xff, 0xff, 0xff, 0xff, 0xff, 0xff, 0xff, 0xff, 0xff, 0xff, 0xff, 0xff, 
    0xff, 0xff, 0xff, 0xff, 0xff, 0xff, 0xff, 0xff, 0xff, 0xff, 0xff, 0xff, 0xff, 0xff, 0xff, 0xff, 
    0xff, 0xff, 0xff, 0xff, 0xff, 0xff, 0xff, 0xff, 0xff, 0xff, 0xff, 0xff, 0xff, 0xff, 0xff, 0xff, 
    0xff, 0xff, 0xff, 0xff, 0xff, 0xff, 0xff, 0xff, 0xff, 0xff, 0xff, 0xff, 0xff, 0xff, 0xff, 0xff, 
    0xff, 0xff, 0xff, 0xff, 0xff, 0xff, 0xff, 0xff, 0xff, 0xff, 0xff, 0xff, 0xff, 0xff, 0xff, 0x68, 
    0x2f, 0xf4, 0x00, 0x00, 0x00, 0x00, 0x00, 0x00, 0x00, 0x00, 0x00, 0x00, 0x00, 0x00, 0x00, 0x00, 
    0x00, 0x00, 0x00, 0x00, 0x00, 0x00, 0x00, 0x6f, 0xff, 0xff, 0xff, 0xff, 0xff, 0xff, 0xfe, 0x00, 
    0x1f, 0xff, 0xff, 0xff, 0xff, 0xff, 0xfc, 0x00, 0xff, 0xff, 0xff, 0xff, 0xff, 0xff, 0xff, 0xff, 
    0xff, 0xff, 0xff, 0xff, 0xff, 0xff, 0xff, 0xff, 0xff, 0xff, 0xff, 0xff, 0xff, 0x40, 0xaa, 0xaa, 
    0xff, 0xff, 0xff, 0xff, 0xff, 0xff, 0xff, 0xff, 0xff, 0xff, 0xff, 0xff, 0xff, 0xff, 0xff, 0xff, 
    0xff, 0xff, 0xff, 0xff, 0xff, 0xff, 0xff, 0xff, 0xff, 0xff, 0xff, 0xff, 0xff, 0xff, 0xff, 0xff, 
    0xff, 0xff, 0xff, 0xff, 0xff, 0xff, 0xff, 0xff, 0xff, 0xff, 0xff, 0xff, 0xff, 0xff, 0xff, 0xff, 
    0xff, 0xff, 0xff, 0xff, 0xff, 0xff, 0xff, 0xff, 0xff, 0xff, 0xff, 0xff, 0xff, 0xff, 0xff, 0xff, 
    0xff, 0xff, 0xff, 0xff, 0xff, 0xff, 0xff, 0xff, 0xff, 0xff, 0xff, 0xff, 0xff, 0xff, 0xff, 0xff, 
    0xff, 0xff, 0xff, 0xff, 0xff, 0xff, 0xff, 0xff, 0xff, 0xff, 0xff, 0xff, 0xff, 0xff, 0xff, 0xff, 
    0xff, 0xff, 0xff, 0xff, 0xff, 0xff, 0xff, 0xff, 0xff, 0xff, 0xff, 0xff, 0xff, 0xff, 0xff, 0xff, 
    0xff, 0xff, 0xff, 0xff, 0xff, 0xff, 0xff, 0xff, 0xff, 0xff, 0xff, 0xff, 0xff, 0xff, 0xff, 0xff, 
    0xff, 0xff, 0xff, 0xff, 0xff, 0xff, 0xff, 0xc8, 0x1f, 0xfd, 0x00, 0x00, 0x00, 0x00, 0x00, 0x00, 
    0x00, 0x00, 0x00, 0x00, 0x00, 0x00, 0x00, 0x00, 0x00, 0x00, 0x00, 0x00, 0x00, 0x01, 0x90, 0x00, 
    0x6f, 0xff, 0xff, 0xff, 0xff, 0xff, 0x90, 0x06, 0xff, 0xff, 0xff, 0xff, 0xff, 0xff, 0xfe, 0x00, 
    0xbf, 0xff, 0xff, 0xff, 0xff, 0xff, 0xff, 0xff, 0xff, 0xff, 0xff, 0xff, 0xff, 0xff, 0xff, 0xff, 
    0xff, 0xff, 0xff, 0xff, 0xff, 0xe0, 0x1a, 0xaa, 0xff, 0xff, 0xff, 0xff, 0xff, 0xff, 0xff, 0xff, 
    0xff, 0xff, 0xff, 0xff, 0xff, 0xff, 0xff, 0xff, 0xff, 0xff, 0xff, 0xff, 0xff, 0xff, 0xff, 0xff, 
    0xff, 0xff, 0xff, 0xff, 0xff, 0xff, 0xff, 0xff, 0xff, 0xff, 0xff, 0xff, 0xff, 0xff, 0xff, 0xff, 
    0xff, 0xff, 0xff, 0xff, 0xff, 0xff, 0xff, 0xff, 0xff, 0xff, 0xff, 0xff, 0xff, 0xff, 0xff, 0xff, 
    0xff, 0xff, 0xff, 0xff, 0xff, 0xff, 0xff, 0xff, 0xff, 0xff, 0xff, 0xff, 0xff, 0xff, 0xff, 0xff, 
    0xff, 0xff, 0xff, 0xff, 0xff, 0xff, 0xff, 0xff, 0xff, 0xff, 0xff, 0xff, 0xff, 0xff, 0xff, 0xff, 
    0xff, 0xff, 0xff, 0xff, 0xff, 0xff, 0xff, 0xff, 0xff, 0xff, 0xff, 0xff, 0xff, 0xff, 0xff, 0xff, 
    0xff, 0xff, 0xff, 0xff, 0xff, 0xff, 0xff, 0xff, 0xff, 0xff, 0xff, 0xff, 0xff, 0xff, 0xff, 0xff, 
    0xff, 0xff, 0xff, 0xff, 0xff, 0xff, 0xff, 0xff, 0xff, 0xff, 0xff, 0xff, 0xff, 0xff, 0xff, 0xd5, 
    0x1f, 0xff, 0x00, 0x00, 0x00, 0x00, 0x00, 0x00, 0x00, 0x00, 0x00, 0x00, 0x00, 0x00, 0x00, 0x00, 
    0x00, 0x00, 0x00, 0x00, 0x00, 0x0b, 0xff, 0x90, 0x00, 0x1a, 0xff, 0xff, 0xff, 0x90, 0x01, 0xbf, 
    0xff, 0xff, 0xff, 0xff, 0xff, 0xff, 0xff, 0x80, 0x3f, 0xff, 0xff, 0xff, 0xff, 0xff, 0xff, 0xff, 
    0xff, 0xff, 0xff, 0xff, 0xff, 0xff, 0xff, 0xff, 0xff, 0xff, 0xff, 0xff, 0xff, 0xfd, 0x02, 0xaa, 
    0xff, 0xff, 0xff, 0xff, 0xff, 0xff, 0xff, 0xff, 0xff, 0xff, 0xff, 0xff, 0xff, 0xff, 0xff, 0xff, 
    0xff, 0xff, 0xff, 0xff, 0xff, 0xff, 0xff, 0xff, 0xff, 0xff, 0xff, 0xff, 0xff, 0xff, 0xff, 0xff, 
    0xff, 0xff, 0xff, 0xff, 0xff, 0xff, 0xff, 0xff, 0xff, 0xff, 0xff, 0xff, 0xff, 0xff, 0xff, 0xff, 
    0xff, 0xff, 0xff, 0xff, 0xaf, 0xff, 0xff, 0xeb, 0xff, 0xff, 0xeb, 0xff, 0xff, 0xea, 0xff, 0xff, 
    0xff, 0xff, 0xff, 0xff, 0xff, 0xff, 0xff, 0xff, 0xff, 0xff, 0xff, 0xff, 0xff, 0xff, 0xff, 0xff, 
    0xff, 0xff, 0xff, 0xff, 0xff, 0xff, 0xff, 0xff, 0xff, 0xff, 0xff, 0xff, 0xff, 0xff, 0xff, 0xff, 
    0xff, 0xff, 0xff, 0xff, 0xff, 0xff, 0xff, 0xff, 0xff, 0xff, 0xff, 0xff, 0xff, 0xff, 0xff, 0xff, 
    0xff, 0xff, 0xff, 0xff, 0xff, 0xff, 0xff, 0xff, 0xff, 0xff, 0xff, 0xff, 0xff, 0xff, 0xff, 0xff, 
    0xff, 0xff, 0xff, 0xff, 0xff, 0xff, 0xff, 0xf1, 0x0f, 0xff, 0x80, 0x00, 0x00, 0x00, 0x00, 0x00, 
    0x00, 0x00, 0x00, 0x00, 0x00, 0x00, 0x00, 0x00, 0x00, 0x00, 0x00, 0x00, 0x00, 0x2f, 0xff, 0xff, 
    0xa5, 0x00, 0x00, 0x15, 0x00, 0x01, 0xbf, 0xff, 0xff, 0xff, 0xff, 0xff, 0xff, 0xff, 0xff, 0xd0, 
    0x3f, 0xff, 0xff, 0xff, 0xff, 0xff, 0xff, 0xff, 0xff, 0xff, 0xff, 0xff, 0xff, 0xff, 0xff, 0xff, 
    0xff, 0xff, 0xff, 0xff, 0xff, 0xff, 0xd0, 0x6a, 0xff, 0xff, 0xff, 0xff, 0xff, 0xff, 0xff, 0xff, 
    0xff, 0xff, 0xff, 0xff, 0xff, 0xff, 0xff, 0xff, 0xff, 0xff, 0xff, 0xff, 0xff, 0xff, 0xff, 0xff, 
    0xff, 0xff, 0xff, 0xff, 0xff, 0xff, 0xff, 0xff, 0xff, 0xff, 0xff, 0xff, 0xff, 0xff, 0xff, 0xff, 
    0xff, 0xff, 0xff, 0xff, 0xff, 0xfe, 0xbf, 0xff, 0xfe, 0xaf, 0xff, 0xfe, 0xab, 0xff, 0xff, 0xaa, 
    0xff, 0xff, 0xaa, 0xff, 0xff, 0xea, 0xff, 0xff, 0xff, 0xff, 0xff, 0xff, 0xff, 0xff, 0xff, 0xff, 
    0xff, 0xff, 0xff, 0xff, 0xff, 0xff, 0xff, 0xff, 0xff, 0xff, 0xff, 0xff, 0xff, 0xff, 0xff, 0xff, 
    0xff, 0xff, 0xff, 0xff, 0xff, 0xff, 0xff, 0xff, 0xff, 0xff, 0xff, 0xff, 0xff, 0xff, 0xff, 0xff, 
    0xff, 0xff, 0xff, 0xff, 0xff, 0xff, 0xff, 0xff, 0xff, 0xff, 0xff, 0xff, 0xff, 0xff, 0xff, 0xff, 
    0xff, 0xff, 0xff, 0xff, 0xff, 0xff, 0xff, 0xff, 0xff, 0xff, 0xff, 0xff, 0xff, 0xff, 0xff, 0xf8, 
    0x0b, 0xff, 0xe0, 0x00, 0x00, 0x00, 0x00, 0x00, 0x00, 0x00, 0x00, 0x00, 0x00, 0x00, 0x00, 0x00, 
    0x00, 0x00, 0x00, 0x00, 0x01, 0xff, 0xff, 0xff, 0xff, 0xff, 0xae, 0xaa, 0xaa, 0xff, 0xff, 0xff, 
    0xff, 0xff, 0xff, 0xff, 0xff, 0xff, 0xff, 0xf0, 0x1f, 0xff, 0xff, 0xff, 0xff, 0xff, 0xff, 0xff, 
    0xff, 0xff, 0xff, 0xff, 0xff, 0xff, 0xff, 0xff, 0xff, 0xff, 0xff, 0xff, 0xff, 0xff, 0xf8, 0x0a, 
    0xff, 0xff, 0xff, 0xff, 0xff, 0xff, 0xff, 0xff, 0xff, 0xff, 0xff, 0xff, 0xff, 0xff, 0xff, 0xff, 
    0xff, 0xff, 0xff, 0xff, 0xff, 0xff, 0xff, 0xff, 0xff, 0xff, 0xff, 0xff, 0xff, 0xff, 0xff, 0xff, 
    0xff, 0xff, 0xff, 0xff, 0xff, 0xff, 0xff, 0xff, 0xff, 0xff, 0xff, 0xff, 0xff, 0xfe, 0xaf, 0xff, 
    0xfe, 0xaf, 0xff, 0xfe, 0xab, 0xff, 0xff, 0xab, 0xff, 0xff, 0xea, 0xff, 0xff, 0xea, 0xff, 0xff, 
    0xff, 0xff, 0xff, 0xff, 0xff, 0xff, 0xff, 0xff, 0xff, 0xff, 0xff, 0xff, 0xff, 0xff, 0xff, 0xff, 
    0xff, 0xff, 0xff, 0xff, 0xff, 0xff, 0xff, 0xff, 0xff, 0xff, 0xff, 0xff, 0xff, 0xff, 0xff, 0xff, 
    0xff, 0xff, 0xff, 0xff, 0xff, 0xff, 0xff, 0xff, 0xff, 0xff, 0xff, 0xff, 0xff, 0xff, 0xff, 0xff, 
    0xff, 0xff, 0xff, 0xff, 0xff, 0xff, 0xff, 0xff, 0xff, 0xff, 0xff, 0xff, 0xff, 0xff, 0xff, 0xff, 
    0xff, 0xff, 0xff, 0xff, 0xff, 0xff, 0xff, 0xfc, 0x07, 0xff, 0xf4, 0x00, 0x00, 0x00, 0x00, 0x00, 
    0x00, 0x00, 0x00, 0x00, 0x00, 0x00, 0x00, 0x00, 0x00, 0x00, 0x00, 0x00, 0x0b, 0xff, 0xff, 0xff, 
    0xff, 0xff, 0xff, 0xff, 0xff, 0xff, 0xff, 0xff, 0xff, 0xff, 0xff, 0xff, 0xff, 0xff, 0xff, 0xf8, 
    0x0f, 0xff, 0xff, 0xff, 0xff, 0xff, 0xff, 0xff, 0xff, 0xff, 0xff, 0xff, 0xff, 0xff, 0xff, 0xff, 
    0xff, 0xff, 0xff, 0xff, 0xff, 0xff, 0xff, 0x40, 0xff, 0xff, 0xff, 0xff, 0xff, 0xff, 0xff, 0xff, 
    0xff, 0xff, 0xff, 0xff, 0xff, 0xff, 0xff, 0xff, 0xff, 0xff, 0xff, 0xff, 0xff, 0xff, 0xff, 0xff, 
    0xff, 0xff, 0xff, 0xff, 0xff, 0xff, 0xff, 0xff, 0xff, 0xff, 0xff, 0xff, 0xff, 0xff, 0xff, 0xff, 
    0xff, 0xff, 0xff, 0xff, 0xff, 0xfe, 0xbf, 0xff, 0xff, 0xaf, 0xff, 0xff, 0xef, 0xff, 0xff, 0xff, 
    0xff, 0xff, 0xff, 0xff, 0xff, 0xff, 0xff, 0xff, 0xff, 0xff, 0xff, 0xff, 0xff, 0xff, 0xff, 0xff, 
    0xff, 0xff, 0xff, 0xff, 0xff, 0xff, 0xff, 0xff, 0xff, 0xff, 0xff, 0xff, 0xff, 0xff, 0xff, 0xff, 
    0xff, 0xff, 0xff, 0xff, 0xff, 0xff, 0xff, 0xff, 0xff, 0xff, 0xff, 0xff, 0xff, 0xff, 0xff, 0xff, 
    0xff, 0xff, 0xff, 0xff, 0xff, 0xff, 0xff, 0xff, 0xff, 0xff, 0xff, 0xff, 0xff, 0xff, 0xff, 0xff, 
    0xff, 0xff, 0xff, 0xff, 0xff, 0xff, 0xff, 0xff, 0xff, 0xff, 0xff, 0xff, 0xff, 0xff, 0xff, 0xfe, 
    0x03, 0xff, 0xfd, 0x00, 0x01, 0x40, 0x00, 0x00, 0x00, 0x00, 0x00, 0x00, 0x00, 0x00, 0x00, 0x00, 
    0x00, 0x00, 0x00, 0x00, 0x7f, 0xff, 0xff, 0xff, 0xff, 0xff, 0xff, 0xff, 0xff, 0xff, 0xff, 0xff, 
    0xff, 0xff, 0xff, 0xff, 0xff, 0xff, 0xff, 0xfd, 0x0f, 0xff, 0xff, 0xff, 0xff, 0xff, 0xff, 0xff, 
    0xff, 0xff, 0xff, 0xff, 0xff, 0xff, 0xff, 0xff, 0xff, 0xff, 0xff, 0xff, 0xff, 0xff, 0xff, 0xf0, 
};
