/* Auto-generated from gray16_2.png (16-level Bayer dither) */
#pragma once

#include <stdint.h>

#define GRAY16_2_4G_WIDTH  800
#define GRAY16_2_4G_HEIGHT 480
#define GRAY16_2_4G_BYTES  96000

static const uint8_t gray16_2_4g_4g[96000] = {
    0x95, 0x99, 0xaf, 0xff, 0xff, 0xea, 0xed, 0x9a, 0x95, 0x99, 0x9f, 0xff, 0xff, 0xff, 0xfe, 0x99, 
    0x99, 0x99, 0xad, 0x9a, 0xaf, 0xff, 0xea, 0xaa, 0xff, 0xfa, 0xaa, 0xaa, 0xa9, 0x99, 0x99, 0x99, 
    0xa9, 0x99, 0x99, 0x99, 0x99, 0x9a, 0xfe, 0xff, 0xff, 0xff, 0xff, 0xff, 0xff, 0xff, 0xfe, 0xff, 
    0xff, 0xff, 0xff, 0xff, 0xff, 0xff, 0xff, 0xff, 0xff, 0xff, 0xff, 0xff, 0xff, 0xff, 0xfe, 0x6f, 
    0xfe, 0xee, 0xee, 0xee, 0xae, 0xee, 0xee, 0xef, 0xea, 0xa9, 0xaa, 0xee, 0xee, 0xfe, 0xff, 0xfe, 
    0xff, 0xfe, 0xea, 0xea, 0x55, 0x6e, 0xee, 0x55, 0x55, 0x55, 0x54, 0x5a, 0xaa, 0x9a, 0xee, 0xed, 
    0xae, 0xed, 0x59, 0xee, 0x94, 0x44, 0x44, 0x54, 0x44, 0x59, 0x44, 0x44, 0x54, 0x44, 0x44, 0x44, 
    0x44, 0x44, 0x44, 0x44, 0x44, 0x44, 0x44, 0x45, 0x99, 0xa5, 0x45, 0xa9, 0x44, 0x59, 0x94, 0x44, 
    0x44, 0x54, 0xaa, 0x44, 0x44, 0x44, 0x44, 0x44, 0x44, 0x54, 0x44, 0x44, 0x55, 0xa9, 0x94, 0x45, 
    0x44, 0x44, 0x44, 0x69, 0x64, 0x55, 0x55, 0x99, 0x95, 0x95, 0x44, 0x55, 0x40, 0x45, 0x99, 0xaa, 
    0xef, 0xfe, 0xa9, 0x99, 0x5a, 0xa4, 0x44, 0x4a, 0x55, 0x55, 0x55, 0x55, 0x54, 0x55, 0x54, 0x54, 
    0x55, 0x54, 0x54, 0x55, 0x94, 0x54, 0x45, 0x55, 0x54, 0x44, 0x44, 0x40, 0x40, 0x44, 0x40, 0x45, 
    0x44, 0x54, 0x44, 0x44, 0x44, 0x44, 0x44, 0x44, 0x55, 0x56, 0xbb, 0xff, 0xff, 0xfa, 0xba, 0x66, 
    0x65, 0x55, 0x67, 0xff, 0xff, 0xff, 0xfa, 0x65, 0x55, 0x55, 0x6a, 0x66, 0xab, 0xbb, 0xba, 0x66, 
    0xbf, 0xfa, 0xa6, 0xa6, 0xa5, 0x55, 0x65, 0x65, 0x65, 0x65, 0x56, 0x66, 0x66, 0x66, 0xba, 0xff, 
    0xff, 0xff, 0xff, 0xff, 0xff, 0xff, 0xff, 0xbf, 0xff, 0xff, 0xff, 0xff, 0xff, 0xff, 0xff, 0xff, 
    0xff, 0xff, 0xff, 0xff, 0xff, 0xff, 0xf9, 0x7f, 0xfa, 0xba, 0xaa, 0xaa, 0xaa, 0xab, 0xaa, 0xab, 
    0xfa, 0xaa, 0x6a, 0xaa, 0xaa, 0xba, 0xbb, 0xfb, 0xbf, 0xfb, 0xba, 0x5a, 0x11, 0x2a, 0xa9, 0x11, 
    0x11, 0x51, 0x11, 0x56, 0xaa, 0xa6, 0x56, 0xba, 0x6a, 0xa9, 0x65, 0xba, 0xba, 0x51, 0x11, 0x11, 
    0x11, 0x11, 0x00, 0x10, 0x11, 0x11, 0x00, 0x00, 0x00, 0x10, 0x00, 0x10, 0x10, 0x10, 0x00, 0x11, 
    0x66, 0xa5, 0x50, 0x16, 0x61, 0x01, 0x56, 0x51, 0x11, 0x10, 0x26, 0x00, 0x00, 0x11, 0x10, 0x10, 
    0x10, 0x10, 0x11, 0x15, 0x10, 0x16, 0x69, 0x01, 0x10, 0x11, 0x11, 0x19, 0x65, 0x55, 0x55, 0x66, 
    0x55, 0x65, 0x51, 0x11, 0x00, 0x10, 0x15, 0x6a, 0xab, 0xbb, 0xa5, 0x11, 0x66, 0x65, 0x10, 0x02, 
    0x51, 0x11, 0x11, 0x11, 0x51, 0x11, 0x11, 0x51, 0x11, 0x11, 0x11, 0x12, 0x91, 0x11, 0x11, 0x11, 
    0x10, 0x00, 0x00, 0x00, 0x00, 0x00, 0x00, 0x11, 0x11, 0x11, 0x10, 0x10, 0x10, 0x01, 0x00, 0x00, 
    0x55, 0x5a, 0xef, 0xff, 0xff, 0xff, 0xfe, 0xee, 0xd9, 0x99, 0x9a, 0xff, 0xff, 0xff, 0xfd, 0x99, 
    0x59, 0x59, 0x99, 0x9a, 0xaf, 0xff, 0xee, 0x9a, 0xbf, 0xff, 0xaa, 0xa9, 0xa9, 0x99, 0x99, 0x99, 
    0x99, 0x99, 0x94, 0x5a, 0x99, 0x9a, 0xff, 0xff, 0xff, 0xff, 0xff, 0xff, 0xff, 0xff, 0xff, 0xff, 
    0xff, 0xff, 0xff, 0xff, 0xff, 0xff, 0xff, 0xff, 0xff, 0xff, 0xff, 0xff, 0xff, 0xff, 0xf8, 0xbf, 
    0xfe, 0xee, 0xee, 0xae, 0xae, 0xae, 0xee, 0xef, 0xfe, 0xaa, 0xaa, 0xae, 0xee, 0xff, 0xff, 0xfe, 
    0xef, 0xff, 0xee, 0xea, 0x55, 0x6f, 0xed, 0x55, 0x55, 0x54, 0x45, 0x5a, 0xaa, 0xaa, 0xa9, 0x5a, 
    0xae, 0xed, 0x59, 0xee, 0xee, 0xee, 0x44, 0x44, 0x44, 0x44, 0x44, 0x44, 0x44, 0x44, 0x44, 0x44, 
    0x44, 0x44, 0x45, 0x44, 0x44, 0x44, 0x44, 0x45, 0x9e, 0xa9, 0x44, 0x44, 0x59, 0x44, 0x45, 0x5a, 
    0x94, 0x44, 0x45, 0x44, 0x44, 0x44, 0x44, 0x44, 0x44, 0x44, 0x44, 0x59, 0x54, 0x44, 0x5a, 0x45, 
    0x44, 0x4a, 0x44, 0x49, 0x59, 0x55, 0x55, 0x59, 0x99, 0x99, 0x44, 0x45, 0x44, 0x44, 0x05, 0x9a, 
    0xae, 0xee, 0x99, 0x55, 0x9a, 0x9a, 0x44, 0x05, 0x45, 0x55, 0x55, 0x55, 0x55, 0x55, 0x45, 0x45, 
    0x55, 0x45, 0x45, 0x46, 0x85, 0x54, 0x45, 0x45, 0x44, 0x44, 0x44, 0x04, 0x04, 0x04, 0x44, 0x59, 
    0x44, 0x44, 0x44, 0x44, 0x44, 0x44, 0x44, 0x44, 0x55, 0x56, 0x7f, 0xff, 0xff, 0xff, 0xfb, 0xab, 
    0xba, 0x6a, 0x66, 0xbf, 0xff, 0xff, 0xff, 0x95, 0x55, 0x55, 0x55, 0x56, 0xab, 0xbb, 0xba, 0x6a, 
    0x6b, 0xbf, 0xaa, 0x66, 0x66, 0x55, 0x55, 0x56, 0x66, 0x56, 0x56, 0x01, 0x56, 0x66, 0xbf, 0xff, 
    0xff, 0xff, 0xff, 0xbf, 0xff, 0xff, 0xff, 0xbf, 0xff, 0xff, 0xff, 0xff, 0xeb, 0xff, 0xff, 0xff, 
    0xba, 0xbf, 0xff, 0xff, 0xff, 0xff, 0xa1, 0xbf, 0xbb, 0xaa, 0xaa, 0xaa, 0xaa, 0xaa, 0xaa, 0xab, 
    0xba, 0xaa, 0xaa, 0xaa, 0xaa, 0xbb, 0xbb, 0xba, 0xab, 0xbb, 0xba, 0x95, 0x11, 0x2f, 0xb9, 0x11, 
    0x11, 0x11, 0x11, 0x5a, 0x6a, 0x66, 0x65, 0x15, 0x6a, 0xaa, 0x56, 0xab, 0xab, 0xbb, 0x5a, 0x51, 
    0x11, 0x00, 0x00, 0x11, 0x01, 0x00, 0x01, 0x11, 0x40, 0x00, 0x00, 0x01, 0x00, 0x00, 0x01, 0x11, 
    0x6a, 0x65, 0x51, 0x01, 0x01, 0x65, 0x11, 0x01, 0x6a, 0x50, 0x00, 0x10, 0x01, 0x01, 0x01, 0x01, 
    0x00, 0x01, 0x00, 0x11, 0x15, 0x11, 0x01, 0x01, 0x00, 0x07, 0x91, 0x17, 0x55, 0x15, 0x55, 0x55, 
    0x65, 0x65, 0x51, 0x11, 0x00, 0x00, 0x00, 0x26, 0xaa, 0xa6, 0x55, 0x55, 0x66, 0x66, 0x65, 0x01, 
    0x51, 0x11, 0x12, 0x51, 0x11, 0x15, 0x11, 0x11, 0x11, 0x11, 0x11, 0x16, 0x51, 0x11, 0x11, 0x11, 
    0x00, 0x00, 0x00, 0x00, 0x00, 0x00, 0x00, 0x15, 0x51, 0x11, 0x01, 0x01, 0x01, 0x00, 0x00, 0x00, 
    0x55, 0x99, 0xaf, 0xff, 0xff, 0xff, 0xfe, 0xee, 0xff, 0xaa, 0xaa, 0xef, 0xff, 0xff, 0xfd, 0x99, 
    0x99, 0x99, 0x99, 0x99, 0xef, 0xfe, 0xfe, 0xea, 0xae, 0xff, 0xea, 0xa9, 0xa9, 0x99, 0x99, 0x99, 
    0xea, 0x99, 0x99, 0x44, 0x45, 0xa9, 0xaf, 0xff, 0xff, 0xff, 0xff, 0xff, 0xff, 0xff, 0xff, 0xff, 
    0xff, 0xff, 0xff, 0xff, 0xe4, 0xbf, 0xff, 0xff, 0xff, 0xee, 0xff, 0xff, 0xfe, 0xff, 0xd5, 0xfe, 
    0xfe, 0xee, 0xee, 0xea, 0xaa, 0xee, 0xee, 0xef, 0xee, 0xea, 0xaa, 0xee, 0xee, 0xff, 0xfe, 0xfe, 
    0xee, 0xfe, 0xfe, 0xed, 0x55, 0x5f, 0xfd, 0x55, 0x55, 0x54, 0x55, 0x9e, 0xea, 0xaa, 0xa9, 0x55, 
    0xaa, 0xed, 0x96, 0xee, 0xee, 0xee, 0xae, 0xfe, 0x94, 0x54, 0x44, 0x44, 0x44, 0x44, 0x44, 0x44, 
    0x54, 0x44, 0x44, 0x44, 0x44, 0x44, 0x44, 0x55, 0xfe, 0x69, 0x94, 0x44, 0x44, 0x45, 0xad, 0x44, 
    0x44, 0xaa, 0x94, 0x44, 0x44, 0x44, 0x44, 0x44, 0x44, 0x44, 0x44, 0x44, 0x54, 0x54, 0x44, 0x54, 
    0x44, 0x45, 0xa5, 0x46, 0x9a, 0x55, 0x55, 0x59, 0x99, 0xa9, 0x94, 0x54, 0x40, 0x44, 0x40, 0x4a, 
    0xaa, 0x99, 0x95, 0x95, 0xaa, 0xa9, 0xa9, 0x54, 0x54, 0x55, 0x56, 0x95, 0x95, 0x55, 0x55, 0x55, 
    0x55, 0x55, 0x55, 0x5a, 0x55, 0x54, 0x55, 0x55, 0x44, 0x44, 0x44, 0x40, 0x40, 0x44, 0x44, 0x55, 
    0x54, 0x54, 0x54, 0x44, 0x44, 0x44, 0x44, 0x44, 0x55, 0x55, 0x6b, 0xff, 0xff, 0xff, 0xff, 0xba, 
    0xbf, 0xfb, 0xab, 0xff, 0xff, 0xff, 0xf9, 0xa5, 0x55, 0x55, 0x65, 0x66, 0x7b, 0xfb, 0xbb, 0xa6, 
    0xab, 0xeb, 0x66, 0x6a, 0x66, 0x55, 0x65, 0x65, 0x66, 0xa6, 0x65, 0x11, 0x12, 0x66, 0xab, 0xbf, 
    0xff, 0xff, 0xff, 0xfb, 0xff, 0xff, 0xff, 0xff, 0xff, 0xff, 0xff, 0xff, 0xf9, 0x3f, 0xff, 0xff, 
    0xff, 0xff, 0xaa, 0xab, 0xfa, 0xa6, 0x51, 0xba, 0xaa, 0xaa, 0xaa, 0xaa, 0xa6, 0x6a, 0xaa, 0xba, 
    0x7a, 0xaa, 0xaa, 0xaa, 0xaa, 0xbb, 0xba, 0xba, 0xaa, 0xbb, 0xbb, 0xb9, 0x51, 0x5b, 0xf9, 0x51, 
    0x51, 0x11, 0x11, 0x66, 0xaa, 0xa6, 0x65, 0x55, 0x6a, 0xba, 0x12, 0xba, 0xba, 0xba, 0x6b, 0xbb, 
    0xba, 0x50, 0x10, 0x01, 0x11, 0x11, 0x11, 0x10, 0x11, 0x26, 0x50, 0x10, 0x10, 0x10, 0x10, 0x15, 
    0xba, 0x5a, 0x51, 0x10, 0x10, 0x10, 0x12, 0x55, 0x10, 0x01, 0x6a, 0x50, 0x11, 0x10, 0x11, 0x11, 
    0x10, 0x10, 0x11, 0x11, 0x51, 0x10, 0x10, 0x15, 0x00, 0x12, 0x56, 0x51, 0xa6, 0x55, 0x55, 0x55, 
    0x56, 0x65, 0x55, 0x11, 0x00, 0x00, 0x01, 0x15, 0x66, 0x65, 0x50, 0x56, 0x66, 0x66, 0x66, 0x55, 
    0x11, 0x51, 0x55, 0x51, 0x51, 0x11, 0x15, 0x11, 0x51, 0x11, 0x11, 0x29, 0x11, 0x11, 0x11, 0x11, 
    0x00, 0x10, 0x10, 0x00, 0x00, 0x00, 0x00, 0x11, 0x11, 0x11, 0x11, 0x10, 0x00, 0x00, 0x10, 0x00, 
    0x55, 0x59, 0x9e, 0xff, 0xff, 0xff, 0xff, 0xee, 0xff, 0xff, 0xfb, 0xff, 0xff, 0xff, 0xfd, 0x99, 
    0x99, 0x99, 0x99, 0x9a, 0x9b, 0xff, 0xea, 0xea, 0xae, 0xef, 0x99, 0x9a, 0xaa, 0x99, 0x99, 0x99, 
    0xaa, 0xa9, 0x99, 0x44, 0x45, 0x99, 0xae, 0xaf, 0xff, 0xff, 0xff, 0xff, 0xff, 0xff, 0xff, 0xfe, 
    0xff, 0xff, 0xff, 0xff, 0xfe, 0x6f, 0xff, 0xff, 0xff, 0xff, 0xff, 0xda, 0xaa, 0xaa, 0x45, 0xaa, 
    0xae, 0xa9, 0x9a, 0xaa, 0x9a, 0x99, 0x9a, 0xef, 0xbf, 0xaa, 0xaa, 0xaa, 0xee, 0xee, 0xee, 0xfe, 
    0xae, 0xff, 0xef, 0xed, 0x55, 0x5f, 0xf9, 0x55, 0x55, 0x55, 0x45, 0x55, 0x9a, 0xaa, 0xa9, 0x55, 
    0x6a, 0xee, 0x55, 0x5a, 0xee, 0xe9, 0x6e, 0xee, 0xee, 0xfc, 0x44, 0x44, 0x44, 0x44, 0x44, 0x44, 
    0x44, 0x45, 0xaa, 0x44, 0x44, 0x44, 0x44, 0x4a, 0xee, 0x59, 0x94, 0x44, 0x44, 0x44, 0x44, 0x45, 
    0x44, 0x44, 0x45, 0xa9, 0x44, 0x44, 0x64, 0x44, 0x44, 0x44, 0x44, 0x46, 0xe8, 0x44, 0x44, 0x54, 
    0x44, 0x55, 0x99, 0x44, 0xea, 0x95, 0x55, 0x55, 0x99, 0x9a, 0x99, 0x44, 0x44, 0x04, 0x04, 0x4a, 
    0x99, 0x94, 0x54, 0x9a, 0x9a, 0x9a, 0x99, 0x95, 0x44, 0x55, 0x55, 0x55, 0x55, 0x55, 0x55, 0x55, 
    0x55, 0x45, 0x55, 0x69, 0x45, 0x45, 0x45, 0x45, 0x44, 0x44, 0x44, 0x04, 0x04, 0x04, 0x04, 0x44, 
    0x44, 0x45, 0x55, 0x45, 0x44, 0x04, 0x44, 0x44, 0x55, 0x55, 0x56, 0xbf, 0xff, 0xff, 0xff, 0xfb, 
    0xbf, 0xff, 0xfa, 0xbf, 0xff, 0xff, 0xfe, 0x55, 0x55, 0x55, 0x55, 0x56, 0x66, 0xaa, 0xba, 0xaa, 
    0x6a, 0xa6, 0x66, 0x66, 0x6b, 0xa5, 0x55, 0x55, 0x56, 0x66, 0x66, 0x51, 0x16, 0x66, 0x6a, 0x7f, 
    0xff, 0xff, 0xff, 0xbb, 0xbf, 0xff, 0xff, 0xfe, 0xbf, 0xff, 0xff, 0xff, 0xff, 0x6f, 0xff, 0xff, 
    0xff, 0xff, 0xab, 0xaa, 0xa6, 0x69, 0x12, 0x6a, 0xaa, 0x66, 0x66, 0x66, 0x66, 0x66, 0x56, 0x6b, 
    0xbb, 0xaa, 0xaa, 0xaa, 0xaa, 0xab, 0xaa, 0xba, 0xaa, 0xbb, 0xab, 0xb9, 0x15, 0x5b, 0xb5, 0x15, 
    0x15, 0x11, 0x51, 0x55, 0x15, 0x66, 0x6a, 0x55, 0x6a, 0xaa, 0x16, 0x55, 0x56, 0xaa, 0x7b, 0xab, 
    0xaa, 0xb8, 0x01, 0x01, 0x01, 0x00, 0x01, 0x11, 0x11, 0x11, 0x15, 0x65, 0x10, 0x00, 0x00, 0x07, 
    0xa5, 0x01, 0x61, 0x01, 0x01, 0x01, 0x01, 0x01, 0x26, 0x51, 0x01, 0x01, 0x65, 0x00, 0x21, 0x11, 
    0x09, 0x01, 0x01, 0x11, 0xbb, 0x50, 0x00, 0x11, 0x01, 0x15, 0x11, 0x11, 0x75, 0x95, 0x55, 0x56, 
    0x56, 0x56, 0x56, 0x51, 0x01, 0x11, 0x01, 0x01, 0x65, 0x41, 0x01, 0x66, 0x66, 0x66, 0x66, 0x65, 
    0x15, 0x01, 0x16, 0x95, 0x11, 0x11, 0x11, 0x11, 0x11, 0x11, 0x11, 0x65, 0x11, 0x01, 0x11, 0x11, 
    0x00, 0x00, 0x10, 0x00, 0x00, 0x00, 0x01, 0x00, 0x00, 0x01, 0x15, 0x11, 0x00, 0x00, 0x00, 0x00, 
    0x99, 0x99, 0x9a, 0xff, 0xff, 0xff, 0xff, 0xff, 0xef, 0xff, 0xff, 0xff, 0xff, 0xff, 0xfe, 0x99, 
    0x99, 0x99, 0x99, 0x9a, 0xe9, 0xea, 0xae, 0xee, 0xae, 0xa9, 0xe9, 0x9a, 0xae, 0xe9, 0x99, 0x99, 
    0x99, 0xa9, 0xa9, 0x99, 0x45, 0x99, 0xaa, 0xaf, 0xff, 0xff, 0xff, 0xff, 0xff, 0xff, 0xff, 0xff, 
    0xbf, 0xff, 0xff, 0xff, 0xff, 0xff, 0xff, 0xff, 0xff, 0xff, 0xea, 0xfe, 0xee, 0xe8, 0x56, 0xaa, 
    0xaa, 0xaa, 0xa9, 0xaa, 0xaa, 0xa9, 0x99, 0x9a, 0xaa, 0xea, 0xaa, 0xea, 0xee, 0xae, 0xee, 0xfe, 
    0xee, 0xee, 0xee, 0xfd, 0x55, 0x5b, 0xf5, 0x55, 0x55, 0x55, 0x55, 0x95, 0x95, 0x55, 0x99, 0xa9, 
    0x9e, 0xee, 0x59, 0x99, 0x94, 0x5a, 0xfe, 0xee, 0xe5, 0xb8, 0x44, 0x44, 0x44, 0x44, 0x44, 0x54, 
    0x44, 0x54, 0x55, 0x55, 0xa9, 0x94, 0x44, 0x47, 0xf9, 0x44, 0x64, 0x44, 0x44, 0x44, 0x44, 0x44, 
    0x45, 0xaa, 0x44, 0x44, 0x45, 0xa9, 0x54, 0x44, 0x45, 0x44, 0x44, 0x55, 0xff, 0xd4, 0x44, 0x44, 
    0x44, 0x54, 0x69, 0x54, 0x6d, 0xe9, 0x55, 0x55, 0x99, 0x9a, 0x99, 0x94, 0x54, 0x45, 0x51, 0x44, 
    0x55, 0x54, 0x45, 0xaa, 0xa9, 0xa9, 0xa9, 0xa9, 0x55, 0x44, 0x55, 0x95, 0x55, 0x55, 0x54, 0x55, 
    0x55, 0x55, 0x55, 0xe5, 0x55, 0x44, 0x55, 0x54, 0x44, 0x44, 0x44, 0x40, 0x44, 0x40, 0x44, 0x44, 
    0x44, 0x44, 0x54, 0x54, 0x44, 0x44, 0x44, 0x44, 0x56, 0xa5, 0x66, 0xbf, 0xff, 0xff, 0xff, 0xbf, 
    0xbb, 0xff, 0xff, 0xff, 0xff, 0xfa, 0xbf, 0x65, 0x65, 0x55, 0x55, 0x66, 0xfa, 0x6a, 0x6b, 0xbb, 
    0x6a, 0x66, 0xb6, 0x66, 0x6a, 0xa6, 0x65, 0x65, 0x65, 0x65, 0x66, 0x66, 0x51, 0x56, 0x66, 0xab, 
    0xff, 0xff, 0xbb, 0xfb, 0xff, 0xff, 0xff, 0xff, 0xbf, 0xbf, 0xff, 0xff, 0xff, 0xff, 0xff, 0xff, 
    0xff, 0xff, 0xff, 0xa6, 0xba, 0xa5, 0x16, 0xaa, 0xaa, 0xa6, 0x66, 0x66, 0x66, 0x66, 0x66, 0x66, 
    0xa6, 0x6a, 0x66, 0xaa, 0xba, 0xaa, 0xaa, 0xba, 0xaa, 0xab, 0xba, 0xb9, 0x51, 0x17, 0xf1, 0x51, 
    0x55, 0x65, 0x51, 0x55, 0x55, 0x51, 0x15, 0x66, 0xaa, 0xba, 0x55, 0x55, 0x65, 0x11, 0x56, 0xbb, 
    0xba, 0x74, 0x11, 0x11, 0x11, 0x10, 0x00, 0x11, 0x11, 0x11, 0x11, 0x15, 0x11, 0xa5, 0x51, 0x12, 
    0xf1, 0x01, 0x64, 0x11, 0x11, 0x10, 0x11, 0x11, 0x11, 0x11, 0x61, 0x10, 0x11, 0x11, 0x65, 0x11, 
    0x11, 0x11, 0x11, 0x51, 0xbb, 0xe0, 0x12, 0x50, 0x11, 0x11, 0x15, 0x51, 0x2a, 0x75, 0x55, 0x55, 
    0x65, 0x56, 0xa5, 0x65, 0x11, 0x11, 0x00, 0x65, 0x16, 0x11, 0x56, 0x66, 0x66, 0x66, 0x66, 0x65, 
    0x11, 0x00, 0x11, 0x65, 0x51, 0x11, 0x11, 0x11, 0x11, 0x11, 0x12, 0xe1, 0x11, 0x11, 0x11, 0x10, 
    0x00, 0x11, 0x10, 0x00, 0x00, 0x00, 0x11, 0x11, 0x10, 0x10, 0x11, 0x10, 0x10, 0x00, 0x00, 0x11, 
    0x9a, 0xe9, 0x9a, 0xff, 0xff, 0xff, 0xff, 0xef, 0xef, 0xff, 0xff, 0xff, 0xff, 0xfe, 0xff, 0xe9, 
    0x99, 0x99, 0x99, 0x9a, 0xfe, 0xae, 0x9a, 0xee, 0xda, 0x99, 0x99, 0x99, 0x9a, 0xa9, 0x99, 0x99, 
    0x99, 0x99, 0x99, 0x99, 0x99, 0x55, 0x9a, 0xaa, 0xff, 0xff, 0xef, 0xee, 0xff, 0xff, 0xff, 0xff, 
    0xae, 0x5f, 0xff, 0xff, 0xfe, 0xef, 0xff, 0xff, 0xff, 0xff, 0xff, 0xaa, 0xea, 0xe4, 0x4a, 0xaa, 
    0xaa, 0xaa, 0x99, 0x9a, 0x99, 0xa9, 0x99, 0x99, 0x59, 0x99, 0x99, 0x9a, 0xee, 0xae, 0xae, 0xae, 
    0xae, 0xee, 0xee, 0xee, 0x45, 0x5b, 0xe5, 0x55, 0x59, 0x55, 0x55, 0x59, 0x55, 0x55, 0x55, 0x59, 
    0x9a, 0xee, 0x55, 0x59, 0xaa, 0x55, 0x45, 0x5a, 0xee, 0xe4, 0x44, 0x44, 0x44, 0x44, 0x46, 0x94, 
    0x45, 0x44, 0x44, 0x45, 0x44, 0x45, 0x99, 0x96, 0xe4, 0x44, 0x58, 0x44, 0x44, 0x44, 0x44, 0x44, 
    0x44, 0x44, 0x44, 0x59, 0x44, 0x44, 0x4a, 0xa9, 0x44, 0x44, 0x44, 0x44, 0x6f, 0xe4, 0x44, 0x44, 
    0x44, 0x55, 0x45, 0x59, 0x5f, 0xa9, 0x55, 0x55, 0x59, 0x59, 0xa9, 0x99, 0x45, 0x45, 0x45, 0x4a, 
    0x98, 0x49, 0x5e, 0xaa, 0x9a, 0x9a, 0x9a, 0x99, 0x59, 0x44, 0x04, 0x55, 0x55, 0x55, 0x55, 0x55, 
    0x55, 0x45, 0x56, 0xd5, 0x44, 0x45, 0x45, 0x44, 0x44, 0x44, 0x04, 0x04, 0x04, 0x04, 0x44, 0x44, 
    0x44, 0x44, 0x44, 0x44, 0x44, 0x44, 0x04, 0x05, 0xbf, 0xfa, 0xab, 0xbf, 0xff, 0xff, 0xff, 0xfb, 
    0xbb, 0xff, 0xff, 0xff, 0xff, 0xff, 0xff, 0xb6, 0x56, 0x55, 0x56, 0x7a, 0x6a, 0x5a, 0x66, 0xbb, 
    0xa6, 0x66, 0x66, 0x56, 0x56, 0xa6, 0x55, 0x56, 0x56, 0x66, 0x66, 0x56, 0x56, 0x55, 0x66, 0x6b, 
    0xff, 0xff, 0xfb, 0xbb, 0xbb, 0xff, 0xff, 0xff, 0x99, 0x5b, 0xff, 0xff, 0xff, 0xab, 0xbb, 0xff, 
    0xff, 0xff, 0xbf, 0xa6, 0x6a, 0x51, 0x16, 0x66, 0xa6, 0x66, 0x66, 0x66, 0x66, 0x66, 0x66, 0x65, 
    0x26, 0x55, 0x56, 0x56, 0x6a, 0x6a, 0x6a, 0xaa, 0xaa, 0xab, 0xab, 0xbb, 0xaa, 0x53, 0xa5, 0x15, 
    0x15, 0x55, 0x55, 0x55, 0x55, 0x55, 0x55, 0x15, 0x56, 0xaa, 0x16, 0x55, 0x16, 0x11, 0x11, 0x15, 
    0x5b, 0xb5, 0x01, 0x01, 0x01, 0x11, 0x17, 0xba, 0x51, 0x11, 0x15, 0x01, 0x01, 0x11, 0x16, 0x66, 
    0x65, 0x00, 0x15, 0x01, 0x01, 0x01, 0x01, 0x01, 0x01, 0x01, 0x01, 0x01, 0x6a, 0x51, 0x01, 0x16, 
    0x65, 0x15, 0x01, 0x01, 0x1b, 0xb4, 0x01, 0x01, 0x56, 0x55, 0x11, 0x11, 0x1b, 0xaa, 0x55, 0x55, 
    0x55, 0x55, 0x66, 0x66, 0x11, 0x11, 0x11, 0x01, 0x6a, 0x56, 0x42, 0xa6, 0x66, 0x66, 0x66, 0x66, 
    0x51, 0x40, 0x00, 0x11, 0x11, 0x11, 0x11, 0x11, 0x11, 0x11, 0x17, 0x91, 0x11, 0x11, 0x11, 0x10, 
    0x00, 0x00, 0x00, 0x00, 0x00, 0x01, 0x11, 0x01, 0x01, 0x01, 0x00, 0x00, 0x00, 0x00, 0x00, 0x00, 
    0xff, 0xff, 0xff, 0xff, 0xff, 0xff, 0xff, 0xff, 0xee, 0xff, 0xff, 0xff, 0xff, 0xff, 0xff, 0xfe, 
    0xa9, 0x99, 0x99, 0xaa, 0xa9, 0x9a, 0xea, 0xae, 0xe9, 0xa9, 0x99, 0x99, 0x99, 0xa9, 0x99, 0x99, 
    0x99, 0xa9, 0xae, 0x99, 0x99, 0x99, 0xaf, 0xef, 0xff, 0xff, 0xfe, 0xfe, 0xff, 0xff, 0xff, 0xfa, 
    0xe5, 0xff, 0xff, 0xff, 0xff, 0xff, 0xfe, 0xef, 0xff, 0xfe, 0xaa, 0xaa, 0xaa, 0x95, 0x5a, 0xea, 
    0xaa, 0xa9, 0xa9, 0xaa, 0x99, 0xaa, 0x99, 0xe9, 0x59, 0xaa, 0x99, 0x99, 0x99, 0xaa, 0x9a, 0xee, 
    0xee, 0xee, 0xee, 0xfe, 0xfe, 0xfb, 0xe5, 0x55, 0x55, 0x95, 0x54, 0x55, 0x95, 0x95, 0x95, 0x55, 
    0x56, 0xed, 0x5a, 0xa9, 0x99, 0x55, 0x55, 0x95, 0x55, 0x58, 0x44, 0x44, 0x44, 0x45, 0x5a, 0xff, 
    0xfe, 0x94, 0x45, 0x44, 0x54, 0x54, 0x54, 0x55, 0xa9, 0x54, 0x59, 0x44, 0x44, 0x44, 0x44, 0x44, 
    0x44, 0x44, 0x44, 0x44, 0x55, 0xa9, 0x44, 0x45, 0x55, 0x5d, 0x44, 0x44, 0x45, 0xf8, 0x44, 0x44, 
    0x5a, 0xd4, 0x49, 0x55, 0x9b, 0xed, 0x99, 0x95, 0x55, 0x95, 0xaa, 0xaa, 0x85, 0x54, 0x50, 0x44, 
    0x45, 0xea, 0xd5, 0xae, 0xa9, 0xa9, 0xa9, 0xa9, 0x95, 0x94, 0x40, 0x45, 0x55, 0x56, 0xd5, 0x55, 
    0x55, 0x55, 0x5a, 0x54, 0x54, 0x55, 0x55, 0x44, 0x44, 0x44, 0x40, 0x40, 0x44, 0x44, 0x59, 0x44, 
    0x44, 0x44, 0x44, 0x44, 0x44, 0x44, 0x44, 0x44, 0xff, 0xff, 0xff, 0xff, 0xff, 0xff, 0xff, 0xff, 
    0xfa, 0xbf, 0xff, 0xff, 0xff, 0xff, 0xff, 0xff, 0xff, 0xa5, 0x65, 0x66, 0xa6, 0x66, 0x66, 0xab, 
    0xba, 0x66, 0x66, 0x66, 0x65, 0x66, 0x65, 0x65, 0x66, 0x66, 0x66, 0x66, 0x66, 0x66, 0x6b, 0xaf, 
    0xff, 0xff, 0xff, 0xbb, 0xbb, 0xff, 0xff, 0x91, 0xa6, 0xff, 0xff, 0xff, 0xff, 0xff, 0xff, 0xfa, 
    0xbb, 0xff, 0xfa, 0xa6, 0x66, 0x51, 0x1a, 0xba, 0xba, 0xaa, 0xa6, 0x66, 0x66, 0x66, 0x66, 0x76, 
    0x66, 0x65, 0x65, 0x65, 0x65, 0x55, 0x56, 0x65, 0x6a, 0xaa, 0xab, 0xaa, 0xbb, 0xb7, 0xe5, 0x51, 
    0x59, 0x55, 0x55, 0x79, 0x55, 0x55, 0x55, 0x55, 0x52, 0xb9, 0x55, 0x6a, 0xa6, 0x51, 0x55, 0x55, 
    0x51, 0x54, 0x10, 0x11, 0x11, 0x11, 0x1a, 0xbb, 0xff, 0xfa, 0x50, 0x11, 0x11, 0x11, 0x11, 0x11, 
    0x65, 0x51, 0x56, 0x10, 0x10, 0x10, 0x11, 0x11, 0x11, 0x11, 0x11, 0x10, 0x11, 0x11, 0x65, 0x1a, 
    0x10, 0x00, 0x10, 0x10, 0x10, 0x24, 0x10, 0x00, 0x00, 0x10, 0x12, 0xa1, 0x56, 0xfa, 0x65, 0x55, 
    0x55, 0x55, 0x66, 0x66, 0x91, 0x50, 0x10, 0x01, 0x00, 0x16, 0xa1, 0x02, 0xa6, 0x66, 0x66, 0x66, 
    0x66, 0x64, 0x00, 0x01, 0x51, 0x57, 0xfa, 0x91, 0x11, 0x11, 0x1a, 0x11, 0x11, 0x11, 0x11, 0x00, 
    0x10, 0x10, 0x00, 0x00, 0x00, 0x00, 0x15, 0x51, 0x10, 0x11, 0x10, 0x00, 0x11, 0x10, 0x00, 0x00, 
    0xff, 0xff, 0xff, 0xff, 0xff, 0xff, 0xff, 0xff, 0xfe, 0xef, 0xff, 0xff, 0xff, 0xff, 0xff, 0xff, 
    0xff, 0xe9, 0x99, 0x9a, 0xbe, 0x99, 0x9a, 0xaa, 0xee, 0x9a, 0x99, 0x99, 0x99, 0xa9, 0x99, 0x99, 
    0x9a, 0x9a, 0x9e, 0x99, 0xaa, 0x99, 0xaf, 0xef, 0xff, 0xff, 0xff, 0xee, 0xee, 0xff, 0xff, 0xea, 
    0x45, 0xff, 0xff, 0xff, 0xff, 0xff, 0xff, 0xff, 0xea, 0xaf, 0xff, 0xaa, 0xa9, 0x45, 0x5a, 0xaa, 
    0xae, 0xea, 0xea, 0x99, 0x99, 0x99, 0x99, 0xad, 0x9a, 0x9a, 0x99, 0x9a, 0xe9, 0x59, 0x59, 0x99, 
    0x99, 0xae, 0xae, 0xea, 0xae, 0xea, 0xd5, 0x55, 0x59, 0x55, 0x55, 0x7f, 0xe9, 0x59, 0x55, 0x55, 
    0x55, 0xed, 0x55, 0x59, 0xa9, 0x55, 0x55, 0x55, 0x55, 0x54, 0x44, 0x44, 0x44, 0x45, 0x5f, 0xef, 
    0xef, 0xff, 0xfe, 0x94, 0x45, 0x45, 0x45, 0x55, 0x59, 0x95, 0x9a, 0x44, 0x44, 0x44, 0x44, 0x44, 
    0x44, 0x44, 0x44, 0x44, 0x44, 0x44, 0x45, 0x5d, 0x44, 0x44, 0x44, 0x44, 0x44, 0x44, 0x44, 0x04, 
    0x44, 0x44, 0x44, 0xa5, 0x55, 0xff, 0x99, 0x55, 0x55, 0x55, 0x59, 0x99, 0xa5, 0x54, 0x44, 0x04, 
    0x00, 0x04, 0x54, 0x04, 0x59, 0x9a, 0x99, 0x59, 0x99, 0x99, 0x44, 0x04, 0x55, 0x5a, 0x9b, 0xd5, 
    0x55, 0x45, 0x6d, 0x55, 0x45, 0x45, 0x55, 0x44, 0x44, 0x45, 0x44, 0x04, 0x04, 0x04, 0x5a, 0x94, 
    0x44, 0x44, 0x44, 0x44, 0x44, 0x44, 0x44, 0x44, 0xbf, 0xff, 0xff, 0xff, 0xff, 0xff, 0xff, 0xff, 
    0xff, 0xbf, 0xff, 0xfb, 0xff, 0xff, 0xff, 0xff, 0xff, 0x66, 0x56, 0x56, 0x7f, 0x66, 0x66, 0x66, 
    0xbb, 0xa6, 0x66, 0x66, 0x55, 0x56, 0x56, 0x65, 0x56, 0x66, 0x66, 0x66, 0x66, 0x66, 0x6a, 0xab, 
    0xff, 0xff, 0xff, 0xbb, 0xab, 0xbf, 0xff, 0xe6, 0x11, 0x7b, 0xff, 0xff, 0xff, 0xff, 0xff, 0xff, 
    0xff, 0xaa, 0xab, 0x66, 0x65, 0x11, 0x1a, 0x66, 0x6a, 0x6a, 0xaa, 0x66, 0x56, 0x56, 0x66, 0x6a, 
    0x56, 0x66, 0xba, 0x15, 0x56, 0x55, 0x55, 0x55, 0x55, 0x6a, 0x6a, 0xbb, 0xba, 0xba, 0x95, 0x15, 
    0x15, 0x15, 0x15, 0x2f, 0xab, 0xaa, 0x55, 0x55, 0x55, 0xa9, 0x15, 0x55, 0x15, 0x11, 0x55, 0x55, 
    0x15, 0x10, 0x00, 0x01, 0x01, 0x01, 0x2f, 0xbf, 0xbb, 0xbf, 0xfa, 0xaa, 0x51, 0x11, 0x15, 0x11, 
    0x25, 0x15, 0x56, 0x55, 0x51, 0x01, 0x01, 0x01, 0x01, 0x01, 0x01, 0x01, 0x01, 0x01, 0x01, 0x01, 
    0x01, 0x01, 0x01, 0x01, 0x00, 0x01, 0x00, 0x00, 0x00, 0x00, 0x00, 0x15, 0x15, 0xbf, 0xa6, 0x55, 
    0x55, 0x55, 0x55, 0x66, 0x69, 0x15, 0x00, 0x01, 0x01, 0x00, 0x00, 0x00, 0x01, 0x66, 0x51, 0x56, 
    0x51, 0x55, 0x41, 0x00, 0x11, 0x15, 0x12, 0x51, 0x15, 0x11, 0x39, 0x11, 0x01, 0x11, 0x11, 0x00, 
    0x00, 0x15, 0x55, 0x00, 0x00, 0x01, 0x16, 0x55, 0x01, 0x01, 0x01, 0x00, 0x00, 0x01, 0x11, 0x00, 
    0xbf, 0xff, 0xff, 0xff, 0xff, 0xff, 0xff, 0xff, 0xff, 0xff, 0xff, 0xff, 0xff, 0xff, 0xff, 0xff, 
    0xff, 0xd9, 0x99, 0x99, 0xbf, 0xe9, 0xa9, 0xaa, 0xbe, 0xe9, 0xa9, 0x99, 0x99, 0x99, 0x99, 0xa9, 
    0x99, 0xa9, 0x9a, 0xaa, 0xae, 0xa9, 0xaa, 0xef, 0xff, 0xff, 0xff, 0xfe, 0xee, 0xff, 0xff, 0xe9, 
    0x54, 0x6f, 0xff, 0xff, 0xff, 0xff, 0xef, 0xff, 0xff, 0xff, 0xe9, 0xaa, 0xa8, 0x54, 0x5a, 0xaa, 
    0xae, 0xea, 0xaa, 0x9a, 0xa9, 0x99, 0x99, 0xad, 0x59, 0x9a, 0xae, 0x55, 0x95, 0x99, 0x99, 0xa9, 
    0x99, 0xa9, 0x9a, 0xae, 0xfe, 0xfe, 0xd5, 0x55, 0x59, 0x55, 0x55, 0x6f, 0xdb, 0xff, 0xe9, 0x95, 
    0x95, 0xa8, 0x55, 0x55, 0x55, 0x55, 0x55, 0x99, 0x95, 0x55, 0x44, 0x44, 0x44, 0x44, 0x5f, 0xff, 
    0xef, 0xff, 0xfe, 0xee, 0xfe, 0x94, 0x55, 0x44, 0x59, 0x59, 0x99, 0x95, 0x99, 0x54, 0x44, 0x44, 
    0x44, 0x44, 0x44, 0x44, 0x44, 0x44, 0x44, 0x44, 0x44, 0x44, 0x44, 0x44, 0x44, 0x45, 0x44, 0x44, 
    0x44, 0x44, 0x44, 0x44, 0x55, 0xbf, 0xe9, 0x95, 0x55, 0x55, 0x99, 0xaa, 0xaa, 0x55, 0x40, 0x44, 
    0x40, 0x44, 0x44, 0x44, 0x40, 0x59, 0x55, 0x59, 0x94, 0x59, 0x44, 0x40, 0x45, 0x55, 0x99, 0x55, 
    0x55, 0x55, 0xb9, 0x55, 0x44, 0x54, 0x54, 0x44, 0x44, 0x55, 0x55, 0x40, 0x44, 0x44, 0x55, 0x95, 
    0x44, 0x44, 0x44, 0x44, 0x44, 0x44, 0x44, 0x54, 0xbf, 0xff, 0xff, 0xff, 0xff, 0xff, 0xff, 0xff, 
    0xff, 0xff, 0xfb, 0xff, 0xfb, 0xff, 0xff, 0xff, 0xff, 0xf6, 0x66, 0x66, 0xbf, 0xe6, 0x6a, 0x66, 
    0x6b, 0xb6, 0x66, 0x65, 0x55, 0x66, 0x65, 0x65, 0x66, 0x66, 0x66, 0xa6, 0x66, 0xa6, 0x66, 0xbb, 
    0xff, 0xff, 0xff, 0xfb, 0xbb, 0xbf, 0xff, 0xf6, 0x55, 0x5b, 0xfe, 0xbf, 0xff, 0xff, 0xe7, 0xff, 
    0xff, 0xff, 0xff, 0xa6, 0x65, 0x11, 0x16, 0xb6, 0x66, 0xa6, 0xa6, 0x66, 0x6a, 0x66, 0x55, 0x69, 
    0x56, 0x55, 0x51, 0xaa, 0x55, 0x55, 0x65, 0x6b, 0xa5, 0x65, 0x55, 0x66, 0x6b, 0xb9, 0x95, 0x51, 
    0x55, 0x55, 0x55, 0x5b, 0xe2, 0xbb, 0xbb, 0xfa, 0x51, 0x79, 0x55, 0x55, 0x55, 0x55, 0x55, 0x55, 
    0x65, 0x51, 0x51, 0x11, 0x10, 0x11, 0x11, 0x6b, 0xfb, 0xfb, 0xfa, 0xab, 0xff, 0xfb, 0xa1, 0x11, 
    0x6a, 0x55, 0x66, 0x51, 0x55, 0x65, 0x10, 0x10, 0x11, 0x11, 0x11, 0x11, 0x11, 0x11, 0x11, 0x11, 
    0x10, 0x10, 0x10, 0x11, 0x10, 0x11, 0x00, 0x00, 0x10, 0x00, 0x10, 0x11, 0x15, 0x7f, 0xf6, 0x55, 
    0x55, 0x55, 0x55, 0x66, 0x66, 0x51, 0x40, 0x01, 0x00, 0x10, 0x14, 0x11, 0x00, 0x11, 0x52, 0x51, 
    0x51, 0x25, 0x01, 0x10, 0x00, 0x6a, 0x6a, 0x51, 0x51, 0x51, 0xa1, 0x11, 0x11, 0x11, 0x10, 0x00, 
    0x10, 0x15, 0x55, 0x00, 0x00, 0x10, 0x11, 0x55, 0x51, 0x11, 0x10, 0x00, 0x10, 0x00, 0x00, 0x11, 
    0xef, 0xff, 0xff, 0xff, 0xff, 0xff, 0xff, 0xff, 0xff, 0xff, 0xff, 0xff, 0xff, 0xff, 0xff, 0xff, 
    0xff, 0xfe, 0x9a, 0x9e, 0xff, 0xfe, 0xae, 0xaa, 0x9f, 0xee, 0x99, 0x99, 0x59, 0x99, 0x99, 0x99, 
    0x99, 0x9a, 0x99, 0xaa, 0x9e, 0xe9, 0x99, 0xaa, 0xff, 0xff, 0xff, 0xfe, 0xee, 0xef, 0xae, 0xaf, 
    0xd5, 0x5a, 0xfe, 0xbf, 0xff, 0xff, 0xff, 0xff, 0xff, 0xff, 0xff, 0xff, 0xe4, 0x44, 0x4a, 0xaa, 
    0xaa, 0x9a, 0x9a, 0xaa, 0x99, 0xa9, 0x99, 0x99, 0x59, 0xa5, 0x55, 0x5a, 0x99, 0x55, 0x45, 0xa9, 
    0x99, 0x99, 0x59, 0x9a, 0x99, 0xad, 0x95, 0x55, 0x59, 0x55, 0x55, 0x4b, 0xe6, 0xef, 0xff, 0xff, 
    0xe9, 0xa8, 0x55, 0x55, 0x55, 0x55, 0x55, 0x55, 0x55, 0x55, 0x55, 0x55, 0x44, 0x45, 0x55, 0x55, 
    0x5f, 0xff, 0xfe, 0xaf, 0xff, 0xef, 0xfe, 0x94, 0x5e, 0x99, 0xaa, 0x94, 0x44, 0x59, 0x55, 0x44, 
    0x44, 0x44, 0x44, 0x44, 0x44, 0x44, 0x44, 0x44, 0x44, 0x44, 0x44, 0x44, 0x44, 0x44, 0x44, 0x44, 
    0x44, 0x04, 0x04, 0x44, 0x45, 0xaf, 0xfe, 0x99, 0x55, 0x55, 0x59, 0x9a, 0xaa, 0xd5, 0x40, 0x04, 
    0x44, 0x54, 0x5e, 0x44, 0x44, 0x04, 0x59, 0x99, 0x55, 0x94, 0x44, 0x44, 0x04, 0x5a, 0xee, 0x55, 
    0x55, 0x95, 0xd5, 0x44, 0x55, 0x44, 0x54, 0x44, 0x44, 0x59, 0x55, 0x44, 0x04, 0x44, 0x44, 0x55, 
    0x44, 0x44, 0x44, 0x44, 0x44, 0x04, 0x04, 0x04, 0xbb, 0xff, 0xff, 0xff, 0xff, 0xff, 0xff, 0xff, 
    0xff, 0xff, 0xff, 0xbf, 0xff, 0xff, 0xff, 0xff, 0xff, 0xff, 0xbb, 0xbf, 0xff, 0xff, 0xaa, 0xaa, 
    0xa7, 0xba, 0xa6, 0x66, 0x56, 0x55, 0x55, 0x56, 0x56, 0x66, 0x66, 0x6a, 0xab, 0xa6, 0x66, 0x66, 
    0x7b, 0xbf, 0xff, 0xbb, 0xab, 0xa9, 0x7f, 0xba, 0xbb, 0xb9, 0xbf, 0xbf, 0xff, 0xff, 0xff, 0xbf, 
    0xff, 0xfb, 0xbf, 0xbf, 0xb1, 0x11, 0x16, 0x6a, 0x66, 0x56, 0x66, 0x66, 0x66, 0x56, 0x56, 0x55, 
    0x15, 0x25, 0x15, 0x55, 0x56, 0x55, 0x01, 0x56, 0x55, 0x55, 0x5a, 0x57, 0x56, 0x65, 0x55, 0x15, 
    0x15, 0x55, 0x55, 0x57, 0xb1, 0xbb, 0xbb, 0xbb, 0xbf, 0x69, 0x15, 0x55, 0x55, 0x15, 0x15, 0x15, 
    0x15, 0x15, 0x11, 0x11, 0x15, 0x01, 0x11, 0x15, 0x11, 0x6b, 0xbe, 0xab, 0xff, 0xbb, 0xbf, 0xfb, 
    0xaa, 0x65, 0x6a, 0xa5, 0x11, 0x01, 0x6a, 0x51, 0x01, 0x01, 0x01, 0x01, 0x01, 0x01, 0x01, 0x01, 
    0x01, 0x01, 0x01, 0x01, 0x01, 0x01, 0x01, 0x00, 0x00, 0x00, 0x00, 0x01, 0x15, 0x6f, 0xfa, 0x55, 
    0x55, 0x55, 0x55, 0x66, 0x6a, 0xa1, 0x10, 0x00, 0x00, 0x01, 0x07, 0x91, 0x00, 0x00, 0x11, 0x65, 
    0x55, 0x50, 0x01, 0x01, 0x00, 0x01, 0x59, 0x11, 0x15, 0x12, 0x51, 0x11, 0x11, 0x11, 0x10, 0x00, 
    0x00, 0x11, 0x15, 0x00, 0x01, 0x01, 0x01, 0x11, 0x01, 0x01, 0x01, 0x00, 0x00, 0x00, 0x00, 0x00, 
    0xef, 0xff, 0xff, 0xff, 0xff, 0xff, 0xff, 0xff, 0xff, 0xff, 0xff, 0xff, 0xff, 0xff, 0xff, 0xff, 
    0xff, 0xff, 0xff, 0xff, 0xff, 0xfe, 0xea, 0xff, 0xea, 0xfe, 0xe9, 0xa9, 0x9a, 0x99, 0x99, 0x99, 
    0x99, 0x99, 0xa9, 0xaa, 0xfe, 0xe9, 0xa9, 0xaa, 0xae, 0xef, 0xff, 0xfe, 0xee, 0xe5, 0xff, 0xf6, 
    0xeb, 0xff, 0xd9, 0x5f, 0xff, 0xff, 0xff, 0xff, 0xff, 0xfe, 0xff, 0xff, 0xe4, 0x54, 0x56, 0xaa, 
    0xaa, 0x99, 0xa9, 0x99, 0xaa, 0xa9, 0x9e, 0x94, 0x59, 0x6a, 0x99, 0x9a, 0x99, 0x95, 0x95, 0x99, 
    0x59, 0x95, 0x55, 0x9e, 0xd9, 0xa9, 0x95, 0x55, 0x59, 0x55, 0x55, 0x56, 0xf8, 0xbf, 0xef, 0xff, 
    0xff, 0xed, 0xe9, 0x55, 0x55, 0x55, 0x55, 0x55, 0x59, 0x55, 0x55, 0x55, 0x55, 0x55, 0x54, 0x55, 
    0x55, 0x55, 0xaa, 0xbf, 0xff, 0xff, 0xff, 0xff, 0xef, 0xe9, 0xaa, 0xe5, 0x95, 0x54, 0x45, 0xa9, 
    0x94, 0x44, 0x44, 0x44, 0x44, 0x44, 0x44, 0x44, 0x44, 0x44, 0x44, 0x44, 0x44, 0x44, 0x44, 0x44, 
    0x45, 0x54, 0x44, 0x44, 0x45, 0xaf, 0xfe, 0x99, 0x55, 0x55, 0x59, 0xaa, 0xaa, 0xa9, 0x54, 0x44, 
    0x54, 0x40, 0x45, 0xf5, 0x44, 0x40, 0x44, 0x59, 0xa9, 0x44, 0x44, 0x44, 0x54, 0x44, 0x55, 0x55, 
    0x55, 0x5a, 0x94, 0x54, 0x55, 0x55, 0x44, 0x44, 0x44, 0x44, 0x44, 0x40, 0x44, 0x44, 0x44, 0x44, 
    0x44, 0x44, 0x44, 0x44, 0x44, 0x40, 0x44, 0x44, 0x6b, 0xff, 0xff, 0xff, 0xff, 0xff, 0xff, 0xff, 
    0xff, 0xff, 0xff, 0xfb, 0xfb, 0xbf, 0xff, 0xff, 0xff, 0xff, 0xff, 0xff, 0xff, 0xfa, 0xa6, 0x7f, 
    0xfa, 0xbb, 0xa6, 0x66, 0x66, 0xa6, 0x65, 0x66, 0x66, 0x66, 0x66, 0x6a, 0xba, 0xaa, 0x66, 0x66, 
    0x6b, 0xab, 0xff, 0xff, 0xba, 0x92, 0xff, 0xe7, 0xf6, 0xbf, 0x95, 0x1b, 0xff, 0xff, 0xbb, 0xbf, 
    0xff, 0xfb, 0xbb, 0xfb, 0xd1, 0x11, 0x16, 0xa6, 0xa6, 0x56, 0x66, 0x66, 0x66, 0x66, 0x6b, 0x55, 
    0x19, 0x11, 0x55, 0x65, 0x56, 0x55, 0xa5, 0x55, 0x56, 0x65, 0x55, 0x65, 0x65, 0xa5, 0x51, 0x51, 
    0x65, 0x55, 0x55, 0x50, 0xb8, 0x3b, 0xab, 0xbb, 0xbb, 0xa9, 0xbb, 0xa5, 0x55, 0x55, 0x55, 0x51, 
    0x11, 0x11, 0x51, 0x51, 0x51, 0x11, 0x11, 0x51, 0x51, 0x55, 0x51, 0x57, 0xff, 0xff, 0xfb, 0xfb, 
    0xbb, 0xff, 0xaa, 0xa5, 0x55, 0x55, 0x11, 0x55, 0x65, 0x51, 0x10, 0x10, 0x10, 0x10, 0x11, 0x10, 
    0x10, 0x10, 0x11, 0x11, 0x10, 0x15, 0x10, 0x11, 0x51, 0x10, 0x00, 0x10, 0x11, 0x6b, 0xfa, 0x65, 
    0x55, 0x55, 0x55, 0x66, 0xaa, 0xa9, 0x51, 0x05, 0x11, 0x00, 0x14, 0x29, 0x10, 0x00, 0x00, 0x11, 
    0x65, 0x01, 0x10, 0x11, 0x10, 0x00, 0x11, 0x51, 0x51, 0x1b, 0x51, 0x11, 0x11, 0x51, 0x50, 0x00, 
    0x10, 0x00, 0x00, 0x00, 0x10, 0x10, 0x10, 0x10, 0x10, 0x11, 0x10, 0x01, 0x00, 0x00, 0x10, 0x01, 
    0x5a, 0xff, 0xff, 0xff, 0xff, 0xff, 0xff, 0xff, 0xff, 0xff, 0xff, 0xfe, 0xff, 0xff, 0xff, 0xff, 
    0xff, 0xff, 0xff, 0xff, 0xff, 0xfa, 0xaa, 0xbf, 0xfe, 0xee, 0xee, 0x99, 0x9a, 0xa9, 0x99, 0x99, 
    0x99, 0x99, 0x9a, 0xaa, 0xbe, 0x9a, 0x99, 0x99, 0x9a, 0xee, 0xff, 0xff, 0xee, 0x4a, 0xff, 0x9f, 
    0xff, 0xaf, 0xde, 0x6f, 0xff, 0xff, 0xef, 0xef, 0xff, 0xff, 0xef, 0xfe, 0xc5, 0x45, 0x4b, 0xfe, 
    0x9a, 0x99, 0x9a, 0x99, 0x99, 0x99, 0x9e, 0x95, 0x59, 0x54, 0x59, 0x99, 0x99, 0x59, 0x99, 0x99, 
    0x5a, 0x99, 0x59, 0x99, 0x99, 0x99, 0x55, 0x55, 0x55, 0x55, 0x55, 0x54, 0x6d, 0x2f, 0xee, 0xff, 
    0xff, 0xdd, 0xef, 0xff, 0xe9, 0x55, 0x55, 0x55, 0x55, 0x55, 0x55, 0x55, 0x55, 0x55, 0x55, 0xee, 
    0x95, 0x55, 0x55, 0x55, 0x5a, 0xff, 0xff, 0xff, 0xff, 0xff, 0xae, 0xe9, 0x55, 0x59, 0x55, 0x45, 
    0x55, 0x55, 0x54, 0x44, 0x44, 0x44, 0x44, 0x44, 0x44, 0x44, 0x44, 0x44, 0x44, 0x45, 0x84, 0x44, 
    0x55, 0x44, 0x44, 0x44, 0x45, 0x5a, 0xfe, 0x99, 0x55, 0x55, 0x55, 0x9a, 0xaa, 0xae, 0x55, 0x44, 
    0x44, 0x40, 0x09, 0x4a, 0x44, 0x04, 0x04, 0x04, 0x54, 0x44, 0x44, 0x44, 0x44, 0x44, 0x45, 0x55, 
    0x55, 0x5e, 0x45, 0x44, 0x55, 0x45, 0x44, 0x44, 0x44, 0x04, 0x04, 0x44, 0x04, 0x44, 0x44, 0x44, 
    0x44, 0x44, 0x44, 0x44, 0x04, 0x04, 0x04, 0x06, 0x56, 0xbf, 0xff, 0xff, 0xff, 0xff, 0xff, 0xff, 
    0xff, 0xff, 0xff, 0xff, 0xbb, 0xbf, 0xff, 0xff, 0xff, 0xff, 0xff, 0xff, 0xff, 0xfa, 0x66, 0x6b, 
    0xbb, 0xab, 0xbb, 0x66, 0x6a, 0x66, 0x65, 0x56, 0x66, 0x66, 0x65, 0x6a, 0x6b, 0x56, 0x66, 0x66, 
    0x56, 0xaa, 0xbf, 0xff, 0xa5, 0x2b, 0xbf, 0x6f, 0xff, 0xfa, 0xb5, 0x6f, 0xff, 0xff, 0xaf, 0xbb, 
    0xff, 0xfb, 0xbb, 0xbb, 0x81, 0x11, 0x17, 0xbb, 0xaa, 0x56, 0x66, 0x66, 0x56, 0x55, 0x5a, 0xa5, 
    0x15, 0x11, 0x55, 0x55, 0x56, 0x55, 0xa5, 0x65, 0x56, 0x66, 0x56, 0x55, 0x6a, 0x65, 0x11, 0x15, 
    0x15, 0x55, 0x55, 0x15, 0x09, 0x0b, 0xbb, 0xbb, 0xb7, 0x59, 0xbb, 0xbb, 0xbf, 0xba, 0x55, 0x15, 
    0x15, 0x15, 0x11, 0x15, 0x11, 0x11, 0x12, 0xbb, 0x96, 0x55, 0x11, 0x11, 0x15, 0x16, 0xbf, 0xbf, 
    0xff, 0xff, 0x6b, 0xbf, 0xa5, 0x15, 0x55, 0x11, 0x65, 0x11, 0x15, 0x51, 0x01, 0x01, 0x01, 0x01, 
    0x01, 0x01, 0x01, 0x01, 0x01, 0x01, 0x00, 0x01, 0x56, 0x51, 0x00, 0x00, 0x11, 0x56, 0xbf, 0x65, 
    0x55, 0x55, 0x55, 0x6a, 0x6a, 0x6b, 0x95, 0x01, 0x00, 0x00, 0x02, 0x42, 0x00, 0x00, 0x00, 0x00, 
    0x11, 0x00, 0x01, 0x01, 0x01, 0x00, 0x01, 0x11, 0x11, 0x2d, 0x11, 0x01, 0x11, 0x11, 0x00, 0x00, 
    0x00, 0x00, 0x00, 0x00, 0x11, 0x01, 0x01, 0x00, 0x00, 0x11, 0x00, 0x00, 0x00, 0x00, 0x00, 0x03, 
    0x5a, 0xff, 0xff, 0xff, 0xff, 0xff, 0xff, 0xff, 0xff, 0xff, 0xff, 0xff, 0xff, 0xff, 0xff, 0xff, 
    0xff, 0xff, 0xff, 0xff, 0xff, 0xff, 0xea, 0xab, 0xff, 0xfe, 0xee, 0xa9, 0x99, 0xa9, 0xa9, 0x99, 
    0x99, 0x99, 0xa9, 0x9a, 0xae, 0xe9, 0x99, 0xa5, 0x5a, 0xee, 0xff, 0xff, 0xe4, 0xae, 0xef, 0xff, 
    0xff, 0xfd, 0xb4, 0x5f, 0xff, 0xff, 0xff, 0xff, 0xff, 0xff, 0xff, 0xfe, 0x84, 0x54, 0x57, 0xff, 
    0xee, 0xe5, 0x99, 0x99, 0x99, 0x99, 0xaa, 0xf9, 0x44, 0x5a, 0xd5, 0x99, 0x9a, 0x99, 0xa9, 0x95, 
    0x95, 0x99, 0x99, 0xba, 0x99, 0xa8, 0x55, 0x55, 0x55, 0x55, 0x55, 0x55, 0x44, 0x47, 0xff, 0xff, 
    0xe6, 0x99, 0xfe, 0xef, 0xff, 0xff, 0xe9, 0x95, 0x55, 0x55, 0x55, 0x55, 0x55, 0x55, 0x55, 0xaa, 
    0x96, 0xd5, 0x55, 0x55, 0x55, 0x55, 0x5a, 0xff, 0xff, 0xff, 0xef, 0xfe, 0xfa, 0xa5, 0x54, 0x54, 
    0x45, 0xa4, 0x55, 0x55, 0x94, 0x44, 0x44, 0x44, 0x44, 0x44, 0x44, 0x44, 0x44, 0x44, 0x44, 0x44, 
    0x45, 0xa8, 0x54, 0x44, 0x54, 0x55, 0xbf, 0xa9, 0x95, 0x55, 0x55, 0x5a, 0xaa, 0xaa, 0xe5, 0x44, 
    0x44, 0x54, 0x44, 0x54, 0x44, 0x44, 0x40, 0x44, 0x44, 0x44, 0x44, 0x44, 0x44, 0x44, 0x45, 0x55, 
    0x55, 0x7c, 0x45, 0x45, 0x55, 0x55, 0x44, 0x44, 0x44, 0x44, 0x44, 0x44, 0x44, 0x44, 0x44, 0x44, 
    0x44, 0x44, 0x44, 0x44, 0x44, 0x44, 0x44, 0x4a, 0x56, 0xbf, 0xff, 0xff, 0xff, 0xff, 0xff, 0xff, 
    0xff, 0xff, 0xff, 0xff, 0xff, 0xbb, 0xff, 0xff, 0xff, 0xff, 0xff, 0xff, 0xff, 0xff, 0xfa, 0x6b, 
    0xff, 0xff, 0xba, 0x66, 0x66, 0x66, 0x65, 0x55, 0x65, 0x66, 0x65, 0x66, 0x66, 0xa5, 0x66, 0x65, 
    0x1a, 0xaa, 0xbf, 0xff, 0xa1, 0xbb, 0xbb, 0xff, 0xff, 0xf9, 0x95, 0x2f, 0xff, 0xff, 0xff, 0xfb, 
    0xff, 0xfb, 0xbb, 0xfb, 0x51, 0x11, 0x12, 0xfb, 0xba, 0xb6, 0xa6, 0x66, 0x65, 0x65, 0x67, 0xf5, 
    0x11, 0x16, 0x15, 0x55, 0x65, 0x65, 0x66, 0x51, 0x65, 0x55, 0x55, 0xb7, 0x65, 0x65, 0x51, 0x51, 
    0x55, 0x55, 0x51, 0x51, 0x11, 0x01, 0xfb, 0xfb, 0xf1, 0x56, 0xbb, 0x6b, 0xfb, 0xff, 0xeb, 0xba, 
    0x51, 0x51, 0x51, 0x51, 0x11, 0x11, 0x56, 0x51, 0x55, 0x95, 0x51, 0x51, 0x55, 0x51, 0x55, 0x66, 
    0xbf, 0xff, 0xab, 0xfa, 0x96, 0xab, 0xa5, 0x50, 0x10, 0x11, 0x51, 0x55, 0x55, 0x51, 0x11, 0x10, 
    0x11, 0x11, 0x11, 0x11, 0x11, 0x11, 0x11, 0x10, 0x11, 0x11, 0x51, 0x11, 0x11, 0x11, 0x6f, 0xa5, 
    0x55, 0x55, 0x55, 0x56, 0xaa, 0xaa, 0xb5, 0x11, 0x00, 0x10, 0x01, 0x16, 0x00, 0x00, 0x00, 0x10, 
    0x00, 0x10, 0x11, 0x11, 0x11, 0x11, 0x10, 0x11, 0x51, 0xb5, 0x11, 0x11, 0x11, 0x24, 0x00, 0x10, 
    0x00, 0x00, 0x00, 0x00, 0x00, 0x10, 0x10, 0x10, 0x10, 0x10, 0x00, 0x10, 0x00, 0x00, 0x00, 0x1a, 
    0x5a, 0xef, 0xff, 0xff, 0xff, 0xff, 0xff, 0xff, 0xff, 0xff, 0xff, 0xff, 0xff, 0xef, 0xff, 0xff, 
    0xff, 0xff, 0xff, 0xff, 0xff, 0xff, 0xff, 0xef, 0xff, 0xff, 0xea, 0x9a, 0x9a, 0x9a, 0x99, 0x99, 
    0x99, 0xa9, 0x99, 0x99, 0x9a, 0xe9, 0x9a, 0x99, 0x5a, 0xea, 0xaf, 0xfe, 0x86, 0xee, 0xef, 0xff, 
    0xff, 0xfe, 0xfd, 0x7f, 0xff, 0xff, 0xef, 0xff, 0xff, 0xff, 0xef, 0xfe, 0x44, 0x44, 0x44, 0xfe, 
    0xee, 0xe8, 0xae, 0xa9, 0x99, 0x99, 0x9a, 0xe5, 0x44, 0x44, 0x45, 0x59, 0x59, 0x99, 0x99, 0x55, 
    0x69, 0x59, 0x99, 0x9a, 0x99, 0x98, 0x55, 0x55, 0x55, 0x55, 0x55, 0x55, 0x44, 0x44, 0x6f, 0xef, 
    0xe5, 0x55, 0xff, 0xea, 0xff, 0xff, 0xee, 0xef, 0xed, 0x55, 0x55, 0x55, 0x55, 0x45, 0x5b, 0xfe, 
    0x59, 0x55, 0x55, 0x55, 0x55, 0x55, 0x45, 0x59, 0x9b, 0xff, 0xea, 0xfe, 0xae, 0xee, 0xa9, 0x84, 
    0x44, 0x44, 0x45, 0x45, 0x55, 0x59, 0x95, 0x44, 0x44, 0x44, 0x44, 0x44, 0x44, 0x94, 0x44, 0x44, 
    0x44, 0x44, 0x44, 0x44, 0x44, 0x55, 0x5f, 0xd9, 0x55, 0x55, 0x55, 0x5a, 0xaa, 0xea, 0xa5, 0x44, 
    0x44, 0x04, 0x04, 0x44, 0x44, 0x04, 0x04, 0x04, 0x44, 0x55, 0x44, 0x44, 0x44, 0x44, 0x44, 0x45, 
    0x55, 0xe5, 0x44, 0x45, 0x45, 0x54, 0x44, 0x44, 0x04, 0x04, 0x04, 0x04, 0x44, 0x04, 0x44, 0x44, 
    0x44, 0x44, 0x44, 0x44, 0x04, 0x44, 0x44, 0x6d, 0x66, 0xbf, 0xff, 0xff, 0xff, 0xfb, 0xff, 0xff, 
    0xff, 0xff, 0xff, 0xff, 0xff, 0xbb, 0xbf, 0xff, 0xff, 0xff, 0xff, 0xff, 0xff, 0xff, 0xff, 0xff, 
    0xff, 0xff, 0xfb, 0xa7, 0xa6, 0x56, 0x55, 0x55, 0x56, 0x66, 0x56, 0x56, 0x66, 0x66, 0x66, 0x66, 
    0x52, 0xaa, 0xab, 0xfa, 0x1b, 0xab, 0xbb, 0xbf, 0xff, 0xff, 0xff, 0xab, 0xff, 0xff, 0xfb, 0xff, 
    0xbf, 0xbb, 0xbb, 0xbf, 0x11, 0x11, 0x11, 0x7b, 0xaa, 0x91, 0x2a, 0xaa, 0xa6, 0x56, 0x56, 0x51, 
    0x11, 0x01, 0x55, 0x55, 0x55, 0x55, 0x55, 0x51, 0x55, 0x55, 0x55, 0xaa, 0x56, 0x65, 0x11, 0x15, 
    0x15, 0x55, 0x51, 0x11, 0x01, 0x11, 0x1a, 0x5b, 0xb1, 0x15, 0xbb, 0xba, 0xbb, 0xa6, 0xab, 0xab, 
    0xbb, 0xaa, 0x55, 0x11, 0x11, 0x11, 0x17, 0xbe, 0x5b, 0x55, 0x11, 0x11, 0x65, 0x11, 0x15, 0x15, 
    0x56, 0xab, 0xba, 0xaf, 0xaa, 0x66, 0xa5, 0x41, 0x00, 0x00, 0x01, 0x11, 0x11, 0x11, 0x16, 0x55, 
    0x01, 0x01, 0x01, 0x01, 0x12, 0x51, 0x01, 0x01, 0x01, 0x01, 0x01, 0x01, 0x11, 0x11, 0x17, 0xe5, 
    0x55, 0x15, 0x55, 0x56, 0xaa, 0xaa, 0xa6, 0x10, 0x00, 0x01, 0x00, 0x01, 0x00, 0x00, 0x00, 0x01, 
    0x10, 0x11, 0x11, 0x01, 0x01, 0x01, 0x01, 0x01, 0x12, 0xe1, 0x11, 0x11, 0x11, 0x10, 0x00, 0x00, 
    0x00, 0x00, 0x00, 0x01, 0x00, 0x00, 0x00, 0x00, 0x01, 0x01, 0x00, 0x00, 0x00, 0x00, 0x00, 0x76, 
    0xaa, 0xff, 0xff, 0xff, 0xff, 0xff, 0xff, 0xff, 0xff, 0xff, 0xff, 0xff, 0xff, 0xff, 0xff, 0xff, 
    0xff, 0xff, 0xff, 0xff, 0xff, 0xff, 0xff, 0xff, 0xff, 0xff, 0xff, 0xff, 0xe9, 0x99, 0x99, 0x99, 
    0x9a, 0xe9, 0xa9, 0x99, 0xaa, 0xaa, 0xaa, 0xea, 0x9a, 0xea, 0xaf, 0xe8, 0x5e, 0xee, 0xee, 0xff, 
    0xff, 0xff, 0xff, 0xfa, 0xff, 0xff, 0xff, 0xff, 0xff, 0xfe, 0xe9, 0xbe, 0x54, 0x54, 0x54, 0x6e, 
    0xee, 0xd4, 0x6e, 0xea, 0xea, 0xea, 0x95, 0x54, 0x59, 0x44, 0x59, 0x99, 0x95, 0xa9, 0x95, 0x95, 
    0x99, 0x99, 0x95, 0xdd, 0x99, 0xa8, 0x55, 0x55, 0x55, 0x55, 0x55, 0x55, 0x54, 0x54, 0x56, 0x8a, 
    0xe5, 0x54, 0xbf, 0xfe, 0xbf, 0xea, 0xae, 0xfe, 0xee, 0xee, 0xe9, 0x95, 0x55, 0x55, 0x55, 0xbe, 
    0xaf, 0x95, 0x55, 0x55, 0xba, 0x99, 0x55, 0x95, 0x95, 0xe9, 0x96, 0xff, 0xea, 0xaa, 0x96, 0x44, 
    0x44, 0x44, 0x44, 0x44, 0x55, 0x44, 0x45, 0x59, 0x94, 0x44, 0x44, 0x44, 0x68, 0x44, 0x44, 0x44, 
    0x44, 0x44, 0x44, 0x44, 0x44, 0x55, 0x96, 0xf9, 0x95, 0x55, 0x55, 0x55, 0xea, 0xea, 0xe9, 0x94, 
    0x44, 0x44, 0x40, 0x44, 0x44, 0x44, 0x40, 0x44, 0x55, 0x45, 0x55, 0x44, 0x44, 0x44, 0x44, 0x44, 
    0x56, 0xd4, 0x55, 0x55, 0x55, 0x54, 0x44, 0x44, 0x44, 0x44, 0x44, 0x44, 0x44, 0x44, 0x44, 0x44, 
    0x44, 0x44, 0x44, 0x44, 0x40, 0x44, 0x44, 0xea, 0x67, 0xbf, 0xff, 0xff, 0xff, 0xff, 0xaf, 0xff, 
    0xff, 0xff, 0xff, 0xff, 0xff, 0xfb, 0xfb, 0xbf, 0xff, 0xff, 0xff, 0xbf, 0xff, 0xff, 0xff, 0xff, 
    0xff, 0xff, 0xff, 0xff, 0xa6, 0x65, 0x66, 0x55, 0x66, 0xaa, 0xa6, 0x66, 0x66, 0xa6, 0x6b, 0xa6, 
    0xaa, 0xaa, 0xaa, 0xa1, 0x7a, 0xbb, 0xbb, 0xbb, 0xff, 0xff, 0xff, 0xfe, 0xff, 0xff, 0xff, 0xbf, 
    0xfb, 0xfa, 0x56, 0xba, 0x11, 0x11, 0x11, 0x17, 0xba, 0xa1, 0x5a, 0xaa, 0xaa, 0xbb, 0x91, 0x50, 
    0x11, 0x40, 0x15, 0x15, 0x55, 0x66, 0x55, 0x51, 0x55, 0x55, 0x55, 0x56, 0x66, 0x75, 0x51, 0x51, 
    0x55, 0x55, 0x55, 0x51, 0x11, 0x11, 0x11, 0x17, 0xa1, 0x51, 0x7b, 0xbb, 0xbb, 0xff, 0xba, 0xbb, 
    0xbb, 0xab, 0xbb, 0xba, 0x51, 0x51, 0x51, 0x55, 0x6b, 0x51, 0x11, 0x51, 0x66, 0x7a, 0x55, 0x55, 
    0x65, 0xa5, 0x51, 0x6b, 0xba, 0xaa, 0xa2, 0x11, 0x10, 0x10, 0x10, 0x00, 0x11, 0x11, 0x11, 0x11, 
    0x15, 0x55, 0x11, 0x11, 0x19, 0x10, 0x10, 0x10, 0x10, 0x10, 0x10, 0x10, 0x11, 0x11, 0x56, 0xf9, 
    0x55, 0x55, 0x55, 0x55, 0xaa, 0xaa, 0xa9, 0x51, 0x11, 0x04, 0x10, 0x10, 0x10, 0x00, 0x00, 0x00, 
    0x11, 0x10, 0x11, 0x51, 0x11, 0x11, 0x11, 0x10, 0x17, 0x91, 0x11, 0x11, 0x11, 0x50, 0x00, 0x10, 
    0x00, 0x00, 0x00, 0x00, 0x00, 0x00, 0x01, 0xaa, 0xa6, 0x55, 0x50, 0x00, 0x00, 0x10, 0x01, 0xe9, 
    0x5a, 0xff, 0xff, 0xff, 0xff, 0xff, 0xff, 0xff, 0xff, 0xff, 0xff, 0xff, 0xff, 0xff, 0xef, 0xff, 
    0xff, 0xff, 0xff, 0xff, 0xff, 0xff, 0xff, 0xff, 0xff, 0xff, 0xff, 0xfe, 0x99, 0x99, 0x9a, 0x99, 
    0x99, 0xaa, 0xaa, 0x99, 0x9a, 0xaa, 0x9b, 0xea, 0xaa, 0xea, 0xaa, 0x85, 0xfe, 0xed, 0xae, 0xef, 
    0xff, 0xff, 0xff, 0xff, 0xff, 0xff, 0xff, 0xff, 0xe9, 0x95, 0xae, 0xed, 0x45, 0x45, 0x45, 0x46, 
    0xee, 0xad, 0x56, 0xaa, 0xae, 0xef, 0x99, 0xd4, 0x45, 0x44, 0x55, 0x44, 0x59, 0x99, 0x95, 0x95, 
    0x59, 0x55, 0x59, 0x99, 0x5a, 0xa5, 0x55, 0x55, 0x59, 0x55, 0x55, 0x55, 0x44, 0x44, 0x45, 0x46, 
    0xc5, 0x55, 0x7f, 0xff, 0xef, 0xfe, 0xaf, 0x9e, 0xee, 0xee, 0xee, 0xef, 0xe5, 0x45, 0x55, 0x55, 
    0x55, 0x55, 0x45, 0x55, 0x55, 0x59, 0x55, 0x59, 0x9a, 0xe9, 0x45, 0x56, 0x9a, 0xfe, 0xea, 0x44, 
    0x44, 0x44, 0x44, 0x44, 0x44, 0x44, 0x45, 0x44, 0x44, 0x59, 0x95, 0x44, 0x49, 0x44, 0x44, 0x44, 
    0x44, 0x44, 0x44, 0x44, 0x44, 0x45, 0x55, 0xed, 0x95, 0x55, 0x55, 0x55, 0xaa, 0xaa, 0xaa, 0x64, 
    0x58, 0x4a, 0x44, 0x44, 0x44, 0x04, 0x44, 0x00, 0x45, 0x44, 0x45, 0x59, 0x44, 0x44, 0x44, 0x44, 
    0x4f, 0x55, 0x54, 0x55, 0x55, 0x44, 0x44, 0x44, 0x04, 0x04, 0x04, 0x04, 0x04, 0x04, 0x04, 0xbf, 
    0xff, 0xea, 0xa4, 0x04, 0x04, 0x44, 0x46, 0xd8, 0x56, 0x6f, 0xff, 0xff, 0xff, 0xff, 0xff, 0xff, 
    0xfb, 0xff, 0xff, 0xff, 0xff, 0xbb, 0xbb, 0xbf, 0xbf, 0xff, 0xff, 0xff, 0xff, 0xff, 0xff, 0xff, 
    0xff, 0xff, 0xff, 0xff, 0xa6, 0x55, 0x56, 0x56, 0x56, 0x66, 0xaa, 0x66, 0x56, 0x7a, 0xab, 0xaa, 
    0x6a, 0xba, 0xa9, 0x12, 0xbb, 0xaa, 0x6a, 0xbb, 0xbf, 0xbf, 0xff, 0xff, 0xff, 0xff, 0xbf, 0xbf, 
    0x56, 0x6b, 0xbb, 0xa9, 0x11, 0x11, 0x11, 0x51, 0xaa, 0xaa, 0x16, 0xa2, 0xab, 0xbb, 0xa6, 0x55, 
    0x00, 0x11, 0x17, 0x55, 0x15, 0x65, 0x65, 0x65, 0x55, 0x55, 0x55, 0x69, 0x56, 0x61, 0x15, 0x11, 
    0x55, 0x55, 0x15, 0x11, 0x10, 0x11, 0x11, 0x55, 0x11, 0x15, 0x3b, 0xbb, 0xbb, 0xb9, 0x5b, 0xbb, 
    0xaa, 0xab, 0xaa, 0xab, 0xb5, 0x11, 0x65, 0x11, 0x15, 0x11, 0x11, 0x17, 0xa5, 0x55, 0x15, 0x56, 
    0x56, 0xa5, 0x15, 0x56, 0x51, 0x1a, 0xa9, 0x01, 0x00, 0x00, 0x00, 0x00, 0x01, 0x01, 0x11, 0x11, 
    0x11, 0x11, 0x15, 0x55, 0x01, 0x01, 0x01, 0x00, 0x01, 0x01, 0x00, 0x01, 0x01, 0x11, 0x11, 0x7a, 
    0x55, 0x55, 0x55, 0x55, 0x6a, 0xaa, 0x65, 0x29, 0x15, 0x02, 0x41, 0x11, 0x00, 0x00, 0x00, 0x01, 
    0x01, 0x11, 0x11, 0x11, 0x11, 0x01, 0x01, 0x01, 0x1a, 0x11, 0x11, 0x11, 0x11, 0x00, 0x00, 0x00, 
    0x00, 0x00, 0x00, 0x10, 0x00, 0x00, 0x00, 0x3f, 0xbf, 0xa5, 0x14, 0x00, 0x00, 0x00, 0x07, 0x61, 
    0x59, 0xaf, 0xff, 0xff, 0xff, 0xff, 0xff, 0xff, 0xf9, 0xff, 0xff, 0xff, 0xff, 0xfe, 0xfe, 0xff, 
    0xff, 0xff, 0xff, 0xff, 0xff, 0xff, 0xff, 0xff, 0xff, 0xff, 0xff, 0xff, 0xe9, 0x99, 0x99, 0x99, 
    0x9a, 0xaa, 0xea, 0xa9, 0x95, 0xae, 0xae, 0xfe, 0xaa, 0xae, 0xa4, 0x5a, 0xfe, 0xee, 0xe4, 0xae, 
    0xff, 0xff, 0xff, 0xff, 0xfe, 0xff, 0xff, 0xfe, 0x9f, 0xfe, 0xee, 0xec, 0x54, 0x54, 0x54, 0x54, 
    0xae, 0xe9, 0x55, 0x96, 0xee, 0xff, 0xee, 0x85, 0x44, 0x55, 0x95, 0xa9, 0x99, 0x96, 0x9d, 0x9a, 
    0x99, 0x95, 0x95, 0x59, 0x99, 0x95, 0x55, 0x55, 0x55, 0x55, 0x55, 0x55, 0x54, 0x44, 0x45, 0x55, 
    0x45, 0x55, 0x6e, 0xae, 0xf7, 0xfe, 0xaa, 0xee, 0xea, 0xee, 0xee, 0xee, 0x99, 0x55, 0x95, 0x55, 
    0x55, 0x54, 0x59, 0x5a, 0xe9, 0xad, 0x55, 0x95, 0x99, 0x59, 0x55, 0x59, 0x95, 0x54, 0x5c, 0x44, 
    0x44, 0x44, 0x44, 0x44, 0x44, 0x44, 0x44, 0x44, 0x54, 0x54, 0x54, 0x59, 0x94, 0x44, 0x44, 0x44, 
    0x44, 0x44, 0x44, 0x44, 0x44, 0x64, 0x54, 0x6d, 0x95, 0x55, 0x55, 0x55, 0x5e, 0xa9, 0x54, 0x5e, 
    0x45, 0x45, 0x84, 0x54, 0x40, 0x40, 0x40, 0x40, 0x44, 0x55, 0x54, 0x44, 0x54, 0x44, 0x44, 0x44, 
    0x55, 0x55, 0x55, 0x55, 0x55, 0x44, 0x44, 0x44, 0x44, 0x44, 0x44, 0x44, 0x44, 0x44, 0x44, 0x5f, 
    0xff, 0xe9, 0x59, 0x44, 0x44, 0x44, 0x4e, 0x54, 0x55, 0x6b, 0xfb, 0xff, 0xff, 0xff, 0xff, 0xff, 
    0xfa, 0xfb, 0xff, 0xff, 0xff, 0xfb, 0xbb, 0xbb, 0xbb, 0xfe, 0xa7, 0xff, 0xff, 0xff, 0xfa, 0xff, 
    0xff, 0xff, 0xff, 0xff, 0xfa, 0x65, 0x65, 0x65, 0x6a, 0xbb, 0xfa, 0xa6, 0x66, 0x6a, 0x6a, 0xba, 
    0xaa, 0xaa, 0x51, 0x1b, 0xfb, 0xba, 0xb5, 0x2b, 0xbb, 0xbb, 0xff, 0xff, 0xff, 0xff, 0xff, 0xb9, 
    0xbf, 0xfb, 0xbb, 0xb9, 0x11, 0x11, 0x11, 0x11, 0x56, 0xa1, 0x55, 0x52, 0xaa, 0xbb, 0xba, 0x16, 
    0x50, 0x55, 0x55, 0x69, 0x55, 0xa6, 0x57, 0x96, 0x55, 0x55, 0x56, 0x65, 0x56, 0x61, 0x51, 0x51, 
    0x55, 0x55, 0x55, 0x51, 0x11, 0x11, 0x11, 0x55, 0x51, 0x55, 0x2a, 0x6a, 0x66, 0xfb, 0xfa, 0xba, 
    0xbb, 0xbb, 0xbb, 0xbb, 0xb5, 0x55, 0x11, 0x11, 0x51, 0x11, 0x55, 0x55, 0x55, 0x69, 0x55, 0x56, 
    0x91, 0x61, 0x55, 0x52, 0x51, 0x11, 0x18, 0x11, 0x11, 0x11, 0x10, 0x00, 0x01, 0x51, 0x10, 0x00, 
    0x11, 0x11, 0x11, 0x11, 0x55, 0x11, 0x10, 0x10, 0x11, 0x11, 0x50, 0x10, 0x11, 0x15, 0x11, 0x1a, 
    0x55, 0x55, 0x55, 0x55, 0x55, 0x51, 0x11, 0x1b, 0x41, 0x61, 0x50, 0x11, 0x00, 0x00, 0x00, 0x00, 
    0x11, 0x51, 0x11, 0x11, 0x15, 0x11, 0x11, 0x11, 0x11, 0x11, 0x11, 0x11, 0x11, 0x10, 0x00, 0x10, 
    0x00, 0x00, 0x00, 0x00, 0x00, 0x00, 0x00, 0x1b, 0xfb, 0x6a, 0x56, 0x00, 0x00, 0x00, 0x29, 0x50, 
    0x55, 0x5f, 0xfe, 0xff, 0xff, 0xff, 0xff, 0xff, 0xfe, 0xef, 0xef, 0xff, 0xff, 0xfe, 0xef, 0xef, 
    0xef, 0xff, 0xef, 0xff, 0xff, 0xe9, 0x56, 0xff, 0xff, 0xff, 0xff, 0xef, 0xee, 0x99, 0x99, 0x99, 
    0x9a, 0xef, 0xfe, 0xaa, 0xaa, 0xaa, 0x9a, 0xae, 0xaa, 0xaa, 0x44, 0x6f, 0xff, 0xee, 0xee, 0x9a, 
    0xef, 0xef, 0xff, 0xff, 0xff, 0xff, 0xfe, 0xa9, 0xfe, 0xea, 0xae, 0xe8, 0x45, 0x45, 0x45, 0x55, 
    0x55, 0xa5, 0x55, 0x56, 0xae, 0xee, 0xe9, 0x5a, 0x85, 0xa9, 0x55, 0x99, 0x59, 0x9a, 0x6a, 0x99, 
    0x99, 0x55, 0x9a, 0xa9, 0x59, 0x95, 0x55, 0x55, 0x55, 0x55, 0x55, 0x55, 0x55, 0x44, 0x45, 0x59, 
    0x55, 0x55, 0x5e, 0xaa, 0x99, 0xae, 0xff, 0xee, 0xee, 0xef, 0xef, 0xda, 0xee, 0x99, 0x95, 0x45, 
    0x55, 0x45, 0x99, 0x55, 0x55, 0x59, 0x55, 0x55, 0x59, 0x59, 0x55, 0x56, 0xe9, 0x44, 0x58, 0x44, 
    0x45, 0x45, 0x44, 0x44, 0x05, 0x44, 0x44, 0x44, 0x44, 0x44, 0x45, 0x45, 0x55, 0x55, 0x44, 0x44, 
    0x44, 0x44, 0x44, 0x44, 0x44, 0x45, 0x44, 0x4b, 0x95, 0x55, 0x45, 0x55, 0x4a, 0x94, 0x48, 0x46, 
    0xc4, 0x94, 0x94, 0x44, 0x44, 0x44, 0x04, 0x44, 0x04, 0x44, 0x45, 0x44, 0x45, 0x94, 0x44, 0x44, 
    0x45, 0x44, 0x45, 0x55, 0x54, 0x44, 0x44, 0x44, 0x04, 0x04, 0x54, 0x44, 0x04, 0x04, 0x04, 0x47, 
    0xfa, 0x99, 0xae, 0x84, 0x44, 0x44, 0x69, 0x44, 0x15, 0x56, 0xbb, 0xab, 0xff, 0xff, 0xff, 0xff, 
    0xff, 0xb6, 0x66, 0xff, 0xff, 0xff, 0xbb, 0xbb, 0xbb, 0xff, 0xbf, 0xbb, 0xa6, 0x51, 0x7f, 0xff, 
    0xff, 0xff, 0xff, 0xfb, 0xbb, 0x66, 0x55, 0x55, 0x6a, 0xbb, 0xbb, 0x66, 0x66, 0x66, 0x66, 0xaa, 
    0x6a, 0x55, 0x11, 0x7f, 0xbf, 0xfa, 0xaa, 0xab, 0x6b, 0xbb, 0xbf, 0xff, 0xff, 0xff, 0xff, 0x51, 
    0xa5, 0x15, 0x5b, 0xa5, 0x11, 0x11, 0x11, 0x11, 0x15, 0xa1, 0x55, 0x55, 0xaa, 0xab, 0xa5, 0x2a, 
    0x51, 0x2a, 0x65, 0x55, 0x56, 0x95, 0x5b, 0x65, 0x56, 0x55, 0x5a, 0x65, 0x5a, 0x51, 0x11, 0x16, 
    0x15, 0x55, 0x11, 0x11, 0x11, 0x01, 0x11, 0x16, 0x51, 0x15, 0x1b, 0xa6, 0x65, 0x66, 0x6b, 0xbb, 
    0xab, 0xa6, 0x6b, 0xa5, 0x55, 0x56, 0x96, 0x55, 0x11, 0x11, 0x95, 0x19, 0x15, 0x55, 0x15, 0x51, 
    0x55, 0x19, 0x15, 0x16, 0xbf, 0xa5, 0x11, 0x01, 0x01, 0x11, 0x11, 0x11, 0x00, 0x01, 0x00, 0x01, 
    0x11, 0x00, 0x11, 0x19, 0x15, 0x11, 0x55, 0x11, 0x01, 0x01, 0x01, 0x01, 0x01, 0x11, 0x11, 0x13, 
    0x95, 0x15, 0x11, 0x15, 0x52, 0xa5, 0x16, 0x56, 0x91, 0xb5, 0x21, 0x51, 0x00, 0x00, 0x00, 0x00, 
    0x00, 0x01, 0x51, 0x11, 0x01, 0x15, 0x01, 0x01, 0x01, 0x11, 0x11, 0x11, 0x10, 0x00, 0x01, 0x00, 
    0x00, 0x00, 0x15, 0x10, 0x00, 0x00, 0x00, 0x02, 0xba, 0x55, 0x56, 0xa0, 0x00, 0x00, 0x75, 0x00, 
    0x55, 0x55, 0xea, 0xff, 0xff, 0xff, 0xff, 0xff, 0xff, 0xfd, 0x55, 0xff, 0xff, 0xff, 0xfe, 0xfe, 
    0xff, 0xff, 0xfe, 0xa9, 0x94, 0x6f, 0xff, 0xff, 0xff, 0xff, 0xff, 0xfe, 0xfe, 0xa9, 0x99, 0x99, 
    0xaa, 0xfe, 0xda, 0xa9, 0xaa, 0xaa, 0xa9, 0xea, 0xa9, 0x95, 0x55, 0xff, 0xff, 0xfe, 0xee, 0xee, 
    0xde, 0xef, 0xff, 0xff, 0xff, 0xff, 0xfe, 0xd5, 0x55, 0xae, 0xea, 0xe8, 0x54, 0x54, 0x54, 0x55, 
    0x55, 0xe5, 0x55, 0x55, 0xea, 0xee, 0xe9, 0x6a, 0xa8, 0x5a, 0xaa, 0xa9, 0x95, 0x95, 0xa9, 0xa9, 
    0x55, 0x95, 0x99, 0xa9, 0x99, 0x95, 0x55, 0x59, 0x95, 0x55, 0x55, 0x55, 0x55, 0x54, 0x54, 0x55, 
    0x99, 0x55, 0x5e, 0xea, 0xa9, 0xaa, 0xae, 0xee, 0xfe, 0xa9, 0x99, 0x99, 0x99, 0x9a, 0xd9, 0xad, 
    0x99, 0x55, 0x55, 0x59, 0x55, 0x59, 0x55, 0x95, 0x99, 0x59, 0x55, 0x56, 0xaf, 0xff, 0xe4, 0x54, 
    0x45, 0x55, 0x54, 0x54, 0x54, 0x44, 0x44, 0x44, 0x55, 0x94, 0x44, 0x59, 0x55, 0x54, 0x55, 0x95, 
    0x94, 0x44, 0x44, 0x44, 0x44, 0x54, 0x59, 0x55, 0xe5, 0x55, 0x55, 0x54, 0x55, 0xaa, 0xae, 0xe9, 
    0x5e, 0x6d, 0x58, 0xa4, 0x44, 0x40, 0x44, 0x40, 0x40, 0x40, 0xa9, 0x54, 0x44, 0x45, 0x94, 0x44, 
    0x44, 0x44, 0x55, 0x55, 0x54, 0x44, 0x44, 0x44, 0x44, 0x44, 0x45, 0x44, 0x44, 0x44, 0x44, 0x44, 
    0xfe, 0x99, 0x95, 0x94, 0x44, 0x44, 0xe5, 0x44, 0x51, 0x55, 0x65, 0x7b, 0xff, 0xff, 0xff, 0xff, 
    0xff, 0xf9, 0x55, 0xbf, 0xff, 0xff, 0xfb, 0xbb, 0xbb, 0xaa, 0xaa, 0x51, 0x16, 0xff, 0xff, 0xff, 
    0xff, 0xff, 0xff, 0xfb, 0xbf, 0xa6, 0x65, 0x55, 0x66, 0xbb, 0xa2, 0xa1, 0x66, 0x66, 0xba, 0xba, 
    0xa6, 0x11, 0x12, 0xbb, 0xbf, 0xfb, 0xba, 0xbb, 0xa7, 0xbb, 0xff, 0xff, 0xff, 0xff, 0xfa, 0x65, 
    0x56, 0x7b, 0xba, 0xb5, 0x11, 0x11, 0x11, 0x15, 0x15, 0x61, 0x55, 0x55, 0x6a, 0xaa, 0xa9, 0x6a, 
    0xa6, 0x6a, 0xa6, 0xaa, 0xa5, 0x55, 0x76, 0xb5, 0x15, 0x56, 0x59, 0xa5, 0x69, 0x61, 0x51, 0x55, 
    0x55, 0x55, 0x51, 0x51, 0x11, 0x11, 0x11, 0x15, 0x95, 0x11, 0x27, 0xa6, 0x66, 0x66, 0x6b, 0xfa, 
    0x6a, 0xa5, 0x56, 0x65, 0x66, 0x66, 0x6a, 0xaa, 0x66, 0xa5, 0x55, 0x51, 0x55, 0x65, 0x55, 0x55, 
    0x55, 0xa5, 0x55, 0x16, 0x6a, 0xbb, 0xa1, 0x11, 0x11, 0x11, 0x11, 0x51, 0x10, 0x10, 0x00, 0x10, 
    0x10, 0x15, 0x11, 0x11, 0x11, 0x11, 0x11, 0x11, 0x55, 0x51, 0x10, 0x10, 0x11, 0x65, 0x11, 0x51, 
    0xb5, 0x51, 0x51, 0x11, 0x52, 0xa6, 0x55, 0x11, 0x56, 0x16, 0x55, 0x25, 0x11, 0x00, 0x00, 0x00, 
    0x00, 0x00, 0x66, 0x51, 0x10, 0x11, 0x15, 0x11, 0x11, 0x11, 0x11, 0x51, 0x50, 0x00, 0x10, 0x00, 
    0x00, 0x00, 0x00, 0x00, 0x00, 0x00, 0x00, 0x00, 0x79, 0x65, 0x55, 0x55, 0x00, 0x02, 0x95, 0x10, 
    0x55, 0x55, 0x59, 0x9f, 0xff, 0xff, 0xff, 0xff, 0xff, 0xfd, 0x55, 0x5f, 0xff, 0xff, 0xff, 0xe9, 
    0x9a, 0x9a, 0x95, 0x45, 0xbf, 0xff, 0xff, 0xff, 0xff, 0xff, 0xef, 0xfe, 0xff, 0x9a, 0xd9, 0x99, 
    0x9a, 0xaf, 0xe5, 0x49, 0xaa, 0xaa, 0xee, 0xee, 0xa8, 0x44, 0x4a, 0xaf, 0xff, 0xef, 0xee, 0xee, 
    0xee, 0xee, 0xff, 0xff, 0xff, 0xff, 0xfd, 0x55, 0x57, 0xfe, 0xee, 0xe4, 0x45, 0x44, 0x45, 0x55, 
    0x55, 0x55, 0x55, 0x55, 0xae, 0xae, 0xae, 0xaa, 0xaa, 0xda, 0xaa, 0xaa, 0xaa, 0xa9, 0x99, 0xa9, 
    0x55, 0x59, 0x5d, 0x99, 0x59, 0x95, 0x55, 0x59, 0x55, 0x55, 0x55, 0x55, 0x55, 0x54, 0x44, 0x55, 
    0xd9, 0x45, 0x5b, 0x9f, 0x99, 0x9b, 0xae, 0xfe, 0xa9, 0x95, 0x99, 0xa9, 0x55, 0xae, 0x99, 0x9a, 
    0x9a, 0xbd, 0x55, 0x55, 0x55, 0x59, 0x55, 0x59, 0x55, 0xa9, 0x55, 0x5a, 0xee, 0xee, 0x94, 0x54, 
    0x44, 0x45, 0x45, 0x44, 0x44, 0x44, 0x44, 0x68, 0x44, 0x44, 0x44, 0x44, 0x44, 0x45, 0x44, 0x44, 
    0x55, 0x55, 0x55, 0x44, 0x44, 0xaa, 0x55, 0x95, 0x6d, 0x59, 0x45, 0x55, 0x45, 0x85, 0x54, 0x45, 
    0x55, 0xd4, 0x56, 0x5d, 0x44, 0x44, 0x46, 0x84, 0x00, 0x04, 0x49, 0x55, 0x55, 0x44, 0x45, 0x44, 
    0x44, 0x44, 0x45, 0x55, 0x44, 0x44, 0x44, 0x04, 0x04, 0x04, 0x04, 0x04, 0x04, 0x04, 0x04, 0x04, 
    0x5d, 0x59, 0x55, 0x55, 0x84, 0x47, 0x94, 0x44, 0x11, 0x15, 0x55, 0x6b, 0xff, 0xff, 0xff, 0xff, 
    0xff, 0xfa, 0x55, 0x26, 0xff, 0xff, 0xbb, 0xa5, 0x65, 0x15, 0x15, 0x6b, 0xbf, 0xff, 0xff, 0xff, 
    0xff, 0xff, 0xbb, 0xbb, 0xaf, 0xa6, 0x66, 0x55, 0x56, 0x6b, 0xb5, 0x12, 0x16, 0x6a, 0xaa, 0xbb, 
    0x61, 0x15, 0x1a, 0xab, 0xbf, 0xab, 0xab, 0xab, 0xbb, 0xaa, 0xbb, 0xff, 0xff, 0xbb, 0xb5, 0x15, 
    0x52, 0xbb, 0xaa, 0xa5, 0x11, 0x11, 0x11, 0x15, 0x15, 0x55, 0x55, 0x15, 0x2a, 0xab, 0xaa, 0x6a, 
    0x6b, 0xa6, 0x6a, 0x6a, 0xaa, 0xaa, 0x65, 0x55, 0x15, 0x5a, 0x59, 0x65, 0x75, 0x51, 0x15, 0x15, 
    0x55, 0x55, 0x15, 0x11, 0x11, 0x11, 0x11, 0x15, 0x55, 0x15, 0x27, 0xaa, 0x66, 0x66, 0x7a, 0xba, 
    0x66, 0x95, 0x56, 0x65, 0x56, 0x66, 0x57, 0x66, 0xa6, 0xb9, 0x15, 0x75, 0x51, 0x15, 0x15, 0x55, 
    0x15, 0x65, 0x55, 0x16, 0xaa, 0xaa, 0x91, 0x10, 0x11, 0x15, 0x01, 0x11, 0x11, 0x00, 0x00, 0x7e, 
    0x15, 0x01, 0x11, 0x11, 0x11, 0x00, 0x11, 0x01, 0x11, 0x11, 0x15, 0x51, 0x01, 0x2a, 0x01, 0x11, 
    0x1f, 0x51, 0x11, 0x11, 0x11, 0x61, 0x11, 0x01, 0x11, 0x64, 0x01, 0x5a, 0x91, 0x11, 0x12, 0x90, 
    0x00, 0x00, 0x00, 0x01, 0x11, 0x10, 0x01, 0x51, 0x01, 0x01, 0x01, 0x11, 0x00, 0x00, 0x00, 0x00, 
    0x00, 0x00, 0x00, 0x00, 0x00, 0x00, 0x00, 0x00, 0x1a, 0x55, 0x55, 0x55, 0x50, 0x0b, 0x51, 0x00, 
    0x55, 0x55, 0x99, 0xaf, 0xff, 0xff, 0xff, 0xff, 0xff, 0xff, 0xe9, 0x59, 0xff, 0xfe, 0xef, 0xda, 
    0x55, 0x55, 0x5a, 0xff, 0xff, 0xff, 0xff, 0xff, 0xff, 0xfe, 0xfe, 0xfe, 0xee, 0xa9, 0xa9, 0x99, 
    0x99, 0xaa, 0xe9, 0x59, 0x9a, 0xaa, 0xee, 0xfe, 0x99, 0x55, 0x5a, 0xee, 0xfe, 0xee, 0xee, 0xee, 
    0xee, 0xee, 0xee, 0xff, 0xff, 0xfe, 0xa9, 0x56, 0x56, 0x9e, 0xee, 0xe4, 0x54, 0x54, 0x54, 0x55, 
    0x55, 0x59, 0x95, 0x55, 0x6a, 0xee, 0xea, 0xaa, 0xaa, 0xe5, 0xaa, 0xaa, 0xee, 0xaa, 0xee, 0xa9, 
    0x55, 0x95, 0x9d, 0xa5, 0xa9, 0x85, 0x55, 0x59, 0x95, 0x55, 0x55, 0x55, 0x55, 0x55, 0x54, 0x55, 
    0x99, 0x55, 0x66, 0xee, 0xe9, 0xa9, 0xaa, 0xf9, 0xaa, 0xd5, 0x99, 0x99, 0x99, 0x99, 0x9a, 0xa9, 
    0xaa, 0xa9, 0x55, 0x95, 0x55, 0x94, 0x55, 0x95, 0x55, 0x98, 0x95, 0x55, 0xaa, 0xee, 0x95, 0x94, 
    0x54, 0x55, 0x44, 0x44, 0x44, 0x44, 0x45, 0xfe, 0xbe, 0x44, 0x44, 0x54, 0x54, 0x44, 0x44, 0x54, 
    0x44, 0x44, 0x45, 0x99, 0x94, 0x5e, 0x44, 0x44, 0x5b, 0xd4, 0x44, 0x55, 0x55, 0xa9, 0x44, 0x44, 
    0x44, 0x5d, 0x54, 0xaa, 0xa4, 0x54, 0x55, 0xe5, 0x40, 0x40, 0x50, 0x44, 0x55, 0x45, 0x40, 0x59, 
    0x44, 0x44, 0x44, 0x55, 0x44, 0x44, 0x44, 0x44, 0x44, 0x44, 0x44, 0x44, 0x44, 0x44, 0x44, 0x44, 
    0x47, 0x95, 0x95, 0x55, 0xa4, 0x5e, 0x94, 0x44, 0x51, 0x55, 0x6b, 0xab, 0xff, 0xff, 0xff, 0xff, 
    0xff, 0xff, 0xf9, 0x66, 0xff, 0xfa, 0xbf, 0xf6, 0x65, 0x55, 0xbf, 0xff, 0xff, 0xff, 0xff, 0xff, 
    0xff, 0xff, 0xbb, 0xba, 0xbb, 0xaa, 0x66, 0x65, 0x65, 0x6a, 0xaa, 0x51, 0x66, 0xaa, 0xbb, 0xba, 
    0xa9, 0x55, 0x6a, 0xaa, 0xbb, 0xba, 0xbb, 0xff, 0xba, 0xaa, 0xbb, 0xbb, 0xff, 0xff, 0xf9, 0x11, 
    0x11, 0x2a, 0xba, 0xb5, 0x11, 0x11, 0x11, 0x11, 0x51, 0x56, 0x55, 0x55, 0x5a, 0xaa, 0xa6, 0xaa, 
    0xa6, 0xa1, 0x66, 0xa6, 0xaa, 0xaa, 0xba, 0xaa, 0x55, 0x55, 0x65, 0x55, 0x75, 0x51, 0x51, 0x55, 
    0x55, 0x55, 0x51, 0x51, 0x11, 0x11, 0x11, 0x15, 0x55, 0x55, 0x26, 0xb9, 0x56, 0x66, 0xba, 0xf6, 
    0x66, 0x65, 0x55, 0x66, 0x55, 0x66, 0x6a, 0xa6, 0x69, 0x55, 0x55, 0x76, 0x65, 0x51, 0x55, 0x51, 
    0x55, 0x55, 0x55, 0x51, 0x56, 0xba, 0x51, 0x60, 0x11, 0x11, 0x11, 0x51, 0x10, 0x10, 0x02, 0xfe, 
    0x2b, 0x11, 0x11, 0x11, 0x11, 0x10, 0x00, 0x00, 0x11, 0x10, 0x11, 0x11, 0x51, 0x56, 0x50, 0x11, 
    0x13, 0xd0, 0x11, 0x11, 0x11, 0x6a, 0x51, 0x11, 0x15, 0x57, 0xa5, 0x16, 0xa9, 0x11, 0x11, 0x20, 
    0x50, 0x00, 0x24, 0x11, 0x11, 0x11, 0x50, 0x11, 0x51, 0x11, 0x10, 0x11, 0x10, 0x10, 0x00, 0x10, 
    0x00, 0x00, 0x10, 0x00, 0x00, 0x00, 0x00, 0x00, 0x02, 0x95, 0x55, 0x55, 0x60, 0x2a, 0x90, 0x00, 
    0x55, 0x55, 0x9b, 0xff, 0xff, 0xff, 0xff, 0xff, 0xff, 0xff, 0xfe, 0x59, 0xff, 0xfa, 0xfe, 0x9a, 
    0x95, 0x9b, 0xff, 0xff, 0xff, 0xff, 0xff, 0xff, 0xff, 0xfe, 0xee, 0xee, 0xee, 0xda, 0x99, 0x9a, 
    0x99, 0x9a, 0xea, 0x94, 0x45, 0xaa, 0xae, 0xeb, 0xad, 0x4d, 0xae, 0xee, 0xef, 0xfe, 0xff, 0xff, 
    0xee, 0x9a, 0xee, 0xef, 0xff, 0xff, 0xfd, 0x54, 0x45, 0x5e, 0xee, 0xec, 0x45, 0x45, 0x45, 0x55, 
    0x55, 0x55, 0x59, 0x55, 0x4a, 0xae, 0xda, 0xaa, 0xaa, 0xa9, 0x5a, 0xaa, 0xae, 0xaa, 0xae, 0xad, 
    0x5a, 0x99, 0x95, 0x55, 0x5a, 0xc5, 0x55, 0x45, 0x55, 0x55, 0x55, 0x55, 0x45, 0x45, 0x44, 0x45, 
    0x59, 0x55, 0x59, 0xe9, 0x55, 0x9a, 0xaa, 0xe9, 0x9a, 0x9d, 0xd9, 0x59, 0x99, 0x99, 0xae, 0xa9, 
    0x9a, 0x99, 0x55, 0x69, 0x59, 0x55, 0x59, 0x55, 0x55, 0x59, 0x55, 0x45, 0x56, 0x59, 0x45, 0x44, 
    0x44, 0x44, 0x55, 0xa9, 0x44, 0x44, 0x47, 0xfe, 0x45, 0x45, 0x44, 0x44, 0x45, 0x44, 0x04, 0x04, 
    0x44, 0x45, 0x44, 0x44, 0x45, 0x55, 0x95, 0x54, 0x45, 0xd4, 0x45, 0x55, 0x55, 0x5e, 0x94, 0x44, 
    0x49, 0x99, 0xdd, 0x46, 0xaa, 0x44, 0x45, 0x49, 0x54, 0x04, 0x09, 0x54, 0x45, 0x45, 0x44, 0x05, 
    0x58, 0x44, 0x44, 0x44, 0x44, 0x44, 0x44, 0x44, 0x44, 0x44, 0x44, 0x04, 0x04, 0x04, 0x04, 0x44, 
    0x04, 0xe5, 0x55, 0x55, 0x58, 0x7b, 0x84, 0x44, 0x15, 0x15, 0x5b, 0xbf, 0xff, 0xff, 0xff, 0xff, 
    0xff, 0xff, 0xff, 0x57, 0xbf, 0x5b, 0xa6, 0x66, 0x55, 0x6b, 0xff, 0xff, 0xff, 0xff, 0xff, 0xff, 
    0xff, 0xff, 0xbb, 0xaa, 0xaa, 0xba, 0xa6, 0x66, 0x55, 0x56, 0xa5, 0x65, 0x01, 0x6a, 0xab, 0xbf, 
    0xb5, 0x05, 0xaa, 0xaa, 0xbb, 0xfb, 0xbf, 0xff, 0xbb, 0x16, 0xab, 0xab, 0xff, 0xff, 0xa5, 0xa5, 
    0x15, 0x69, 0xaa, 0xaa, 0x11, 0x11, 0x11, 0x11, 0x15, 0x15, 0x56, 0x55, 0x0a, 0xaa, 0x9a, 0xaa, 
    0x66, 0x66, 0x56, 0x6a, 0xaa, 0xaa, 0xaa, 0xaa, 0x56, 0x6a, 0x55, 0x55, 0x56, 0x81, 0x11, 0x15, 
    0x55, 0x55, 0x11, 0x11, 0x11, 0x11, 0x11, 0x15, 0x16, 0x15, 0x15, 0xb6, 0x51, 0x15, 0xbb, 0xa6, 
    0x6a, 0x66, 0xa6, 0x51, 0x11, 0x56, 0x5a, 0xa6, 0xaa, 0x65, 0x55, 0xa5, 0xa5, 0x15, 0x55, 0x55, 
    0x55, 0x16, 0x55, 0x51, 0x52, 0x41, 0x11, 0x01, 0x11, 0x02, 0x66, 0x51, 0x01, 0x01, 0x03, 0xbe, 
    0x15, 0x01, 0x11, 0x11, 0x11, 0x00, 0x02, 0x55, 0x00, 0x01, 0x11, 0x11, 0x11, 0x11, 0x56, 0x95, 
    0x11, 0xa0, 0x11, 0x11, 0x16, 0x66, 0x11, 0x01, 0x02, 0x51, 0x26, 0x51, 0x6a, 0x51, 0x11, 0x11, 
    0x00, 0x00, 0x06, 0x40, 0x01, 0x11, 0x11, 0x01, 0x16, 0x01, 0x01, 0x01, 0x00, 0x01, 0x00, 0x00, 
    0x01, 0x00, 0x00, 0x00, 0x00, 0x00, 0x00, 0x00, 0x00, 0x35, 0x55, 0x55, 0x59, 0x7b, 0x01, 0x01, 
    0x55, 0x55, 0x5a, 0xef, 0xff, 0xff, 0xff, 0xff, 0xff, 0xff, 0xff, 0x95, 0xf9, 0xae, 0xa9, 0x95, 
    0x9a, 0xfe, 0xff, 0xff, 0xff, 0xff, 0xff, 0xff, 0xff, 0xff, 0xee, 0xee, 0xee, 0xee, 0xfe, 0xaa, 
    0x99, 0x9a, 0xae, 0xe9, 0x58, 0x6a, 0xee, 0xff, 0xe4, 0x6a, 0xee, 0xee, 0xef, 0xff, 0xff, 0xff, 
    0xfd, 0x58, 0xae, 0xee, 0xff, 0xf9, 0x96, 0xfd, 0x9e, 0xe9, 0xaa, 0xee, 0x44, 0x54, 0x54, 0x54, 
    0x55, 0x55, 0x99, 0x95, 0x4a, 0xee, 0xfa, 0xea, 0xaa, 0xaa, 0x96, 0xaa, 0xae, 0xaa, 0xea, 0xe9, 
    0x96, 0xaa, 0xed, 0xa9, 0x99, 0x85, 0x55, 0x45, 0x55, 0x55, 0x55, 0x55, 0x55, 0x55, 0x55, 0x45, 
    0x55, 0x95, 0x59, 0xb9, 0xaa, 0x99, 0x5a, 0xe9, 0x9a, 0xaa, 0xea, 0xa9, 0x95, 0x95, 0x55, 0x9a, 
    0xfa, 0xa5, 0x95, 0xe6, 0x55, 0x55, 0x95, 0xa9, 0x99, 0x95, 0x95, 0x95, 0x95, 0x85, 0x49, 0x44, 
    0x94, 0x44, 0x55, 0x58, 0x44, 0x44, 0x44, 0x6e, 0x78, 0x44, 0x54, 0x54, 0x44, 0x44, 0x44, 0x45, 
    0x94, 0x44, 0x44, 0x54, 0x44, 0x54, 0x55, 0xa5, 0x55, 0xb4, 0x44, 0x55, 0x54, 0x6e, 0x54, 0x44, 
    0x44, 0x44, 0x5d, 0xe5, 0xaa, 0xa4, 0x54, 0x44, 0x44, 0x40, 0x46, 0x94, 0x45, 0x54, 0x55, 0x55, 
    0x55, 0x94, 0x44, 0x44, 0x44, 0x44, 0x44, 0x44, 0x44, 0x44, 0x44, 0x44, 0x44, 0x44, 0x44, 0x44, 
    0x44, 0x5d, 0x95, 0x55, 0x99, 0xee, 0x44, 0x44, 0x51, 0x55, 0x56, 0xa6, 0xbf, 0xfb, 0xff, 0xff, 
    0xff, 0xff, 0xfb, 0x95, 0x75, 0x55, 0x65, 0x6b, 0xbf, 0xfb, 0xff, 0xff, 0xff, 0xff, 0xff, 0xff, 
    0xff, 0xfb, 0xfa, 0xba, 0xaa, 0xaa, 0xab, 0xfb, 0x95, 0x66, 0xaa, 0xa5, 0x50, 0x66, 0xa6, 0xff, 
    0xd5, 0x7f, 0xba, 0xaa, 0xab, 0xff, 0xab, 0xff, 0xfa, 0xa5, 0x7b, 0xbb, 0xff, 0xf5, 0x53, 0xf5, 
    0x5b, 0xf6, 0xb6, 0xab, 0x01, 0x51, 0x11, 0x11, 0x15, 0x51, 0x56, 0x55, 0x46, 0xab, 0xfa, 0xa6, 
    0xa6, 0xa6, 0xa5, 0xa6, 0xaa, 0xaa, 0x66, 0xa6, 0x56, 0xab, 0xb9, 0x6b, 0xa5, 0x51, 0x51, 0x15, 
    0x55, 0x55, 0x51, 0x11, 0x11, 0x51, 0x51, 0x11, 0x55, 0x55, 0x56, 0x66, 0x66, 0xaa, 0x95, 0x66, 
    0x6a, 0x67, 0xa6, 0x65, 0x26, 0x55, 0x11, 0x66, 0xb5, 0x65, 0x55, 0x5b, 0x55, 0x55, 0x55, 0xb5, 
    0x65, 0x75, 0xa5, 0x52, 0x91, 0x51, 0x11, 0x11, 0x55, 0x11, 0x11, 0x15, 0x11, 0x10, 0x00, 0x10, 
    0x24, 0x11, 0x11, 0x11, 0x11, 0x10, 0x00, 0x00, 0x00, 0x10, 0x00, 0x10, 0x11, 0x11, 0x51, 0x15, 
    0xa5, 0x65, 0x55, 0x50, 0x10, 0x29, 0x10, 0x10, 0x11, 0x11, 0x17, 0x69, 0x66, 0xa5, 0x10, 0x11, 
    0x11, 0x00, 0x01, 0xa0, 0x01, 0x11, 0x13, 0x91, 0x51, 0x65, 0x11, 0x10, 0x10, 0x10, 0x10, 0x10, 
    0x10, 0x10, 0x10, 0x00, 0x00, 0x00, 0x00, 0x10, 0x00, 0x1b, 0x55, 0x55, 0x56, 0x79, 0x10, 0x10, 
    0x55, 0x55, 0x59, 0x9a, 0xbf, 0xff, 0xff, 0xff, 0xff, 0xff, 0xff, 0xd5, 0x59, 0xbd, 0x96, 0xff, 
    0xff, 0xff, 0xff, 0xff, 0xff, 0xff, 0xff, 0xff, 0xff, 0xfe, 0xee, 0xee, 0xee, 0xee, 0xef, 0xff, 
    0xd9, 0xaa, 0xaa, 0xaa, 0x59, 0xaa, 0xab, 0xbf, 0x9a, 0xbf, 0xee, 0xee, 0xef, 0xff, 0xfe, 0xff, 
    0xfe, 0xee, 0xee, 0xee, 0xff, 0xeb, 0xff, 0xfd, 0x9b, 0xfe, 0xee, 0xee, 0x80, 0x54, 0x44, 0x45, 
    0x45, 0x55, 0x59, 0xd9, 0x4a, 0xaf, 0xea, 0xaa, 0xaa, 0xaa, 0x9a, 0xaa, 0xaa, 0xaa, 0xa9, 0x99, 
    0x59, 0xaa, 0xe9, 0x99, 0xae, 0x85, 0x55, 0x55, 0x55, 0x55, 0x55, 0x55, 0x55, 0x55, 0x59, 0x45, 
    0x55, 0x95, 0x59, 0x59, 0x9a, 0x9a, 0xef, 0x99, 0x9a, 0xaa, 0xae, 0x95, 0x56, 0xa9, 0x45, 0x9a, 
    0x99, 0x59, 0x55, 0x59, 0x55, 0x55, 0x55, 0x99, 0x59, 0x99, 0x99, 0x56, 0x95, 0x94, 0x44, 0x44, 
    0x45, 0x44, 0x44, 0x54, 0x44, 0x44, 0x04, 0x45, 0x84, 0x44, 0x44, 0x44, 0x44, 0x44, 0x44, 0x45, 
    0x44, 0x04, 0x04, 0x04, 0x44, 0x44, 0x55, 0x5a, 0x95, 0x55, 0x45, 0x44, 0x44, 0x48, 0x44, 0x44, 
    0x44, 0x44, 0x6d, 0xda, 0x59, 0xa9, 0x44, 0x04, 0x44, 0x44, 0x04, 0x98, 0x05, 0x45, 0x4b, 0x55, 
    0x45, 0x5a, 0x84, 0x44, 0x44, 0x44, 0x44, 0x44, 0x44, 0x44, 0x44, 0x44, 0x44, 0x44, 0x04, 0x44, 
    0x04, 0x07, 0x99, 0x99, 0x5b, 0xb8, 0x44, 0x44, 0x11, 0x15, 0x56, 0x66, 0x6b, 0xbf, 0xbf, 0xff, 
    0xff, 0xff, 0xff, 0xa5, 0x55, 0x15, 0x5b, 0xff, 0xff, 0xbb, 0xbf, 0xff, 0xff, 0xff, 0xff, 0xff, 
    0xff, 0xfa, 0xaa, 0xaa, 0xaa, 0xbb, 0xbb, 0xff, 0xfa, 0xa6, 0x66, 0x66, 0x56, 0x66, 0x55, 0x2a, 
    0x17, 0xbf, 0xbb, 0xaa, 0xbb, 0xbf, 0xbf, 0xbe, 0xbb, 0xab, 0xab, 0xab, 0xbf, 0x9b, 0xbf, 0xbf, 
    0x52, 0xbb, 0xaa, 0xbb, 0x80, 0x15, 0x11, 0x11, 0x15, 0x55, 0x55, 0x65, 0x56, 0xaa, 0xaa, 0x65, 
    0x6a, 0x6a, 0x56, 0x66, 0x65, 0x6a, 0xaa, 0xa6, 0x15, 0x66, 0xa9, 0x56, 0x56, 0x51, 0x55, 0x15, 
    0x15, 0x51, 0x11, 0x11, 0x11, 0x55, 0x16, 0x11, 0x55, 0x55, 0x56, 0x56, 0x6a, 0x67, 0x66, 0x55, 
    0x55, 0x6a, 0xba, 0xa6, 0x55, 0x55, 0x55, 0x15, 0x56, 0x55, 0x51, 0x15, 0x55, 0x55, 0x55, 0x55, 
    0x65, 0x56, 0x55, 0x57, 0xa5, 0x65, 0x11, 0x00, 0x00, 0x01, 0x11, 0x11, 0x01, 0x00, 0x00, 0x00, 
    0x01, 0x11, 0x11, 0x11, 0x01, 0x00, 0x00, 0x01, 0x00, 0x00, 0x00, 0x01, 0x01, 0x01, 0x25, 0x67, 
    0x91, 0x11, 0x11, 0x11, 0x01, 0x05, 0x01, 0x01, 0x01, 0x01, 0x69, 0x76, 0x92, 0x6a, 0x51, 0x01, 
    0x01, 0x01, 0x00, 0x25, 0x01, 0x11, 0x1a, 0x11, 0x11, 0x16, 0x65, 0x01, 0x10, 0x11, 0x00, 0x01, 
    0x01, 0x01, 0x00, 0x00, 0x00, 0x00, 0x00, 0x00, 0x00, 0x01, 0xa6, 0xa6, 0x5b, 0xa1, 0x01, 0x00, 
    0x55, 0x55, 0x5a, 0x99, 0xaa, 0xaf, 0xff, 0xff, 0xff, 0xff, 0xff, 0xf9, 0x56, 0x96, 0xbf, 0xff, 
    0xff, 0xff, 0xfa, 0xff, 0xff, 0xff, 0xff, 0xff, 0xff, 0xff, 0xee, 0xea, 0xee, 0xef, 0xff, 0xff, 
    0xfe, 0xea, 0xaa, 0xae, 0xd6, 0xda, 0x95, 0x68, 0x5a, 0xef, 0xfe, 0xee, 0xfe, 0xff, 0xff, 0xfe, 
    0xfe, 0xee, 0x9a, 0xee, 0xff, 0x6f, 0xfe, 0xff, 0xe5, 0xfe, 0xee, 0xfe, 0xd0, 0x45, 0x54, 0x54, 
    0x55, 0x55, 0x95, 0xb9, 0x96, 0xea, 0xea, 0xa9, 0xaa, 0xaa, 0x96, 0xaa, 0xaa, 0xaa, 0xaa, 0xd9, 
    0x55, 0x99, 0x9a, 0x99, 0x9a, 0xd5, 0x95, 0x55, 0x65, 0x55, 0x55, 0x55, 0x55, 0x55, 0x55, 0x85, 
    0x55, 0x95, 0x59, 0x95, 0xaa, 0xaf, 0xea, 0x95, 0x59, 0x95, 0xaa, 0xaa, 0xe9, 0x59, 0x56, 0x55, 
    0x95, 0x95, 0x55, 0x55, 0x55, 0x95, 0x55, 0x95, 0x9a, 0x9a, 0x55, 0x96, 0xaa, 0xe4, 0x54, 0x44, 
    0x44, 0x44, 0x44, 0x54, 0x44, 0x44, 0x58, 0x44, 0x44, 0x54, 0x44, 0x44, 0x44, 0x40, 0x44, 0x44, 
    0x44, 0x44, 0x44, 0x44, 0x44, 0x44, 0x5d, 0x6a, 0x94, 0x55, 0x55, 0x55, 0x54, 0x44, 0x44, 0x44, 
    0x44, 0x54, 0xa4, 0x5d, 0xa5, 0xda, 0x94, 0x44, 0x44, 0x54, 0x40, 0x59, 0x44, 0x54, 0x5d, 0x55, 
    0x54, 0x45, 0xa9, 0x44, 0x44, 0x44, 0x44, 0x44, 0x44, 0x44, 0x44, 0x44, 0x44, 0x44, 0x44, 0x44, 
    0x44, 0x44, 0xa9, 0xaa, 0xaf, 0xd4, 0x44, 0x44, 0x51, 0x65, 0x56, 0xba, 0x66, 0x6b, 0xbf, 0xff, 
    0xff, 0xff, 0xff, 0xe9, 0x51, 0x91, 0x1b, 0xff, 0xff, 0xe7, 0xf6, 0xbf, 0xff, 0xff, 0xff, 0xff, 
    0xff, 0xff, 0xaa, 0xaa, 0xaa, 0xab, 0xff, 0xff, 0xff, 0xba, 0xa6, 0x6b, 0xe1, 0xa6, 0x65, 0x60, 
    0x2b, 0xbb, 0xff, 0xaa, 0xbf, 0xbf, 0xff, 0xff, 0x5b, 0xba, 0xbb, 0xba, 0xbd, 0x7f, 0xfb, 0xff, 
    0xb9, 0xba, 0xba, 0xbb, 0xa0, 0x10, 0x51, 0x11, 0x11, 0x51, 0x55, 0x69, 0x56, 0xaa, 0xa6, 0xa6, 
    0x6a, 0xa6, 0xa6, 0x66, 0xa6, 0xaa, 0xa6, 0x55, 0x15, 0x65, 0x56, 0x66, 0x66, 0x51, 0x51, 0x15, 
    0x55, 0x61, 0x51, 0x11, 0x51, 0x55, 0x51, 0x51, 0x55, 0x55, 0x66, 0x52, 0x6a, 0xaa, 0x66, 0x66, 
    0x65, 0x56, 0x65, 0x66, 0xba, 0xa5, 0x56, 0x56, 0x51, 0x51, 0x55, 0x55, 0x55, 0x55, 0x55, 0x55, 
    0x55, 0x66, 0x55, 0x56, 0x6a, 0xba, 0xa5, 0x11, 0x11, 0x10, 0x00, 0x10, 0x10, 0x00, 0x00, 0x10, 
    0x10, 0x11, 0x11, 0x11, 0x10, 0x00, 0x00, 0x00, 0x00, 0x00, 0x10, 0x10, 0x00, 0x10, 0x1a, 0x66, 
    0x51, 0x11, 0x11, 0x11, 0x51, 0x51, 0x10, 0x11, 0x11, 0x11, 0x61, 0x17, 0x51, 0x66, 0x95, 0x10, 
    0x11, 0x11, 0x00, 0x05, 0x50, 0x11, 0x21, 0x11, 0x51, 0x51, 0x66, 0x50, 0x11, 0x10, 0x10, 0x10, 
    0x11, 0x10, 0x10, 0x10, 0x10, 0x10, 0x10, 0x00, 0x00, 0x00, 0x35, 0x6a, 0xbb, 0xe0, 0x01, 0x10, 
    0x55, 0x5b, 0xaa, 0xfd, 0x99, 0xaf, 0xef, 0xff, 0xff, 0xff, 0xff, 0xea, 0x45, 0x94, 0x59, 0xff, 
    0xff, 0xeb, 0xfd, 0xae, 0xff, 0xff, 0xff, 0xff, 0xff, 0xff, 0xee, 0xae, 0xae, 0xae, 0xff, 0xff, 
    0xfe, 0xae, 0xaa, 0x9a, 0xe5, 0xaa, 0x54, 0x44, 0x6e, 0xee, 0xff, 0xee, 0xee, 0xef, 0xff, 0xef, 
    0x8b, 0xee, 0xee, 0xee, 0xf8, 0xbf, 0xfe, 0xfe, 0xee, 0xae, 0xee, 0xef, 0xe4, 0x04, 0x48, 0x45, 
    0x45, 0x55, 0x55, 0x5d, 0x9a, 0xea, 0xaa, 0xaa, 0xae, 0xaa, 0xaa, 0x9a, 0xaa, 0xaa, 0xaa, 0x95, 
    0x55, 0x59, 0x9a, 0x99, 0x99, 0x45, 0x55, 0x55, 0x55, 0x55, 0x55, 0x45, 0x55, 0x55, 0x55, 0x45, 
    0x55, 0x55, 0x5a, 0x55, 0xaa, 0xef, 0x9a, 0x9a, 0xa9, 0xad, 0x9a, 0x95, 0xae, 0xee, 0x56, 0x99, 
    0x59, 0x55, 0x65, 0x55, 0x55, 0x55, 0x59, 0x59, 0x59, 0x9a, 0x59, 0x5a, 0xaa, 0xfe, 0xff, 0x94, 
    0x44, 0x44, 0x44, 0x04, 0x44, 0x05, 0x44, 0x44, 0x44, 0x44, 0x44, 0x44, 0x44, 0x44, 0x04, 0x44, 
    0x04, 0x44, 0x44, 0x44, 0x04, 0x44, 0x46, 0xad, 0x44, 0x44, 0x44, 0x54, 0x45, 0x55, 0x44, 0x44, 
    0x44, 0x45, 0x54, 0x45, 0xd4, 0x59, 0xa5, 0x44, 0x44, 0x44, 0x40, 0x05, 0x94, 0x45, 0x65, 0x95, 
    0x55, 0x55, 0x59, 0x98, 0x44, 0x44, 0x44, 0x44, 0x44, 0x44, 0x44, 0x44, 0x44, 0x44, 0x44, 0x44, 
    0x44, 0x44, 0x1d, 0x5a, 0xbf, 0x94, 0x44, 0x44, 0x15, 0x17, 0xbf, 0xfa, 0x6a, 0x6b, 0xbf, 0xff, 
    0xff, 0xff, 0xff, 0xa6, 0x91, 0xa1, 0x31, 0x7f, 0xbf, 0xbf, 0xfe, 0xbf, 0xbf, 0xff, 0xff, 0xff, 
    0xff, 0xff, 0xaa, 0xaa, 0x6a, 0xaa, 0xab, 0xff, 0xfa, 0x6a, 0x66, 0x66, 0xb5, 0x69, 0x21, 0x01, 
    0x2a, 0xaa, 0xbb, 0xba, 0xab, 0xbb, 0xff, 0xff, 0x92, 0xba, 0xab, 0xab, 0xa1, 0xbf, 0xfb, 0xbf, 
    0xab, 0xa6, 0xaa, 0xbb, 0xb8, 0x00, 0x01, 0x11, 0x11, 0x15, 0x55, 0x55, 0x55, 0xa6, 0x6a, 0x66, 
    0x6a, 0x66, 0x66, 0x52, 0x6a, 0x6a, 0x6a, 0x66, 0x55, 0x66, 0x56, 0x56, 0x66, 0x51, 0x11, 0x15, 
    0x65, 0x55, 0x11, 0x11, 0x11, 0x11, 0x15, 0x11, 0x11, 0x55, 0x26, 0x11, 0x16, 0x7f, 0xaa, 0x66, 
    0xb6, 0x6b, 0xa6, 0x6a, 0x55, 0x6a, 0x55, 0x56, 0x55, 0x55, 0x55, 0x15, 0x15, 0x51, 0x55, 0x11, 
    0x56, 0x6a, 0x55, 0x56, 0x66, 0x7e, 0xaa, 0x65, 0x11, 0x01, 0x01, 0x01, 0x01, 0x02, 0x00, 0x00, 
    0x01, 0x21, 0x11, 0x11, 0x11, 0x01, 0x00, 0x00, 0x00, 0x00, 0x00, 0x01, 0x10, 0x00, 0x01, 0x6a, 
    0x51, 0x01, 0x11, 0x11, 0x11, 0x11, 0x55, 0x11, 0x01, 0x11, 0x51, 0x11, 0x3a, 0x06, 0x69, 0x51, 
    0x01, 0x00, 0x00, 0x00, 0x60, 0x01, 0x61, 0x7a, 0x15, 0x15, 0x11, 0x66, 0x01, 0x00, 0x01, 0x00, 
    0x00, 0x00, 0x00, 0x00, 0x01, 0x00, 0x00, 0x00, 0x00, 0x00, 0x07, 0x56, 0xbf, 0x54, 0x01, 0x01, 
    0x95, 0x5a, 0xff, 0xff, 0xea, 0xff, 0xef, 0xff, 0xff, 0xff, 0xfd, 0xa5, 0xa5, 0xa4, 0x54, 0xeb, 
    0xff, 0xff, 0xff, 0xff, 0xff, 0xff, 0xff, 0xff, 0xff, 0xff, 0xff, 0xea, 0x9e, 0xee, 0xef, 0xff, 
    0xfe, 0xaa, 0xaa, 0xaa, 0xfd, 0x5e, 0x54, 0x44, 0xaa, 0xee, 0xee, 0xfe, 0xee, 0xff, 0xff, 0xff, 
    0xfe, 0xee, 0xee, 0xfe, 0xd5, 0xff, 0xfe, 0xfe, 0xee, 0xf6, 0xee, 0xff, 0xfc, 0x44, 0x40, 0x54, 
    0x54, 0x55, 0x95, 0x95, 0xa5, 0xba, 0xaa, 0xaa, 0xaa, 0xaa, 0xaa, 0x95, 0xaa, 0xaa, 0xaa, 0xaa, 
    0xa9, 0x99, 0x9d, 0x99, 0xaa, 0x94, 0x54, 0x55, 0x55, 0x95, 0x55, 0x55, 0x55, 0x55, 0x55, 0x54, 
    0x55, 0x55, 0x59, 0x55, 0x69, 0x9a, 0xea, 0xaa, 0xaa, 0xea, 0xee, 0xaa, 0xaa, 0x95, 0x99, 0x9a, 
    0x95, 0x55, 0x95, 0x55, 0x55, 0x45, 0x55, 0x55, 0x59, 0x9d, 0x95, 0x9a, 0xea, 0xbe, 0xe8, 0x59, 
    0x56, 0x44, 0x44, 0x44, 0x44, 0x44, 0x44, 0x44, 0x44, 0xa9, 0x44, 0x54, 0x44, 0x40, 0x44, 0x44, 
    0x44, 0x40, 0x44, 0x44, 0x55, 0x94, 0x44, 0x55, 0x94, 0x44, 0x44, 0x54, 0x44, 0x54, 0x45, 0x55, 
    0x54, 0x44, 0x54, 0x44, 0x5d, 0x94, 0x6e, 0x94, 0x44, 0x44, 0x40, 0x40, 0x54, 0x44, 0x95, 0x6d, 
    0x55, 0x55, 0x54, 0x69, 0x94, 0x44, 0x54, 0x44, 0x44, 0x44, 0x44, 0x44, 0x44, 0x44, 0x44, 0x44, 
    0x44, 0x44, 0x46, 0xda, 0xfe, 0x9c, 0x44, 0x44, 0xa5, 0x56, 0xbf, 0xff, 0xfb, 0xff, 0xfb, 0xff, 
    0xff, 0xff, 0xf5, 0x55, 0x11, 0x10, 0x02, 0xe7, 0xff, 0xff, 0xff, 0xff, 0xff, 0xff, 0xff, 0xff, 
    0xff, 0xff, 0xff, 0xaa, 0xba, 0xaa, 0xbb, 0xfb, 0xfa, 0x92, 0xaa, 0xa6, 0x79, 0x13, 0x90, 0x16, 
    0xaa, 0xaa, 0xab, 0xaa, 0xbb, 0xfb, 0xff, 0xff, 0xff, 0xba, 0xba, 0xbb, 0x52, 0xbb, 0xfb, 0xbf, 
    0xba, 0xbb, 0xaa, 0xbb, 0xba, 0x00, 0x10, 0x15, 0x11, 0x11, 0x55, 0x55, 0x65, 0x69, 0x66, 0xa6, 
    0xa6, 0xa6, 0x6a, 0xa1, 0x66, 0x96, 0xa6, 0xa6, 0x65, 0x55, 0x6a, 0x66, 0x7a, 0x91, 0x51, 0x55, 
    0x55, 0x51, 0x11, 0x11, 0x11, 0x51, 0x51, 0x50, 0x11, 0x15, 0x66, 0x51, 0x16, 0x65, 0x56, 0x7a, 
    0xa6, 0xab, 0xaa, 0xaa, 0xaa, 0xa5, 0x55, 0x55, 0x51, 0x51, 0x51, 0x51, 0x55, 0x55, 0x55, 0x55, 
    0x65, 0x65, 0x65, 0x56, 0xb6, 0xbb, 0xbb, 0x95, 0x16, 0x51, 0x10, 0x11, 0x11, 0x10, 0x00, 0x00, 
    0x11, 0x7a, 0x51, 0x11, 0x10, 0x00, 0x01, 0x11, 0x10, 0x00, 0x01, 0x11, 0x16, 0xa6, 0x51, 0x11, 
    0x11, 0x00, 0x00, 0x00, 0x10, 0x11, 0x10, 0x11, 0x51, 0x11, 0x11, 0x11, 0x13, 0x60, 0x19, 0x15, 
    0x11, 0x11, 0x10, 0x00, 0x00, 0x11, 0x11, 0x57, 0x91, 0x51, 0x10, 0x16, 0x65, 0x11, 0x11, 0x10, 
    0x10, 0x00, 0x00, 0x00, 0x10, 0x10, 0x10, 0x10, 0x10, 0x10, 0x11, 0xa7, 0xfe, 0x59, 0x11, 0x10, 
    0xee, 0x9f, 0xff, 0xff, 0xff, 0xff, 0xff, 0xff, 0xff, 0xff, 0xf5, 0xe9, 0xa4, 0x44, 0x45, 0x96, 
    0xfe, 0xef, 0xff, 0xff, 0xff, 0xff, 0xff, 0xff, 0xff, 0xff, 0xff, 0xff, 0xef, 0xee, 0xff, 0xfe, 
    0xea, 0x9a, 0xaa, 0xaa, 0x9e, 0x44, 0x58, 0x46, 0xaa, 0xaa, 0xaa, 0xee, 0xef, 0xef, 0xff, 0xff, 
    0xff, 0xfe, 0xee, 0xed, 0x46, 0xef, 0xee, 0xff, 0xee, 0xef, 0xee, 0xee, 0xee, 0x44, 0x44, 0x45, 
    0x45, 0x45, 0x59, 0x55, 0x59, 0x58, 0x6a, 0xaa, 0xaa, 0xaa, 0xaa, 0xa9, 0x4a, 0xaa, 0xaa, 0xaa, 
    0x99, 0x5a, 0x99, 0x95, 0x9a, 0x85, 0x55, 0x95, 0x55, 0x55, 0x55, 0x55, 0x55, 0x55, 0x55, 0x54, 
    0x44, 0x55, 0x59, 0x95, 0x49, 0xa9, 0x59, 0xae, 0xda, 0xaf, 0xae, 0xae, 0xae, 0xe9, 0x59, 0x59, 
    0x55, 0x45, 0x55, 0x55, 0x56, 0x5d, 0x55, 0x55, 0x59, 0x95, 0x59, 0x9a, 0xea, 0xaf, 0xff, 0xc4, 
    0x45, 0x45, 0x54, 0x44, 0x44, 0x44, 0x44, 0x04, 0x45, 0xfe, 0x55, 0x44, 0x44, 0x04, 0x05, 0x84, 
    0x44, 0x44, 0x04, 0x45, 0x6e, 0xaa, 0xaa, 0x85, 0x44, 0x44, 0x44, 0x44, 0x04, 0x44, 0x44, 0x45, 
    0x95, 0x55, 0x55, 0x44, 0x45, 0xfd, 0x45, 0x4a, 0x44, 0x04, 0x44, 0x04, 0x04, 0x04, 0x45, 0x46, 
    0xe5, 0x55, 0x54, 0x45, 0x9a, 0x44, 0x45, 0x55, 0x44, 0x44, 0x44, 0x44, 0x44, 0x44, 0x44, 0x44, 
    0x44, 0x44, 0x44, 0x6f, 0xfd, 0x5a, 0x44, 0x44, 0xba, 0x6f, 0xbf, 0xff, 0xff, 0xff, 0xbf, 0xbf, 
    0xff, 0xff, 0xf1, 0x61, 0x64, 0x00, 0x16, 0x57, 0xe7, 0x96, 0xbf, 0xff, 0xff, 0xff, 0xff, 0xff, 
    0xff, 0xff, 0xff, 0xff, 0xbf, 0xaa, 0xbb, 0xbf, 0xba, 0xaa, 0xaa, 0xaa, 0x67, 0x41, 0x21, 0x11, 
    0x6a, 0xaa, 0xaa, 0xba, 0xbf, 0xbb, 0xff, 0xff, 0xff, 0xfa, 0xbb, 0xa9, 0x06, 0xab, 0xab, 0xbb, 
    0xaa, 0xab, 0xab, 0xbb, 0xab, 0x40, 0x01, 0x00, 0x15, 0x11, 0x55, 0x55, 0x56, 0x50, 0x26, 0x66, 
    0x66, 0x66, 0x6a, 0x65, 0x02, 0x6a, 0x6a, 0x6a, 0x55, 0x66, 0x6a, 0x55, 0x66, 0x45, 0x12, 0x55, 
    0x55, 0x11, 0x11, 0x11, 0x11, 0x11, 0x15, 0x11, 0x11, 0x15, 0x26, 0x51, 0x56, 0x65, 0x56, 0x55, 
    0x56, 0xbb, 0xaa, 0xaa, 0x6b, 0xb5, 0x15, 0x55, 0x55, 0x41, 0x15, 0x15, 0x5a, 0x55, 0x99, 0x55, 
    0x55, 0x55, 0x55, 0x56, 0xaa, 0x56, 0xab, 0x51, 0x11, 0x01, 0x11, 0x51, 0x10, 0x01, 0x01, 0x00, 
    0x06, 0xba, 0x51, 0x11, 0x00, 0x00, 0x01, 0x41, 0x00, 0x01, 0x01, 0x01, 0x65, 0x56, 0x65, 0x51, 
    0x50, 0x00, 0x00, 0x10, 0x00, 0x01, 0x11, 0x11, 0x51, 0x55, 0x11, 0x15, 0x11, 0x6b, 0x01, 0x03, 
    0x50, 0x00, 0x00, 0x00, 0x00, 0x00, 0x11, 0x01, 0x79, 0xa1, 0x11, 0x11, 0x16, 0x51, 0x01, 0x11, 
    0x11, 0x00, 0x00, 0x00, 0x00, 0x00, 0x00, 0x00, 0x00, 0x01, 0x01, 0x1b, 0xb5, 0x16, 0x00, 0x01, 
    0xbf, 0xaf, 0xff, 0xff, 0xff, 0xff, 0xff, 0xff, 0xff, 0xff, 0xf8, 0x55, 0xa8, 0x44, 0x54, 0x6a, 
    0xf9, 0x54, 0x6f, 0xff, 0xff, 0xff, 0xff, 0xff, 0xff, 0xff, 0xff, 0xff, 0xff, 0xee, 0xef, 0xff, 
    0xfe, 0xea, 0xea, 0xea, 0xa6, 0xd4, 0x54, 0x44, 0x5a, 0xaa, 0xaa, 0xfe, 0xff, 0xff, 0xff, 0xff, 
    0xff, 0xfe, 0xee, 0xe5, 0x6e, 0xee, 0xfe, 0xee, 0xee, 0xef, 0xee, 0xfe, 0xee, 0xc4, 0x44, 0x44, 
    0x45, 0x55, 0x95, 0x95, 0x99, 0x94, 0x5a, 0xaa, 0xaa, 0xa9, 0xaa, 0xa9, 0x45, 0xaa, 0xaa, 0xaa, 
    0x95, 0x9a, 0xaa, 0xea, 0x99, 0x44, 0x55, 0x95, 0x95, 0x55, 0x55, 0x55, 0x55, 0x55, 0x55, 0x55, 
    0x44, 0x55, 0x59, 0x95, 0x55, 0xa9, 0xd9, 0xa9, 0x99, 0xaa, 0xfa, 0xaa, 0xaa, 0xed, 0xa9, 0x55, 
    0x95, 0x95, 0x55, 0x55, 0x59, 0x55, 0x9d, 0xa9, 0x99, 0xa5, 0x99, 0x9a, 0xbe, 0xee, 0xe6, 0x44, 
    0x64, 0x54, 0x55, 0x94, 0x54, 0x44, 0x44, 0x44, 0x44, 0x69, 0x94, 0x44, 0x44, 0x44, 0x45, 0x54, 
    0x44, 0x44, 0x44, 0x45, 0xee, 0x45, 0x55, 0x54, 0x54, 0x40, 0x44, 0x44, 0x44, 0x44, 0x44, 0x55, 
    0xd5, 0x55, 0x95, 0x55, 0x95, 0x94, 0x45, 0xd5, 0x54, 0x44, 0x40, 0x44, 0x44, 0x54, 0x54, 0xa4, 
    0x94, 0x59, 0x44, 0x54, 0x55, 0xa9, 0x44, 0x55, 0x55, 0x54, 0x44, 0x44, 0x44, 0x44, 0x44, 0x44, 
    0x44, 0x44, 0x44, 0x5f, 0xe5, 0x56, 0x44, 0x44, 0x6b, 0xab, 0xff, 0xff, 0xff, 0xff, 0xff, 0xfb, 
    0xff, 0xff, 0xfe, 0x55, 0xa1, 0x00, 0x19, 0x16, 0xa1, 0x51, 0x1b, 0xff, 0xff, 0xfb, 0xff, 0xff, 
    0xff, 0xff, 0xff, 0xff, 0xff, 0xfa, 0xaf, 0xff, 0xfa, 0xaa, 0xaa, 0xaa, 0x95, 0x90, 0x25, 0x02, 
    0x56, 0xaa, 0xaa, 0xbb, 0xbb, 0xfb, 0xff, 0xff, 0xff, 0xfa, 0xbb, 0x90, 0x7b, 0xbb, 0xba, 0xbb, 
    0xba, 0xab, 0xba, 0xbb, 0xbb, 0x91, 0x10, 0x10, 0x00, 0x51, 0x55, 0x55, 0x55, 0x55, 0x56, 0xa6, 
    0xa6, 0xa6, 0x6a, 0xa6, 0x51, 0xaa, 0xa6, 0xaa, 0x95, 0x55, 0xaa, 0xaa, 0xaa, 0x45, 0x12, 0x55, 
    0x55, 0x11, 0x51, 0x51, 0x51, 0x51, 0x55, 0x51, 0x51, 0x15, 0x26, 0x65, 0x51, 0x55, 0xaa, 0x65, 
    0x55, 0x65, 0x66, 0xb6, 0x66, 0xa6, 0xaa, 0xa5, 0x51, 0x15, 0x51, 0x55, 0x55, 0x65, 0x55, 0x75, 
    0xa6, 0x65, 0x65, 0x56, 0xba, 0xbf, 0xbb, 0x51, 0x11, 0x11, 0x51, 0x91, 0x11, 0x11, 0x11, 0x11, 
    0x11, 0x10, 0x11, 0x11, 0x00, 0x00, 0x01, 0x11, 0x10, 0x00, 0x10, 0x10, 0x16, 0x55, 0x51, 0x50, 
    0x11, 0x00, 0x00, 0x00, 0x00, 0x01, 0x10, 0x10, 0x11, 0x11, 0x11, 0x11, 0x11, 0x65, 0x91, 0xbb, 
    0xba, 0xa4, 0x00, 0x10, 0x00, 0x20, 0x11, 0xa1, 0x30, 0x01, 0x51, 0x11, 0x11, 0x66, 0x51, 0x11, 
    0x11, 0x11, 0x11, 0x10, 0x10, 0x00, 0x00, 0x10, 0x10, 0x10, 0x11, 0x3a, 0xe5, 0x55, 0x51, 0x10, 
    0x5b, 0xef, 0xff, 0xff, 0xff, 0xff, 0xff, 0xff, 0xff, 0xff, 0xff, 0xa9, 0x84, 0x44, 0x58, 0x55, 
    0x54, 0x45, 0x4b, 0xff, 0xff, 0xee, 0xef, 0xff, 0xff, 0xff, 0xff, 0xff, 0xff, 0xee, 0xaf, 0xff, 
    0xff, 0xee, 0xfe, 0xaa, 0x5a, 0xa4, 0x49, 0x45, 0x46, 0xaa, 0xaa, 0xaf, 0xef, 0xff, 0xff, 0xff, 
    0xff, 0xff, 0xed, 0x44, 0x7e, 0xee, 0xee, 0xee, 0xee, 0xee, 0xee, 0xef, 0xee, 0xd4, 0x44, 0x44, 
    0x44, 0x05, 0x55, 0x59, 0x59, 0x58, 0x6a, 0xaa, 0xaa, 0xa9, 0xaa, 0xaa, 0x95, 0xaa, 0xaa, 0xaa, 
    0x95, 0x59, 0x6a, 0xaa, 0xae, 0x85, 0x46, 0x95, 0x55, 0x55, 0x55, 0x55, 0x55, 0x55, 0x55, 0x54, 
    0x84, 0x45, 0x59, 0x59, 0x58, 0x59, 0x99, 0xaa, 0x59, 0x99, 0x99, 0x9a, 0xaa, 0xae, 0xaa, 0xae, 
    0x95, 0x55, 0x55, 0x55, 0x6e, 0x69, 0x55, 0x55, 0x9e, 0xa9, 0x99, 0x59, 0xa9, 0xaf, 0xee, 0x45, 
    0x45, 0x55, 0x45, 0x94, 0x55, 0x59, 0x45, 0x84, 0x44, 0x44, 0x44, 0x44, 0x44, 0x04, 0x04, 0x44, 
    0x45, 0x44, 0x44, 0x44, 0x44, 0x4a, 0xe9, 0x44, 0x44, 0x54, 0x04, 0x44, 0x44, 0x44, 0x44, 0x44, 
    0x44, 0x45, 0x45, 0x45, 0x55, 0x9a, 0xe5, 0x5f, 0xff, 0xe9, 0x44, 0x04, 0x44, 0x04, 0x44, 0x44, 
    0x48, 0x04, 0x54, 0x45, 0x45, 0x4a, 0x94, 0x45, 0x55, 0x44, 0x45, 0x44, 0x44, 0x44, 0x44, 0x44, 
    0x44, 0x44, 0x44, 0x7f, 0xf9, 0x55, 0x84, 0x44, 0x56, 0xab, 0xbf, 0xff, 0xff, 0xff, 0xff, 0xff, 
    0xff, 0xff, 0xff, 0xa1, 0x11, 0x00, 0x01, 0x11, 0x29, 0x5b, 0xa3, 0xff, 0xbb, 0xaa, 0xab, 0xbf, 
    0xbf, 0xff, 0xff, 0xff, 0xff, 0xaa, 0x97, 0xff, 0xff, 0xbf, 0xba, 0x6a, 0x5b, 0xa4, 0x01, 0x01, 
    0x01, 0x6a, 0xaa, 0xab, 0xbb, 0xbf, 0xbf, 0xff, 0xff, 0xff, 0xa1, 0x11, 0x3b, 0xab, 0xab, 0xab, 
    0xaa, 0xab, 0xab, 0xbb, 0xab, 0xa1, 0x01, 0x00, 0x00, 0x00, 0x15, 0x55, 0x55, 0x55, 0x6a, 0x66, 
    0x66, 0x66, 0x66, 0x66, 0x65, 0x6a, 0x6a, 0x6a, 0xa5, 0x55, 0x6a, 0xaa, 0xaa, 0x45, 0x13, 0x55, 
    0x15, 0x55, 0x11, 0x11, 0x11, 0x15, 0x15, 0x11, 0x51, 0x01, 0x26, 0x15, 0x55, 0x16, 0x6a, 0x56, 
    0x5a, 0x6a, 0x66, 0x55, 0x56, 0xba, 0xaa, 0x6a, 0x51, 0x55, 0x15, 0x51, 0x15, 0x66, 0x65, 0x55, 
    0x5a, 0x6b, 0xa6, 0x56, 0xa5, 0x56, 0x9a, 0x11, 0x11, 0x11, 0x16, 0x51, 0x51, 0x15, 0x16, 0x95, 
    0x10, 0x01, 0x01, 0x01, 0x00, 0x00, 0x00, 0x00, 0x00, 0x00, 0x00, 0x11, 0x11, 0x00, 0x16, 0x91, 
    0x00, 0x00, 0x00, 0x01, 0x01, 0x00, 0x00, 0x00, 0x00, 0x01, 0x11, 0x11, 0x15, 0x1b, 0xa1, 0x12, 
    0xbb, 0xba, 0x00, 0x00, 0x00, 0x00, 0x00, 0x11, 0x19, 0x10, 0x01, 0x11, 0x11, 0x11, 0x65, 0x01, 
    0x11, 0x11, 0x11, 0x11, 0x11, 0x00, 0x00, 0x00, 0x00, 0x00, 0x00, 0xba, 0x29, 0x15, 0x90, 0x11, 
    0x59, 0xea, 0xef, 0xff, 0xff, 0xff, 0xff, 0xff, 0xff, 0xff, 0xfe, 0xe9, 0x55, 0x44, 0x44, 0x44, 
    0x49, 0x99, 0xb6, 0xff, 0xfe, 0xea, 0xfe, 0xff, 0xff, 0xff, 0xff, 0xff, 0xff, 0xfa, 0xe6, 0xff, 
    0xff, 0xff, 0xfe, 0xea, 0x5f, 0xa8, 0x44, 0x40, 0x45, 0xaa, 0xaa, 0xae, 0xfe, 0xff, 0xff, 0xff, 
    0xff, 0xfe, 0x54, 0x54, 0x7e, 0xee, 0xee, 0xee, 0xee, 0xee, 0xfe, 0xfe, 0xef, 0xf4, 0x44, 0x44, 
    0x44, 0x44, 0xd5, 0x95, 0x95, 0x95, 0x5a, 0xaa, 0xaa, 0xaa, 0xaa, 0xaa, 0xa9, 0xea, 0xaa, 0xaa, 
    0xa5, 0x95, 0xaa, 0xea, 0xea, 0x85, 0x56, 0x95, 0x55, 0x55, 0x55, 0x55, 0x55, 0x55, 0x55, 0x54, 
    0x94, 0x45, 0x59, 0x5a, 0x95, 0x59, 0x99, 0x99, 0x95, 0xae, 0x99, 0x99, 0x99, 0xaa, 0xae, 0xaa, 
    0xd5, 0x55, 0x55, 0x45, 0x55, 0x55, 0x55, 0x99, 0x99, 0xbd, 0xa9, 0x99, 0xe9, 0x9a, 0x99, 0x55, 
    0x44, 0x55, 0x56, 0x95, 0x95, 0x55, 0x5b, 0x94, 0xfe, 0x44, 0x44, 0x44, 0x44, 0x44, 0x44, 0x44, 
    0x44, 0x44, 0x44, 0x44, 0x54, 0x54, 0x44, 0x44, 0x44, 0x44, 0x44, 0x44, 0x44, 0x44, 0x44, 0x44, 
    0x44, 0x44, 0x44, 0x55, 0x55, 0x95, 0x54, 0x44, 0x59, 0xbf, 0xd4, 0x44, 0x44, 0x40, 0x44, 0x54, 
    0x49, 0x40, 0x44, 0x44, 0x55, 0x54, 0x5a, 0x95, 0x55, 0x54, 0x55, 0x54, 0x54, 0x54, 0x44, 0x44, 
    0x44, 0x44, 0x55, 0xfd, 0x5d, 0x55, 0xa4, 0x44, 0x56, 0xa6, 0x66, 0xff, 0xff, 0xff, 0xff, 0xff, 
    0xff, 0xff, 0xfe, 0xba, 0x11, 0x10, 0x00, 0x00, 0x12, 0xf9, 0x7a, 0xbb, 0xfa, 0xaa, 0xaa, 0xbb, 
    0xbf, 0xff, 0xff, 0xff, 0xff, 0xfb, 0xb5, 0xff, 0xff, 0xfb, 0xfa, 0xba, 0x51, 0xb5, 0x01, 0x11, 
    0x11, 0xaa, 0xaa, 0xaa, 0xbb, 0xbb, 0xbf, 0xff, 0xf9, 0xa1, 0x11, 0x11, 0x7a, 0xba, 0xba, 0xbb, 
    0xba, 0xba, 0xba, 0xbb, 0xbb, 0xb5, 0x11, 0x10, 0x00, 0x00, 0x29, 0x15, 0x55, 0x55, 0x56, 0xa6, 
    0xa6, 0xaa, 0xa6, 0xa6, 0xa6, 0x56, 0xaa, 0xaa, 0x79, 0x55, 0x6a, 0xa5, 0xaa, 0x45, 0x17, 0x55, 
    0x55, 0x51, 0x11, 0x51, 0x51, 0x11, 0x51, 0x51, 0x54, 0x11, 0x25, 0x52, 0x55, 0x02, 0x66, 0xb5, 
    0x55, 0x65, 0x56, 0x65, 0x56, 0xa5, 0x66, 0xaa, 0x41, 0x55, 0x55, 0x51, 0x55, 0x55, 0x55, 0x56, 
    0xba, 0x7a, 0x66, 0x55, 0xa5, 0x55, 0x59, 0x15, 0x11, 0x11, 0x15, 0x52, 0x51, 0x51, 0x15, 0x51, 
    0xbe, 0x51, 0x10, 0x10, 0x11, 0x10, 0x00, 0x00, 0x00, 0x00, 0x11, 0x11, 0x11, 0x11, 0x11, 0x10, 
    0x11, 0x10, 0x01, 0x00, 0x00, 0x10, 0x10, 0x00, 0x10, 0x11, 0x00, 0x11, 0x15, 0x79, 0x11, 0x10, 
    0x15, 0x16, 0xf0, 0x00, 0x00, 0x00, 0x00, 0x10, 0x02, 0x10, 0x00, 0x11, 0x11, 0x51, 0x16, 0xa1, 
    0x11, 0x11, 0x11, 0x11, 0x11, 0x11, 0x10, 0x00, 0x00, 0x10, 0x12, 0xb8, 0x02, 0x51, 0x61, 0x11, 
    0x9f, 0xe9, 0x9a, 0xff, 0xff, 0xff, 0xff, 0xff, 0xfe, 0xff, 0xfd, 0xbe, 0x45, 0x44, 0x44, 0x44, 
    0x45, 0x94, 0xae, 0xaf, 0xee, 0xaa, 0xaa, 0xaf, 0xdf, 0xff, 0xff, 0xff, 0xff, 0xff, 0xfd, 0xff, 
    0xff, 0xff, 0xfe, 0xee, 0x84, 0xbd, 0x45, 0x44, 0x69, 0xaa, 0x9a, 0xaa, 0xee, 0xee, 0xff, 0xff, 
    0xf8, 0x44, 0x44, 0x44, 0xbe, 0xea, 0xee, 0xee, 0xee, 0xee, 0xee, 0xee, 0xef, 0xfc, 0x44, 0x44, 
    0x44, 0x04, 0x0e, 0x85, 0x55, 0x59, 0x5a, 0xaa, 0xaa, 0xaa, 0xaa, 0xaa, 0xaa, 0x8a, 0xaa, 0xaa, 
    0x69, 0x59, 0x6a, 0xa8, 0xae, 0x85, 0x5f, 0x95, 0x55, 0x55, 0x55, 0x55, 0x55, 0x55, 0x55, 0x54, 
    0x54, 0x44, 0x59, 0x55, 0x95, 0x45, 0x99, 0xa9, 0x59, 0x99, 0x99, 0x5a, 0x99, 0x9a, 0x99, 0xae, 
    0x45, 0x55, 0x55, 0x55, 0x55, 0x95, 0x55, 0x59, 0xae, 0x59, 0xa9, 0x95, 0xe9, 0x99, 0x59, 0x59, 
    0x54, 0x44, 0x49, 0x56, 0x55, 0x45, 0x45, 0x55, 0xfe, 0x55, 0x54, 0x44, 0x44, 0x44, 0x44, 0x44, 
    0x04, 0x04, 0x45, 0x45, 0x45, 0x45, 0x44, 0x44, 0x45, 0x44, 0x44, 0x44, 0x04, 0x44, 0x44, 0x04, 
    0x44, 0x44, 0x44, 0x44, 0x45, 0x6f, 0x45, 0x44, 0x0a, 0x84, 0x68, 0x44, 0x00, 0x04, 0x04, 0x04, 
    0x58, 0x44, 0x00, 0x48, 0x45, 0x95, 0x54, 0xa9, 0x45, 0x55, 0x45, 0x45, 0x45, 0x45, 0x45, 0x44, 
    0x44, 0x44, 0x4a, 0xf4, 0x45, 0x96, 0xf4, 0x44, 0xbf, 0xfa, 0x67, 0xbf, 0xbf, 0xff, 0xff, 0xfe, 
    0x6b, 0xaa, 0xbe, 0x7e, 0x51, 0x00, 0x00, 0x00, 0x01, 0x15, 0x26, 0xaa, 0xaa, 0x6a, 0x6a, 0xab, 
    0xab, 0xff, 0xff, 0xff, 0xff, 0xff, 0xfe, 0x6f, 0xff, 0xff, 0xbb, 0xaa, 0x95, 0x25, 0x00, 0x01, 
    0x2a, 0x6a, 0x65, 0x6a, 0xbb, 0xaa, 0xbf, 0xff, 0xf1, 0x11, 0x11, 0x11, 0x7b, 0xa5, 0xaa, 0xaa, 
    0xaa, 0xab, 0xbb, 0xab, 0xab, 0xb9, 0x01, 0x00, 0x00, 0x00, 0x06, 0x15, 0x15, 0x55, 0x56, 0x65, 
    0x66, 0x6a, 0x6a, 0x6a, 0x6a, 0x52, 0x6a, 0xaa, 0x25, 0x55, 0x6a, 0xaa, 0xaa, 0x81, 0x2b, 0x55, 
    0x55, 0x15, 0x11, 0x11, 0x11, 0x11, 0x15, 0x15, 0x51, 0x00, 0x25, 0x15, 0x5a, 0x51, 0x56, 0xa5, 
    0x55, 0x56, 0x66, 0x56, 0x56, 0x56, 0x6a, 0xa5, 0x15, 0x11, 0x11, 0x57, 0x96, 0x55, 0x55, 0x55, 
    0x66, 0x11, 0x15, 0x55, 0xa5, 0x55, 0x56, 0x11, 0x11, 0x11, 0x15, 0x12, 0x11, 0x11, 0x2a, 0x12, 
    0x55, 0x11, 0x51, 0x11, 0x51, 0x11, 0x11, 0x00, 0x00, 0x00, 0x01, 0x11, 0x11, 0x11, 0x11, 0x01, 
    0x01, 0x50, 0x01, 0x00, 0x00, 0x01, 0x00, 0x00, 0x00, 0x00, 0x00, 0x00, 0x11, 0x2f, 0x91, 0x10, 
    0x02, 0x51, 0x11, 0x00, 0x00, 0x00, 0x00, 0x00, 0x15, 0x01, 0x00, 0x01, 0x11, 0x11, 0x11, 0x16, 
    0x01, 0x11, 0x11, 0x15, 0x11, 0x11, 0x11, 0x11, 0x10, 0x00, 0x0a, 0xa0, 0x00, 0x66, 0xb5, 0x01, 
    0xff, 0xf9, 0xaa, 0xff, 0xff, 0xff, 0xff, 0xfe, 0xaa, 0xaa, 0xae, 0xad, 0x94, 0x40, 0x45, 0x44, 
    0x44, 0x44, 0x65, 0xff, 0xea, 0xaa, 0xaa, 0xaf, 0xeb, 0xfe, 0xff, 0xff, 0xff, 0xff, 0xff, 0xff, 
    0xff, 0xff, 0xfe, 0xee, 0xb8, 0x6d, 0x44, 0x54, 0xa5, 0xa9, 0x5a, 0x9a, 0xae, 0xee, 0xff, 0xff, 
    0xf8, 0x54, 0x44, 0x44, 0xbf, 0xf8, 0xee, 0xee, 0xee, 0xee, 0xff, 0xee, 0xef, 0xfe, 0x44, 0x44, 
    0x44, 0x40, 0x46, 0x56, 0xd5, 0x99, 0x96, 0x54, 0xaa, 0xaa, 0xaa, 0xaa, 0xaa, 0xe5, 0xaa, 0xaa, 
    0xa5, 0x95, 0x6a, 0xea, 0xea, 0xc5, 0x6e, 0x95, 0x55, 0x59, 0x55, 0x55, 0x55, 0x55, 0x55, 0x55, 
    0x95, 0x44, 0x69, 0x95, 0x9e, 0x94, 0x59, 0x99, 0x99, 0x99, 0x99, 0x99, 0xaa, 0x99, 0xaa, 0xec, 
    0x55, 0x55, 0x55, 0x5a, 0x95, 0x95, 0x95, 0x95, 0x99, 0x55, 0x55, 0x55, 0xb9, 0x95, 0x9a, 0x55, 
    0x55, 0x54, 0x5d, 0x95, 0x55, 0x54, 0x6d, 0x56, 0xe9, 0x55, 0x54, 0x55, 0xd4, 0x54, 0x44, 0x44, 
    0x44, 0x44, 0x45, 0x54, 0x54, 0x55, 0x54, 0x44, 0x44, 0x5a, 0x94, 0x44, 0x44, 0x44, 0x44, 0x44, 
    0x44, 0x44, 0x44, 0x44, 0x55, 0x5f, 0xe4, 0x44, 0x55, 0x55, 0x54, 0x44, 0x44, 0x44, 0x44, 0x44, 
    0xa8, 0x40, 0x40, 0x45, 0x55, 0x95, 0x55, 0x55, 0x95, 0x55, 0x44, 0x45, 0x54, 0x54, 0x54, 0x55, 
    0x55, 0x44, 0x5e, 0xd4, 0x44, 0x5a, 0xfc, 0x44, 0xff, 0xfa, 0x6b, 0xbb, 0xbf, 0xff, 0xff, 0xfb, 
    0xa6, 0xa6, 0xaa, 0x59, 0xa0, 0x10, 0x10, 0x10, 0x10, 0x00, 0x11, 0x15, 0x56, 0x65, 0x66, 0xab, 
    0xf7, 0xff, 0xff, 0xff, 0xff, 0xff, 0xff, 0xff, 0xff, 0xfb, 0xbb, 0xbb, 0x79, 0x61, 0x10, 0x01, 
    0x61, 0x2a, 0x15, 0x12, 0xaa, 0xab, 0xff, 0xbf, 0xf8, 0x11, 0x11, 0x11, 0x7f, 0xf8, 0x7a, 0xbb, 
    0xba, 0xab, 0xbb, 0xba, 0xaa, 0xba, 0x11, 0x10, 0x00, 0x00, 0x01, 0x95, 0xba, 0x15, 0x55, 0x65, 
    0x66, 0xa6, 0xa6, 0xaa, 0xaa, 0xbb, 0xaa, 0xaa, 0x91, 0x55, 0x6a, 0xaa, 0xa6, 0x91, 0x3a, 0x95, 
    0x55, 0x55, 0x51, 0x51, 0x11, 0x51, 0x51, 0x51, 0x51, 0x10, 0x25, 0x55, 0x67, 0x51, 0x16, 0x55, 
    0x67, 0xa6, 0x65, 0x66, 0x66, 0xa6, 0x66, 0xa5, 0x55, 0x55, 0x15, 0x55, 0x55, 0x51, 0x56, 0x55, 
    0x55, 0x55, 0x51, 0x51, 0x75, 0x51, 0x12, 0x51, 0x11, 0x11, 0x19, 0x55, 0x11, 0x11, 0x51, 0x57, 
    0xf5, 0x51, 0x11, 0x11, 0x51, 0x25, 0x50, 0x10, 0x10, 0x00, 0x10, 0x11, 0x11, 0x11, 0x60, 0x10, 
    0x10, 0x3f, 0xb9, 0x11, 0x10, 0x11, 0x00, 0x10, 0x10, 0x10, 0x00, 0x11, 0x11, 0x56, 0x65, 0x55, 
    0x51, 0x51, 0x11, 0x10, 0x11, 0x11, 0x11, 0x51, 0x20, 0x00, 0x00, 0x11, 0x6a, 0x91, 0x11, 0x11, 
    0x25, 0x11, 0x11, 0x11, 0x11, 0x11, 0x11, 0x11, 0x11, 0x11, 0x3b, 0x91, 0x10, 0x17, 0xf9, 0x51, 
    0xff, 0xff, 0xff, 0xef, 0xff, 0xff, 0xff, 0xfe, 0xaa, 0xaa, 0xa9, 0x45, 0x94, 0x44, 0x54, 0x44, 
    0x04, 0x44, 0x44, 0x45, 0x45, 0x55, 0x5a, 0xaf, 0xff, 0xff, 0xff, 0xff, 0xff, 0xff, 0xff, 0xff, 
    0xff, 0xef, 0xff, 0xee, 0xbd, 0x95, 0x44, 0x04, 0x94, 0x4d, 0x45, 0x46, 0xaa, 0xee, 0xff, 0xef, 
    0xfc, 0x04, 0x44, 0x44, 0x5f, 0xfc, 0x7e, 0xef, 0xee, 0xee, 0xff, 0xee, 0xee, 0xee, 0x44, 0x44, 
    0x44, 0x04, 0x04, 0xa9, 0xef, 0xe5, 0x59, 0x9a, 0xaa, 0xaa, 0xaa, 0xaa, 0xea, 0xaf, 0xee, 0xae, 
    0x85, 0x55, 0x6a, 0xae, 0xae, 0xd4, 0x6e, 0x95, 0x55, 0x55, 0x55, 0x55, 0x55, 0x55, 0x55, 0x55, 
    0x95, 0x44, 0x59, 0x45, 0xaa, 0x94, 0x49, 0x99, 0x9a, 0x99, 0x9a, 0x99, 0x9a, 0x9a, 0xaa, 0x95, 
    0x55, 0x55, 0x55, 0x5e, 0x99, 0x55, 0x59, 0x99, 0xa9, 0x55, 0x55, 0x55, 0xa9, 0x55, 0x55, 0x84, 
    0x55, 0x45, 0x55, 0x59, 0x45, 0x45, 0xf9, 0x5a, 0xe5, 0x45, 0x44, 0x46, 0x44, 0x45, 0x85, 0x44, 
    0x44, 0x44, 0x44, 0x04, 0x45, 0x45, 0x44, 0x44, 0x44, 0x7f, 0xed, 0x44, 0x44, 0x44, 0x44, 0x44, 
    0x44, 0x44, 0x44, 0x45, 0x55, 0x5a, 0xe9, 0x55, 0x55, 0x55, 0x55, 0x44, 0x44, 0x44, 0x44, 0x59, 
    0x54, 0x44, 0x04, 0x04, 0x5a, 0x84, 0x45, 0x55, 0x49, 0x45, 0x44, 0x45, 0x44, 0x55, 0x45, 0x44, 
    0x45, 0x55, 0xaf, 0x44, 0x44, 0x44, 0xa9, 0xa9, 0xbf, 0xff, 0xbb, 0xbb, 0xbb, 0xff, 0xfa, 0xba, 
    0xaa, 0xaa, 0xaa, 0x01, 0x10, 0x01, 0x51, 0x00, 0x00, 0x01, 0x10, 0x15, 0x66, 0x6a, 0x66, 0x6b, 
    0xbf, 0xff, 0xff, 0xff, 0xff, 0xff, 0xbb, 0xbf, 0xff, 0xbb, 0xbf, 0xba, 0xba, 0x11, 0x01, 0x01, 
    0x01, 0x11, 0x11, 0x16, 0x6a, 0xbb, 0xbf, 0xff, 0xfe, 0x00, 0x11, 0x11, 0x1b, 0xb8, 0x7a, 0xab, 
    0xaa, 0xab, 0xbb, 0xaa, 0xaa, 0xaa, 0x41, 0x00, 0x00, 0x00, 0x00, 0x2a, 0x7b, 0xbb, 0x51, 0x16, 
    0x6a, 0x66, 0x66, 0x6a, 0xaa, 0xab, 0xaa, 0x6a, 0x91, 0x55, 0x6a, 0xaa, 0x6a, 0x91, 0x2b, 0x95, 
    0x55, 0x15, 0x11, 0x11, 0x11, 0x11, 0x15, 0x15, 0x55, 0x40, 0x25, 0x55, 0x66, 0xa5, 0x12, 0x56, 
    0x56, 0x56, 0x66, 0x6b, 0xaa, 0x66, 0x6a, 0x55, 0x55, 0x15, 0x15, 0x16, 0x56, 0x15, 0x55, 0x15, 
    0x6a, 0x51, 0x15, 0x55, 0x69, 0x15, 0x11, 0x95, 0x11, 0x11, 0x25, 0x51, 0x11, 0x11, 0xb5, 0x1b, 
    0x91, 0x16, 0x11, 0x17, 0x01, 0x12, 0x41, 0x19, 0x00, 0x01, 0x01, 0x00, 0x00, 0x01, 0x10, 0x00, 
    0x00, 0x2f, 0xa4, 0x00, 0x00, 0x01, 0x01, 0x00, 0x01, 0x10, 0x01, 0x11, 0x16, 0xbf, 0x69, 0x55, 
    0x15, 0x11, 0x55, 0x10, 0x00, 0x00, 0x00, 0x16, 0x66, 0x50, 0x01, 0x01, 0x01, 0x04, 0x11, 0x15, 
    0x11, 0x01, 0x11, 0x11, 0x11, 0x11, 0x11, 0x11, 0x11, 0x11, 0xaa, 0x00, 0x01, 0x01, 0x11, 0x15, 
    0xff, 0xff, 0xff, 0xfe, 0xff, 0xff, 0xfe, 0xfe, 0xee, 0xaa, 0xaa, 0x94, 0x54, 0x44, 0x44, 0x84, 
    0x44, 0x44, 0x55, 0xee, 0xaa, 0xa9, 0xaa, 0xaf, 0xff, 0xff, 0xff, 0xff, 0xff, 0xff, 0xff, 0xff, 
    0xff, 0xfe, 0xff, 0xfe, 0xba, 0x45, 0x54, 0x41, 0x44, 0x44, 0x64, 0x54, 0xaa, 0xfe, 0xfe, 0xff, 
    0xfe, 0x44, 0x44, 0x44, 0x55, 0xe4, 0xbf, 0xfe, 0xee, 0xee, 0xfe, 0xee, 0xee, 0xee, 0xc4, 0x44, 
    0x40, 0x44, 0x40, 0x5e, 0xae, 0xee, 0xfd, 0x56, 0xaa, 0xaa, 0xaa, 0xaa, 0xae, 0xae, 0xfe, 0xae, 
    0xd9, 0x55, 0x9e, 0xaa, 0xea, 0xa0, 0x6e, 0xd5, 0x95, 0x55, 0x55, 0x55, 0x55, 0x55, 0x55, 0x54, 
    0x95, 0x84, 0x65, 0x55, 0xe9, 0x99, 0x95, 0x99, 0x99, 0x99, 0xaa, 0xff, 0xff, 0xea, 0xaa, 0x95, 
    0x55, 0xbe, 0x99, 0x55, 0x55, 0x55, 0xa9, 0x54, 0x45, 0x55, 0x55, 0x59, 0xad, 0x55, 0x95, 0xf9, 
    0x55, 0x54, 0x69, 0xb4, 0x54, 0x55, 0xf5, 0x59, 0x95, 0x55, 0x54, 0x59, 0x44, 0x56, 0x44, 0x49, 
    0x54, 0x44, 0x44, 0x44, 0x44, 0x44, 0x44, 0x44, 0x44, 0x59, 0x44, 0x44, 0x40, 0x45, 0x94, 0x44, 
    0x44, 0x44, 0x44, 0x55, 0xaf, 0xef, 0xf9, 0x95, 0x55, 0x95, 0x55, 0x44, 0x40, 0x40, 0x40, 0x49, 
    0x99, 0xa9, 0x44, 0x45, 0x5d, 0x44, 0x45, 0x55, 0x54, 0x44, 0x54, 0x54, 0x44, 0x45, 0x54, 0x55, 
    0x55, 0x55, 0xed, 0x44, 0x44, 0x44, 0x45, 0x55, 0xbf, 0xff, 0xfb, 0xbb, 0xbb, 0xfb, 0xfa, 0xaa, 
    0xa6, 0x66, 0x66, 0x61, 0x10, 0x00, 0x50, 0x60, 0x10, 0x50, 0x6a, 0xaa, 0x66, 0x66, 0x66, 0xa7, 
    0xfa, 0xff, 0xff, 0xff, 0xff, 0xff, 0xfb, 0xbb, 0xff, 0xbb, 0xbb, 0xfa, 0x6a, 0x51, 0x10, 0x01, 
    0x00, 0x12, 0x12, 0x50, 0xaa, 0xba, 0xbf, 0xff, 0xff, 0x50, 0x11, 0x11, 0x12, 0x10, 0x7b, 0xfb, 
    0xfa, 0xba, 0xbb, 0xba, 0xba, 0xaa, 0x90, 0x10, 0x00, 0x00, 0x00, 0x1a, 0xab, 0xbb, 0xba, 0x55, 
    0xa6, 0xa6, 0xa6, 0xa6, 0xaa, 0xaa, 0xba, 0xab, 0xa5, 0x55, 0x6a, 0xaa, 0xab, 0xb0, 0x7a, 0x96, 
    0x55, 0x55, 0x51, 0x51, 0x51, 0x51, 0x51, 0x55, 0x55, 0x50, 0x21, 0x51, 0x75, 0x65, 0x65, 0x65, 
    0x56, 0x66, 0x6b, 0xff, 0xab, 0xab, 0xba, 0x51, 0x11, 0xa6, 0x6a, 0x65, 0x55, 0x51, 0x65, 0x75, 
    0x11, 0x55, 0x55, 0x65, 0x69, 0x11, 0x52, 0x65, 0x11, 0x11, 0x29, 0xb1, 0x10, 0x52, 0x91, 0x51, 
    0x55, 0x15, 0x11, 0x19, 0x11, 0x56, 0x11, 0xa5, 0x11, 0x11, 0x10, 0x10, 0x11, 0x10, 0x00, 0x10, 
    0x00, 0x01, 0x10, 0x00, 0x00, 0x00, 0x11, 0x10, 0x11, 0x11, 0x11, 0x17, 0xfb, 0xbf, 0xf9, 0x55, 
    0x55, 0x51, 0x11, 0x00, 0x11, 0x11, 0x10, 0x11, 0x66, 0x66, 0x50, 0x00, 0x11, 0x10, 0x11, 0x11, 
    0x51, 0x11, 0x11, 0x11, 0x11, 0x11, 0x11, 0x11, 0x11, 0x13, 0xb9, 0x10, 0x10, 0x11, 0x11, 0x11, 
    0xff, 0xff, 0xff, 0xef, 0xef, 0xff, 0xe9, 0x9a, 0x9a, 0x9a, 0xaa, 0x99, 0x54, 0x04, 0x55, 0x55, 
    0x49, 0x85, 0x4a, 0xae, 0x9a, 0xaa, 0x9a, 0xaa, 0xfe, 0xaf, 0xff, 0xff, 0xff, 0xff, 0xff, 0xef, 
    0xff, 0xff, 0xef, 0xfd, 0x5d, 0x59, 0x44, 0x04, 0x00, 0x05, 0x44, 0xa4, 0xae, 0xae, 0xff, 0xff, 
    0xff, 0x94, 0x44, 0x44, 0x46, 0x44, 0x7f, 0xff, 0xee, 0xee, 0xef, 0xee, 0xee, 0xee, 0xd4, 0x44, 
    0x00, 0x04, 0x04, 0x1a, 0xea, 0xee, 0xef, 0xe4, 0x6a, 0xaa, 0xaa, 0xaa, 0xaa, 0xaa, 0xee, 0xaf, 
    0xea, 0x59, 0x5a, 0xaa, 0xae, 0xa4, 0x6e, 0xd5, 0x55, 0x55, 0x55, 0x55, 0x55, 0x55, 0x55, 0x54, 
    0x55, 0x55, 0x55, 0x45, 0x69, 0x59, 0x59, 0x59, 0x99, 0x99, 0xaf, 0xfe, 0xaf, 0xae, 0xed, 0x55, 
    0x45, 0x99, 0xaa, 0xae, 0xe9, 0x55, 0x55, 0xa9, 0x55, 0x55, 0x95, 0x59, 0x99, 0x55, 0x46, 0x95, 
    0x45, 0x44, 0x59, 0xe4, 0x44, 0x57, 0xd5, 0x55, 0x69, 0x59, 0x45, 0x58, 0x45, 0x89, 0x45, 0x9a, 
    0x45, 0x44, 0x45, 0x44, 0x44, 0x44, 0x44, 0x44, 0x04, 0x06, 0x84, 0x44, 0x44, 0x04, 0x05, 0x44, 
    0x45, 0x44, 0x45, 0x6f, 0xff, 0xff, 0xfd, 0x55, 0x55, 0x55, 0x55, 0x40, 0x44, 0x04, 0x44, 0x44, 
    0x45, 0x99, 0x99, 0x00, 0x94, 0x54, 0x45, 0x45, 0x55, 0x45, 0x45, 0x44, 0x44, 0x44, 0x44, 0x45, 
    0x45, 0x4b, 0xf4, 0x44, 0x44, 0x44, 0x45, 0x44, 0xbf, 0xff, 0xff, 0xbf, 0xbb, 0xbf, 0xa6, 0x66, 
    0x66, 0x6a, 0x66, 0x66, 0x10, 0x00, 0x01, 0x01, 0x15, 0x15, 0x16, 0x66, 0x66, 0x6a, 0x66, 0x66, 
    0xab, 0x6f, 0xff, 0xff, 0xff, 0xbf, 0xbf, 0xbb, 0xbf, 0xbb, 0xbb, 0xbe, 0x16, 0x55, 0x10, 0x00, 
    0x00, 0x01, 0x11, 0x25, 0x6a, 0xab, 0xbb, 0xbf, 0xbf, 0xa4, 0x11, 0x11, 0x11, 0x11, 0x2b, 0xff, 
    0xba, 0xaa, 0xbf, 0xaa, 0xaa, 0xaa, 0xa0, 0x00, 0x00, 0x00, 0x00, 0x2a, 0xab, 0xbb, 0xbb, 0x55, 
    0x16, 0x66, 0x6a, 0x6a, 0x6a, 0xaa, 0xaa, 0xab, 0xaa, 0x15, 0x5a, 0x2a, 0xba, 0xb5, 0x2a, 0x95, 
    0x55, 0x15, 0x11, 0x11, 0x11, 0x11, 0x15, 0x11, 0x51, 0x56, 0x11, 0x55, 0x55, 0x15, 0x56, 0x56, 
    0x56, 0x56, 0x6b, 0xfe, 0xaa, 0xaa, 0xa5, 0x11, 0x16, 0x51, 0x6a, 0xbb, 0xab, 0xa1, 0x15, 0x55, 
    0x55, 0x16, 0x52, 0x16, 0x55, 0x11, 0x17, 0xa9, 0x11, 0x11, 0x11, 0x91, 0x11, 0x12, 0x91, 0x11, 
    0x15, 0x11, 0x11, 0x24, 0x01, 0x15, 0x01, 0x17, 0x51, 0x11, 0x01, 0x11, 0x11, 0x01, 0x01, 0x00, 
    0x00, 0x01, 0x80, 0x00, 0x01, 0x00, 0x00, 0x01, 0x16, 0x55, 0x12, 0xbf, 0xff, 0xff, 0xff, 0x51, 
    0x11, 0x11, 0x01, 0x00, 0x00, 0x01, 0x01, 0x55, 0x55, 0x11, 0x56, 0x51, 0xa0, 0x10, 0x01, 0x01, 
    0x11, 0x11, 0x11, 0x11, 0x11, 0x11, 0x11, 0x11, 0x11, 0x1b, 0xa1, 0x01, 0x01, 0x01, 0x11, 0x11, 
    0xff, 0xff, 0xff, 0xff, 0xff, 0xfe, 0xe9, 0x99, 0xa9, 0xaa, 0xaa, 0xa9, 0x54, 0x40, 0x44, 0x45, 
    0xa9, 0x44, 0x5a, 0xaa, 0xaa, 0xae, 0xaa, 0xaa, 0xaa, 0xaf, 0xff, 0xff, 0xff, 0xff, 0xff, 0xff, 
    0xff, 0xff, 0xfe, 0xff, 0x95, 0x95, 0x55, 0x44, 0x44, 0x40, 0x54, 0x5a, 0xea, 0xef, 0xee, 0xff, 
    0xff, 0xe9, 0x44, 0x44, 0x44, 0x54, 0x6f, 0xff, 0xfe, 0xee, 0xff, 0xfe, 0xee, 0xee, 0xe4, 0x44, 
    0x40, 0x40, 0x44, 0x6e, 0xae, 0xfe, 0xfe, 0x55, 0x54, 0x6a, 0xaa, 0xaa, 0xaa, 0xea, 0xef, 0xee, 
    0xee, 0x95, 0x9a, 0xaa, 0xfe, 0xfc, 0x6e, 0xd5, 0x95, 0x55, 0x55, 0x55, 0x55, 0x55, 0x55, 0x54, 
    0x95, 0x56, 0x55, 0x95, 0x95, 0x59, 0x9a, 0x95, 0x99, 0x99, 0xaa, 0xfe, 0xae, 0xee, 0xd5, 0x55, 
    0x6a, 0xa9, 0xaa, 0xfe, 0xfa, 0xd5, 0xa9, 0x95, 0x95, 0x55, 0x56, 0x5a, 0x99, 0x55, 0x5a, 0xd9, 
    0x54, 0x56, 0x9a, 0xd5, 0x45, 0x94, 0x54, 0x54, 0x55, 0x54, 0x55, 0x64, 0x45, 0x58, 0x44, 0x57, 
    0xd4, 0x44, 0x54, 0x44, 0x55, 0x44, 0x44, 0x44, 0x44, 0x44, 0x44, 0x44, 0x44, 0x44, 0x44, 0x44, 
    0x55, 0x55, 0x9f, 0xff, 0xff, 0xff, 0xfe, 0x44, 0x44, 0x44, 0x5a, 0x94, 0x44, 0x44, 0x54, 0x59, 
    0x95, 0x95, 0x45, 0xa8, 0x69, 0x44, 0x54, 0x65, 0x55, 0x55, 0x44, 0x54, 0x54, 0xa4, 0x94, 0x54, 
    0x55, 0x6a, 0xd4, 0x44, 0x44, 0x54, 0x54, 0x44, 0xff, 0xff, 0xff, 0xff, 0xff, 0xfb, 0xe5, 0x66, 
    0x66, 0x66, 0xa6, 0x65, 0x51, 0x00, 0x00, 0x12, 0xa0, 0x11, 0x66, 0x66, 0x66, 0xaa, 0xa6, 0x66, 
    0x6a, 0xaa, 0xff, 0xff, 0xff, 0xfb, 0xfb, 0xaa, 0xba, 0xab, 0xbb, 0xbb, 0x91, 0x51, 0x55, 0x11, 
    0x00, 0x00, 0x10, 0x16, 0xaa, 0xaa, 0xba, 0xbb, 0xff, 0xf5, 0x51, 0x11, 0x11, 0x11, 0x2b, 0xff, 
    0xfa, 0xaa, 0xbf, 0xbb, 0xba, 0xaa, 0xb1, 0x10, 0x00, 0x00, 0x00, 0x7a, 0xab, 0xba, 0x65, 0x55, 
    0x55, 0x16, 0xa6, 0xaa, 0x66, 0xaa, 0xab, 0xaa, 0xba, 0x56, 0x56, 0xaa, 0xba, 0xb8, 0x1a, 0xa5, 
    0x55, 0x55, 0x51, 0x11, 0x51, 0x51, 0x51, 0x51, 0x51, 0x52, 0x51, 0x55, 0x51, 0x11, 0x66, 0xa5, 
    0x26, 0x66, 0x6b, 0xba, 0xaa, 0xbb, 0x51, 0x51, 0x66, 0x66, 0xaa, 0xab, 0xb9, 0x56, 0xbb, 0xba, 
    0x51, 0x55, 0x55, 0x76, 0x95, 0x11, 0x59, 0xa5, 0x11, 0x17, 0x57, 0x91, 0x11, 0x55, 0x11, 0x11, 
    0x11, 0x16, 0x51, 0x60, 0x11, 0x20, 0x11, 0x57, 0x91, 0x11, 0x11, 0x11, 0x11, 0x11, 0x10, 0x10, 
    0x10, 0x10, 0x00, 0x00, 0x10, 0x10, 0x00, 0x00, 0x11, 0x55, 0x7a, 0xff, 0xff, 0xfa, 0x65, 0x00, 
    0x00, 0x00, 0x15, 0x10, 0x15, 0x50, 0x11, 0x11, 0x55, 0x55, 0x51, 0x16, 0x56, 0x50, 0x10, 0x15, 
    0x11, 0x11, 0x11, 0x11, 0x11, 0xa1, 0x61, 0x11, 0x11, 0x36, 0x51, 0x11, 0x10, 0x11, 0x11, 0x11, 
    0xff, 0xff, 0xff, 0xff, 0xff, 0xff, 0xea, 0x99, 0x99, 0x9a, 0xa9, 0x55, 0x84, 0x44, 0x04, 0x5a, 
    0xa9, 0x5a, 0xaa, 0x9a, 0xaf, 0xfe, 0x9a, 0x9a, 0xaa, 0xaa, 0xff, 0xff, 0xff, 0xff, 0xff, 0x9a, 
    0xff, 0xe5, 0xae, 0xaf, 0xd4, 0x44, 0x44, 0x44, 0x44, 0x04, 0x05, 0x46, 0xaa, 0xaa, 0xee, 0xef, 
    0xff, 0xf9, 0x54, 0x44, 0x44, 0x44, 0x6f, 0xff, 0xfe, 0xee, 0xef, 0xee, 0xee, 0xee, 0xe8, 0x04, 
    0x04, 0x00, 0x04, 0xae, 0xea, 0x55, 0x59, 0x55, 0x55, 0x59, 0xaa, 0xaa, 0xaa, 0xaa, 0xae, 0xee, 
    0xee, 0x8b, 0x96, 0xaa, 0xfe, 0xfc, 0x4e, 0xe9, 0x55, 0x55, 0x55, 0x55, 0x55, 0x55, 0x55, 0x55, 
    0x55, 0x56, 0x45, 0x45, 0x55, 0x55, 0x59, 0xa9, 0x4e, 0xaa, 0xae, 0xaa, 0xae, 0xed, 0x45, 0x56, 
    0xaa, 0x9a, 0xae, 0xaa, 0xa5, 0x5a, 0xea, 0xe9, 0x55, 0x55, 0x55, 0x59, 0x59, 0x45, 0x55, 0xaa, 
    0x44, 0x49, 0x97, 0x95, 0x44, 0x45, 0x45, 0x44, 0x45, 0x59, 0x99, 0x94, 0x45, 0x64, 0x44, 0x47, 
    0x45, 0x44, 0x44, 0x44, 0x45, 0x55, 0x54, 0x44, 0x44, 0x44, 0x44, 0x44, 0x44, 0x04, 0x04, 0x04, 
    0x45, 0x56, 0xea, 0xef, 0xfe, 0xaa, 0x98, 0x00, 0x44, 0x04, 0x45, 0x54, 0x59, 0x58, 0x44, 0x44, 
    0x59, 0x59, 0x55, 0x45, 0x99, 0x84, 0x04, 0x45, 0x55, 0x55, 0x45, 0x44, 0x45, 0x65, 0x54, 0x45, 
    0x44, 0xa6, 0x44, 0x44, 0x44, 0x44, 0x44, 0x44, 0xbf, 0xbf, 0xff, 0xff, 0xff, 0xff, 0xbb, 0x56, 
    0x56, 0x6a, 0xa9, 0x65, 0x15, 0x51, 0x01, 0x16, 0x66, 0xaa, 0x66, 0x66, 0x6a, 0xaa, 0x66, 0x66, 
    0x6a, 0xab, 0xff, 0xff, 0xff, 0xfb, 0xbf, 0xa5, 0x66, 0x11, 0xaa, 0x6b, 0x91, 0x11, 0x11, 0x20, 
    0x10, 0x01, 0x01, 0x02, 0x6a, 0xaa, 0xba, 0xab, 0xbf, 0xfa, 0x15, 0x01, 0x11, 0x11, 0x1f, 0xbf, 
    0xfb, 0xab, 0xbb, 0xbb, 0xaa, 0x6a, 0xa4, 0x00, 0x00, 0x00, 0x00, 0x66, 0x65, 0x15, 0x55, 0x55, 
    0x15, 0x16, 0x56, 0x66, 0x6a, 0xba, 0xaa, 0xab, 0xbb, 0x9b, 0x95, 0x5a, 0xba, 0xb8, 0x0b, 0xa5, 
    0x55, 0x55, 0x11, 0x11, 0x11, 0x15, 0x15, 0x11, 0x55, 0x16, 0x05, 0x16, 0x51, 0x11, 0x56, 0x66, 
    0x06, 0x6a, 0xba, 0x66, 0x6b, 0xb5, 0x11, 0x16, 0x66, 0x66, 0x6a, 0xaa, 0xa2, 0x6a, 0xa5, 0x11, 
    0x15, 0x15, 0x15, 0x15, 0x15, 0x15, 0x11, 0x65, 0x51, 0x1b, 0xa1, 0x11, 0x11, 0x01, 0x11, 0x11, 
    0x12, 0x11, 0x11, 0x81, 0x01, 0x50, 0x01, 0x13, 0x11, 0x11, 0x11, 0x11, 0x01, 0x11, 0x11, 0x11, 
    0x11, 0x01, 0x01, 0x00, 0x00, 0x00, 0x00, 0x01, 0x11, 0x1a, 0x56, 0x6b, 0xa6, 0x66, 0x50, 0x01, 
    0x11, 0x01, 0x15, 0x11, 0x11, 0x65, 0x00, 0x01, 0x15, 0x55, 0x55, 0x11, 0x6a, 0x00, 0x00, 0x01, 
    0x11, 0x11, 0x15, 0x11, 0x11, 0x2a, 0x11, 0x11, 0x15, 0xb9, 0x00, 0x01, 0x01, 0x11, 0x01, 0x11, 
    0xff, 0xff, 0xff, 0xff, 0xff, 0xff, 0xfe, 0x99, 0x99, 0xaa, 0xfd, 0x95, 0x59, 0x99, 0x44, 0x4a, 
    0xaa, 0xfa, 0xa9, 0xa9, 0xaa, 0xad, 0xa9, 0xaa, 0xaa, 0xea, 0xff, 0xff, 0xff, 0xff, 0xff, 0xf9, 
    0x99, 0x54, 0x55, 0xfe, 0xd4, 0x54, 0x45, 0x55, 0x54, 0x40, 0x44, 0x46, 0x5a, 0xea, 0xfe, 0xee, 
    0xff, 0xfd, 0x55, 0x44, 0x44, 0x54, 0x5f, 0xff, 0xff, 0xef, 0xff, 0xfe, 0xee, 0x5a, 0xe4, 0x44, 
    0x40, 0x40, 0x45, 0x99, 0x95, 0x55, 0x95, 0x95, 0x55, 0x59, 0xa5, 0xaa, 0xaa, 0xea, 0xee, 0xef, 
    0xfe, 0xde, 0xd5, 0x4a, 0xee, 0xfc, 0x4a, 0xe9, 0x95, 0x55, 0x55, 0x55, 0x55, 0x55, 0x55, 0x55, 
    0x55, 0x55, 0x45, 0x59, 0x94, 0x55, 0x99, 0xa9, 0x46, 0xae, 0xae, 0xaa, 0xea, 0x99, 0x45, 0x6a, 
    0xaa, 0xaa, 0xaa, 0xea, 0xda, 0x9e, 0xee, 0xe9, 0x55, 0x95, 0x55, 0x69, 0x55, 0x55, 0x95, 0xa4, 
    0x56, 0xfe, 0x54, 0x45, 0x54, 0x54, 0x44, 0x55, 0x55, 0x55, 0x55, 0x84, 0x49, 0x94, 0x45, 0x45, 
    0x54, 0x55, 0x55, 0x55, 0x54, 0x44, 0x44, 0x45, 0x55, 0x44, 0x44, 0x44, 0x44, 0x44, 0x44, 0x44, 
    0x55, 0xad, 0xaa, 0xfa, 0x99, 0x99, 0x54, 0x55, 0x54, 0x55, 0x54, 0x55, 0x55, 0x59, 0x94, 0x44, 
    0x45, 0x99, 0x99, 0x55, 0x46, 0x90, 0x40, 0x44, 0x45, 0x55, 0x55, 0x54, 0x54, 0x5f, 0x94, 0x54, 
    0x55, 0xfc, 0x44, 0x44, 0x45, 0x55, 0x54, 0x54, 0xff, 0xff, 0xff, 0xff, 0xff, 0xff, 0xba, 0x65, 
    0x65, 0x6b, 0xf9, 0x51, 0x56, 0x65, 0x10, 0x16, 0xa6, 0xba, 0x66, 0x66, 0x66, 0x6a, 0x66, 0x66, 
    0xab, 0xaa, 0xbf, 0xff, 0xff, 0xfb, 0xbb, 0xba, 0xa5, 0x55, 0x11, 0x52, 0xa1, 0x10, 0x11, 0x12, 
    0x50, 0x05, 0x11, 0x11, 0x2a, 0xaa, 0xba, 0xbb, 0xff, 0xfe, 0x51, 0x51, 0x11, 0x11, 0x17, 0xbb, 
    0xff, 0xbb, 0xfb, 0xfb, 0xba, 0x92, 0xa0, 0x00, 0x00, 0x16, 0xa5, 0x11, 0x51, 0x55, 0x55, 0x55, 
    0x51, 0x51, 0x79, 0x16, 0xaa, 0xba, 0xaa, 0xab, 0xfa, 0x9b, 0xb5, 0x4b, 0xfb, 0xf9, 0x13, 0xb5, 
    0x55, 0x55, 0x11, 0x11, 0x51, 0x55, 0x55, 0x51, 0x51, 0x55, 0x05, 0x55, 0x51, 0x11, 0x66, 0x65, 
    0x02, 0xa6, 0xba, 0xaa, 0xb9, 0x61, 0x11, 0xa6, 0x66, 0x66, 0xaa, 0xaa, 0x9b, 0x9b, 0xba, 0xba, 
    0x55, 0x11, 0x15, 0x55, 0x55, 0x51, 0xa1, 0x61, 0x12, 0x51, 0x11, 0x11, 0x11, 0x11, 0x10, 0x11, 
    0x11, 0x11, 0x66, 0x10, 0x19, 0x90, 0x05, 0x11, 0x10, 0x11, 0x11, 0x51, 0x11, 0x51, 0x11, 0x11, 
    0x11, 0x11, 0x11, 0x11, 0x11, 0x10, 0x00, 0x00, 0x11, 0xa6, 0xba, 0x65, 0x65, 0x65, 0x10, 0x01, 
    0x15, 0x55, 0x51, 0x11, 0x51, 0x51, 0x55, 0x10, 0x11, 0x15, 0x55, 0x51, 0x11, 0x64, 0x00, 0x00, 
    0x11, 0x51, 0x11, 0x11, 0x11, 0x16, 0x51, 0x11, 0x12, 0xb5, 0x10, 0x11, 0x11, 0x11, 0x51, 0x51, 
    0xff, 0xee, 0xef, 0xff, 0xff, 0xfe, 0x9a, 0x99, 0x99, 0xaf, 0xea, 0x95, 0x59, 0x99, 0x44, 0x5a, 
    0xaa, 0xfe, 0x9a, 0x99, 0x9a, 0x9a, 0x9a, 0xea, 0xaf, 0xea, 0xff, 0xff, 0xff, 0xff, 0xee, 0xef, 
    0xea, 0x99, 0x55, 0x45, 0x85, 0x44, 0x04, 0x55, 0x54, 0x05, 0x84, 0x45, 0x5a, 0xaa, 0xfe, 0xef, 
    0xff, 0xfe, 0x95, 0x55, 0x44, 0x45, 0x4a, 0xef, 0xff, 0xef, 0xfe, 0xef, 0xee, 0xa4, 0x54, 0x04, 
    0x5a, 0x99, 0x55, 0x55, 0x55, 0x45, 0x59, 0x59, 0x55, 0x55, 0xad, 0x55, 0xa9, 0xaa, 0xae, 0xef, 
    0xfe, 0x8a, 0xed, 0x4b, 0xef, 0xfc, 0x46, 0xe9, 0x55, 0x55, 0x55, 0x55, 0x55, 0x55, 0x55, 0x55, 
    0x55, 0x69, 0x05, 0x59, 0x45, 0x55, 0x99, 0x99, 0x45, 0xea, 0xaa, 0xee, 0xd4, 0x85, 0x46, 0xaa, 
    0x9a, 0x9a, 0xea, 0xae, 0x9e, 0xaf, 0xee, 0xee, 0x95, 0x55, 0x69, 0x99, 0x59, 0x55, 0x95, 0xd4, 
    0x54, 0x44, 0x45, 0x45, 0x45, 0x44, 0x44, 0x45, 0x45, 0x45, 0x45, 0x44, 0x59, 0x84, 0x45, 0x49, 
    0x44, 0x45, 0x45, 0x59, 0x55, 0x55, 0x55, 0x45, 0x45, 0x55, 0x45, 0x44, 0x44, 0x44, 0x44, 0x44, 
    0x0b, 0xda, 0x99, 0x99, 0x99, 0x95, 0x40, 0x05, 0xa9, 0x99, 0x45, 0x59, 0x55, 0x45, 0x55, 0x54, 
    0x44, 0x45, 0x59, 0x55, 0x54, 0x59, 0x44, 0x04, 0x45, 0x55, 0x44, 0x44, 0x45, 0x45, 0x45, 0x55, 
    0x59, 0xe4, 0x44, 0x44, 0x45, 0x55, 0x55, 0x6a, 0xbf, 0xaa, 0xaa, 0xbf, 0xff, 0xfa, 0x56, 0x55, 
    0x55, 0xba, 0x66, 0x96, 0x66, 0x56, 0x51, 0x06, 0x6a, 0xba, 0x66, 0x66, 0x66, 0x66, 0x66, 0x7a, 
    0x6f, 0xab, 0xff, 0xff, 0xff, 0xff, 0xbb, 0xbb, 0xba, 0xa5, 0x51, 0x51, 0x51, 0x10, 0x00, 0x15, 
    0x01, 0x25, 0x01, 0x01, 0x16, 0x96, 0xbf, 0xbb, 0xbb, 0xbf, 0x55, 0x15, 0x11, 0x11, 0x11, 0x6b, 
    0xbf, 0xab, 0xbb, 0xbb, 0xaa, 0xa9, 0x11, 0x16, 0x55, 0x55, 0x51, 0x11, 0x11, 0x55, 0x55, 0x55, 
    0x55, 0x11, 0x69, 0x55, 0x11, 0x16, 0x6a, 0xaf, 0xbb, 0x93, 0xbb, 0x57, 0xbb, 0xb9, 0x02, 0xb5, 
    0x55, 0x55, 0x11, 0x11, 0x11, 0x15, 0x55, 0x11, 0x11, 0x19, 0x01, 0x55, 0x51, 0x15, 0x56, 0x55, 
    0x00, 0x6a, 0xaa, 0xaa, 0x55, 0x15, 0x06, 0xaa, 0xaa, 0xaa, 0xaa, 0xbb, 0x56, 0xab, 0xaa, 0xbb, 
    0x55, 0x15, 0x61, 0x55, 0x25, 0x15, 0xa1, 0x91, 0x01, 0x11, 0x11, 0x11, 0x11, 0x11, 0x11, 0x11, 
    0x11, 0x11, 0x11, 0x00, 0x66, 0x01, 0x05, 0x15, 0x11, 0x11, 0x11, 0x15, 0x11, 0x11, 0x15, 0x11, 
    0x11, 0x11, 0x11, 0x11, 0x11, 0x01, 0x11, 0x00, 0x2b, 0xa5, 0x56, 0x56, 0x56, 0x51, 0x00, 0x16, 
    0x6a, 0x55, 0x15, 0x55, 0x55, 0x11, 0x11, 0x10, 0x00, 0x00, 0x01, 0x15, 0x55, 0x06, 0x40, 0x00, 
    0x11, 0x11, 0x11, 0x11, 0x11, 0x11, 0x11, 0x19, 0x5a, 0xa0, 0x01, 0x00, 0x01, 0x15, 0x55, 0x66, 
    0xfe, 0xea, 0xaa, 0xef, 0xff, 0xf9, 0x99, 0x99, 0xa9, 0x99, 0xa4, 0x59, 0xa9, 0x99, 0x99, 0x84, 
    0x5a, 0xea, 0xa9, 0xa9, 0xa9, 0x99, 0xa9, 0xae, 0xaf, 0xff, 0xff, 0xff, 0xff, 0xff, 0xfe, 0xfe, 
    0xee, 0xea, 0x94, 0x54, 0x45, 0x94, 0x44, 0x44, 0x49, 0xa9, 0x45, 0x94, 0x55, 0xaa, 0xef, 0xee, 
    0xff, 0xff, 0xa5, 0x55, 0x55, 0x54, 0x45, 0x6a, 0xff, 0xee, 0xfe, 0xff, 0xf9, 0x55, 0x55, 0x95, 
    0x95, 0x95, 0x95, 0x55, 0x55, 0x55, 0x95, 0x95, 0x95, 0x95, 0x59, 0x95, 0x99, 0xa5, 0xae, 0xef, 
    0xff, 0xd6, 0xfa, 0xd7, 0xfe, 0xf8, 0x45, 0xe9, 0x95, 0x95, 0x55, 0x55, 0x55, 0x55, 0x55, 0x55, 
    0x55, 0x58, 0x45, 0x95, 0x54, 0x59, 0x99, 0x94, 0x40, 0x69, 0xaa, 0xe9, 0x95, 0x54, 0x5e, 0xea, 
    0xae, 0xaf, 0xea, 0xee, 0x46, 0xee, 0xee, 0xea, 0x95, 0x95, 0x55, 0x99, 0x55, 0x55, 0xe5, 0xd4, 
    0x45, 0x45, 0x55, 0x55, 0x54, 0x54, 0x54, 0x45, 0x54, 0x54, 0x64, 0x44, 0x6a, 0x44, 0x49, 0x48, 
    0x44, 0x45, 0x94, 0x54, 0x55, 0x55, 0xa9, 0x55, 0x55, 0x55, 0x55, 0x44, 0x44, 0x44, 0x44, 0x54, 
    0xe9, 0x95, 0x99, 0x99, 0x99, 0x95, 0x40, 0xa9, 0xaa, 0xe5, 0x55, 0x95, 0x95, 0x59, 0x94, 0x54, 
    0x40, 0x40, 0x44, 0x45, 0x99, 0x45, 0x94, 0x44, 0x45, 0x54, 0x54, 0x54, 0x54, 0x54, 0x55, 0x55, 
    0x6e, 0xd4, 0x44, 0x44, 0x44, 0x59, 0xaa, 0x95, 0xab, 0xaa, 0xaa, 0xab, 0xff, 0xfa, 0x65, 0x55, 
    0x65, 0x51, 0x91, 0x15, 0x65, 0x65, 0x66, 0x65, 0x11, 0xba, 0x66, 0x66, 0x66, 0x66, 0x66, 0xba, 
    0xbf, 0xff, 0xff, 0xff, 0xff, 0xff, 0xbb, 0xba, 0x6a, 0xaa, 0xa5, 0x14, 0x05, 0x11, 0x00, 0x00, 
    0x11, 0x66, 0x56, 0xa1, 0x11, 0x55, 0x6b, 0xea, 0xbb, 0xbb, 0xa5, 0x55, 0x55, 0x51, 0x10, 0x5b, 
    0xfb, 0xfa, 0xbb, 0xbb, 0xa6, 0x51, 0x55, 0x55, 0x55, 0x55, 0x55, 0x51, 0x51, 0x55, 0x55, 0x55, 
    0x55, 0x55, 0x56, 0x55, 0x55, 0x62, 0x6b, 0xfb, 0xff, 0xd1, 0xbb, 0xf7, 0xb9, 0xb9, 0x11, 0xb5, 
    0x55, 0x55, 0x51, 0x11, 0x51, 0x51, 0x51, 0x51, 0x51, 0x54, 0x01, 0x55, 0x51, 0x55, 0x65, 0x50, 
    0x00, 0x26, 0x65, 0x55, 0x51, 0x50, 0x6a, 0xba, 0xaa, 0xab, 0xbb, 0xb9, 0x16, 0xaa, 0xbb, 0xb5, 
    0x55, 0x95, 0x51, 0x65, 0x11, 0x12, 0xa5, 0x51, 0x11, 0x11, 0x11, 0x11, 0x11, 0x11, 0x11, 0x11, 
    0x51, 0x51, 0x51, 0x01, 0x65, 0x11, 0x11, 0x15, 0x11, 0x12, 0xba, 0x51, 0x11, 0x51, 0x52, 0x51, 
    0x51, 0x11, 0x11, 0x11, 0x11, 0x11, 0x10, 0x11, 0xa5, 0x61, 0x55, 0x65, 0x55, 0x15, 0x11, 0x55, 
    0x66, 0x66, 0x55, 0x55, 0x55, 0x59, 0x11, 0x10, 0x00, 0x00, 0x10, 0x00, 0x15, 0x51, 0x51, 0x00, 
    0x15, 0x11, 0x11, 0x11, 0x11, 0x11, 0x11, 0x11, 0x3a, 0x51, 0x11, 0x10, 0x10, 0x15, 0x66, 0xa6, 
    0xaa, 0xaa, 0xaa, 0xaf, 0xff, 0xe9, 0x99, 0x59, 0x45, 0x45, 0x45, 0x44, 0x54, 0x54, 0x95, 0x95, 
    0x55, 0x5a, 0x9a, 0x99, 0x99, 0x99, 0x9a, 0xae, 0xff, 0xff, 0xff, 0xff, 0xff, 0xff, 0xee, 0xee, 
    0xaa, 0xaa, 0xad, 0x44, 0x45, 0x44, 0x44, 0x04, 0x44, 0x5a, 0xae, 0xed, 0x44, 0x55, 0x9e, 0xea, 
    0xaf, 0xef, 0xd9, 0x55, 0x55, 0x54, 0x55, 0x45, 0xaa, 0xfe, 0xee, 0xfe, 0x69, 0x59, 0x55, 0x55, 
    0x55, 0x59, 0x59, 0x55, 0x55, 0x55, 0x59, 0x59, 0x55, 0x59, 0x49, 0x59, 0x59, 0x55, 0x6a, 0xff, 
    0xaf, 0xd4, 0xaf, 0xfb, 0xec, 0x7c, 0x44, 0xa9, 0x59, 0x55, 0x55, 0x55, 0x55, 0x55, 0x55, 0x45, 
    0x55, 0x58, 0x05, 0x55, 0x45, 0x59, 0x99, 0x54, 0x04, 0x4a, 0x99, 0x99, 0x45, 0x55, 0xaa, 0xaa, 
    0xea, 0xae, 0xae, 0xa8, 0x5e, 0xaa, 0xef, 0xee, 0x55, 0x55, 0x59, 0x55, 0x55, 0x46, 0xfa, 0x44, 
    0x45, 0x45, 0x55, 0x44, 0x44, 0x44, 0x44, 0x44, 0x55, 0x55, 0x95, 0x45, 0x98, 0x45, 0x44, 0x54, 
    0x44, 0x46, 0xff, 0x84, 0x45, 0x55, 0x55, 0x55, 0x55, 0x55, 0x44, 0x44, 0x44, 0x45, 0x45, 0x44, 
    0x59, 0xe4, 0x55, 0x99, 0x99, 0x55, 0x59, 0x55, 0x99, 0x9a, 0x99, 0x55, 0x55, 0x44, 0x45, 0x44, 
    0x00, 0x00, 0x05, 0x44, 0x05, 0x95, 0x55, 0x54, 0x59, 0x44, 0x44, 0x95, 0x44, 0x44, 0x59, 0x44, 
    0xbe, 0x44, 0x44, 0x44, 0x44, 0x45, 0x55, 0x5a, 0x6a, 0x6a, 0x6a, 0xaa, 0xbb, 0xa5, 0x55, 0x55, 
    0x00, 0x01, 0x10, 0x00, 0x11, 0x11, 0x11, 0x00, 0x00, 0x01, 0x56, 0x51, 0x66, 0x66, 0x66, 0xbb, 
    0xff, 0xff, 0xff, 0xff, 0xff, 0xff, 0xfb, 0xaa, 0xa6, 0x6a, 0x66, 0x55, 0x65, 0x10, 0x15, 0x15, 
    0x50, 0x1a, 0xab, 0xba, 0x95, 0x15, 0x16, 0xba, 0x6b, 0xbb, 0xa1, 0x55, 0x15, 0x10, 0x11, 0x55, 
    0x51, 0x11, 0x56, 0x56, 0x55, 0x55, 0x55, 0x55, 0x55, 0x55, 0x55, 0x11, 0x11, 0x11, 0x55, 0x55, 
    0x55, 0x55, 0x1a, 0x55, 0x55, 0x52, 0x2b, 0xba, 0x2b, 0x95, 0x2f, 0xba, 0xb9, 0x29, 0x00, 0x79, 
    0x55, 0x55, 0x11, 0x11, 0x11, 0x15, 0x11, 0x15, 0x15, 0x14, 0x05, 0x55, 0x11, 0x16, 0x55, 0x50, 
    0x00, 0x06, 0x57, 0x95, 0x11, 0x17, 0xa6, 0x66, 0xaa, 0xaa, 0x6a, 0xa5, 0xa6, 0xaa, 0xab, 0xb9, 
    0x15, 0x15, 0x55, 0x51, 0x11, 0x13, 0x7a, 0x11, 0x01, 0x11, 0x11, 0x11, 0x11, 0x11, 0x11, 0x11, 
    0x11, 0x15, 0x95, 0x01, 0x15, 0x02, 0x40, 0x11, 0x11, 0x12, 0xbb, 0x01, 0x01, 0x11, 0x55, 0x15, 
    0x15, 0x11, 0x11, 0x11, 0x01, 0x01, 0x11, 0x15, 0x01, 0x10, 0x01, 0x15, 0x56, 0xb9, 0x55, 0x11, 
    0x16, 0x66, 0x6a, 0x65, 0x55, 0x01, 0x1b, 0x54, 0x00, 0x00, 0x11, 0x41, 0x00, 0x15, 0x55, 0x15, 
    0x16, 0x41, 0x15, 0xa5, 0x11, 0x11, 0x15, 0x11, 0xbe, 0x00, 0x11, 0x00, 0x00, 0x11, 0x11, 0x1a, 
    0xaa, 0xaa, 0xaa, 0xaa, 0xef, 0xe9, 0x99, 0xa8, 0x45, 0x94, 0x54, 0x55, 0x55, 0x54, 0x44, 0x44, 
    0x44, 0x44, 0x59, 0x99, 0x99, 0x99, 0xaa, 0xfe, 0xff, 0xff, 0xff, 0xff, 0xff, 0xff, 0xfe, 0xea, 
    0xea, 0xaa, 0xaa, 0x95, 0x5a, 0x94, 0x45, 0x59, 0xa4, 0x5a, 0xae, 0xfe, 0xe9, 0x55, 0x5a, 0xfe, 
    0xee, 0xfe, 0xf5, 0x55, 0x55, 0x54, 0x55, 0x55, 0x95, 0x95, 0x55, 0x55, 0x55, 0x55, 0x95, 0x95, 
    0x95, 0x95, 0x95, 0x95, 0x55, 0x55, 0x95, 0x95, 0x95, 0x99, 0x5e, 0x99, 0x95, 0x96, 0xef, 0xfe, 
    0x5e, 0x95, 0x5e, 0xfd, 0xfe, 0x54, 0x44, 0x6d, 0x95, 0x95, 0x55, 0x55, 0x55, 0x55, 0x55, 0x55, 
    0x55, 0x64, 0x45, 0x55, 0x54, 0x99, 0x99, 0x44, 0x44, 0x46, 0x9e, 0x95, 0x55, 0x5e, 0xfa, 0xaa, 
    0xaa, 0xef, 0xea, 0xe6, 0xe9, 0x9a, 0xae, 0xfd, 0x55, 0x59, 0x95, 0x94, 0x59, 0x5a, 0x59, 0x54, 
    0x44, 0x45, 0x54, 0x54, 0x54, 0x54, 0x44, 0x55, 0x54, 0x55, 0x55, 0x45, 0x64, 0x45, 0x84, 0x94, 
    0x44, 0x65, 0xae, 0x44, 0x44, 0x45, 0x55, 0x55, 0xe9, 0x55, 0x55, 0x54, 0x54, 0x44, 0x45, 0x55, 
    0x5e, 0x95, 0x44, 0x45, 0x5a, 0xfa, 0x99, 0x94, 0x55, 0xaa, 0xaa, 0xfe, 0x99, 0x54, 0x59, 0x94, 
    0x40, 0x40, 0x45, 0x40, 0x54, 0x55, 0x55, 0x55, 0x54, 0x44, 0x56, 0xda, 0x54, 0x54, 0x54, 0x56, 
    0xfd, 0x44, 0x44, 0x44, 0x44, 0x54, 0x54, 0x55, 0xa6, 0xa6, 0xa6, 0xaa, 0xaa, 0xa5, 0x55, 0xa0, 
    0x16, 0xa9, 0x65, 0x55, 0x66, 0x64, 0x11, 0x15, 0x15, 0x55, 0x66, 0x66, 0x66, 0x66, 0xa6, 0xbb, 
    0xff, 0xff, 0xff, 0xff, 0xff, 0xff, 0xfe, 0xaa, 0xaa, 0xa6, 0xa6, 0x65, 0x56, 0x69, 0x50, 0x11, 
    0x66, 0x66, 0xaa, 0xba, 0xaa, 0x91, 0x11, 0x7f, 0xbb, 0xbb, 0xb5, 0x55, 0x55, 0x55, 0x11, 0x55, 
    0x55, 0x55, 0x55, 0x15, 0x55, 0x55, 0x55, 0x55, 0x55, 0x55, 0x55, 0x51, 0x51, 0x51, 0x55, 0x55, 
    0x55, 0x55, 0x6f, 0x55, 0x55, 0x55, 0xab, 0xfb, 0x65, 0x50, 0x2b, 0xb9, 0xbb, 0x50, 0x11, 0x39, 
    0x55, 0x55, 0x51, 0x51, 0x51, 0x51, 0x51, 0x55, 0x55, 0x60, 0x01, 0x55, 0x15, 0x65, 0x65, 0x00, 
    0x00, 0x01, 0x6a, 0x51, 0x15, 0x6a, 0xab, 0xbb, 0xaa, 0xbb, 0xba, 0xa6, 0x66, 0x66, 0x56, 0xbb, 
    0xa5, 0x51, 0x55, 0x51, 0x11, 0x55, 0x29, 0x11, 0x11, 0x16, 0x51, 0x11, 0x11, 0x11, 0x11, 0x51, 
    0x11, 0x51, 0x56, 0x11, 0x21, 0x11, 0x50, 0x51, 0x11, 0x75, 0x7d, 0x10, 0x10, 0x11, 0x51, 0x11, 
    0x75, 0x11, 0x11, 0x21, 0x11, 0x11, 0x11, 0x11, 0x7a, 0x51, 0x10, 0x52, 0x55, 0x56, 0xba, 0x55, 
    0x55, 0x66, 0x66, 0x6a, 0xa5, 0x55, 0x11, 0x10, 0x00, 0x11, 0x11, 0x00, 0x15, 0x15, 0x55, 0x00, 
    0x10, 0x11, 0x17, 0xe1, 0x91, 0x11, 0x11, 0x17, 0x75, 0x11, 0x11, 0x11, 0x11, 0x15, 0x51, 0x11, 
    0xaa, 0xaa, 0xaa, 0xaa, 0xae, 0xa9, 0x5a, 0x85, 0xae, 0x99, 0x99, 0x99, 0x99, 0x55, 0x59, 0x99, 
    0x9a, 0x99, 0x59, 0x99, 0x99, 0x9a, 0xaa, 0xaa, 0xff, 0xff, 0xff, 0xfe, 0xef, 0xff, 0xfe, 0xaa, 
    0xaa, 0xaa, 0xaa, 0x9a, 0xaa, 0x9a, 0x94, 0x45, 0x5a, 0xaa, 0xaa, 0xfe, 0xae, 0xa9, 0x44, 0x5f, 
    0xee, 0xef, 0xfd, 0x55, 0x55, 0x55, 0x45, 0x55, 0x55, 0x55, 0x55, 0x55, 0x55, 0x55, 0x55, 0x55, 
    0x55, 0x55, 0x55, 0x55, 0x55, 0x55, 0x59, 0x59, 0x59, 0x55, 0x5f, 0xd9, 0x59, 0x59, 0xae, 0xef, 
    0xa9, 0x55, 0x5f, 0xed, 0x6f, 0xd4, 0x45, 0x6d, 0x59, 0x59, 0x55, 0x55, 0x55, 0x55, 0x55, 0x55, 
    0x55, 0x54, 0x05, 0x54, 0x55, 0x99, 0x99, 0x44, 0x04, 0x00, 0x59, 0x55, 0x55, 0x6e, 0xef, 0xef, 
    0xee, 0xee, 0xee, 0xee, 0xa9, 0x99, 0x5a, 0x9a, 0xee, 0xe9, 0x55, 0x54, 0x45, 0x55, 0x5d, 0x44, 
    0x45, 0x4a, 0x44, 0x49, 0x45, 0x99, 0x45, 0x4a, 0x55, 0x45, 0x46, 0x45, 0x54, 0x44, 0xe4, 0x44, 
    0x45, 0xfd, 0xac, 0x44, 0x44, 0x44, 0x44, 0x44, 0x6f, 0xa9, 0x55, 0x55, 0x59, 0x55, 0x45, 0x44, 
    0xa9, 0x45, 0x45, 0x99, 0xae, 0x6a, 0x85, 0x56, 0xd9, 0x99, 0x59, 0x95, 0x5a, 0x99, 0x45, 0x45, 
    0x44, 0x44, 0x45, 0x44, 0x09, 0x59, 0x45, 0x40, 0x05, 0x45, 0x47, 0xe5, 0x54, 0x45, 0x46, 0x4a, 
    0xa4, 0x44, 0x44, 0x45, 0x45, 0x55, 0x59, 0x95, 0x6a, 0x6a, 0x66, 0x6a, 0xaa, 0xa9, 0x56, 0x66, 
    0x55, 0x66, 0x56, 0x56, 0x56, 0x56, 0x56, 0x56, 0x56, 0x55, 0x55, 0x56, 0x56, 0x56, 0x66, 0x66, 
    0xbf, 0xbf, 0xff, 0xfb, 0xbb, 0xab, 0xba, 0x6a, 0x66, 0x6a, 0x61, 0x66, 0x66, 0x6a, 0x65, 0x01, 
    0x66, 0x66, 0x6a, 0xba, 0xaa, 0xaa, 0x51, 0x16, 0xab, 0xbf, 0xbd, 0x55, 0x15, 0x15, 0x01, 0x15, 
    0x55, 0x55, 0x55, 0x55, 0x15, 0x55, 0x55, 0x55, 0x55, 0x55, 0x55, 0x15, 0x11, 0x11, 0x55, 0x55, 
    0x55, 0x55, 0x5b, 0xb5, 0x55, 0x55, 0x6b, 0xba, 0x99, 0x15, 0x17, 0xa9, 0x3f, 0xb5, 0x11, 0x1a, 
    0x55, 0x55, 0x11, 0x15, 0x15, 0x15, 0x15, 0x15, 0x15, 0x20, 0x01, 0x11, 0x56, 0x56, 0x55, 0x00, 
    0x00, 0x00, 0x05, 0x11, 0x55, 0x6a, 0xab, 0xbb, 0xbf, 0xbb, 0xbb, 0x56, 0x66, 0x56, 0x56, 0x55, 
    0x56, 0xbb, 0xaa, 0x51, 0x11, 0x15, 0x25, 0x11, 0x11, 0x15, 0x11, 0x11, 0x15, 0x51, 0x11, 0x11, 
    0x15, 0x51, 0x12, 0x05, 0x00, 0x00, 0x12, 0x11, 0x11, 0xa5, 0xb5, 0x01, 0x01, 0x11, 0x00, 0x11, 
    0x1b, 0xb9, 0x11, 0x11, 0x11, 0x11, 0x11, 0x16, 0x65, 0x51, 0x06, 0x65, 0x05, 0xaa, 0x65, 0x16, 
    0x2a, 0x66, 0x51, 0x01, 0x66, 0x65, 0x11, 0x15, 0x11, 0x11, 0x11, 0x11, 0x01, 0x55, 0x11, 0x50, 
    0x01, 0x01, 0x12, 0x51, 0x15, 0x11, 0x16, 0x1a, 0x91, 0x01, 0x11, 0x11, 0x16, 0x11, 0x55, 0x15, 
    0xaa, 0xaa, 0xaa, 0xaa, 0xaa, 0xfd, 0x95, 0x95, 0x99, 0x99, 0x99, 0x99, 0x99, 0x99, 0x99, 0x99, 
    0x99, 0x99, 0x99, 0x99, 0x99, 0x99, 0x99, 0xaa, 0xbf, 0xff, 0xff, 0xee, 0xea, 0xea, 0xfe, 0xaa, 
    0xaa, 0xaa, 0xa9, 0xa9, 0xaa, 0xaa, 0x99, 0x54, 0x45, 0x6a, 0xaa, 0xee, 0xea, 0xea, 0xe9, 0x45, 
    0xfe, 0xff, 0xfe, 0x95, 0x55, 0x55, 0x54, 0x55, 0x95, 0x95, 0x95, 0x95, 0x55, 0x55, 0x95, 0x95, 
    0x95, 0x95, 0x95, 0x55, 0x55, 0x54, 0x59, 0x95, 0x95, 0x95, 0x9b, 0xad, 0x99, 0x99, 0xae, 0xfe, 
    0xd9, 0x55, 0x55, 0x99, 0x6f, 0xf8, 0x55, 0x5e, 0x55, 0x95, 0x55, 0x55, 0x55, 0x55, 0x55, 0x55, 
    0x55, 0x90, 0x45, 0x55, 0x99, 0x99, 0x94, 0x44, 0x40, 0x40, 0x44, 0x55, 0x55, 0xee, 0xae, 0xee, 
    0xff, 0xd9, 0x5f, 0xde, 0xd9, 0x99, 0x9a, 0x99, 0x99, 0x9a, 0xff, 0xe8, 0x55, 0x54, 0x64, 0x54, 
    0x54, 0x45, 0x54, 0x55, 0x55, 0x55, 0x54, 0x55, 0x55, 0x55, 0x55, 0x49, 0x44, 0x44, 0x45, 0x44, 
    0x55, 0xfe, 0xf4, 0x44, 0x44, 0x44, 0x44, 0x54, 0x4b, 0xfd, 0x44, 0x44, 0x54, 0x54, 0x55, 0x5f, 
    0xff, 0x44, 0x59, 0xa4, 0x46, 0xea, 0xaa, 0x99, 0x95, 0xa9, 0x94, 0x54, 0x59, 0xa9, 0x55, 0x44, 
    0x54, 0x44, 0x54, 0x44, 0x44, 0x55, 0x54, 0x54, 0x44, 0x45, 0x45, 0xf8, 0x45, 0x95, 0x55, 0x6a, 
    0xd4, 0x44, 0x44, 0x55, 0x55, 0x95, 0x99, 0x55, 0xa6, 0xa6, 0xa6, 0xa6, 0xaa, 0xba, 0x66, 0x55, 
    0x55, 0x66, 0x66, 0x66, 0x65, 0x65, 0x66, 0x66, 0x6a, 0x66, 0x65, 0x66, 0x66, 0x66, 0x66, 0x66, 
    0xbf, 0xfb, 0xff, 0xaa, 0xaa, 0xab, 0xa6, 0x66, 0x66, 0x66, 0x66, 0x66, 0x66, 0xaa, 0x65, 0x10, 
    0x11, 0x56, 0x66, 0xaa, 0xaa, 0xaa, 0xaa, 0x51, 0x6b, 0xbb, 0xbb, 0x55, 0x55, 0x55, 0x51, 0x15, 
    0x55, 0x55, 0x55, 0x55, 0x55, 0x55, 0x55, 0x55, 0x55, 0x55, 0x55, 0x51, 0x51, 0x51, 0x15, 0x55, 
    0x55, 0x55, 0x57, 0x5a, 0x56, 0x55, 0x7b, 0xa5, 0x95, 0x55, 0x55, 0x55, 0x1f, 0xf5, 0x11, 0x1a, 
    0x55, 0x55, 0x51, 0x51, 0x51, 0x51, 0x51, 0x55, 0x51, 0x50, 0x01, 0x51, 0x55, 0x65, 0x60, 0x00, 
    0x00, 0x00, 0x11, 0x55, 0x55, 0x6a, 0xbb, 0xba, 0xf9, 0xa6, 0x57, 0xbb, 0xa6, 0x66, 0x66, 0x55, 
    0xb9, 0x65, 0x66, 0xa1, 0x11, 0x11, 0x71, 0x11, 0x11, 0x11, 0x17, 0x51, 0x11, 0x11, 0x11, 0x11, 
    0x11, 0x11, 0x15, 0x15, 0x00, 0x10, 0x01, 0x11, 0x12, 0xbb, 0xb1, 0x11, 0x10, 0x10, 0x10, 0x10, 
    0x12, 0xfe, 0x10, 0x11, 0x11, 0x11, 0x11, 0x2f, 0xfe, 0x10, 0x7a, 0x90, 0x1a, 0xaa, 0xa6, 0x66, 
    0x65, 0x55, 0x51, 0x2a, 0x56, 0xa5, 0x51, 0x11, 0x11, 0x11, 0x11, 0x11, 0x11, 0x11, 0x50, 0x10, 
    0x00, 0x12, 0xa5, 0x79, 0x11, 0x61, 0x15, 0x77, 0x51, 0x11, 0x10, 0x11, 0x11, 0x55, 0x55, 0x55, 
    0xaa, 0xaa, 0xaa, 0xaa, 0xaa, 0xaa, 0xee, 0x95, 0x59, 0x99, 0x99, 0x99, 0x99, 0x99, 0x99, 0x99, 
    0x99, 0x99, 0x9a, 0x99, 0x99, 0x99, 0x99, 0x9a, 0xff, 0xff, 0xfe, 0xaa, 0xaa, 0xaa, 0xaa, 0x9a, 
    0x9a, 0x9a, 0x9a, 0x9a, 0x9a, 0xaa, 0x99, 0x94, 0x44, 0x45, 0xaa, 0xae, 0xaa, 0xaa, 0xaa, 0xa9, 
    0x5a, 0xef, 0xef, 0x95, 0x55, 0x55, 0x54, 0x45, 0x55, 0x55, 0x55, 0x55, 0x55, 0x55, 0x55, 0x59, 
    0x55, 0x55, 0x55, 0x55, 0x55, 0x55, 0x59, 0x59, 0x59, 0x59, 0x56, 0x4b, 0x9a, 0x99, 0x5a, 0xfe, 
    0x95, 0x55, 0x55, 0x99, 0x5f, 0xe4, 0x45, 0x4a, 0x55, 0x59, 0x55, 0x55, 0x55, 0x56, 0xd5, 0x55, 
    0x55, 0x90, 0x05, 0x45, 0x99, 0x99, 0x94, 0x44, 0x00, 0x04, 0x54, 0x55, 0x55, 0x55, 0x9e, 0xff, 
    0xea, 0x4b, 0x46, 0xae, 0x9a, 0x99, 0x9a, 0x99, 0x99, 0x99, 0xa9, 0x95, 0x46, 0x95, 0x65, 0x44, 
    0x44, 0x45, 0x56, 0xe5, 0x55, 0x44, 0x45, 0x55, 0x55, 0x44, 0x45, 0x44, 0x44, 0x45, 0x44, 0x44, 
    0x4b, 0xff, 0xd4, 0x44, 0x44, 0x44, 0x44, 0x44, 0x44, 0x5e, 0x44, 0x44, 0x44, 0x44, 0x45, 0x7f, 
    0xfd, 0x55, 0xee, 0x84, 0x6e, 0xea, 0xa9, 0x9a, 0x9a, 0x95, 0x45, 0x9a, 0xea, 0x99, 0x44, 0x44, 
    0x44, 0x44, 0x45, 0x45, 0x44, 0x45, 0x55, 0x44, 0x00, 0x44, 0x6f, 0x85, 0x44, 0x59, 0x54, 0xee, 
    0x44, 0x44, 0x44, 0x55, 0x59, 0x99, 0x59, 0x94, 0x6a, 0x66, 0x66, 0x6a, 0x6a, 0x6a, 0xaa, 0x55, 
    0x6a, 0x56, 0x66, 0x56, 0x56, 0x56, 0x56, 0x56, 0x56, 0x66, 0x56, 0x56, 0x56, 0x56, 0x66, 0x67, 
    0xbf, 0xff, 0xfe, 0xaa, 0x6a, 0x66, 0xa6, 0x66, 0x66, 0x66, 0x66, 0x66, 0x66, 0xa6, 0x66, 0x65, 
    0x10, 0x01, 0x16, 0xab, 0xaa, 0xaa, 0xaa, 0xab, 0x91, 0xbb, 0xbb, 0x95, 0x15, 0x15, 0x11, 0x11, 
    0x55, 0x55, 0x55, 0x55, 0x15, 0x55, 0x55, 0x55, 0x55, 0x55, 0x55, 0x11, 0x11, 0x11, 0x15, 0x55, 
    0x55, 0x55, 0x56, 0x11, 0x95, 0x55, 0x5a, 0xbb, 0x65, 0x55, 0x15, 0x55, 0x0b, 0xa1, 0x11, 0x17, 
    0x55, 0x55, 0x11, 0x15, 0x15, 0x12, 0xe1, 0x15, 0x15, 0x50, 0x01, 0x01, 0x55, 0x55, 0x41, 0x00, 
    0x00, 0x00, 0x11, 0x15, 0x52, 0x55, 0x55, 0x6b, 0xa9, 0x7f, 0x15, 0xba, 0xa6, 0x66, 0x66, 0x66, 
    0xa6, 0x56, 0x66, 0x65, 0x51, 0x51, 0x61, 0x11, 0x11, 0x11, 0x11, 0xb9, 0x11, 0x11, 0x11, 0x11, 
    0x11, 0x11, 0x11, 0x11, 0x01, 0x00, 0x11, 0x11, 0x0b, 0xbf, 0x99, 0x11, 0x01, 0x01, 0x01, 0x00, 
    0x01, 0x01, 0x01, 0x01, 0x01, 0x11, 0x11, 0xbf, 0xb5, 0x12, 0xbb, 0x55, 0x7f, 0xbb, 0xa6, 0x66, 
    0x66, 0x55, 0x16, 0x55, 0x69, 0x51, 0x11, 0x01, 0x00, 0x00, 0x01, 0x11, 0x11, 0x11, 0x55, 0x00, 
    0x00, 0x00, 0x16, 0x90, 0x11, 0x16, 0x52, 0xb9, 0x00, 0x11, 0x01, 0x11, 0x15, 0x65, 0x15, 0x51, 
    0xaa, 0xaa, 0xaa, 0xaa, 0xaa, 0xaa, 0xaa, 0xa9, 0xaa, 0x99, 0x99, 0x99, 0x99, 0x99, 0x99, 0x99, 
    0x99, 0x99, 0x99, 0x99, 0x99, 0x99, 0x99, 0xaa, 0xff, 0xff, 0xfe, 0xea, 0xaa, 0xaa, 0xa9, 0xa9, 
    0xa9, 0xa9, 0xa9, 0xa9, 0xaa, 0xa9, 0xa9, 0xa9, 0xa9, 0x44, 0x45, 0xaa, 0xea, 0xea, 0xaa, 0xea, 
    0xe8, 0x6e, 0xfe, 0xd5, 0x55, 0x55, 0x54, 0x44, 0x55, 0x55, 0x95, 0x95, 0x55, 0x95, 0x95, 0x95, 
    0x95, 0x95, 0x95, 0x55, 0x55, 0x55, 0x55, 0x95, 0x95, 0x95, 0x99, 0x55, 0x55, 0x99, 0x86, 0xaf, 
    0xd5, 0x55, 0x55, 0x95, 0x5f, 0xd4, 0x54, 0x56, 0x95, 0x95, 0x55, 0x55, 0x55, 0x55, 0xe5, 0x55, 
    0x55, 0x80, 0x40, 0x49, 0x99, 0x99, 0x44, 0x44, 0x40, 0x40, 0x55, 0x55, 0x9a, 0x99, 0x95, 0x99, 
    0x7a, 0xfe, 0x44, 0xa9, 0xa9, 0xa9, 0x99, 0xaa, 0xfe, 0xa9, 0x99, 0xa9, 0x94, 0x55, 0x94, 0x54, 
    0x54, 0x54, 0x55, 0xbf, 0x95, 0x54, 0x56, 0x54, 0x55, 0x55, 0x55, 0x54, 0x44, 0x44, 0x54, 0x44, 
    0x4a, 0xfe, 0xad, 0x54, 0x45, 0x54, 0x44, 0x44, 0x44, 0x45, 0x44, 0x44, 0x44, 0x54, 0x55, 0xff, 
    0xe5, 0x5b, 0xfe, 0x55, 0xff, 0xff, 0xea, 0xea, 0xaa, 0x94, 0x59, 0x99, 0x99, 0x44, 0x44, 0x44, 
    0x44, 0x44, 0x44, 0x44, 0x54, 0x44, 0x55, 0x54, 0x40, 0x44, 0x45, 0x54, 0x44, 0x55, 0x96, 0xfd, 
    0x44, 0x44, 0x45, 0x55, 0x95, 0x59, 0x55, 0x94, 0xa6, 0xa6, 0x66, 0x6a, 0xa6, 0xa6, 0xa6, 0xa6, 
    0xa6, 0x56, 0x65, 0x65, 0x65, 0x65, 0x65, 0x66, 0x66, 0x66, 0x66, 0x66, 0x66, 0x66, 0x66, 0x6b, 
    0xbf, 0xff, 0xfe, 0xaa, 0xa6, 0x66, 0x66, 0x66, 0x66, 0x66, 0x66, 0x66, 0x66, 0x66, 0x66, 0x66, 
    0x66, 0x65, 0x10, 0x2b, 0xaa, 0xa5, 0xaa, 0xaa, 0xba, 0x5b, 0xbb, 0xa1, 0x55, 0x55, 0x51, 0x11, 
    0x15, 0x55, 0x55, 0x55, 0x55, 0x55, 0x55, 0x55, 0x55, 0x55, 0x55, 0x51, 0x51, 0x51, 0x15, 0x55, 
    0x55, 0x55, 0x55, 0x11, 0x15, 0x55, 0x56, 0x7b, 0xa5, 0x55, 0x55, 0x55, 0x17, 0x91, 0x11, 0x12, 
    0x55, 0x55, 0x51, 0x51, 0x51, 0x55, 0xf5, 0x55, 0x55, 0x40, 0x01, 0x15, 0x65, 0x65, 0x10, 0x00, 
    0x00, 0x01, 0x51, 0x15, 0x5a, 0x66, 0x56, 0x65, 0x67, 0xb5, 0x01, 0x15, 0x66, 0x65, 0x66, 0x66, 
    0xbb, 0xbb, 0xa6, 0x66, 0x51, 0x16, 0x51, 0x11, 0x11, 0x11, 0x15, 0x6f, 0xe5, 0x11, 0x11, 0x51, 
    0x15, 0x11, 0x11, 0x90, 0x10, 0x10, 0x11, 0x10, 0x11, 0x16, 0x7a, 0x11, 0x16, 0x55, 0x50, 0x11, 
    0x11, 0x11, 0x01, 0x10, 0x11, 0x11, 0x12, 0xff, 0xd5, 0x5b, 0xbe, 0x52, 0xff, 0xff, 0xaf, 0xfa, 
    0xa6, 0x50, 0x65, 0x66, 0x50, 0x01, 0x10, 0x00, 0x00, 0x00, 0x00, 0x00, 0x11, 0x10, 0x15, 0x51, 
    0x00, 0x00, 0x11, 0x10, 0x01, 0x01, 0x66, 0xf5, 0x11, 0x11, 0x11, 0x15, 0x51, 0x65, 0x55, 0x51, 
    0xaa, 0xaa, 0xaa, 0xaa, 0xaa, 0xaa, 0xaa, 0xaa, 0xaa, 0x99, 0x99, 0x99, 0x99, 0x99, 0x99, 0x99, 
    0x99, 0x99, 0x99, 0x99, 0x99, 0x99, 0x99, 0xaf, 0xee, 0xff, 0xff, 0xea, 0x9a, 0x9a, 0xaa, 0x9a, 
    0x99, 0x99, 0x99, 0xa9, 0x9a, 0x9a, 0x9a, 0x9a, 0x9a, 0xaa, 0x94, 0x46, 0xee, 0xaa, 0xaa, 0xaa, 
    0xae, 0xee, 0xef, 0xe5, 0x55, 0x55, 0x55, 0x44, 0x45, 0x55, 0x55, 0x55, 0x55, 0x55, 0x55, 0x55, 
    0x59, 0x55, 0x55, 0x55, 0x55, 0x55, 0x55, 0x59, 0x59, 0x59, 0x99, 0x45, 0x55, 0x59, 0x4a, 0x9f, 
    0xd9, 0x55, 0x55, 0x55, 0x46, 0x45, 0x45, 0x45, 0x95, 0x59, 0x55, 0x55, 0x55, 0x55, 0xe5, 0x55, 
    0x55, 0x80, 0x04, 0x59, 0x99, 0x99, 0x44, 0x04, 0x04, 0x05, 0x55, 0x55, 0x5e, 0xa9, 0x59, 0x99, 
    0xaf, 0xdd, 0x04, 0x09, 0x9a, 0x99, 0x95, 0x5b, 0xd9, 0xaf, 0xf9, 0xed, 0x44, 0x4a, 0x44, 0x44, 
    0x44, 0x45, 0x45, 0x5f, 0xfe, 0x44, 0x55, 0x55, 0x55, 0x54, 0x45, 0x44, 0x54, 0x44, 0x44, 0x44, 
    0x45, 0x55, 0xee, 0x44, 0x59, 0x55, 0x55, 0x44, 0x44, 0x44, 0x44, 0x44, 0x44, 0x45, 0x4b, 0xff, 
    0x95, 0x5e, 0xfd, 0x5b, 0xff, 0xff, 0xbf, 0xff, 0xee, 0x45, 0x99, 0x99, 0x44, 0x44, 0x44, 0x04, 
    0x04, 0x44, 0x44, 0x04, 0x04, 0x44, 0x45, 0x45, 0x44, 0x04, 0x44, 0x44, 0x04, 0x45, 0x59, 0xa5, 
    0x44, 0x44, 0x45, 0x55, 0x55, 0x59, 0x59, 0x44, 0x66, 0x66, 0x66, 0x66, 0x66, 0x66, 0x66, 0x66, 
    0x66, 0x6a, 0x56, 0x56, 0x56, 0x56, 0x56, 0x56, 0x56, 0x56, 0x56, 0x56, 0x56, 0x56, 0x66, 0x6a, 
    0xa6, 0x7f, 0xff, 0xaa, 0x66, 0x66, 0x66, 0x6a, 0x66, 0x66, 0x66, 0x66, 0x66, 0x66, 0x66, 0x66, 
    0x66, 0x66, 0x66, 0x51, 0x6a, 0xaa, 0x6a, 0xaa, 0xba, 0xab, 0xab, 0xa5, 0x15, 0x15, 0x15, 0x01, 
    0x11, 0x55, 0x55, 0x55, 0x55, 0x55, 0x15, 0x55, 0x55, 0x55, 0x55, 0x11, 0x11, 0x11, 0x15, 0x55, 
    0x55, 0x55, 0x65, 0x11, 0x11, 0x55, 0x57, 0x6b, 0xa5, 0x55, 0x15, 0x11, 0x11, 0x11, 0x11, 0x11, 
    0x95, 0x55, 0x15, 0x15, 0x15, 0x15, 0x95, 0x15, 0x15, 0x40, 0x00, 0x55, 0x55, 0x55, 0x00, 0x00, 
    0x00, 0x11, 0x11, 0x15, 0x15, 0x15, 0x56, 0x55, 0xb5, 0x07, 0x40, 0x05, 0x6b, 0x65, 0x66, 0x57, 
    0xa6, 0x56, 0x69, 0x66, 0x11, 0x16, 0x51, 0x11, 0x01, 0x11, 0x15, 0x17, 0xbb, 0x91, 0x11, 0xa1, 
    0x11, 0x11, 0x11, 0xa0, 0x01, 0x00, 0x01, 0x10, 0x01, 0x12, 0xab, 0x01, 0x15, 0x15, 0x65, 0x11, 
    0x11, 0x11, 0x01, 0x11, 0x11, 0x11, 0x1b, 0xbf, 0x55, 0x3a, 0xb6, 0x5b, 0xff, 0xfe, 0xbf, 0xff, 
    0xbe, 0x02, 0x56, 0x55, 0x00, 0x00, 0x00, 0x00, 0x00, 0x00, 0x00, 0x00, 0x00, 0x00, 0x01, 0x11, 
    0x00, 0x00, 0x06, 0x50, 0x01, 0x11, 0x56, 0x51, 0x01, 0x10, 0x11, 0x11, 0x11, 0x11, 0x15, 0x01, 
    0xaa, 0xaa, 0xaa, 0xaa, 0xaa, 0xaa, 0xaa, 0xaa, 0xaa, 0xae, 0x99, 0x99, 0x99, 0x99, 0x99, 0x99, 
    0x99, 0x99, 0x99, 0x99, 0x99, 0x99, 0x99, 0xaa, 0xea, 0xae, 0xff, 0xea, 0xa9, 0xa9, 0xaa, 0xaa, 
    0xa9, 0xa9, 0xa9, 0xa9, 0xa9, 0xa9, 0xa9, 0xa9, 0xaa, 0xaa, 0xaa, 0xa9, 0x46, 0xaa, 0xaa, 0xaa, 
    0xae, 0xee, 0xae, 0xe8, 0x55, 0x55, 0x54, 0x54, 0x45, 0x55, 0x95, 0x95, 0x95, 0x95, 0x95, 0x95, 
    0x95, 0x95, 0x95, 0x55, 0x55, 0x55, 0x55, 0x95, 0x95, 0x99, 0x99, 0x55, 0x55, 0x55, 0x96, 0xaa, 
    0xe9, 0x55, 0x55, 0x54, 0x44, 0x54, 0x54, 0x54, 0xd5, 0x95, 0x95, 0x55, 0x55, 0x55, 0x95, 0x55, 
    0x55, 0x80, 0x40, 0x95, 0x99, 0x94, 0x40, 0x40, 0x40, 0x55, 0x55, 0x54, 0x94, 0x59, 0x99, 0x99, 
    0xa4, 0x45, 0xd4, 0x45, 0xaa, 0xa9, 0x9a, 0x55, 0xa9, 0x9a, 0x99, 0xa5, 0x54, 0x5a, 0x84, 0x44, 
    0x44, 0x54, 0x59, 0x55, 0xfa, 0xd5, 0x55, 0x95, 0x54, 0x55, 0x55, 0xd4, 0x44, 0x44, 0x44, 0x54, 
    0x44, 0x46, 0xee, 0x84, 0x55, 0x55, 0x94, 0x55, 0x55, 0x54, 0x44, 0x54, 0x54, 0x55, 0x5f, 0xfe, 
    0x55, 0xba, 0xe9, 0xaf, 0xff, 0xfe, 0xff, 0xff, 0xfd, 0x5a, 0xa9, 0x94, 0x44, 0x44, 0x44, 0x40, 
    0x40, 0x44, 0x44, 0x44, 0x40, 0x40, 0x44, 0x54, 0x50, 0x44, 0x44, 0x45, 0x54, 0x55, 0x99, 0x94, 
    0x44, 0x54, 0x55, 0x55, 0x55, 0x55, 0x55, 0x45, 0xa6, 0xa6, 0x66, 0x66, 0x66, 0x66, 0xa6, 0xa6, 
    0x66, 0x6a, 0x65, 0x65, 0x65, 0x65, 0x66, 0x66, 0x66, 0x66, 0x66, 0x66, 0x66, 0x66, 0x66, 0x66, 
    0xa6, 0x6a, 0xba, 0xa6, 0x66, 0x66, 0x66, 0x66, 0x66, 0x66, 0x66, 0x66, 0x66, 0x66, 0x66, 0x66, 
    0x66, 0x66, 0x66, 0xa6, 0xb5, 0x6a, 0xaa, 0xaa, 0xab, 0xba, 0xab, 0xa9, 0x11, 0x55, 0x55, 0x11, 
    0x11, 0x11, 0x55, 0x55, 0x55, 0x55, 0x55, 0x55, 0x55, 0x55, 0x51, 0x51, 0x51, 0x51, 0x51, 0x55, 
    0x55, 0x55, 0x55, 0x11, 0x11, 0x15, 0x51, 0x6b, 0x95, 0x55, 0x55, 0x15, 0x11, 0x11, 0x11, 0x11, 
    0x65, 0x55, 0x51, 0x51, 0x51, 0x55, 0x55, 0x55, 0x55, 0x40, 0x01, 0x55, 0x65, 0x50, 0x00, 0x00, 
    0x00, 0x11, 0x51, 0x51, 0x51, 0x25, 0x66, 0x66, 0x64, 0x16, 0x40, 0x01, 0xa5, 0x65, 0x66, 0x55, 
    0x55, 0x66, 0x6a, 0x65, 0x15, 0x17, 0x91, 0x11, 0x11, 0x11, 0x12, 0x51, 0x7a, 0x91, 0x11, 0x11, 
    0x11, 0x11, 0x56, 0x55, 0x00, 0x11, 0x10, 0x10, 0x10, 0x17, 0xaa, 0x90, 0x15, 0x55, 0xa5, 0x11, 
    0x11, 0x51, 0x11, 0x11, 0x11, 0x11, 0x2f, 0xfd, 0x51, 0xbb, 0xea, 0x7f, 0xff, 0xfb, 0xff, 0xff, 
    0xf5, 0x3a, 0xaa, 0x51, 0x11, 0x00, 0x10, 0x00, 0x00, 0x00, 0x10, 0x10, 0x00, 0x00, 0x11, 0x11, 
    0x10, 0x00, 0x50, 0x10, 0x01, 0x11, 0x65, 0x65, 0x11, 0x11, 0x11, 0x11, 0x51, 0x11, 0x10, 0x11, 
    0xaa, 0xaa, 0xaa, 0xaa, 0xaa, 0xaa, 0xaa, 0xaa, 0xaa, 0x99, 0x99, 0x99, 0x99, 0x99, 0x99, 0x99, 
    0x99, 0x99, 0x99, 0x99, 0x99, 0x99, 0x99, 0x99, 0xaa, 0x9a, 0xaa, 0xaa, 0x9a, 0x99, 0x99, 0x99, 
    0x99, 0x99, 0x99, 0x99, 0x99, 0x99, 0x9a, 0x9a, 0x9a, 0x9a, 0x9a, 0xaa, 0xef, 0xea, 0xaa, 0xaa, 
    0xaf, 0xee, 0xee, 0xea, 0x55, 0x55, 0x55, 0x54, 0x44, 0x45, 0x55, 0x55, 0x55, 0x55, 0x55, 0x55, 
    0x55, 0x55, 0x55, 0x55, 0x55, 0x55, 0x55, 0x59, 0x59, 0x59, 0x99, 0x44, 0x45, 0x45, 0x54, 0x6f, 
    0xe5, 0x55, 0x55, 0x54, 0x44, 0x45, 0x45, 0x45, 0x65, 0x59, 0x95, 0x55, 0x55, 0x55, 0x59, 0x55, 
    0x55, 0x44, 0x05, 0x59, 0x95, 0x84, 0x00, 0x04, 0x04, 0x55, 0x55, 0x55, 0x45, 0x99, 0xae, 0x9a, 
    0x99, 0x45, 0x44, 0x04, 0x69, 0x99, 0x99, 0x99, 0x54, 0x59, 0x5a, 0xa8, 0x45, 0xa7, 0xc4, 0x44, 
    0x44, 0x44, 0x45, 0x85, 0x5f, 0xe5, 0x55, 0x55, 0x69, 0x55, 0x59, 0xfd, 0x44, 0x44, 0x44, 0x44, 
    0x44, 0x4e, 0xee, 0xc4, 0x5d, 0x55, 0x94, 0x45, 0x55, 0x54, 0x44, 0x44, 0x44, 0x45, 0x6f, 0xfd, 
    0x55, 0xef, 0xd9, 0xbf, 0xff, 0xff, 0xff, 0xff, 0xe9, 0xbf, 0xee, 0x44, 0x44, 0x04, 0x44, 0x00, 
    0x00, 0x04, 0x04, 0x44, 0x44, 0x44, 0x04, 0x45, 0x54, 0x04, 0x54, 0x44, 0x04, 0x45, 0x99, 0x99, 
    0x45, 0x45, 0x55, 0x55, 0x55, 0x45, 0x54, 0x45, 0x66, 0x66, 0x66, 0x66, 0x66, 0x66, 0x66, 0x66, 
    0x65, 0x56, 0x56, 0x56, 0x56, 0x56, 0x56, 0x56, 0x56, 0x56, 0x56, 0x66, 0x66, 0x66, 0x66, 0x66, 
    0x66, 0x66, 0x66, 0x66, 0x66, 0x66, 0x66, 0x66, 0x66, 0x66, 0x66, 0x66, 0x66, 0x66, 0x66, 0x66, 
    0x66, 0x66, 0x66, 0x6a, 0xab, 0xaa, 0x6a, 0x6a, 0xab, 0xbb, 0xaa, 0xaa, 0x51, 0x15, 0x15, 0x11, 
    0x11, 0x11, 0x15, 0x55, 0x55, 0x55, 0x15, 0x55, 0x55, 0x55, 0x51, 0x11, 0x11, 0x11, 0x15, 0x15, 
    0x55, 0x55, 0x56, 0x51, 0x11, 0x11, 0x11, 0x5b, 0xa2, 0x15, 0x15, 0x15, 0x11, 0x11, 0x11, 0x11, 
    0x25, 0x55, 0x55, 0x11, 0x15, 0x15, 0x15, 0x15, 0x15, 0x00, 0x06, 0x55, 0x55, 0x40, 0x00, 0x00, 
    0x00, 0x11, 0x11, 0x10, 0x16, 0x66, 0xbf, 0xfa, 0xa5, 0x01, 0x41, 0x00, 0x2a, 0x6a, 0x55, 0x56, 
    0x55, 0x15, 0x65, 0x55, 0x11, 0x53, 0x91, 0x01, 0x11, 0x11, 0x11, 0x91, 0x17, 0xb5, 0x11, 0x11, 
    0x11, 0x11, 0x97, 0xbf, 0x40, 0x00, 0x01, 0x01, 0x01, 0x1a, 0xaa, 0x91, 0x01, 0x15, 0x91, 0x15, 
    0x11, 0x11, 0x11, 0x11, 0x11, 0x01, 0x3f, 0xb5, 0x12, 0xab, 0x55, 0xbb, 0xbf, 0xbf, 0xff, 0xff, 
    0xa9, 0xbf, 0xba, 0x00, 0x00, 0x00, 0x00, 0x00, 0x00, 0x00, 0x00, 0x00, 0x00, 0x00, 0x01, 0x01, 
    0x54, 0x00, 0x14, 0x00, 0x00, 0x01, 0x56, 0x56, 0x51, 0x01, 0x55, 0x11, 0x11, 0x11, 0x11, 0x14, 
    0xaa, 0xaa, 0xaa, 0xaa, 0xaa, 0xaa, 0xaa, 0xaa, 0xa9, 0x99, 0x99, 0x99, 0x99, 0x99, 0x99, 0x99, 
    0x99, 0x99, 0x99, 0x99, 0x99, 0x99, 0x99, 0x99, 0x99, 0xaa, 0xa9, 0x99, 0xa9, 0xa9, 0x99, 0xa9, 
    0xa9, 0xa9, 0xa9, 0xa9, 0xa9, 0xa9, 0xa9, 0xa9, 0xa9, 0xaa, 0xaa, 0xaa, 0xaa, 0xea, 0xaa, 0xaa, 
    0xee, 0xee, 0xea, 0xaa, 0x95, 0x55, 0x55, 0x55, 0x44, 0x44, 0x45, 0x95, 0x95, 0x95, 0x95, 0x95, 
    0x95, 0x95, 0x95, 0x55, 0x55, 0x55, 0x54, 0x55, 0x95, 0x95, 0x99, 0x94, 0x55, 0x55, 0x44, 0x5b, 
    0xd6, 0x55, 0x54, 0x55, 0x44, 0x54, 0x54, 0x54, 0x65, 0x99, 0xa5, 0x55, 0x55, 0x55, 0x55, 0x55, 
    0x55, 0x40, 0x45, 0x55, 0x59, 0x40, 0x40, 0x40, 0x40, 0x55, 0x55, 0x54, 0x99, 0x9a, 0xff, 0xff, 
    0xfd, 0x54, 0x54, 0x44, 0x4a, 0xae, 0x99, 0x99, 0x95, 0x59, 0xa9, 0x94, 0x54, 0x97, 0xd4, 0x44, 
    0x45, 0x55, 0x54, 0x54, 0x45, 0xfd, 0x55, 0x55, 0x55, 0x55, 0x6f, 0xfe, 0x84, 0x44, 0x44, 0x44, 
    0x44, 0x6a, 0xee, 0xd4, 0x44, 0x45, 0xd5, 0x55, 0x55, 0x55, 0x44, 0x44, 0x44, 0x54, 0x5a, 0xf5, 
    0x56, 0xef, 0x95, 0xff, 0xff, 0xfe, 0xff, 0xff, 0xea, 0x9a, 0xe8, 0x44, 0x44, 0x44, 0x40, 0x40, 
    0x40, 0x40, 0x44, 0x44, 0x44, 0x44, 0x40, 0x44, 0x54, 0x54, 0x48, 0x40, 0x40, 0x44, 0x59, 0x95, 
    0xa4, 0x45, 0x55, 0x55, 0x55, 0x55, 0x54, 0x54, 0xa6, 0xa6, 0x66, 0x66, 0x66, 0x66, 0x66, 0x66, 
    0x65, 0x55, 0x65, 0x65, 0x65, 0x65, 0x66, 0x66, 0x66, 0x66, 0x66, 0x66, 0x66, 0x66, 0x66, 0x66, 
    0x66, 0x66, 0x65, 0x16, 0x66, 0x66, 0x66, 0x66, 0x66, 0x66, 0x66, 0x66, 0x66, 0x66, 0x66, 0x66, 
    0x66, 0x66, 0x66, 0x66, 0xa6, 0xa6, 0xa6, 0xaa, 0xab, 0xba, 0xba, 0xaa, 0xa1, 0x55, 0x55, 0x51, 
    0x51, 0x11, 0x11, 0x55, 0x55, 0x56, 0x55, 0x55, 0x55, 0x55, 0x51, 0x51, 0x11, 0x11, 0x51, 0x15, 
    0x55, 0x55, 0x55, 0x51, 0x11, 0x11, 0x51, 0x27, 0xf2, 0x51, 0x51, 0x11, 0x51, 0x11, 0x11, 0x11, 
    0x15, 0x55, 0x65, 0x51, 0x51, 0x51, 0x55, 0x55, 0x52, 0x00, 0x05, 0x51, 0x55, 0x00, 0x00, 0x00, 
    0x01, 0x51, 0x51, 0x11, 0x56, 0x66, 0xbf, 0xff, 0xff, 0xa0, 0x11, 0x10, 0x12, 0xba, 0x66, 0xa6, 
    0x55, 0x55, 0x66, 0x61, 0x11, 0x13, 0xa1, 0x11, 0x11, 0x11, 0x15, 0x65, 0x11, 0xbd, 0x11, 0x11, 
    0x51, 0x51, 0x7b, 0xb5, 0x10, 0x11, 0x11, 0x11, 0x11, 0x7a, 0xba, 0xa1, 0x10, 0x10, 0x11, 0x11, 
    0x11, 0x51, 0x10, 0x11, 0x11, 0x11, 0x51, 0x61, 0x17, 0xae, 0x56, 0xff, 0xff, 0xbf, 0xab, 0xff, 
    0xab, 0x55, 0xa1, 0x10, 0x00, 0x10, 0x10, 0x00, 0x00, 0x00, 0x00, 0x00, 0x10, 0x00, 0x00, 0x11, 
    0x15, 0x14, 0x05, 0x00, 0x00, 0x00, 0x16, 0x51, 0x65, 0x11, 0x51, 0x11, 0x11, 0x11, 0x11, 0x20, 
    0xaa, 0xaa, 0xaa, 0xaa, 0x9a, 0xaa, 0xaa, 0xaa, 0x99, 0x95, 0x99, 0x99, 0x99, 0x99, 0x99, 0x99, 
    0x99, 0x99, 0x99, 0x99, 0x99, 0x99, 0x99, 0x99, 0x99, 0x9a, 0xd9, 0x99, 0x99, 0x9a, 0x99, 0x99, 
    0x99, 0x99, 0x99, 0x99, 0x99, 0x99, 0x9a, 0x9a, 0x9a, 0x9a, 0xaa, 0xaa, 0xea, 0xaa, 0xaa, 0xaa, 
    0xae, 0xee, 0xae, 0xaa, 0xa4, 0x55, 0x55, 0x55, 0x54, 0x44, 0x45, 0x55, 0x55, 0x55, 0x55, 0x59, 
    0x55, 0x55, 0x55, 0x55, 0x55, 0x55, 0x55, 0x55, 0x59, 0x59, 0x99, 0x45, 0x45, 0x55, 0x44, 0x56, 
    0xfa, 0x54, 0x54, 0x44, 0x45, 0x45, 0x45, 0x45, 0x49, 0x59, 0x95, 0x55, 0x55, 0x55, 0x55, 0x55, 
    0x55, 0x04, 0x05, 0x55, 0x58, 0x04, 0x00, 0x00, 0x05, 0x55, 0x54, 0x45, 0x99, 0x5a, 0xbf, 0xff, 
    0xff, 0xdc, 0x44, 0x44, 0x04, 0xaa, 0x99, 0xaf, 0xe9, 0x59, 0x99, 0x95, 0x54, 0x4b, 0xd9, 0x44, 
    0x55, 0x55, 0x55, 0x5d, 0x45, 0x5e, 0x45, 0x55, 0x45, 0x55, 0x55, 0x54, 0x44, 0x64, 0x44, 0x45, 
    0x99, 0xee, 0xee, 0xe4, 0x44, 0x44, 0x44, 0x45, 0x45, 0x45, 0x44, 0x44, 0x44, 0x45, 0x95, 0x54, 
    0x5f, 0xad, 0x57, 0xff, 0xff, 0xee, 0xae, 0xae, 0xdf, 0xea, 0xd4, 0x44, 0x15, 0x44, 0x44, 0x04, 
    0x04, 0x04, 0x04, 0x44, 0x44, 0x44, 0x44, 0x04, 0x45, 0x09, 0x45, 0x04, 0x04, 0x04, 0x05, 0x95, 
    0x5a, 0x55, 0x55, 0x54, 0x45, 0x45, 0x44, 0x54, 0xaa, 0x66, 0x66, 0x66, 0x66, 0x66, 0x66, 0x66, 
    0x66, 0x55, 0x56, 0x55, 0x55, 0x56, 0x56, 0x56, 0x56, 0x56, 0x56, 0x56, 0x56, 0x56, 0x56, 0x56, 
    0x56, 0x56, 0x66, 0x66, 0x66, 0x66, 0x66, 0x66, 0x66, 0x66, 0x66, 0x66, 0x66, 0x66, 0x66, 0x66, 
    0x66, 0x66, 0x66, 0x66, 0xaa, 0xaa, 0x6a, 0xaa, 0xaa, 0xaa, 0x6a, 0xaa, 0xa9, 0x15, 0x15, 0x11, 
    0x15, 0x01, 0x01, 0x15, 0x55, 0x55, 0x55, 0x55, 0x15, 0x55, 0x51, 0x11, 0x15, 0x11, 0x11, 0x15, 
    0x55, 0x55, 0x55, 0x51, 0x01, 0x11, 0x11, 0x16, 0xe6, 0x55, 0x11, 0x11, 0x01, 0x11, 0x11, 0x11, 
    0x15, 0x55, 0x65, 0x15, 0x11, 0x11, 0x15, 0x15, 0x16, 0x00, 0x11, 0x11, 0x50, 0x00, 0x00, 0x00, 
    0x01, 0x11, 0x10, 0x15, 0x56, 0x56, 0x6b, 0xbf, 0xfb, 0xa6, 0x01, 0x10, 0x00, 0x15, 0x56, 0x7f, 
    0xa5, 0x55, 0x56, 0x56, 0x55, 0x1b, 0xa5, 0x11, 0x51, 0x11, 0x61, 0x1a, 0x55, 0x11, 0x11, 0x11, 
    0x11, 0x11, 0x15, 0x11, 0x10, 0x51, 0x01, 0x11, 0x66, 0xba, 0xaa, 0xb0, 0x01, 0x01, 0x00, 0x01, 
    0x01, 0x11, 0x11, 0x11, 0x11, 0x01, 0x11, 0x50, 0x06, 0xb9, 0x17, 0xbf, 0xfe, 0xbf, 0xaa, 0xa7, 
    0x6f, 0xfb, 0x41, 0x00, 0x19, 0x11, 0x01, 0x00, 0x00, 0x00, 0x00, 0x00, 0x00, 0x00, 0x00, 0x01, 
    0x11, 0x06, 0x51, 0x01, 0x00, 0x01, 0x01, 0x51, 0x15, 0x55, 0x16, 0x11, 0x11, 0x11, 0x01, 0x50, 
    0xaa, 0xaa, 0xaa, 0xaa, 0xaa, 0xaa, 0xaa, 0xaa, 0xa9, 0x95, 0x99, 0x99, 0x99, 0x95, 0x99, 0x99, 
    0x99, 0x99, 0x99, 0x99, 0x99, 0x99, 0x99, 0x99, 0x99, 0x99, 0x99, 0xa9, 0x99, 0xa9, 0x99, 0xa9, 
    0xa9, 0xa9, 0xa9, 0x99, 0xa9, 0x99, 0xa9, 0xa9, 0xa9, 0xaa, 0xaa, 0xaa, 0xea, 0xea, 0xaa, 0xea, 
    0xea, 0xea, 0xaa, 0xea, 0xaa, 0x55, 0x55, 0x54, 0x55, 0x44, 0x44, 0x55, 0x95, 0x95, 0x95, 0x95, 
    0x95, 0x95, 0x95, 0x55, 0x55, 0x55, 0x55, 0x55, 0x95, 0x95, 0x9a, 0x94, 0x54, 0x55, 0x54, 0x56, 
    0xf9, 0x95, 0x54, 0x55, 0x54, 0x54, 0x54, 0x54, 0x59, 0x99, 0x99, 0x55, 0x55, 0x55, 0x55, 0x55, 
    0x55, 0x40, 0x55, 0x55, 0x50, 0x44, 0x40, 0x40, 0x55, 0x54, 0x44, 0x55, 0x95, 0x99, 0x99, 0xff, 
    0xfe, 0xe9, 0x84, 0x54, 0x40, 0x59, 0x99, 0xaa, 0xe9, 0xaf, 0x99, 0x99, 0x99, 0x9f, 0xe9, 0x44, 
    0x94, 0x54, 0x54, 0x5a, 0x95, 0x54, 0x54, 0x44, 0x55, 0x55, 0x54, 0x55, 0x54, 0x84, 0x44, 0x55, 
    0x9a, 0xff, 0xee, 0xe8, 0x44, 0x44, 0x44, 0x44, 0x44, 0x44, 0x44, 0x55, 0x54, 0x95, 0x55, 0x84, 
    0x49, 0xa8, 0x4b, 0xff, 0xfe, 0xff, 0xfe, 0xeb, 0xbf, 0xfe, 0x44, 0x44, 0x65, 0x54, 0x44, 0x44, 
    0x40, 0x40, 0x40, 0x40, 0x44, 0x44, 0x44, 0x44, 0x45, 0x45, 0x94, 0x44, 0x40, 0x40, 0x40, 0x44, 
    0x45, 0x99, 0x59, 0x55, 0x55, 0x54, 0x55, 0x44, 0xaa, 0xa6, 0x66, 0x66, 0x66, 0x66, 0x66, 0x66, 
    0x66, 0x55, 0x55, 0x65, 0x65, 0x65, 0x65, 0x66, 0x66, 0x66, 0x66, 0x66, 0x66, 0x66, 0x66, 0x66, 
    0x66, 0x66, 0x66, 0x66, 0x66, 0x66, 0x66, 0x66, 0x66, 0x66, 0x66, 0x66, 0x66, 0x66, 0x66, 0x66, 
    0x66, 0x66, 0x66, 0x66, 0xa6, 0xba, 0xa6, 0xba, 0xaa, 0xa6, 0xa6, 0xaa, 0xaa, 0x51, 0x51, 0x51, 
    0x51, 0x51, 0x11, 0x15, 0x55, 0x55, 0x55, 0x55, 0x55, 0x15, 0x51, 0x51, 0x51, 0x11, 0x51, 0x11, 
    0x55, 0x55, 0x66, 0x91, 0x11, 0x11, 0x11, 0x55, 0xb9, 0x55, 0x51, 0x11, 0x11, 0x11, 0x11, 0x11, 
    0x26, 0x55, 0x65, 0x51, 0x51, 0x51, 0x55, 0x55, 0x55, 0x00, 0x11, 0x51, 0x40, 0x00, 0x00, 0x00, 
    0x11, 0x10, 0x01, 0x51, 0x55, 0x55, 0x66, 0xbf, 0xfb, 0xaa, 0x60, 0x10, 0x10, 0x16, 0x55, 0x55, 
    0x55, 0x6b, 0xa7, 0xa6, 0x65, 0x6b, 0xf9, 0x51, 0x11, 0x11, 0x11, 0x56, 0x55, 0x51, 0x11, 0x11, 
    0x11, 0x11, 0x11, 0x11, 0x15, 0x10, 0x11, 0x11, 0x67, 0xfb, 0xba, 0xa9, 0x11, 0x10, 0x10, 0x10, 
    0x10, 0x10, 0x11, 0x11, 0x11, 0xb5, 0x51, 0x50, 0x15, 0x65, 0x1b, 0xff, 0xfb, 0xff, 0xff, 0xea, 
    0xbf, 0xf9, 0x11, 0x11, 0x55, 0x55, 0x50, 0x00, 0x00, 0x00, 0x10, 0x00, 0x00, 0x00, 0x00, 0x01, 
    0x11, 0x01, 0x51, 0x01, 0x00, 0x00, 0x00, 0x01, 0x00, 0x15, 0x66, 0x51, 0x11, 0x51, 0x11, 0x11, 
    0xaa, 0xaa, 0xaa, 0x9a, 0x9a, 0x9a, 0x9a, 0xaa, 0xa9, 0x55, 0x59, 0x99, 0x59, 0x99, 0x99, 0x99, 
    0x99, 0x99, 0x99, 0x99, 0x99, 0x99, 0x99, 0x99, 0x99, 0x99, 0x99, 0x99, 0x99, 0x99, 0x99, 0x99, 
    0x99, 0x99, 0x99, 0x99, 0x99, 0x99, 0x99, 0x9a, 0x9a, 0xaa, 0xaa, 0xaa, 0x9a, 0xae, 0xaa, 0xaa, 
    0xaa, 0xaa, 0xea, 0xaa, 0xaa, 0x85, 0x55, 0x54, 0x55, 0x54, 0x44, 0x45, 0x55, 0x55, 0x55, 0x55, 
    0x55, 0x55, 0x55, 0x55, 0x55, 0x55, 0x55, 0x45, 0x59, 0x59, 0x9a, 0x85, 0x44, 0x45, 0x44, 0x59, 
    0x7d, 0x95, 0x44, 0x45, 0x45, 0x45, 0x45, 0x45, 0x56, 0x55, 0x99, 0x55, 0x55, 0x55, 0x55, 0x55, 
    0x59, 0x04, 0x55, 0x55, 0x44, 0x00, 0x00, 0x00, 0x55, 0x44, 0x05, 0x55, 0x55, 0x59, 0x9a, 0xff, 
    0x9a, 0xaa, 0xa8, 0x45, 0x44, 0x06, 0xad, 0x99, 0x59, 0x99, 0x9b, 0xfe, 0x99, 0x9b, 0xfd, 0x44, 
    0x44, 0x45, 0x45, 0x95, 0x95, 0x45, 0x55, 0x44, 0x44, 0x45, 0x44, 0x45, 0x44, 0x44, 0x44, 0x45, 
    0x5f, 0xee, 0xee, 0xed, 0x54, 0x44, 0x44, 0x44, 0x44, 0x44, 0x44, 0x44, 0x45, 0xee, 0xa9, 0x44, 
    0x19, 0x94, 0x59, 0xaf, 0xeb, 0xff, 0xff, 0xed, 0xef, 0xfc, 0x44, 0x45, 0x95, 0x55, 0x54, 0x44, 
    0x04, 0x44, 0x45, 0x44, 0x00, 0x44, 0x04, 0x44, 0x44, 0x44, 0x45, 0x40, 0x04, 0x44, 0x44, 0x04, 
    0x44, 0x45, 0x99, 0x95, 0x55, 0x54, 0x44, 0x44, 0x6a, 0x66, 0x66, 0x66, 0x66, 0x66, 0x66, 0x66, 
    0x66, 0x55, 0x15, 0x56, 0x55, 0x56, 0x56, 0x56, 0x56, 0x56, 0x56, 0x56, 0x56, 0x56, 0x56, 0x56, 
    0x56, 0x66, 0x66, 0x66, 0x56, 0x66, 0x66, 0x66, 0x66, 0x66, 0x66, 0x66, 0x66, 0x66, 0x66, 0x66, 
    0x66, 0x66, 0x66, 0x66, 0x66, 0x6a, 0xaa, 0xaa, 0x6a, 0x66, 0xaa, 0x6a, 0x6a, 0xa1, 0x15, 0x15, 
    0x15, 0x15, 0x11, 0x11, 0x55, 0x55, 0x55, 0x55, 0x55, 0x55, 0x51, 0x11, 0x11, 0x11, 0x11, 0x01, 
    0x55, 0x55, 0x56, 0x55, 0x11, 0x01, 0x01, 0x55, 0x59, 0x55, 0x01, 0x11, 0x11, 0x11, 0x11, 0x11, 
    0x16, 0x56, 0x65, 0x11, 0x11, 0x11, 0x15, 0x15, 0x15, 0x01, 0x11, 0x15, 0x00, 0x00, 0x00, 0x01, 
    0x10, 0x00, 0x01, 0x55, 0x56, 0x15, 0x7b, 0xfb, 0xa6, 0x66, 0xa9, 0x01, 0x50, 0x01, 0x7e, 0xb9, 
    0x55, 0x55, 0x56, 0xba, 0x5b, 0xab, 0xb9, 0x11, 0x11, 0x11, 0x11, 0x11, 0x51, 0x11, 0x11, 0x51, 
    0x11, 0x11, 0x11, 0x11, 0x11, 0x11, 0x11, 0x11, 0x6f, 0xbb, 0xab, 0xbd, 0x55, 0x11, 0x11, 0x11, 
    0x00, 0x01, 0x11, 0x01, 0x11, 0xeb, 0x55, 0x00, 0x15, 0x50, 0x26, 0x66, 0xa6, 0xbf, 0xff, 0xa6, 
    0x56, 0xb5, 0x11, 0x16, 0x15, 0x55, 0x50, 0x00, 0x01, 0x11, 0x11, 0x11, 0x00, 0x00, 0x00, 0x00, 
    0x11, 0x00, 0x00, 0x00, 0x00, 0x00, 0x00, 0x00, 0x01, 0x01, 0x16, 0x51, 0x11, 0x11, 0x15, 0x00, 
    0xaa, 0xaa, 0xaa, 0xaa, 0xaa, 0xaa, 0xaa, 0xaa, 0xaa, 0x95, 0x55, 0x55, 0x95, 0x99, 0x99, 0x99, 
    0x99, 0x99, 0x99, 0x99, 0x99, 0x99, 0x99, 0x99, 0x99, 0x99, 0x99, 0x99, 0x9a, 0x99, 0x99, 0x99, 
    0x99, 0x99, 0x99, 0x99, 0x99, 0xa9, 0x99, 0xa9, 0xaa, 0xaa, 0xaa, 0xa9, 0xaa, 0xaa, 0xee, 0xea, 
    0xaa, 0xaa, 0xaa, 0xaa, 0xaa, 0xa8, 0x55, 0x55, 0x55, 0x55, 0x44, 0x45, 0x95, 0x95, 0x95, 0x95, 
    0x95, 0x55, 0x55, 0x55, 0x55, 0x55, 0x55, 0x54, 0x55, 0x99, 0x9a, 0x99, 0x54, 0x54, 0x44, 0x59, 
    0x94, 0x95, 0x44, 0x54, 0x54, 0x54, 0x54, 0x54, 0x95, 0x95, 0xa9, 0x55, 0x55, 0x55, 0x55, 0x55, 
    0x58, 0x40, 0x54, 0x54, 0x40, 0x40, 0x40, 0x44, 0x44, 0x44, 0x45, 0x5a, 0x59, 0x59, 0xaa, 0xfe, 
    0x99, 0x99, 0xaa, 0x44, 0x44, 0x44, 0xbd, 0xfd, 0x99, 0x99, 0x99, 0x99, 0x9e, 0xff, 0xf9, 0x45, 
    0x95, 0x55, 0x54, 0x54, 0xa5, 0x54, 0x55, 0x54, 0x54, 0x54, 0x54, 0x54, 0x54, 0x54, 0x55, 0x59, 
    0xbf, 0xff, 0xee, 0xfd, 0x55, 0x54, 0x44, 0x54, 0x44, 0x44, 0x54, 0x44, 0x45, 0xeb, 0x94, 0x44, 
    0x55, 0x94, 0x69, 0x99, 0x9a, 0xff, 0xff, 0xa6, 0x9a, 0xe4, 0x54, 0x59, 0x55, 0x55, 0x94, 0x40, 
    0x55, 0x54, 0x55, 0x55, 0x40, 0x44, 0x40, 0x44, 0x54, 0x40, 0x44, 0x40, 0x40, 0x40, 0x44, 0x40, 
    0x44, 0x44, 0x6a, 0xa9, 0x55, 0x55, 0x54, 0x44, 0xa6, 0xa6, 0x66, 0x66, 0x66, 0x66, 0x66, 0x66, 
    0x66, 0x55, 0x55, 0x55, 0x55, 0x55, 0x66, 0x66, 0x66, 0x66, 0x66, 0x66, 0x66, 0x66, 0x66, 0x66, 
    0x66, 0x66, 0x56, 0x66, 0x6b, 0xa6, 0x66, 0x66, 0x66, 0x66, 0x66, 0x66, 0x66, 0x66, 0x66, 0x66, 
    0x66, 0x66, 0x66, 0x65, 0x66, 0xaa, 0xaa, 0xa6, 0xaa, 0xa6, 0xba, 0xa6, 0xaa, 0xa9, 0x15, 0x55, 
    0x11, 0x51, 0x51, 0x11, 0x55, 0x55, 0x55, 0x55, 0x55, 0x55, 0x51, 0x51, 0x51, 0x51, 0x15, 0x11, 
    0x15, 0x55, 0x66, 0x55, 0x11, 0x11, 0x10, 0x56, 0x51, 0x55, 0x11, 0x11, 0x11, 0x11, 0x11, 0x11, 
    0x51, 0x56, 0x66, 0x51, 0x51, 0x51, 0x55, 0x55, 0x54, 0x01, 0x11, 0x50, 0x00, 0x00, 0x00, 0x01, 
    0x00, 0x00, 0x12, 0x56, 0x55, 0x55, 0xba, 0xaa, 0x66, 0xa6, 0x65, 0x40, 0x11, 0x00, 0x25, 0x6a, 
    0x66, 0xba, 0x55, 0x55, 0x56, 0xbb, 0xf1, 0x11, 0x15, 0x51, 0x11, 0x11, 0x25, 0x11, 0x11, 0x6a, 
    0x11, 0x11, 0x11, 0x11, 0x11, 0x11, 0x51, 0x1a, 0xbf, 0xff, 0xfb, 0xbe, 0x51, 0x10, 0x51, 0x11, 
    0x10, 0x11, 0x11, 0x11, 0x12, 0xf6, 0x55, 0x10, 0x15, 0x55, 0x26, 0x66, 0x56, 0xbf, 0xff, 0x57, 
    0xbb, 0xe1, 0x10, 0x15, 0x55, 0x55, 0x50, 0x01, 0x11, 0x11, 0x11, 0x11, 0x10, 0x00, 0x00, 0x00, 
    0x10, 0x00, 0x11, 0x00, 0x00, 0x10, 0x00, 0x00, 0x10, 0x01, 0x2a, 0xa9, 0x51, 0x11, 0x50, 0x00, 
    0xaa, 0xaa, 0xaa, 0x9a, 0x9a, 0x9a, 0x9a, 0x9a, 0xaa, 0xa9, 0x59, 0x55, 0x55, 0x55, 0x59, 0x99, 
    0x99, 0x99, 0x99, 0x99, 0x99, 0x99, 0x99, 0x99, 0x99, 0x99, 0x99, 0x99, 0x9b, 0xe9, 0x99, 0x99, 
    0x99, 0x99, 0x99, 0x99, 0x99, 0x99, 0x99, 0x9a, 0x9a, 0xaa, 0x9a, 0x9a, 0x9a, 0xaa, 0xae, 0xea, 
    0xaa, 0xaa, 0xae, 0xaa, 0xa6, 0xaa, 0x55, 0x55, 0x45, 0x55, 0x55, 0x54, 0x55, 0x55, 0x55, 0x55, 
    0x55, 0x55, 0x55, 0x55, 0x55, 0x55, 0x55, 0x55, 0x59, 0x59, 0x99, 0x59, 0x45, 0x44, 0x44, 0x59, 
    0x94, 0x54, 0x44, 0x45, 0x45, 0x45, 0x45, 0x45, 0x55, 0x95, 0xaa, 0x55, 0x55, 0x55, 0x55, 0x55, 
    0x58, 0x05, 0x45, 0x44, 0x04, 0x04, 0x04, 0x04, 0x04, 0x05, 0x55, 0x59, 0x55, 0x55, 0xb9, 0xa9, 
    0x59, 0x99, 0xaa, 0x95, 0x44, 0x44, 0x0a, 0xe9, 0x9a, 0xaf, 0x99, 0x59, 0x59, 0x9b, 0xd5, 0x4b, 
    0xe9, 0x44, 0x44, 0x44, 0x49, 0x44, 0x49, 0xa9, 0x55, 0x44, 0x55, 0x55, 0x54, 0x44, 0x45, 0x55, 
    0xff, 0xff, 0xfe, 0xfe, 0x55, 0x44, 0x55, 0x55, 0x44, 0x44, 0x44, 0x44, 0x46, 0xe9, 0x55, 0x54, 
    0x55, 0x99, 0x69, 0x99, 0x99, 0xae, 0xfe, 0x4e, 0x9f, 0xd5, 0x44, 0x55, 0x55, 0x55, 0x6d, 0x44, 
    0x55, 0x44, 0x45, 0x55, 0x54, 0x04, 0x04, 0x04, 0x44, 0x44, 0x44, 0x04, 0x04, 0x04, 0x04, 0x04, 
    0x04, 0x05, 0x5e, 0xa9, 0x55, 0x45, 0x84, 0x44, 0x66, 0x66, 0x66, 0x66, 0x66, 0x66, 0x66, 0x66, 
    0x66, 0x66, 0x65, 0x15, 0x15, 0x15, 0x56, 0x56, 0x56, 0x56, 0x56, 0x56, 0x56, 0x56, 0x56, 0x56, 
    0x56, 0x56, 0x56, 0x56, 0x66, 0xa6, 0x66, 0x66, 0x66, 0x66, 0x66, 0x66, 0x66, 0x66, 0x66, 0x66, 
    0x66, 0x66, 0xa6, 0x66, 0x66, 0x66, 0xaa, 0xaa, 0x6a, 0x66, 0x6a, 0x66, 0x65, 0xaa, 0x45, 0x15, 
    0x11, 0x15, 0x15, 0x11, 0x15, 0x55, 0x55, 0x55, 0x55, 0x55, 0x11, 0x15, 0x11, 0x15, 0x15, 0x11, 
    0x15, 0x55, 0x55, 0x11, 0x11, 0x11, 0x10, 0x56, 0x55, 0x11, 0x01, 0x01, 0x11, 0x11, 0x11, 0x11, 
    0x15, 0x66, 0x66, 0x11, 0x11, 0x15, 0x15, 0x15, 0x14, 0x01, 0x11, 0x00, 0x00, 0x00, 0x00, 0x00, 
    0x01, 0x56, 0x55, 0x19, 0x25, 0x15, 0x66, 0x65, 0x56, 0x56, 0x6a, 0x65, 0x01, 0x00, 0x06, 0xb6, 
    0x66, 0x6a, 0x51, 0x56, 0x55, 0x67, 0x91, 0x16, 0x6b, 0xa1, 0x00, 0x00, 0x05, 0x01, 0x15, 0x55, 
    0x11, 0x11, 0xa1, 0x11, 0x11, 0x01, 0x11, 0x12, 0xab, 0xbb, 0xbb, 0xb9, 0x11, 0x01, 0x55, 0x55, 
    0x11, 0x01, 0x11, 0x01, 0x13, 0xba, 0x55, 0x15, 0x11, 0x19, 0x26, 0x55, 0x16, 0x66, 0x6a, 0x1a, 
    0x6b, 0x91, 0x00, 0x11, 0x15, 0x55, 0x7d, 0x11, 0x11, 0x11, 0x11, 0x11, 0x11, 0x00, 0x00, 0x01, 
    0x01, 0x00, 0x00, 0x00, 0x00, 0x00, 0x00, 0x00, 0x00, 0x01, 0x1a, 0x66, 0x51, 0x11, 0x01, 0x01, 
    0xaa, 0xaa, 0xaa, 0xaa, 0xaa, 0xaa, 0xaa, 0xaa, 0xaa, 0xaa, 0xa9, 0x55, 0x55, 0x59, 0x99, 0x99, 
    0x99, 0x99, 0x99, 0x99, 0x99, 0x99, 0x99, 0x99, 0x99, 0x99, 0x99, 0x99, 0x99, 0xa9, 0x99, 0x99, 
    0x99, 0x99, 0x99, 0x99, 0x99, 0x99, 0xa9, 0xa9, 0xaa, 0xaa, 0xaa, 0xaa, 0xaa, 0xaa, 0xee, 0xaa, 
    0xaa, 0xaa, 0xae, 0xaa, 0xa9, 0xaa, 0xd5, 0x55, 0x55, 0x55, 0x55, 0x55, 0x55, 0x95, 0x95, 0x95, 
    0x95, 0x95, 0x55, 0x55, 0x55, 0x55, 0x59, 0x54, 0x55, 0x99, 0x99, 0x45, 0x55, 0x55, 0x44, 0x99, 
    0x98, 0x54, 0x44, 0x44, 0x54, 0x54, 0x54, 0x55, 0x55, 0x65, 0xa9, 0x95, 0x55, 0x59, 0x55, 0x55, 
    0x58, 0x44, 0x45, 0x40, 0x40, 0x40, 0x44, 0x44, 0x55, 0x96, 0x95, 0x55, 0x55, 0x55, 0x55, 0xa9, 
    0x9a, 0x99, 0x99, 0x98, 0x44, 0x54, 0x46, 0xf9, 0xaa, 0xa9, 0x95, 0x9a, 0xed, 0x9b, 0xd4, 0x5e, 
    0x44, 0x44, 0x44, 0x44, 0x46, 0x44, 0x44, 0x55, 0x55, 0x54, 0x54, 0x55, 0x94, 0x55, 0x55, 0x57, 
    0xef, 0xfe, 0x95, 0xe9, 0x55, 0x45, 0x55, 0x95, 0x99, 0x54, 0x44, 0x54, 0x57, 0xf9, 0x55, 0x55, 
    0x55, 0x49, 0x69, 0x99, 0x59, 0x99, 0x99, 0x59, 0x9f, 0x94, 0x44, 0x95, 0x55, 0x99, 0xf8, 0x55, 
    0x55, 0x54, 0x44, 0x55, 0x55, 0x40, 0x40, 0x40, 0x44, 0x50, 0x40, 0x44, 0x40, 0x44, 0x44, 0x40, 
    0x40, 0x40, 0x56, 0xaa, 0x94, 0x55, 0x44, 0x44, 0xa6, 0xa6, 0x66, 0x66, 0x66, 0x66, 0x66, 0x66, 
    0x66, 0x66, 0x65, 0x51, 0x55, 0x65, 0x66, 0x65, 0x65, 0x65, 0x65, 0x65, 0x66, 0x66, 0x66, 0x66, 
    0x65, 0x66, 0x66, 0x65, 0x66, 0x66, 0x66, 0x66, 0x66, 0x66, 0x66, 0x66, 0x66, 0x66, 0x66, 0x66, 
    0x66, 0x66, 0x7a, 0x66, 0x66, 0x66, 0xba, 0xaa, 0xa6, 0x66, 0x66, 0xa6, 0xa6, 0xaa, 0xa1, 0x55, 
    0x51, 0x11, 0x51, 0x51, 0x15, 0x55, 0x51, 0x55, 0x55, 0x55, 0x51, 0x51, 0x51, 0x15, 0x55, 0x55, 
    0x15, 0x55, 0x55, 0x11, 0x11, 0x11, 0x10, 0x66, 0x54, 0x11, 0x11, 0x11, 0x11, 0x11, 0x11, 0x11, 
    0x55, 0x65, 0x66, 0x51, 0x51, 0x55, 0x55, 0x55, 0x54, 0x11, 0x11, 0x00, 0x00, 0x00, 0x10, 0x01, 
    0x55, 0x51, 0x55, 0x55, 0x11, 0x55, 0x55, 0x65, 0x66, 0x66, 0x66, 0x66, 0x11, 0x50, 0x01, 0xa6, 
    0x6a, 0xba, 0x55, 0x67, 0xaa, 0x67, 0x91, 0x11, 0x11, 0x11, 0x11, 0x10, 0x02, 0x50, 0x11, 0x51, 
    0x11, 0x11, 0x11, 0x11, 0x51, 0x11, 0x11, 0x5b, 0xba, 0x51, 0x11, 0x51, 0x51, 0x11, 0x51, 0x51, 
    0x51, 0x11, 0x11, 0x11, 0x17, 0xf7, 0x51, 0x51, 0x51, 0xb5, 0x79, 0x65, 0x15, 0x55, 0x55, 0x15, 
    0x6b, 0x51, 0x11, 0x51, 0x55, 0x56, 0xf1, 0x11, 0x11, 0x10, 0x00, 0x01, 0x11, 0x10, 0x00, 0x00, 
    0x01, 0x10, 0x00, 0x00, 0x00, 0x00, 0x00, 0x00, 0x00, 0x00, 0x12, 0xa6, 0x50, 0x15, 0x10, 0x10, 
    0x9a, 0xaa, 0xaa, 0x9a, 0x9a, 0x9a, 0x9a, 0x9a, 0xaa, 0xaa, 0x99, 0x55, 0x55, 0x99, 0x99, 0x99, 
    0x99, 0x99, 0x99, 0x99, 0x99, 0x99, 0x99, 0x99, 0x99, 0x99, 0x99, 0x99, 0x99, 0x99, 0x99, 0x99, 
    0x99, 0x99, 0x99, 0x99, 0x99, 0x99, 0x99, 0x95, 0x9a, 0x9a, 0xaa, 0xa6, 0x9a, 0x9a, 0xae, 0xee, 
    0xaa, 0x9a, 0x9a, 0xaa, 0xa9, 0x6a, 0xa8, 0x55, 0x55, 0x55, 0x55, 0x55, 0x45, 0x55, 0x59, 0x59, 
    0x55, 0x55, 0x55, 0x55, 0x55, 0x55, 0x95, 0x55, 0x49, 0x59, 0x59, 0x45, 0x45, 0x45, 0x44, 0x5a, 
    0x98, 0x54, 0x44, 0x45, 0x45, 0x45, 0x45, 0x45, 0x55, 0x99, 0x99, 0x95, 0x55, 0x55, 0x55, 0x55, 
    0x58, 0x04, 0x44, 0x04, 0x00, 0x00, 0x44, 0x5d, 0xad, 0x55, 0x55, 0x55, 0x55, 0x45, 0x55, 0x55, 
    0x59, 0x99, 0x99, 0x99, 0x85, 0x5d, 0x44, 0x6a, 0xae, 0xed, 0x99, 0x9a, 0xae, 0x9b, 0x84, 0x44, 
    0x44, 0x44, 0x44, 0x44, 0x45, 0x84, 0x45, 0x85, 0x44, 0x45, 0x45, 0x55, 0x6a, 0x44, 0x45, 0x59, 
    0x55, 0x54, 0x44, 0x45, 0x55, 0x45, 0x95, 0x45, 0x55, 0x44, 0x44, 0x44, 0x47, 0xeb, 0x95, 0x55, 
    0x55, 0xbe, 0x6d, 0x99, 0x59, 0x99, 0x99, 0x59, 0x5a, 0x44, 0x45, 0x45, 0x99, 0x5b, 0xd5, 0x45, 
    0x44, 0x44, 0x44, 0x44, 0x55, 0x54, 0x04, 0x04, 0x45, 0x44, 0x04, 0x04, 0x44, 0x04, 0x04, 0x04, 
    0x00, 0x44, 0x55, 0xea, 0x94, 0x58, 0x44, 0x44, 0x66, 0x66, 0x66, 0x66, 0x66, 0x66, 0x66, 0x66, 
    0x66, 0x66, 0x55, 0x15, 0x15, 0x56, 0x56, 0x56, 0x56, 0x56, 0x56, 0x56, 0x56, 0x56, 0x56, 0x56, 
    0x56, 0x56, 0x56, 0x56, 0x56, 0x66, 0x66, 0x56, 0x66, 0x56, 0x56, 0x66, 0x66, 0x66, 0x66, 0x66, 
    0x66, 0x66, 0x66, 0x96, 0x66, 0x66, 0x6a, 0xaa, 0x66, 0x66, 0x66, 0x6a, 0x6a, 0x16, 0xaa, 0x15, 
    0x11, 0x15, 0x15, 0x15, 0x11, 0x55, 0x55, 0x15, 0x15, 0x55, 0x55, 0x15, 0x15, 0x15, 0x95, 0x55, 
    0x15, 0x55, 0x55, 0x11, 0x11, 0x11, 0x10, 0x15, 0x66, 0x11, 0x11, 0x01, 0x11, 0x11, 0x11, 0x15, 
    0x16, 0x5a, 0x66, 0x51, 0x11, 0x15, 0x55, 0x55, 0x50, 0x11, 0x10, 0x01, 0x00, 0x00, 0x02, 0xa9, 
    0x65, 0x51, 0x11, 0x25, 0x55, 0x55, 0x01, 0x15, 0x15, 0x56, 0x65, 0x6a, 0x51, 0x19, 0x01, 0x16, 
    0x66, 0xa6, 0x56, 0x66, 0x6a, 0x67, 0x45, 0x51, 0x01, 0x01, 0x11, 0x01, 0x01, 0x90, 0x01, 0x01, 
    0x11, 0x11, 0x11, 0x11, 0x25, 0x11, 0x11, 0x11, 0x11, 0x11, 0x11, 0x11, 0x11, 0x11, 0x55, 0x16, 
    0x51, 0x11, 0x01, 0x01, 0x17, 0xa7, 0x95, 0x15, 0x15, 0x7e, 0x3e, 0x55, 0x55, 0x55, 0x55, 0x15, 
    0x56, 0x11, 0x01, 0x01, 0xba, 0x5b, 0x91, 0x51, 0x10, 0x01, 0x11, 0x00, 0x15, 0x10, 0x00, 0x00, 
    0x01, 0x10, 0x00, 0x00, 0x11, 0x00, 0x00, 0x00, 0x00, 0x00, 0x11, 0xa6, 0x51, 0x10, 0x01, 0x01, 
    0xaa, 0xaa, 0xaa, 0xaa, 0xaa, 0xaa, 0xaa, 0xaa, 0xaa, 0xaa, 0x95, 0x55, 0x55, 0x59, 0x99, 0x99, 
    0x99, 0x99, 0x99, 0x99, 0x99, 0x99, 0x99, 0x99, 0x99, 0x99, 0x99, 0x99, 0x99, 0xa9, 0x99, 0x99, 
    0x99, 0x99, 0x99, 0x99, 0x99, 0xa9, 0xa9, 0xa9, 0xa9, 0xaa, 0xaa, 0x95, 0xaa, 0xaa, 0xae, 0xaa, 
    0xe9, 0xaa, 0xaa, 0xae, 0xa9, 0x46, 0xaa, 0x85, 0x55, 0x55, 0x55, 0x55, 0x54, 0x55, 0x55, 0x55, 
    0x55, 0x95, 0x95, 0x55, 0x55, 0x55, 0xa9, 0x55, 0x45, 0x95, 0x94, 0x54, 0x55, 0x55, 0x54, 0x59, 
    0x95, 0x94, 0x44, 0x54, 0x54, 0x54, 0x44, 0x55, 0x9a, 0x9a, 0xa9, 0x95, 0x55, 0x55, 0x95, 0x55, 
    0x54, 0x54, 0x40, 0x54, 0x40, 0x44, 0x5b, 0xe9, 0x99, 0x96, 0x59, 0x55, 0x95, 0x55, 0x55, 0x55, 
    0xa9, 0x99, 0x99, 0xaa, 0xa4, 0x54, 0x44, 0x45, 0xaa, 0xa9, 0x99, 0xae, 0xe9, 0x9b, 0x46, 0xfd, 
    0x44, 0x44, 0x44, 0x44, 0x45, 0xa4, 0x44, 0x44, 0x44, 0x55, 0x94, 0x55, 0x54, 0x54, 0x55, 0x54, 
    0x54, 0x55, 0x55, 0x54, 0x44, 0x44, 0x5a, 0x5a, 0xd4, 0x44, 0x44, 0x45, 0x5b, 0xef, 0xd5, 0x55, 
    0x54, 0x7e, 0x6e, 0x9a, 0x59, 0x99, 0x94, 0x55, 0x99, 0x44, 0x45, 0x45, 0xff, 0xdf, 0x55, 0x55, 
    0x54, 0x55, 0x55, 0x54, 0x45, 0x54, 0x40, 0x40, 0x44, 0x44, 0x40, 0x44, 0x4a, 0x40, 0x44, 0x40, 
    0x40, 0x44, 0x45, 0xea, 0x95, 0x94, 0x44, 0x44, 0x65, 0x56, 0x66, 0x66, 0x66, 0x66, 0x66, 0x66, 
    0x66, 0x66, 0x55, 0x51, 0x51, 0x55, 0x65, 0x66, 0x65, 0x65, 0x65, 0x66, 0x66, 0x65, 0x66, 0x66, 
    0x66, 0x66, 0x56, 0x65, 0x66, 0x65, 0x66, 0x66, 0x66, 0x66, 0x66, 0x66, 0x66, 0x66, 0x66, 0x66, 
    0x66, 0x66, 0x67, 0xa5, 0x66, 0xa6, 0x6a, 0x66, 0xaa, 0x66, 0x66, 0xab, 0xa5, 0x12, 0xaa, 0xa1, 
    0x51, 0x11, 0x51, 0x51, 0x51, 0x11, 0x51, 0x55, 0x51, 0x56, 0x51, 0x11, 0x51, 0x51, 0x66, 0x55, 
    0x15, 0x55, 0x51, 0x11, 0x11, 0x11, 0x50, 0x05, 0x60, 0x51, 0x10, 0x11, 0x11, 0x11, 0x11, 0x51, 
    0x66, 0x66, 0x66, 0x51, 0x11, 0x15, 0x55, 0x55, 0x60, 0x11, 0x00, 0x10, 0x01, 0x01, 0x52, 0xb5, 
    0x55, 0x56, 0x56, 0xa5, 0x55, 0x51, 0x51, 0x51, 0x69, 0x69, 0x66, 0x66, 0xa5, 0x51, 0x50, 0x12, 
    0xb6, 0xa6, 0x65, 0x6a, 0xb6, 0xa7, 0x15, 0x6a, 0x65, 0x50, 0x11, 0x10, 0x11, 0x64, 0x10, 0x11, 
    0x10, 0x11, 0x55, 0x51, 0x50, 0x11, 0x11, 0x51, 0x11, 0x11, 0x15, 0x51, 0x10, 0x10, 0x16, 0x55, 
    0x51, 0x11, 0x11, 0x11, 0x97, 0xeb, 0xe5, 0x55, 0x55, 0x29, 0x27, 0xa5, 0x55, 0x55, 0x55, 0x15, 
    0x55, 0x11, 0x11, 0x12, 0xff, 0x9a, 0x11, 0x11, 0x51, 0x51, 0x00, 0x11, 0x01, 0x10, 0x00, 0x00, 
    0x01, 0x10, 0x40, 0x50, 0x16, 0x80, 0x00, 0x00, 0x10, 0x10, 0x01, 0x7a, 0x55, 0x50, 0x10, 0x11, 
    0x59, 0x5a, 0xaa, 0x9a, 0x9a, 0x9a, 0x9a, 0x9a, 0x9a, 0xaa, 0x95, 0x55, 0x55, 0x55, 0x59, 0x99, 
    0x99, 0x99, 0x99, 0x99, 0x99, 0x99, 0x99, 0x99, 0x99, 0x9a, 0xd9, 0x99, 0x99, 0x99, 0x99, 0x99, 
    0x99, 0x99, 0x99, 0x99, 0x99, 0x99, 0xa9, 0x99, 0x99, 0x9a, 0xaa, 0x9a, 0xaa, 0xe9, 0xa9, 0x99, 
    0x9a, 0x9a, 0x9a, 0xaf, 0xea, 0x85, 0xaa, 0xa8, 0x55, 0x45, 0x55, 0x55, 0x55, 0x45, 0x55, 0x55, 
    0x55, 0x55, 0x55, 0x55, 0x55, 0x55, 0x5a, 0x95, 0x45, 0x59, 0x54, 0x44, 0x55, 0x55, 0x44, 0x45, 
    0x94, 0x54, 0x44, 0x45, 0x45, 0x45, 0x45, 0x99, 0x99, 0x46, 0x9a, 0x94, 0x54, 0x55, 0x55, 0x55, 
    0x54, 0x44, 0x04, 0x04, 0x04, 0x4a, 0xd5, 0x95, 0x55, 0x55, 0x56, 0x9a, 0x55, 0x55, 0x95, 0x55, 
    0x55, 0x59, 0x99, 0xaa, 0xea, 0x45, 0x44, 0x04, 0xaa, 0xa9, 0x99, 0x9e, 0xea, 0xaa, 0x59, 0xa9, 
    0x45, 0xae, 0x94, 0x44, 0x45, 0x59, 0x44, 0x44, 0x45, 0x95, 0x55, 0x55, 0x54, 0x45, 0x55, 0x55, 
    0x45, 0x45, 0x55, 0x45, 0x44, 0x44, 0x44, 0x45, 0x44, 0x44, 0x44, 0x45, 0x9b, 0xff, 0xf9, 0x55, 
    0x54, 0x55, 0x5f, 0xe9, 0x59, 0x59, 0x55, 0x54, 0x59, 0x44, 0x44, 0x47, 0xff, 0x84, 0x55, 0x45, 
    0xd5, 0x94, 0x04, 0x04, 0x45, 0x54, 0x04, 0x04, 0x44, 0x44, 0x54, 0x44, 0x5a, 0x84, 0x04, 0x44, 
    0x04, 0x54, 0x45, 0x6e, 0x55, 0x84, 0x44, 0x44, 0x55, 0x56, 0x66, 0x66, 0x66, 0x66, 0x66, 0x66, 
    0x66, 0x66, 0x65, 0x15, 0x15, 0x15, 0x56, 0x55, 0x56, 0x56, 0x55, 0x56, 0x15, 0x56, 0x56, 0x56, 
    0x56, 0x66, 0xe6, 0x56, 0x56, 0x66, 0x56, 0x56, 0x66, 0x66, 0x66, 0x66, 0x66, 0x66, 0x6a, 0x66, 
    0x66, 0x66, 0x66, 0x66, 0x6a, 0xaa, 0xa6, 0x66, 0x66, 0x66, 0x66, 0x6b, 0xaa, 0x65, 0x6a, 0xaa, 
    0x15, 0x11, 0x15, 0x15, 0x15, 0x51, 0x15, 0x11, 0x15, 0x15, 0x15, 0x11, 0x15, 0x15, 0x16, 0x55, 
    0x01, 0x55, 0x51, 0x11, 0x11, 0x11, 0x10, 0x00, 0x50, 0x11, 0x11, 0x11, 0x12, 0x51, 0x12, 0x16, 
    0x55, 0x12, 0x66, 0x51, 0x11, 0x55, 0x55, 0x11, 0x61, 0x10, 0x00, 0x01, 0x11, 0x56, 0x55, 0x15, 
    0x15, 0x15, 0x55, 0x55, 0x55, 0x65, 0x55, 0x55, 0x51, 0x55, 0x55, 0x66, 0xa6, 0x41, 0x11, 0x00, 
    0x26, 0x66, 0x56, 0x66, 0xa6, 0x65, 0x15, 0x5a, 0x11, 0x16, 0x65, 0x11, 0x01, 0x55, 0x01, 0x01, 
    0x12, 0xaa, 0x55, 0x15, 0x11, 0x11, 0x16, 0x55, 0x11, 0x11, 0x15, 0x11, 0x01, 0x11, 0x11, 0x11, 
    0x01, 0x11, 0x11, 0x11, 0x17, 0xbb, 0xb9, 0x55, 0x55, 0x11, 0x02, 0xb9, 0x15, 0x55, 0x51, 0x10, 
    0x15, 0x01, 0x00, 0x03, 0xfb, 0x40, 0x11, 0x11, 0x47, 0x80, 0x00, 0x01, 0x01, 0x11, 0x00, 0x01, 
    0x01, 0x10, 0x15, 0x10, 0x15, 0x01, 0x00, 0x00, 0x00, 0x10, 0x00, 0x25, 0x16, 0x01, 0x01, 0x11, 
    0x55, 0x95, 0xaa, 0xaa, 0xaa, 0xaa, 0xaa, 0xaa, 0xaa, 0xaa, 0xa9, 0x55, 0x55, 0x95, 0x55, 0x99, 
    0x59, 0x99, 0x99, 0x59, 0x95, 0x99, 0x99, 0x99, 0x99, 0x9a, 0xf9, 0x99, 0x99, 0x99, 0x99, 0x99, 
    0x99, 0x99, 0x99, 0x99, 0x99, 0x99, 0xa9, 0xa9, 0xa9, 0x99, 0xa9, 0xaa, 0xaa, 0xaa, 0xe9, 0xa9, 
    0xa9, 0xaa, 0xaa, 0xaa, 0xea, 0xa9, 0xaa, 0xee, 0x85, 0x55, 0x55, 0x55, 0x55, 0x94, 0x55, 0x55, 
    0x55, 0x55, 0x55, 0x55, 0x55, 0x55, 0x55, 0x95, 0x55, 0x95, 0x94, 0x54, 0x55, 0x55, 0x54, 0x40, 
    0x40, 0x54, 0x44, 0x54, 0x55, 0x54, 0x59, 0xa9, 0x94, 0x55, 0xaa, 0x94, 0x45, 0x95, 0x95, 0x55, 
    0x90, 0x40, 0x40, 0x44, 0x4a, 0xfe, 0x95, 0x95, 0x55, 0x55, 0x99, 0x99, 0x95, 0xbd, 0xa9, 0x55, 
    0x95, 0x99, 0x99, 0x99, 0xa9, 0xd4, 0x44, 0x44, 0x59, 0x99, 0x99, 0xaa, 0xe9, 0xa9, 0xa9, 0x95, 
    0x54, 0x54, 0x54, 0x55, 0x54, 0x59, 0x44, 0x44, 0x56, 0xea, 0xee, 0x95, 0x95, 0x54, 0x54, 0x55, 
    0x55, 0x55, 0x55, 0x54, 0x44, 0x55, 0x55, 0x54, 0x44, 0x44, 0x44, 0x55, 0x5b, 0xff, 0xfd, 0x95, 
    0x54, 0x55, 0x44, 0x54, 0x69, 0x95, 0x45, 0x54, 0x48, 0x44, 0x44, 0x47, 0xda, 0x44, 0x55, 0x54, 
    0x4a, 0x40, 0x40, 0x44, 0x85, 0x54, 0x40, 0x44, 0x40, 0x44, 0x45, 0x54, 0x44, 0x65, 0x44, 0x44, 
    0x40, 0x45, 0x44, 0x5d, 0x59, 0x44, 0x44, 0x95, 0x55, 0x55, 0x66, 0x66, 0x66, 0x66, 0x66, 0x66, 
    0x66, 0x66, 0x65, 0x51, 0x51, 0x66, 0x51, 0x51, 0x55, 0x65, 0x65, 0x55, 0x55, 0x65, 0x65, 0x65, 
    0x66, 0x66, 0xf6, 0x66, 0x66, 0x66, 0x66, 0x66, 0x66, 0x66, 0x66, 0x66, 0x66, 0x66, 0x66, 0x64, 
    0x25, 0x56, 0x66, 0x6a, 0x66, 0xa6, 0xa6, 0x66, 0x66, 0x66, 0x66, 0x6a, 0xba, 0xaa, 0xaa, 0xaa, 
    0xa1, 0x51, 0x11, 0x51, 0x51, 0x55, 0x11, 0x51, 0x51, 0x51, 0x55, 0x51, 0x51, 0x51, 0x55, 0x61, 
    0x51, 0x55, 0x51, 0x11, 0x11, 0x11, 0x10, 0x00, 0x00, 0x51, 0x11, 0x11, 0x11, 0x11, 0x15, 0x66, 
    0x51, 0x11, 0x66, 0x61, 0x55, 0x55, 0x55, 0x51, 0x51, 0x00, 0x00, 0x10, 0x2b, 0xbb, 0xfa, 0x61, 
    0xa9, 0x51, 0x5a, 0x56, 0xa5, 0x65, 0x7b, 0xa5, 0x55, 0x55, 0x65, 0x66, 0x66, 0x70, 0x01, 0x50, 
    0x17, 0x61, 0x66, 0x66, 0xa6, 0xa6, 0xaa, 0xa5, 0x51, 0x11, 0x11, 0x6a, 0x55, 0x55, 0x51, 0x11, 
    0x11, 0x66, 0xbb, 0xba, 0x51, 0x11, 0x11, 0x11, 0x11, 0x11, 0x51, 0x51, 0x11, 0x11, 0x11, 0x11, 
    0x11, 0x11, 0x11, 0x11, 0x17, 0xfb, 0xff, 0x55, 0x51, 0x51, 0x10, 0x00, 0x1b, 0xa5, 0x11, 0x10, 
    0x14, 0x10, 0x00, 0x01, 0x15, 0x00, 0x51, 0x11, 0x11, 0x00, 0x00, 0x01, 0x51, 0x11, 0x00, 0x00, 
    0x01, 0x10, 0x00, 0x15, 0x40, 0x95, 0x10, 0x00, 0x00, 0x01, 0x11, 0x1b, 0xa5, 0x11, 0x11, 0x55, 
    0x55, 0x55, 0x9a, 0x99, 0x5a, 0x9a, 0x9a, 0x9a, 0xaa, 0x9a, 0x9a, 0x95, 0x55, 0xa9, 0x55, 0x55, 
    0x59, 0x99, 0x99, 0x55, 0x99, 0x99, 0x99, 0x99, 0x99, 0x9a, 0xf9, 0x99, 0x99, 0x99, 0x99, 0x99, 
    0x99, 0x99, 0x99, 0x99, 0x99, 0x99, 0x99, 0x99, 0x59, 0x5a, 0x9a, 0x99, 0x9a, 0xaa, 0xaa, 0x99, 
    0x99, 0xaa, 0x9a, 0xaa, 0xfe, 0xaa, 0xaa, 0xae, 0xe8, 0x55, 0x45, 0x55, 0x55, 0x55, 0x45, 0x55, 
    0x55, 0x55, 0x55, 0x55, 0x55, 0x55, 0x55, 0x65, 0x55, 0x59, 0x55, 0x45, 0x45, 0x45, 0x44, 0x04, 
    0x04, 0x54, 0x44, 0x45, 0x45, 0x45, 0x59, 0x99, 0x44, 0x44, 0x9a, 0xa5, 0x59, 0x55, 0x55, 0x55, 
    0x95, 0x40, 0x04, 0x40, 0x6a, 0xee, 0xef, 0xd5, 0x55, 0x59, 0x95, 0x5e, 0xa5, 0xa9, 0x59, 0xa9, 
    0x59, 0x99, 0x99, 0x9a, 0xaa, 0x9c, 0x55, 0x44, 0x05, 0x59, 0x59, 0xaa, 0x99, 0xaa, 0xae, 0xaa, 
    0xa9, 0x54, 0x44, 0x49, 0x45, 0x59, 0x44, 0x44, 0x45, 0x55, 0x5a, 0xae, 0x45, 0x44, 0x45, 0x45, 
    0x44, 0x44, 0x45, 0x59, 0x55, 0x45, 0x44, 0x44, 0x44, 0x44, 0x44, 0x44, 0x5b, 0xff, 0xff, 0x99, 
    0x54, 0x55, 0x04, 0x44, 0x45, 0xae, 0x95, 0x55, 0x58, 0x44, 0x44, 0x44, 0x45, 0x44, 0x55, 0x54, 
    0x04, 0x00, 0x00, 0x04, 0x44, 0x45, 0x00, 0x04, 0x04, 0x44, 0x00, 0x45, 0x95, 0x95, 0x55, 0x04, 
    0x44, 0x05, 0x44, 0x4a, 0xe4, 0x45, 0x45, 0x55, 0x55, 0x55, 0x56, 0x65, 0x16, 0x66, 0x66, 0x66, 
    0x66, 0x66, 0x66, 0x66, 0x56, 0x66, 0x11, 0x11, 0x15, 0x56, 0x55, 0x55, 0x56, 0x55, 0x56, 0x56, 
    0x56, 0x55, 0xb6, 0x56, 0x56, 0x66, 0x56, 0x56, 0x66, 0x56, 0x66, 0x66, 0x66, 0x66, 0x66, 0x66, 
    0x55, 0x56, 0x66, 0x6a, 0x56, 0x66, 0xaa, 0x56, 0x56, 0x6a, 0x66, 0x66, 0xbb, 0xaa, 0xaa, 0xaa, 
    0xaa, 0x11, 0x11, 0x15, 0x15, 0x15, 0x11, 0x11, 0x11, 0x15, 0x15, 0x15, 0x15, 0x15, 0x15, 0x15, 
    0x11, 0x55, 0x51, 0x11, 0x11, 0x11, 0x10, 0x00, 0x00, 0x11, 0x00, 0x11, 0x11, 0x11, 0x16, 0x65, 
    0x11, 0x11, 0x66, 0x66, 0x26, 0x55, 0x55, 0x11, 0x51, 0x00, 0x00, 0x01, 0x6a, 0x6a, 0xbb, 0x51, 
    0x11, 0x65, 0x55, 0x55, 0x56, 0xbe, 0xa5, 0x55, 0x59, 0x55, 0x56, 0x66, 0x7a, 0xa6, 0x01, 0x11, 
    0x01, 0x11, 0x16, 0x66, 0x6a, 0x56, 0x66, 0x66, 0x66, 0x66, 0x51, 0x11, 0x11, 0x1a, 0x55, 0x01, 
    0x2a, 0x51, 0x11, 0x15, 0x11, 0x12, 0xa5, 0x11, 0x11, 0x11, 0x11, 0x29, 0x1b, 0x51, 0x11, 0x01, 
    0x11, 0x11, 0x01, 0x11, 0x17, 0xbf, 0xff, 0xa5, 0x51, 0x11, 0x00, 0x00, 0x05, 0x16, 0x51, 0x15, 
    0x14, 0x01, 0x00, 0x00, 0x00, 0x00, 0x11, 0x11, 0x01, 0x00, 0x00, 0x00, 0x01, 0x11, 0x00, 0x00, 
    0x01, 0x10, 0x00, 0x01, 0x55, 0x11, 0x12, 0x00, 0x10, 0x00, 0x41, 0x01, 0x51, 0x11, 0x01, 0x11, 
    0x95, 0x99, 0x99, 0x95, 0x9a, 0xaa, 0xa9, 0xaa, 0xaa, 0x99, 0x99, 0xa9, 0xa9, 0xa9, 0x95, 0x55, 
    0x55, 0x99, 0x99, 0x95, 0x59, 0x99, 0x99, 0x99, 0x99, 0x95, 0x55, 0x99, 0xa9, 0x99, 0x99, 0x99, 
    0x99, 0x99, 0x99, 0x99, 0x99, 0x99, 0x99, 0xa9, 0x99, 0x99, 0x9a, 0xae, 0xa9, 0xa9, 0xe9, 0x99, 
    0x99, 0xaa, 0xaa, 0x9a, 0xee, 0xea, 0xaa, 0xee, 0xee, 0x84, 0x55, 0x55, 0x55, 0x55, 0x5d, 0x55, 
    0x55, 0x55, 0x55, 0x55, 0x55, 0x55, 0x55, 0x59, 0x54, 0x59, 0x94, 0x54, 0x55, 0x55, 0x54, 0x40, 
    0x40, 0x44, 0x44, 0x54, 0x54, 0x54, 0x59, 0x94, 0x54, 0x54, 0x69, 0xa9, 0xa5, 0x95, 0x55, 0x55, 
    0x84, 0x40, 0x40, 0x45, 0xaa, 0xaa, 0xa9, 0x55, 0x5e, 0x95, 0x59, 0x55, 0x95, 0xaf, 0xfe, 0xd5, 
    0x99, 0xad, 0x95, 0x9a, 0xaa, 0xaa, 0x84, 0x54, 0x45, 0x55, 0x5a, 0xae, 0xaa, 0xa9, 0x6a, 0xea, 
    0xa9, 0xa9, 0xa9, 0x54, 0x54, 0x59, 0x96, 0x94, 0x6e, 0xee, 0x94, 0x54, 0x55, 0x55, 0xff, 0xe9, 
    0x54, 0x54, 0x44, 0x54, 0x55, 0x55, 0x55, 0x44, 0x44, 0x44, 0x44, 0x44, 0x5b, 0xff, 0xff, 0xe9, 
    0x94, 0x55, 0x40, 0x44, 0x45, 0x55, 0x45, 0x55, 0x58, 0x44, 0x44, 0x44, 0x44, 0x40, 0x54, 0x54, 
    0x4a, 0x40, 0x40, 0x44, 0x45, 0x44, 0x40, 0x40, 0x40, 0x54, 0x40, 0x44, 0x84, 0x44, 0x54, 0x94, 
    0x44, 0x40, 0x44, 0x40, 0x44, 0x44, 0x45, 0x55, 0x55, 0x56, 0x66, 0x66, 0x66, 0x66, 0x66, 0x66, 
    0x56, 0x55, 0x55, 0x66, 0x66, 0x66, 0x65, 0x51, 0x51, 0x55, 0x55, 0x51, 0x55, 0x65, 0x66, 0x65, 
    0x65, 0x65, 0x11, 0x66, 0x6a, 0x66, 0x66, 0x66, 0x66, 0x66, 0x66, 0x65, 0x66, 0x66, 0x66, 0x66, 
    0x65, 0x65, 0x66, 0xba, 0xa6, 0xa5, 0x65, 0x66, 0x66, 0x66, 0x66, 0x66, 0xaa, 0xaa, 0xaa, 0xaa, 
    0xbb, 0x91, 0x11, 0x11, 0x51, 0x55, 0x5a, 0x11, 0x11, 0x51, 0x51, 0x51, 0x55, 0x51, 0x51, 0x52, 
    0x50, 0x15, 0x51, 0x11, 0x11, 0x11, 0x10, 0x00, 0x01, 0x01, 0x10, 0x11, 0x11, 0x11, 0x66, 0x51, 
    0x11, 0x11, 0x26, 0x66, 0x65, 0x55, 0x51, 0x15, 0x40, 0x00, 0x00, 0x06, 0xb6, 0xa6, 0x66, 0x55, 
    0x56, 0x95, 0x6a, 0x55, 0x55, 0x55, 0xab, 0xe5, 0x66, 0x66, 0x66, 0xa6, 0x66, 0x69, 0x91, 0x10, 
    0x15, 0x01, 0x16, 0xaa, 0xa6, 0xa6, 0x66, 0xa6, 0x66, 0x66, 0xa6, 0xa6, 0x51, 0x15, 0x55, 0x11, 
    0x11, 0x66, 0xba, 0xa1, 0x11, 0x16, 0xbb, 0xba, 0xb1, 0x10, 0x00, 0x11, 0x11, 0x11, 0x11, 0x15, 
    0x11, 0x11, 0x11, 0x11, 0x17, 0xff, 0xff, 0xfa, 0x51, 0x11, 0x00, 0x00, 0x15, 0x51, 0x50, 0x11, 
    0x55, 0x11, 0x00, 0x10, 0x00, 0x00, 0x11, 0x11, 0x1b, 0x40, 0x00, 0x00, 0x01, 0x10, 0x00, 0x00, 
    0x01, 0x10, 0x00, 0x01, 0x11, 0x10, 0x11, 0x60, 0x00, 0x10, 0x00, 0x00, 0x11, 0x11, 0x25, 0x55, 
    0x55, 0x59, 0x9a, 0x9a, 0x9a, 0x9a, 0x9a, 0x9a, 0x9a, 0x99, 0x55, 0x9a, 0x95, 0x99, 0x95, 0x55, 
    0x55, 0x59, 0x55, 0x55, 0x59, 0x59, 0x9a, 0x99, 0x99, 0x99, 0x49, 0x99, 0xaa, 0x99, 0x99, 0x99, 
    0x99, 0x99, 0x99, 0x9a, 0x99, 0x99, 0x9a, 0x99, 0x99, 0x99, 0x9a, 0xfe, 0xaa, 0x59, 0x99, 0x99, 
    0x99, 0x9a, 0x9a, 0xaa, 0xaa, 0xea, 0xaa, 0xae, 0xee, 0xe4, 0x45, 0x45, 0x55, 0x55, 0x55, 0x55, 
    0x45, 0x55, 0x55, 0x55, 0x55, 0x55, 0x55, 0x55, 0x94, 0x59, 0x45, 0x45, 0x45, 0x45, 0x54, 0x04, 
    0x04, 0x04, 0x44, 0x45, 0x45, 0x44, 0x99, 0x45, 0x45, 0x45, 0x5a, 0x9a, 0x99, 0x95, 0x55, 0x55, 
    0x44, 0x04, 0x04, 0x1a, 0xaa, 0x9a, 0x9a, 0x5a, 0x99, 0x9a, 0x9a, 0x99, 0x55, 0x55, 0x55, 0x95, 
    0xbe, 0xa9, 0x99, 0xaa, 0xaa, 0xa9, 0x54, 0x45, 0x54, 0x45, 0x5a, 0xaa, 0xaa, 0xaa, 0x9e, 0xe9, 
    0xaa, 0xa9, 0xaa, 0xaa, 0xae, 0x59, 0x98, 0x54, 0x55, 0x55, 0x5a, 0xf9, 0x55, 0x59, 0x9a, 0xee, 
    0xe5, 0x44, 0x44, 0x44, 0x44, 0x44, 0x45, 0x54, 0x45, 0x44, 0x45, 0x55, 0x47, 0xff, 0xff, 0xfe, 
    0x94, 0x55, 0x44, 0x44, 0x45, 0x55, 0x54, 0x15, 0x58, 0x45, 0x44, 0x44, 0x04, 0x04, 0x45, 0x55, 
    0x4f, 0x80, 0x04, 0x04, 0x45, 0x44, 0x04, 0x04, 0x05, 0x44, 0x04, 0x05, 0x44, 0x44, 0x55, 0x64, 
    0x00, 0x54, 0x44, 0x04, 0x04, 0x45, 0x6a, 0x99, 0x55, 0x55, 0x66, 0x65, 0x66, 0x66, 0x66, 0x66, 
    0x55, 0x55, 0x56, 0x66, 0x55, 0x55, 0x55, 0x11, 0x15, 0x55, 0x55, 0x11, 0x16, 0x56, 0x66, 0x56, 
    0x55, 0x56, 0x55, 0x6a, 0xaa, 0x66, 0x56, 0x66, 0x66, 0x56, 0x66, 0x67, 0xb6, 0x56, 0x66, 0x66, 
    0x66, 0x55, 0x5a, 0xba, 0xa5, 0x55, 0x56, 0x56, 0x66, 0x66, 0x6a, 0x66, 0x66, 0xba, 0x6a, 0xaa, 
    0xaa, 0xa4, 0x11, 0x11, 0x15, 0x15, 0x15, 0x51, 0x11, 0x15, 0x15, 0x15, 0x15, 0x15, 0x15, 0x15, 
    0x55, 0x15, 0x51, 0x11, 0x11, 0x11, 0x10, 0x00, 0x04, 0x01, 0x00, 0x11, 0x11, 0x11, 0x65, 0x11, 
    0x11, 0x11, 0x26, 0x66, 0x56, 0x55, 0x15, 0x12, 0x00, 0x00, 0x00, 0x2a, 0xaa, 0xa9, 0x66, 0x55, 
    0x55, 0x55, 0x55, 0x55, 0x66, 0x55, 0x55, 0x15, 0x6a, 0xa6, 0x5a, 0x7a, 0x6a, 0x66, 0x00, 0x01, 
    0x10, 0x02, 0x6b, 0xaa, 0x66, 0x56, 0x6b, 0xa6, 0x66, 0x66, 0x6a, 0x6a, 0xab, 0x95, 0x55, 0x11, 
    0x15, 0x15, 0x11, 0x65, 0x15, 0x2f, 0xb9, 0x56, 0x91, 0x01, 0x01, 0x11, 0x00, 0x01, 0x11, 0x11, 
    0x01, 0x01, 0x11, 0x11, 0x52, 0xf7, 0xbf, 0xfa, 0x50, 0x11, 0x00, 0x10, 0x01, 0x11, 0x00, 0x11, 
    0x55, 0x11, 0x00, 0x00, 0x00, 0x00, 0x11, 0x11, 0x07, 0x90, 0x00, 0x01, 0x01, 0x00, 0x00, 0x00, 
    0x01, 0x11, 0x00, 0x00, 0x01, 0x01, 0x11, 0x15, 0x00, 0x05, 0x00, 0x40, 0x00, 0x01, 0x66, 0x55, 
    0x55, 0x55, 0x99, 0x95, 0x99, 0xa9, 0xaa, 0xa9, 0x99, 0x95, 0x59, 0x99, 0x95, 0x55, 0x55, 0x55, 
    0x55, 0x95, 0x95, 0x55, 0x59, 0x99, 0x99, 0x99, 0x99, 0x9a, 0x95, 0xae, 0xf9, 0x9a, 0x95, 0xa9, 
    0xa9, 0x99, 0x99, 0x9a, 0xd9, 0x99, 0x9a, 0xa9, 0xa9, 0x99, 0x99, 0xee, 0xe9, 0x99, 0xa9, 0x99, 
    0xa9, 0xa9, 0xaa, 0xaa, 0xaa, 0xae, 0xaa, 0xea, 0xee, 0xed, 0x44, 0x55, 0x55, 0x55, 0x55, 0x55, 
    0x55, 0x55, 0x55, 0x55, 0x55, 0x55, 0x55, 0x55, 0x55, 0x55, 0x84, 0x54, 0x55, 0x55, 0x54, 0x40, 
    0x44, 0x44, 0x44, 0x54, 0x55, 0x55, 0xa9, 0x55, 0x55, 0x55, 0x5a, 0xaa, 0x99, 0x95, 0x55, 0x55, 
    0x40, 0x40, 0x40, 0xaa, 0xda, 0xe8, 0xaa, 0xa9, 0x99, 0x9a, 0xaa, 0x95, 0x9a, 0xa9, 0x95, 0x55, 
    0x95, 0x99, 0xae, 0xba, 0xbe, 0xd6, 0x45, 0x54, 0x44, 0x45, 0xef, 0xfe, 0xa9, 0x99, 0xaa, 0xa9, 
    0xaa, 0xea, 0x9a, 0xae, 0xaa, 0x99, 0x95, 0x55, 0x55, 0x55, 0x55, 0x54, 0x55, 0x6f, 0xff, 0xe5, 
    0x54, 0x44, 0x44, 0x44, 0x44, 0x44, 0x44, 0x54, 0x44, 0x44, 0x54, 0x54, 0xe5, 0xeb, 0xff, 0xfe, 
    0xe4, 0x55, 0x55, 0x55, 0x55, 0x55, 0x40, 0x44, 0x55, 0x54, 0x44, 0x44, 0x44, 0x40, 0x54, 0x55, 
    0x46, 0xe4, 0x44, 0x44, 0x44, 0x54, 0x40, 0x40, 0x44, 0x55, 0x84, 0x44, 0x40, 0x44, 0x55, 0x5d, 
    0x44, 0x55, 0x40, 0x94, 0x44, 0x55, 0xaa, 0xa9, 0x55, 0x55, 0x55, 0x55, 0x55, 0x66, 0x66, 0x65, 
    0x55, 0x55, 0x51, 0x55, 0x51, 0x51, 0x55, 0x51, 0x51, 0x66, 0xa5, 0x55, 0x65, 0x65, 0x66, 0x66, 
    0x59, 0x66, 0x51, 0x11, 0x66, 0x55, 0x55, 0x66, 0x66, 0x65, 0x66, 0x66, 0x56, 0x66, 0x6a, 0x66, 
    0x66, 0x65, 0x56, 0xaa, 0xa5, 0x55, 0x65, 0x66, 0x66, 0x66, 0x66, 0x6a, 0x66, 0x6a, 0xaa, 0xaa, 
    0xaa, 0xba, 0x10, 0x11, 0x11, 0x51, 0x55, 0x55, 0x11, 0x11, 0x51, 0x51, 0x51, 0x55, 0x51, 0x51, 
    0x51, 0x01, 0x51, 0x11, 0x11, 0x11, 0x11, 0x00, 0x10, 0x00, 0x10, 0x11, 0x12, 0x52, 0x65, 0x11, 
    0x11, 0x11, 0x56, 0xa6, 0x66, 0x55, 0x11, 0x52, 0x00, 0x00, 0x01, 0xaa, 0xa6, 0xa5, 0xa6, 0xaa, 
    0xa5, 0x55, 0x56, 0x66, 0x56, 0x65, 0x65, 0x55, 0x55, 0x55, 0x6a, 0x76, 0xbf, 0x62, 0x14, 0x00, 
    0x00, 0x00, 0xba, 0x96, 0xa6, 0x66, 0x66, 0x66, 0xa6, 0xaa, 0xa6, 0xaa, 0xaa, 0x55, 0x55, 0x66, 
    0x65, 0x11, 0x65, 0x55, 0x55, 0x56, 0xbb, 0xfa, 0x51, 0x10, 0x10, 0x10, 0x10, 0x10, 0x10, 0x10, 
    0x11, 0x11, 0x11, 0x11, 0xb7, 0x77, 0xff, 0xff, 0xa5, 0x11, 0x11, 0x11, 0x51, 0x51, 0x00, 0x10, 
    0x15, 0x11, 0x00, 0x10, 0x00, 0x00, 0x11, 0x11, 0x01, 0x51, 0x01, 0x10, 0x10, 0x10, 0x00, 0x00, 
    0x00, 0x15, 0x50, 0x10, 0x00, 0x01, 0x55, 0x5a, 0x01, 0x19, 0x00, 0x10, 0x10, 0x12, 0x66, 0x65, 
    0x55, 0x55, 0x59, 0x55, 0x55, 0x9a, 0x9a, 0x99, 0x55, 0x55, 0x55, 0x55, 0x55, 0x55, 0x55, 0x55, 
    0x55, 0x9a, 0xbe, 0x99, 0x99, 0x99, 0x99, 0x99, 0x59, 0x59, 0x54, 0x45, 0x99, 0x9a, 0x9a, 0x9a, 
    0x99, 0x95, 0x99, 0x99, 0x45, 0x99, 0x5a, 0x85, 0x99, 0x99, 0x99, 0xa9, 0xa9, 0x59, 0x59, 0x9a, 
    0xa9, 0x9a, 0xaa, 0xaa, 0xaa, 0xaa, 0xea, 0xaa, 0xee, 0xee, 0x84, 0x44, 0x45, 0x55, 0x55, 0x55, 
    0x44, 0x55, 0x55, 0x55, 0x55, 0x55, 0x55, 0x55, 0x55, 0x45, 0x45, 0x45, 0x44, 0x45, 0x55, 0x04, 
    0x54, 0x04, 0x44, 0x45, 0x45, 0x4a, 0x95, 0x54, 0x59, 0x55, 0x59, 0xaa, 0x5a, 0x55, 0x45, 0x59, 
    0x04, 0x00, 0x06, 0xaa, 0xaa, 0x95, 0xaa, 0xaa, 0xaf, 0xa9, 0x59, 0x55, 0x99, 0x9a, 0x99, 0x59, 
    0x99, 0x99, 0x99, 0xaa, 0xae, 0xd5, 0x5d, 0x44, 0x44, 0x04, 0x6d, 0x59, 0x69, 0x9a, 0x9a, 0xaa, 
    0xaa, 0xab, 0xe9, 0xaa, 0xa9, 0x95, 0x59, 0xd9, 0x99, 0x55, 0x59, 0x99, 0x55, 0x55, 0x5a, 0xff, 
    0x44, 0x44, 0x44, 0x44, 0x44, 0x44, 0x44, 0x44, 0x44, 0x44, 0x44, 0x45, 0xfb, 0xdf, 0xff, 0xff, 
    0xec, 0x45, 0x54, 0x55, 0x55, 0x55, 0x44, 0x44, 0x45, 0x44, 0x44, 0x44, 0x44, 0x44, 0x05, 0x55, 
    0x44, 0x44, 0x44, 0x44, 0x44, 0x44, 0x04, 0x04, 0x05, 0x45, 0x54, 0x04, 0x40, 0x05, 0x55, 0x4a, 
    0x44, 0x18, 0x04, 0x14, 0x44, 0x45, 0xaa, 0xa9, 0x15, 0x15, 0x55, 0x55, 0x55, 0x66, 0x66, 0x66, 
    0x55, 0x15, 0x15, 0x11, 0x11, 0x11, 0x11, 0x11, 0x11, 0x16, 0x6a, 0xa6, 0x56, 0x56, 0x56, 0x55, 
    0x05, 0x15, 0x12, 0x16, 0x66, 0x66, 0x66, 0x6a, 0x66, 0x55, 0x66, 0x66, 0x56, 0x56, 0x15, 0x56, 
    0x65, 0x55, 0x65, 0x65, 0x65, 0x55, 0x55, 0x56, 0x66, 0x66, 0xa6, 0xa6, 0x6a, 0x66, 0xaa, 0xa5, 
    0x6a, 0xab, 0x91, 0x01, 0x11, 0x15, 0x15, 0x15, 0x55, 0x11, 0x15, 0x15, 0x15, 0x15, 0x15, 0x15, 
    0x15, 0x01, 0x51, 0x11, 0x11, 0x11, 0x11, 0x00, 0x10, 0x00, 0x01, 0x11, 0x11, 0x16, 0x51, 0x11, 
    0x55, 0x15, 0x16, 0x66, 0x66, 0x55, 0x15, 0x14, 0x00, 0x00, 0x07, 0xaa, 0xaa, 0xa9, 0xba, 0xa6, 
    0xbb, 0x7f, 0xa6, 0x55, 0x56, 0x65, 0x56, 0x55, 0x56, 0x69, 0x55, 0x66, 0xba, 0x96, 0x26, 0x00, 
    0x00, 0x00, 0x25, 0x50, 0x01, 0x66, 0x66, 0x67, 0xaa, 0xbb, 0xfa, 0x66, 0xa5, 0x16, 0x55, 0x6a, 
    0x56, 0x56, 0x55, 0x15, 0x55, 0x55, 0x11, 0x16, 0x11, 0x00, 0x01, 0x01, 0x50, 0x01, 0x01, 0x00, 
    0x00, 0x01, 0x01, 0x12, 0xfb, 0xeb, 0xbf, 0xff, 0x99, 0x11, 0x01, 0x15, 0x15, 0x11, 0x11, 0x01, 
    0x11, 0x01, 0x00, 0x01, 0x01, 0x00, 0x01, 0x11, 0x10, 0x01, 0x01, 0x01, 0x11, 0x00, 0x00, 0x01, 
    0x01, 0x15, 0x01, 0x00, 0x00, 0x01, 0x55, 0x11, 0x00, 0x10, 0x00, 0x11, 0x10, 0x01, 0xbb, 0xa6, 
    0x55, 0x55, 0x99, 0x95, 0x55, 0xa9, 0xa9, 0xa9, 0xa9, 0x55, 0x55, 0x55, 0x55, 0x55, 0x55, 0x55, 
    0x55, 0x59, 0x99, 0xa5, 0x99, 0xaa, 0xa9, 0x99, 0x95, 0x98, 0x55, 0xaa, 0xaa, 0xaa, 0xaa, 0xea, 
    0xa5, 0x99, 0x99, 0x99, 0x99, 0x95, 0x59, 0x99, 0x99, 0x99, 0xa9, 0xe9, 0x99, 0x99, 0x99, 0x9a, 
    0xa9, 0xaa, 0xea, 0xea, 0xaa, 0xaa, 0xee, 0xe8, 0xae, 0xee, 0xe4, 0x44, 0x54, 0x55, 0x55, 0x55, 
    0x55, 0x45, 0x55, 0x55, 0x55, 0x55, 0x55, 0x55, 0x55, 0x44, 0x44, 0x54, 0x54, 0x55, 0x55, 0x40, 
    0x58, 0x40, 0x40, 0x54, 0x55, 0x55, 0x55, 0x59, 0x99, 0x55, 0x55, 0xa9, 0xa9, 0x54, 0x55, 0x58, 
    0x40, 0x40, 0x4f, 0xfe, 0xea, 0xee, 0xee, 0xea, 0xee, 0xff, 0xff, 0xe9, 0x99, 0x99, 0xa9, 0x95, 
    0x99, 0x99, 0xa9, 0x9a, 0xa9, 0xdb, 0xd9, 0x84, 0x44, 0x44, 0x55, 0x54, 0x44, 0xaa, 0xaa, 0xaa, 
    0xae, 0xfa, 0xae, 0xfe, 0x95, 0x55, 0x99, 0xab, 0x99, 0x99, 0x99, 0x99, 0x55, 0x99, 0x55, 0x59, 
    0x54, 0x54, 0x44, 0x44, 0x44, 0x44, 0x44, 0x44, 0x44, 0x44, 0x44, 0x45, 0xeb, 0xfb, 0xff, 0xff, 
    0xed, 0x54, 0x40, 0x55, 0x55, 0x55, 0x54, 0x44, 0x55, 0x44, 0x40, 0x44, 0x44, 0x44, 0x45, 0x55, 
    0x55, 0x40, 0x44, 0x54, 0x55, 0x40, 0x40, 0x44, 0x44, 0x64, 0x45, 0x40, 0x40, 0x45, 0x55, 0x60, 
    0x44, 0x44, 0x44, 0x44, 0x54, 0x44, 0xae, 0xfe, 0x55, 0x51, 0x55, 0x55, 0x55, 0x66, 0x66, 0x66, 
    0x65, 0x55, 0x51, 0x51, 0x51, 0x51, 0x51, 0x51, 0x55, 0x56, 0x65, 0x11, 0x16, 0x66, 0x66, 0x66, 
    0x57, 0x91, 0x02, 0x66, 0xa6, 0x66, 0x66, 0x66, 0x66, 0x66, 0x96, 0x66, 0x56, 0x51, 0x15, 0x66, 
    0x66, 0x66, 0x65, 0xa5, 0x55, 0x55, 0x55, 0x66, 0x66, 0x66, 0xa6, 0x66, 0xaa, 0x66, 0xba, 0xaa, 
    0x62, 0xba, 0xb5, 0x11, 0x11, 0x11, 0x55, 0x55, 0x55, 0x51, 0x11, 0x51, 0x51, 0x51, 0x51, 0x51, 
    0x51, 0x50, 0x11, 0x11, 0x11, 0x11, 0x11, 0x00, 0x55, 0x00, 0x01, 0x11, 0x11, 0x15, 0x11, 0x65, 
    0x65, 0x55, 0x62, 0x65, 0x65, 0x51, 0x15, 0x54, 0x00, 0x00, 0x1b, 0xfa, 0xa6, 0xaa, 0xaa, 0xab, 
    0xab, 0xbb, 0xff, 0xfa, 0xba, 0x66, 0x66, 0x65, 0x56, 0x65, 0x65, 0xa6, 0xa7, 0xd7, 0xe1, 0x90, 
    0x00, 0x02, 0xaa, 0x50, 0x00, 0x66, 0x66, 0xaa, 0x66, 0xaa, 0x6a, 0xaa, 0xb5, 0x51, 0x55, 0x66, 
    0xe5, 0x55, 0x66, 0xa6, 0x55, 0x55, 0x51, 0x55, 0x55, 0x55, 0x61, 0x11, 0x10, 0x10, 0x11, 0x10, 
    0x10, 0x11, 0x10, 0x12, 0xbf, 0xf6, 0xff, 0xff, 0xf6, 0x10, 0x00, 0x11, 0x51, 0x11, 0x51, 0x01, 
    0x11, 0x11, 0x10, 0x11, 0x10, 0x10, 0x01, 0x11, 0x11, 0x10, 0x11, 0x11, 0x10, 0x00, 0x00, 0x10, 
    0x11, 0x20, 0x01, 0x00, 0x01, 0x15, 0x55, 0x20, 0x00, 0x00, 0x00, 0x01, 0x11, 0x11, 0x26, 0xaa, 
    0x55, 0x55, 0x55, 0x55, 0x55, 0x59, 0x59, 0x99, 0x95, 0x55, 0x55, 0x45, 0x55, 0x55, 0x55, 0x55, 
    0x99, 0x5a, 0x99, 0x44, 0x9a, 0xaa, 0xa9, 0x99, 0xaa, 0xe4, 0x55, 0xa9, 0xaa, 0x9a, 0x9a, 0x9a, 
    0x99, 0x99, 0x55, 0x9a, 0x95, 0x59, 0x99, 0x45, 0x9a, 0x9a, 0xaa, 0xd9, 0x55, 0x59, 0x59, 0x59, 
    0x99, 0xaa, 0xaa, 0xaa, 0x9a, 0xaa, 0xae, 0xee, 0xa5, 0xee, 0xec, 0x44, 0x44, 0x45, 0x55, 0x55, 
    0x55, 0x54, 0x45, 0x55, 0x55, 0x55, 0x55, 0x55, 0x95, 0x54, 0x45, 0x45, 0x44, 0x45, 0x55, 0x45, 
    0x99, 0x44, 0x04, 0x45, 0x45, 0x54, 0x45, 0x95, 0x99, 0x59, 0x55, 0xa9, 0xa9, 0x45, 0x55, 0x58, 
    0x00, 0x00, 0x2f, 0xfe, 0xee, 0xaa, 0xaa, 0xaa, 0xee, 0xdb, 0xff, 0xfa, 0xff, 0xea, 0x99, 0x99, 
    0x99, 0x99, 0x9a, 0x9a, 0x9b, 0xd5, 0x94, 0x54, 0x00, 0x6d, 0x44, 0x44, 0x04, 0x99, 0xa9, 0x9a, 
    0x9a, 0xaa, 0xae, 0xaf, 0xee, 0x55, 0x59, 0x55, 0xbe, 0x59, 0x99, 0xa9, 0x9a, 0x99, 0x55, 0x59, 
    0x55, 0x5a, 0x95, 0x54, 0x44, 0x44, 0x44, 0x44, 0x44, 0x44, 0x44, 0x46, 0xff, 0xee, 0xbf, 0xff, 
    0xfd, 0x04, 0x00, 0x55, 0x54, 0x55, 0x55, 0x45, 0x45, 0x44, 0x44, 0x44, 0x44, 0x44, 0x44, 0x44, 
    0x45, 0x55, 0x45, 0x44, 0x44, 0x00, 0x04, 0x54, 0x44, 0x84, 0x44, 0x00, 0x44, 0x55, 0x55, 0x64, 
    0x04, 0x04, 0x40, 0x05, 0x45, 0x45, 0x49, 0xa9, 0x15, 0x15, 0x15, 0x15, 0x15, 0x15, 0x55, 0x55, 
    0x15, 0x15, 0x11, 0x11, 0x11, 0x11, 0x11, 0x16, 0x56, 0x56, 0x56, 0x51, 0x16, 0xba, 0x66, 0x55, 
    0xbb, 0xa1, 0x25, 0x15, 0x66, 0x66, 0x66, 0x66, 0x66, 0x56, 0x55, 0x12, 0xa5, 0x52, 0x66, 0x55, 
    0x16, 0x6a, 0x6a, 0x55, 0x55, 0x55, 0x55, 0x56, 0x6a, 0x66, 0x66, 0x66, 0x66, 0x66, 0x6b, 0xaa, 
    0xa9, 0xaa, 0xaa, 0x11, 0x01, 0x11, 0x11, 0x15, 0x15, 0x55, 0x11, 0x15, 0x15, 0x15, 0x15, 0x15, 
    0x55, 0x51, 0x11, 0x11, 0x01, 0x01, 0x11, 0x01, 0x55, 0x40, 0x01, 0x11, 0x11, 0x11, 0x16, 0x56, 
    0x65, 0x55, 0x61, 0x65, 0x65, 0x11, 0x15, 0x60, 0x00, 0x00, 0x1b, 0xbf, 0xba, 0xaa, 0x55, 0x1a, 
    0xaa, 0xab, 0xbb, 0xb6, 0x7f, 0xbb, 0x95, 0x56, 0x56, 0xa6, 0x96, 0x66, 0x6b, 0x91, 0x40, 0x00, 
    0x02, 0x65, 0x10, 0x11, 0x01, 0x1a, 0x2a, 0x66, 0x66, 0x66, 0x66, 0xab, 0xb9, 0x51, 0x55, 0x55, 
    0x6f, 0x96, 0x56, 0x66, 0x56, 0x6a, 0x55, 0x15, 0x55, 0x5b, 0xa6, 0x55, 0x01, 0x11, 0x50, 0x11, 
    0x11, 0x11, 0x11, 0x01, 0xb9, 0x1b, 0x7f, 0xff, 0xfd, 0x01, 0x00, 0x15, 0x11, 0x11, 0x11, 0x01, 
    0x11, 0x10, 0x10, 0x11, 0x00, 0x00, 0x00, 0x11, 0x15, 0x11, 0x11, 0x01, 0x00, 0x00, 0x00, 0x10, 
    0x11, 0x41, 0x15, 0x00, 0x11, 0x55, 0x11, 0x14, 0x00, 0x01, 0x00, 0x01, 0x11, 0x11, 0x06, 0x65, 
    0x55, 0x55, 0x55, 0x55, 0x55, 0x55, 0x5a, 0x95, 0x55, 0x55, 0x55, 0x55, 0x55, 0x55, 0x55, 0x99, 
    0x99, 0xa9, 0x99, 0x99, 0x45, 0xff, 0xe9, 0x99, 0xaa, 0xe4, 0x54, 0x54, 0x69, 0xa9, 0xa9, 0xa9, 
    0xa9, 0x99, 0x99, 0x95, 0xad, 0x59, 0x99, 0x99, 0x9a, 0x9a, 0xaa, 0x99, 0x95, 0x95, 0x99, 0xa9, 
    0xa9, 0xaa, 0xa9, 0xa9, 0xaa, 0xaa, 0xaa, 0xee, 0xee, 0xee, 0xee, 0x44, 0x44, 0x44, 0x54, 0x55, 
    0x55, 0x55, 0x45, 0x55, 0x55, 0x55, 0x55, 0x55, 0x55, 0x94, 0x44, 0x54, 0x44, 0x45, 0x54, 0x45, 
    0x99, 0x94, 0x44, 0x54, 0x54, 0x94, 0x59, 0x59, 0xa9, 0xa9, 0xa5, 0xa9, 0xa9, 0x55, 0x55, 0xa4, 
    0x40, 0x40, 0x5f, 0xff, 0xfd, 0x94, 0x44, 0x45, 0xae, 0xfe, 0xf9, 0xa9, 0xbf, 0xf9, 0x9e, 0xe9, 
    0x99, 0x99, 0xaa, 0xa9, 0x9b, 0xd4, 0x40, 0x69, 0x44, 0x84, 0x44, 0x54, 0x44, 0x45, 0x5a, 0xa9, 
    0xa9, 0x95, 0xaa, 0xfe, 0x99, 0x95, 0x99, 0x99, 0x9f, 0xf9, 0x99, 0x99, 0x99, 0xbe, 0x99, 0xa9, 
    0x95, 0x5e, 0x95, 0x59, 0x55, 0x44, 0x44, 0x44, 0x54, 0x44, 0x54, 0x44, 0xe4, 0x46, 0x9f, 0xff, 
    0xfe, 0x44, 0x40, 0x45, 0x55, 0x55, 0x55, 0x40, 0x55, 0x54, 0x54, 0x44, 0x44, 0x45, 0x44, 0x45, 
    0x55, 0x45, 0x54, 0x54, 0x40, 0x40, 0x40, 0x44, 0x55, 0x44, 0x64, 0x40, 0x55, 0x55, 0x55, 0x58, 
    0x40, 0x44, 0x40, 0x40, 0x55, 0x54, 0x49, 0xa4, 0x55, 0x51, 0x51, 0x51, 0x51, 0x51, 0x55, 0x55, 
    0x51, 0x51, 0x51, 0x51, 0x51, 0x11, 0x51, 0xa5, 0x65, 0x65, 0x65, 0x65, 0x51, 0x6b, 0xb6, 0x65, 
    0x56, 0x50, 0x11, 0x10, 0x26, 0x66, 0x66, 0x66, 0x66, 0x66, 0x66, 0x66, 0x65, 0x1b, 0x56, 0x66, 
    0x66, 0x56, 0xa5, 0x55, 0x55, 0x55, 0x55, 0x65, 0x66, 0x66, 0xa6, 0x66, 0x66, 0x66, 0x66, 0xba, 
    0xaa, 0xba, 0xbb, 0x91, 0x11, 0x10, 0x11, 0x11, 0x51, 0x55, 0x51, 0x11, 0x51, 0x51, 0x51, 0x55, 
    0x55, 0x51, 0x11, 0x11, 0x11, 0x11, 0x11, 0x01, 0x55, 0x50, 0x01, 0x11, 0x11, 0x51, 0x65, 0x26, 
    0x65, 0x66, 0x65, 0xa2, 0x65, 0x51, 0x55, 0x50, 0x00, 0x00, 0x16, 0x51, 0x10, 0x11, 0x11, 0x11, 
    0x12, 0xfb, 0xbb, 0xaa, 0xaa, 0xbb, 0xab, 0xbb, 0xa6, 0x66, 0x66, 0x66, 0x5b, 0x96, 0x17, 0xa5, 
    0x11, 0x01, 0x11, 0x51, 0x02, 0x41, 0x16, 0x66, 0xab, 0x91, 0x55, 0xbf, 0xb5, 0x95, 0x55, 0x55, 
    0x57, 0xfe, 0x51, 0x55, 0x66, 0x66, 0x66, 0xb6, 0xa6, 0x56, 0x55, 0x51, 0x11, 0x11, 0x10, 0x10, 
    0x10, 0x10, 0x11, 0x11, 0x70, 0x01, 0x57, 0xfb, 0xff, 0x50, 0x00, 0x01, 0x51, 0x55, 0x55, 0x50, 
    0x56, 0x51, 0x10, 0x00, 0x10, 0x11, 0x10, 0x01, 0x11, 0x11, 0x11, 0x10, 0x00, 0x00, 0x00, 0x01, 
    0x12, 0x10, 0x60, 0x01, 0x11, 0x55, 0x55, 0x55, 0x00, 0x00, 0x00, 0x00, 0x11, 0x10, 0x12, 0x61, 
    0x55, 0x95, 0x55, 0x55, 0x55, 0x55, 0x55, 0x55, 0x55, 0x55, 0x55, 0x55, 0x55, 0x55, 0x55, 0x99, 
    0x99, 0x99, 0x99, 0x99, 0x95, 0x5a, 0x95, 0x94, 0x54, 0x84, 0x04, 0x44, 0x5a, 0x9a, 0x9a, 0x99, 
    0x9a, 0x9a, 0x99, 0x59, 0x44, 0x46, 0x5a, 0x99, 0x99, 0x59, 0x99, 0x99, 0x59, 0x59, 0x59, 0x59, 
    0x95, 0x9a, 0x9a, 0x9a, 0x9a, 0xaa, 0xaa, 0xee, 0xee, 0xee, 0xee, 0xd4, 0x44, 0x44, 0x44, 0x55, 
    0x55, 0x55, 0x55, 0x45, 0x55, 0x55, 0x55, 0x55, 0x59, 0x95, 0x45, 0x45, 0x44, 0x44, 0x45, 0x45, 
    0x99, 0x94, 0x05, 0x45, 0x45, 0x49, 0x59, 0x99, 0xa9, 0xaa, 0x98, 0x96, 0x95, 0x55, 0x59, 0x84, 
    0x04, 0x04, 0x44, 0x45, 0x45, 0x44, 0x45, 0x59, 0x44, 0x5f, 0xee, 0xaa, 0xae, 0xae, 0xef, 0xff, 
    0xff, 0xe9, 0x99, 0x56, 0x56, 0xaf, 0x69, 0x55, 0x54, 0x00, 0x45, 0x44, 0x05, 0x44, 0x05, 0x99, 
    0x9a, 0x95, 0x55, 0x5a, 0xa6, 0x96, 0x99, 0x99, 0x5a, 0xff, 0xd9, 0x99, 0x99, 0x99, 0x5a, 0xae, 
    0xaa, 0xaa, 0x95, 0x55, 0x55, 0x55, 0x44, 0x44, 0x44, 0x44, 0x44, 0x44, 0x78, 0x44, 0x46, 0xef, 
    0xfe, 0x44, 0x04, 0x05, 0x55, 0x59, 0x99, 0x54, 0x45, 0x55, 0x44, 0x04, 0x44, 0x44, 0x44, 0x00, 
    0x45, 0x55, 0x45, 0x40, 0x00, 0x00, 0x04, 0x04, 0x44, 0x05, 0x94, 0x04, 0x45, 0x55, 0x55, 0x56, 
    0x44, 0x00, 0x44, 0x04, 0x05, 0x44, 0x45, 0x95, 0x56, 0x65, 0x11, 0x15, 0x15, 0x15, 0x15, 0x55, 
    0x15, 0x15, 0x11, 0x15, 0x11, 0x11, 0x16, 0x55, 0x55, 0x55, 0x55, 0x55, 0x55, 0x55, 0x17, 0x91, 
    0x10, 0x10, 0x00, 0x21, 0x66, 0x66, 0x66, 0x66, 0x66, 0x6a, 0x66, 0x55, 0x01, 0x01, 0x06, 0x56, 
    0x65, 0x55, 0x65, 0x55, 0x55, 0x55, 0x55, 0x56, 0x55, 0x56, 0x66, 0x66, 0x66, 0xa6, 0x66, 0xbb, 
    0xaa, 0xab, 0xab, 0xb5, 0x11, 0x11, 0x10, 0x11, 0x15, 0x11, 0x11, 0x01, 0x15, 0x15, 0x15, 0x15, 
    0x16, 0x65, 0x11, 0x11, 0x01, 0x01, 0x11, 0x02, 0x55, 0x50, 0x01, 0x11, 0x05, 0x15, 0x51, 0x51, 
    0x66, 0x66, 0x64, 0x56, 0x51, 0x11, 0x55, 0x40, 0x00, 0x01, 0x11, 0x11, 0x11, 0x11, 0x11, 0x16, 
    0x66, 0x51, 0x7a, 0xaa, 0xaa, 0x6a, 0xab, 0xaa, 0xbb, 0xbb, 0x95, 0x56, 0x15, 0xa1, 0x61, 0x51, 
    0x10, 0x01, 0x11, 0x10, 0x00, 0x00, 0x03, 0xb5, 0x15, 0x15, 0x15, 0x55, 0x12, 0x16, 0x55, 0x55, 
    0x55, 0xbf, 0xa6, 0x56, 0x56, 0x65, 0x66, 0x6a, 0xa6, 0xab, 0xaa, 0x51, 0x55, 0x12, 0x55, 0x01, 
    0x01, 0x01, 0x01, 0x01, 0x29, 0x00, 0x01, 0xb6, 0xbe, 0x11, 0x00, 0x01, 0x15, 0x15, 0x11, 0x11, 
    0x15, 0x15, 0x11, 0x01, 0x01, 0x00, 0x00, 0x00, 0x01, 0x11, 0x00, 0x00, 0x00, 0x00, 0x00, 0x01, 
    0x10, 0x01, 0x50, 0x01, 0x15, 0x11, 0x15, 0x55, 0x90, 0x00, 0x00, 0x00, 0x01, 0x11, 0x11, 0x51, 
    0x99, 0xa9, 0x95, 0x55, 0x55, 0x55, 0x59, 0x55, 0x59, 0x55, 0x55, 0x55, 0x95, 0x55, 0x55, 0x99, 
    0x99, 0x99, 0x99, 0x99, 0x99, 0x99, 0x44, 0x54, 0x80, 0x44, 0x40, 0x5d, 0xe9, 0xa9, 0xa9, 0xa9, 
    0xaa, 0xaa, 0xa9, 0x95, 0x44, 0x44, 0x46, 0x99, 0xa9, 0x99, 0x95, 0x95, 0x95, 0x95, 0x99, 0x99, 
    0x99, 0x99, 0xa9, 0xa9, 0xaa, 0xea, 0xaa, 0xaf, 0xee, 0xee, 0xee, 0xfc, 0x44, 0x44, 0x44, 0x44, 
    0x55, 0x55, 0x55, 0x54, 0x55, 0x55, 0x55, 0x55, 0x55, 0xa9, 0x44, 0x54, 0x44, 0x44, 0x55, 0x45, 
    0x99, 0x94, 0x44, 0x55, 0x55, 0x65, 0x95, 0x55, 0xaa, 0xaa, 0xa8, 0x5a, 0x95, 0x55, 0x95, 0x40, 
    0x40, 0x54, 0x55, 0x55, 0x54, 0x55, 0x55, 0x55, 0x59, 0xaa, 0x99, 0xff, 0xff, 0xea, 0xee, 0xea, 
    0xff, 0xfe, 0xa8, 0x5d, 0x5b, 0x94, 0x59, 0x94, 0x44, 0x44, 0x44, 0xd4, 0x54, 0x44, 0x46, 0xed, 
    0x99, 0x95, 0x55, 0x9d, 0x55, 0x56, 0x99, 0x95, 0x55, 0xae, 0xf9, 0x95, 0x99, 0x99, 0x99, 0xaa, 
    0xaa, 0xaf, 0xee, 0xea, 0x94, 0x55, 0xaa, 0x99, 0x54, 0x54, 0x44, 0x44, 0x5c, 0x45, 0x44, 0x7a, 
    0xfd, 0x54, 0x54, 0x40, 0x55, 0x55, 0x55, 0x54, 0x54, 0x54, 0x54, 0x40, 0x44, 0x44, 0x44, 0x40, 
    0x40, 0x40, 0x40, 0x40, 0x40, 0x40, 0x44, 0x44, 0x50, 0x55, 0x40, 0x55, 0x55, 0x55, 0x55, 0x55, 
    0x59, 0x40, 0x44, 0x44, 0x45, 0x55, 0x54, 0x45, 0x66, 0x66, 0x55, 0x51, 0x51, 0x55, 0x55, 0x55, 
    0x55, 0x51, 0x51, 0x55, 0x55, 0x11, 0x11, 0x65, 0x65, 0x55, 0x65, 0x65, 0x65, 0x65, 0x50, 0x15, 
    0x50, 0x11, 0x50, 0x17, 0xa6, 0x66, 0x66, 0x66, 0x66, 0x66, 0xa6, 0x65, 0x41, 0x10, 0x16, 0xa6, 
    0x65, 0x55, 0x55, 0x55, 0x55, 0x55, 0x55, 0x65, 0x56, 0xa6, 0x66, 0x66, 0x66, 0xa6, 0x66, 0xab, 
    0xfa, 0xba, 0xbb, 0xba, 0x11, 0x11, 0x11, 0x00, 0x11, 0x55, 0x55, 0x51, 0x11, 0x51, 0x55, 0x55, 
    0x55, 0x65, 0x51, 0x11, 0x11, 0x10, 0x11, 0x11, 0x55, 0x50, 0x11, 0x11, 0x15, 0x66, 0x11, 0x11, 
    0x66, 0x66, 0x64, 0x16, 0x51, 0x51, 0x55, 0x00, 0x00, 0x11, 0x11, 0x11, 0x11, 0x11, 0x11, 0x11, 
    0x11, 0x66, 0x65, 0x56, 0xff, 0xfb, 0xaa, 0xa6, 0xbf, 0xfa, 0xf0, 0x25, 0x7e, 0x51, 0x66, 0x00, 
    0x10, 0x01, 0x01, 0x51, 0x11, 0x50, 0x13, 0xa9, 0x56, 0x65, 0x56, 0x55, 0x55, 0x56, 0x95, 0x55, 
    0x55, 0x5b, 0xba, 0x51, 0x56, 0x65, 0x56, 0x6a, 0x66, 0x6b, 0xfa, 0x6a, 0xa5, 0x51, 0x11, 0x55, 
    0x55, 0x51, 0x11, 0x11, 0x19, 0x11, 0x40, 0x2a, 0x69, 0x11, 0x10, 0x00, 0x11, 0x11, 0x51, 0x51, 
    0x10, 0x11, 0x11, 0x10, 0x00, 0x10, 0x10, 0x00, 0x00, 0x00, 0x00, 0x00, 0x00, 0x00, 0x00, 0x11, 
    0x00, 0x11, 0x00, 0x11, 0x15, 0x51, 0x51, 0x55, 0x52, 0x50, 0x00, 0x00, 0x01, 0x11, 0x11, 0x15, 
    0x55, 0x9a, 0x55, 0x55, 0x55, 0x55, 0x5a, 0x95, 0x55, 0x55, 0x55, 0x59, 0x59, 0x55, 0x55, 0x59, 
    0x99, 0x59, 0x99, 0x99, 0x99, 0x99, 0x44, 0x44, 0x40, 0x05, 0x44, 0x0a, 0x9a, 0x99, 0x5a, 0x9a, 
    0x9a, 0xaa, 0xa9, 0x45, 0x44, 0x45, 0x5f, 0xea, 0xaa, 0x99, 0x99, 0x59, 0x55, 0x59, 0x59, 0x99, 
    0x5a, 0x99, 0x99, 0x99, 0x9a, 0xaa, 0x9a, 0xaf, 0xee, 0xee, 0xee, 0xff, 0x44, 0x44, 0x44, 0x44, 
    0x00, 0x45, 0x55, 0x55, 0x45, 0x55, 0x55, 0x55, 0x55, 0x59, 0x55, 0x44, 0x44, 0x44, 0x45, 0x45, 
    0x99, 0x94, 0x05, 0x44, 0x59, 0x98, 0x45, 0x45, 0x5a, 0x9a, 0x98, 0x5a, 0x95, 0x45, 0x58, 0x04, 
    0x04, 0x44, 0x44, 0x55, 0x45, 0x45, 0x46, 0x9a, 0x99, 0xa9, 0x99, 0x98, 0x6f, 0xff, 0xff, 0xa6, 
    0xaf, 0xef, 0xd4, 0x26, 0xfd, 0x85, 0x69, 0x44, 0x54, 0x44, 0x04, 0x45, 0x44, 0x54, 0x09, 0x59, 
    0x59, 0x95, 0x95, 0x55, 0x45, 0x55, 0xd9, 0x99, 0x59, 0x5b, 0xee, 0x99, 0x95, 0x59, 0x5a, 0x9a, 
    0xaa, 0x9a, 0xee, 0xaa, 0xaa, 0xae, 0x95, 0x55, 0x59, 0x99, 0x54, 0x44, 0x5e, 0x44, 0x44, 0x4e, 
    0x9d, 0x55, 0x45, 0x40, 0x04, 0x45, 0x55, 0x55, 0x54, 0x55, 0x44, 0x44, 0x04, 0x44, 0x44, 0x44, 
    0x04, 0x04, 0x00, 0x00, 0x00, 0x00, 0x45, 0x44, 0x54, 0x54, 0x00, 0x04, 0x55, 0x55, 0x55, 0x55, 
    0x55, 0x94, 0x04, 0x04, 0x44, 0x45, 0x55, 0x59, 0x55, 0x55, 0x15, 0x15, 0x15, 0x15, 0x56, 0x55, 
    0x15, 0x15, 0x15, 0x15, 0x55, 0x11, 0x11, 0x15, 0x55, 0x56, 0x55, 0x55, 0x56, 0x55, 0x01, 0x10, 
    0x00, 0x01, 0x00, 0x16, 0x7a, 0x66, 0x66, 0x66, 0x66, 0x66, 0x66, 0x11, 0x10, 0x11, 0x2b, 0xa6, 
    0x6a, 0x65, 0x55, 0x55, 0x55, 0x55, 0x55, 0x56, 0x56, 0xa6, 0x66, 0x66, 0x66, 0x66, 0x66, 0x2b, 
    0xbb, 0xaa, 0xab, 0xbb, 0x41, 0x11, 0x11, 0x00, 0x00, 0x01, 0x11, 0x11, 0x11, 0x15, 0x15, 0x15, 
    0x15, 0x55, 0x11, 0x11, 0x01, 0x01, 0x01, 0x01, 0x55, 0x50, 0x11, 0x11, 0x56, 0x51, 0x11, 0x11, 
    0x56, 0x66, 0x65, 0x16, 0x51, 0x15, 0x50, 0x00, 0x01, 0x11, 0x11, 0x01, 0x11, 0x16, 0x66, 0x66, 
    0x66, 0x65, 0x66, 0x56, 0x55, 0xba, 0xab, 0xbb, 0xbb, 0x65, 0x80, 0x1b, 0xb5, 0x16, 0x11, 0x01, 
    0x10, 0x00, 0x06, 0x11, 0x00, 0x10, 0x01, 0x65, 0x56, 0xa5, 0x11, 0x15, 0x01, 0x55, 0x95, 0x55, 
    0x55, 0x56, 0xba, 0x65, 0x55, 0x55, 0x26, 0x6a, 0x6a, 0x66, 0xaa, 0xaa, 0xa6, 0xba, 0x6a, 0x55, 
    0x11, 0x6b, 0xbb, 0x6b, 0xa7, 0x11, 0x00, 0x03, 0x59, 0x15, 0x11, 0x10, 0x01, 0x01, 0x11, 0x15, 
    0x11, 0x11, 0x11, 0x10, 0x00, 0x00, 0x00, 0x00, 0x00, 0x00, 0x00, 0x00, 0x00, 0x00, 0x01, 0x10, 
    0x11, 0x10, 0x00, 0x11, 0x11, 0x11, 0x15, 0x15, 0x15, 0x55, 0x00, 0x00, 0x00, 0x11, 0x11, 0x16, 
    0x55, 0x59, 0x55, 0x55, 0x55, 0x55, 0xa9, 0x95, 0x55, 0x55, 0x55, 0x95, 0x55, 0x55, 0x55, 0x59, 
    0x99, 0x99, 0x99, 0x99, 0x99, 0x99, 0x44, 0x45, 0x44, 0x44, 0x44, 0x54, 0x5a, 0xd9, 0xa9, 0xaa, 
    0xaa, 0xa9, 0xbe, 0x95, 0x65, 0x55, 0xa9, 0x5a, 0xaa, 0xa9, 0x99, 0x99, 0x95, 0x99, 0x99, 0x99, 
    0x99, 0xd9, 0x99, 0xa9, 0xa9, 0xaa, 0xaa, 0x9a, 0xfe, 0xee, 0xee, 0xfe, 0xd4, 0x44, 0x44, 0x44, 
    0x44, 0x40, 0x45, 0x55, 0x54, 0x55, 0x55, 0x55, 0x55, 0x55, 0x55, 0x54, 0x44, 0x44, 0x44, 0x45, 
    0x59, 0x94, 0x54, 0x55, 0x99, 0x44, 0x54, 0x54, 0x59, 0xa9, 0xa9, 0x5a, 0x55, 0x55, 0x94, 0x40, 
    0x54, 0x54, 0x54, 0x54, 0x45, 0x55, 0x55, 0x99, 0xaa, 0xaa, 0x99, 0x99, 0x99, 0x5f, 0xfe, 0xee, 
    0xed, 0x46, 0x80, 0x7f, 0xfe, 0x96, 0x44, 0x54, 0x44, 0x40, 0x40, 0x54, 0x44, 0x54, 0x44, 0x44, 
    0x59, 0x55, 0x94, 0x55, 0x55, 0x55, 0xd9, 0x99, 0x95, 0xa9, 0xbf, 0xa9, 0x99, 0x99, 0x99, 0x99, 
    0xaa, 0xaa, 0xa9, 0xaa, 0xaa, 0xae, 0xaa, 0xa9, 0x6f, 0xff, 0xe9, 0x54, 0x46, 0x44, 0x95, 0x95, 
    0xd9, 0x45, 0x55, 0x54, 0x45, 0x54, 0x55, 0x55, 0x54, 0x55, 0x94, 0x44, 0x44, 0x44, 0x44, 0x44, 
    0x44, 0x40, 0x40, 0x40, 0x40, 0x44, 0x44, 0x40, 0x44, 0x40, 0x40, 0x55, 0x54, 0x55, 0x55, 0x55, 
    0x55, 0x69, 0x94, 0x44, 0x44, 0x55, 0x55, 0x59, 0x55, 0x55, 0x51, 0x51, 0x51, 0x55, 0x66, 0x65, 
    0x55, 0x55, 0x55, 0x65, 0x51, 0x11, 0x11, 0x55, 0x65, 0x65, 0x65, 0x65, 0x65, 0x65, 0x51, 0x55, 
    0x50, 0x00, 0x11, 0x69, 0x16, 0x66, 0x66, 0x66, 0x66, 0xa5, 0x66, 0xa6, 0x51, 0x16, 0xaa, 0xa6, 
    0xa6, 0xa6, 0x55, 0x55, 0x55, 0x55, 0x6b, 0x66, 0x66, 0xa5, 0x66, 0x66, 0x66, 0x7a, 0x66, 0xa2, 
    0xbb, 0xba, 0xbb, 0xbb, 0xa1, 0x11, 0x11, 0x11, 0x00, 0x00, 0x00, 0x11, 0x51, 0x11, 0x55, 0x55, 
    0x55, 0x55, 0x11, 0x11, 0x10, 0x10, 0x10, 0x10, 0x15, 0x60, 0x11, 0x15, 0x65, 0x11, 0x11, 0x11, 
    0x26, 0x66, 0x65, 0x26, 0x51, 0x65, 0x50, 0x00, 0x11, 0x11, 0x11, 0x11, 0x55, 0x11, 0x51, 0x65, 
    0x55, 0x66, 0x65, 0x65, 0x51, 0x52, 0xbb, 0xbb, 0xb0, 0x1b, 0x41, 0x3f, 0xf5, 0x51, 0x11, 0x11, 
    0x00, 0x00, 0x10, 0x11, 0x11, 0x10, 0x00, 0x11, 0x15, 0x56, 0xa2, 0x55, 0x55, 0x51, 0xa5, 0x65, 
    0x55, 0x55, 0x6b, 0x65, 0x55, 0x66, 0x66, 0x65, 0x66, 0x66, 0xa5, 0x66, 0x66, 0x66, 0x66, 0xa9, 
    0xbf, 0xa5, 0x10, 0x11, 0x11, 0x50, 0x11, 0x51, 0x69, 0x11, 0x11, 0x11, 0x11, 0x50, 0x11, 0x55, 
    0x59, 0x26, 0xa1, 0x10, 0x00, 0x00, 0x00, 0x00, 0x00, 0x00, 0x00, 0x00, 0x00, 0x00, 0x11, 0x00, 
    0x00, 0x00, 0x00, 0x11, 0x51, 0x11, 0x51, 0x55, 0x55, 0x15, 0x65, 0x00, 0x10, 0x11, 0x51, 0x15, 
    0x59, 0x55, 0x55, 0x55, 0x55, 0x55, 0x59, 0x99, 0x95, 0x55, 0x55, 0x55, 0x55, 0x55, 0x55, 0x99, 
    0x99, 0x99, 0x99, 0x99, 0x99, 0x99, 0x99, 0x94, 0x44, 0x45, 0x44, 0x69, 0x95, 0x99, 0x9a, 0x9a, 
    0xaa, 0xaa, 0xaa, 0x99, 0x95, 0x99, 0xaa, 0xaa, 0x95, 0x99, 0x95, 0x55, 0x55, 0x59, 0x9b, 0xe9, 
    0x99, 0xa9, 0x99, 0x99, 0x99, 0xae, 0xaa, 0xa8, 0xae, 0xef, 0xee, 0xef, 0xe4, 0x44, 0x44, 0x44, 
    0x44, 0x44, 0x04, 0x04, 0x55, 0x44, 0x55, 0x55, 0x55, 0x55, 0x45, 0x44, 0x44, 0x44, 0x44, 0x40, 
    0x19, 0x54, 0x44, 0x59, 0x98, 0x45, 0x45, 0x44, 0x5a, 0x9a, 0x98, 0x69, 0x55, 0x99, 0x44, 0x04, 
    0x44, 0x44, 0x44, 0x44, 0x45, 0x55, 0x99, 0x99, 0x99, 0x59, 0x59, 0x99, 0x55, 0x59, 0x6e, 0xff, 
    0xd4, 0xbf, 0x44, 0x7f, 0xd5, 0x54, 0x44, 0x44, 0x05, 0x94, 0x44, 0x04, 0x55, 0x44, 0x44, 0x44, 
    0x59, 0x56, 0xd6, 0x9a, 0x55, 0x45, 0xd9, 0x99, 0x55, 0x56, 0x9b, 0xd9, 0x55, 0x99, 0x9a, 0xa9, 
    0x5a, 0xaa, 0xa9, 0x99, 0xa9, 0xaa, 0x95, 0x59, 0x69, 0x44, 0x54, 0x44, 0x44, 0x44, 0x0a, 0x45, 
    0xad, 0x45, 0x55, 0x55, 0x54, 0x55, 0x55, 0xa9, 0x99, 0x45, 0x94, 0x44, 0x44, 0x04, 0x04, 0x04, 
    0x04, 0x04, 0x04, 0x04, 0x04, 0x44, 0x44, 0x04, 0x04, 0x04, 0x05, 0x45, 0x55, 0x55, 0x55, 0x55, 
    0x95, 0x49, 0x99, 0x44, 0x44, 0x45, 0x55, 0x49, 0x15, 0x15, 0x15, 0x55, 0x16, 0x55, 0x55, 0x66, 
    0x55, 0x15, 0x15, 0x15, 0x11, 0x11, 0x11, 0x56, 0x55, 0x55, 0x56, 0x56, 0x56, 0x56, 0x55, 0x55, 
    0x11, 0x15, 0x50, 0x56, 0x55, 0x15, 0x66, 0x66, 0x66, 0xa6, 0x66, 0x66, 0x66, 0x96, 0x66, 0x66, 
    0x55, 0x66, 0x55, 0x55, 0x55, 0x55, 0x56, 0xa6, 0x55, 0x56, 0x65, 0x66, 0x66, 0x6a, 0x66, 0x69, 
    0x1a, 0xab, 0xbb, 0xbb, 0xb0, 0x11, 0x11, 0x01, 0x10, 0x00, 0x00, 0x00, 0x01, 0x11, 0x05, 0x15, 
    0x15, 0x15, 0x01, 0x11, 0x00, 0x01, 0x00, 0x00, 0x05, 0x10, 0x11, 0x56, 0x61, 0x11, 0x11, 0x01, 
    0x2a, 0x66, 0x54, 0x65, 0x15, 0x55, 0x00, 0x01, 0x00, 0x00, 0x00, 0x01, 0x00, 0x11, 0x66, 0x66, 
    0x66, 0x65, 0x55, 0x11, 0x15, 0x16, 0x57, 0xba, 0x67, 0xbf, 0x00, 0x3e, 0x11, 0x01, 0x00, 0x01, 
    0x15, 0x29, 0x50, 0x01, 0x15, 0x00, 0x00, 0x05, 0x25, 0x17, 0x95, 0x15, 0x51, 0x15, 0xa5, 0x55, 
    0x55, 0x11, 0x56, 0x95, 0x56, 0x6b, 0xa6, 0x65, 0x6a, 0x66, 0xb6, 0x56, 0x56, 0x56, 0x65, 0x97, 
    0x80, 0x06, 0xaa, 0x50, 0x16, 0x51, 0x02, 0x91, 0xa9, 0x11, 0x11, 0x11, 0x16, 0x15, 0x16, 0x66, 
    0x66, 0x51, 0x11, 0x11, 0x11, 0x00, 0x00, 0x00, 0x00, 0x00, 0x00, 0x00, 0x00, 0x10, 0x00, 0x00, 
    0x00, 0x00, 0x01, 0x15, 0x11, 0x15, 0x55, 0x15, 0x55, 0x52, 0x56, 0x50, 0x00, 0x05, 0x11, 0x05, 
    0x55, 0x55, 0x55, 0x95, 0x59, 0xa9, 0x99, 0x95, 0x99, 0x55, 0x55, 0x55, 0x55, 0x55, 0x55, 0x59, 
    0x99, 0x99, 0x99, 0x99, 0x99, 0x99, 0x99, 0x99, 0x54, 0x45, 0x99, 0x99, 0x99, 0xa9, 0x69, 0xa9, 
    0xaa, 0xaa, 0xa9, 0x99, 0xaa, 0x94, 0xa9, 0xa9, 0x99, 0xa9, 0x95, 0x95, 0x95, 0x95, 0x99, 0xfd, 
    0x9a, 0x95, 0x54, 0x55, 0x99, 0xae, 0xaa, 0xaa, 0x46, 0xe7, 0xff, 0xff, 0xf8, 0x44, 0x44, 0x44, 
    0x44, 0x40, 0x40, 0x40, 0x40, 0x45, 0x45, 0x55, 0x55, 0x55, 0x45, 0x54, 0x44, 0x44, 0x44, 0x40, 
    0x45, 0x90, 0x55, 0x99, 0x94, 0x54, 0x54, 0x54, 0x6a, 0xaa, 0x94, 0xa9, 0x55, 0x95, 0x40, 0x40, 
    0x40, 0x40, 0x44, 0x45, 0x55, 0x55, 0x5a, 0xaa, 0xaa, 0xea, 0xa9, 0x95, 0x55, 0x95, 0x94, 0xea, 
    0xdf, 0xfe, 0x40, 0x78, 0x54, 0x44, 0x54, 0x44, 0x44, 0x5d, 0x94, 0x45, 0x55, 0x44, 0x44, 0x54, 
    0x55, 0x5b, 0xd9, 0x5d, 0x54, 0x55, 0xe9, 0x99, 0x95, 0x55, 0x95, 0xa5, 0x59, 0xaa, 0xaa, 0xa9, 
    0xea, 0xaa, 0xf9, 0xad, 0x45, 0x55, 0x9a, 0xd7, 0xd0, 0x5e, 0xa9, 0x9a, 0xea, 0x84, 0x45, 0xe6, 
    0xf9, 0x55, 0x55, 0x55, 0x56, 0xd5, 0x45, 0xaa, 0xea, 0x94, 0x44, 0x44, 0x54, 0x40, 0x44, 0x40, 
    0x40, 0x40, 0x40, 0x40, 0x44, 0x54, 0x44, 0x44, 0x44, 0x44, 0x44, 0x55, 0x55, 0x55, 0x55, 0x55, 
    0x55, 0x95, 0x99, 0x94, 0x44, 0x45, 0x55, 0x55, 0x51, 0x51, 0x51, 0x55, 0x55, 0xa6, 0x55, 0x55, 
    0x55, 0x55, 0x55, 0x55, 0x11, 0x11, 0x51, 0x11, 0x65, 0x55, 0x55, 0x65, 0x66, 0x65, 0x65, 0x65, 
    0x55, 0x11, 0x66, 0x65, 0x65, 0x66, 0x65, 0x66, 0x66, 0xa6, 0x65, 0x56, 0xa6, 0x66, 0x56, 0x66, 
    0x55, 0x56, 0x55, 0x55, 0x55, 0x55, 0x66, 0x65, 0x56, 0x11, 0x66, 0x65, 0x66, 0x67, 0xa6, 0xaa, 
    0x91, 0x11, 0xbb, 0xbb, 0xb5, 0x11, 0x11, 0x11, 0x10, 0x00, 0x00, 0x00, 0x00, 0x00, 0x10, 0x11, 
    0x51, 0x55, 0x51, 0x10, 0x10, 0x10, 0x10, 0x10, 0x02, 0x50, 0x15, 0x56, 0x51, 0x11, 0x11, 0x51, 
    0x26, 0x66, 0x51, 0xa5, 0x56, 0x55, 0x00, 0x00, 0x00, 0x00, 0x11, 0x11, 0x10, 0x11, 0x55, 0x66, 
    0xa6, 0x56, 0x65, 0x65, 0x55, 0x65, 0x65, 0x2a, 0x3b, 0xa5, 0x00, 0x21, 0x10, 0x11, 0x10, 0x10, 
    0x15, 0x16, 0x50, 0x11, 0x01, 0x16, 0x50, 0x11, 0x65, 0x51, 0x59, 0x69, 0x61, 0x51, 0xa5, 0x55, 
    0x51, 0x55, 0x55, 0x51, 0x65, 0x66, 0x6a, 0x66, 0xa6, 0xaa, 0xb6, 0xf5, 0x11, 0x51, 0x66, 0x69, 
    0x60, 0x1b, 0xba, 0xa6, 0x6a, 0x91, 0x01, 0x6a, 0xb9, 0x51, 0x11, 0x11, 0x11, 0x61, 0x01, 0x51, 
    0x51, 0x51, 0x11, 0x51, 0x11, 0x10, 0x00, 0x00, 0x00, 0x00, 0x00, 0x00, 0x11, 0x10, 0x15, 0x51, 
    0x10, 0x11, 0x00, 0x11, 0x55, 0x11, 0x51, 0x51, 0x55, 0x50, 0x51, 0x60, 0x10, 0x01, 0x51, 0x51, 
    0x55, 0x55, 0x55, 0xa9, 0x59, 0x9a, 0x99, 0x55, 0x55, 0x55, 0x55, 0x55, 0x55, 0x45, 0x55, 0x55, 
    0x59, 0x55, 0x55, 0x99, 0x99, 0x99, 0x99, 0x99, 0x95, 0x44, 0x59, 0x99, 0x99, 0x9a, 0xa9, 0x9a, 
    0x9a, 0x99, 0x99, 0x9a, 0x9a, 0x9a, 0xa9, 0x59, 0x55, 0x5a, 0x99, 0x59, 0x55, 0x59, 0x9a, 0x99, 
    0x5a, 0x45, 0x99, 0x99, 0x99, 0x9a, 0x9a, 0xaa, 0xa5, 0x44, 0x6f, 0xff, 0xfc, 0x54, 0x44, 0x44, 
    0x44, 0x44, 0x04, 0x00, 0x00, 0x00, 0x04, 0x45, 0x55, 0x55, 0x45, 0x44, 0x44, 0x44, 0x44, 0x44, 
    0x05, 0x94, 0x69, 0x99, 0x45, 0x45, 0x45, 0x54, 0x5a, 0x9a, 0x45, 0xa9, 0x59, 0x54, 0x00, 0x04, 
    0x04, 0x04, 0x44, 0x44, 0x44, 0x45, 0x55, 0x55, 0x55, 0x5a, 0xe9, 0x5a, 0x99, 0x59, 0x56, 0xe9, 
    0xbd, 0x45, 0x40, 0x44, 0x04, 0x45, 0x44, 0x46, 0xe8, 0x46, 0x44, 0x44, 0x05, 0x96, 0x44, 0x05, 
    0x59, 0x55, 0x55, 0x69, 0xa6, 0x55, 0xe9, 0x59, 0x54, 0x59, 0xa9, 0x55, 0x59, 0x99, 0x95, 0x9a, 
    0xaa, 0xaa, 0x9f, 0xe4, 0x44, 0x44, 0x55, 0xfd, 0x54, 0x9a, 0xaa, 0xaa, 0xa9, 0x44, 0x44, 0x5a, 
    0xbe, 0x55, 0x55, 0x55, 0x45, 0x58, 0x45, 0x55, 0x55, 0x55, 0x45, 0x55, 0x44, 0x44, 0x44, 0x04, 
    0x04, 0x04, 0x04, 0x04, 0x45, 0x44, 0x04, 0x44, 0x45, 0x94, 0x44, 0x55, 0x55, 0x45, 0x55, 0x55, 
    0x55, 0x45, 0x54, 0x58, 0x44, 0x44, 0x55, 0x55, 0x15, 0x15, 0x16, 0x66, 0x66, 0x56, 0x55, 0x55, 
    0x55, 0x15, 0x15, 0x15, 0x11, 0x15, 0x11, 0x11, 0x15, 0x11, 0x15, 0x56, 0x56, 0x55, 0x55, 0x56, 
    0x55, 0x10, 0x15, 0x55, 0x55, 0x66, 0x6a, 0x66, 0x66, 0x66, 0x56, 0x66, 0x66, 0x66, 0x65, 0x65, 
    0x55, 0x56, 0x55, 0x55, 0x55, 0x55, 0x55, 0x51, 0x11, 0x15, 0x66, 0x56, 0x56, 0x66, 0xa6, 0x6a, 
    0x65, 0x11, 0xab, 0xbb, 0xb9, 0x10, 0x01, 0x11, 0x01, 0x00, 0x00, 0x00, 0x00, 0x00, 0x00, 0x01, 
    0x15, 0x15, 0x01, 0x10, 0x00, 0x01, 0x01, 0x10, 0x01, 0x51, 0x66, 0x65, 0x11, 0x11, 0x55, 0x55, 
    0x16, 0x66, 0x11, 0x65, 0x55, 0x50, 0x00, 0x00, 0x00, 0x00, 0x00, 0x00, 0x01, 0x11, 0x10, 0x01, 
    0x05, 0x26, 0x6a, 0x56, 0x6a, 0x55, 0x2b, 0xa5, 0x91, 0x12, 0x80, 0x00, 0x01, 0x11, 0x10, 0x16, 
    0x55, 0x01, 0x10, 0x00, 0x06, 0x40, 0x15, 0x01, 0x15, 0x56, 0x65, 0x55, 0x56, 0xa5, 0xa5, 0x55, 
    0x55, 0x55, 0x6a, 0x11, 0x11, 0x55, 0x55, 0x56, 0x6a, 0xaa, 0xbf, 0x90, 0x11, 0x11, 0x16, 0x90, 
    0x11, 0x11, 0x6a, 0xaa, 0x55, 0x66, 0x00, 0x16, 0x66, 0x51, 0x11, 0x11, 0x11, 0x15, 0x11, 0x11, 
    0x11, 0x11, 0x11, 0x15, 0x11, 0x01, 0x11, 0x00, 0x00, 0x00, 0x00, 0x01, 0x11, 0x00, 0x01, 0x55, 
    0x56, 0x50, 0x01, 0x15, 0x15, 0x11, 0x11, 0x15, 0x15, 0x12, 0x50, 0x15, 0x00, 0x00, 0x15, 0x51, 
    0x55, 0x55, 0x55, 0xa9, 0x99, 0x99, 0xa9, 0x55, 0x55, 0x55, 0x55, 0x55, 0x55, 0x55, 0x55, 0x55, 
    0x55, 0x55, 0x55, 0x99, 0x99, 0x95, 0x55, 0x99, 0x99, 0x54, 0x49, 0x99, 0x99, 0xaa, 0xaa, 0xaa, 
    0xa9, 0x99, 0x95, 0xaa, 0xaa, 0xaa, 0xaa, 0xa9, 0x99, 0x99, 0x95, 0xa9, 0x95, 0x95, 0x99, 0x95, 
    0x54, 0x55, 0x99, 0x99, 0x99, 0xaa, 0xea, 0xaa, 0xa9, 0x54, 0xbf, 0xff, 0xf8, 0x55, 0x44, 0x44, 
    0x44, 0x40, 0x40, 0x40, 0x40, 0x40, 0x40, 0x40, 0x55, 0x55, 0x54, 0x54, 0x44, 0x44, 0x44, 0x44, 
    0x44, 0x95, 0x99, 0xa8, 0x55, 0x55, 0x95, 0x99, 0x5a, 0xa9, 0x55, 0xa5, 0xa9, 0x90, 0x40, 0x44, 
    0x44, 0x44, 0x40, 0x40, 0x45, 0xe9, 0x45, 0x99, 0x55, 0x9a, 0xaa, 0xa9, 0xa9, 0x99, 0xfe, 0xf9, 
    0x95, 0x59, 0x80, 0x44, 0x44, 0x44, 0x54, 0xaa, 0x45, 0x45, 0x44, 0x40, 0x54, 0x44, 0x54, 0x44, 
    0x55, 0x9a, 0x95, 0x55, 0x55, 0xd5, 0xe9, 0x95, 0x95, 0x59, 0x95, 0x95, 0x95, 0x59, 0x99, 0x99, 
    0xaa, 0xea, 0xff, 0xd4, 0x54, 0x55, 0xaa, 0x94, 0x44, 0x54, 0xaa, 0xa9, 0x46, 0x9f, 0x84, 0x55, 
    0xa5, 0x95, 0x55, 0x55, 0x55, 0x55, 0x94, 0x55, 0x55, 0x55, 0x54, 0x55, 0x94, 0x44, 0x54, 0x54, 
    0x44, 0x44, 0x44, 0x44, 0x54, 0x44, 0x40, 0x55, 0x99, 0x84, 0x54, 0x55, 0x55, 0x55, 0x55, 0x55, 
    0x54, 0x55, 0xa5, 0x49, 0x44, 0x44, 0x55, 0x54, 0x51, 0x51, 0x55, 0x55, 0x55, 0x66, 0x65, 0x55, 
    0x55, 0x55, 0x55, 0x51, 0x51, 0x51, 0x51, 0x11, 0x11, 0x11, 0x55, 0x65, 0x65, 0x55, 0x55, 0x65, 
    0x65, 0x55, 0x11, 0x55, 0x66, 0x66, 0xaa, 0xa6, 0xa9, 0x66, 0x56, 0x66, 0x6a, 0xa6, 0xa6, 0x65, 
    0x55, 0x55, 0x55, 0x55, 0x55, 0x55, 0x65, 0x55, 0x10, 0x15, 0x56, 0x66, 0x66, 0x66, 0xa6, 0xa6, 
    0xaa, 0x51, 0x1b, 0xbb, 0xf5, 0x11, 0x51, 0x11, 0x11, 0x10, 0x00, 0x00, 0x00, 0x00, 0x00, 0x00, 
    0x15, 0x51, 0x51, 0x10, 0x10, 0x10, 0x11, 0x10, 0x00, 0x52, 0x61, 0x61, 0x11, 0x15, 0x55, 0x65, 
    0x56, 0x65, 0x12, 0x96, 0x65, 0x50, 0x00, 0x00, 0x01, 0x10, 0x00, 0x00, 0x16, 0xa5, 0x56, 0x65, 
    0x55, 0x56, 0x66, 0xa6, 0x66, 0x6b, 0xfb, 0xea, 0x11, 0x66, 0x50, 0x10, 0x01, 0x11, 0x15, 0x11, 
    0x11, 0x11, 0x11, 0x00, 0x10, 0x06, 0x50, 0x11, 0x55, 0x79, 0x55, 0x51, 0x55, 0xa6, 0xb5, 0x55, 
    0x55, 0x55, 0x55, 0x65, 0x51, 0x11, 0x65, 0x55, 0x56, 0x6b, 0xfa, 0xa1, 0x11, 0x65, 0x55, 0x15, 
    0x01, 0x11, 0x65, 0x65, 0x66, 0xbb, 0x91, 0x15, 0x65, 0x10, 0x11, 0x11, 0x11, 0x11, 0x11, 0x11, 
    0x11, 0x51, 0x11, 0x11, 0x55, 0x11, 0x11, 0x11, 0x11, 0x11, 0x11, 0x11, 0x10, 0x01, 0x00, 0x15, 
    0x55, 0x50, 0x01, 0x55, 0x55, 0x51, 0x51, 0x55, 0x55, 0x51, 0x61, 0x52, 0x50, 0x10, 0x15, 0x55, 
    0x55, 0x55, 0x55, 0x55, 0x55, 0x59, 0xa9, 0x55, 0x55, 0x55, 0x55, 0x55, 0x55, 0x55, 0x55, 0x55, 
    0x55, 0x55, 0x55, 0x99, 0x99, 0x59, 0x59, 0x99, 0x99, 0x59, 0x94, 0x55, 0x99, 0x9a, 0xaa, 0x9a, 
    0xa9, 0x59, 0x59, 0x9a, 0x99, 0xaa, 0xaa, 0x99, 0x59, 0x59, 0x59, 0x59, 0x99, 0x99, 0x5a, 0x69, 
    0x44, 0x05, 0x9a, 0x99, 0x99, 0x99, 0xaa, 0xaa, 0xaa, 0x95, 0x45, 0xff, 0xf5, 0x55, 0x44, 0x45, 
    0x44, 0x44, 0x00, 0x00, 0x00, 0x00, 0x04, 0x00, 0x05, 0x55, 0x54, 0x44, 0x44, 0x44, 0x44, 0x44, 
    0x04, 0x55, 0x95, 0x94, 0x45, 0x55, 0x59, 0x55, 0x5a, 0x95, 0x46, 0x99, 0x99, 0x44, 0x00, 0x04, 
    0x44, 0x44, 0x04, 0x04, 0x6a, 0xaa, 0x99, 0x59, 0x99, 0x59, 0x99, 0xaa, 0x9a, 0xff, 0xfe, 0x95, 
    0x46, 0x95, 0x44, 0x44, 0x45, 0x55, 0xa9, 0x44, 0x44, 0x44, 0x44, 0x44, 0x54, 0x6e, 0x44, 0x55, 
    0x95, 0x59, 0x95, 0x55, 0x95, 0xe9, 0xe9, 0x55, 0x55, 0x59, 0x55, 0x59, 0x54, 0x55, 0x55, 0x59, 
    0x95, 0xff, 0xfe, 0xf9, 0x46, 0x45, 0xad, 0x49, 0x45, 0x45, 0x59, 0x9a, 0xff, 0xe9, 0x44, 0x45, 
    0x9a, 0x40, 0x44, 0x45, 0x45, 0x45, 0x44, 0x45, 0x45, 0x55, 0x45, 0x44, 0x55, 0x44, 0x45, 0x45, 
    0x45, 0x44, 0x45, 0x44, 0x44, 0x44, 0x04, 0x05, 0x54, 0x44, 0x45, 0x55, 0x55, 0x55, 0x55, 0x59, 
    0x55, 0x94, 0x64, 0x45, 0x94, 0x44, 0x49, 0x59, 0x15, 0x15, 0x15, 0x15, 0x55, 0x56, 0x65, 0x55, 
    0x55, 0x15, 0x15, 0x15, 0x15, 0x15, 0x11, 0x11, 0x11, 0x11, 0x15, 0x55, 0x55, 0x55, 0x15, 0x55, 
    0x55, 0x55, 0x55, 0x01, 0x56, 0x6a, 0x66, 0x66, 0x66, 0x65, 0x16, 0x66, 0x66, 0x66, 0xaa, 0x65, 
    0x56, 0x55, 0x55, 0x55, 0x56, 0x65, 0x56, 0x6a, 0x00, 0x00, 0x56, 0x66, 0x66, 0x65, 0x66, 0x66, 
    0x6a, 0xa1, 0x11, 0x1b, 0x51, 0x11, 0x11, 0x11, 0x11, 0x10, 0x00, 0x00, 0x00, 0x00, 0x00, 0x00, 
    0x01, 0x15, 0x51, 0x01, 0x01, 0x00, 0x01, 0x00, 0x00, 0x16, 0x56, 0x41, 0x12, 0x55, 0x65, 0x06, 
    0x16, 0x61, 0x16, 0x66, 0x65, 0x00, 0x00, 0x11, 0x00, 0x00, 0x10, 0x01, 0x6a, 0x6a, 0x66, 0x51, 
    0x16, 0x55, 0x6b, 0xaa, 0x6f, 0xff, 0xb9, 0x01, 0x1a, 0x11, 0x10, 0x01, 0x11, 0x56, 0x51, 0x11, 
    0x00, 0x01, 0x00, 0x00, 0x10, 0x75, 0x00, 0x55, 0x65, 0xb5, 0x55, 0x15, 0x15, 0xb6, 0xb5, 0x51, 
    0x55, 0x69, 0x55, 0x15, 0x55, 0x55, 0x55, 0x55, 0x57, 0xab, 0xaa, 0x6a, 0x01, 0x2b, 0xb9, 0x00, 
    0x11, 0x15, 0x56, 0xbb, 0xa5, 0x55, 0x51, 0x11, 0x5b, 0x00, 0x01, 0x11, 0x11, 0x11, 0x00, 0x00, 
    0x11, 0x11, 0x01, 0x01, 0x01, 0x65, 0x11, 0x11, 0x11, 0x11, 0x11, 0x00, 0x11, 0x00, 0x00, 0x16, 
    0x61, 0x11, 0x15, 0x55, 0x11, 0x15, 0x15, 0x55, 0x51, 0x55, 0x10, 0x50, 0x51, 0x00, 0x05, 0x55, 
    0x55, 0x55, 0x55, 0x59, 0x55, 0x95, 0xa9, 0x55, 0x55, 0x55, 0x55, 0x55, 0x55, 0x55, 0x55, 0x55, 
    0x55, 0x55, 0x55, 0x59, 0x99, 0x95, 0x55, 0x99, 0x99, 0x99, 0x99, 0x94, 0x59, 0xa9, 0xa9, 0x9a, 
    0xa9, 0xa9, 0x59, 0x99, 0x9a, 0x99, 0xaa, 0xa9, 0x99, 0x99, 0x95, 0x99, 0x9a, 0xa9, 0x99, 0x9a, 
    0x44, 0x45, 0x99, 0x99, 0x99, 0x99, 0xaa, 0xaa, 0xaa, 0xe8, 0x55, 0x55, 0x65, 0x55, 0x54, 0x54, 
    0x54, 0x54, 0x40, 0x40, 0x40, 0x40, 0x40, 0x40, 0x40, 0x55, 0x54, 0x44, 0x44, 0x44, 0x44, 0x54, 
    0x44, 0x59, 0x59, 0x54, 0x59, 0x99, 0x94, 0x44, 0x59, 0x94, 0x4a, 0xaa, 0x95, 0x40, 0x44, 0x40, 
    0x40, 0x40, 0x40, 0x44, 0x45, 0xaa, 0xaa, 0xa9, 0x95, 0x9a, 0xfe, 0xea, 0xff, 0xff, 0xe9, 0x59, 
    0xad, 0x54, 0x44, 0x44, 0x55, 0xc5, 0x55, 0x55, 0x44, 0x44, 0x44, 0x40, 0x44, 0x94, 0x44, 0x59, 
    0x99, 0xaa, 0x95, 0x5a, 0x95, 0xb9, 0xf9, 0x95, 0x95, 0x6a, 0xd5, 0x55, 0x55, 0x99, 0x95, 0x99, 
    0x6e, 0xae, 0xee, 0x9b, 0x94, 0xae, 0xe9, 0x40, 0x44, 0x5a, 0xfe, 0x94, 0x55, 0x5a, 0x94, 0x54, 
    0x59, 0x44, 0x44, 0x45, 0x55, 0x55, 0x54, 0x40, 0x45, 0x54, 0x54, 0x55, 0x54, 0x54, 0x95, 0x44, 
    0x54, 0x55, 0x54, 0x44, 0x44, 0x00, 0x44, 0x49, 0xd4, 0x54, 0x55, 0x95, 0x55, 0x59, 0x99, 0x95, 
    0x95, 0x99, 0x40, 0x54, 0x55, 0x44, 0x45, 0x99, 0x55, 0x51, 0x55, 0x55, 0x55, 0x55, 0x6a, 0x95, 
    0x55, 0x55, 0x51, 0x51, 0x51, 0x55, 0x11, 0x11, 0x11, 0x11, 0x51, 0x55, 0x55, 0x55, 0x51, 0x55, 
    0x55, 0x65, 0x65, 0x65, 0x01, 0x66, 0x66, 0x66, 0x66, 0x65, 0x56, 0x66, 0x66, 0x66, 0x66, 0xa6, 
    0x65, 0x55, 0x55, 0x56, 0x66, 0xa5, 0x65, 0x5a, 0x15, 0x01, 0x1a, 0x66, 0x66, 0x66, 0xba, 0x66, 
    0xaa, 0xa9, 0x51, 0x51, 0x65, 0x11, 0x10, 0x11, 0x11, 0x11, 0x10, 0x00, 0x00, 0x00, 0x00, 0x00, 
    0x00, 0x01, 0x50, 0x10, 0x10, 0x00, 0x10, 0x10, 0x00, 0x15, 0x65, 0x11, 0x65, 0x65, 0x51, 0x11, 
    0x26, 0x51, 0x16, 0x66, 0x55, 0x00, 0x00, 0x10, 0x00, 0x00, 0x00, 0x16, 0x56, 0x55, 0xa5, 0x66, 
    0x52, 0xbb, 0xba, 0xbb, 0xff, 0xff, 0x52, 0x55, 0x75, 0x11, 0x00, 0x00, 0x01, 0x11, 0x51, 0x11, 
    0x00, 0x01, 0x11, 0x11, 0x01, 0x50, 0x11, 0x2a, 0x55, 0x55, 0x51, 0x16, 0x55, 0x7a, 0xb5, 0x51, 
    0x55, 0x56, 0x56, 0xa5, 0x65, 0x55, 0x55, 0x56, 0xba, 0xba, 0xaa, 0xa6, 0xd0, 0x65, 0x56, 0x00, 
    0x27, 0xfa, 0x51, 0x11, 0x11, 0x16, 0x55, 0x01, 0x11, 0x00, 0x00, 0x01, 0x11, 0x11, 0x10, 0x00, 
    0x00, 0x11, 0x51, 0x11, 0x11, 0x51, 0x11, 0x11, 0x51, 0x51, 0x11, 0x00, 0x00, 0x00, 0x10, 0x11, 
    0x51, 0x11, 0x15, 0x55, 0x51, 0x59, 0xa6, 0x55, 0x55, 0x61, 0x10, 0x15, 0x11, 0x10, 0x01, 0x65, 
    0x55, 0x55, 0x55, 0x59, 0x55, 0x59, 0x5e, 0x99, 0x55, 0x55, 0x55, 0x55, 0x55, 0x55, 0x55, 0x55, 
    0x55, 0x55, 0x55, 0x55, 0x55, 0x55, 0x55, 0x95, 0x59, 0x99, 0x99, 0x99, 0x94, 0x59, 0x99, 0x99, 
    0x99, 0x9a, 0x99, 0x99, 0x99, 0x99, 0x9a, 0x99, 0x99, 0x59, 0x59, 0x59, 0x9a, 0xa9, 0x99, 0x9a, 
    0x69, 0x44, 0x5f, 0x9a, 0x99, 0x99, 0xae, 0xaa, 0xaa, 0xa9, 0x55, 0x55, 0x55, 0x95, 0x58, 0x44, 
    0x44, 0x45, 0x44, 0x44, 0x04, 0x00, 0x00, 0x04, 0x04, 0x05, 0x54, 0x44, 0x44, 0x44, 0x44, 0x44, 
    0x04, 0x55, 0x58, 0x46, 0x99, 0x99, 0x44, 0x44, 0x5a, 0x85, 0x5a, 0x9a, 0x94, 0x04, 0x04, 0x04, 
    0x04, 0x04, 0x44, 0xaa, 0xa9, 0xa9, 0xa9, 0x99, 0x6f, 0xe9, 0x9e, 0xbf, 0xff, 0xe9, 0x59, 0x59, 
    0x64, 0x44, 0x04, 0x04, 0x45, 0x45, 0x55, 0x44, 0x04, 0x45, 0x4a, 0x45, 0x45, 0x05, 0x54, 0x5e, 
    0xe9, 0x55, 0x55, 0x5a, 0x99, 0xbe, 0xe9, 0x55, 0x59, 0x5a, 0x99, 0xae, 0x95, 0x55, 0x59, 0x5f, 
    0xee, 0xef, 0xee, 0xa9, 0xe4, 0x59, 0xae, 0x84, 0xde, 0x95, 0x45, 0x44, 0x44, 0x45, 0x44, 0x44, 
    0x44, 0x40, 0x04, 0x04, 0x55, 0x45, 0x44, 0x40, 0x04, 0x05, 0x55, 0x55, 0x45, 0x45, 0x55, 0x45, 
    0x45, 0x45, 0x45, 0x44, 0x00, 0x44, 0x44, 0x45, 0x45, 0x44, 0x59, 0x55, 0x55, 0x5e, 0x99, 0x99, 
    0x59, 0x94, 0x59, 0x56, 0x85, 0x44, 0x45, 0x99, 0x15, 0x15, 0x15, 0x15, 0x55, 0x55, 0x56, 0x65, 
    0x55, 0x15, 0x15, 0x15, 0x15, 0x11, 0x11, 0x11, 0x11, 0x11, 0x11, 0x11, 0x15, 0x15, 0x55, 0x55, 
    0x55, 0x55, 0x56, 0x66, 0x55, 0x16, 0x56, 0x66, 0x66, 0x66, 0x66, 0x66, 0x56, 0x66, 0x56, 0x56, 
    0x55, 0x55, 0x55, 0x56, 0x66, 0x6b, 0xa6, 0xa2, 0x55, 0x01, 0x6a, 0x66, 0x56, 0x66, 0x6a, 0x6a, 
    0xaa, 0xa9, 0x15, 0x11, 0x11, 0x65, 0x66, 0x10, 0x11, 0x11, 0x11, 0x10, 0x00, 0x00, 0x00, 0x00, 
    0x00, 0x01, 0x14, 0x01, 0x01, 0x00, 0x01, 0x00, 0x00, 0x51, 0x65, 0x1a, 0x55, 0x51, 0x11, 0x01, 
    0x26, 0x51, 0x16, 0x66, 0x50, 0x00, 0x00, 0x00, 0x00, 0x00, 0x01, 0xaa, 0x6a, 0x11, 0x16, 0x56, 
    0xbf, 0x56, 0xba, 0xbf, 0xba, 0x56, 0x55, 0x57, 0xa1, 0x10, 0x00, 0x00, 0x01, 0x11, 0x00, 0x00, 
    0x00, 0x11, 0x16, 0x40, 0x01, 0x01, 0x55, 0x17, 0xab, 0xa5, 0x15, 0x56, 0x55, 0x7b, 0xb9, 0x15, 
    0x55, 0x5a, 0x55, 0x6a, 0x55, 0x55, 0x55, 0x7b, 0xbb, 0xba, 0xaa, 0x65, 0x79, 0x6a, 0x91, 0x41, 
    0x95, 0x11, 0x11, 0x11, 0x01, 0x11, 0x11, 0x00, 0x11, 0x10, 0x00, 0x00, 0x11, 0x11, 0x11, 0x10, 
    0x00, 0x00, 0x15, 0x11, 0x01, 0x15, 0x11, 0x15, 0x15, 0x11, 0x00, 0x00, 0x00, 0x00, 0x00, 0x01, 
    0x01, 0x11, 0x55, 0x55, 0x55, 0x16, 0x55, 0x55, 0x16, 0x51, 0x55, 0x15, 0x91, 0x10, 0x01, 0x55, 
    0x55, 0x55, 0x55, 0x55, 0x55, 0x9a, 0x99, 0x99, 0x95, 0x55, 0x55, 0x55, 0x55, 0x55, 0x55, 0x55, 
    0x55, 0x55, 0x55, 0x55, 0x55, 0x55, 0x99, 0x99, 0x99, 0x99, 0x99, 0x99, 0x99, 0x9a, 0x89, 0x99, 
    0x99, 0x9a, 0xe9, 0xa9, 0x99, 0x99, 0x99, 0x95, 0xa9, 0x99, 0x95, 0x99, 0xa9, 0xa9, 0x94, 0x55, 
    0x95, 0x54, 0xea, 0x99, 0x99, 0xa9, 0xae, 0xaa, 0xaa, 0xee, 0xd9, 0x55, 0x55, 0x54, 0x59, 0x94, 
    0x44, 0x54, 0x54, 0x54, 0x40, 0x44, 0x44, 0x44, 0x40, 0x40, 0x54, 0x44, 0x44, 0x44, 0x44, 0x44, 
    0x44, 0x95, 0x94, 0xa9, 0x99, 0x94, 0x44, 0x54, 0x69, 0x54, 0x6a, 0xaa, 0x50, 0x40, 0x44, 0x40, 
    0x44, 0x44, 0x46, 0xaa, 0xa9, 0x59, 0x99, 0xae, 0xfe, 0xff, 0xea, 0xef, 0xea, 0x69, 0x95, 0xae, 
    0x54, 0x44, 0x40, 0x40, 0x44, 0x44, 0x40, 0x40, 0x44, 0x64, 0x55, 0x54, 0x40, 0x44, 0x59, 0x46, 
    0xea, 0xea, 0xd9, 0x99, 0x99, 0x6f, 0xfd, 0x55, 0x95, 0x9a, 0x99, 0xbd, 0x95, 0x55, 0x5a, 0xee, 
    0xfe, 0xee, 0xee, 0xee, 0xee, 0x99, 0x44, 0x44, 0x54, 0x44, 0x44, 0x54, 0x54, 0x54, 0x54, 0x44, 
    0x44, 0x44, 0x40, 0x44, 0x55, 0x55, 0x55, 0x44, 0x40, 0x40, 0x45, 0x54, 0x44, 0x54, 0x55, 0x54, 
    0x45, 0x54, 0x40, 0x40, 0x40, 0x40, 0x44, 0x44, 0x44, 0x45, 0x95, 0x95, 0x55, 0x59, 0x59, 0x99, 
    0x59, 0x55, 0x99, 0x55, 0xa5, 0x54, 0x44, 0x59, 0x51, 0x51, 0x51, 0x55, 0x55, 0x66, 0x65, 0x55, 
    0x55, 0x51, 0x51, 0x51, 0x51, 0x51, 0x51, 0x11, 0x11, 0x11, 0x11, 0x51, 0x51, 0x51, 0x55, 0x55, 
    0x55, 0x55, 0x56, 0x65, 0x66, 0x6a, 0x66, 0x66, 0x66, 0x6a, 0xa6, 0x65, 0x65, 0x66, 0x66, 0x56, 
    0x65, 0x56, 0x55, 0x55, 0x66, 0xa5, 0x55, 0x55, 0x12, 0x51, 0x66, 0x65, 0x65, 0x66, 0x6a, 0x66, 
    0xaa, 0xaa, 0xba, 0x11, 0x11, 0x11, 0x15, 0x55, 0x11, 0x11, 0x11, 0x11, 0x10, 0x00, 0x11, 0x10, 
    0x00, 0x00, 0x15, 0x10, 0x10, 0x10, 0x11, 0x10, 0x01, 0x52, 0x52, 0xa5, 0x55, 0x51, 0x11, 0x11, 
    0x66, 0x11, 0x26, 0x65, 0x10, 0x00, 0x00, 0x00, 0x00, 0x00, 0x1a, 0xa6, 0x66, 0xa5, 0x65, 0xba, 
    0xbb, 0xfa, 0x5a, 0x79, 0x65, 0x55, 0x56, 0xa1, 0x11, 0x01, 0x11, 0x50, 0x00, 0x00, 0x00, 0x11, 
    0x11, 0x61, 0x11, 0x11, 0x00, 0x10, 0x56, 0x51, 0xa6, 0x6a, 0xaa, 0xfa, 0x65, 0x6b, 0xf9, 0x65, 
    0x55, 0x56, 0x55, 0xa5, 0x55, 0x55, 0x2a, 0xbb, 0xfb, 0xba, 0xba, 0xaa, 0xbb, 0x91, 0x11, 0x00, 
    0x35, 0x10, 0x01, 0x11, 0x11, 0x11, 0x10, 0x00, 0x01, 0x10, 0x00, 0x00, 0x11, 0x11, 0x11, 0x11, 
    0x50, 0x00, 0x00, 0x11, 0x15, 0x50, 0x00, 0x01, 0x11, 0x00, 0x10, 0x11, 0x10, 0x00, 0x00, 0x11, 
    0x11, 0x01, 0x55, 0x55, 0x51, 0x55, 0x51, 0x15, 0x51, 0x15, 0x65, 0x11, 0xa5, 0x50, 0x10, 0x25, 
    0x55, 0x55, 0x55, 0x55, 0x55, 0xa9, 0x99, 0x55, 0x55, 0x55, 0x55, 0x55, 0x55, 0x45, 0x55, 0x55, 
    0x55, 0x55, 0x55, 0x55, 0x55, 0x55, 0x59, 0x59, 0x99, 0x99, 0x5a, 0xe9, 0xae, 0xae, 0x99, 0x99, 
    0x99, 0x9a, 0xee, 0x99, 0x9a, 0x99, 0x9a, 0x9a, 0x9a, 0x99, 0x59, 0x99, 0x9a, 0xa9, 0x55, 0x49, 
    0x45, 0x99, 0x99, 0x59, 0x99, 0xa9, 0x99, 0x9a, 0xaa, 0xaa, 0xee, 0x45, 0x55, 0x55, 0x44, 0x45, 
    0x45, 0x45, 0x45, 0x44, 0x44, 0x44, 0x04, 0x44, 0x40, 0x00, 0x05, 0x04, 0x44, 0x44, 0x04, 0x44, 
    0x05, 0x4a, 0x4e, 0x99, 0x99, 0x44, 0x44, 0x44, 0x69, 0x54, 0x6a, 0x99, 0x44, 0x04, 0x44, 0x00, 
    0x00, 0x04, 0x59, 0x99, 0xaa, 0x99, 0x9b, 0xfb, 0xfe, 0x99, 0x69, 0x99, 0x55, 0x59, 0x5a, 0x54, 
    0x45, 0x04, 0x54, 0x94, 0x44, 0x44, 0x04, 0x44, 0x45, 0x45, 0x44, 0x44, 0x04, 0x44, 0x4a, 0x84, 
    0x6f, 0x9a, 0x9a, 0xff, 0xe9, 0x5f, 0xfd, 0x59, 0x55, 0x5d, 0x99, 0xa9, 0x55, 0x55, 0xaa, 0xff, 
    0xff, 0xee, 0xee, 0xee, 0xee, 0xe4, 0x44, 0x04, 0x5e, 0x44, 0x44, 0x45, 0x44, 0x44, 0x44, 0x04, 
    0x04, 0x44, 0x04, 0x04, 0x45, 0x45, 0x55, 0x55, 0x55, 0x44, 0x00, 0x04, 0x45, 0x44, 0x44, 0x44, 
    0x44, 0x00, 0x44, 0x04, 0x44, 0x44, 0x00, 0x44, 0x44, 0x45, 0x99, 0x55, 0x45, 0x55, 0x55, 0x59, 
    0x45, 0x59, 0x99, 0x85, 0xaa, 0x94, 0x44, 0x59, 0x15, 0x55, 0x15, 0x15, 0x15, 0x65, 0x55, 0x55, 
    0x55, 0x15, 0x15, 0x11, 0x15, 0x11, 0x11, 0x11, 0x11, 0x11, 0x11, 0x11, 0x11, 0x11, 0x15, 0x15, 
    0x55, 0x55, 0x56, 0xaa, 0xab, 0xab, 0x66, 0x56, 0x56, 0x6a, 0xbb, 0xab, 0x56, 0x66, 0x66, 0xa6, 
    0x66, 0x65, 0x55, 0x55, 0x56, 0x65, 0x55, 0x15, 0xa5, 0x66, 0x56, 0x55, 0x56, 0x66, 0x56, 0x56, 
    0x6a, 0xaa, 0x6a, 0x91, 0x11, 0x11, 0x11, 0x01, 0x11, 0x11, 0x11, 0x11, 0x11, 0x11, 0x01, 0x11, 
    0x00, 0x00, 0x05, 0x00, 0x01, 0x00, 0x01, 0x10, 0x01, 0x15, 0x7a, 0x66, 0x55, 0x11, 0x11, 0x11, 
    0x65, 0x11, 0x66, 0x64, 0x00, 0x00, 0x00, 0x00, 0x00, 0x01, 0x66, 0x66, 0xa6, 0x65, 0x2f, 0xab, 
    0xa6, 0x55, 0x61, 0x65, 0x55, 0x55, 0x65, 0x10, 0x12, 0x01, 0x25, 0x15, 0x00, 0x01, 0x00, 0x01, 
    0x11, 0x01, 0x01, 0x11, 0x00, 0x11, 0x2a, 0x50, 0x1b, 0xab, 0x66, 0xab, 0xbb, 0xaf, 0xb9, 0x15, 
    0x55, 0x56, 0x66, 0x96, 0x55, 0x57, 0xbb, 0xbf, 0xff, 0xbb, 0xbb, 0xab, 0xbb, 0xb5, 0x10, 0x00, 
    0x12, 0x50, 0x11, 0x11, 0x00, 0x01, 0x01, 0x00, 0x00, 0x10, 0x00, 0x00, 0x01, 0x11, 0x11, 0x55, 
    0x15, 0x11, 0x01, 0x15, 0x51, 0x11, 0x00, 0x00, 0x00, 0x01, 0x00, 0x00, 0x00, 0x00, 0x00, 0x00, 
    0x01, 0x05, 0x55, 0x51, 0x15, 0x55, 0x11, 0x15, 0x55, 0x56, 0x56, 0x55, 0x7a, 0x51, 0x00, 0x15, 
    0x55, 0x95, 0x95, 0x55, 0x55, 0x59, 0x95, 0x55, 0x55, 0x55, 0x55, 0x55, 0x59, 0x55, 0x55, 0x55, 
    0x55, 0x55, 0x55, 0x55, 0x55, 0x55, 0x55, 0x55, 0x99, 0x99, 0x9a, 0xae, 0xee, 0xee, 0xe9, 0x99, 
    0x99, 0xaa, 0xfe, 0xfe, 0x9a, 0xa9, 0xa9, 0xa9, 0xa9, 0xa9, 0x99, 0xa9, 0x99, 0x99, 0x99, 0x59, 
    0xa9, 0xa9, 0x99, 0x99, 0x99, 0xa9, 0x99, 0xaa, 0xaa, 0xea, 0x9a, 0x95, 0x55, 0x55, 0x54, 0x44, 
    0x44, 0x44, 0x55, 0x55, 0x54, 0x54, 0x44, 0x44, 0x44, 0x40, 0x45, 0x44, 0x44, 0x44, 0x44, 0x94, 
    0x49, 0x55, 0xe9, 0x99, 0x94, 0x44, 0x44, 0x44, 0xa9, 0x54, 0xaa, 0xa4, 0x40, 0x40, 0x44, 0x44, 
    0x40, 0x45, 0x9a, 0xae, 0xe6, 0xa9, 0xff, 0xee, 0x99, 0x95, 0xaa, 0x95, 0x55, 0x95, 0x55, 0x44, 
    0x45, 0x85, 0xbc, 0x54, 0x40, 0x40, 0x44, 0x44, 0x44, 0x44, 0x40, 0x44, 0x44, 0x55, 0xa9, 0x94, 
    0x5a, 0xaa, 0xaa, 0xff, 0xff, 0xff, 0xfd, 0x55, 0x95, 0x95, 0xaa, 0xd5, 0x99, 0x6f, 0xfe, 0xff, 
    0xff, 0xff, 0xfe, 0xef, 0xfe, 0xed, 0x54, 0x40, 0x44, 0xa4, 0x44, 0x44, 0x44, 0x44, 0x44, 0x40, 
    0x44, 0x44, 0x44, 0x40, 0x44, 0x55, 0x55, 0x95, 0x55, 0x55, 0x55, 0x99, 0xa9, 0x99, 0x94, 0x44, 
    0x40, 0x44, 0x44, 0x54, 0x44, 0x40, 0x44, 0x40, 0x44, 0x59, 0x99, 0x95, 0x55, 0x55, 0x55, 0x55, 
    0x55, 0x99, 0x99, 0x95, 0x6e, 0x95, 0x44, 0x45, 0x56, 0x65, 0x51, 0x55, 0x55, 0x56, 0x51, 0x55, 
    0x51, 0x51, 0x51, 0x11, 0x11, 0x11, 0x11, 0x11, 0x11, 0x11, 0x51, 0x51, 0x51, 0x51, 0x55, 0x55, 
    0x55, 0x56, 0x66, 0xba, 0xab, 0xba, 0xa6, 0x66, 0x66, 0x6a, 0xba, 0xba, 0x66, 0xa6, 0x65, 0x66, 
    0x66, 0x65, 0x65, 0x66, 0x66, 0x65, 0x55, 0x55, 0x55, 0x2a, 0x65, 0x65, 0x66, 0x66, 0x66, 0x66, 
    0xaa, 0xaa, 0xb5, 0x51, 0x51, 0x11, 0x11, 0x10, 0x10, 0x10, 0x11, 0x11, 0x51, 0x11, 0x11, 0x01, 
    0x10, 0x10, 0x01, 0x00, 0x10, 0x10, 0x11, 0x10, 0x55, 0x1b, 0xa6, 0x66, 0x51, 0x11, 0x11, 0x10, 
    0x66, 0x51, 0xa6, 0x60, 0x00, 0x00, 0x00, 0x00, 0x00, 0x16, 0xaa, 0xaa, 0x96, 0x67, 0xff, 0xb6, 
    0x65, 0x56, 0xa5, 0x55, 0x55, 0x51, 0x50, 0x10, 0x00, 0x05, 0x79, 0x01, 0x14, 0x00, 0x00, 0x00, 
    0x00, 0x00, 0x10, 0x01, 0x01, 0x55, 0x51, 0x15, 0x12, 0xab, 0xaa, 0x97, 0xbb, 0xbf, 0xfa, 0x65, 
    0x55, 0x55, 0x57, 0x95, 0x65, 0xbf, 0xbb, 0xbb, 0xfb, 0xbb, 0xbb, 0xbb, 0xbb, 0xb7, 0x50, 0x00, 
    0x00, 0x10, 0x00, 0x00, 0x00, 0x00, 0x10, 0x00, 0x00, 0x01, 0x10, 0x00, 0x01, 0x11, 0x51, 0x51, 
    0x55, 0x55, 0x55, 0x55, 0x66, 0x66, 0x65, 0x11, 0x10, 0x11, 0x15, 0x55, 0x10, 0x00, 0x11, 0x00, 
    0x01, 0x15, 0x55, 0x51, 0x55, 0x55, 0x51, 0x15, 0x55, 0x65, 0x66, 0x61, 0x5b, 0xa5, 0x10, 0x01, 
    0x99, 0x99, 0x55, 0x55, 0x55, 0x59, 0x95, 0x55, 0x55, 0x55, 0x55, 0x55, 0x55, 0x45, 0x55, 0x55, 
    0x55, 0x55, 0x55, 0x55, 0x55, 0x55, 0x55, 0x55, 0x59, 0x9a, 0x9a, 0xee, 0xee, 0xee, 0xed, 0x99, 
    0x9a, 0xea, 0xaa, 0xaf, 0xaf, 0xea, 0x99, 0x9a, 0x99, 0x99, 0x99, 0x9a, 0x99, 0x99, 0x59, 0x59, 
    0x99, 0x9a, 0x99, 0x99, 0xa9, 0x99, 0x9a, 0x9a, 0xaa, 0xae, 0xee, 0xe9, 0x55, 0x55, 0x54, 0x44, 
    0x44, 0x44, 0x44, 0x45, 0x55, 0x45, 0x44, 0x44, 0x44, 0x44, 0x00, 0x44, 0x44, 0x44, 0x44, 0x44, 
    0x59, 0x6e, 0xaa, 0x99, 0x44, 0x44, 0x44, 0x44, 0x99, 0x55, 0x9a, 0x94, 0x00, 0x04, 0x44, 0x44, 
    0x04, 0x55, 0x59, 0x95, 0x5a, 0x9f, 0xff, 0x99, 0x95, 0xad, 0x59, 0x55, 0x55, 0x45, 0x44, 0x44, 
    0x45, 0x45, 0x54, 0x04, 0xa9, 0x44, 0x04, 0x04, 0x44, 0x44, 0x44, 0x45, 0x46, 0xa5, 0x55, 0x49, 
    0x45, 0xae, 0xea, 0xdb, 0xff, 0xef, 0xee, 0x55, 0x95, 0x99, 0x59, 0x59, 0x9b, 0xfe, 0xef, 0xee, 
    0xee, 0xee, 0xee, 0xef, 0xef, 0xfe, 0x94, 0x04, 0x04, 0x44, 0x94, 0x04, 0x14, 0x04, 0x04, 0x00, 
    0x04, 0x04, 0x44, 0x44, 0x44, 0x55, 0x55, 0x55, 0x55, 0x59, 0x59, 0x54, 0x59, 0x99, 0x99, 0x55, 
    0x44, 0x45, 0x59, 0x55, 0x54, 0x04, 0x55, 0x44, 0x44, 0x59, 0x95, 0x55, 0x99, 0x59, 0x54, 0x59, 
    0x56, 0x99, 0x99, 0x99, 0x5b, 0xd9, 0x44, 0x45, 0x66, 0x65, 0x15, 0x15, 0x15, 0x15, 0x55, 0x15, 
    0x15, 0x15, 0x15, 0x11, 0x11, 0x11, 0x11, 0x11, 0x11, 0x11, 0x15, 0x11, 0x11, 0x11, 0x15, 0x55, 
    0x55, 0x56, 0xaa, 0xaa, 0xaa, 0xaa, 0x66, 0x66, 0x6a, 0x66, 0x66, 0x6b, 0xbf, 0xaa, 0x65, 0x56, 
    0x56, 0x66, 0x65, 0x66, 0x66, 0x55, 0x56, 0x55, 0x55, 0x55, 0x15, 0x56, 0x6a, 0x56, 0x56, 0x66, 
    0xaa, 0xaa, 0xab, 0xa9, 0x11, 0x11, 0x11, 0x11, 0x01, 0x00, 0x01, 0x01, 0x15, 0x11, 0x11, 0x11, 
    0x01, 0x00, 0x00, 0x01, 0x01, 0x01, 0x01, 0x00, 0x15, 0x7a, 0x66, 0x65, 0x11, 0x11, 0x51, 0x11, 
    0x66, 0x52, 0x66, 0x40, 0x00, 0x00, 0x00, 0x00, 0x01, 0x51, 0x1b, 0xa5, 0x15, 0x2b, 0xff, 0x55, 
    0x17, 0xa5, 0x55, 0x55, 0x51, 0x10, 0x00, 0x00, 0x01, 0x01, 0x00, 0x12, 0xa0, 0x01, 0x00, 0x01, 
    0x50, 0x01, 0x00, 0x11, 0x16, 0x66, 0x51, 0x26, 0x11, 0x2a, 0xaa, 0xab, 0xbf, 0x6b, 0xba, 0x65, 
    0x95, 0x55, 0x55, 0x56, 0x6b, 0xab, 0xab, 0xaa, 0xab, 0xbb, 0xbb, 0xbb, 0xbb, 0xba, 0x65, 0x00, 
    0x00, 0x05, 0x14, 0x00, 0x05, 0x40, 0x00, 0x00, 0x10, 0x01, 0x01, 0x00, 0x01, 0x11, 0x15, 0x11, 
    0x15, 0x55, 0x55, 0x10, 0x01, 0x15, 0x66, 0x51, 0x10, 0x01, 0x55, 0x55, 0x54, 0x00, 0x11, 0x01, 
    0x01, 0x55, 0x55, 0x55, 0x56, 0x55, 0x11, 0x15, 0x15, 0x56, 0x56, 0x55, 0x17, 0xa6, 0x10, 0x00, 
    0x99, 0x99, 0x55, 0x59, 0x95, 0x55, 0x55, 0x55, 0x55, 0x55, 0x55, 0x55, 0x55, 0x55, 0x55, 0x55, 
    0x55, 0x55, 0x55, 0x55, 0x55, 0x55, 0x55, 0x99, 0x95, 0x99, 0xae, 0xee, 0xee, 0xe9, 0xa9, 0xa9, 
    0xa9, 0x99, 0xaa, 0xff, 0xfe, 0xaa, 0xa9, 0xaa, 0x99, 0xaa, 0xa9, 0x99, 0xa9, 0x9a, 0x99, 0x99, 
    0x99, 0x99, 0x95, 0x99, 0xaa, 0x99, 0x9a, 0xa9, 0xea, 0xee, 0xee, 0x6e, 0x55, 0x55, 0x54, 0x54, 
    0x44, 0x44, 0x44, 0x44, 0x59, 0x95, 0x54, 0x54, 0x44, 0x44, 0x40, 0x44, 0x44, 0x44, 0x44, 0x44, 
    0x55, 0xe9, 0xa9, 0xa4, 0x54, 0x59, 0x94, 0x44, 0xa9, 0x56, 0xa9, 0x40, 0x40, 0x40, 0x44, 0x45, 
    0x99, 0xaa, 0xaa, 0xa9, 0xae, 0xbb, 0xfa, 0x95, 0xaa, 0x95, 0x95, 0x94, 0x55, 0x44, 0x40, 0x44, 
    0x59, 0x94, 0x54, 0x59, 0x40, 0x44, 0x44, 0x45, 0xea, 0xae, 0xf5, 0x99, 0xaa, 0xa9, 0x95, 0x45, 
    0x54, 0x6d, 0xae, 0xfd, 0xae, 0xaf, 0xfe, 0xa5, 0xd9, 0x99, 0x55, 0x95, 0xea, 0xee, 0xee, 0xee, 
    0xee, 0xee, 0xfe, 0xff, 0xfe, 0xee, 0xad, 0x54, 0x40, 0x44, 0x5e, 0x45, 0x46, 0xd4, 0x44, 0x44, 
    0x44, 0x44, 0x40, 0x54, 0x44, 0x54, 0x45, 0x55, 0x99, 0x99, 0x95, 0x40, 0x44, 0x44, 0x54, 0x54, 
    0x44, 0x44, 0x44, 0x55, 0x55, 0x54, 0x55, 0x54, 0x45, 0x95, 0x95, 0x99, 0x99, 0x99, 0x95, 0x55, 
    0x59, 0x99, 0x99, 0x99, 0x55, 0xf9, 0x54, 0x44, 0x66, 0x66, 0x65, 0x56, 0x55, 0x51, 0x51, 0x11, 
    0x51, 0x51, 0x51, 0x51, 0x51, 0x11, 0x11, 0x11, 0x11, 0x11, 0x51, 0x51, 0x51, 0x55, 0x55, 0x55, 
    0x55, 0x55, 0x6a, 0xaa, 0xaa, 0xa6, 0x66, 0x66, 0xa6, 0x66, 0x66, 0xbb, 0xa6, 0x66, 0x66, 0x66, 
    0xa6, 0x66, 0x65, 0x65, 0x6a, 0xa6, 0x55, 0x55, 0x65, 0x55, 0x55, 0x66, 0xa6, 0x65, 0x66, 0x66, 
    0xba, 0xaa, 0xbb, 0x57, 0x91, 0x11, 0x11, 0x11, 0x10, 0x11, 0x10, 0x10, 0x15, 0x51, 0x11, 0x11, 
    0x10, 0x10, 0x00, 0x10, 0x10, 0x11, 0x10, 0x10, 0x12, 0x66, 0x66, 0x51, 0x51, 0x56, 0x61, 0x11, 
    0x66, 0x56, 0x65, 0x50, 0x00, 0x00, 0x01, 0x16, 0x66, 0x66, 0x66, 0x66, 0xa5, 0xa7, 0xa9, 0x57, 
    0xb9, 0x55, 0x55, 0x11, 0x11, 0x10, 0x00, 0x11, 0x65, 0x50, 0x00, 0x19, 0x00, 0x11, 0x11, 0x52, 
    0xaa, 0xab, 0xb6, 0xa6, 0xa6, 0x66, 0x65, 0x51, 0x50, 0x15, 0x5a, 0xb9, 0x7b, 0xbb, 0xfb, 0x65, 
    0xa5, 0x55, 0x55, 0x52, 0xbb, 0xba, 0xaa, 0xaa, 0xbb, 0xbb, 0xbb, 0xff, 0xfb, 0xba, 0x6a, 0x50, 
    0x00, 0x19, 0x26, 0x50, 0x17, 0x50, 0x16, 0x50, 0x00, 0x00, 0x00, 0x00, 0x10, 0x11, 0x00, 0x11, 
    0x55, 0x65, 0x50, 0x00, 0x00, 0x02, 0x65, 0x50, 0x00, 0x00, 0x00, 0x10, 0x10, 0x00, 0x00, 0x00, 
    0x11, 0x51, 0x55, 0x55, 0x65, 0x65, 0x51, 0x51, 0x65, 0x66, 0x66, 0x65, 0x11, 0x6a, 0x50, 0x00, 
    0x99, 0x99, 0x99, 0x99, 0x95, 0x55, 0x55, 0x55, 0x55, 0x55, 0x55, 0x55, 0x59, 0x55, 0x55, 0x55, 
    0x55, 0x55, 0x55, 0x55, 0x55, 0x55, 0x59, 0x99, 0x59, 0x99, 0x9a, 0xaa, 0xae, 0xe9, 0x99, 0x9e, 
    0x99, 0x99, 0x9a, 0xae, 0xaa, 0xaa, 0x99, 0x9a, 0xa9, 0x99, 0x99, 0x99, 0xae, 0xa9, 0x99, 0x99, 
    0x99, 0x99, 0x99, 0x99, 0xa9, 0x99, 0x9a, 0x9a, 0xaa, 0xae, 0xea, 0xe9, 0xe5, 0x44, 0x44, 0x45, 
    0x44, 0x44, 0x44, 0x44, 0x45, 0x55, 0x55, 0x55, 0x44, 0x44, 0x40, 0x04, 0x44, 0x45, 0x44, 0x44, 
    0x4a, 0x9a, 0x99, 0x89, 0x59, 0x59, 0x94, 0x44, 0x9a, 0x4a, 0xa9, 0x40, 0x00, 0x00, 0x05, 0xaa, 
    0x9a, 0x9a, 0x9a, 0xaa, 0xa6, 0x9b, 0x99, 0xae, 0xe9, 0x55, 0x55, 0x45, 0x45, 0x44, 0x05, 0x05, 
    0x55, 0x54, 0x54, 0x18, 0x00, 0x44, 0x59, 0x4a, 0xae, 0xae, 0xea, 0x9a, 0xdd, 0xaa, 0x9d, 0x85, 
    0x94, 0x46, 0xee, 0xfd, 0xbf, 0xbf, 0xfe, 0x99, 0xd9, 0x59, 0x55, 0x55, 0x55, 0xaa, 0xee, 0xee, 
    0xee, 0xee, 0xff, 0xff, 0xee, 0xee, 0x5e, 0x45, 0x40, 0x0a, 0x84, 0x44, 0x44, 0x44, 0x45, 0x95, 
    0x44, 0x44, 0x04, 0x45, 0x99, 0x44, 0x00, 0x44, 0x45, 0x44, 0x49, 0x44, 0x04, 0x45, 0x44, 0x44, 
    0x04, 0x04, 0x00, 0x04, 0x04, 0x04, 0x44, 0x40, 0x04, 0x4a, 0xe9, 0x99, 0x59, 0x99, 0x45, 0x55, 
    0x99, 0x99, 0x99, 0x99, 0x44, 0x4e, 0x94, 0x44, 0x56, 0x56, 0x55, 0x55, 0x15, 0x11, 0x11, 0x11, 
    0x11, 0x11, 0x11, 0x15, 0x55, 0x11, 0x11, 0x11, 0x11, 0x11, 0x11, 0x15, 0x15, 0x55, 0x55, 0x56, 
    0x55, 0x55, 0x6a, 0x6a, 0x6a, 0xa6, 0x66, 0x66, 0x66, 0x66, 0x66, 0xba, 0x66, 0x66, 0x66, 0x66, 
    0xa6, 0x66, 0x55, 0x56, 0x6a, 0x65, 0x55, 0x55, 0x55, 0x55, 0x65, 0x56, 0x56, 0x66, 0x56, 0x66, 
    0x6a, 0xaa, 0x6b, 0xbb, 0x65, 0x11, 0x11, 0x11, 0x01, 0x01, 0x01, 0x01, 0x01, 0x15, 0x11, 0x15, 
    0x11, 0x00, 0x00, 0x10, 0x00, 0x01, 0x00, 0x01, 0x26, 0x56, 0x66, 0x51, 0x66, 0x16, 0x55, 0x11, 
    0x66, 0x16, 0x65, 0x00, 0x00, 0x00, 0x06, 0xaa, 0x6a, 0x66, 0x66, 0x66, 0x67, 0xaa, 0x61, 0xab, 
    0x55, 0x55, 0x11, 0x11, 0x10, 0x00, 0x15, 0x11, 0x51, 0x41, 0x10, 0x00, 0x00, 0x01, 0x16, 0xaa, 
    0xa6, 0x6b, 0x95, 0x66, 0x5a, 0x6a, 0x66, 0x16, 0x55, 0x02, 0xbb, 0xbb, 0xbf, 0xba, 0xbb, 0x56, 
    0xa6, 0x55, 0x15, 0x11, 0x17, 0x55, 0x15, 0x6b, 0xbb, 0xab, 0xbf, 0xff, 0xab, 0xbb, 0x1a, 0x51, 
    0x60, 0x02, 0xa0, 0x00, 0x01, 0x11, 0x01, 0x10, 0x01, 0x00, 0x01, 0x11, 0x2a, 0x51, 0x00, 0x00, 
    0x00, 0x01, 0x15, 0x51, 0x01, 0x00, 0x00, 0x00, 0x00, 0x00, 0x00, 0x00, 0x00, 0x00, 0x00, 0x00, 
    0x00, 0x0a, 0x00, 0x2b, 0xa6, 0x55, 0x6a, 0x56, 0x56, 0x56, 0x56, 0x66, 0x00, 0x06, 0x51, 0x00, 
    0x99, 0x99, 0x99, 0x99, 0x55, 0x55, 0x55, 0x55, 0x55, 0x55, 0x55, 0x55, 0x55, 0x55, 0x55, 0x55, 
    0x55, 0x55, 0x55, 0x55, 0x55, 0x95, 0x99, 0x99, 0x99, 0x99, 0xa9, 0xaa, 0xaa, 0xee, 0xaa, 0xe9, 
    0xa9, 0xaa, 0xea, 0xea, 0x99, 0xa9, 0xa9, 0xa9, 0xe9, 0xa9, 0x99, 0x99, 0xaa, 0xa9, 0x99, 0x99, 
    0x99, 0x99, 0x99, 0x99, 0x9a, 0x9a, 0x99, 0xaa, 0xa9, 0xad, 0xae, 0xff, 0xe4, 0x55, 0x54, 0x44, 
    0x54, 0x44, 0x44, 0x44, 0x44, 0x55, 0x95, 0x55, 0x54, 0x44, 0x40, 0x54, 0x44, 0x45, 0x44, 0x44, 
    0x59, 0xa9, 0xa9, 0x84, 0x59, 0x99, 0x98, 0x55, 0xa9, 0x59, 0x95, 0x40, 0x40, 0x40, 0x46, 0xaa, 
    0xa9, 0x99, 0xa9, 0x99, 0x9e, 0xe9, 0x59, 0xfe, 0x99, 0x54, 0x55, 0x44, 0x54, 0x45, 0x95, 0x55, 
    0x45, 0x45, 0x44, 0x44, 0x40, 0x44, 0xfe, 0xea, 0xea, 0xea, 0xfe, 0x99, 0x9a, 0xaf, 0xe9, 0x55, 
    0x59, 0x44, 0xae, 0xff, 0xfe, 0xfe, 0xfe, 0xd9, 0xe9, 0x95, 0x55, 0x55, 0x5a, 0x95, 0x95, 0x55, 
    0x5a, 0xef, 0xff, 0xed, 0xd5, 0xae, 0x9b, 0x94, 0x59, 0x40, 0x44, 0x44, 0x44, 0x44, 0x44, 0x40, 
    0x40, 0x00, 0x40, 0x54, 0x45, 0x94, 0x54, 0x40, 0x41, 0x54, 0x44, 0x44, 0x44, 0x44, 0x40, 0x40, 
    0x40, 0x40, 0x40, 0x40, 0x44, 0x44, 0x40, 0x40, 0x04, 0x44, 0x40, 0x45, 0xaa, 0xe5, 0xea, 0xa9, 
    0x99, 0x99, 0x99, 0xa9, 0x44, 0x56, 0xd5, 0x40, 0x66, 0x65, 0x65, 0x55, 0x51, 0x11, 0x11, 0x11, 
    0x11, 0x11, 0x51, 0x51, 0x11, 0x11, 0x11, 0x11, 0x11, 0x11, 0x11, 0x55, 0x51, 0x55, 0x55, 0x55, 
    0x55, 0x55, 0xa6, 0x6a, 0xa6, 0xba, 0x6a, 0x66, 0x66, 0x66, 0xaa, 0xa6, 0x52, 0x66, 0x66, 0xa6, 
    0x66, 0x65, 0x65, 0x55, 0x66, 0x65, 0x55, 0x55, 0x55, 0x55, 0x66, 0x65, 0x66, 0x66, 0x66, 0x66, 
    0x66, 0x66, 0xbb, 0xbb, 0xb9, 0x11, 0x11, 0x11, 0x11, 0x11, 0x11, 0x11, 0x10, 0x01, 0x55, 0x51, 
    0x51, 0x11, 0x10, 0x11, 0x10, 0x11, 0x10, 0x01, 0x65, 0x66, 0x51, 0x11, 0x15, 0x66, 0x55, 0x11, 
    0x66, 0x15, 0x51, 0x00, 0x00, 0x00, 0x0a, 0xa6, 0xa5, 0x55, 0x51, 0x11, 0x2b, 0x91, 0x67, 0xfa, 
    0x65, 0x11, 0x11, 0x00, 0x50, 0x11, 0x55, 0x55, 0x15, 0x01, 0x10, 0x10, 0x00, 0x12, 0xfa, 0x9a, 
    0xaa, 0xba, 0x6a, 0x56, 0x66, 0x6b, 0xad, 0x11, 0x65, 0x51, 0x6a, 0xbb, 0xfa, 0xfa, 0xbb, 0x9a, 
    0xf6, 0x55, 0x11, 0x55, 0x5a, 0x55, 0x55, 0x66, 0x65, 0x55, 0x66, 0xbf, 0xf5, 0x7b, 0xa3, 0x51, 
    0x11, 0x90, 0x10, 0x00, 0x01, 0x10, 0x15, 0x10, 0x00, 0x00, 0x00, 0x10, 0x10, 0x10, 0x01, 0x00, 
    0x10, 0x51, 0x51, 0x10, 0x00, 0x00, 0x10, 0x00, 0x00, 0x00, 0x00, 0x00, 0x00, 0x10, 0x00, 0x00, 
    0x00, 0x00, 0x10, 0x02, 0x65, 0x51, 0x10, 0x16, 0x55, 0x65, 0x66, 0x55, 0x50, 0x11, 0xa5, 0x10, 
    0x99, 0x99, 0x99, 0x99, 0x55, 0x55, 0x55, 0x55, 0x55, 0x55, 0x55, 0x55, 0x55, 0x55, 0x55, 0x55, 
    0x55, 0x55, 0x55, 0x55, 0x55, 0x55, 0x59, 0x59, 0x59, 0x99, 0x9a, 0x99, 0x9a, 0xee, 0xfa, 0x99, 
    0xae, 0xee, 0xaf, 0xfa, 0x85, 0x9a, 0x95, 0x9a, 0xaa, 0x95, 0x99, 0x99, 0x99, 0x99, 0x99, 0x99, 
    0x99, 0x99, 0x99, 0x99, 0x99, 0x9a, 0x9a, 0x99, 0x9a, 0x99, 0xe5, 0xef, 0xff, 0x44, 0x45, 0x44, 
    0x44, 0x44, 0x44, 0x44, 0x44, 0x45, 0x55, 0x55, 0x55, 0x44, 0x44, 0x05, 0x44, 0x45, 0x44, 0x45, 
    0x99, 0x99, 0x45, 0x54, 0x55, 0x99, 0x99, 0x45, 0xa9, 0x59, 0x55, 0x04, 0x00, 0x04, 0x1e, 0xaa, 
    0xa9, 0x45, 0x44, 0x45, 0x6e, 0x55, 0x5f, 0xe9, 0x94, 0x44, 0x44, 0x44, 0x45, 0x45, 0x59, 0x59, 
    0x55, 0x04, 0x44, 0x44, 0x04, 0x47, 0xee, 0x9a, 0xae, 0xee, 0x6a, 0x99, 0xe9, 0xae, 0xaf, 0x55, 
    0x45, 0x94, 0x59, 0xef, 0xee, 0xae, 0xaf, 0xde, 0xfa, 0x59, 0x45, 0x55, 0x5e, 0x55, 0x55, 0x5e, 
    0x99, 0x99, 0x99, 0x59, 0xad, 0xae, 0xe6, 0x94, 0x45, 0x59, 0x04, 0x00, 0x05, 0x4a, 0x99, 0x44, 
    0x04, 0x04, 0x04, 0x44, 0x44, 0x44, 0x04, 0x44, 0x04, 0x55, 0x55, 0x54, 0x04, 0x04, 0x44, 0x44, 
    0x04, 0x04, 0x04, 0x00, 0x05, 0x44, 0x04, 0x04, 0x00, 0x00, 0x44, 0x45, 0x99, 0x95, 0x44, 0x44, 
    0x55, 0x99, 0x99, 0x59, 0x55, 0x44, 0x65, 0x44, 0x55, 0x55, 0x55, 0x55, 0x51, 0x11, 0x11, 0x11, 
    0x11, 0x11, 0x11, 0x11, 0x11, 0x11, 0x11, 0x11, 0x11, 0x11, 0x11, 0x15, 0x11, 0x15, 0x55, 0x55, 
    0x55, 0x56, 0x66, 0x66, 0x6b, 0xab, 0xa6, 0x6a, 0xab, 0xbb, 0xbb, 0xba, 0x56, 0x66, 0x66, 0x66, 
    0x6a, 0x66, 0x55, 0x56, 0x55, 0x55, 0x55, 0x55, 0x55, 0x56, 0x55, 0x56, 0x66, 0x56, 0x6a, 0x66, 
    0x56, 0x51, 0xab, 0xbb, 0xbb, 0x41, 0x01, 0x11, 0x11, 0x01, 0x01, 0x2b, 0xa6, 0x55, 0x15, 0x51, 
    0x15, 0x11, 0x11, 0x01, 0x51, 0x02, 0x00, 0x06, 0x56, 0x55, 0x05, 0x15, 0x26, 0x66, 0x65, 0x12, 
    0x66, 0x25, 0x15, 0x00, 0x00, 0x00, 0x2a, 0x66, 0x51, 0x11, 0x11, 0x11, 0x59, 0x15, 0x6f, 0xa5, 
    0x51, 0x11, 0x01, 0x00, 0x00, 0x01, 0x65, 0x55, 0x5a, 0x01, 0x00, 0x00, 0x01, 0x1b, 0xab, 0xaa, 
    0xab, 0xba, 0x66, 0x66, 0xa6, 0x66, 0x6a, 0x95, 0x65, 0x15, 0x15, 0x1b, 0xbb, 0x7b, 0xab, 0xab, 
    0xba, 0x55, 0x11, 0x15, 0x56, 0x55, 0x11, 0x16, 0x5a, 0x56, 0x66, 0x66, 0x61, 0x56, 0xa5, 0x91, 
    0x01, 0x12, 0x40, 0x00, 0x01, 0x15, 0x11, 0x00, 0x00, 0x00, 0x01, 0x01, 0x00, 0x01, 0x00, 0x00, 
    0x00, 0x15, 0x55, 0x55, 0x00, 0x00, 0x01, 0x00, 0x01, 0x00, 0x00, 0x00, 0x00, 0x10, 0x00, 0x00, 
    0x00, 0x00, 0x00, 0x11, 0x56, 0x56, 0x50, 0x01, 0x16, 0x16, 0x66, 0x55, 0x11, 0x50, 0x16, 0x10, 
    0x99, 0x99, 0x99, 0x99, 0x95, 0x55, 0x55, 0x99, 0x55, 0x55, 0x55, 0x55, 0x55, 0x55, 0x55, 0x55, 
    0x55, 0x55, 0x55, 0x55, 0x55, 0x55, 0x95, 0x95, 0x99, 0x9a, 0x9a, 0xa9, 0xae, 0xff, 0xea, 0xae, 
    0xee, 0xea, 0xfe, 0xed, 0xa9, 0xa9, 0xa9, 0xa9, 0xaa, 0xa9, 0x99, 0xa9, 0x95, 0x99, 0x99, 0x99, 
    0x99, 0x99, 0x99, 0xa9, 0x99, 0x9a, 0xaa, 0xa9, 0xa9, 0x45, 0xae, 0xff, 0xff, 0xd4, 0x44, 0x45, 
    0x54, 0x44, 0x46, 0xfe, 0xff, 0xff, 0xc5, 0x55, 0x55, 0x44, 0x54, 0x45, 0x94, 0x45, 0x44, 0x59, 
    0x99, 0x94, 0x54, 0x55, 0x59, 0xa9, 0xa5, 0x45, 0xa9, 0x55, 0x54, 0x40, 0x40, 0x00, 0x69, 0xa5, 
    0x59, 0x54, 0x95, 0x58, 0x64, 0x56, 0xbe, 0x95, 0x55, 0x54, 0x40, 0x45, 0x44, 0x59, 0x55, 0x99, 
    0xae, 0x40, 0x44, 0x40, 0x44, 0x6f, 0xae, 0xee, 0xaa, 0xea, 0xea, 0xaa, 0xa9, 0x9a, 0xa9, 0x95, 
    0x95, 0x98, 0x56, 0xae, 0xea, 0xbf, 0xef, 0xeb, 0xfa, 0x95, 0x55, 0x95, 0xfe, 0x95, 0x54, 0x55, 
    0x9a, 0xe9, 0x99, 0x99, 0xb9, 0xae, 0x95, 0xd4, 0x44, 0x54, 0xa8, 0x40, 0x40, 0x55, 0x54, 0x44, 
    0x40, 0x44, 0x44, 0x54, 0x55, 0x44, 0x40, 0x40, 0x40, 0x94, 0x55, 0x55, 0x40, 0x40, 0x44, 0x44, 
    0x44, 0x44, 0x44, 0x44, 0x40, 0x44, 0x40, 0x40, 0x40, 0x40, 0x40, 0x55, 0x55, 0xa9, 0x98, 0x44, 
    0x45, 0x55, 0x99, 0x99, 0x98, 0x44, 0x5a, 0x54, 0x65, 0x65, 0x55, 0x55, 0x55, 0x11, 0x11, 0x55, 
    0x11, 0x11, 0x11, 0x11, 0x11, 0x11, 0x11, 0x11, 0x11, 0x11, 0x11, 0x11, 0x11, 0x55, 0x55, 0x55, 
    0x55, 0x66, 0xa6, 0x66, 0xaa, 0xbb, 0xba, 0xaa, 0xaa, 0xba, 0xa6, 0xaa, 0x66, 0x66, 0x66, 0x66, 
    0x66, 0x66, 0x66, 0xa5, 0x55, 0x55, 0x55, 0x55, 0x65, 0x65, 0x65, 0x65, 0x65, 0xa6, 0xaa, 0x66, 
    0x65, 0x11, 0x6b, 0xbb, 0xbb, 0xb6, 0xaa, 0x91, 0x11, 0x00, 0x1b, 0xfb, 0xbb, 0xfb, 0x90, 0x11, 
    0x11, 0x11, 0x11, 0x01, 0x60, 0x11, 0x10, 0x25, 0x65, 0x10, 0x11, 0x15, 0x16, 0x65, 0x65, 0x52, 
    0x65, 0x55, 0x54, 0x00, 0x00, 0x01, 0x66, 0x56, 0x50, 0x15, 0x55, 0x54, 0xa1, 0x2a, 0xaa, 0x51, 
    0x51, 0x00, 0x10, 0x10, 0x11, 0x15, 0x55, 0x57, 0xf6, 0x00, 0x00, 0x00, 0x10, 0x1b, 0x1b, 0xba, 
    0x16, 0xab, 0xa6, 0x66, 0xb5, 0x3a, 0xba, 0xa5, 0x55, 0x15, 0x11, 0xba, 0x95, 0x7b, 0xfb, 0xa7, 
    0xba, 0x55, 0x52, 0x55, 0x6a, 0x61, 0x55, 0x11, 0x55, 0xa5, 0x66, 0x66, 0x69, 0x51, 0xbb, 0xf1, 
    0x10, 0x11, 0x16, 0x40, 0x01, 0x11, 0x11, 0x24, 0x00, 0x00, 0x10, 0x01, 0x10, 0x16, 0x10, 0x00, 
    0x00, 0x21, 0x11, 0x11, 0x10, 0x00, 0x00, 0x10, 0x10, 0x10, 0x10, 0x10, 0x00, 0x00, 0x00, 0x10, 
    0x11, 0x10, 0x01, 0x11, 0x11, 0x11, 0x50, 0x10, 0x11, 0x15, 0x65, 0x65, 0x65, 0x11, 0x52, 0x90, 
    0x99, 0x99, 0x99, 0x59, 0x99, 0x55, 0x55, 0x99, 0x55, 0x45, 0x55, 0x55, 0x45, 0x55, 0x55, 0x55, 
    0x55, 0x55, 0x55, 0x55, 0x55, 0x55, 0x55, 0x59, 0x59, 0x99, 0x9a, 0x99, 0xaf, 0xee, 0xee, 0xae, 
    0xaa, 0xee, 0xaa, 0xea, 0x95, 0x99, 0x9a, 0x99, 0x9a, 0x9a, 0xaa, 0xa9, 0x59, 0x59, 0x59, 0x99, 
    0x99, 0x99, 0x99, 0x99, 0x99, 0x9a, 0xda, 0x99, 0x99, 0x45, 0xae, 0xff, 0xef, 0xff, 0xef, 0xff, 
    0xd4, 0x44, 0x6f, 0xff, 0xff, 0xff, 0xe4, 0x05, 0x55, 0x44, 0x44, 0x44, 0x54, 0x45, 0x44, 0x99, 
    0x94, 0x44, 0x94, 0x59, 0x49, 0x95, 0x55, 0x4a, 0xa9, 0x95, 0x54, 0x00, 0x00, 0x05, 0x95, 0x94, 
    0x04, 0x45, 0x45, 0x55, 0xd5, 0xa9, 0xa9, 0x55, 0x44, 0x05, 0x44, 0x40, 0x44, 0x55, 0x55, 0xab, 
    0x99, 0x80, 0x00, 0x04, 0x45, 0xe9, 0x5b, 0xd4, 0x45, 0x6f, 0xaa, 0xda, 0xa9, 0xaa, 0xee, 0xad, 
    0x4a, 0x95, 0x44, 0xad, 0xaa, 0xae, 0xef, 0xeb, 0xee, 0x95, 0x55, 0x59, 0x99, 0xd5, 0x55, 0x55, 
    0x55, 0x55, 0x59, 0x5a, 0x9d, 0x55, 0x5a, 0xe5, 0x44, 0x45, 0x45, 0xa4, 0x04, 0x08, 0x45, 0xe4, 
    0x44, 0x44, 0x04, 0x44, 0x45, 0x55, 0x58, 0x00, 0x00, 0x04, 0x45, 0x55, 0x54, 0x04, 0x04, 0x44, 
    0x04, 0x04, 0x04, 0x04, 0x04, 0x45, 0x44, 0x44, 0x44, 0x44, 0x44, 0x55, 0x45, 0x55, 0x45, 0x44, 
    0x04, 0x45, 0x55, 0x95, 0x99, 0x44, 0x45, 0xd4, 0x56, 0x55, 0x55, 0x55, 0x55, 0x55, 0x55, 0x55, 
    0x15, 0x51, 0x11, 0x11, 0x11, 0x11, 0x11, 0x11, 0x11, 0x11, 0x11, 0x15, 0x55, 0x15, 0x55, 0x55, 
    0x56, 0x6a, 0x56, 0x66, 0xbf, 0xaa, 0xaa, 0xaa, 0xa6, 0x6b, 0xaa, 0x66, 0x55, 0x66, 0x66, 0x56, 
    0x66, 0x66, 0x6a, 0x55, 0x55, 0x56, 0x55, 0x55, 0x55, 0x56, 0x56, 0x55, 0x56, 0x56, 0xaa, 0xa6, 
    0xa6, 0x56, 0xab, 0xbb, 0xbb, 0xbb, 0xbb, 0xbf, 0xbb, 0x41, 0xbb, 0xb6, 0xbf, 0xbf, 0xb4, 0x01, 
    0x11, 0x51, 0x11, 0x01, 0x55, 0x05, 0x01, 0x65, 0x11, 0x01, 0x51, 0x55, 0x16, 0x55, 0x52, 0x46, 
    0x65, 0x55, 0x10, 0x00, 0x00, 0x01, 0x16, 0x11, 0x51, 0x15, 0x01, 0x52, 0xa5, 0x02, 0xa1, 0x11, 
    0x00, 0x15, 0x00, 0x00, 0x15, 0x15, 0x56, 0x56, 0x66, 0x50, 0x00, 0x00, 0x12, 0xbf, 0x52, 0x26, 
    0x7b, 0x96, 0x51, 0x6a, 0xa6, 0x6a, 0xaa, 0xbb, 0x01, 0x16, 0x40, 0x2a, 0x66, 0xbb, 0xbb, 0xa7, 
    0xba, 0x95, 0x55, 0x56, 0xba, 0x51, 0x15, 0x11, 0x55, 0x11, 0x15, 0x56, 0x5a, 0x15, 0x55, 0x11, 
    0x00, 0x01, 0x11, 0x2a, 0x00, 0x01, 0x11, 0x50, 0x00, 0x00, 0x01, 0x15, 0x11, 0x15, 0x16, 0x50, 
    0x00, 0x11, 0x11, 0x11, 0x10, 0x00, 0x00, 0x01, 0x00, 0x00, 0x00, 0x00, 0x00, 0x11, 0x55, 0x00, 
    0x00, 0x07, 0xa0, 0x15, 0x11, 0x11, 0x00, 0x11, 0x01, 0x11, 0x15, 0x11, 0x65, 0x54, 0x00, 0x61, 
    0x99, 0x99, 0x99, 0x99, 0x99, 0x99, 0x99, 0x99, 0x99, 0x55, 0x55, 0x55, 0x55, 0x55, 0x55, 0x55, 
    0x55, 0x55, 0x55, 0x59, 0x99, 0x55, 0x95, 0x99, 0x99, 0xa9, 0x9a, 0xaa, 0xee, 0xee, 0xee, 0xea, 
    0xaa, 0xae, 0xaa, 0xaa, 0x95, 0x99, 0xaa, 0x99, 0xaa, 0xaa, 0xaa, 0xa9, 0x99, 0x99, 0x9a, 0x99, 
    0x99, 0x9a, 0x99, 0x99, 0x99, 0x99, 0xe9, 0x99, 0xaa, 0xa6, 0xee, 0xff, 0xff, 0xff, 0xfe, 0xff, 
    0xff, 0xef, 0xff, 0xe6, 0xea, 0xff, 0xfd, 0x40, 0x55, 0x54, 0x44, 0x44, 0x59, 0x48, 0x55, 0x94, 
    0x54, 0x45, 0x45, 0x99, 0x59, 0x95, 0x55, 0x9a, 0xa5, 0x94, 0x54, 0x40, 0x40, 0x54, 0x99, 0x9a, 
    0xaa, 0x95, 0x44, 0x46, 0x80, 0x46, 0xd5, 0x54, 0x45, 0xa4, 0x44, 0x44, 0x55, 0x55, 0x99, 0x99, 
    0x98, 0x54, 0x44, 0x44, 0x44, 0xef, 0xf8, 0x5a, 0x99, 0x59, 0xaa, 0x56, 0x9a, 0xbe, 0xaa, 0xee, 
    0x85, 0xa9, 0x94, 0x4a, 0xaa, 0xaf, 0xfa, 0xfb, 0xfe, 0xd5, 0x55, 0x95, 0xfd, 0x55, 0x55, 0x95, 
    0x55, 0x55, 0x55, 0x55, 0x9b, 0x95, 0x55, 0x59, 0x54, 0x45, 0x55, 0x56, 0xe9, 0x40, 0x45, 0x40, 
    0x40, 0x44, 0x45, 0xd4, 0x55, 0x95, 0x55, 0xae, 0x85, 0x55, 0x5e, 0x95, 0x54, 0x40, 0x40, 0x44, 
    0x54, 0x54, 0x44, 0x40, 0x45, 0x46, 0xa4, 0x40, 0x44, 0x4a, 0x95, 0x55, 0x55, 0x54, 0x44, 0x44, 
    0x44, 0x55, 0x55, 0x95, 0xaa, 0xd4, 0x44, 0x69, 0x65, 0x65, 0x55, 0x55, 0x55, 0x55, 0x55, 0x55, 
    0x51, 0x51, 0x51, 0x11, 0x11, 0x11, 0x11, 0x11, 0x11, 0x11, 0x11, 0x66, 0x66, 0x55, 0x55, 0x56, 
    0x65, 0xa5, 0x66, 0xab, 0xaa, 0xba, 0xaa, 0xaa, 0xa6, 0x6a, 0xa6, 0x66, 0x65, 0x66, 0x6a, 0x65, 
    0x66, 0xa6, 0x6a, 0xa5, 0x55, 0x55, 0x55, 0x65, 0x65, 0x66, 0x55, 0x55, 0x65, 0x65, 0xba, 0x6a, 
    0x66, 0xa5, 0x6b, 0xbb, 0xbb, 0xbb, 0xbb, 0xbb, 0xfb, 0xbf, 0xfa, 0x65, 0x6a, 0x66, 0xbf, 0x10, 
    0x01, 0x10, 0x11, 0x10, 0x15, 0x15, 0x65, 0x11, 0x10, 0x10, 0x15, 0x55, 0x56, 0x51, 0x56, 0x56, 
    0xa1, 0x51, 0x50, 0x00, 0x00, 0x50, 0x25, 0x66, 0x66, 0xa6, 0x55, 0x25, 0x00, 0x01, 0x51, 0x10, 
    0x16, 0x51, 0x10, 0x01, 0x50, 0x55, 0x65, 0x65, 0x60, 0x54, 0x10, 0x11, 0x10, 0xbb, 0xff, 0x01, 
    0x51, 0xba, 0xa6, 0x55, 0x26, 0x66, 0xa6, 0xbb, 0x91, 0x52, 0xa4, 0x03, 0xa6, 0x6b, 0xf6, 0xfb, 
    0xfb, 0xa5, 0x11, 0x55, 0x75, 0x56, 0x55, 0x55, 0x55, 0x55, 0x51, 0x55, 0x56, 0x95, 0x55, 0x55, 
    0x10, 0x11, 0x11, 0x11, 0x7b, 0xba, 0x50, 0x00, 0x10, 0x00, 0x11, 0x91, 0x51, 0x51, 0x55, 0x52, 
    0xb5, 0x51, 0x11, 0xb5, 0x51, 0x00, 0x00, 0x10, 0x10, 0x11, 0x90, 0x00, 0x00, 0x00, 0x40, 0x00, 
    0x00, 0x01, 0x10, 0x01, 0x55, 0x51, 0x00, 0x00, 0x11, 0x11, 0x11, 0x15, 0x67, 0x91, 0x00, 0x6a, 
    0x99, 0x99, 0x99, 0x59, 0x59, 0x59, 0x59, 0x99, 0x55, 0x55, 0x55, 0x55, 0x45, 0x55, 0x55, 0x55, 
    0x55, 0x55, 0x55, 0x5a, 0x99, 0x59, 0x59, 0x59, 0x96, 0xe9, 0x9a, 0xae, 0xee, 0xee, 0xee, 0xaa, 
    0x9a, 0xaa, 0xaa, 0xaa, 0x9a, 0x99, 0x9e, 0x99, 0x99, 0x9a, 0xaa, 0xaa, 0x99, 0x59, 0x99, 0x99, 
    0x99, 0x99, 0x99, 0x99, 0x99, 0x99, 0xaa, 0xae, 0x9a, 0xaa, 0x9f, 0xff, 0xef, 0xef, 0xea, 0xff, 
    0xff, 0xaa, 0xae, 0x99, 0x59, 0x9a, 0x9a, 0x44, 0x04, 0x54, 0x44, 0x44, 0x5a, 0x46, 0x94, 0x44, 
    0x44, 0x04, 0x59, 0x44, 0x09, 0x55, 0x55, 0x9a, 0x95, 0x55, 0x80, 0x04, 0x05, 0x85, 0x95, 0x5a, 
    0xaa, 0x9a, 0xfd, 0x68, 0x44, 0x04, 0x04, 0x05, 0x99, 0x54, 0x04, 0x05, 0x44, 0x59, 0x99, 0x99, 
    0x95, 0x55, 0x54, 0x44, 0x54, 0x6e, 0xff, 0xc6, 0x45, 0x59, 0xaa, 0x95, 0x46, 0xaa, 0x9a, 0xea, 
    0x94, 0x4a, 0xa9, 0x45, 0x9a, 0x9f, 0xea, 0xff, 0xff, 0xe9, 0x55, 0x55, 0x6d, 0x9a, 0x55, 0x55, 
    0xeb, 0xe9, 0x55, 0x59, 0x55, 0xd5, 0x55, 0x59, 0x45, 0x45, 0x45, 0x55, 0x45, 0x55, 0x55, 0x55, 
    0x44, 0x40, 0x05, 0x85, 0x55, 0x55, 0x55, 0x55, 0x55, 0x55, 0x55, 0x5a, 0x55, 0x44, 0x05, 0x45, 
    0x55, 0x99, 0xa4, 0x04, 0x04, 0x00, 0x44, 0x00, 0x04, 0x04, 0x04, 0x05, 0x55, 0x54, 0x04, 0x44, 
    0x44, 0x45, 0x45, 0x55, 0x9a, 0xe5, 0x44, 0xaa, 0x55, 0x55, 0x55, 0x55, 0x55, 0x55, 0x55, 0x55, 
    0x51, 0x11, 0x11, 0x11, 0x11, 0x11, 0x11, 0x11, 0x11, 0x11, 0x15, 0x16, 0x66, 0x55, 0x55, 0x55, 
    0x6a, 0xa6, 0x66, 0xaa, 0x6b, 0xab, 0xaa, 0xaa, 0x66, 0x6a, 0x66, 0x66, 0x66, 0x66, 0x6a, 0x56, 
    0x56, 0x66, 0x66, 0xa6, 0x65, 0x55, 0x56, 0x56, 0x66, 0x66, 0x55, 0x56, 0x56, 0x56, 0x66, 0x6a, 
    0x66, 0xa6, 0xaa, 0xba, 0xbb, 0xbb, 0xb6, 0xbb, 0xba, 0xab, 0x95, 0x55, 0x56, 0x55, 0x66, 0x41, 
    0x01, 0x00, 0x11, 0x00, 0x16, 0x6a, 0x11, 0x11, 0x00, 0x01, 0x50, 0x00, 0x05, 0x11, 0x16, 0x56, 
    0x51, 0x51, 0x40, 0x00, 0x01, 0x16, 0x50, 0x26, 0x65, 0x6a, 0x51, 0x99, 0x00, 0x00, 0x01, 0x12, 
    0x55, 0x11, 0x01, 0x15, 0x51, 0x55, 0x55, 0x56, 0x52, 0x15, 0x11, 0x11, 0x51, 0x2b, 0xbf, 0xa2, 
    0xa5, 0x10, 0x16, 0x60, 0x11, 0x56, 0x51, 0x15, 0x55, 0x66, 0x65, 0x00, 0x15, 0x5b, 0xa6, 0xbb, 
    0xbb, 0xa5, 0x55, 0x51, 0x16, 0x66, 0x15, 0x15, 0x56, 0xb9, 0x55, 0x15, 0x55, 0xa5, 0x15, 0x16, 
    0x11, 0x15, 0x11, 0x11, 0x11, 0x11, 0x11, 0x15, 0x10, 0x00, 0x11, 0x11, 0x15, 0x11, 0x55, 0xa5, 
    0x15, 0x15, 0x15, 0x55, 0x11, 0x50, 0x01, 0x15, 0x55, 0x55, 0x41, 0x00, 0x00, 0x00, 0x00, 0x00, 
    0x00, 0x00, 0x00, 0x01, 0x15, 0x11, 0x11, 0x01, 0x01, 0x11, 0x11, 0x11, 0x15, 0x65, 0x02, 0xaa, 
    0x99, 0x99, 0x99, 0x99, 0x99, 0x99, 0x99, 0x99, 0x95, 0x55, 0x55, 0x55, 0x55, 0x55, 0x55, 0x55, 
    0x55, 0x55, 0x55, 0x59, 0x95, 0x95, 0x95, 0x95, 0xae, 0xea, 0xae, 0xa9, 0xae, 0xee, 0xea, 0xea, 
    0xaa, 0xae, 0xa9, 0xaa, 0xaa, 0xa9, 0xa9, 0x99, 0x99, 0xaa, 0xaa, 0xe9, 0x99, 0x99, 0x9a, 0x99, 
    0x99, 0x99, 0x99, 0x99, 0x99, 0x99, 0xa9, 0xaa, 0xaa, 0xaa, 0xea, 0xfe, 0xea, 0xff, 0xfa, 0xff, 
    0xff, 0xe9, 0x99, 0x99, 0xa9, 0x55, 0x99, 0x94, 0x44, 0x44, 0x44, 0x50, 0x59, 0xed, 0x44, 0x44, 
    0x44, 0x45, 0x94, 0x45, 0x45, 0x94, 0x55, 0x9a, 0x95, 0x55, 0x80, 0x40, 0x69, 0x99, 0x45, 0x9a, 
    0xa6, 0xe4, 0x55, 0x94, 0x44, 0x40, 0x45, 0x89, 0xa5, 0x55, 0x44, 0x99, 0x95, 0x95, 0x55, 0x9a, 
    0x88, 0x95, 0x44, 0x55, 0x98, 0x69, 0xff, 0xe5, 0x9a, 0x95, 0x85, 0xa4, 0x44, 0xa9, 0x95, 0x95, 
    0x55, 0x59, 0x56, 0x80, 0x45, 0x5b, 0xe9, 0xff, 0xff, 0xe9, 0x99, 0x95, 0x55, 0x55, 0x55, 0x55, 
    0x95, 0xfd, 0x95, 0x55, 0x99, 0xb5, 0x55, 0x55, 0x55, 0x55, 0x95, 0x55, 0x54, 0x54, 0x55, 0x55, 
    0x40, 0x40, 0x55, 0x55, 0x55, 0x55, 0x55, 0xa9, 0x55, 0x55, 0x95, 0x55, 0x55, 0x44, 0x55, 0x95, 
    0x99, 0x99, 0x84, 0x44, 0x44, 0x49, 0x44, 0x44, 0x44, 0x40, 0x40, 0x44, 0x44, 0x54, 0x44, 0x44, 
    0x44, 0x54, 0x55, 0x55, 0x55, 0x94, 0x45, 0xed, 0x55, 0x55, 0x55, 0x55, 0x55, 0x55, 0x55, 0x55, 
    0x51, 0x11, 0x11, 0x11, 0x11, 0x11, 0x11, 0x11, 0x11, 0x11, 0x55, 0x66, 0x55, 0x55, 0x55, 0x56, 
    0xaa, 0xba, 0xba, 0x65, 0xaa, 0xba, 0xba, 0xaa, 0x66, 0x66, 0xa5, 0x16, 0xaa, 0xa5, 0x6a, 0x66, 
    0x66, 0x6a, 0xa7, 0xa6, 0x65, 0x56, 0x66, 0x66, 0x66, 0x66, 0x56, 0x56, 0x65, 0x65, 0x66, 0x66, 
    0x66, 0x66, 0xaa, 0xba, 0xbb, 0xaa, 0xb7, 0xbb, 0xfb, 0xfb, 0x95, 0x66, 0x56, 0x56, 0x55, 0x51, 
    0x11, 0x11, 0x11, 0x50, 0x16, 0xb5, 0x11, 0x10, 0x01, 0x15, 0x00, 0x15, 0x15, 0x51, 0x56, 0x66, 
    0x55, 0x11, 0x00, 0x01, 0x96, 0x65, 0x01, 0x66, 0x9a, 0x51, 0x13, 0x51, 0x04, 0x01, 0x02, 0x91, 
    0x65, 0x51, 0x11, 0x55, 0x51, 0x55, 0x51, 0x56, 0x11, 0x51, 0x01, 0x11, 0x66, 0x25, 0x56, 0xa5, 
    0xa1, 0x65, 0x69, 0x65, 0x11, 0x1a, 0xa5, 0x51, 0x11, 0x56, 0x66, 0x60, 0x11, 0x5b, 0xb5, 0x7b, 
    0xfb, 0xb5, 0x55, 0x51, 0x51, 0x65, 0x51, 0x51, 0x65, 0x79, 0x55, 0x55, 0x51, 0x65, 0x51, 0x55, 
    0x51, 0x11, 0x55, 0x11, 0x11, 0x11, 0x11, 0x11, 0x00, 0x00, 0x21, 0xa1, 0x11, 0x11, 0x51, 0x56, 
    0x51, 0x55, 0x56, 0xa5, 0x51, 0x55, 0x55, 0x55, 0x56, 0x62, 0x00, 0x00, 0x00, 0x15, 0x56, 0x50, 
    0x00, 0x01, 0x51, 0x11, 0x15, 0x51, 0x11, 0x10, 0x11, 0x11, 0x11, 0x11, 0x11, 0x65, 0x10, 0x6a, 
    0x99, 0x99, 0x59, 0x59, 0x59, 0x59, 0x59, 0x99, 0x95, 0x45, 0x45, 0x55, 0x55, 0x45, 0x55, 0x55, 
    0x55, 0x55, 0x55, 0x5a, 0x95, 0x55, 0x59, 0xaa, 0xae, 0xef, 0xee, 0x9a, 0xaa, 0xae, 0xee, 0xa9, 
    0x9a, 0xaa, 0xa9, 0x9a, 0xaa, 0x99, 0xa9, 0x99, 0x99, 0x9a, 0xaf, 0x99, 0x99, 0x99, 0xaa, 0x99, 
    0x99, 0x99, 0x9a, 0x99, 0x99, 0x99, 0x99, 0x9a, 0x9a, 0x9a, 0xee, 0xee, 0xef, 0xff, 0x95, 0xff, 
    0xff, 0xff, 0x95, 0x59, 0xa9, 0x55, 0x59, 0x54, 0x44, 0x44, 0x45, 0x44, 0x5e, 0xd4, 0x44, 0x44, 
    0x45, 0x44, 0x04, 0x54, 0x45, 0x45, 0x59, 0x6a, 0x85, 0x55, 0x44, 0x06, 0x59, 0x44, 0x59, 0xaa, 
    0x7d, 0x45, 0x5e, 0x4d, 0x04, 0x44, 0x06, 0x45, 0x49, 0x54, 0x05, 0x55, 0x45, 0x49, 0x59, 0x54, 
    0x55, 0x54, 0x05, 0x44, 0x59, 0x54, 0xe9, 0x69, 0x69, 0x95, 0x96, 0x59, 0x44, 0x06, 0xaa, 0x94, 
    0x55, 0x49, 0x85, 0x94, 0x49, 0x5f, 0xe9, 0xbf, 0xff, 0xe9, 0x59, 0x55, 0x45, 0x55, 0x55, 0x45, 
    0x55, 0xae, 0x55, 0x59, 0x55, 0x5d, 0x55, 0x55, 0x95, 0x45, 0x55, 0x45, 0x54, 0x45, 0x44, 0x45, 
    0x44, 0x04, 0x95, 0x94, 0x55, 0x55, 0x55, 0x55, 0x95, 0x55, 0x5a, 0x95, 0x55, 0x55, 0x59, 0x99, 
    0x55, 0x95, 0x44, 0x04, 0x04, 0x44, 0x59, 0x55, 0x44, 0x44, 0x45, 0x59, 0x99, 0x45, 0x44, 0x44, 
    0x44, 0x44, 0x45, 0x55, 0x55, 0x55, 0x44, 0x6e, 0x55, 0x55, 0x55, 0x55, 0x55, 0x55, 0x55, 0x15, 
    0x55, 0x11, 0x11, 0x15, 0x11, 0x11, 0x11, 0x11, 0x11, 0x11, 0x55, 0x56, 0x55, 0x55, 0x55, 0xa5, 
    0x6a, 0xab, 0xaa, 0x6a, 0xaa, 0x6a, 0x56, 0x66, 0x66, 0x66, 0x66, 0x66, 0x6a, 0x6a, 0x6b, 0x66, 
    0x56, 0x6a, 0x6b, 0x66, 0x65, 0x56, 0x66, 0x56, 0x66, 0x65, 0x55, 0x55, 0x95, 0x56, 0x66, 0x66, 
    0x66, 0x66, 0xab, 0xba, 0xab, 0xbb, 0xb6, 0x66, 0xbf, 0xbb, 0x55, 0x5a, 0x59, 0x55, 0x55, 0x41, 
    0x11, 0x00, 0x01, 0x11, 0x7b, 0x50, 0x01, 0x00, 0x17, 0x55, 0x55, 0x10, 0x02, 0x11, 0x56, 0x66, 
    0x41, 0x15, 0x00, 0x01, 0x51, 0x00, 0x66, 0x65, 0xb9, 0x16, 0x56, 0x68, 0x11, 0x00, 0x06, 0x15, 
    0x01, 0x11, 0x11, 0x55, 0x51, 0x00, 0x06, 0x51, 0x55, 0x10, 0x15, 0x10, 0x05, 0x15, 0x6b, 0xa5, 
    0x2a, 0x01, 0x11, 0x15, 0x01, 0x01, 0xaa, 0xaa, 0x11, 0x12, 0x42, 0x65, 0x07, 0x5b, 0xb6, 0x7f, 
    0xbb, 0xa5, 0x65, 0x11, 0x11, 0x65, 0x51, 0x11, 0x15, 0x55, 0x15, 0x55, 0x51, 0x16, 0x15, 0x15, 
    0x51, 0x11, 0x15, 0x51, 0x15, 0x11, 0x11, 0x01, 0x00, 0x00, 0x51, 0x10, 0x11, 0x15, 0x11, 0x11, 
    0x11, 0x15, 0x16, 0x65, 0x11, 0x15, 0x55, 0x55, 0x55, 0x55, 0x40, 0x00, 0x00, 0x01, 0x00, 0x11, 
    0x11, 0x11, 0x11, 0x11, 0x15, 0x55, 0x11, 0x00, 0x00, 0x01, 0x11, 0x11, 0x11, 0x11, 0x64, 0x2b, 
    0x99, 0x99, 0x99, 0x99, 0x99, 0x95, 0x95, 0x55, 0x95, 0x55, 0x55, 0x55, 0x55, 0x55, 0x55, 0x55, 
    0x55, 0x55, 0x95, 0x99, 0x95, 0x95, 0x95, 0xa9, 0x9a, 0xfe, 0xea, 0xea, 0xea, 0x99, 0x99, 0xa9, 
    0xaa, 0xaa, 0xaa, 0xaa, 0xaa, 0xae, 0xeb, 0xa9, 0x99, 0xaa, 0xaf, 0xa9, 0xa9, 0x99, 0xa9, 0x99, 
    0x99, 0x99, 0x99, 0x95, 0x99, 0x99, 0x99, 0xa9, 0xa9, 0xaa, 0xaf, 0xee, 0xff, 0xff, 0xe7, 0xfe, 
    0xaa, 0xfe, 0x95, 0x99, 0x99, 0x55, 0x55, 0x58, 0x44, 0x44, 0x44, 0x55, 0xfd, 0x44, 0x44, 0x40, 
    0xaa, 0x99, 0x99, 0x55, 0x45, 0x45, 0x9a, 0xaa, 0x45, 0x59, 0x40, 0x59, 0x44, 0x45, 0xaa, 0xa6, 
    0xfa, 0x94, 0x67, 0xf4, 0x40, 0x58, 0x4d, 0x55, 0x45, 0x54, 0x55, 0x59, 0x94, 0x40, 0x55, 0x45, 
    0x59, 0x50, 0x5a, 0x54, 0x44, 0x44, 0x5a, 0xf9, 0x45, 0x94, 0x55, 0x45, 0x40, 0x40, 0x6a, 0xe9, 
    0x55, 0x54, 0xaa, 0x99, 0x46, 0x6f, 0xfa, 0xef, 0xff, 0xed, 0x99, 0x55, 0x55, 0xe9, 0x95, 0x55, 
    0x55, 0x54, 0x55, 0x99, 0x95, 0x9a, 0x94, 0x55, 0x55, 0x55, 0x55, 0x54, 0x54, 0x54, 0x54, 0x55, 
    0x40, 0x40, 0x55, 0x44, 0x55, 0x5d, 0x55, 0x55, 0x55, 0x55, 0x55, 0x55, 0x55, 0x55, 0x55, 0x99, 
    0x95, 0x5d, 0x94, 0x40, 0x44, 0x44, 0x44, 0x54, 0x44, 0x55, 0x54, 0x44, 0x45, 0x55, 0x94, 0x54, 
    0x44, 0x44, 0x54, 0x55, 0x55, 0x55, 0x5a, 0x5a, 0x55, 0x55, 0x55, 0x55, 0x55, 0x55, 0x55, 0x11, 
    0x51, 0x11, 0x56, 0x51, 0x11, 0x11, 0x11, 0x11, 0x11, 0x11, 0x55, 0x55, 0x65, 0x55, 0x55, 0x65, 
    0x67, 0xba, 0xaa, 0xaa, 0xaa, 0x95, 0x55, 0x65, 0x56, 0x66, 0xa6, 0xa6, 0xa6, 0xba, 0xa7, 0xa6, 
    0x66, 0x66, 0xbb, 0x66, 0x66, 0x66, 0x65, 0x56, 0x66, 0x65, 0x55, 0x55, 0x65, 0x65, 0x66, 0x66, 
    0x66, 0x66, 0xab, 0xaa, 0xbb, 0xfb, 0xbb, 0xbb, 0xba, 0xa5, 0x55, 0x55, 0x56, 0x52, 0xa5, 0x00, 
    0x15, 0x10, 0x00, 0x12, 0xf5, 0x11, 0x11, 0x16, 0xab, 0x65, 0x65, 0x51, 0x41, 0x11, 0x56, 0x66, 
    0x11, 0x14, 0x00, 0x2a, 0x00, 0x16, 0xa6, 0x9b, 0xa5, 0x64, 0xa1, 0xa0, 0x01, 0x50, 0x19, 0x15, 
    0x51, 0x50, 0x15, 0x65, 0x50, 0x01, 0x14, 0x01, 0x15, 0x01, 0x51, 0x10, 0x00, 0x04, 0x11, 0x65, 
    0x41, 0x60, 0x55, 0x51, 0x01, 0x01, 0x01, 0x65, 0x51, 0x51, 0x15, 0x65, 0x41, 0x57, 0xe5, 0x5f, 
    0xfb, 0xb9, 0x51, 0x11, 0x55, 0x91, 0x95, 0x11, 0x65, 0x51, 0x55, 0x56, 0x55, 0x66, 0x91, 0x11, 
    0x11, 0x11, 0x51, 0x51, 0x55, 0x11, 0x00, 0x00, 0x00, 0x00, 0x15, 0x50, 0x15, 0x56, 0x51, 0x55, 
    0x55, 0x51, 0x11, 0x55, 0x11, 0x51, 0x55, 0x55, 0x55, 0x69, 0x51, 0x10, 0x10, 0x10, 0x01, 0x10, 
    0x01, 0x11, 0x11, 0x00, 0x01, 0x11, 0x10, 0x11, 0x11, 0x11, 0x11, 0x11, 0x11, 0x11, 0x11, 0x66, 
    0x99, 0x59, 0x59, 0x59, 0x59, 0x59, 0x55, 0x55, 0x55, 0x55, 0x59, 0x45, 0x55, 0x55, 0x55, 0x55, 
    0x55, 0x55, 0x55, 0x55, 0x59, 0x55, 0x55, 0x59, 0xae, 0xe9, 0x99, 0xa9, 0x99, 0x99, 0x55, 0x59, 
    0x5a, 0xaa, 0xaa, 0xaa, 0xaa, 0xaa, 0xaa, 0xfd, 0x9a, 0x99, 0xfe, 0x99, 0x99, 0x99, 0x99, 0x59, 
    0x99, 0x9e, 0x99, 0x9a, 0xa9, 0x59, 0x59, 0x99, 0x9a, 0x9a, 0xae, 0xea, 0xaf, 0xff, 0xef, 0xfe, 
    0xaa, 0xed, 0x55, 0x95, 0x94, 0x5a, 0x99, 0x04, 0x45, 0x44, 0x44, 0x47, 0xd5, 0x44, 0x44, 0xaa, 
    0xaa, 0x84, 0x45, 0x55, 0x44, 0x45, 0x99, 0xaa, 0x55, 0x58, 0x04, 0x59, 0x94, 0x5a, 0xaa, 0x59, 
    0x54, 0xad, 0xc5, 0x84, 0x0a, 0x40, 0x58, 0x55, 0x55, 0x44, 0x49, 0x99, 0x44, 0x09, 0x48, 0x44, 
    0x55, 0x05, 0x45, 0x44, 0x44, 0x04, 0x45, 0x59, 0x55, 0xa4, 0x54, 0x54, 0x44, 0x54, 0x44, 0x45, 
    0x45, 0x4a, 0x85, 0x5a, 0x44, 0x47, 0xe9, 0xef, 0xff, 0xed, 0x55, 0x45, 0x59, 0x56, 0xd5, 0x55, 
    0x55, 0x95, 0x55, 0x5a, 0x99, 0x59, 0x95, 0x45, 0x59, 0x55, 0x55, 0x55, 0x55, 0x44, 0x04, 0x44, 
    0x40, 0x00, 0x45, 0x44, 0x55, 0x59, 0x55, 0x55, 0x59, 0x55, 0x55, 0x55, 0x55, 0x55, 0x55, 0x59, 
    0x59, 0x69, 0x9a, 0x94, 0x55, 0x44, 0x44, 0x44, 0x44, 0x44, 0x44, 0x44, 0x45, 0x45, 0x45, 0x59, 
    0x45, 0x45, 0x45, 0x45, 0x45, 0x45, 0x45, 0x5a, 0x55, 0x55, 0x55, 0x55, 0x55, 0x55, 0x51, 0x15, 
    0x15, 0x11, 0x11, 0x11, 0x15, 0x11, 0x11, 0x11, 0x11, 0x11, 0x11, 0x15, 0x55, 0x55, 0x55, 0x5a, 
    0x6b, 0xa5, 0x56, 0xa6, 0x66, 0x55, 0x55, 0x55, 0x56, 0x66, 0x66, 0xaa, 0x6a, 0xa6, 0x66, 0xaa, 
    0x66, 0x66, 0xba, 0x56, 0x66, 0x65, 0xa5, 0x66, 0x66, 0x6b, 0xb9, 0x56, 0xb9, 0x15, 0x56, 0x66, 
    0x66, 0x66, 0x6b, 0xaa, 0xab, 0xbb, 0xbb, 0x7b, 0xba, 0x65, 0x55, 0x1b, 0x00, 0x16, 0x60, 0x00, 
    0x11, 0x11, 0x00, 0x0b, 0x55, 0x01, 0x12, 0x6a, 0x6a, 0x51, 0x06, 0x92, 0x50, 0x01, 0x55, 0x66, 
    0x11, 0x14, 0x00, 0x2a, 0xa5, 0x26, 0x55, 0x11, 0x11, 0xa6, 0x52, 0x01, 0x19, 0x01, 0x15, 0x15, 
    0x15, 0x01, 0x16, 0x55, 0x00, 0x15, 0x04, 0x00, 0x01, 0x11, 0x01, 0x51, 0x00, 0x01, 0x11, 0x11, 
    0x11, 0x69, 0x51, 0x39, 0x10, 0x11, 0x10, 0x11, 0x01, 0x11, 0x41, 0x75, 0x10, 0x13, 0xa6, 0xbb, 
    0xbb, 0xa9, 0x55, 0x15, 0x16, 0x96, 0x95, 0x11, 0x25, 0x55, 0x15, 0x56, 0x55, 0x56, 0x65, 0x11, 
    0x15, 0x15, 0x15, 0x15, 0x11, 0x00, 0x01, 0x00, 0x00, 0x00, 0x01, 0x00, 0x15, 0x16, 0x55, 0x16, 
    0x5a, 0x11, 0x11, 0x51, 0x55, 0x51, 0x15, 0x55, 0x55, 0x65, 0x5b, 0x91, 0x11, 0x15, 0x55, 0x11, 
    0x00, 0x01, 0x00, 0x00, 0x01, 0x11, 0x11, 0x15, 0x51, 0x11, 0x11, 0x11, 0x11, 0x11, 0x11, 0x11, 
    0x99, 0x99, 0x99, 0x99, 0x95, 0x99, 0x95, 0x55, 0x55, 0x55, 0x95, 0x55, 0x55, 0x55, 0x55, 0x55, 
    0x55, 0x55, 0x55, 0x55, 0x95, 0x95, 0x95, 0x9a, 0xae, 0xe9, 0xaa, 0xaa, 0xa9, 0x95, 0x55, 0x99, 
    0xaa, 0xaa, 0xaa, 0xea, 0xea, 0xe9, 0xaa, 0xd5, 0xaa, 0xaa, 0xf9, 0x99, 0x99, 0xa9, 0x95, 0x99, 
    0x99, 0xaa, 0xfd, 0x9a, 0xe9, 0x59, 0x99, 0x99, 0xaa, 0xaa, 0xaa, 0xea, 0xaf, 0xfe, 0xfe, 0xff, 
    0xff, 0xf9, 0x94, 0xe9, 0x40, 0x55, 0x40, 0x45, 0x55, 0x68, 0x44, 0x4d, 0x54, 0x44, 0x5a, 0xea, 
    0xe9, 0x94, 0x44, 0x56, 0x94, 0x44, 0x99, 0xa9, 0x55, 0x64, 0x40, 0xea, 0xa9, 0xa9, 0xa9, 0x44, 
    0x55, 0x95, 0x56, 0x44, 0x58, 0x44, 0x58, 0x55, 0x54, 0x41, 0x69, 0xa8, 0x45, 0x44, 0x44, 0x44, 
    0x59, 0x45, 0x44, 0x50, 0x44, 0x44, 0x55, 0x55, 0x44, 0x59, 0x84, 0x55, 0x94, 0x44, 0x44, 0x44, 
    0x54, 0x54, 0x55, 0x94, 0x44, 0x46, 0xea, 0xff, 0xff, 0xee, 0x55, 0x55, 0x56, 0x9a, 0xd5, 0x55, 
    0x6d, 0x99, 0x55, 0x56, 0x99, 0x99, 0xa9, 0x54, 0x55, 0x55, 0x55, 0x55, 0x54, 0x40, 0x44, 0x40, 
    0x40, 0x00, 0x55, 0x54, 0x55, 0x5b, 0x95, 0x56, 0x99, 0x55, 0x55, 0x55, 0x55, 0x95, 0x55, 0x55, 
    0x95, 0xd5, 0x9f, 0xc5, 0x54, 0x55, 0x55, 0x94, 0x54, 0x40, 0x44, 0x44, 0x44, 0x55, 0x55, 0x55, 
    0x55, 0x55, 0x55, 0x54, 0x54, 0x55, 0x55, 0x55, 0x55, 0x55, 0x55, 0x55, 0x55, 0x55, 0x55, 0x11, 
    0x51, 0x55, 0x51, 0x11, 0x55, 0x11, 0x11, 0x11, 0x11, 0x51, 0x11, 0x51, 0x55, 0x55, 0x55, 0x65, 
    0x6a, 0x96, 0x96, 0x55, 0x65, 0x55, 0x55, 0x56, 0x66, 0x66, 0x66, 0xaa, 0xaa, 0xaa, 0x66, 0x51, 
    0x66, 0x66, 0xb6, 0x65, 0x66, 0x66, 0x55, 0x65, 0x66, 0x66, 0x65, 0x57, 0x51, 0x65, 0x65, 0x55, 
    0x66, 0x66, 0x6b, 0xaa, 0xbb, 0xfb, 0xfa, 0xba, 0x56, 0xfa, 0x56, 0x50, 0x00, 0x11, 0x00, 0x10, 
    0x11, 0x65, 0x00, 0x24, 0x50, 0x11, 0x6a, 0x52, 0x66, 0x61, 0x10, 0x16, 0x50, 0x10, 0x65, 0x65, 
    0x11, 0x60, 0x02, 0xa6, 0xa1, 0x66, 0x51, 0x01, 0x15, 0x11, 0x19, 0x00, 0x00, 0x00, 0x04, 0x00, 
    0x10, 0x01, 0x57, 0xa0, 0x19, 0x10, 0x10, 0x10, 0x14, 0x15, 0x11, 0x10, 0x10, 0x01, 0x11, 0x11, 
    0x00, 0x2a, 0x00, 0x11, 0x50, 0x01, 0x00, 0x10, 0x50, 0x12, 0x26, 0x11, 0x50, 0x01, 0xa7, 0xbb, 
    0xfb, 0xba, 0x55, 0x55, 0x51, 0x56, 0x91, 0x11, 0x69, 0x55, 0x15, 0x56, 0x69, 0x66, 0x69, 0x11, 
    0x11, 0x51, 0x51, 0x51, 0x55, 0x00, 0x00, 0x00, 0x10, 0x11, 0x11, 0x10, 0x11, 0x12, 0xa1, 0x55, 
    0x96, 0x51, 0x15, 0x51, 0x55, 0x55, 0x55, 0x55, 0x55, 0x55, 0x7f, 0x51, 0x51, 0x55, 0x51, 0x11, 
    0x11, 0x00, 0x00, 0x10, 0x10, 0x11, 0x51, 0x51, 0x11, 0x11, 0x11, 0x11, 0x11, 0x11, 0x11, 0x11, 
    0x99, 0x59, 0x59, 0x59, 0x59, 0x59, 0x95, 0x55, 0x55, 0x55, 0x55, 0x45, 0x59, 0x55, 0x45, 0x55, 
    0x55, 0x55, 0x55, 0x55, 0x55, 0x59, 0x55, 0x99, 0xaa, 0x99, 0x59, 0x59, 0x99, 0x55, 0x55, 0x59, 
    0x5a, 0xaa, 0xaa, 0xaa, 0xae, 0xaa, 0x99, 0x58, 0x99, 0x9a, 0xe9, 0x99, 0x99, 0x9a, 0x99, 0x99, 
    0x99, 0x99, 0x96, 0x5b, 0x45, 0x99, 0x99, 0x99, 0x9a, 0x9a, 0xae, 0xaa, 0xfe, 0xef, 0xfe, 0xd9, 
    0x54, 0x6d, 0x6e, 0x44, 0x05, 0x44, 0x40, 0x44, 0x45, 0x69, 0x44, 0x54, 0x44, 0x06, 0xa9, 0x45, 
    0x9a, 0x94, 0x44, 0x46, 0x94, 0x04, 0x59, 0x95, 0x45, 0x94, 0x06, 0x9a, 0xda, 0x94, 0x04, 0x0a, 
    0xae, 0x49, 0x6c, 0x01, 0x44, 0x18, 0x04, 0x44, 0x04, 0x05, 0x99, 0x94, 0x0e, 0x44, 0x54, 0x45, 
    0x94, 0x58, 0x45, 0x44, 0x44, 0x04, 0x05, 0x45, 0x44, 0x05, 0x44, 0x14, 0x54, 0x04, 0x44, 0x04, 
    0x44, 0x46, 0x84, 0x05, 0x45, 0x45, 0xea, 0xff, 0xff, 0xee, 0x55, 0x55, 0x55, 0x5b, 0xd5, 0x44, 
    0x5d, 0x55, 0x45, 0x59, 0x59, 0x5a, 0xe9, 0x44, 0x45, 0x55, 0x55, 0x55, 0x45, 0x44, 0x54, 0x04, 
    0x44, 0x04, 0x45, 0x44, 0x04, 0x45, 0x59, 0x55, 0x55, 0x55, 0x45, 0x55, 0x55, 0x55, 0x55, 0x59, 
    0x56, 0x59, 0xae, 0x55, 0x55, 0x59, 0x55, 0x55, 0x45, 0x44, 0x04, 0x04, 0x44, 0x45, 0x55, 0x55, 
    0x55, 0x55, 0x45, 0x45, 0x45, 0x45, 0x45, 0x45, 0x55, 0x55, 0x55, 0x55, 0x55, 0x55, 0x11, 0x11, 
    0x11, 0x15, 0x15, 0x51, 0x55, 0x11, 0x11, 0x11, 0x11, 0x11, 0x11, 0x15, 0x55, 0x55, 0x56, 0x55, 
    0x6a, 0x55, 0x55, 0x55, 0x65, 0x55, 0x55, 0x55, 0x5a, 0x52, 0x6a, 0x6a, 0xaa, 0xa6, 0x66, 0x69, 
    0x66, 0x6b, 0xa6, 0x56, 0x56, 0x66, 0x55, 0x56, 0x56, 0x66, 0x56, 0x1b, 0x15, 0x56, 0x65, 0x15, 
    0x66, 0x66, 0x6a, 0x6a, 0xab, 0xbb, 0xba, 0x55, 0x11, 0x16, 0x51, 0x00, 0x00, 0x01, 0x00, 0x02, 
    0x91, 0x65, 0x10, 0x51, 0x10, 0x16, 0x51, 0x16, 0x66, 0x51, 0x01, 0x00, 0x60, 0x00, 0x55, 0x65, 
    0x11, 0x50, 0x16, 0x1a, 0x95, 0x50, 0x04, 0x19, 0x16, 0x55, 0xb4, 0x01, 0x00, 0x11, 0x01, 0x15, 
    0x01, 0x12, 0x56, 0x50, 0x01, 0x01, 0x10, 0x05, 0x51, 0x15, 0x01, 0x10, 0x11, 0x00, 0x01, 0x11, 
    0x00, 0x01, 0x01, 0x50, 0x20, 0x01, 0x00, 0x01, 0x11, 0x11, 0x91, 0x41, 0x65, 0x41, 0xa7, 0xbb, 
    0xbf, 0xab, 0x55, 0x55, 0x55, 0x56, 0x95, 0x11, 0x15, 0x15, 0x11, 0x15, 0x11, 0x57, 0xb6, 0x11, 
    0x11, 0x55, 0x11, 0x11, 0x11, 0x00, 0x00, 0x01, 0x41, 0x00, 0x01, 0x00, 0x51, 0x11, 0x11, 0x11, 
    0x55, 0x11, 0x11, 0x11, 0x55, 0x15, 0x55, 0x55, 0x55, 0x15, 0xb9, 0x11, 0x11, 0x55, 0x15, 0x15, 
    0x51, 0x00, 0x00, 0x00, 0x00, 0x00, 0x11, 0x15, 0x11, 0x15, 0x11, 0x11, 0x11, 0x11, 0x11, 0x11, 
    0x99, 0x99, 0x99, 0x99, 0x95, 0x95, 0x55, 0x55, 0x55, 0x55, 0x55, 0x95, 0x95, 0x55, 0x55, 0x55, 
    0x55, 0x55, 0x55, 0x55, 0x95, 0x99, 0xaa, 0x99, 0xaa, 0x95, 0x99, 0x99, 0x99, 0x95, 0x55, 0x55, 
    0x9a, 0xaa, 0xaa, 0xaa, 0xee, 0xa9, 0xaa, 0xaa, 0xaa, 0x97, 0xd9, 0x99, 0x9a, 0xe9, 0x99, 0x99, 
    0x99, 0x99, 0x95, 0x4a, 0x55, 0x59, 0x99, 0x99, 0x99, 0xaa, 0xaa, 0xaa, 0xee, 0xff, 0xf9, 0x84, 
    0x46, 0xde, 0x44, 0x44, 0x44, 0x44, 0x44, 0x6f, 0xd4, 0x59, 0x54, 0x85, 0x44, 0xa9, 0x58, 0x55, 
    0x55, 0x54, 0x44, 0x44, 0x54, 0x44, 0x95, 0x94, 0x55, 0x80, 0x44, 0x5e, 0x95, 0x80, 0x44, 0x74, 
    0x45, 0x5b, 0xf8, 0x45, 0x44, 0x85, 0x54, 0x55, 0x54, 0x59, 0x99, 0x84, 0x40, 0x40, 0x40, 0x59, 
    0x85, 0x95, 0x44, 0x54, 0x54, 0x44, 0x44, 0x55, 0x44, 0x44, 0x44, 0x54, 0x64, 0x44, 0x40, 0x44, 
    0x44, 0x54, 0xa9, 0x54, 0x6a, 0x85, 0xea, 0xfe, 0xff, 0xee, 0x95, 0x99, 0x95, 0x96, 0xa5, 0x54, 
    0x59, 0x5d, 0x55, 0x55, 0x55, 0x5a, 0xe9, 0x54, 0x44, 0x55, 0x55, 0x55, 0x54, 0x40, 0x40, 0x59, 
    0x56, 0x80, 0x44, 0x45, 0xd5, 0x55, 0x55, 0x55, 0x59, 0x59, 0x55, 0x55, 0x59, 0x55, 0x55, 0x95, 
    0x99, 0x96, 0xf8, 0x55, 0x45, 0x94, 0x54, 0x99, 0xa9, 0x54, 0x54, 0x54, 0x54, 0x44, 0x44, 0x55, 
    0x55, 0x55, 0x54, 0x54, 0x54, 0x54, 0x54, 0x54, 0x55, 0x55, 0x55, 0x55, 0x55, 0x55, 0x11, 0x11, 
    0x11, 0x51, 0x55, 0x55, 0x55, 0x51, 0x11, 0x11, 0x11, 0x11, 0x11, 0x55, 0x55, 0x6a, 0xaa, 0xa6, 
    0xaa, 0x55, 0x55, 0x55, 0x55, 0x55, 0x55, 0x55, 0x6a, 0xa6, 0xa6, 0x6a, 0xba, 0xa6, 0x66, 0x66, 
    0xab, 0x9a, 0x95, 0x65, 0x66, 0xa6, 0x66, 0x66, 0x66, 0x65, 0x52, 0x5a, 0x59, 0x25, 0x65, 0x66, 
    0x66, 0x66, 0x66, 0x6a, 0xaa, 0xbb, 0xe6, 0x00, 0x2b, 0x64, 0x01, 0x14, 0x10, 0x01, 0x75, 0xba, 
    0x51, 0x59, 0x52, 0x11, 0x12, 0x66, 0x65, 0x50, 0x01, 0x54, 0x10, 0x10, 0x14, 0x00, 0x66, 0x95, 
    0x16, 0x40, 0x00, 0x2a, 0x52, 0x00, 0x00, 0x91, 0x56, 0x6f, 0xf4, 0x01, 0x00, 0x92, 0x11, 0x11, 
    0x64, 0x25, 0x65, 0x10, 0x00, 0x01, 0x01, 0x55, 0x11, 0x51, 0x11, 0x10, 0x11, 0x00, 0x05, 0x11, 
    0x10, 0x11, 0x00, 0x15, 0x14, 0x10, 0x10, 0x11, 0x11, 0x10, 0x67, 0x91, 0x11, 0x66, 0xa7, 0xbf, 
    0xfb, 0xab, 0x95, 0x51, 0x55, 0x56, 0xa1, 0x51, 0x19, 0x15, 0x11, 0x51, 0x11, 0x16, 0x55, 0x51, 
    0x11, 0x11, 0x51, 0x51, 0x51, 0x10, 0x11, 0x55, 0x52, 0x41, 0x10, 0x17, 0x91, 0x51, 0x51, 0x11, 
    0x11, 0x15, 0x51, 0x51, 0x15, 0x55, 0x65, 0x55, 0x65, 0x57, 0xf1, 0x11, 0x15, 0x51, 0x51, 0x55, 
    0x56, 0x51, 0x11, 0x51, 0x51, 0x51, 0x11, 0x01, 0x11, 0x51, 0x55, 0x11, 0x11, 0x11, 0x11, 0x11, 
    0x59, 0x59, 0x59, 0x59, 0x59, 0x59, 0x55, 0x55, 0x55, 0x55, 0x59, 0x99, 0x59, 0x55, 0x45, 0x45, 
    0x55, 0x55, 0x55, 0x55, 0x59, 0xae, 0xea, 0xaa, 0xa9, 0x99, 0x59, 0x59, 0x55, 0x55, 0x55, 0x55, 
    0xaa, 0xea, 0xa9, 0x6f, 0xff, 0xea, 0x9a, 0xaa, 0x99, 0x59, 0x59, 0x59, 0x9a, 0x99, 0x99, 0x99, 
    0x99, 0x99, 0x5d, 0x95, 0x44, 0x69, 0x99, 0x99, 0x99, 0xaa, 0x9a, 0xaa, 0xee, 0xef, 0xde, 0x85, 
    0xfd, 0x54, 0x44, 0x55, 0x54, 0x4b, 0xa6, 0xfd, 0x45, 0x59, 0x45, 0x45, 0x4a, 0xa9, 0x44, 0x45, 
    0x45, 0x99, 0x44, 0x44, 0x04, 0x44, 0x96, 0x95, 0x59, 0x44, 0x04, 0x6e, 0x45, 0x44, 0x05, 0x8a, 
    0xaf, 0xaf, 0xf8, 0x45, 0x44, 0x45, 0x44, 0x04, 0x54, 0x19, 0x99, 0x44, 0x04, 0x04, 0x45, 0x59, 
    0x45, 0x85, 0x45, 0x44, 0x44, 0x44, 0x05, 0x44, 0x44, 0x44, 0x44, 0x08, 0x48, 0x04, 0x45, 0x44, 
    0x44, 0x44, 0x66, 0xee, 0xa6, 0xe9, 0xee, 0xff, 0xff, 0xee, 0x95, 0x55, 0x95, 0x95, 0x65, 0x44, 
    0x55, 0x59, 0x45, 0x55, 0x55, 0x4a, 0xae, 0x55, 0x45, 0x55, 0x55, 0x55, 0x55, 0x44, 0x58, 0x45, 
    0x54, 0x95, 0xe4, 0x6e, 0xc5, 0xa5, 0x55, 0x45, 0x45, 0x55, 0x59, 0x55, 0x59, 0x55, 0x99, 0x59, 
    0x59, 0x9b, 0xe5, 0x55, 0x59, 0x55, 0x55, 0x59, 0xa9, 0x45, 0x55, 0x55, 0x55, 0x55, 0x55, 0x44, 
    0x05, 0x55, 0x55, 0x55, 0x44, 0x45, 0x45, 0x45, 0x55, 0x55, 0x55, 0x55, 0x55, 0x55, 0x51, 0x11, 
    0x11, 0x11, 0x55, 0x55, 0x55, 0x55, 0x11, 0x11, 0x11, 0x11, 0x11, 0x15, 0x55, 0x6a, 0x6a, 0x6a, 
    0xa5, 0x55, 0x55, 0x55, 0x55, 0x55, 0x15, 0x56, 0x6a, 0xaa, 0x6a, 0xa6, 0xa5, 0xba, 0x66, 0x66, 
    0x65, 0x16, 0x55, 0x55, 0x55, 0x56, 0x56, 0x56, 0x56, 0xa6, 0x66, 0x91, 0x00, 0x6a, 0x55, 0x56, 
    0x66, 0x66, 0x6a, 0x6a, 0xba, 0xab, 0x69, 0x05, 0x69, 0x00, 0x16, 0x90, 0x01, 0x19, 0x5b, 0xff, 
    0x01, 0x19, 0x15, 0x01, 0x26, 0x51, 0x00, 0x01, 0x51, 0x55, 0x01, 0x00, 0x00, 0x01, 0x52, 0x51, 
    0x16, 0x01, 0x01, 0x65, 0x61, 0x40, 0x05, 0x5a, 0x1b, 0x7f, 0xf4, 0x01, 0x01, 0x01, 0x09, 0x00, 
    0x00, 0x11, 0x55, 0x00, 0x00, 0x01, 0x95, 0x55, 0x06, 0x01, 0x11, 0x10, 0x01, 0x00, 0x11, 0x01, 
    0x00, 0x01, 0x00, 0x05, 0x04, 0x00, 0x01, 0x01, 0x01, 0x00, 0x25, 0xbb, 0x95, 0x66, 0x5b, 0xbf, 
    0xbb, 0xab, 0x95, 0x51, 0x15, 0x52, 0x65, 0x11, 0x15, 0x55, 0x15, 0x15, 0x15, 0x15, 0x6a, 0x51, 
    0x11, 0x15, 0x15, 0x15, 0x15, 0x11, 0x11, 0x11, 0x11, 0x00, 0x6a, 0xba, 0x51, 0x11, 0x11, 0x11, 
    0x11, 0x11, 0x15, 0x65, 0x55, 0x55, 0x55, 0x55, 0x55, 0x5f, 0x91, 0x11, 0x15, 0x51, 0x11, 0x55, 
    0x6a, 0xa5, 0x51, 0x15, 0x11, 0x11, 0x11, 0x11, 0x00, 0x01, 0x15, 0x11, 0x15, 0x11, 0x11, 0x11, 
    0x99, 0x99, 0x99, 0x99, 0x95, 0x95, 0x95, 0x55, 0x55, 0x55, 0x55, 0x99, 0x95, 0x95, 0x55, 0x55, 
    0x55, 0x55, 0x55, 0x55, 0x95, 0xaa, 0xaa, 0xaa, 0xa9, 0x99, 0x99, 0x99, 0x55, 0x55, 0x55, 0xaa, 
    0xaa, 0xaa, 0xae, 0xee, 0xa9, 0x55, 0x59, 0x99, 0x58, 0x55, 0x99, 0x99, 0x55, 0x99, 0x99, 0x99, 
    0x99, 0x95, 0x96, 0xd4, 0x44, 0x55, 0x99, 0x99, 0x99, 0xaa, 0xaa, 0xaa, 0xee, 0xee, 0xb4, 0x45, 
    0xe4, 0x45, 0xfe, 0x84, 0x45, 0x55, 0xef, 0xfe, 0x40, 0x59, 0x58, 0x46, 0x94, 0x54, 0x44, 0x44, 
    0x99, 0x55, 0x44, 0x44, 0x44, 0x45, 0x56, 0x54, 0x69, 0x44, 0x45, 0xa4, 0xd4, 0x90, 0x5d, 0xdd, 
    0x6e, 0xbf, 0xf8, 0x45, 0x54, 0x44, 0x44, 0x40, 0x40, 0x59, 0x98, 0x40, 0x40, 0x46, 0x95, 0x94, 
    0x59, 0x45, 0x54, 0x44, 0x44, 0x44, 0x54, 0x44, 0x44, 0x44, 0x44, 0x44, 0x44, 0x44, 0x44, 0x44, 
    0x44, 0x44, 0x5d, 0xae, 0xe5, 0x99, 0x9e, 0xff, 0xff, 0xee, 0xd5, 0x95, 0x55, 0x95, 0xa5, 0x54, 
    0x55, 0x55, 0x54, 0x55, 0x55, 0x55, 0x99, 0x94, 0x54, 0x45, 0x55, 0x55, 0x55, 0x54, 0x44, 0x55, 
    0x54, 0x44, 0x95, 0x54, 0x45, 0x55, 0x55, 0x54, 0x54, 0x55, 0x55, 0x55, 0x55, 0x55, 0x95, 0x99, 
    0x95, 0x6f, 0x84, 0x54, 0x55, 0x55, 0x45, 0x99, 0x99, 0xaa, 0xee, 0x95, 0x55, 0x55, 0x55, 0x54, 
    0x44, 0x44, 0x55, 0x55, 0x55, 0x54, 0x44, 0x54, 0x55, 0x55, 0x55, 0x55, 0x55, 0x55, 0x55, 0x55, 
    0x51, 0x11, 0x51, 0x55, 0x55, 0x51, 0x11, 0x11, 0x11, 0x11, 0x11, 0x55, 0x56, 0xa6, 0x66, 0x6a, 
    0xaa, 0x55, 0x55, 0x55, 0x55, 0x55, 0x55, 0xaa, 0xa6, 0xa6, 0xaa, 0xaa, 0xa5, 0x55, 0x26, 0xa5, 
    0x15, 0xb6, 0x65, 0x65, 0x66, 0x66, 0x66, 0x66, 0x66, 0x65, 0x52, 0x50, 0x10, 0x11, 0x55, 0x66, 
    0x66, 0xa6, 0xaa, 0xba, 0xba, 0xb9, 0xa1, 0x01, 0x50, 0x1b, 0xa5, 0x00, 0x11, 0x66, 0x7f, 0xb9, 
    0x00, 0x16, 0x10, 0x15, 0x51, 0x10, 0x00, 0x11, 0x16, 0x56, 0x51, 0x10, 0x00, 0x00, 0x55, 0x51, 
    0x65, 0x00, 0x01, 0x50, 0xa4, 0x10, 0x33, 0xa5, 0x15, 0x7b, 0xf8, 0x00, 0x10, 0x11, 0x00, 0x10, 
    0x10, 0x16, 0x64, 0x10, 0x00, 0x16, 0x55, 0x51, 0x61, 0x01, 0x51, 0x10, 0x00, 0x01, 0x11, 0x11, 
    0x10, 0x01, 0x10, 0x01, 0x11, 0x00, 0x11, 0x11, 0x10, 0x00, 0x16, 0x7b, 0xa5, 0xa6, 0x56, 0xbf, 
    0xbb, 0xba, 0xe5, 0x51, 0x56, 0x62, 0xa5, 0x51, 0x51, 0x15, 0x55, 0x11, 0x55, 0x55, 0x65, 0x51, 
    0x11, 0x15, 0x51, 0x51, 0x55, 0x50, 0x11, 0x11, 0x51, 0x10, 0x11, 0x10, 0x11, 0x11, 0x51, 0x11, 
    0x11, 0x11, 0x11, 0x51, 0x55, 0x55, 0x55, 0x56, 0x55, 0x7b, 0x11, 0x11, 0x55, 0x11, 0x15, 0x55, 
    0x66, 0x66, 0xbb, 0xba, 0xa1, 0x11, 0x11, 0x51, 0x51, 0x10, 0x00, 0x11, 0x11, 0x11, 0x11, 0x11, 
    0x59, 0x59, 0x59, 0x59, 0x59, 0x59, 0x59, 0x99, 0x55, 0x55, 0x55, 0x59, 0x55, 0x55, 0x45, 0x45, 
    0x45, 0x55, 0x55, 0x55, 0x9e, 0x9a, 0xaa, 0x9a, 0xaa, 0x99, 0x99, 0x59, 0x55, 0x55, 0x5a, 0xaa, 
    0xaa, 0xaa, 0xae, 0xee, 0xaa, 0x99, 0x99, 0x58, 0x4a, 0xfd, 0x99, 0x99, 0x9a, 0x99, 0x99, 0x99, 
    0x99, 0x99, 0x55, 0x85, 0x54, 0x45, 0x6a, 0x99, 0x99, 0x9a, 0xae, 0xaa, 0xee, 0xe9, 0x44, 0x45, 
    0xd4, 0x59, 0x98, 0x09, 0x9a, 0xea, 0xae, 0xac, 0x04, 0x45, 0x44, 0x55, 0x44, 0x44, 0x05, 0x55, 
    0x45, 0x95, 0x99, 0x44, 0x44, 0x40, 0x49, 0x45, 0x98, 0x14, 0x04, 0x46, 0x44, 0x44, 0xab, 0x65, 
    0x55, 0x5f, 0xe4, 0x04, 0x04, 0x44, 0x44, 0x44, 0x44, 0x05, 0x98, 0x04, 0x55, 0x99, 0x59, 0x45, 
    0x85, 0x44, 0x44, 0x44, 0x44, 0x04, 0x45, 0x45, 0x44, 0x44, 0x44, 0x05, 0x45, 0x05, 0x44, 0x44, 
    0x44, 0x44, 0x4f, 0xae, 0xe9, 0x59, 0x5d, 0xaf, 0xee, 0xee, 0xe9, 0x56, 0x95, 0x56, 0xe9, 0x55, 
    0x55, 0x4a, 0x55, 0x55, 0x55, 0x5a, 0x95, 0x95, 0x45, 0x49, 0x55, 0x55, 0x55, 0x54, 0x45, 0x55, 
    0x54, 0x44, 0x44, 0x44, 0x45, 0x55, 0x45, 0x45, 0x45, 0x45, 0x45, 0x55, 0x55, 0x55, 0x59, 0x59, 
    0x59, 0xee, 0x44, 0x45, 0x54, 0x45, 0x55, 0x55, 0x59, 0x99, 0xae, 0xee, 0xea, 0xa9, 0x45, 0x55, 
    0x45, 0x55, 0x44, 0x44, 0x55, 0x55, 0x44, 0x44, 0x55, 0x55, 0x55, 0x55, 0x55, 0x55, 0x56, 0x55, 
    0x51, 0x11, 0x11, 0x55, 0x11, 0x11, 0x11, 0x11, 0x11, 0x11, 0x11, 0x56, 0xaa, 0x55, 0x66, 0x56, 
    0x55, 0x55, 0x55, 0x56, 0x55, 0x15, 0x56, 0x6a, 0x66, 0x66, 0xab, 0xaa, 0x66, 0x66, 0x55, 0x7a, 
    0x51, 0x66, 0x56, 0x56, 0x56, 0x66, 0x56, 0x56, 0x55, 0x55, 0x55, 0xa2, 0x51, 0x01, 0x16, 0x66, 
    0x66, 0x66, 0x6a, 0x6a, 0xbb, 0xb5, 0x15, 0x06, 0x05, 0x25, 0x60, 0x16, 0x5b, 0xa9, 0x2b, 0xb4, 
    0x00, 0x11, 0x00, 0x61, 0x01, 0x00, 0x01, 0x11, 0x11, 0x65, 0x65, 0x11, 0x10, 0x10, 0x15, 0x12, 
    0x60, 0x00, 0x00, 0x41, 0x54, 0x00, 0x9a, 0x21, 0x15, 0x07, 0x51, 0x00, 0x01, 0x15, 0x01, 0x01, 
    0x00, 0x00, 0x01, 0x02, 0x56, 0x55, 0x15, 0x16, 0x11, 0x01, 0x11, 0x10, 0x00, 0x01, 0x11, 0x11, 
    0x10, 0x01, 0x11, 0x01, 0x11, 0x15, 0x11, 0x11, 0x01, 0x01, 0x06, 0x5b, 0xa9, 0x15, 0x5b, 0x6f, 
    0xab, 0xba, 0xa9, 0x55, 0x65, 0x65, 0x65, 0x11, 0x1a, 0x55, 0x15, 0x15, 0x66, 0x56, 0x95, 0x55, 
    0x11, 0x11, 0x11, 0x11, 0x15, 0x51, 0x11, 0x11, 0x11, 0x01, 0x01, 0x01, 0x15, 0x15, 0x11, 0x15, 
    0x11, 0x11, 0x11, 0x15, 0x11, 0x15, 0x15, 0x55, 0x55, 0xb9, 0x11, 0x01, 0x11, 0x11, 0x15, 0x55, 
    0x55, 0x56, 0x6b, 0xaa, 0xa6, 0xab, 0xaa, 0x51, 0x01, 0x51, 0x11, 0x00, 0x11, 0x11, 0x11, 0x11, 
    0x99, 0x99, 0x99, 0x99, 0x99, 0x99, 0x99, 0x99, 0x55, 0x55, 0x55, 0x95, 0x55, 0x55, 0x55, 0x55, 
    0x55, 0x55, 0x55, 0xaa, 0xe9, 0x95, 0x99, 0x95, 0x99, 0x55, 0x99, 0x99, 0x55, 0x55, 0x59, 0xaa, 
    0xaa, 0xaa, 0xfe, 0xea, 0xaa, 0xaa, 0xa5, 0x59, 0x96, 0x59, 0x99, 0x99, 0x99, 0x99, 0xa9, 0xa9, 
    0x99, 0x9a, 0x9a, 0xa8, 0x45, 0x55, 0x95, 0x55, 0xa9, 0xaa, 0xaa, 0xaa, 0xed, 0xe4, 0x44, 0x59, 
    0x44, 0x99, 0x94, 0x6e, 0x7e, 0xb9, 0x57, 0xf4, 0x44, 0x54, 0x40, 0xa4, 0x44, 0x40, 0x55, 0x54, 
    0x40, 0x59, 0xa8, 0x45, 0x54, 0x50, 0x59, 0x5a, 0x94, 0x40, 0x40, 0x55, 0x44, 0x55, 0xdd, 0x95, 
    0x55, 0x45, 0x54, 0x44, 0x45, 0x54, 0x54, 0x44, 0x40, 0x40, 0x44, 0x46, 0xf9, 0x99, 0x94, 0x54, 
    0x44, 0x44, 0x54, 0x44, 0x40, 0x54, 0x55, 0x55, 0x54, 0x44, 0x54, 0x44, 0xad, 0x58, 0x54, 0x54, 
    0x44, 0x44, 0x44, 0x6e, 0xa9, 0x69, 0x5a, 0xea, 0xee, 0xfe, 0xf9, 0x55, 0x95, 0xfd, 0x55, 0x55, 
    0x6f, 0xd5, 0x95, 0x55, 0xaa, 0xfe, 0x95, 0x95, 0x54, 0x55, 0x55, 0x55, 0x55, 0x54, 0x55, 0x95, 
    0x54, 0x44, 0x44, 0x45, 0x55, 0x99, 0x54, 0x54, 0x55, 0x55, 0x55, 0x55, 0x55, 0x55, 0x55, 0xa9, 
    0x96, 0xf8, 0x54, 0x45, 0x54, 0x54, 0x55, 0x55, 0x59, 0x99, 0xae, 0xee, 0xd9, 0xee, 0xee, 0xea, 
    0x95, 0x99, 0x55, 0x55, 0x44, 0x44, 0x55, 0x55, 0x55, 0x55, 0x51, 0x55, 0x55, 0x55, 0x66, 0x65, 
    0x51, 0x11, 0x55, 0x55, 0x51, 0x11, 0x11, 0x11, 0x11, 0x11, 0x16, 0xaa, 0xa5, 0x55, 0x55, 0x55, 
    0x65, 0x55, 0x55, 0x55, 0x55, 0x55, 0x55, 0xa6, 0x66, 0xa6, 0xba, 0x6a, 0x66, 0xa6, 0x91, 0x15, 
    0x57, 0x65, 0x65, 0x65, 0x65, 0x66, 0x66, 0x66, 0x66, 0xbb, 0x65, 0x51, 0x15, 0x15, 0x65, 0x66, 
    0x66, 0x66, 0xaa, 0xaa, 0x60, 0x54, 0x11, 0xba, 0x02, 0x56, 0x91, 0x55, 0x65, 0x65, 0x12, 0xb0, 
    0x00, 0x11, 0x00, 0x50, 0x11, 0x00, 0x11, 0x10, 0x00, 0x05, 0x78, 0x01, 0x10, 0x10, 0x15, 0x56, 
    0x50, 0x10, 0x00, 0x00, 0x02, 0x42, 0x6a, 0x91, 0x51, 0x11, 0x11, 0x10, 0x02, 0x10, 0x00, 0x10, 
    0x00, 0x00, 0x00, 0x03, 0x95, 0x65, 0x51, 0x50, 0x11, 0x10, 0x11, 0x10, 0x10, 0x10, 0x11, 0x11, 
    0x10, 0x01, 0x10, 0x12, 0x51, 0x11, 0x11, 0x10, 0x10, 0x11, 0x10, 0x12, 0x96, 0xaa, 0x66, 0xba, 
    0xab, 0xba, 0xb5, 0x55, 0x51, 0xb9, 0x11, 0x11, 0x2b, 0xa1, 0x95, 0x55, 0x56, 0xff, 0xa5, 0x55, 
    0x65, 0x51, 0x51, 0x51, 0x55, 0x51, 0x11, 0x11, 0x11, 0x10, 0x10, 0x11, 0x11, 0x55, 0x51, 0x11, 
    0x11, 0x11, 0x11, 0x51, 0x55, 0x55, 0x51, 0x61, 0x57, 0xa1, 0x11, 0x11, 0x51, 0x11, 0x55, 0x55, 
    0x56, 0x65, 0x6a, 0xba, 0xa2, 0xaa, 0xaa, 0xaa, 0x96, 0xa5, 0x55, 0x51, 0x51, 0x10, 0x11, 0x51, 
    0x59, 0x59, 0x55, 0x59, 0x59, 0x99, 0x99, 0x99, 0x55, 0x55, 0x59, 0x59, 0x45, 0x45, 0x45, 0x45, 
    0x45, 0x55, 0x5a, 0xea, 0x99, 0x55, 0x55, 0x95, 0x99, 0x55, 0x99, 0x59, 0x55, 0x55, 0x55, 0x99, 
    0x9a, 0x9a, 0xa9, 0x6a, 0x9a, 0xaa, 0x9a, 0x55, 0x45, 0x55, 0xed, 0x99, 0x99, 0x99, 0x99, 0x99, 
    0xaf, 0x95, 0x45, 0x59, 0x59, 0x59, 0x99, 0x99, 0x9a, 0x9a, 0xaa, 0x95, 0xa9, 0x54, 0x06, 0xad, 
    0x06, 0x9e, 0x85, 0xa5, 0x44, 0x85, 0x55, 0xd4, 0x04, 0x46, 0x44, 0x40, 0x44, 0x00, 0x44, 0x94, 
    0x04, 0x05, 0x68, 0x05, 0x44, 0x04, 0x09, 0x9a, 0x80, 0x44, 0x40, 0x08, 0x5a, 0x46, 0x5d, 0x55, 
    0x44, 0x45, 0x44, 0x44, 0x45, 0x98, 0x94, 0x44, 0x40, 0x04, 0x44, 0x0a, 0x59, 0x99, 0x69, 0x44, 
    0x44, 0x40, 0x45, 0x44, 0x04, 0x44, 0x45, 0x55, 0x44, 0x04, 0x45, 0x45, 0x44, 0x44, 0x44, 0x44, 
    0x44, 0x44, 0x44, 0x0a, 0x5e, 0xee, 0x59, 0xae, 0x9e, 0xfe, 0xf9, 0x55, 0x55, 0xa9, 0x45, 0x45, 
    0x45, 0x95, 0x55, 0x55, 0x69, 0xfe, 0x99, 0x55, 0x9d, 0x9a, 0x95, 0x55, 0x55, 0x54, 0x45, 0x55, 
    0x44, 0x44, 0x44, 0x44, 0x55, 0x59, 0x99, 0x55, 0x45, 0x45, 0x55, 0x55, 0x95, 0x99, 0x55, 0x95, 
    0x4b, 0xd4, 0x44, 0x45, 0x45, 0x45, 0x55, 0x55, 0x59, 0x99, 0x5e, 0xee, 0xaa, 0xee, 0xee, 0xee, 
    0xa5, 0xae, 0xa9, 0x55, 0x55, 0x44, 0x44, 0x45, 0x15, 0x55, 0x51, 0x15, 0x55, 0x56, 0x56, 0x56, 
    0x55, 0x55, 0x55, 0x55, 0x11, 0x11, 0x11, 0x11, 0x11, 0x11, 0x6a, 0xa6, 0x55, 0x55, 0x55, 0x55, 
    0x55, 0x56, 0x55, 0x55, 0x55, 0x55, 0x55, 0x55, 0x56, 0x66, 0x65, 0x26, 0x56, 0xaa, 0x7f, 0x90, 
    0x00, 0x02, 0x65, 0x56, 0x55, 0x56, 0x56, 0x66, 0x65, 0x11, 0x11, 0x56, 0x55, 0x55, 0x56, 0x56, 
    0x66, 0x66, 0x66, 0x42, 0x56, 0x24, 0x19, 0x29, 0x01, 0xa5, 0x02, 0x61, 0x55, 0x15, 0x15, 0x00, 
    0x00, 0x16, 0x01, 0x00, 0x10, 0x00, 0x02, 0xb9, 0x00, 0x01, 0x59, 0x01, 0x10, 0x00, 0x15, 0x6a, 
    0x40, 0x01, 0x00, 0x01, 0x29, 0x02, 0x61, 0x11, 0x01, 0x01, 0x10, 0x11, 0x00, 0x15, 0x01, 0x50, 
    0x00, 0x00, 0x00, 0x05, 0x55, 0x55, 0x51, 0x00, 0x01, 0x11, 0x11, 0x00, 0x00, 0x01, 0x01, 0x11, 
    0x00, 0x11, 0x51, 0x11, 0x00, 0x00, 0x00, 0x00, 0x00, 0x01, 0x00, 0x02, 0x16, 0x6a, 0x11, 0x1a, 
    0x1b, 0xba, 0xba, 0x55, 0x15, 0x15, 0x11, 0x01, 0x11, 0x11, 0x15, 0x15, 0x76, 0x6a, 0x55, 0x15, 
    0x5b, 0xa5, 0x51, 0x11, 0x15, 0x15, 0x01, 0x11, 0x11, 0x01, 0x01, 0x01, 0x51, 0x55, 0x55, 0x55, 
    0x11, 0x11, 0x11, 0x15, 0x55, 0x65, 0x55, 0x55, 0x1b, 0x91, 0x11, 0x11, 0x01, 0x01, 0x55, 0x51, 
    0x55, 0x55, 0x5b, 0xaa, 0x5b, 0xaa, 0xaa, 0xaa, 0xa5, 0x6a, 0xab, 0xa5, 0x11, 0x11, 0x01, 0x01, 
    0x55, 0x95, 0x95, 0x99, 0x99, 0x99, 0x99, 0x99, 0x99, 0x95, 0x99, 0x95, 0x95, 0x55, 0x55, 0x55, 
    0x55, 0x59, 0xae, 0xd9, 0x59, 0x55, 0x55, 0x55, 0x95, 0x59, 0xa9, 0x55, 0x55, 0x55, 0x55, 0x95, 
    0x99, 0xa9, 0x99, 0x9a, 0xea, 0xaa, 0xfd, 0x44, 0x54, 0x44, 0x54, 0x59, 0x99, 0x99, 0x99, 0x99, 
    0x99, 0x95, 0x55, 0x9a, 0x95, 0x99, 0xa9, 0x99, 0xaa, 0xaa, 0x9a, 0x44, 0x68, 0x69, 0x69, 0x58, 
    0x45, 0x99, 0x45, 0x56, 0xda, 0x54, 0x55, 0x40, 0x44, 0x55, 0x40, 0x44, 0x54, 0x40, 0x6f, 0xfa, 
    0x94, 0x44, 0x59, 0x40, 0x54, 0x40, 0x55, 0xaa, 0x80, 0x54, 0x40, 0x55, 0xb8, 0x46, 0x54, 0x54, 
    0x45, 0x44, 0x44, 0x44, 0x44, 0x44, 0x45, 0x55, 0x54, 0x44, 0x44, 0x55, 0x95, 0xa4, 0x54, 0x40, 
    0x44, 0x44, 0x55, 0x44, 0x44, 0x44, 0x54, 0x54, 0x54, 0x44, 0x54, 0x56, 0x44, 0x54, 0x44, 0x44, 
    0x44, 0x44, 0x44, 0x45, 0xee, 0xaa, 0x84, 0x45, 0x9e, 0xfe, 0xfd, 0x94, 0x55, 0x5a, 0x54, 0x44, 
    0x54, 0x54, 0x45, 0x55, 0xa9, 0x99, 0x99, 0x95, 0x9b, 0xf9, 0xa5, 0x55, 0x55, 0x55, 0x45, 0x54, 
    0x54, 0x44, 0x44, 0x44, 0x95, 0x55, 0x95, 0x95, 0x55, 0x55, 0x55, 0x55, 0x95, 0x99, 0x9a, 0x55, 
    0x6b, 0x44, 0x54, 0x54, 0x45, 0x45, 0x55, 0x55, 0x99, 0x99, 0x9e, 0xee, 0xee, 0xee, 0xee, 0xea, 
    0xe9, 0x6e, 0xee, 0xfe, 0xa4, 0x45, 0x44, 0x44, 0x55, 0x55, 0x55, 0x56, 0x66, 0x66, 0x66, 0x66, 
    0x65, 0x55, 0x55, 0x55, 0x55, 0x11, 0x11, 0x11, 0x11, 0x66, 0xaa, 0x55, 0x55, 0x55, 0x55, 0x55, 
    0x55, 0x66, 0x66, 0x51, 0x55, 0x55, 0x55, 0x55, 0x55, 0x65, 0x56, 0x56, 0xaa, 0xaa, 0x69, 0x10, 
    0x10, 0x02, 0x15, 0x66, 0x65, 0x65, 0x56, 0x66, 0x65, 0x55, 0x55, 0x65, 0x56, 0x55, 0x65, 0x66, 
    0x66, 0xa6, 0xb5, 0x01, 0x50, 0x00, 0x35, 0x14, 0x15, 0x65, 0x15, 0x52, 0x55, 0x10, 0x51, 0x00, 
    0x16, 0x05, 0x25, 0x11, 0x10, 0x1b, 0xfb, 0xa7, 0x91, 0x51, 0x15, 0x00, 0x11, 0x00, 0x15, 0x65, 
    0x40, 0x10, 0x02, 0x69, 0xb0, 0x02, 0x10, 0x11, 0x51, 0x11, 0x10, 0x11, 0x10, 0x00, 0x00, 0x15, 
    0x11, 0x00, 0x10, 0x10, 0x16, 0x50, 0x11, 0x10, 0x11, 0x10, 0x11, 0x10, 0x10, 0x00, 0x11, 0x01, 
    0x10, 0x11, 0x11, 0x12, 0x11, 0x11, 0x00, 0x15, 0x10, 0x10, 0x10, 0x12, 0xaa, 0xa9, 0x51, 0x12, 
    0x56, 0xba, 0xba, 0x55, 0x55, 0x52, 0x51, 0x11, 0x11, 0x11, 0x10, 0x15, 0x66, 0x65, 0x55, 0x55, 
    0x66, 0xfe, 0x75, 0x51, 0x55, 0x55, 0x01, 0x11, 0x11, 0x10, 0x10, 0x11, 0x66, 0x65, 0x55, 0x55, 
    0x55, 0x55, 0x51, 0x11, 0x56, 0x65, 0x66, 0x55, 0x7a, 0x11, 0x11, 0x11, 0x11, 0x11, 0x55, 0x55, 
    0x55, 0x55, 0x6a, 0xba, 0x7a, 0xba, 0xaa, 0xaa, 0xa5, 0x6a, 0xaa, 0xba, 0x7a, 0x20, 0x11, 0x11, 
    0x55, 0x55, 0x55, 0x55, 0x59, 0x59, 0x99, 0x99, 0x99, 0x95, 0x59, 0x59, 0x59, 0x45, 0x45, 0x45, 
    0x55, 0xae, 0xe9, 0x55, 0x55, 0x55, 0x55, 0x55, 0x59, 0xaa, 0x55, 0x55, 0x55, 0x55, 0x55, 0x55, 
    0x59, 0xa9, 0x99, 0x5a, 0xaa, 0xae, 0x59, 0x45, 0x54, 0x45, 0x58, 0x59, 0x99, 0x99, 0x99, 0x99, 
    0x99, 0x99, 0x99, 0xa9, 0x95, 0xa9, 0x99, 0x99, 0x9a, 0x9e, 0x85, 0x06, 0x44, 0x04, 0x55, 0x48, 
    0x19, 0x99, 0x09, 0x49, 0x45, 0x44, 0x55, 0x40, 0x45, 0x09, 0x95, 0xae, 0x99, 0xa5, 0x94, 0x44, 
    0x59, 0xa5, 0x85, 0x44, 0x04, 0x00, 0x15, 0xa9, 0x44, 0x04, 0x09, 0xbe, 0xe0, 0x54, 0x44, 0x46, 
    0x94, 0x44, 0x44, 0x45, 0x44, 0x44, 0x5a, 0x44, 0x44, 0x40, 0x54, 0x44, 0x44, 0x44, 0x44, 0x44, 
    0x44, 0x44, 0x04, 0x44, 0x04, 0x04, 0x05, 0x44, 0x44, 0x44, 0x45, 0x44, 0x45, 0xc4, 0x04, 0x44, 
    0x44, 0x44, 0x44, 0x05, 0xee, 0xe9, 0x48, 0x45, 0x9a, 0xfe, 0xad, 0x55, 0x55, 0x45, 0x45, 0x44, 
    0x44, 0x45, 0x44, 0x54, 0x55, 0x99, 0x55, 0x59, 0x59, 0xff, 0xf9, 0x55, 0x55, 0x55, 0x45, 0x05, 
    0x54, 0x44, 0x44, 0x45, 0x99, 0xde, 0x99, 0x55, 0x55, 0x55, 0x55, 0x55, 0x59, 0x99, 0x99, 0x59, 
    0xbd, 0x45, 0x45, 0x54, 0x44, 0x45, 0x55, 0x55, 0x59, 0x99, 0x9a, 0xea, 0xee, 0xee, 0xee, 0xaa, 
    0xaa, 0x9a, 0xae, 0xa9, 0x6d, 0x68, 0x44, 0x44, 0x55, 0x55, 0x55, 0x55, 0x15, 0x56, 0x56, 0x56, 
    0x56, 0x55, 0x55, 0x55, 0x51, 0x11, 0x11, 0x11, 0x1a, 0xab, 0xa5, 0x55, 0x55, 0x15, 0x15, 0x15, 
    0x55, 0x66, 0x15, 0x55, 0x55, 0x15, 0x55, 0x55, 0x16, 0x66, 0x55, 0x6a, 0xab, 0xba, 0x51, 0x05, 
    0x00, 0x00, 0x00, 0x25, 0x55, 0x55, 0x56, 0x56, 0x65, 0x55, 0x55, 0x55, 0x55, 0x55, 0x56, 0x66, 
    0x66, 0x50, 0x15, 0x25, 0x20, 0x10, 0x51, 0x14, 0x25, 0x55, 0x01, 0x16, 0x41, 0x15, 0x15, 0x41, 
    0x40, 0x09, 0x55, 0x16, 0xbb, 0xa6, 0x50, 0x00, 0x26, 0x00, 0x11, 0x10, 0x01, 0x00, 0x16, 0x65, 
    0x00, 0x00, 0x16, 0xb7, 0x90, 0x56, 0x01, 0x16, 0x11, 0x10, 0x00, 0x01, 0x10, 0x01, 0x11, 0x11, 
    0x01, 0x00, 0x01, 0x11, 0x01, 0x00, 0x11, 0x01, 0x11, 0x00, 0x10, 0x10, 0x00, 0x00, 0x11, 0x01, 
    0x11, 0x10, 0x11, 0x11, 0x66, 0x40, 0x00, 0x01, 0x00, 0x00, 0x00, 0x25, 0xaa, 0xa6, 0x11, 0x01, 
    0x66, 0xbb, 0xa9, 0x55, 0x11, 0x11, 0x11, 0x11, 0x11, 0x01, 0x11, 0x11, 0x11, 0x59, 0x56, 0x55, 
    0x56, 0x7f, 0xb9, 0x15, 0x15, 0x15, 0x11, 0x11, 0x00, 0x11, 0x01, 0x01, 0xa5, 0x76, 0x55, 0x55, 
    0x55, 0x55, 0x11, 0x11, 0x15, 0x56, 0x69, 0x55, 0xb5, 0x11, 0x01, 0x10, 0x10, 0x11, 0x15, 0x15, 
    0x55, 0x55, 0x57, 0xaa, 0xab, 0xab, 0xaa, 0x6a, 0xaa, 0x66, 0xaa, 0xa5, 0x29, 0x29, 0x11, 0x10, 
    0x55, 0x55, 0x55, 0x55, 0x55, 0x99, 0x99, 0x99, 0x99, 0x95, 0x95, 0x95, 0x95, 0x55, 0x55, 0x55, 
    0xaa, 0xae, 0x95, 0x99, 0x55, 0x55, 0x55, 0x55, 0x99, 0xaa, 0x95, 0x95, 0x55, 0x55, 0x99, 0x95, 
    0xaa, 0xa9, 0x99, 0xaa, 0xef, 0xee, 0xa5, 0x44, 0x48, 0x40, 0x44, 0x5a, 0xe9, 0x99, 0x99, 0x99, 
    0x99, 0x99, 0x99, 0x99, 0x99, 0x99, 0x59, 0xaa, 0xa9, 0x84, 0x56, 0x59, 0x44, 0x54, 0x84, 0x54, 
    0xa9, 0x98, 0x45, 0x59, 0x85, 0x55, 0x56, 0x85, 0xc4, 0x49, 0x55, 0x55, 0xae, 0xe9, 0x54, 0x40, 
    0x6a, 0x84, 0x44, 0x44, 0x44, 0x40, 0x59, 0xa5, 0x40, 0x55, 0xd4, 0xbb, 0xd0, 0x5a, 0x40, 0x64, 
    0x54, 0x44, 0x44, 0x44, 0x44, 0x44, 0x45, 0x45, 0x44, 0x40, 0x44, 0x44, 0x44, 0x44, 0x54, 0x44, 
    0x54, 0x40, 0x54, 0x54, 0x44, 0x40, 0x44, 0x44, 0x54, 0x54, 0x54, 0x55, 0x84, 0x40, 0x40, 0x44, 
    0x44, 0x44, 0x45, 0x99, 0xee, 0xed, 0x44, 0x44, 0x5a, 0xee, 0xed, 0x55, 0x55, 0x69, 0x95, 0x95, 
    0x54, 0x54, 0x54, 0x94, 0x55, 0x99, 0x95, 0x99, 0x99, 0xaf, 0xfd, 0x55, 0x55, 0x55, 0x50, 0x44, 
    0x40, 0x54, 0x44, 0x45, 0xe9, 0x6d, 0x95, 0x55, 0x55, 0x95, 0x54, 0x55, 0x55, 0x55, 0xa9, 0x96, 
    0xf4, 0x44, 0x45, 0x44, 0x54, 0x55, 0x55, 0x55, 0x99, 0x99, 0x9a, 0xee, 0xee, 0xee, 0xee, 0xaa, 
    0xaa, 0xa9, 0xea, 0xa9, 0x58, 0x5c, 0x55, 0x54, 0x55, 0x55, 0x55, 0x55, 0x55, 0x66, 0x66, 0x66, 
    0x65, 0x65, 0x55, 0x55, 0x51, 0x11, 0x51, 0x56, 0xa6, 0xa6, 0x55, 0x51, 0x11, 0x55, 0x55, 0x55, 
    0x65, 0x66, 0x65, 0x55, 0x55, 0x55, 0x56, 0x55, 0x66, 0x65, 0x55, 0xa6, 0xbb, 0xb5, 0x15, 0x00, 
    0x00, 0x01, 0x10, 0x11, 0x15, 0x65, 0x65, 0x65, 0x65, 0x55, 0x66, 0x55, 0x55, 0x65, 0x65, 0x66, 
    0x65, 0x81, 0x52, 0x55, 0x00, 0x50, 0x51, 0x50, 0x65, 0x65, 0x11, 0x16, 0x51, 0x55, 0x5b, 0x02, 
    0x90, 0x05, 0x55, 0x55, 0x65, 0xba, 0x51, 0x10, 0x15, 0x50, 0x10, 0x10, 0x01, 0x00, 0x25, 0x64, 
    0x00, 0x29, 0xa9, 0xab, 0xd0, 0x25, 0x42, 0xa1, 0x11, 0x50, 0x00, 0x10, 0x00, 0x00, 0x01, 0x11, 
    0x10, 0x15, 0x14, 0x11, 0x10, 0x00, 0x11, 0x00, 0x11, 0x00, 0x11, 0x11, 0x01, 0x11, 0x11, 0x10, 
    0x11, 0x11, 0x10, 0x00, 0x10, 0x00, 0x00, 0x01, 0x11, 0x11, 0x01, 0x15, 0xba, 0xb9, 0x01, 0x00, 
    0x12, 0xbb, 0xab, 0x55, 0x11, 0x12, 0x61, 0x55, 0x11, 0x11, 0x11, 0x11, 0x15, 0x66, 0x55, 0x55, 
    0x66, 0x6b, 0xfe, 0x55, 0x55, 0x55, 0x50, 0x00, 0x00, 0x11, 0x10, 0x12, 0xba, 0x7b, 0x55, 0x55, 
    0x55, 0x55, 0x51, 0x11, 0x51, 0x51, 0x65, 0x53, 0xe1, 0x11, 0x11, 0x11, 0x11, 0x11, 0x55, 0x55, 
    0x55, 0x56, 0x66, 0xa6, 0xba, 0xba, 0xaa, 0xaa, 0xaa, 0x99, 0x6a, 0xa5, 0x59, 0x19, 0x11, 0x10, 
    0x55, 0x55, 0x59, 0x55, 0x55, 0x99, 0x99, 0x99, 0x99, 0x99, 0x55, 0x55, 0x55, 0x55, 0x55, 0x59, 
    0xaa, 0x99, 0x59, 0x55, 0x55, 0x55, 0x55, 0x55, 0x99, 0xa9, 0x99, 0x55, 0x55, 0x59, 0x59, 0x59, 
    0x99, 0x99, 0x5a, 0xaa, 0xae, 0xea, 0xe5, 0x44, 0x44, 0x44, 0x45, 0x54, 0x44, 0x59, 0x99, 0x99, 
    0x99, 0x99, 0x99, 0x99, 0x59, 0x99, 0x99, 0xaa, 0xaa, 0x85, 0x44, 0x49, 0x44, 0x44, 0x95, 0x54, 
    0x99, 0xaa, 0x85, 0x59, 0x45, 0x55, 0x6d, 0x46, 0x54, 0x05, 0x55, 0x55, 0x59, 0x9a, 0x54, 0x44, 
    0x06, 0x94, 0x44, 0x44, 0x04, 0x40, 0x58, 0x54, 0x00, 0xa9, 0xd9, 0x9f, 0xc0, 0x09, 0x5e, 0x44, 
    0x45, 0x94, 0x44, 0x44, 0x44, 0x00, 0x59, 0x95, 0x44, 0x55, 0x94, 0x44, 0x44, 0x44, 0x44, 0x44, 
    0x45, 0x40, 0x44, 0x44, 0x05, 0x44, 0x45, 0x44, 0x04, 0x44, 0x44, 0x44, 0x44, 0x40, 0x04, 0x44, 
    0x44, 0x45, 0x44, 0x45, 0x6e, 0xe9, 0x85, 0x44, 0x46, 0xaf, 0xee, 0xa9, 0x55, 0x45, 0x59, 0x55, 
    0x44, 0x44, 0x44, 0x55, 0x55, 0x59, 0x99, 0x55, 0xaa, 0xaf, 0xff, 0x95, 0x55, 0x55, 0x44, 0x04, 
    0x04, 0x14, 0x44, 0x46, 0xfe, 0xef, 0x99, 0x55, 0x55, 0x55, 0x55, 0x45, 0x55, 0x55, 0x55, 0x4b, 
    0xc4, 0x44, 0x45, 0x44, 0x45, 0x45, 0x55, 0x55, 0x59, 0x99, 0x95, 0xda, 0xee, 0xee, 0xea, 0xae, 
    0xae, 0x99, 0x5a, 0xd5, 0x5a, 0xad, 0x55, 0x44, 0x55, 0x55, 0x55, 0x15, 0x15, 0x56, 0x56, 0x56, 
    0x66, 0x55, 0x15, 0x51, 0x15, 0x11, 0x15, 0x66, 0x6a, 0x65, 0x55, 0x11, 0x11, 0x55, 0x55, 0x55, 
    0x55, 0x55, 0x55, 0x55, 0x55, 0x65, 0x55, 0x55, 0x55, 0x55, 0x56, 0xa5, 0x57, 0xa5, 0x51, 0x40, 
    0x01, 0x51, 0x11, 0x66, 0x55, 0x11, 0x16, 0x56, 0x55, 0x55, 0x55, 0x55, 0x56, 0x56, 0x56, 0x66, 
    0x67, 0x95, 0x15, 0x14, 0x00, 0x01, 0x51, 0x11, 0x17, 0xa6, 0xa0, 0x16, 0x11, 0x55, 0x79, 0x01, 
    0x50, 0x01, 0x15, 0x15, 0x16, 0x65, 0xa6, 0x01, 0x01, 0x91, 0x01, 0x00, 0x00, 0x00, 0x21, 0x10, 
    0x01, 0x56, 0x95, 0x1b, 0x80, 0x01, 0x75, 0x01, 0x12, 0x55, 0x10, 0x01, 0x40, 0x00, 0x01, 0x50, 
    0x00, 0x06, 0x50, 0x01, 0x11, 0x01, 0x01, 0x00, 0x11, 0x00, 0x01, 0x01, 0x11, 0x11, 0x01, 0x00, 
    0x00, 0x11, 0x00, 0x00, 0x11, 0x00, 0x00, 0x00, 0x01, 0x1b, 0x41, 0x02, 0x2b, 0xa5, 0x11, 0x01, 
    0x02, 0x6b, 0xaa, 0x19, 0x01, 0x11, 0x11, 0x55, 0x11, 0x11, 0x11, 0x11, 0x11, 0x56, 0x16, 0x55, 
    0x66, 0x6b, 0xff, 0x91, 0x15, 0x15, 0x10, 0x00, 0x00, 0x11, 0x01, 0x02, 0xbf, 0xab, 0xa5, 0x55, 
    0x55, 0x55, 0x15, 0x11, 0x11, 0x15, 0x15, 0x1b, 0x41, 0x10, 0x11, 0x01, 0x01, 0x11, 0x15, 0x15, 
    0x55, 0x55, 0x51, 0x96, 0xab, 0xbb, 0xa6, 0xaa, 0xaa, 0xa6, 0x56, 0x95, 0x17, 0xba, 0x11, 0x11, 
    0x55, 0x55, 0xa9, 0x95, 0x99, 0x99, 0x99, 0x99, 0xa9, 0x55, 0x55, 0x55, 0x55, 0x55, 0x5a, 0xee, 
    0xaa, 0x99, 0xa5, 0x55, 0x55, 0x99, 0x95, 0x95, 0x95, 0x99, 0x95, 0x95, 0x99, 0x95, 0x99, 0x99, 
    0x99, 0x99, 0x9a, 0xe9, 0x55, 0x55, 0x84, 0x44, 0x44, 0x68, 0x54, 0x99, 0x99, 0x99, 0x95, 0x9a, 
    0x99, 0x99, 0xa9, 0x99, 0xa9, 0x99, 0x99, 0xa9, 0x9b, 0x94, 0x44, 0x54, 0x40, 0x56, 0xe4, 0xa8, 
    0x68, 0x45, 0xad, 0x59, 0x59, 0x56, 0xf4, 0x44, 0x94, 0x45, 0x55, 0x55, 0x55, 0xee, 0xea, 0xd4, 
    0x44, 0x54, 0x40, 0x44, 0x40, 0x40, 0x94, 0x54, 0x40, 0x67, 0x94, 0x57, 0xc0, 0xa8, 0x54, 0x44, 
    0x59, 0x54, 0x54, 0x40, 0x44, 0x54, 0x40, 0x44, 0x44, 0x45, 0x54, 0x44, 0x44, 0x44, 0x44, 0x54, 
    0x44, 0x44, 0x44, 0x54, 0x54, 0x54, 0x45, 0x54, 0x44, 0x54, 0x40, 0x40, 0x54, 0x40, 0x44, 0x44, 
    0x44, 0xb8, 0x44, 0x45, 0x5e, 0xea, 0x54, 0x59, 0x45, 0x9e, 0xee, 0x59, 0x54, 0x55, 0x55, 0x95, 
    0xe4, 0x54, 0x54, 0x45, 0x55, 0x99, 0x95, 0x95, 0xae, 0xaa, 0xff, 0xd5, 0x55, 0x55, 0x54, 0x40, 
    0x54, 0x44, 0x44, 0x46, 0xfe, 0xee, 0xf9, 0x99, 0x95, 0x55, 0x54, 0x54, 0x55, 0x55, 0x55, 0x6e, 
    0x44, 0x44, 0x54, 0x44, 0x44, 0x55, 0x55, 0x55, 0x99, 0x99, 0x95, 0xda, 0xee, 0xee, 0xea, 0xea, 
    0xea, 0xaa, 0x86, 0x95, 0x56, 0xfe, 0x55, 0x54, 0x55, 0x56, 0x65, 0x55, 0x66, 0x66, 0x66, 0x66, 
    0x65, 0x11, 0x11, 0x11, 0x55, 0x55, 0x6b, 0xba, 0x66, 0x65, 0x51, 0x11, 0x15, 0x55, 0x55, 0x55, 
    0x55, 0x65, 0x55, 0x55, 0x55, 0x55, 0x65, 0x55, 0x55, 0x55, 0x6a, 0x66, 0x65, 0x61, 0x11, 0x51, 
    0x11, 0x69, 0x11, 0x65, 0x65, 0x65, 0x66, 0x66, 0x65, 0x55, 0x65, 0x65, 0x65, 0x65, 0x66, 0xa6, 
    0x5b, 0x96, 0x15, 0x50, 0x03, 0x91, 0x96, 0x91, 0x00, 0x01, 0x51, 0x11, 0x46, 0xa7, 0xe0, 0x00, 
    0x10, 0x01, 0x51, 0x51, 0x51, 0x7b, 0xba, 0xb5, 0x15, 0x15, 0x00, 0x01, 0x00, 0x10, 0x51, 0x50, 
    0x00, 0xb6, 0x55, 0x12, 0x83, 0x50, 0x50, 0x10, 0x11, 0x10, 0x11, 0x10, 0x00, 0x10, 0x00, 0x01, 
    0x10, 0x14, 0x01, 0x11, 0x10, 0x10, 0x11, 0x01, 0x10, 0x00, 0x00, 0x10, 0x11, 0x11, 0x11, 0x10, 
    0x10, 0x11, 0x00, 0x00, 0x11, 0x00, 0x00, 0x00, 0x03, 0xa1, 0x10, 0x11, 0x56, 0xaa, 0xa1, 0x66, 
    0x51, 0x9b, 0xab, 0x51, 0x15, 0x11, 0x11, 0x55, 0x15, 0x11, 0x11, 0x11, 0x51, 0x65, 0x56, 0x65, 
    0xba, 0x66, 0xbf, 0xe5, 0x55, 0x51, 0x50, 0x00, 0x10, 0x00, 0x11, 0x12, 0xbb, 0xba, 0xb9, 0x55, 
    0x55, 0x51, 0x51, 0x11, 0x15, 0x51, 0x55, 0x69, 0x11, 0x11, 0x10, 0x10, 0x11, 0x11, 0x11, 0x55, 
    0x55, 0x55, 0x55, 0x6a, 0xbb, 0xba, 0xaa, 0xaa, 0xaa, 0xa6, 0x55, 0x51, 0x52, 0xbb, 0x11, 0x11, 
    0x55, 0x55, 0x99, 0x99, 0x99, 0x99, 0x99, 0x99, 0x99, 0x55, 0x55, 0x55, 0x55, 0x5a, 0xae, 0xea, 
    0xaa, 0x9a, 0x55, 0x45, 0x55, 0x55, 0x55, 0x55, 0x55, 0x95, 0x55, 0x55, 0x59, 0x55, 0x99, 0x99, 
    0x59, 0x59, 0x9a, 0x99, 0x99, 0x45, 0x99, 0x45, 0x99, 0xa9, 0x99, 0x99, 0x99, 0x99, 0x99, 0x9a, 
    0x99, 0x59, 0x99, 0x59, 0x99, 0x99, 0x99, 0x9a, 0x9f, 0xad, 0x54, 0x64, 0x1e, 0x44, 0x49, 0x44, 
    0x44, 0x05, 0x45, 0x04, 0x44, 0x56, 0xc4, 0x44, 0x54, 0x09, 0x55, 0x55, 0x54, 0x5e, 0xed, 0x6d, 
    0x96, 0x85, 0x44, 0x04, 0x44, 0x44, 0x84, 0x44, 0x05, 0xe9, 0x54, 0x65, 0xc5, 0x44, 0x84, 0x44, 
    0x44, 0x04, 0x44, 0x05, 0x94, 0x04, 0x05, 0x95, 0x54, 0x44, 0x44, 0x94, 0x44, 0x44, 0x44, 0x44, 
    0x44, 0x44, 0x04, 0x45, 0x45, 0x45, 0x45, 0x44, 0x44, 0x44, 0x04, 0x44, 0x45, 0x44, 0x44, 0x04, 
    0x5d, 0x54, 0x44, 0x45, 0x8a, 0xda, 0x85, 0xaa, 0x44, 0xda, 0xee, 0x45, 0x59, 0x94, 0x45, 0xe9, 
    0x95, 0x44, 0x44, 0x45, 0x55, 0x49, 0x99, 0x55, 0xa9, 0x9a, 0xbf, 0xe9, 0x55, 0x55, 0x54, 0x00, 
    0x44, 0x04, 0x44, 0x46, 0xee, 0xee, 0xee, 0x55, 0x55, 0x55, 0x54, 0x55, 0x45, 0x55, 0x54, 0xa8, 
    0x44, 0x45, 0x44, 0x44, 0x44, 0x45, 0x55, 0x55, 0x59, 0x59, 0x55, 0xae, 0xee, 0xee, 0xae, 0xee, 
    0xae, 0xaa, 0x55, 0x55, 0x55, 0xef, 0x55, 0x45, 0x55, 0x55, 0x55, 0x56, 0x56, 0x56, 0x56, 0x56, 
    0x55, 0x11, 0x15, 0x55, 0x55, 0x5a, 0xab, 0x66, 0x66, 0x65, 0x11, 0x11, 0x11, 0x55, 0x55, 0x55, 
    0x55, 0x55, 0x55, 0x55, 0x56, 0x66, 0x55, 0x55, 0x55, 0x55, 0x6a, 0x6a, 0xa5, 0x02, 0x01, 0x01, 
    0x56, 0xa6, 0x56, 0x55, 0x56, 0x56, 0x56, 0x66, 0x55, 0x55, 0x55, 0x55, 0x56, 0x66, 0x56, 0x66, 
    0x6e, 0x11, 0x02, 0xb0, 0x2a, 0x01, 0x01, 0x11, 0x01, 0x01, 0x11, 0x01, 0x01, 0x11, 0x00, 0x00, 
    0x10, 0x05, 0x55, 0x55, 0x51, 0x1b, 0xa9, 0x16, 0xa6, 0x51, 0x10, 0x00, 0x10, 0x11, 0x51, 0x10, 
    0x02, 0x45, 0x55, 0x56, 0x41, 0x1b, 0x40, 0x01, 0x00, 0x01, 0x10, 0x15, 0x11, 0x11, 0x11, 0x26, 
    0x51, 0x01, 0x01, 0x51, 0x10, 0x00, 0x11, 0x11, 0x11, 0x00, 0x00, 0x01, 0x11, 0x11, 0x01, 0x00, 
    0x00, 0x01, 0x01, 0x00, 0x11, 0x00, 0x00, 0x00, 0x24, 0x01, 0x00, 0x01, 0x56, 0xaa, 0x01, 0x69, 
    0x15, 0x9b, 0xab, 0x51, 0x15, 0x55, 0x15, 0x2a, 0xa5, 0x11, 0x11, 0x11, 0x16, 0x55, 0x15, 0x25, 
    0x56, 0x66, 0xaf, 0xb5, 0x15, 0x15, 0x11, 0x00, 0x10, 0x01, 0x01, 0x17, 0xaa, 0xab, 0xaa, 0x55, 
    0x55, 0x51, 0x11, 0x15, 0x15, 0x15, 0x11, 0x75, 0x11, 0x01, 0x10, 0x00, 0x11, 0x11, 0x15, 0x55, 
    0x55, 0x55, 0x55, 0x2b, 0xab, 0xaa, 0xaa, 0xaa, 0xaa, 0xa5, 0x11, 0x15, 0x15, 0xab, 0x51, 0x11, 
    0x55, 0x55, 0x99, 0x99, 0x99, 0x99, 0x99, 0x99, 0x55, 0x55, 0x55, 0x95, 0x99, 0xaa, 0xee, 0xaa, 
    0x99, 0x95, 0x55, 0x55, 0x55, 0x55, 0x95, 0x95, 0x95, 0x95, 0x55, 0x55, 0x9a, 0xa9, 0x95, 0x95, 
    0x95, 0x99, 0x99, 0xaa, 0xa9, 0x90, 0x44, 0x44, 0x5a, 0x99, 0x99, 0x99, 0x99, 0x99, 0x99, 0xa9, 
    0x99, 0x99, 0x99, 0x99, 0x99, 0x99, 0xa9, 0xaa, 0xac, 0x44, 0x47, 0xe4, 0xac, 0x40, 0x44, 0x54, 
    0x45, 0x85, 0x44, 0x44, 0x44, 0x54, 0x40, 0x44, 0x54, 0x49, 0x55, 0x55, 0x55, 0x46, 0xee, 0x54, 
    0x5a, 0xe5, 0x54, 0x40, 0x54, 0x55, 0x94, 0x54, 0x45, 0x59, 0x94, 0xad, 0x44, 0xb9, 0x54, 0x54, 
    0x44, 0x44, 0x44, 0x54, 0x55, 0x54, 0x5e, 0xe9, 0x44, 0x45, 0x44, 0x54, 0x44, 0x44, 0x54, 0x54, 
    0x44, 0x40, 0x40, 0x44, 0x54, 0x54, 0x44, 0x44, 0x40, 0x44, 0x44, 0x40, 0x54, 0x44, 0x40, 0x40, 
    0x44, 0x48, 0x40, 0x44, 0x56, 0x9e, 0x44, 0x5a, 0x58, 0xdb, 0xee, 0x94, 0x45, 0x95, 0x95, 0x55, 
    0x96, 0x94, 0x54, 0x44, 0x5a, 0x94, 0x55, 0x99, 0x99, 0x9a, 0xef, 0xfd, 0x55, 0x55, 0x54, 0x40, 
    0x40, 0x44, 0x44, 0x46, 0xfe, 0xee, 0xee, 0xd5, 0x55, 0x55, 0x55, 0x55, 0x55, 0x65, 0x55, 0x94, 
    0x54, 0x45, 0x44, 0x44, 0x54, 0x54, 0x55, 0x95, 0x99, 0x94, 0x55, 0x6e, 0xee, 0xfe, 0xea, 0xee, 
    0xea, 0xe9, 0x44, 0x55, 0x55, 0xaa, 0x95, 0x45, 0x55, 0x11, 0x65, 0x65, 0x65, 0x66, 0x65, 0x51, 
    0x11, 0x11, 0x55, 0x55, 0x56, 0xaa, 0xb6, 0xa6, 0x66, 0x65, 0x51, 0x11, 0x11, 0x15, 0x55, 0x55, 
    0x55, 0x55, 0x51, 0x55, 0x66, 0xa5, 0x65, 0x55, 0x56, 0x65, 0x55, 0x66, 0x65, 0x51, 0x51, 0x11, 
    0x11, 0x55, 0x65, 0x65, 0x65, 0x65, 0x66, 0x65, 0x56, 0x65, 0x55, 0x56, 0x65, 0x6a, 0x66, 0x6b, 
    0x74, 0x10, 0x0b, 0xd0, 0x10, 0x14, 0x01, 0x11, 0x01, 0x11, 0x00, 0x00, 0x01, 0x10, 0x00, 0x10, 
    0x10, 0x15, 0x55, 0x55, 0x51, 0x11, 0xba, 0x51, 0x11, 0x6a, 0x11, 0x00, 0x00, 0x02, 0x50, 0x10, 
    0x05, 0x15, 0x51, 0x51, 0x02, 0x90, 0x11, 0x50, 0x10, 0x00, 0x01, 0x65, 0x11, 0x51, 0x2a, 0x50, 
    0x10, 0x05, 0x11, 0x10, 0x10, 0x10, 0x11, 0x11, 0x11, 0x00, 0x00, 0x11, 0x11, 0x11, 0x00, 0x00, 
    0x00, 0x10, 0x00, 0x01, 0x11, 0x10, 0x00, 0x00, 0x10, 0x19, 0x10, 0x00, 0x13, 0x56, 0x11, 0x11, 
    0x56, 0xab, 0xbb, 0x51, 0x11, 0x55, 0x50, 0x11, 0x51, 0x51, 0x11, 0x11, 0x76, 0x60, 0x11, 0x56, 
    0xa5, 0x56, 0xa7, 0xfa, 0x51, 0x51, 0x51, 0x00, 0x00, 0x00, 0x11, 0x11, 0x7b, 0xbb, 0xba, 0xb5, 
    0x55, 0x51, 0x6a, 0x91, 0x51, 0x51, 0x55, 0x51, 0x11, 0x11, 0x01, 0x11, 0x11, 0x11, 0x15, 0x55, 
    0x55, 0x51, 0x15, 0xaa, 0xba, 0xba, 0xaa, 0xaa, 0xaa, 0xa5, 0x11, 0x15, 0x55, 0x67, 0x91, 0x11, 
    0x45, 0x45, 0x99, 0x99, 0x99, 0x99, 0x55, 0x55, 0x55, 0x55, 0x45, 0x99, 0xae, 0xae, 0xaa, 0xaa, 
    0x9a, 0x99, 0x55, 0x45, 0x45, 0x55, 0x55, 0x55, 0x59, 0x55, 0x55, 0x55, 0x9a, 0xaa, 0x95, 0x59, 
    0x55, 0x59, 0x55, 0x9a, 0x99, 0x59, 0x99, 0xa9, 0x44, 0x45, 0x69, 0x99, 0x99, 0x99, 0x99, 0xa9, 
    0x5a, 0x99, 0x59, 0x59, 0x99, 0x99, 0x99, 0x9a, 0x84, 0x04, 0x0f, 0x94, 0x44, 0xa8, 0x44, 0x44, 
    0x55, 0x44, 0x54, 0x04, 0x45, 0x55, 0x40, 0x04, 0x04, 0x15, 0x55, 0x55, 0x54, 0x54, 0x6d, 0x45, 
    0x44, 0x45, 0x54, 0x40, 0x04, 0x06, 0x44, 0x44, 0x05, 0x29, 0x55, 0x54, 0x45, 0x45, 0x45, 0x44, 
    0x44, 0x05, 0x49, 0x9a, 0x45, 0x45, 0x55, 0x54, 0x04, 0x14, 0x04, 0x44, 0x04, 0x44, 0x44, 0x44, 
    0x45, 0x44, 0x04, 0x44, 0x44, 0x44, 0x45, 0x04, 0x44, 0x44, 0x04, 0x04, 0x44, 0x44, 0x44, 0x00, 
    0x44, 0x45, 0x44, 0x04, 0x46, 0xed, 0x44, 0x44, 0x59, 0xaf, 0xea, 0x84, 0x45, 0x55, 0x59, 0x45, 
    0x95, 0x94, 0x44, 0x45, 0xba, 0x94, 0x55, 0x55, 0x55, 0x5a, 0xaa, 0xfe, 0x55, 0x55, 0x55, 0x40, 
    0x00, 0x04, 0x44, 0x45, 0x5e, 0xef, 0xee, 0xad, 0x55, 0x55, 0x5e, 0x99, 0x55, 0x95, 0x49, 0x44, 
    0x44, 0x45, 0x44, 0x44, 0x44, 0x44, 0x55, 0x55, 0x59, 0x45, 0x56, 0xde, 0xee, 0xea, 0xae, 0xae, 
    0xae, 0x99, 0x55, 0x55, 0x55, 0x6a, 0xd5, 0x45, 0x11, 0x11, 0x55, 0x55, 0x56, 0x55, 0x51, 0x11, 
    0x11, 0x11, 0x15, 0x56, 0xa6, 0xaa, 0x6a, 0x66, 0x66, 0x66, 0x51, 0x11, 0x11, 0x11, 0x15, 0x55, 
    0x55, 0x55, 0x15, 0x55, 0x66, 0x6a, 0x55, 0x55, 0x55, 0x15, 0x15, 0x55, 0x55, 0x55, 0x55, 0x55, 
    0x50, 0x01, 0x65, 0x56, 0x55, 0x56, 0x56, 0x65, 0x55, 0x55, 0x55, 0x55, 0x55, 0x56, 0x56, 0x66, 
    0x40, 0x00, 0x09, 0x20, 0x02, 0x65, 0x00, 0x01, 0x51, 0x11, 0x54, 0x00, 0x01, 0x11, 0x00, 0x00, 
    0x00, 0x15, 0x55, 0x55, 0x11, 0x11, 0x16, 0x11, 0x11, 0x11, 0x11, 0x00, 0x01, 0x02, 0x11, 0x10, 
    0x02, 0x25, 0x55, 0x55, 0x01, 0x01, 0x11, 0x00, 0x01, 0x11, 0x15, 0x95, 0x11, 0x11, 0x15, 0x50, 
    0x00, 0x10, 0x01, 0x11, 0x00, 0x01, 0x01, 0x01, 0x11, 0x00, 0x01, 0x00, 0x11, 0x01, 0x01, 0x00, 
    0x01, 0x00, 0x00, 0x00, 0x01, 0x01, 0x00, 0x00, 0x01, 0x01, 0x00, 0x00, 0x02, 0xb9, 0x01, 0x01, 
    0x56, 0x7b, 0xbb, 0x91, 0x11, 0x51, 0x55, 0x05, 0x51, 0x11, 0x11, 0x11, 0x26, 0x55, 0x12, 0x51, 
    0x11, 0x5a, 0xaa, 0xbf, 0x51, 0x15, 0x15, 0x00, 0x00, 0x00, 0x01, 0x01, 0x57, 0xaa, 0xaa, 0x6a, 
    0x15, 0x15, 0x25, 0x16, 0x15, 0x15, 0x16, 0x01, 0x00, 0x11, 0x01, 0x01, 0x11, 0x11, 0x15, 0x55, 
    0x55, 0x51, 0x12, 0xaa, 0xaa, 0xaa, 0xaa, 0xaa, 0xaa, 0x55, 0x11, 0x11, 0x11, 0x27, 0x91, 0x11, 
    0x54, 0x55, 0x99, 0x99, 0x59, 0x99, 0x95, 0x55, 0x55, 0x55, 0x55, 0x5a, 0x9a, 0xee, 0xee, 0xaa, 
    0x99, 0x99, 0x99, 0x55, 0x55, 0x55, 0x55, 0x99, 0x59, 0x95, 0x55, 0x95, 0x9a, 0xaa, 0x95, 0x95, 
    0x95, 0x55, 0x95, 0x55, 0x95, 0x99, 0x99, 0x99, 0x94, 0x44, 0x59, 0x99, 0x99, 0x99, 0x9a, 0xa9, 
    0x99, 0x99, 0x99, 0x99, 0x99, 0x99, 0xa9, 0xaa, 0x84, 0x40, 0x48, 0x64, 0x44, 0x94, 0x40, 0x44, 
    0xe5, 0x45, 0x94, 0x44, 0x44, 0x55, 0x40, 0x40, 0x44, 0x55, 0x95, 0x94, 0x55, 0x54, 0x49, 0x44, 
    0x44, 0x54, 0x54, 0x54, 0x40, 0x45, 0x44, 0x54, 0x44, 0x65, 0x95, 0x90, 0x40, 0x45, 0x54, 0x54, 
    0x45, 0x45, 0x95, 0x95, 0x55, 0x54, 0x55, 0x44, 0x44, 0x84, 0x44, 0x54, 0x40, 0x44, 0x44, 0x44, 
    0x54, 0x44, 0x40, 0x44, 0x54, 0x44, 0x54, 0x44, 0x44, 0x44, 0x40, 0x44, 0x44, 0x44, 0x44, 0x44, 
    0x44, 0x44, 0x44, 0x44, 0x46, 0xa8, 0x44, 0x45, 0xd9, 0xbf, 0xea, 0xd4, 0x54, 0x94, 0x59, 0x95, 
    0x55, 0x55, 0x94, 0x55, 0x95, 0x59, 0x95, 0x55, 0x55, 0x55, 0x9a, 0xbf, 0xd5, 0x55, 0x55, 0x40, 
    0x40, 0x44, 0x44, 0x45, 0x55, 0xea, 0xee, 0xaa, 0x95, 0x55, 0x6d, 0x95, 0x5a, 0x55, 0x59, 0x44, 
    0x44, 0x54, 0x44, 0x44, 0x44, 0x44, 0x55, 0x55, 0x99, 0x55, 0x55, 0xae, 0xee, 0xee, 0xea, 0xea, 
    0xea, 0x95, 0x55, 0x55, 0x55, 0x5e, 0xe4, 0x54, 0x11, 0x11, 0x55, 0x65, 0x15, 0x65, 0x51, 0x55, 
    0x11, 0x11, 0x11, 0x65, 0x6a, 0xba, 0xaa, 0x66, 0x66, 0x66, 0x65, 0x11, 0x11, 0x51, 0x55, 0x56, 
    0x66, 0x51, 0x55, 0x55, 0x56, 0x66, 0x55, 0x55, 0x51, 0x12, 0x55, 0x55, 0x55, 0x65, 0x55, 0x65, 
    0x55, 0x51, 0x11, 0x65, 0x55, 0x55, 0x66, 0xa5, 0x55, 0x55, 0x55, 0x66, 0x65, 0x66, 0x66, 0x66, 
    0x91, 0x10, 0x11, 0x10, 0x01, 0x18, 0x00, 0x10, 0x65, 0x11, 0x51, 0x10, 0x10, 0x52, 0x50, 0x00, 
    0x01, 0x35, 0x55, 0x51, 0x11, 0x00, 0x02, 0x11, 0x11, 0x11, 0x11, 0x15, 0x00, 0x05, 0x11, 0x10, 
    0x10, 0x21, 0x11, 0x60, 0x00, 0x15, 0x10, 0x11, 0x01, 0x11, 0x15, 0x11, 0x51, 0x11, 0x55, 0x00, 
    0x11, 0x10, 0x01, 0x11, 0x10, 0x01, 0x10, 0x01, 0x11, 0x00, 0x00, 0x11, 0x11, 0x10, 0x10, 0x00, 
    0x11, 0x10, 0x00, 0x10, 0x11, 0x00, 0x00, 0x01, 0x11, 0x10, 0x10, 0x10, 0x15, 0x14, 0x01, 0x11, 
    0xa1, 0x7b, 0xba, 0x91, 0x50, 0x55, 0x15, 0x51, 0x11, 0x11, 0x11, 0x11, 0x65, 0x51, 0x55, 0x11, 
    0x51, 0x55, 0x66, 0x6b, 0xa5, 0x51, 0x55, 0x50, 0x01, 0x10, 0x11, 0x11, 0x55, 0x7a, 0xaa, 0xa6, 
    0xa1, 0x51, 0x56, 0xb5, 0x56, 0x55, 0x65, 0x11, 0x11, 0x10, 0x10, 0x11, 0x11, 0x11, 0x15, 0x55, 
    0x55, 0x11, 0x55, 0x5b, 0xba, 0xaa, 0xaa, 0xaa, 0xa9, 0x55, 0x51, 0x51, 0x51, 0x5a, 0xa1, 0x11, 
    0x45, 0x55, 0x55, 0x95, 0x55, 0x59, 0x95, 0x59, 0x55, 0x55, 0x55, 0x55, 0xaf, 0xee, 0xaa, 0xa9, 
    0x99, 0x99, 0x99, 0x45, 0x55, 0x55, 0x5a, 0x9a, 0x99, 0x55, 0x55, 0x55, 0x59, 0x99, 0x55, 0x55, 
    0x55, 0x55, 0x55, 0x55, 0x59, 0x65, 0x59, 0x99, 0x55, 0x99, 0x95, 0x45, 0x59, 0x99, 0x9a, 0xa9, 
    0x99, 0x59, 0x59, 0x99, 0xa9, 0x99, 0x99, 0x9a, 0x99, 0x44, 0x9d, 0x44, 0x04, 0x44, 0x00, 0x04, 
    0x54, 0x45, 0x55, 0x54, 0x04, 0x55, 0xd4, 0x04, 0x45, 0x59, 0x55, 0x55, 0x44, 0x04, 0x04, 0x84, 
    0x44, 0x44, 0x49, 0x45, 0x40, 0x09, 0x45, 0x44, 0x04, 0x65, 0x45, 0xa4, 0x04, 0x49, 0x44, 0x44, 
    0x44, 0x45, 0x54, 0x44, 0x45, 0x45, 0x44, 0x05, 0x44, 0x44, 0x44, 0x45, 0x40, 0x04, 0x44, 0x05, 
    0x45, 0x44, 0x04, 0x05, 0x45, 0x44, 0x44, 0x04, 0x44, 0x44, 0x40, 0x44, 0x44, 0x44, 0x44, 0x04, 
    0x44, 0x44, 0x44, 0x45, 0x48, 0x44, 0x45, 0x45, 0xe9, 0xaf, 0xee, 0xd4, 0x54, 0x59, 0x45, 0x54, 
    0x45, 0x49, 0x54, 0x45, 0x59, 0xa9, 0x49, 0x45, 0x45, 0x55, 0xa9, 0x9e, 0xe9, 0x55, 0x55, 0x44, 
    0x44, 0x44, 0x44, 0x45, 0x59, 0x5e, 0x9a, 0xaa, 0xa5, 0x55, 0x55, 0x69, 0x99, 0xd5, 0x94, 0x44, 
    0x45, 0x44, 0x44, 0x44, 0x45, 0x44, 0x45, 0x55, 0x55, 0x45, 0x55, 0x5a, 0xee, 0xae, 0xae, 0xae, 
    0xa9, 0x55, 0x55, 0x55, 0x55, 0x4a, 0xe5, 0x45, 0x11, 0x15, 0x51, 0x51, 0x11, 0x55, 0x11, 0x15, 
    0x11, 0x15, 0x15, 0x56, 0xba, 0xaa, 0xa6, 0xa6, 0x56, 0x55, 0x15, 0x15, 0x15, 0x11, 0x16, 0x66, 
    0x55, 0x55, 0x55, 0x55, 0x55, 0x56, 0x56, 0x55, 0x11, 0x16, 0x55, 0x55, 0x55, 0x65, 0x55, 0x55, 
    0x11, 0x55, 0x56, 0x55, 0x15, 0x55, 0x56, 0x65, 0x55, 0x55, 0x55, 0x55, 0x6a, 0x55, 0x56, 0x66, 
    0x95, 0x02, 0x94, 0x11, 0x00, 0x00, 0x00, 0x01, 0x01, 0x11, 0x65, 0xa0, 0x00, 0x11, 0x74, 0x00, 
    0x01, 0x16, 0x55, 0x55, 0x00, 0x00, 0x00, 0x11, 0x11, 0x11, 0x12, 0x51, 0x10, 0x05, 0x01, 0x10, 
    0x15, 0x21, 0x15, 0x60, 0x00, 0x15, 0x00, 0x01, 0x11, 0x00, 0x00, 0x01, 0x51, 0x05, 0x51, 0x01, 
    0x10, 0x00, 0x01, 0x01, 0x00, 0x01, 0x00, 0x11, 0x11, 0x00, 0x11, 0x01, 0x11, 0x11, 0x00, 0x00, 
    0x01, 0x11, 0x10, 0x00, 0x11, 0x01, 0x00, 0x11, 0x11, 0x01, 0x01, 0x01, 0x14, 0x00, 0x01, 0x12, 
    0xb9, 0x2b, 0xba, 0xa0, 0x10, 0x15, 0x01, 0x15, 0x11, 0x11, 0x11, 0x15, 0x15, 0x56, 0x52, 0x51, 
    0x11, 0x11, 0xa6, 0x57, 0xa5, 0x15, 0x15, 0x10, 0x01, 0x00, 0x01, 0x05, 0x55, 0x53, 0xa6, 0x66, 
    0x69, 0x15, 0x15, 0x15, 0x55, 0xa2, 0xa1, 0x11, 0x01, 0x01, 0x00, 0x11, 0x11, 0x11, 0x15, 0x55, 
    0x55, 0x11, 0x15, 0x77, 0xaa, 0xaa, 0xaa, 0xaa, 0xa5, 0x15, 0x11, 0x15, 0x15, 0x16, 0xa5, 0x11, 
    0x55, 0x55, 0x95, 0x54, 0x55, 0x95, 0x55, 0x55, 0x55, 0x99, 0x59, 0x9e, 0xee, 0xea, 0xae, 0x99, 
    0x99, 0x99, 0x55, 0x55, 0x55, 0x55, 0x9a, 0xaa, 0x95, 0x95, 0x95, 0x95, 0x95, 0x9a, 0xaa, 0x95, 
    0x55, 0x59, 0x55, 0x55, 0x95, 0xa9, 0x99, 0x95, 0x55, 0x99, 0x99, 0x99, 0x99, 0x99, 0x99, 0x99, 
    0x99, 0x99, 0x99, 0x99, 0x99, 0xae, 0x94, 0x55, 0x96, 0x8b, 0xd4, 0x44, 0x40, 0x44, 0x54, 0x40, 
    0x40, 0x55, 0x99, 0x68, 0x40, 0x55, 0x6d, 0x44, 0x40, 0x56, 0x95, 0x95, 0x44, 0x40, 0x40, 0x54, 
    0x44, 0x44, 0x55, 0x95, 0x54, 0x44, 0x44, 0x54, 0x45, 0x55, 0x99, 0x90, 0x44, 0x54, 0x44, 0x44, 
    0x94, 0x40, 0x44, 0x55, 0x95, 0x45, 0x45, 0x44, 0x80, 0x44, 0x44, 0x44, 0x40, 0x44, 0x40, 0x54, 
    0x44, 0x40, 0x44, 0x44, 0x54, 0x54, 0x40, 0x40, 0x44, 0x44, 0x44, 0x40, 0x54, 0x40, 0x40, 0x44, 
    0x44, 0x44, 0x44, 0x44, 0x54, 0x44, 0x44, 0x55, 0xee, 0xae, 0xfe, 0xe4, 0x54, 0x49, 0x94, 0x55, 
    0x45, 0x54, 0x54, 0x55, 0x59, 0xae, 0x95, 0xd5, 0x55, 0x55, 0xf9, 0x96, 0xe9, 0x55, 0x55, 0x54, 
    0x44, 0x44, 0x44, 0x45, 0x9a, 0x94, 0xfa, 0xa9, 0xaa, 0x55, 0x55, 0x55, 0x95, 0xaa, 0xa4, 0x44, 
    0x54, 0x44, 0x44, 0x44, 0x44, 0x44, 0x55, 0x55, 0x95, 0x54, 0xa9, 0x96, 0xee, 0xee, 0xee, 0xea, 
    0x99, 0x55, 0x55, 0x55, 0x55, 0x56, 0xe8, 0x54, 0x11, 0x11, 0x51, 0x11, 0x11, 0x11, 0x11, 0x55, 
    0x56, 0x55, 0x55, 0x6b, 0xaa, 0xa6, 0xba, 0x66, 0x66, 0x65, 0x11, 0x11, 0x55, 0x51, 0x56, 0xa6, 
    0x55, 0x55, 0x55, 0x56, 0x55, 0x66, 0xaa, 0x55, 0x51, 0x55, 0x55, 0x55, 0x55, 0xa5, 0x69, 0x55, 
    0x55, 0x55, 0x65, 0x65, 0x65, 0x65, 0x55, 0x55, 0x55, 0x55, 0x55, 0x65, 0x66, 0x95, 0x14, 0x55, 
    0x22, 0x1a, 0x10, 0x10, 0x50, 0x01, 0x10, 0x11, 0x00, 0x11, 0x66, 0x59, 0x00, 0x15, 0x2a, 0x40, 
    0x01, 0x16, 0x95, 0x51, 0x10, 0x00, 0x00, 0x00, 0x11, 0x11, 0x11, 0x56, 0x01, 0x01, 0x11, 0x10, 
    0x11, 0x05, 0x65, 0x50, 0x10, 0x00, 0x10, 0x05, 0x10, 0x10, 0x11, 0x16, 0x50, 0x10, 0x11, 0x52, 
    0x00, 0x10, 0x10, 0x11, 0x00, 0x10, 0x00, 0x10, 0x01, 0x10, 0x11, 0x01, 0x11, 0x10, 0x10, 0x00, 
    0x11, 0x11, 0x11, 0x10, 0x11, 0x00, 0x01, 0x10, 0x11, 0x10, 0x11, 0x11, 0x14, 0x10, 0x11, 0x12, 
    0x9b, 0xaa, 0xba, 0xb1, 0x10, 0x15, 0x50, 0x15, 0x11, 0x11, 0x11, 0x11, 0x65, 0x7a, 0x51, 0x11, 
    0x11, 0x55, 0xb5, 0x55, 0xa9, 0x51, 0x51, 0x51, 0x10, 0x10, 0x11, 0x15, 0x56, 0x55, 0x2a, 0x66, 
    0xaa, 0x55, 0x55, 0x55, 0x55, 0x6a, 0x91, 0x10, 0x11, 0x01, 0x01, 0x11, 0x11, 0x11, 0x11, 0x55, 
    0x51, 0x10, 0x12, 0x51, 0xaa, 0xaa, 0xaa, 0xaa, 0x61, 0x51, 0x11, 0x51, 0x51, 0x12, 0xb5, 0x11, 
    0x45, 0x45, 0x45, 0x45, 0x45, 0x45, 0x45, 0x55, 0x99, 0x59, 0x5a, 0xee, 0xae, 0x9a, 0xa9, 0x99, 
    0x99, 0x99, 0x45, 0x46, 0x95, 0x55, 0x59, 0xa5, 0x59, 0x55, 0x59, 0x5d, 0x55, 0x9a, 0xaa, 0x99, 
    0x55, 0x59, 0x55, 0x55, 0x9a, 0xee, 0x95, 0x55, 0x59, 0x99, 0x99, 0x99, 0x99, 0x99, 0x59, 0x59, 
    0x59, 0x59, 0x99, 0x99, 0x9b, 0xe4, 0x44, 0x45, 0x95, 0x5f, 0xd4, 0x49, 0xd4, 0x04, 0x45, 0x44, 
    0x00, 0x04, 0x5a, 0x9f, 0x84, 0x55, 0x5f, 0x94, 0x45, 0x1a, 0xd5, 0x55, 0x54, 0x00, 0x04, 0x04, 
    0x44, 0x44, 0x45, 0x6d, 0x44, 0x45, 0x45, 0x44, 0x04, 0x09, 0x99, 0x94, 0x44, 0x04, 0x04, 0x14, 
    0x64, 0x44, 0x44, 0x45, 0x44, 0x05, 0x55, 0x59, 0x40, 0x44, 0x04, 0x44, 0x04, 0x04, 0x04, 0x00, 
    0x04, 0x54, 0x04, 0x45, 0x45, 0x44, 0x44, 0x04, 0x04, 0x04, 0x44, 0x44, 0x44, 0x44, 0x04, 0x44, 
    0x44, 0x44, 0x44, 0x44, 0x58, 0x44, 0x44, 0x45, 0x9a, 0xee, 0xfe, 0xe5, 0x54, 0x55, 0x58, 0x45, 
    0x45, 0x85, 0x44, 0x55, 0x6e, 0x99, 0x45, 0x45, 0x45, 0x55, 0xa9, 0x55, 0xaa, 0x55, 0x55, 0x54, 
    0x44, 0x44, 0x04, 0x49, 0x59, 0x55, 0x5b, 0xaa, 0xaa, 0xd5, 0x55, 0x59, 0x99, 0x5e, 0x44, 0x44, 
    0x54, 0x44, 0x44, 0x44, 0x44, 0x44, 0x45, 0x55, 0x45, 0x54, 0x55, 0x44, 0x9a, 0xee, 0xee, 0xa9, 
    0x55, 0x55, 0x55, 0x55, 0x55, 0x55, 0xe9, 0x45, 0x11, 0x11, 0x11, 0x11, 0x11, 0x11, 0x11, 0x11, 
    0x55, 0x6a, 0x56, 0xba, 0xa6, 0x6a, 0x56, 0x66, 0x55, 0x55, 0x11, 0x13, 0xba, 0x55, 0x56, 0xa1, 
    0x55, 0x55, 0x55, 0x66, 0x56, 0x66, 0x6a, 0x65, 0x55, 0x15, 0x55, 0x15, 0x57, 0xaa, 0x55, 0x55, 
    0x56, 0x55, 0x56, 0x55, 0x55, 0x55, 0x15, 0x55, 0x55, 0x55, 0x56, 0x66, 0x5b, 0x95, 0x10, 0x16, 
    0x10, 0x3f, 0x90, 0x01, 0x64, 0x00, 0x11, 0x01, 0x00, 0x01, 0x15, 0x57, 0x90, 0x25, 0x1b, 0xa5, 
    0x51, 0x16, 0xa5, 0x11, 0x14, 0x00, 0x01, 0x11, 0x10, 0x01, 0x11, 0x16, 0x00, 0x01, 0x01, 0x00, 
    0x00, 0x15, 0x56, 0x65, 0x01, 0x00, 0x00, 0x11, 0x11, 0x10, 0x00, 0x00, 0x00, 0x11, 0x16, 0x91, 
    0x01, 0x00, 0x00, 0x11, 0x00, 0x00, 0x00, 0x00, 0x01, 0x91, 0x01, 0x01, 0x11, 0x11, 0x10, 0x00, 
    0x01, 0x11, 0x11, 0x10, 0x00, 0x00, 0x10, 0x01, 0x01, 0x01, 0x01, 0x01, 0x21, 0x00, 0x01, 0x11, 
    0xaa, 0xaa, 0xbb, 0xb5, 0x21, 0x05, 0x55, 0x00, 0x50, 0x25, 0x11, 0x11, 0x56, 0x65, 0x11, 0x1a, 
    0x15, 0x15, 0x15, 0x55, 0x2a, 0x51, 0x15, 0x11, 0x01, 0x01, 0x01, 0x05, 0x55, 0x55, 0x52, 0xaa, 
    0x6a, 0x65, 0x56, 0x56, 0x55, 0x2b, 0x01, 0x11, 0x11, 0x01, 0x01, 0x11, 0x11, 0x11, 0x11, 0x55, 
    0x01, 0x11, 0x16, 0x11, 0x1a, 0xaa, 0xaa, 0xa5, 0x55, 0x15, 0x15, 0x15, 0x51, 0x11, 0xa9, 0x11, 
    0x55, 0x54, 0x54, 0x54, 0x54, 0x55, 0x55, 0x55, 0x5a, 0xa9, 0xae, 0xee, 0xe9, 0xaa, 0x99, 0x99, 
    0x95, 0x95, 0x55, 0x55, 0xee, 0x95, 0x99, 0x95, 0x95, 0x55, 0x95, 0xea, 0xaa, 0xaa, 0xaa, 0x95, 
    0x59, 0x55, 0x99, 0x59, 0x9b, 0xe9, 0x95, 0x55, 0x99, 0x99, 0x99, 0x99, 0x99, 0x99, 0x55, 0x99, 
    0x99, 0x99, 0x99, 0xa9, 0x98, 0x9a, 0x40, 0x59, 0xa4, 0xae, 0x54, 0x54, 0xa4, 0x44, 0x44, 0x54, 
    0x40, 0x44, 0x55, 0x97, 0xf8, 0x5d, 0x5f, 0xe9, 0x49, 0x56, 0xe4, 0x55, 0x58, 0x40, 0x54, 0x54, 
    0x44, 0x44, 0x44, 0x55, 0x84, 0x44, 0x44, 0x44, 0x44, 0x59, 0x99, 0xa8, 0x44, 0x40, 0x45, 0x45, 
    0x44, 0x54, 0x45, 0x40, 0x44, 0x55, 0xad, 0x44, 0x44, 0x40, 0x44, 0x44, 0x40, 0x44, 0x40, 0x40, 
    0x45, 0x94, 0x44, 0x44, 0x54, 0x54, 0x54, 0x40, 0x44, 0x54, 0x44, 0x54, 0x44, 0x40, 0x44, 0x44, 
    0x44, 0x44, 0x44, 0x44, 0x54, 0x44, 0x44, 0x45, 0xfd, 0xee, 0xfe, 0xf5, 0x64, 0x45, 0x99, 0x44, 
    0x55, 0x55, 0x95, 0x95, 0x9a, 0x85, 0x55, 0x5d, 0x55, 0x55, 0x55, 0x55, 0x9d, 0x95, 0x55, 0x54, 
    0x44, 0x44, 0x44, 0x45, 0x99, 0x55, 0x59, 0xba, 0xea, 0xd9, 0x55, 0x9a, 0x95, 0xaa, 0xd4, 0x44, 
    0x54, 0x44, 0x44, 0x44, 0x44, 0x44, 0x55, 0x55, 0x45, 0x44, 0x5a, 0x44, 0x6e, 0xee, 0xea, 0xe5, 
    0x55, 0x55, 0x55, 0x55, 0x94, 0x54, 0xad, 0x55, 0x11, 0x11, 0x11, 0x11, 0x11, 0x11, 0x11, 0x51, 
    0x66, 0xa5, 0xbb, 0xaa, 0x66, 0xaa, 0x55, 0x55, 0x51, 0x51, 0x51, 0x11, 0x65, 0x15, 0x66, 0x65, 
    0x65, 0x55, 0x56, 0x66, 0xa6, 0xa6, 0x66, 0x51, 0x55, 0x51, 0x56, 0x65, 0x5b, 0xa5, 0x55, 0x55, 
    0x55, 0x55, 0x65, 0x55, 0x65, 0x55, 0x55, 0x55, 0x55, 0x55, 0x55, 0x66, 0x50, 0x1a, 0x00, 0x04, 
    0x10, 0xa9, 0x51, 0x15, 0x00, 0x00, 0x01, 0x10, 0x00, 0x00, 0x51, 0x12, 0xfe, 0x57, 0x2b, 0xfa, 
    0x43, 0x52, 0xf5, 0x11, 0x18, 0x01, 0x10, 0x00, 0x00, 0x10, 0x11, 0x11, 0x50, 0x05, 0x11, 0x00, 
    0x00, 0x15, 0x65, 0x55, 0x10, 0x00, 0x01, 0x01, 0x16, 0x11, 0x00, 0x01, 0x51, 0x17, 0x50, 0x11, 
    0x01, 0x10, 0x00, 0x10, 0x00, 0x00, 0x00, 0x00, 0x00, 0x61, 0x10, 0x01, 0x11, 0x11, 0x10, 0x00, 
    0x01, 0x11, 0x11, 0x10, 0x00, 0x00, 0x11, 0x11, 0x10, 0x11, 0x10, 0x00, 0x10, 0x11, 0x11, 0x11, 
    0xb5, 0x7b, 0xbb, 0xb5, 0x60, 0x00, 0x15, 0x50, 0x15, 0x11, 0x6a, 0x56, 0x56, 0x51, 0x65, 0x15, 
    0x51, 0x55, 0x11, 0x16, 0x56, 0x91, 0x51, 0x51, 0x11, 0x11, 0x11, 0x15, 0x55, 0x55, 0x55, 0x5a, 
    0xaa, 0xa6, 0x15, 0x5a, 0x55, 0x65, 0xa1, 0x11, 0x10, 0x10, 0x11, 0x11, 0x11, 0x11, 0x11, 0x55, 
    0x11, 0x11, 0x19, 0x11, 0x2a, 0xba, 0xaa, 0x95, 0x51, 0x51, 0x55, 0x55, 0x51, 0x11, 0x79, 0x11, 
    0x45, 0x45, 0x45, 0x45, 0x45, 0x45, 0x45, 0x55, 0x5a, 0x9a, 0xee, 0xee, 0xaa, 0x99, 0x99, 0x55, 
    0x45, 0x55, 0x45, 0x45, 0x55, 0x45, 0x9a, 0xa9, 0x99, 0x55, 0x5a, 0x5a, 0xaa, 0xa9, 0xa9, 0x55, 
    0x55, 0x55, 0x55, 0x99, 0xae, 0x59, 0x55, 0x59, 0x59, 0x99, 0x99, 0x99, 0x99, 0x99, 0x95, 0x59, 
    0x59, 0x59, 0x99, 0x99, 0x94, 0x5d, 0x84, 0x44, 0x44, 0x99, 0x45, 0x58, 0x04, 0x04, 0x04, 0x44, 
    0x44, 0x44, 0x54, 0x45, 0xff, 0xea, 0xaf, 0xff, 0x96, 0xda, 0xfa, 0x44, 0x4d, 0x05, 0x44, 0x04, 
    0x00, 0x04, 0x44, 0x45, 0x44, 0x05, 0x45, 0x45, 0x00, 0x09, 0x99, 0x95, 0x44, 0x44, 0x00, 0x45, 
    0x59, 0x95, 0x44, 0x05, 0x44, 0x44, 0x14, 0x04, 0x04, 0x45, 0x04, 0x44, 0x04, 0x04, 0x00, 0x04, 
    0x04, 0x44, 0x44, 0x44, 0x44, 0x45, 0x44, 0x04, 0x04, 0x04, 0x44, 0x44, 0x44, 0x44, 0x44, 0x44, 
    0x44, 0x44, 0x44, 0x44, 0x54, 0x44, 0x44, 0x44, 0xa4, 0x6e, 0xaf, 0xfe, 0xa4, 0x44, 0x49, 0x94, 
    0x45, 0x44, 0x5b, 0xe5, 0xaa, 0x95, 0x55, 0x45, 0x45, 0x55, 0x45, 0x55, 0x96, 0x95, 0x55, 0x54, 
    0x44, 0x44, 0x44, 0x4a, 0x99, 0x99, 0x55, 0x5b, 0x9a, 0xaa, 0x85, 0x69, 0x55, 0x99, 0xa4, 0x45, 
    0x44, 0x44, 0x44, 0x44, 0x44, 0x44, 0x45, 0x54, 0x45, 0xa9, 0x6d, 0x44, 0x5e, 0xee, 0xaa, 0x55, 
    0x55, 0x55, 0x55, 0x55, 0x55, 0x85, 0x6e, 0x45, 0x11, 0x11, 0x11, 0x11, 0x11, 0x11, 0x11, 0x15, 
    0x5a, 0x6b, 0xaa, 0xaa, 0xa5, 0x56, 0x55, 0x15, 0x11, 0x11, 0x11, 0x11, 0x16, 0x55, 0x52, 0xa6, 
    0x66, 0x55, 0x65, 0x56, 0x66, 0x66, 0x65, 0x15, 0x15, 0x15, 0x15, 0x56, 0x55, 0x55, 0x15, 0x65, 
    0x55, 0x55, 0x55, 0x55, 0x55, 0x56, 0x55, 0x55, 0x55, 0x55, 0x55, 0x56, 0x50, 0x09, 0x5a, 0x50, 
    0x10, 0x55, 0x01, 0x00, 0x10, 0x00, 0x01, 0x00, 0x00, 0x00, 0x51, 0x11, 0xbf, 0xaa, 0x2b, 0xbb, 
    0xa7, 0xa7, 0xba, 0x10, 0x1a, 0x06, 0x01, 0x00, 0x00, 0x01, 0x01, 0x11, 0x51, 0x01, 0x41, 0x01, 
    0x00, 0x06, 0x56, 0x11, 0x01, 0x00, 0x00, 0x01, 0x15, 0x55, 0x00, 0x00, 0x00, 0x00, 0x10, 0x10, 
    0x00, 0x00, 0x10, 0x00, 0x00, 0x00, 0x00, 0x00, 0x01, 0x11, 0x10, 0x10, 0x01, 0x11, 0x10, 0x00, 
    0x00, 0x00, 0x01, 0x11, 0x00, 0x01, 0x01, 0x01, 0x01, 0x01, 0x01, 0x01, 0x00, 0x01, 0x01, 0x11, 
    0xa1, 0x1b, 0xab, 0xba, 0xa1, 0x10, 0x01, 0x55, 0x01, 0x00, 0x1b, 0xba, 0x6a, 0x55, 0x51, 0x11, 
    0x11, 0x51, 0x11, 0x11, 0x55, 0x95, 0x15, 0x11, 0x01, 0x01, 0x01, 0x06, 0x56, 0x65, 0x55, 0x51, 
    0xa6, 0x6a, 0x95, 0x65, 0x56, 0x61, 0x55, 0x11, 0x01, 0x11, 0x11, 0x11, 0x11, 0x11, 0x11, 0x10, 
    0x11, 0xa9, 0x75, 0x11, 0x2a, 0xaa, 0xa9, 0x51, 0x15, 0x11, 0x15, 0x51, 0x11, 0x11, 0x2a, 0x11, 
    0x54, 0x55, 0x54, 0x55, 0x55, 0x55, 0x55, 0x55, 0xa9, 0xee, 0xaa, 0xae, 0x99, 0x95, 0x95, 0x55, 
    0x55, 0x55, 0x55, 0x55, 0x5a, 0xe9, 0x54, 0x59, 0x99, 0x99, 0xa9, 0x5a, 0x99, 0xa9, 0xa9, 0x55, 
    0x55, 0x55, 0x55, 0x59, 0x59, 0x55, 0x55, 0x99, 0x99, 0x99, 0x99, 0x99, 0x99, 0x9a, 0x99, 0x99, 
    0x99, 0x99, 0x99, 0x99, 0xa4, 0x45, 0xbd, 0x94, 0x64, 0x95, 0x44, 0xa4, 0x44, 0x44, 0x40, 0x40, 
    0x40, 0x40, 0x99, 0x99, 0xff, 0xfb, 0xaf, 0xff, 0xea, 0xfb, 0xfe, 0x84, 0x5e, 0x58, 0x41, 0x40, 
    0x40, 0x44, 0x44, 0x55, 0x94, 0x45, 0x95, 0x45, 0x40, 0x45, 0x94, 0x54, 0x44, 0x44, 0x40, 0x40, 
    0x45, 0x94, 0x44, 0x44, 0x40, 0x40, 0x44, 0x50, 0x40, 0x44, 0x44, 0x40, 0x44, 0x40, 0x40, 0x40, 
    0x44, 0x55, 0x54, 0x54, 0x54, 0x44, 0x54, 0x40, 0x44, 0x40, 0x44, 0x44, 0x40, 0x54, 0x44, 0x44, 
    0x44, 0x44, 0x44, 0x44, 0x44, 0x44, 0x44, 0x44, 0x94, 0x5a, 0xef, 0xfe, 0xa4, 0x44, 0x44, 0x59, 
    0x44, 0x50, 0x46, 0xff, 0xe5, 0x95, 0x55, 0x54, 0x55, 0xe5, 0x55, 0x55, 0x55, 0xa5, 0x55, 0x54, 
    0x44, 0x44, 0x44, 0x45, 0x9a, 0xaa, 0x9a, 0x95, 0x7e, 0xaa, 0xa5, 0xa5, 0x59, 0x95, 0x99, 0x55, 
    0x44, 0x54, 0x44, 0x44, 0x44, 0x44, 0x44, 0x54, 0x54, 0xa5, 0xe4, 0x54, 0x5a, 0xea, 0xe9, 0x55, 
    0x55, 0x55, 0x55, 0x55, 0x54, 0x55, 0x5a, 0x55, 0x11, 0x11, 0x11, 0x11, 0x11, 0x11, 0x11, 0x55, 
    0xa6, 0xba, 0xaa, 0x65, 0x55, 0x55, 0x55, 0x55, 0x55, 0x11, 0x11, 0x11, 0x56, 0xe1, 0x11, 0x66, 
    0x66, 0x66, 0xa5, 0x55, 0x55, 0x66, 0x65, 0x55, 0x51, 0x55, 0x55, 0x55, 0x65, 0x55, 0x55, 0x55, 
    0x55, 0x55, 0x55, 0x55, 0x55, 0x66, 0x65, 0x55, 0x55, 0x55, 0x55, 0x65, 0x90, 0x06, 0xa5, 0x10, 
    0x60, 0x11, 0x10, 0x50, 0x02, 0x90, 0x00, 0x00, 0x00, 0x01, 0x96, 0xa5, 0x7f, 0xfb, 0xe7, 0xff, 
    0xf9, 0xbb, 0xba, 0x95, 0x2a, 0x50, 0x01, 0x00, 0x00, 0x00, 0x11, 0x11, 0x50, 0x11, 0x51, 0x11, 
    0x01, 0x01, 0x11, 0x11, 0x11, 0x11, 0x10, 0x01, 0x10, 0x10, 0x00, 0x10, 0x00, 0x00, 0x10, 0x10, 
    0x00, 0x11, 0x10, 0x10, 0x00, 0x00, 0x00, 0x00, 0x01, 0x11, 0x10, 0x11, 0x00, 0x11, 0x10, 0x00, 
    0x10, 0x00, 0x00, 0x00, 0x10, 0x11, 0x11, 0x11, 0x00, 0x00, 0x11, 0x10, 0x40, 0x11, 0x11, 0x11, 
    0x51, 0x13, 0xab, 0xba, 0x61, 0x10, 0x11, 0x11, 0x10, 0x10, 0x01, 0xbf, 0xfa, 0x55, 0x51, 0x11, 
    0x12, 0x9b, 0x51, 0x11, 0x56, 0x61, 0x51, 0x51, 0x11, 0x11, 0x11, 0x11, 0x65, 0x66, 0x55, 0x55, 
    0x1b, 0xa6, 0xa9, 0x95, 0x56, 0x51, 0x66, 0x11, 0x01, 0x05, 0x11, 0x11, 0x11, 0x11, 0x11, 0x10, 
    0x11, 0x5b, 0xf1, 0x11, 0x19, 0xa9, 0xa5, 0x51, 0x51, 0x51, 0x55, 0x11, 0x11, 0x11, 0x16, 0x51, 
    0x45, 0x45, 0x45, 0x45, 0x45, 0x55, 0x5a, 0x5a, 0x9e, 0xea, 0xa9, 0x99, 0x95, 0x59, 0x55, 0x55, 
    0x55, 0x55, 0x45, 0x55, 0x59, 0x95, 0x54, 0x45, 0x99, 0x9b, 0x95, 0x55, 0x55, 0x99, 0x99, 0x55, 
    0x55, 0x55, 0x55, 0x59, 0x59, 0x55, 0x59, 0x59, 0x59, 0x99, 0x59, 0x59, 0x99, 0x99, 0x99, 0x59, 
    0x59, 0x59, 0x99, 0x99, 0x44, 0x05, 0xad, 0x44, 0x98, 0x55, 0x44, 0x44, 0x44, 0x45, 0x04, 0x44, 
    0x04, 0x04, 0x95, 0x95, 0xbf, 0xef, 0xef, 0xff, 0xfe, 0x5e, 0xfe, 0xaa, 0x6e, 0x50, 0x01, 0x40, 
    0x04, 0x04, 0x44, 0x45, 0x84, 0x45, 0x55, 0x45, 0x45, 0x04, 0x44, 0x44, 0x44, 0x44, 0x44, 0x04, 
    0x44, 0x04, 0x44, 0x44, 0x44, 0x00, 0x54, 0x44, 0x00, 0x44, 0x44, 0x44, 0x40, 0x04, 0x04, 0x04, 
    0x44, 0x44, 0x54, 0x05, 0x44, 0x04, 0x44, 0x44, 0x04, 0x04, 0x04, 0x44, 0x04, 0x44, 0x44, 0x44, 
    0x44, 0x04, 0x44, 0x44, 0x84, 0x44, 0x44, 0x45, 0x44, 0x46, 0xef, 0xee, 0x65, 0x44, 0x44, 0x45, 
    0x44, 0x04, 0x44, 0x7f, 0xfe, 0xe5, 0x55, 0x55, 0x4a, 0x59, 0x55, 0x45, 0x5a, 0x59, 0x55, 0x55, 
    0x44, 0x44, 0x44, 0x45, 0x59, 0xd9, 0x59, 0x55, 0x56, 0xea, 0xaa, 0x59, 0x69, 0x45, 0x6a, 0x94, 
    0x44, 0x05, 0x44, 0x44, 0x44, 0x44, 0x45, 0x44, 0x45, 0x56, 0xf8, 0x44, 0x4d, 0xae, 0x95, 0x55, 
    0x55, 0x55, 0x55, 0x45, 0x45, 0x45, 0x46, 0x85, 0x11, 0x11, 0x11, 0x11, 0x11, 0x15, 0x69, 0x1a, 
    0x6a, 0xa6, 0xa6, 0x65, 0x55, 0x55, 0x55, 0x55, 0x15, 0x11, 0x11, 0x15, 0x15, 0x55, 0x14, 0x01, 
    0x66, 0x6b, 0x55, 0x55, 0x15, 0x55, 0x65, 0x15, 0x15, 0x15, 0x15, 0x15, 0x65, 0x55, 0x55, 0x55, 
    0x55, 0x55, 0x55, 0x55, 0x55, 0x56, 0x65, 0x55, 0x55, 0x55, 0x56, 0x55, 0x40, 0x11, 0xb5, 0x10, 
    0x55, 0x11, 0x00, 0x01, 0xa0, 0x01, 0x11, 0x00, 0x00, 0x00, 0x65, 0x01, 0xaf, 0xbb, 0xaf, 0xff, 
    0xbf, 0x6a, 0xaf, 0xa6, 0x79, 0x50, 0x01, 0x40, 0x00, 0x00, 0x11, 0x01, 0x50, 0x11, 0x15, 0x11, 
    0x01, 0x01, 0x01, 0x11, 0x10, 0x11, 0x11, 0x00, 0x00, 0x00, 0x00, 0x00, 0x00, 0x01, 0x00, 0x00, 
    0x01, 0x01, 0x00, 0x00, 0x00, 0x00, 0x10, 0x00, 0x00, 0x00, 0x10, 0x11, 0x00, 0x01, 0x00, 0x00, 
    0x00, 0x00, 0x00, 0x00, 0x00, 0x01, 0x01, 0x01, 0x01, 0x01, 0x01, 0x01, 0x01, 0x01, 0x01, 0x11, 
    0x51, 0x13, 0xab, 0xba, 0x66, 0x00, 0x01, 0x01, 0x10, 0x04, 0x00, 0x5b, 0xbb, 0x5a, 0x11, 0x11, 
    0x1a, 0x29, 0x11, 0x11, 0x16, 0x15, 0x15, 0x15, 0x01, 0x01, 0x01, 0x01, 0x55, 0x5a, 0x55, 0x11, 
    0x55, 0xba, 0x6b, 0x55, 0xb5, 0x11, 0x16, 0x91, 0x01, 0x01, 0x01, 0x11, 0x11, 0x11, 0x11, 0x11, 
    0x01, 0x01, 0x29, 0x11, 0x16, 0xaa, 0x91, 0x15, 0x11, 0x15, 0x51, 0x11, 0x11, 0x11, 0x06, 0x91, 
    0x54, 0x54, 0x55, 0x55, 0x55, 0x59, 0xa9, 0xaa, 0xae, 0xae, 0xa9, 0x95, 0x55, 0x95, 0x95, 0x95, 
    0x55, 0x55, 0x55, 0x55, 0x55, 0x99, 0x54, 0x45, 0x9a, 0x6e, 0x55, 0x55, 0x55, 0x95, 0x95, 0x95, 
    0x55, 0x55, 0x55, 0x55, 0xa5, 0x55, 0x59, 0x99, 0x99, 0x95, 0x99, 0x99, 0x99, 0x9a, 0xa9, 0x99, 
    0x99, 0x99, 0x99, 0x9a, 0x54, 0x4a, 0xd4, 0x54, 0x55, 0x54, 0x58, 0x44, 0x94, 0x44, 0x44, 0x44, 
    0x44, 0x44, 0xb9, 0x95, 0xef, 0xff, 0xef, 0xfa, 0xff, 0xbe, 0xef, 0xea, 0xbd, 0x98, 0x41, 0x80, 
    0x40, 0x44, 0x44, 0x44, 0x54, 0x45, 0x55, 0x45, 0x80, 0x54, 0x44, 0x54, 0x44, 0x44, 0x44, 0x44, 
    0x40, 0x40, 0x40, 0x40, 0x44, 0x44, 0x40, 0x40, 0x44, 0x54, 0x44, 0x40, 0x40, 0x44, 0x44, 0x40, 
    0x44, 0x44, 0x44, 0x55, 0x44, 0x44, 0x40, 0x44, 0x44, 0x40, 0x44, 0x44, 0x44, 0x44, 0x44, 0x44, 
    0x44, 0x44, 0x44, 0x44, 0x44, 0x44, 0x44, 0x45, 0x44, 0x46, 0xee, 0xfe, 0xa6, 0x44, 0x44, 0x44, 
    0x44, 0x44, 0x44, 0x55, 0xaf, 0xe5, 0xe4, 0x54, 0x54, 0x59, 0x54, 0x55, 0x59, 0x56, 0x55, 0x55, 
    0x44, 0x44, 0x44, 0x45, 0x95, 0x95, 0x55, 0x55, 0x55, 0x6e, 0xaa, 0xd9, 0xf9, 0x55, 0x55, 0xa4, 
    0x44, 0x44, 0x44, 0x44, 0x44, 0x54, 0x54, 0x44, 0x54, 0x44, 0x59, 0x44, 0x56, 0xee, 0x99, 0x55, 
    0x55, 0x55, 0x54, 0x55, 0x55, 0x54, 0x45, 0xd5, 0x11, 0x11, 0x11, 0x11, 0x11, 0x56, 0x96, 0x6a, 
    0xaa, 0xba, 0xa6, 0x55, 0x55, 0x51, 0x55, 0x65, 0x55, 0x51, 0x11, 0x11, 0x55, 0x55, 0x51, 0x15, 
    0x51, 0x79, 0x11, 0x55, 0x56, 0x55, 0x55, 0x51, 0x51, 0x55, 0x51, 0x55, 0x65, 0x55, 0x55, 0x55, 
    0x65, 0x55, 0x55, 0x55, 0x56, 0x66, 0x55, 0x55, 0x55, 0x55, 0x55, 0xb9, 0x97, 0xab, 0x51, 0x50, 
    0x15, 0x10, 0x14, 0x00, 0x11, 0x11, 0x10, 0x50, 0x10, 0x01, 0x3a, 0xb1, 0xbb, 0xbb, 0xfb, 0xfb, 
    0xab, 0xba, 0xbb, 0xb6, 0x79, 0x55, 0x12, 0x90, 0x00, 0x15, 0x51, 0x11, 0x50, 0x01, 0x55, 0x11, 
    0x50, 0x10, 0x10, 0x11, 0x11, 0x11, 0x11, 0x11, 0x10, 0x00, 0x00, 0x00, 0x00, 0x01, 0x01, 0x00, 
    0x10, 0x10, 0x00, 0x00, 0x00, 0x10, 0x11, 0x10, 0x10, 0x10, 0x00, 0x55, 0x50, 0x11, 0x00, 0x00, 
    0x10, 0x00, 0x00, 0x11, 0x10, 0x10, 0x10, 0x11, 0x10, 0x10, 0x10, 0x11, 0x01, 0x11, 0x11, 0x11, 
    0x11, 0x12, 0xbb, 0xba, 0xa2, 0x50, 0x11, 0x11, 0x11, 0x01, 0x00, 0x05, 0x16, 0xba, 0x69, 0x11, 
    0x69, 0x51, 0x11, 0x55, 0x65, 0x51, 0x91, 0x51, 0x11, 0x10, 0x10, 0x15, 0x55, 0x55, 0x51, 0x55, 
    0x55, 0x5b, 0xba, 0xa2, 0xb5, 0x55, 0x55, 0x54, 0x10, 0x11, 0x11, 0x11, 0x11, 0x11, 0x10, 0x11, 
    0x11, 0x10, 0x01, 0x11, 0x12, 0xaa, 0x65, 0x51, 0x51, 0x65, 0x11, 0x11, 0x11, 0x11, 0x12, 0x91, 
    0x45, 0x45, 0x45, 0x45, 0x55, 0x5a, 0x5a, 0xea, 0x9a, 0xee, 0xa9, 0x55, 0x55, 0x55, 0x55, 0x59, 
    0x55, 0x55, 0x55, 0x55, 0x55, 0x55, 0x54, 0x45, 0x85, 0xa9, 0x55, 0x55, 0x59, 0x55, 0x55, 0x55, 
    0x55, 0x55, 0x55, 0x55, 0x95, 0x55, 0x59, 0x59, 0x59, 0x59, 0x59, 0x55, 0x9a, 0xa9, 0x59, 0x59, 
    0x59, 0x5a, 0x99, 0x99, 0x9d, 0x44, 0x45, 0x54, 0x45, 0x44, 0x04, 0x04, 0x44, 0x44, 0x44, 0x95, 
    0x44, 0x55, 0xbd, 0xa6, 0xff, 0xfe, 0xff, 0xfe, 0xeb, 0xee, 0xee, 0xe9, 0xad, 0x59, 0x46, 0xd4, 
    0x44, 0x04, 0x44, 0x45, 0x54, 0x05, 0x55, 0x45, 0x54, 0x54, 0x44, 0x44, 0x44, 0x54, 0x44, 0x44, 
    0x44, 0x04, 0x00, 0x40, 0x05, 0x44, 0x04, 0x40, 0x04, 0x04, 0x04, 0x04, 0x44, 0x45, 0x44, 0x44, 
    0x44, 0x04, 0x44, 0x55, 0x54, 0x04, 0x44, 0x44, 0x44, 0x04, 0x04, 0x44, 0x44, 0x44, 0x44, 0x05, 
    0x44, 0x45, 0x44, 0x45, 0x44, 0x44, 0x44, 0x45, 0x44, 0x55, 0xee, 0xee, 0xaa, 0x44, 0x44, 0x44, 
    0x44, 0x44, 0x44, 0x05, 0x59, 0x5a, 0xda, 0xd5, 0xe9, 0x95, 0x45, 0x55, 0x55, 0x55, 0x55, 0x55, 
    0x44, 0x44, 0x44, 0x49, 0x95, 0x55, 0x55, 0x59, 0x99, 0x56, 0xee, 0xa9, 0xe5, 0x55, 0x49, 0x5d, 
    0x44, 0x45, 0x44, 0x44, 0x44, 0x44, 0x44, 0x44, 0x44, 0x44, 0x44, 0x45, 0x56, 0xd9, 0x95, 0x55, 
    0x55, 0x55, 0x45, 0x45, 0x45, 0x45, 0x46, 0xd5, 0x11, 0x11, 0x11, 0x11, 0x11, 0x29, 0x6a, 0x6a, 
    0x5a, 0xaa, 0x55, 0x55, 0x15, 0x11, 0x15, 0x55, 0x15, 0x11, 0x15, 0x51, 0x15, 0x15, 0x51, 0x01, 
    0x55, 0x15, 0x51, 0x15, 0x25, 0x55, 0x15, 0x15, 0x55, 0x15, 0x15, 0x15, 0x55, 0x55, 0x55, 0x55, 
    0x55, 0x55, 0x55, 0x55, 0x56, 0x66, 0x55, 0x55, 0x55, 0x6a, 0xa5, 0x56, 0x11, 0x11, 0x01, 0x10, 
    0x11, 0x11, 0x10, 0x00, 0x15, 0x01, 0x11, 0x26, 0xa5, 0x17, 0x7e, 0x52, 0xbb, 0xbb, 0xba, 0xbb, 
    0xaa, 0xbb, 0xab, 0xba, 0xaa, 0x55, 0x56, 0xa0, 0x01, 0x00, 0x00, 0x11, 0x10, 0x01, 0x55, 0x01, 
    0x51, 0x11, 0x00, 0x01, 0x11, 0x12, 0x50, 0x00, 0x10, 0x00, 0x00, 0x00, 0x15, 0x00, 0x00, 0x00, 
    0x00, 0x00, 0x00, 0x00, 0x01, 0x01, 0x01, 0x11, 0x01, 0x11, 0x10, 0x01, 0x10, 0x00, 0x00, 0x00, 
    0x00, 0x00, 0x01, 0x11, 0x00, 0x00, 0x00, 0x00, 0x01, 0x15, 0x00, 0x01, 0x11, 0x01, 0x01, 0x01, 
    0x01, 0x11, 0xaa, 0xbb, 0x66, 0x11, 0x01, 0x01, 0x01, 0x01, 0x00, 0x01, 0x55, 0x55, 0x55, 0xb5, 
    0x66, 0x51, 0x11, 0x65, 0x51, 0x15, 0x11, 0x15, 0x15, 0x01, 0x00, 0x16, 0x56, 0x51, 0x55, 0x51, 
    0x56, 0x55, 0x7a, 0x6a, 0x65, 0x11, 0x15, 0x2a, 0x01, 0x11, 0x51, 0x11, 0x11, 0x11, 0x01, 0x01, 
    0x11, 0x10, 0x01, 0x11, 0x12, 0x56, 0x65, 0x65, 0x15, 0x55, 0x11, 0x01, 0x11, 0x11, 0x11, 0xa1, 
    0x54, 0x54, 0x55, 0x55, 0x55, 0xaa, 0xaa, 0xe9, 0x6e, 0xaa, 0x95, 0x95, 0x55, 0x55, 0x55, 0x55, 
    0x55, 0x55, 0x55, 0x95, 0x55, 0x54, 0x54, 0x44, 0x5a, 0x54, 0x55, 0x55, 0x59, 0x55, 0x55, 0x55, 
    0x55, 0x55, 0x55, 0x55, 0x95, 0x55, 0x95, 0x55, 0x99, 0x99, 0x95, 0x95, 0x9a, 0xa9, 0x95, 0x99, 
    0x99, 0xae, 0x95, 0x99, 0xa4, 0x55, 0x54, 0x54, 0x45, 0x50, 0x40, 0x45, 0x44, 0x40, 0x45, 0x99, 
    0xaa, 0xee, 0xbf, 0x86, 0xff, 0xee, 0xfe, 0xfa, 0xef, 0xeb, 0xee, 0xee, 0xe9, 0x95, 0x9a, 0xe4, 
    0x45, 0x44, 0x40, 0x44, 0x54, 0x40, 0x95, 0x44, 0x54, 0x44, 0x44, 0x44, 0x55, 0x55, 0x54, 0x44, 
    0x40, 0x40, 0x40, 0x44, 0x64, 0x40, 0x54, 0x40, 0x44, 0x44, 0x44, 0x40, 0x40, 0x44, 0x44, 0x44, 
    0x44, 0x44, 0x44, 0x44, 0x44, 0x44, 0x40, 0x40, 0x40, 0x40, 0x44, 0x44, 0x40, 0x40, 0x40, 0x44, 
    0x54, 0x55, 0x44, 0x44, 0x44, 0x44, 0x44, 0x44, 0x44, 0x55, 0xee, 0xee, 0x55, 0x44, 0x44, 0x44, 
    0x44, 0x44, 0x40, 0x40, 0x59, 0x55, 0x54, 0x46, 0x5a, 0x94, 0x55, 0xa5, 0x55, 0x59, 0x55, 0x55, 
    0x54, 0x44, 0x44, 0x55, 0xa9, 0x95, 0x95, 0x55, 0x95, 0x99, 0xae, 0xee, 0x95, 0x55, 0x55, 0x9e, 
    0x44, 0x54, 0x54, 0x44, 0x44, 0x55, 0x44, 0x44, 0x44, 0x44, 0x44, 0x54, 0x55, 0x5a, 0xaa, 0x95, 
    0x55, 0x94, 0x54, 0x44, 0x55, 0x55, 0x54, 0xe4, 0x11, 0x11, 0x11, 0x11, 0x56, 0xaa, 0xa6, 0x51, 
    0xaa, 0xb9, 0x51, 0x55, 0x51, 0x11, 0x51, 0x55, 0x51, 0x11, 0x55, 0x51, 0x69, 0x61, 0x55, 0x00, 
    0x01, 0x14, 0x11, 0x51, 0x55, 0x55, 0x51, 0x51, 0x51, 0x51, 0x51, 0x56, 0x55, 0x55, 0x55, 0x55, 
    0x55, 0x55, 0x55, 0x56, 0x66, 0x66, 0x65, 0x55, 0x56, 0xa5, 0x55, 0x55, 0xa0, 0x11, 0x51, 0x10, 
    0x01, 0x10, 0x00, 0x01, 0x10, 0x11, 0x01, 0xa6, 0x6a, 0xaa, 0x7f, 0xa5, 0xbf, 0xab, 0xba, 0x7b, 
    0xbb, 0xa6, 0xba, 0xba, 0xfa, 0x55, 0x6a, 0xa4, 0x05, 0x01, 0x10, 0x01, 0x10, 0x00, 0x11, 0x51, 
    0x14, 0x11, 0x00, 0x10, 0x11, 0x51, 0x51, 0x10, 0x00, 0x00, 0x11, 0x11, 0x50, 0x00, 0x11, 0x00, 
    0x11, 0x10, 0x11, 0x10, 0x00, 0x00, 0x00, 0x00, 0x00, 0x00, 0x00, 0x00, 0x00, 0x00, 0x00, 0x00, 
    0x00, 0x00, 0x11, 0x10, 0x00, 0x00, 0x00, 0x11, 0x11, 0x11, 0x10, 0x11, 0x11, 0x10, 0x10, 0x10, 
    0x01, 0x11, 0xaa, 0xbb, 0x15, 0x10, 0x11, 0x11, 0x50, 0x10, 0x10, 0x00, 0x15, 0x51, 0x51, 0x11, 
    0x56, 0x51, 0x11, 0x51, 0x51, 0x55, 0x51, 0x51, 0x55, 0x10, 0x10, 0x15, 0x65, 0x55, 0x51, 0x55, 
    0x65, 0x57, 0x57, 0xbb, 0x95, 0x51, 0x65, 0x57, 0x91, 0x11, 0x11, 0x11, 0x11, 0x11, 0x10, 0x01, 
    0x01, 0x00, 0x11, 0x11, 0x11, 0x16, 0x66, 0x65, 0x55, 0x61, 0x11, 0x11, 0x11, 0x11, 0x11, 0x64, 
    0x45, 0x45, 0x59, 0x59, 0x5a, 0xae, 0xa9, 0x56, 0xaa, 0xe9, 0x45, 0x59, 0x55, 0x55, 0x55, 0x55, 
    0x45, 0x55, 0x59, 0x55, 0x9a, 0xd5, 0x44, 0x44, 0x04, 0x44, 0x55, 0x45, 0x55, 0x55, 0x55, 0x55, 
    0x55, 0x55, 0x55, 0x55, 0x55, 0x59, 0x55, 0x59, 0x59, 0x99, 0x55, 0x59, 0x9a, 0x9a, 0xa9, 0x99, 
    0x5e, 0x99, 0x99, 0x99, 0x84, 0x45, 0x44, 0x54, 0x45, 0x44, 0x44, 0x04, 0x44, 0x05, 0x45, 0xaa, 
    0xea, 0xee, 0xbf, 0xea, 0xeb, 0xee, 0xff, 0xae, 0xee, 0xda, 0xaa, 0xef, 0xea, 0x85, 0xae, 0xa8, 
    0x18, 0x04, 0x44, 0x44, 0x44, 0x04, 0x05, 0x45, 0x45, 0x05, 0x44, 0x44, 0x45, 0x55, 0x55, 0x44, 
    0x44, 0x44, 0x05, 0x44, 0x40, 0x05, 0x44, 0x44, 0x44, 0x44, 0x44, 0x04, 0x04, 0x04, 0x44, 0x44, 
    0x44, 0x44, 0x44, 0x04, 0x44, 0x04, 0x04, 0x04, 0x44, 0x04, 0x44, 0x44, 0x04, 0x04, 0x44, 0x44, 
    0x44, 0x44, 0x44, 0x44, 0x44, 0x04, 0x44, 0x44, 0x45, 0x45, 0xae, 0xae, 0x45, 0x44, 0x44, 0x44, 
    0x44, 0x44, 0x54, 0x04, 0x05, 0x55, 0x55, 0x44, 0x45, 0x55, 0x45, 0x45, 0x55, 0x55, 0x54, 0x55, 
    0x45, 0x44, 0x44, 0x45, 0x99, 0x55, 0x55, 0xa9, 0x59, 0x9a, 0x99, 0xee, 0xe5, 0x55, 0x99, 0x4a, 
    0xd4, 0x44, 0x54, 0x44, 0x44, 0x44, 0x44, 0x44, 0x44, 0x44, 0x44, 0x44, 0x44, 0x5a, 0x9a, 0x99, 
    0x55, 0x55, 0x44, 0x45, 0x45, 0x45, 0x45, 0x68, 0x11, 0x11, 0x15, 0x65, 0x6a, 0xaa, 0x55, 0x15, 
    0x5a, 0xa5, 0x11, 0x55, 0x11, 0x15, 0x11, 0x11, 0x11, 0x15, 0x66, 0x61, 0x11, 0x15, 0x10, 0x01, 
    0x00, 0x15, 0x15, 0x19, 0x15, 0x15, 0x15, 0x15, 0x15, 0x11, 0x15, 0x56, 0x55, 0x55, 0x55, 0x15, 
    0x55, 0x55, 0x15, 0x56, 0x66, 0x66, 0x66, 0x55, 0x66, 0x55, 0x55, 0x55, 0x00, 0x12, 0x10, 0x11, 
    0x00, 0x00, 0x10, 0x00, 0x01, 0x01, 0x02, 0x6a, 0xa6, 0xaa, 0xbf, 0xba, 0xba, 0x6b, 0xbf, 0x6b, 
    0xaa, 0xaa, 0xaa, 0xab, 0xa7, 0x55, 0xa6, 0xa6, 0x50, 0x01, 0xa0, 0x01, 0x11, 0x00, 0x05, 0x11, 
    0x11, 0x01, 0x10, 0x00, 0x11, 0x11, 0x11, 0x00, 0x00, 0x01, 0x01, 0x01, 0x00, 0x00, 0x01, 0x11, 
    0x00, 0x01, 0x11, 0x00, 0x00, 0x00, 0x01, 0x01, 0x11, 0x11, 0x11, 0x10, 0x00, 0x00, 0x00, 0x00, 
    0x00, 0x01, 0x00, 0x00, 0x00, 0x01, 0x01, 0x01, 0x01, 0x01, 0x11, 0x10, 0x10, 0x01, 0x11, 0x01, 
    0x01, 0x12, 0x6a, 0x6b, 0x01, 0x11, 0x01, 0x01, 0x11, 0x01, 0x14, 0x00, 0x01, 0x55, 0x15, 0x11, 
    0x11, 0x11, 0x11, 0x11, 0x15, 0x11, 0x55, 0x11, 0x11, 0x01, 0x01, 0x01, 0x55, 0x15, 0x15, 0x55, 
    0x55, 0x5a, 0x55, 0x6a, 0x66, 0x51, 0x65, 0x11, 0xa5, 0x11, 0x11, 0x11, 0x11, 0x10, 0x00, 0x10, 
    0x00, 0x00, 0x01, 0x01, 0x11, 0x11, 0x66, 0x65, 0x15, 0x15, 0x11, 0x11, 0x11, 0x11, 0x11, 0x29, 
    0x54, 0x54, 0x5a, 0x95, 0xaa, 0xea, 0x95, 0x55, 0x6a, 0x94, 0x55, 0x55, 0x55, 0x55, 0x55, 0x55, 
    0x55, 0x55, 0xee, 0xd4, 0x45, 0x5a, 0x94, 0x45, 0x54, 0x55, 0x59, 0x59, 0x55, 0x55, 0x55, 0x55, 
    0x55, 0x55, 0x55, 0x59, 0x55, 0x95, 0x55, 0x55, 0x99, 0x55, 0x55, 0x99, 0x99, 0xaa, 0xa9, 0x99, 
    0x99, 0x99, 0x99, 0x99, 0x40, 0xa9, 0x54, 0x55, 0x94, 0x44, 0x44, 0x44, 0x45, 0x44, 0x4a, 0xaa, 
    0xaa, 0xad, 0xff, 0xfe, 0xff, 0xaa, 0xfe, 0xee, 0xfe, 0xee, 0xaa, 0xa6, 0xea, 0x94, 0xaa, 0xaa, 
    0xa4, 0x45, 0x44, 0x44, 0x44, 0x40, 0x45, 0x54, 0x54, 0x40, 0x55, 0x44, 0x55, 0x55, 0x95, 0x44, 
    0x44, 0x45, 0x54, 0x45, 0x44, 0x54, 0x44, 0x44, 0x44, 0x44, 0x55, 0x44, 0x44, 0x44, 0x44, 0x44, 
    0x44, 0x44, 0x44, 0x44, 0x44, 0x40, 0x44, 0x40, 0x40, 0x44, 0x44, 0x40, 0x44, 0x44, 0x44, 0x44, 
    0x44, 0x44, 0x54, 0x44, 0x54, 0x44, 0x54, 0x44, 0x44, 0x45, 0xee, 0xaf, 0x84, 0x44, 0x44, 0x44, 
    0x44, 0x44, 0x54, 0x44, 0x44, 0x59, 0x95, 0x54, 0x45, 0x55, 0xa5, 0x55, 0x55, 0x55, 0x55, 0x55, 
    0x55, 0x44, 0x44, 0x45, 0x99, 0x95, 0x95, 0x99, 0x99, 0xa9, 0x96, 0xde, 0xda, 0x95, 0x99, 0x95, 
    0xa8, 0x44, 0x54, 0x44, 0x44, 0x44, 0x44, 0x44, 0x44, 0x44, 0x54, 0x44, 0x55, 0x59, 0x5a, 0xa9, 
    0x55, 0x95, 0x54, 0x54, 0x54, 0x54, 0x54, 0x5c, 0x11, 0x11, 0x65, 0x55, 0x6a, 0x65, 0x51, 0x51, 
    0xa6, 0x51, 0x11, 0x51, 0x11, 0x55, 0x11, 0x51, 0x51, 0x55, 0xbb, 0xf5, 0x51, 0x17, 0xa1, 0x15, 
    0x50, 0x10, 0x11, 0x55, 0x55, 0x55, 0x55, 0x55, 0x55, 0x55, 0x51, 0x55, 0x55, 0x55, 0x55, 0x55, 
    0x55, 0x55, 0x55, 0x55, 0x55, 0x66, 0x56, 0x66, 0x65, 0x55, 0x55, 0x65, 0x50, 0x2a, 0x11, 0x11, 
    0x00, 0x00, 0x00, 0x10, 0x11, 0x11, 0x66, 0xa6, 0x6a, 0x65, 0xbf, 0xff, 0xbf, 0xa6, 0xba, 0xba, 
    0xbb, 0xab, 0x2a, 0x66, 0x7b, 0x91, 0x66, 0x55, 0x66, 0x50, 0x00, 0x11, 0x11, 0x00, 0x01, 0x50, 
    0x11, 0x10, 0x00, 0x00, 0x11, 0x51, 0x11, 0x10, 0x11, 0x11, 0x15, 0x10, 0x00, 0x10, 0x00, 0x00, 
    0x10, 0x19, 0x11, 0x11, 0x00, 0x11, 0x10, 0x00, 0x10, 0x01, 0x10, 0x11, 0x00, 0x00, 0x00, 0x00, 
    0x00, 0x10, 0x00, 0x00, 0x11, 0x11, 0x10, 0x10, 0x10, 0x10, 0x00, 0x11, 0x01, 0x11, 0x10, 0x10, 
    0x00, 0x11, 0xbb, 0x6b, 0x50, 0x51, 0x11, 0x11, 0x10, 0x10, 0x11, 0x00, 0x11, 0x15, 0x65, 0x50, 
    0x11, 0x55, 0x51, 0x12, 0x51, 0x51, 0x55, 0x55, 0x51, 0x10, 0x11, 0x55, 0x65, 0x55, 0x61, 0x66, 
    0x65, 0x75, 0x57, 0xa2, 0xa6, 0x65, 0x66, 0x61, 0x79, 0x11, 0x15, 0x11, 0x11, 0x11, 0x10, 0x10, 
    0x10, 0x00, 0x11, 0x11, 0x11, 0x15, 0x55, 0x66, 0x55, 0x51, 0x11, 0x11, 0x11, 0x11, 0x10, 0x19, 
    0x55, 0x45, 0xa9, 0x59, 0xa9, 0x95, 0x55, 0x5a, 0xa9, 0x45, 0x55, 0x55, 0x55, 0x55, 0x55, 0x55, 
    0x55, 0x55, 0xff, 0x95, 0x55, 0x59, 0x95, 0x45, 0x84, 0x45, 0x55, 0x55, 0x55, 0x55, 0x55, 0x55, 
    0x55, 0x55, 0x55, 0x59, 0x55, 0x55, 0x59, 0x59, 0x55, 0x55, 0x59, 0x59, 0x59, 0x5a, 0x95, 0x99, 
    0x99, 0x59, 0x59, 0x99, 0xa5, 0x99, 0x45, 0x55, 0x45, 0x40, 0x04, 0x04, 0x05, 0x45, 0xaa, 0xaa, 
    0xab, 0xdd, 0xff, 0xff, 0xef, 0xda, 0xae, 0xee, 0xfa, 0xea, 0x5a, 0xea, 0xae, 0x96, 0x99, 0x5e, 
    0x95, 0x55, 0x44, 0x44, 0x44, 0x04, 0x00, 0x58, 0x45, 0x44, 0x04, 0x44, 0x05, 0x55, 0x54, 0x44, 
    0x45, 0x45, 0x5a, 0x44, 0x04, 0x44, 0x44, 0x04, 0x44, 0x44, 0x44, 0x45, 0x44, 0x44, 0x44, 0x04, 
    0x04, 0x04, 0x00, 0x04, 0x40, 0x04, 0x00, 0x04, 0x44, 0x00, 0x44, 0x44, 0x44, 0x44, 0x44, 0x44, 
    0x44, 0x04, 0x44, 0x55, 0x44, 0x44, 0x44, 0x04, 0x44, 0x44, 0xae, 0xaf, 0x84, 0x54, 0x44, 0x44, 
    0x44, 0x44, 0x45, 0x40, 0x05, 0x44, 0x59, 0x54, 0x44, 0x55, 0x45, 0x4a, 0x45, 0x45, 0x56, 0x55, 
    0x55, 0x44, 0x59, 0x5e, 0x99, 0x55, 0x55, 0x9a, 0x9a, 0xaa, 0x9a, 0x94, 0xad, 0x99, 0x56, 0x95, 
    0xae, 0x44, 0x49, 0x44, 0x44, 0x44, 0x44, 0x44, 0x44, 0x44, 0x44, 0x45, 0x45, 0x49, 0x6a, 0x5a, 
    0x95, 0x55, 0x55, 0x45, 0x45, 0x45, 0x44, 0x09, 0x11, 0x56, 0x65, 0x16, 0xa5, 0x11, 0x55, 0x66, 
    0x51, 0x11, 0x11, 0x11, 0x11, 0x15, 0x15, 0x15, 0x15, 0x17, 0xa9, 0x11, 0x11, 0x11, 0x15, 0x01, 
    0x11, 0x01, 0x15, 0x15, 0x15, 0x15, 0x15, 0x15, 0x55, 0x15, 0x15, 0x15, 0x55, 0x55, 0x55, 0x55, 
    0x55, 0x55, 0x55, 0x55, 0x55, 0x56, 0x51, 0x55, 0x55, 0x55, 0x55, 0x56, 0xaa, 0x55, 0x01, 0x65, 
    0x05, 0x00, 0x00, 0x00, 0x01, 0x56, 0x66, 0x65, 0x6a, 0xf5, 0xbb, 0xff, 0xff, 0xa6, 0xa6, 0xaa, 
    0xb7, 0xab, 0xa6, 0xa6, 0x9a, 0x96, 0xa6, 0x95, 0xa1, 0x20, 0x15, 0x10, 0x00, 0x00, 0x00, 0x15, 
    0x01, 0x10, 0x00, 0x00, 0x00, 0x11, 0x00, 0x15, 0x11, 0x11, 0x69, 0x00, 0x00, 0x00, 0x01, 0x00, 
    0x02, 0x00, 0x00, 0x01, 0x00, 0x00, 0x10, 0x00, 0x00, 0x00, 0x00, 0x00, 0x00, 0x00, 0x00, 0x00, 
    0x00, 0x01, 0x11, 0x01, 0x01, 0x01, 0x00, 0x00, 0x00, 0x00, 0x01, 0x11, 0x01, 0x11, 0x00, 0x01, 
    0x01, 0x01, 0x7b, 0x6b, 0x41, 0x11, 0x01, 0x01, 0x00, 0x01, 0x01, 0x00, 0x00, 0x00, 0x16, 0x55, 
    0x00, 0x16, 0x55, 0x11, 0x11, 0x11, 0x15, 0x51, 0x55, 0x12, 0x65, 0x66, 0xa5, 0x55, 0x56, 0x66, 
    0x7a, 0x96, 0x5b, 0x91, 0x2b, 0x65, 0x41, 0xaa, 0x6b, 0x91, 0x16, 0x11, 0x11, 0x01, 0x01, 0x00, 
    0x00, 0x01, 0x01, 0x11, 0x11, 0x15, 0x6a, 0xa5, 0x51, 0x15, 0x11, 0x11, 0x11, 0x11, 0x00, 0x06, 
    0x55, 0x9a, 0x95, 0x5a, 0x95, 0x55, 0x55, 0xae, 0x55, 0x55, 0x54, 0x55, 0x55, 0x55, 0x55, 0x55, 
    0x55, 0x55, 0x99, 0x55, 0x55, 0x55, 0x59, 0x94, 0x55, 0x45, 0x55, 0x55, 0x55, 0x55, 0x55, 0x55, 
    0x95, 0x55, 0x55, 0x69, 0x95, 0x55, 0x99, 0x95, 0x95, 0x99, 0x99, 0x95, 0x99, 0x99, 0x96, 0x99, 
    0x99, 0x99, 0x99, 0x9f, 0xdd, 0x95, 0x45, 0xa9, 0x54, 0x55, 0x55, 0x54, 0x59, 0xaa, 0xaa, 0xaa, 
    0xae, 0xfd, 0xfe, 0xff, 0xff, 0xea, 0xad, 0xba, 0xaa, 0xea, 0xdd, 0xea, 0xdd, 0x9e, 0xda, 0x56, 
    0xe4, 0x58, 0x44, 0x44, 0x40, 0x40, 0x40, 0x45, 0x85, 0x54, 0x44, 0x40, 0x40, 0x44, 0x44, 0x44, 
    0x54, 0x5a, 0x94, 0x54, 0x44, 0x44, 0x54, 0x44, 0x5e, 0x45, 0x54, 0x44, 0x44, 0x44, 0x54, 0x40, 
    0x40, 0x44, 0x40, 0x40, 0x44, 0x40, 0x40, 0x44, 0x44, 0x44, 0x68, 0x44, 0x44, 0x44, 0x40, 0x40, 
    0x44, 0x44, 0x44, 0x54, 0x54, 0x44, 0x44, 0x44, 0x44, 0x44, 0x6e, 0xae, 0x84, 0x54, 0x44, 0x54, 
    0x44, 0x44, 0x44, 0x44, 0x40, 0x44, 0x45, 0x98, 0x44, 0x5b, 0xed, 0x59, 0x55, 0x55, 0x55, 0x59, 
    0x94, 0x45, 0x95, 0x9a, 0xd5, 0x99, 0x99, 0x99, 0xaa, 0xa9, 0x6f, 0x95, 0x4a, 0xd9, 0x54, 0xae, 
    0xaa, 0xe4, 0x56, 0x44, 0x44, 0x44, 0x44, 0x44, 0x44, 0x44, 0x44, 0x55, 0x55, 0x55, 0xaa, 0xa9, 
    0x45, 0x55, 0x54, 0x44, 0x55, 0x54, 0x44, 0x46, 0x51, 0x65, 0x51, 0x65, 0x51, 0x15, 0x56, 0xa5, 
    0x51, 0x11, 0x11, 0x11, 0x51, 0x51, 0x51, 0x51, 0x51, 0x11, 0x55, 0x51, 0x11, 0x51, 0x55, 0x51, 
    0x11, 0x51, 0x51, 0x51, 0x55, 0x51, 0x51, 0x55, 0x51, 0x51, 0x55, 0x75, 0x55, 0x55, 0x55, 0x55, 
    0x55, 0x55, 0x55, 0x55, 0x55, 0x56, 0x55, 0x55, 0x55, 0x55, 0x55, 0x7b, 0x99, 0x50, 0x02, 0xa5, 
    0x51, 0x11, 0x55, 0x50, 0x25, 0x66, 0x66, 0xa6, 0xaa, 0xba, 0xfa, 0xbb, 0xfb, 0xb6, 0x7a, 0x56, 
    0xa7, 0xb7, 0xaa, 0x66, 0x99, 0x6a, 0x99, 0x11, 0x69, 0x54, 0x00, 0x10, 0x00, 0x00, 0x00, 0x11, 
    0x51, 0x10, 0x50, 0x00, 0x00, 0x00, 0x10, 0x11, 0x11, 0x65, 0x00, 0x50, 0x00, 0x11, 0x24, 0x11, 
    0x79, 0x01, 0x51, 0x11, 0x11, 0x11, 0x11, 0x00, 0x00, 0x00, 0x00, 0x00, 0x00, 0x00, 0x00, 0x11, 
    0x10, 0x11, 0x74, 0x11, 0x10, 0x00, 0x00, 0x00, 0x00, 0x10, 0x11, 0x10, 0x10, 0x11, 0x11, 0x00, 
    0x00, 0x11, 0x2a, 0xab, 0x91, 0x11, 0x10, 0x11, 0x11, 0x01, 0x11, 0x10, 0x00, 0x01, 0x10, 0x15, 
    0x11, 0x1b, 0xb5, 0x55, 0x55, 0x11, 0x55, 0x55, 0x15, 0x16, 0x5a, 0x66, 0x65, 0x55, 0x55, 0x66, 
    0x67, 0x7a, 0x7b, 0x11, 0x11, 0xb6, 0x11, 0x2b, 0xa7, 0xb5, 0x16, 0x51, 0x11, 0x10, 0x11, 0x00, 
    0x00, 0x00, 0x11, 0x11, 0x11, 0x11, 0xaa, 0xaa, 0x91, 0x11, 0x11, 0x11, 0x11, 0x11, 0x10, 0x02, 
    0x49, 0xa9, 0x55, 0x55, 0x55, 0x59, 0x5a, 0x95, 0x55, 0x45, 0x45, 0x45, 0x55, 0x55, 0x55, 0x55, 
    0x55, 0x55, 0x55, 0x55, 0x55, 0x55, 0x59, 0x59, 0x45, 0x55, 0x55, 0x55, 0x55, 0x55, 0x55, 0x55, 
    0x55, 0x55, 0x59, 0xa5, 0x55, 0x59, 0x55, 0x55, 0x55, 0x59, 0x59, 0x59, 0x55, 0x5a, 0x55, 0x59, 
    0x59, 0x59, 0x9a, 0xea, 0x8d, 0x55, 0x46, 0x99, 0x98, 0x45, 0x45, 0x44, 0x59, 0x95, 0x99, 0x9a, 
    0x9e, 0x9e, 0xfe, 0xab, 0xff, 0xea, 0xbe, 0xa6, 0xda, 0xaa, 0xee, 0xda, 0xd9, 0x6e, 0x9a, 0x45, 
    0x59, 0x98, 0x00, 0x05, 0x44, 0x04, 0x04, 0x05, 0x45, 0x44, 0x54, 0x00, 0x00, 0x00, 0x04, 0x44, 
    0x44, 0x44, 0x04, 0x04, 0x45, 0x45, 0xd4, 0x46, 0xd4, 0x15, 0x44, 0x44, 0x44, 0x44, 0x44, 0x44, 
    0x00, 0x00, 0x04, 0x44, 0x04, 0x04, 0x44, 0x44, 0x44, 0x44, 0xa4, 0x44, 0x04, 0x04, 0x04, 0x44, 
    0x44, 0x44, 0x44, 0x44, 0x44, 0x44, 0x44, 0x40, 0x04, 0x44, 0x5e, 0xaa, 0x84, 0x44, 0x44, 0x44, 
    0x44, 0x44, 0x45, 0x44, 0x00, 0x04, 0x44, 0x69, 0x44, 0x5e, 0xe9, 0x55, 0x59, 0x55, 0x95, 0x59, 
    0x49, 0x59, 0x5a, 0xe9, 0x5e, 0x99, 0x9a, 0x99, 0x9e, 0xed, 0xfd, 0x55, 0x45, 0x6d, 0x94, 0x5a, 
    0xea, 0xed, 0x4a, 0x84, 0x44, 0x44, 0x44, 0x04, 0x04, 0x04, 0x44, 0x45, 0x45, 0x56, 0xaa, 0xaa, 
    0x95, 0x44, 0x45, 0x59, 0x45, 0x44, 0x44, 0x45, 0x16, 0x55, 0x15, 0x11, 0x11, 0x56, 0x6a, 0x11, 
    0x11, 0x11, 0x11, 0x11, 0x11, 0x11, 0x15, 0x15, 0x11, 0x15, 0x11, 0x11, 0x11, 0x15, 0xa5, 0x55, 
    0x51, 0x15, 0x11, 0x15, 0x55, 0x15, 0x15, 0x15, 0x15, 0x15, 0x15, 0xa5, 0x15, 0x15, 0x55, 0x55, 
    0x55, 0x55, 0x55, 0x55, 0x55, 0x55, 0x11, 0x55, 0x55, 0x56, 0xaa, 0x66, 0x51, 0x11, 0x15, 0x56, 
    0xa1, 0x11, 0x16, 0x11, 0x66, 0x66, 0x7b, 0xaa, 0x5b, 0x62, 0xba, 0x5b, 0xbf, 0xb6, 0xba, 0x66, 
    0x6a, 0xa6, 0xab, 0xa6, 0x6a, 0x66, 0x66, 0x51, 0x15, 0x69, 0x00, 0x01, 0x40, 0x00, 0x00, 0x01, 
    0x01, 0x10, 0x10, 0x00, 0x00, 0x00, 0x00, 0x00, 0x00, 0x50, 0x01, 0x11, 0x00, 0x13, 0x50, 0x01, 
    0x15, 0x11, 0x11, 0x00, 0x01, 0x11, 0x11, 0x00, 0x00, 0x00, 0x00, 0x00, 0x00, 0x01, 0x01, 0x01, 
    0x01, 0x01, 0x10, 0x00, 0x00, 0x01, 0x01, 0x01, 0x01, 0x01, 0x01, 0x01, 0x01, 0x01, 0x00, 0x00, 
    0x00, 0x01, 0x1a, 0x6b, 0x41, 0x11, 0x10, 0x01, 0x01, 0x01, 0x11, 0x10, 0x00, 0x00, 0x01, 0x12, 
    0x11, 0x17, 0xa5, 0x11, 0x11, 0x11, 0x15, 0x55, 0x11, 0x25, 0x55, 0x55, 0x56, 0x56, 0x6b, 0x95, 
    0x6a, 0xb9, 0xb9, 0x11, 0x15, 0x5a, 0x51, 0x56, 0xa6, 0xaa, 0x16, 0x91, 0x10, 0x00, 0x00, 0x00, 
    0x00, 0x01, 0x01, 0x01, 0x11, 0x12, 0xaa, 0xaa, 0x51, 0x11, 0x11, 0x11, 0x15, 0x11, 0x00, 0x01, 
    0xa9, 0x95, 0x55, 0x95, 0x55, 0x9a, 0xe9, 0x55, 0x55, 0x55, 0x55, 0x55, 0x55, 0x55, 0x55, 0x55, 
    0x55, 0x55, 0x55, 0x55, 0x55, 0x9a, 0xe9, 0x54, 0x55, 0x55, 0x55, 0x55, 0x55, 0x55, 0x55, 0x55, 
    0x59, 0x55, 0x59, 0xd5, 0x55, 0x55, 0x95, 0x95, 0x95, 0x95, 0x55, 0x95, 0x99, 0x99, 0x95, 0x95, 
    0x99, 0x99, 0xbf, 0x99, 0x94, 0x55, 0x65, 0x55, 0x94, 0x44, 0x9a, 0x94, 0xa9, 0xaa, 0x9a, 0xff, 
    0xe9, 0x96, 0xfe, 0x9a, 0xbf, 0xfa, 0xfa, 0xad, 0x9a, 0xea, 0xea, 0xa9, 0xaa, 0xa9, 0xa9, 0xa4, 
    0x46, 0x56, 0x84, 0x40, 0x45, 0xa4, 0x40, 0x44, 0x54, 0x54, 0x44, 0x44, 0x40, 0x44, 0x40, 0x40, 
    0x44, 0x44, 0x44, 0x45, 0x44, 0x5a, 0x95, 0x84, 0x54, 0x55, 0x54, 0x54, 0x54, 0x55, 0x54, 0x40, 
    0x44, 0x44, 0x44, 0x44, 0x44, 0x44, 0x44, 0x44, 0x44, 0x44, 0x58, 0x40, 0x44, 0x44, 0x44, 0x44, 
    0x44, 0x44, 0x44, 0x44, 0x44, 0x44, 0x40, 0x44, 0x44, 0x44, 0x5e, 0xaa, 0xc4, 0x44, 0x44, 0x44, 
    0x44, 0x44, 0x45, 0x54, 0x40, 0x44, 0x44, 0x45, 0x94, 0x5a, 0xe5, 0x95, 0x55, 0x56, 0x95, 0xe5, 
    0x55, 0x55, 0x59, 0x95, 0x59, 0xad, 0xae, 0xe9, 0xba, 0xea, 0xf9, 0x55, 0x55, 0x96, 0x95, 0x99, 
    0xfd, 0xae, 0x9a, 0xd4, 0x44, 0x44, 0x44, 0x44, 0x40, 0x44, 0x44, 0x54, 0x55, 0x55, 0xea, 0xaa, 
    0x94, 0x54, 0x54, 0x55, 0x59, 0x54, 0x44, 0x44, 0xa5, 0x51, 0x11, 0x65, 0x15, 0x66, 0x91, 0x11, 
    0x11, 0x11, 0x11, 0x51, 0x11, 0x51, 0x51, 0x51, 0x51, 0x11, 0x11, 0x11, 0x55, 0x6b, 0xa5, 0x51, 
    0x11, 0x51, 0x51, 0x55, 0x51, 0x51, 0x51, 0x55, 0x55, 0x51, 0x55, 0x55, 0x55, 0x55, 0x55, 0x55, 
    0x55, 0x55, 0x55, 0x55, 0x55, 0x55, 0x56, 0x55, 0x55, 0x66, 0xba, 0x65, 0x51, 0x01, 0x65, 0x56, 
    0x10, 0x00, 0x16, 0x51, 0x66, 0x66, 0xa6, 0x6b, 0xfa, 0xa5, 0xbb, 0x5a, 0xaf, 0xba, 0xb6, 0xa9, 
    0x66, 0xa6, 0xa5, 0x69, 0x66, 0xa5, 0xa5, 0x14, 0x02, 0x56, 0x10, 0x00, 0x10, 0x15, 0x10, 0x01, 
    0x10, 0x01, 0x01, 0x00, 0x00, 0x00, 0x00, 0x11, 0x10, 0x10, 0x00, 0x11, 0x00, 0x1a, 0x6b, 0xd0, 
    0x10, 0x01, 0x11, 0x11, 0x10, 0x10, 0x10, 0x00, 0x10, 0x10, 0x00, 0x00, 0x10, 0x11, 0x10, 0x11, 
    0x10, 0x10, 0x10, 0x00, 0x00, 0x00, 0x11, 0x11, 0x11, 0x11, 0x11, 0x11, 0x10, 0x00, 0x00, 0x00, 
    0x11, 0x11, 0x1a, 0xab, 0x95, 0x11, 0x10, 0x11, 0x11, 0x11, 0x11, 0x14, 0x00, 0x00, 0x01, 0x11, 
    0x50, 0x16, 0x65, 0x51, 0x51, 0x16, 0x51, 0x55, 0x51, 0x11, 0x55, 0x55, 0x55, 0x65, 0xbb, 0xa6, 
    0xb6, 0xa6, 0xa5, 0x51, 0x15, 0x51, 0xa6, 0x66, 0xba, 0x7b, 0x97, 0xa1, 0x11, 0x11, 0x00, 0x00, 
    0x00, 0x11, 0x10, 0x11, 0x11, 0x11, 0xaa, 0xaa, 0x91, 0x15, 0x11, 0x11, 0x19, 0x50, 0x00, 0x11, 
    0x99, 0x45, 0x59, 0x95, 0x5a, 0x9e, 0x55, 0x45, 0x45, 0x45, 0x45, 0x55, 0x55, 0x55, 0x55, 0x55, 
    0x45, 0x55, 0x45, 0x55, 0x59, 0xfe, 0xd5, 0x55, 0x45, 0x55, 0x55, 0x55, 0x55, 0x55, 0x55, 0x55, 
    0x59, 0x59, 0x55, 0x95, 0x55, 0x55, 0x55, 0x55, 0x55, 0x55, 0x59, 0x59, 0x59, 0x99, 0x55, 0x59, 
    0x59, 0x99, 0xe9, 0x99, 0x98, 0x05, 0x44, 0x59, 0x44, 0x04, 0x09, 0x4a, 0x9a, 0x9a, 0xa9, 0xdf, 
    0xfe, 0x9e, 0xea, 0x9a, 0x9f, 0xee, 0xea, 0xda, 0x6d, 0xaa, 0xa9, 0x9d, 0xaa, 0x9a, 0xa9, 0x94, 
    0x8a, 0x44, 0x44, 0x04, 0x04, 0x55, 0x44, 0x00, 0x44, 0x04, 0x58, 0x44, 0x04, 0x44, 0x44, 0x04, 
    0x44, 0x04, 0x44, 0x45, 0x44, 0x5a, 0xff, 0xf9, 0xe4, 0x44, 0x44, 0x44, 0x45, 0x45, 0x44, 0x04, 
    0x04, 0x04, 0x04, 0x00, 0x44, 0x44, 0x44, 0x44, 0x44, 0x44, 0x2c, 0x04, 0x04, 0x04, 0x44, 0x44, 
    0x44, 0x44, 0x44, 0x44, 0x44, 0x44, 0x04, 0x04, 0x44, 0x44, 0x4e, 0xae, 0xd8, 0x44, 0x44, 0x44, 
    0x44, 0x44, 0x44, 0x44, 0x04, 0x00, 0x04, 0x44, 0x44, 0x46, 0xd5, 0x55, 0x45, 0x59, 0x55, 0x55, 
    0x55, 0x45, 0x59, 0x59, 0x55, 0x9a, 0xaf, 0xfa, 0xee, 0xde, 0xd9, 0x55, 0x59, 0x49, 0x5f, 0x99, 
    0xae, 0xae, 0xea, 0xe5, 0x44, 0x44, 0x44, 0x44, 0x04, 0x44, 0x44, 0x44, 0x45, 0x55, 0xaa, 0xaa, 
    0x94, 0x59, 0x55, 0x45, 0x59, 0x44, 0x04, 0x44, 0x51, 0x11, 0x66, 0x55, 0x6a, 0x65, 0x11, 0x11, 
    0x15, 0x11, 0x11, 0x11, 0x15, 0x11, 0x11, 0x15, 0x11, 0x11, 0x11, 0x11, 0x16, 0xf6, 0x51, 0x01, 
    0x11, 0x01, 0x11, 0x15, 0x15, 0x11, 0x15, 0x15, 0x65, 0x55, 0x12, 0x55, 0x55, 0x55, 0x15, 0x55, 
    0x55, 0x55, 0x55, 0x55, 0x15, 0x65, 0x15, 0x55, 0x56, 0x56, 0xa5, 0x55, 0x55, 0x56, 0x50, 0x11, 
    0x05, 0x00, 0x00, 0x06, 0xb6, 0x66, 0x6a, 0x76, 0xbf, 0xa6, 0xba, 0x56, 0x6b, 0xaa, 0xb6, 0xab, 
    0x2a, 0x65, 0x69, 0x56, 0x16, 0x96, 0xa6, 0x64, 0x19, 0x00, 0x00, 0x00, 0x01, 0x56, 0x50, 0x00, 
    0x11, 0x01, 0x29, 0x00, 0x00, 0x00, 0x00, 0x00, 0x00, 0x01, 0x11, 0x11, 0x11, 0x1b, 0xbf, 0xb9, 
    0xa1, 0x15, 0x10, 0x01, 0x15, 0x10, 0x00, 0x00, 0x00, 0x00, 0x00, 0x00, 0x01, 0x01, 0x01, 0x01, 
    0x00, 0x00, 0x18, 0x00, 0x00, 0x01, 0x01, 0x01, 0x01, 0x01, 0x01, 0x01, 0x00, 0x00, 0x01, 0x01, 
    0x11, 0x01, 0x1a, 0x6b, 0x95, 0x01, 0x10, 0x01, 0x01, 0x01, 0x00, 0x05, 0x00, 0x00, 0x00, 0x11, 
    0x40, 0x07, 0xa5, 0x11, 0x11, 0x15, 0x15, 0x55, 0x11, 0x11, 0x15, 0x55, 0x55, 0x96, 0xbb, 0xbb, 
    0xaa, 0x6f, 0x55, 0x11, 0x55, 0x15, 0x1b, 0xa5, 0x6a, 0x6a, 0xab, 0xb5, 0x01, 0x00, 0x01, 0x00, 
    0x00, 0x11, 0x01, 0x11, 0x11, 0x11, 0x6a, 0xaa, 0x55, 0x15, 0x11, 0x51, 0x11, 0x00, 0x01, 0x00, 
    0x55, 0x55, 0xa9, 0x99, 0xaa, 0x95, 0x95, 0x55, 0x55, 0x55, 0x55, 0x55, 0x55, 0x55, 0x55, 0x55, 
    0x55, 0x55, 0x55, 0x55, 0x5b, 0xd5, 0x59, 0x44, 0x44, 0x45, 0x5a, 0x95, 0x55, 0x55, 0x55, 0x59, 
    0xae, 0xd5, 0x56, 0x55, 0x95, 0x55, 0x95, 0x55, 0x95, 0x95, 0x95, 0x95, 0x99, 0x95, 0x59, 0x95, 
    0x99, 0xab, 0xd9, 0x99, 0x99, 0x9e, 0x94, 0x44, 0x44, 0x59, 0x95, 0x95, 0x54, 0xaa, 0xaa, 0xad, 
    0xbf, 0xea, 0xae, 0xe5, 0xaa, 0xea, 0xe9, 0xea, 0x9a, 0x95, 0xad, 0xa5, 0x5a, 0xda, 0xe6, 0xa8, 
    0x59, 0x44, 0x45, 0x44, 0x44, 0x54, 0x40, 0x40, 0x54, 0x44, 0x55, 0x84, 0x40, 0x44, 0x44, 0x44, 
    0x44, 0x45, 0x84, 0x44, 0x48, 0x7f, 0xff, 0xfe, 0x55, 0x55, 0x44, 0x54, 0x54, 0x44, 0x44, 0x44, 
    0x40, 0x40, 0x40, 0x44, 0x44, 0x44, 0x44, 0x44, 0x40, 0x40, 0x48, 0x44, 0x44, 0x44, 0x44, 0x44, 
    0x44, 0x44, 0x44, 0x44, 0x44, 0x44, 0x44, 0x44, 0x54, 0x44, 0x4a, 0xaa, 0xd8, 0x44, 0x44, 0x44, 
    0x44, 0x44, 0x44, 0x45, 0x44, 0x44, 0x40, 0x44, 0x44, 0x4e, 0x95, 0x55, 0x55, 0x55, 0x55, 0x95, 
    0x55, 0x55, 0x55, 0x55, 0x55, 0x99, 0xef, 0xff, 0xae, 0xbf, 0x95, 0x54, 0x55, 0x58, 0x56, 0xfd, 
    0xae, 0xea, 0xee, 0xf8, 0x44, 0x44, 0x44, 0x40, 0x44, 0x44, 0x44, 0x44, 0x54, 0x55, 0xaa, 0xea, 
    0xa9, 0x59, 0x59, 0x99, 0x55, 0x44, 0x44, 0x44, 0x11, 0x16, 0x66, 0x66, 0xa9, 0x55, 0x55, 0x11, 
    0x11, 0x11, 0x11, 0x11, 0x51, 0x51, 0x11, 0x55, 0x55, 0x55, 0x11, 0x11, 0x6b, 0xe1, 0x11, 0x11, 
    0x51, 0x10, 0x11, 0x55, 0x11, 0x51, 0x51, 0x56, 0x6a, 0x55, 0x56, 0x55, 0x55, 0x55, 0x55, 0x55, 
    0x55, 0x55, 0x55, 0x55, 0x55, 0x55, 0x66, 0x55, 0x66, 0x6a, 0x55, 0x55, 0x65, 0x5a, 0x55, 0x10, 
    0x17, 0x50, 0x10, 0x11, 0x1a, 0x26, 0xa6, 0xaf, 0x7b, 0xea, 0xa6, 0xba, 0x66, 0xa6, 0xb6, 0xb6, 
    0x96, 0x61, 0x69, 0x65, 0x66, 0xaa, 0xa2, 0x68, 0x25, 0x11, 0x15, 0x00, 0x00, 0x00, 0x50, 0x10, 
    0x11, 0x01, 0x10, 0x01, 0x10, 0x01, 0x00, 0x00, 0x00, 0x14, 0x06, 0x11, 0x15, 0xba, 0x7b, 0xfa, 
    0x11, 0x51, 0x11, 0x11, 0x10, 0x10, 0x11, 0x11, 0x00, 0x00, 0x00, 0x11, 0x11, 0x10, 0x00, 0x00, 
    0x10, 0x00, 0x00, 0x00, 0x00, 0x00, 0x00, 0x00, 0x00, 0x11, 0x10, 0x11, 0x11, 0x11, 0x11, 0x11, 
    0x11, 0x51, 0x2a, 0x6a, 0x95, 0x11, 0x10, 0x11, 0x11, 0x11, 0x10, 0x01, 0x00, 0x11, 0x00, 0x01, 
    0x10, 0x15, 0x11, 0x01, 0x51, 0x51, 0x51, 0x51, 0x11, 0x51, 0x65, 0x51, 0x55, 0x56, 0xeb, 0xfb, 
    0xba, 0xbe, 0x55, 0x10, 0x55, 0x64, 0x55, 0xba, 0x6b, 0xa7, 0xbb, 0xb9, 0x11, 0x10, 0x00, 0x00, 
    0x11, 0x10, 0x11, 0x11, 0x11, 0x11, 0x6a, 0xaa, 0xa9, 0x16, 0x66, 0x66, 0x51, 0x00, 0x11, 0x10, 
    0x45, 0x6a, 0x99, 0x9a, 0xa9, 0x55, 0x55, 0x55, 0x55, 0x45, 0x55, 0x55, 0x55, 0x55, 0x55, 0x55, 
    0x55, 0x55, 0x55, 0x45, 0xaf, 0xd5, 0x55, 0x55, 0x59, 0x44, 0x44, 0x44, 0x44, 0x45, 0x55, 0x5a, 
    0x99, 0x55, 0x59, 0x55, 0x55, 0x95, 0x55, 0x55, 0x55, 0x55, 0x59, 0x59, 0x59, 0x95, 0x5a, 0x9a, 
    0xa9, 0xad, 0x59, 0x59, 0x99, 0x9d, 0x54, 0x05, 0x69, 0x44, 0x44, 0x44, 0x4e, 0x6a, 0xaa, 0xaf, 
    0xae, 0xea, 0xa9, 0xa9, 0xaa, 0xd9, 0xa9, 0xaa, 0x9a, 0x99, 0x59, 0x59, 0xaa, 0xaa, 0x9a, 0xa9, 
    0x99, 0x55, 0xa8, 0x00, 0x04, 0x04, 0x19, 0x04, 0x05, 0x54, 0x44, 0x44, 0x04, 0x00, 0x54, 0x04, 
    0x04, 0x40, 0x09, 0x44, 0x46, 0xfd, 0x1f, 0xf9, 0x55, 0x44, 0x44, 0x00, 0x04, 0x04, 0x04, 0x44, 
    0x44, 0x44, 0x04, 0x44, 0x44, 0x44, 0x04, 0x04, 0x44, 0x04, 0x44, 0x44, 0x04, 0x04, 0x00, 0x44, 
    0x44, 0x44, 0x44, 0x44, 0x44, 0x44, 0x44, 0x44, 0x44, 0x54, 0x6e, 0xae, 0xdc, 0x44, 0x44, 0x44, 
    0x44, 0x44, 0x44, 0x44, 0x44, 0x04, 0x44, 0x04, 0x44, 0x44, 0x04, 0x44, 0x55, 0x55, 0x55, 0x55, 
    0x45, 0x55, 0x59, 0x55, 0x59, 0x5a, 0xde, 0xef, 0xed, 0xed, 0x95, 0x44, 0x55, 0x94, 0x59, 0x6e, 
    0xda, 0xea, 0xee, 0xed, 0x44, 0x44, 0x04, 0x04, 0x44, 0x44, 0x44, 0x44, 0x55, 0x45, 0x5a, 0xaa, 
    0xaa, 0x45, 0x99, 0x59, 0x54, 0x44, 0x44, 0x44, 0x12, 0x56, 0x66, 0x6a, 0x55, 0x55, 0x51, 0x11, 
    0x11, 0x15, 0x11, 0x11, 0x11, 0x11, 0x11, 0x15, 0x15, 0x11, 0x11, 0x11, 0x7f, 0x95, 0x55, 0x55, 
    0x15, 0x15, 0x15, 0x11, 0x11, 0x11, 0x15, 0x66, 0x65, 0x55, 0x59, 0x15, 0x15, 0x55, 0x55, 0x56, 
    0x55, 0x55, 0x55, 0x55, 0x55, 0x55, 0x56, 0x56, 0x66, 0x75, 0x55, 0x55, 0x56, 0x55, 0x15, 0x01, 
    0x61, 0x01, 0x11, 0x00, 0x1a, 0x66, 0x6a, 0xab, 0x9b, 0xaa, 0x6a, 0x6a, 0x69, 0x65, 0x75, 0x76, 
    0xa6, 0x62, 0x69, 0x56, 0x66, 0x6a, 0x56, 0x6a, 0x55, 0x15, 0x15, 0x00, 0x00, 0x00, 0x15, 0x00, 
    0x01, 0x10, 0x00, 0x00, 0x00, 0x06, 0x6a, 0x00, 0x11, 0x00, 0x05, 0x11, 0x1b, 0xb5, 0xbf, 0x95, 
    0x11, 0x00, 0x00, 0x00, 0x00, 0x00, 0x00, 0x01, 0x01, 0xa9, 0x00, 0x00, 0x00, 0x00, 0x00, 0x00, 
    0x00, 0x00, 0x01, 0x00, 0x00, 0x00, 0x01, 0x01, 0x01, 0x11, 0x11, 0x01, 0x01, 0x01, 0x11, 0x01, 
    0x01, 0x01, 0x3b, 0x6a, 0xa9, 0x11, 0x01, 0x01, 0x01, 0x11, 0x00, 0x00, 0x00, 0x01, 0x00, 0x00, 
    0x01, 0x10, 0x01, 0x00, 0x15, 0x56, 0x55, 0x11, 0x11, 0x15, 0x55, 0x55, 0x15, 0x57, 0xab, 0xab, 
    0xba, 0xb9, 0x51, 0x01, 0x16, 0x51, 0x55, 0x5b, 0xab, 0xaa, 0xab, 0xba, 0x11, 0x00, 0x00, 0x00, 
    0x01, 0x01, 0x11, 0x11, 0x11, 0x11, 0x1a, 0xa6, 0xaa, 0x12, 0x65, 0x65, 0x11, 0x01, 0x11, 0x00, 
    0x59, 0xaa, 0xa9, 0xa9, 0x99, 0x95, 0x55, 0x55, 0x99, 0x55, 0x55, 0x55, 0x55, 0x55, 0x55, 0x55, 
    0x55, 0x55, 0x55, 0x55, 0xef, 0xd5, 0x55, 0x95, 0x55, 0x55, 0x95, 0x55, 0x55, 0x55, 0x59, 0xa9, 
    0xa5, 0x55, 0x59, 0x55, 0x55, 0x9a, 0x99, 0x55, 0x95, 0x95, 0x95, 0x95, 0x99, 0x95, 0xaa, 0x9a, 
    0xa9, 0xa9, 0x99, 0x99, 0x99, 0x99, 0x55, 0x40, 0x94, 0x64, 0x45, 0x44, 0x5a, 0xaa, 0xaa, 0xeb, 
    0xeb, 0xee, 0xaa, 0xaa, 0xaa, 0x99, 0xb9, 0xb9, 0xe9, 0xa9, 0xa9, 0x96, 0xa5, 0xaa, 0x9a, 0xa9, 
    0x95, 0x40, 0x56, 0x94, 0x44, 0x40, 0x40, 0x40, 0x44, 0x54, 0x44, 0x40, 0x44, 0x55, 0x45, 0x84, 
    0x44, 0x44, 0x44, 0x55, 0xff, 0xfe, 0xfe, 0x55, 0x44, 0x44, 0x44, 0x44, 0x40, 0x40, 0x40, 0x40, 
    0x44, 0x54, 0x44, 0x44, 0x44, 0x40, 0x44, 0x44, 0x40, 0x44, 0x44, 0x44, 0x40, 0x44, 0x44, 0x44, 
    0x44, 0x44, 0x54, 0x44, 0x44, 0x44, 0x44, 0x44, 0x44, 0x48, 0x6a, 0xae, 0xec, 0x54, 0x44, 0x44, 
    0x44, 0x44, 0x44, 0x44, 0x44, 0x44, 0x40, 0x40, 0x44, 0x44, 0x44, 0x44, 0x55, 0x55, 0x99, 0x55, 
    0x55, 0x55, 0x55, 0x55, 0x95, 0x99, 0x9a, 0xbb, 0xfa, 0xf5, 0x54, 0x54, 0x55, 0x85, 0x99, 0x96, 
    0xee, 0xea, 0xea, 0xfe, 0x54, 0x44, 0x40, 0x44, 0x44, 0x44, 0x44, 0x54, 0x54, 0x55, 0x5a, 0xaa, 
    0xaa, 0x95, 0xa8, 0x99, 0x94, 0x44, 0x54, 0xa4, 0x66, 0xa6, 0xa6, 0xa5, 0x55, 0x55, 0x51, 0x55, 
    0x55, 0x11, 0x55, 0x51, 0x51, 0x11, 0x51, 0x55, 0x55, 0x51, 0x11, 0x12, 0xaa, 0x51, 0x55, 0x55, 
    0x55, 0x55, 0x51, 0x51, 0x51, 0x51, 0x56, 0x66, 0x61, 0x55, 0x69, 0x55, 0x51, 0x56, 0x55, 0x55, 
    0x55, 0x55, 0x55, 0x55, 0x65, 0x56, 0x66, 0x66, 0x65, 0xa5, 0x55, 0x55, 0x65, 0x66, 0x51, 0x01, 
    0x51, 0x50, 0x01, 0x11, 0x16, 0x66, 0xaa, 0xa7, 0x6b, 0xaa, 0xaa, 0x66, 0xa6, 0x59, 0x75, 0x75, 
    0xa6, 0xa5, 0x65, 0x56, 0x61, 0x66, 0x66, 0x59, 0x55, 0x00, 0x71, 0x6a, 0x10, 0x10, 0x00, 0x00, 
    0x00, 0x10, 0x10, 0x00, 0x00, 0x10, 0x10, 0x20, 0x10, 0x11, 0x11, 0x12, 0xfb, 0xbb, 0xf9, 0x10, 
    0x00, 0x00, 0x11, 0x00, 0x00, 0x00, 0x00, 0x00, 0x01, 0x15, 0x10, 0x10, 0x00, 0x00, 0x00, 0x00, 
    0x00, 0x10, 0x10, 0x00, 0x01, 0x10, 0x11, 0x11, 0x11, 0x11, 0x11, 0x11, 0x10, 0x11, 0x11, 0x11, 
    0x11, 0x15, 0x16, 0xaa, 0x99, 0x11, 0x10, 0x11, 0x10, 0x11, 0x10, 0x10, 0x50, 0x11, 0x00, 0x00, 
    0x01, 0x11, 0x00, 0x10, 0x15, 0x55, 0x55, 0x51, 0x11, 0x11, 0x55, 0x55, 0x55, 0x55, 0x65, 0xa6, 
    0xbb, 0xa1, 0x51, 0x11, 0x16, 0x55, 0x55, 0x55, 0xbb, 0xba, 0xaa, 0xbb, 0x51, 0x01, 0x10, 0x00, 
    0x00, 0x11, 0x11, 0x11, 0x11, 0x11, 0x16, 0x66, 0xaa, 0x51, 0x65, 0x56, 0x50, 0x11, 0x10, 0x11, 
    0x9a, 0xaa, 0x9a, 0x99, 0x59, 0x55, 0x59, 0x55, 0x55, 0x55, 0x55, 0x55, 0x55, 0x55, 0x55, 0x55, 
    0x55, 0x55, 0x55, 0x5a, 0xa9, 0x55, 0x55, 0x55, 0x55, 0x55, 0x55, 0x55, 0x55, 0x55, 0x5a, 0x9a, 
    0x95, 0x55, 0x69, 0x55, 0x55, 0x59, 0x55, 0x55, 0x55, 0x59, 0x55, 0x55, 0x95, 0x5a, 0xaa, 0x99, 
    0x59, 0xe9, 0x99, 0x99, 0x99, 0x95, 0x9a, 0x96, 0x44, 0x44, 0x45, 0x45, 0x9a, 0x9a, 0xaa, 0xa9, 
    0xdb, 0xee, 0xee, 0x6a, 0x9a, 0xaa, 0xa9, 0x69, 0x9a, 0xa9, 0x69, 0x5a, 0x95, 0x59, 0x9a, 0x69, 
    0x98, 0x05, 0xa8, 0x55, 0x44, 0x44, 0x44, 0x04, 0x04, 0x45, 0x44, 0x44, 0x04, 0x04, 0x44, 0x44, 
    0x44, 0x04, 0x45, 0x47, 0xff, 0xd6, 0xe4, 0x44, 0x04, 0x04, 0x44, 0x04, 0x04, 0x04, 0x04, 0x00, 
    0x1a, 0x44, 0x44, 0x04, 0x04, 0x04, 0x04, 0x04, 0x44, 0x00, 0x04, 0x44, 0x44, 0x44, 0x44, 0x44, 
    0x44, 0x54, 0x54, 0x44, 0x44, 0x44, 0x44, 0x44, 0x44, 0x44, 0x4a, 0xae, 0xdd, 0x44, 0x44, 0x44, 
    0x44, 0x44, 0x44, 0x44, 0x44, 0x44, 0x00, 0x04, 0x44, 0x44, 0x04, 0x44, 0x19, 0x55, 0x59, 0x55, 
    0x55, 0x55, 0x55, 0x55, 0x59, 0x99, 0x99, 0xda, 0xaf, 0xe9, 0x54, 0x54, 0x45, 0x59, 0x59, 0x55, 
    0x6e, 0xee, 0xee, 0xee, 0x84, 0x44, 0x04, 0x04, 0x44, 0x44, 0x44, 0x44, 0x45, 0x45, 0x59, 0xaa, 
    0xaa, 0x95, 0x59, 0x59, 0x44, 0x04, 0x44, 0x45, 0x66, 0xa5, 0x55, 0x55, 0x55, 0x51, 0x15, 0x11, 
    0x11, 0x15, 0x55, 0x15, 0x11, 0x15, 0x15, 0x15, 0x15, 0x15, 0x51, 0x25, 0xa5, 0x11, 0x15, 0x55, 
    0x55, 0x55, 0x15, 0x15, 0x11, 0x15, 0x15, 0x65, 0x15, 0x15, 0x65, 0x55, 0x15, 0x15, 0x15, 0x55, 
    0x55, 0x55, 0x15, 0x56, 0x55, 0x66, 0x66, 0x65, 0x56, 0xa5, 0x55, 0x55, 0x55, 0x59, 0x56, 0x55, 
    0x05, 0x01, 0x15, 0x01, 0x66, 0x66, 0xaa, 0xa5, 0x77, 0xa6, 0xaa, 0x6a, 0x66, 0x56, 0xa5, 0x55, 
    0x56, 0x65, 0x65, 0x56, 0x95, 0x55, 0x66, 0x69, 0x55, 0x00, 0x10, 0x11, 0x40, 0x10, 0x00, 0x01, 
    0x10, 0x01, 0x10, 0x00, 0x00, 0x00, 0x7a, 0x00, 0x00, 0x00, 0x11, 0x17, 0xfb, 0x97, 0x91, 0x10, 
    0x00, 0x11, 0x00, 0x11, 0x00, 0x00, 0x00, 0x00, 0x02, 0x40, 0x00, 0x00, 0x00, 0x00, 0x00, 0x00, 
    0x00, 0x11, 0x01, 0x01, 0x01, 0x00, 0x01, 0x01, 0x11, 0x11, 0x11, 0x11, 0x00, 0x00, 0x01, 0x01, 
    0x01, 0x11, 0x07, 0x6a, 0x99, 0x01, 0x01, 0x01, 0x01, 0x01, 0x00, 0x00, 0x00, 0x00, 0x00, 0x00, 
    0x01, 0x01, 0x00, 0x11, 0x15, 0x69, 0x11, 0x11, 0x11, 0x11, 0x15, 0x11, 0x55, 0x55, 0x57, 0x5b, 
    0x6f, 0xaa, 0x11, 0x51, 0x11, 0x25, 0x55, 0x55, 0x5a, 0xbb, 0xba, 0xbb, 0x91, 0x00, 0x00, 0x01, 
    0x01, 0x01, 0x01, 0x11, 0x11, 0x15, 0x16, 0x6a, 0x6a, 0x51, 0x6a, 0x56, 0x00, 0x01, 0x00, 0x11, 
    0xaa, 0xe5, 0x95, 0x59, 0x99, 0x55, 0x55, 0x55, 0x55, 0x55, 0x95, 0x55, 0x55, 0x55, 0x55, 0x55, 
    0x55, 0x55, 0x55, 0xa9, 0x55, 0x55, 0x55, 0x95, 0x55, 0x55, 0x55, 0x55, 0x55, 0x55, 0x55, 0x95, 
    0x55, 0x55, 0xa9, 0x55, 0x55, 0x55, 0x55, 0x95, 0x99, 0x95, 0x95, 0x99, 0x95, 0xaa, 0xaa, 0xa9, 
    0x9a, 0xd9, 0x99, 0x99, 0x99, 0xac, 0x5a, 0xe4, 0x45, 0x5d, 0x59, 0x4a, 0xaa, 0xaa, 0xaa, 0xed, 
    0x6b, 0xea, 0xea, 0xa9, 0xaa, 0x95, 0xa5, 0x99, 0x9a, 0x99, 0xe5, 0x56, 0xd5, 0x95, 0x96, 0xd9, 
    0x55, 0x44, 0x94, 0x45, 0x54, 0x48, 0x40, 0x44, 0x54, 0x44, 0x54, 0x40, 0x40, 0x40, 0x5e, 0x44, 
    0x45, 0x44, 0x44, 0x4f, 0xff, 0xef, 0xd4, 0x54, 0x44, 0x40, 0x44, 0x54, 0x40, 0x40, 0x40, 0x44, 
    0x44, 0x40, 0x40, 0x40, 0x40, 0x40, 0x44, 0x44, 0x44, 0x54, 0x44, 0x40, 0x44, 0x44, 0x44, 0x44, 
    0x54, 0x54, 0x44, 0x44, 0x44, 0x44, 0x44, 0x44, 0x44, 0x44, 0x46, 0xae, 0xdd, 0x44, 0x44, 0x44, 
    0x44, 0x44, 0x44, 0x44, 0x44, 0x44, 0x40, 0x40, 0x45, 0x45, 0x40, 0x44, 0x49, 0x95, 0x55, 0x55, 
    0x55, 0x55, 0x95, 0x55, 0x55, 0x95, 0x9a, 0x9e, 0xbf, 0xaa, 0x95, 0x94, 0x54, 0x59, 0x95, 0x95, 
    0x56, 0xee, 0xfe, 0xae, 0xd4, 0x44, 0x44, 0x44, 0x44, 0x44, 0x44, 0x44, 0x55, 0x55, 0x55, 0xaa, 
    0xaa, 0x95, 0xa9, 0x54, 0x44, 0x45, 0x84, 0x54, 0x6a, 0x55, 0x51, 0x15, 0x55, 0x11, 0x11, 0x11, 
    0x11, 0x55, 0x65, 0x51, 0x11, 0x55, 0x51, 0x55, 0x55, 0x51, 0x51, 0xa5, 0x51, 0x51, 0x55, 0x55, 
    0x55, 0x55, 0x51, 0x51, 0x51, 0x51, 0x51, 0x55, 0x55, 0x55, 0xa5, 0x55, 0x51, 0x55, 0x55, 0x55, 
    0x55, 0x55, 0x56, 0x66, 0x51, 0x66, 0x66, 0x65, 0x56, 0x95, 0x55, 0x55, 0x65, 0x64, 0x16, 0x11, 
    0x01, 0x29, 0x01, 0x66, 0x55, 0x6a, 0xaa, 0x66, 0x2b, 0xe6, 0xaa, 0x66, 0x66, 0xa5, 0x65, 0x55, 
    0x56, 0x56, 0xa5, 0x66, 0x95, 0x55, 0x67, 0x59, 0x51, 0x46, 0x50, 0x15, 0x19, 0x00, 0x00, 0x15, 
    0x11, 0x00, 0x01, 0x10, 0x00, 0x00, 0x17, 0xa0, 0x06, 0x00, 0x10, 0x16, 0xba, 0xbb, 0xb1, 0x10, 
    0x10, 0x01, 0x51, 0x10, 0x00, 0x00, 0x00, 0x00, 0x10, 0x00, 0x00, 0x00, 0x00, 0x00, 0x10, 0x11, 
    0x11, 0x10, 0x10, 0x00, 0x10, 0x00, 0x10, 0x00, 0x11, 0x11, 0x10, 0x00, 0x00, 0x10, 0x11, 0x11, 
    0x11, 0x11, 0x52, 0xaa, 0x99, 0x11, 0x11, 0x10, 0x10, 0x10, 0x10, 0x00, 0x14, 0x10, 0x00, 0x00, 
    0x01, 0x15, 0x00, 0x00, 0x11, 0x56, 0x51, 0x11, 0x11, 0x51, 0x55, 0x55, 0x51, 0x55, 0x5a, 0x65, 
    0xbe, 0x69, 0x65, 0x50, 0x10, 0x65, 0x55, 0x55, 0x55, 0xab, 0xbb, 0x6b, 0xa0, 0x10, 0x00, 0x10, 
    0x10, 0x10, 0x11, 0x11, 0x11, 0x15, 0x11, 0x6a, 0xa6, 0x91, 0x65, 0x10, 0x00, 0x11, 0x10, 0x11, 
    0xa9, 0x55, 0x45, 0x59, 0x99, 0x45, 0x55, 0x45, 0x55, 0x55, 0xa9, 0x55, 0x55, 0x55, 0x55, 0x55, 
    0x55, 0x55, 0x5a, 0x95, 0x55, 0x55, 0x55, 0x55, 0x55, 0x55, 0x55, 0x55, 0x55, 0x55, 0x55, 0x55, 
    0x55, 0x55, 0xa9, 0x55, 0x55, 0x55, 0x55, 0x59, 0x59, 0x55, 0x5a, 0xa9, 0x55, 0x59, 0x9a, 0x59, 
    0x9a, 0x99, 0x99, 0x99, 0xa9, 0x49, 0x45, 0x44, 0x48, 0x4d, 0x44, 0x46, 0x95, 0x5e, 0xaf, 0xfe, 
    0x9a, 0xfa, 0xa9, 0xaa, 0x9a, 0xa9, 0x58, 0x59, 0x5a, 0x99, 0xd9, 0x59, 0xd5, 0x55, 0x9a, 0x59, 
    0x55, 0x55, 0x85, 0x94, 0x45, 0x84, 0x84, 0x04, 0x09, 0x44, 0x04, 0x44, 0x44, 0x44, 0x04, 0xaa, 
    0xa8, 0x04, 0x04, 0x44, 0x44, 0xef, 0xe5, 0x40, 0x44, 0x05, 0x44, 0x44, 0x04, 0x04, 0x04, 0x44, 
    0x44, 0x00, 0x00, 0x00, 0x04, 0x04, 0x44, 0x44, 0x44, 0x04, 0x44, 0x04, 0x04, 0x44, 0x04, 0x44, 
    0x44, 0x49, 0x44, 0x04, 0x44, 0x44, 0x44, 0x44, 0x44, 0x44, 0x46, 0xae, 0xdd, 0x44, 0x44, 0x44, 
    0x44, 0x44, 0x44, 0x45, 0x94, 0x44, 0x44, 0x00, 0x04, 0x4a, 0x44, 0x04, 0x45, 0x55, 0x55, 0x55, 
    0x55, 0x55, 0x55, 0x55, 0x55, 0x55, 0x5d, 0x99, 0xbd, 0x5a, 0x9a, 0x94, 0x45, 0x59, 0x55, 0x55, 
    0x55, 0x6f, 0xee, 0xde, 0xd4, 0x44, 0x04, 0x44, 0x44, 0x44, 0x44, 0x44, 0x45, 0x45, 0x55, 0x9a, 
    0xa9, 0x55, 0x59, 0x44, 0x44, 0x44, 0x44, 0x54, 0x65, 0x11, 0x11, 0x55, 0x55, 0x55, 0x55, 0x11, 
    0x15, 0x55, 0x66, 0x55, 0x11, 0x15, 0x55, 0x15, 0x11, 0x11, 0x16, 0x51, 0x11, 0x11, 0x15, 0x15, 
    0x55, 0x55, 0x15, 0x11, 0x11, 0x11, 0x51, 0x55, 0x15, 0x56, 0xa5, 0x15, 0x15, 0x15, 0x55, 0x56, 
    0x65, 0x55, 0x56, 0x56, 0x15, 0x15, 0x66, 0x66, 0x56, 0x55, 0x55, 0x56, 0x95, 0x51, 0x11, 0x11, 
    0x55, 0x07, 0x41, 0x12, 0x66, 0x56, 0xa6, 0xbb, 0xba, 0x76, 0xa9, 0x66, 0x56, 0x65, 0x54, 0x15, 
    0x56, 0x55, 0xa5, 0x56, 0x95, 0x11, 0x59, 0x65, 0x15, 0x19, 0x16, 0x50, 0x12, 0x20, 0x10, 0x05, 
    0x11, 0x00, 0x01, 0x01, 0x01, 0x10, 0x00, 0x01, 0x10, 0x00, 0x01, 0x01, 0x02, 0xbb, 0xb5, 0x01, 
    0x00, 0x11, 0x00, 0x00, 0x00, 0x00, 0x01, 0x00, 0x00, 0x00, 0x00, 0x00, 0x00, 0x00, 0x01, 0x00, 
    0x01, 0x11, 0x00, 0x01, 0x10, 0x12, 0x10, 0x00, 0x00, 0x11, 0x00, 0x00, 0x01, 0x01, 0x01, 0x01, 
    0x01, 0x01, 0x12, 0x6b, 0x95, 0x01, 0x01, 0x01, 0x01, 0x00, 0x00, 0x1a, 0x01, 0x21, 0x01, 0x00, 
    0x00, 0x06, 0x40, 0x01, 0x11, 0x15, 0x15, 0x17, 0x55, 0x15, 0x55, 0x55, 0x55, 0x55, 0x75, 0x56, 
    0x75, 0x11, 0x66, 0x51, 0x11, 0x56, 0x55, 0x15, 0x55, 0x5b, 0xbb, 0xaa, 0xa1, 0x00, 0x00, 0x00, 
    0x01, 0x01, 0x11, 0x11, 0x11, 0x11, 0x11, 0x51, 0x15, 0x65, 0x15, 0x51, 0x01, 0x00, 0x11, 0x11, 
    0x95, 0x54, 0x55, 0x99, 0x99, 0x99, 0x55, 0x55, 0x55, 0x59, 0xa9, 0x95, 0x55, 0x55, 0x55, 0x55, 
    0x55, 0x55, 0x6a, 0x95, 0x55, 0x55, 0x55, 0x55, 0x55, 0x55, 0x55, 0x55, 0x55, 0x55, 0x95, 0x55, 
    0x55, 0x5a, 0xe5, 0x55, 0x55, 0x55, 0x55, 0x55, 0xa9, 0x95, 0xa9, 0x9a, 0x95, 0x55, 0xaa, 0xa9, 
    0x9a, 0x99, 0x99, 0x9a, 0x99, 0x94, 0x55, 0x55, 0x64, 0x46, 0x40, 0x45, 0xa9, 0xaa, 0xae, 0xaa, 
    0xea, 0xe5, 0xa9, 0xa9, 0x95, 0xa9, 0x55, 0x55, 0x55, 0x96, 0xd9, 0x59, 0x95, 0x55, 0xa9, 0xa5, 
    0x59, 0x59, 0x95, 0x50, 0x45, 0xde, 0x84, 0x40, 0x44, 0x44, 0x44, 0x40, 0x54, 0x44, 0x44, 0x44, 
    0x49, 0x44, 0x44, 0x44, 0x4b, 0xfe, 0xf8, 0x44, 0x44, 0x54, 0x40, 0x44, 0x40, 0x44, 0x44, 0x40, 
    0x40, 0x40, 0x40, 0x40, 0x44, 0x44, 0x44, 0x40, 0x44, 0x44, 0x40, 0x44, 0x44, 0x45, 0x55, 0x40, 
    0x44, 0x44, 0x44, 0x44, 0x44, 0x44, 0x44, 0x44, 0x44, 0x44, 0x46, 0xae, 0xd8, 0x44, 0x44, 0x44, 
    0x44, 0x44, 0x44, 0x44, 0xea, 0x94, 0x44, 0x44, 0x45, 0x48, 0x44, 0x44, 0x44, 0x55, 0x55, 0x55, 
    0x55, 0x55, 0x55, 0x55, 0x95, 0x99, 0xa5, 0x9a, 0xa5, 0x54, 0x69, 0x94, 0x45, 0x95, 0xd5, 0x55, 
    0x55, 0x96, 0xfe, 0xe9, 0xe4, 0x40, 0x44, 0x44, 0x44, 0x44, 0x54, 0x44, 0x54, 0x55, 0x55, 0xa9, 
    0x95, 0xa9, 0x59, 0x9a, 0x94, 0x44, 0x44, 0x55, 0x51, 0x11, 0x11, 0x15, 0x55, 0x51, 0x11, 0x51, 
    0x55, 0x55, 0x6a, 0x65, 0x15, 0x55, 0x55, 0x55, 0x51, 0x11, 0x6a, 0x11, 0x11, 0x11, 0x51, 0x55, 
    0x55, 0x51, 0x55, 0x51, 0x51, 0x51, 0x51, 0x51, 0x51, 0x56, 0xa5, 0x51, 0x55, 0x55, 0x55, 0x56, 
    0x66, 0x66, 0x66, 0x66, 0x65, 0x66, 0x66, 0x65, 0x66, 0x55, 0x55, 0x66, 0x66, 0x51, 0x10, 0x15, 
    0x54, 0x12, 0x51, 0x11, 0x65, 0x26, 0x6b, 0xa6, 0xba, 0x6a, 0x6a, 0x6a, 0x65, 0x56, 0x51, 0x55, 
    0x55, 0x52, 0x55, 0x25, 0x51, 0x51, 0xa5, 0x65, 0x15, 0x16, 0x55, 0x50, 0x00, 0x56, 0x10, 0x10, 
    0x00, 0x10, 0x00, 0x01, 0x11, 0x10, 0x10, 0x10, 0x10, 0x11, 0x10, 0x01, 0x1b, 0xbb, 0xb5, 0x11, 
    0x11, 0x10, 0x00, 0x00, 0x00, 0x11, 0x00, 0x00, 0x00, 0x00, 0x00, 0x00, 0x00, 0x10, 0x00, 0x00, 
    0x11, 0x00, 0x00, 0x00, 0x10, 0x11, 0x55, 0x65, 0x10, 0x11, 0x11, 0x10, 0x10, 0x10, 0x00, 0x00, 
    0x11, 0x11, 0x12, 0xaa, 0x95, 0x00, 0x10, 0x10, 0x10, 0x00, 0x11, 0x11, 0x51, 0x11, 0x11, 0x11, 
    0x11, 0x01, 0x50, 0x11, 0x11, 0x11, 0x51, 0x11, 0x51, 0x55, 0x55, 0x55, 0x55, 0x55, 0xa5, 0x5a, 
    0x91, 0x11, 0x56, 0x59, 0x15, 0x55, 0x65, 0x55, 0x55, 0x55, 0xab, 0xa1, 0xb5, 0x00, 0x00, 0x00, 
    0x00, 0x00, 0x11, 0x11, 0x11, 0x11, 0x11, 0x66, 0x66, 0x65, 0x11, 0x26, 0x65, 0x10, 0x11, 0x11, 
    0x55, 0x45, 0x45, 0x59, 0x99, 0x45, 0x55, 0x55, 0x55, 0x59, 0xaf, 0xef, 0x99, 0x55, 0x55, 0x55, 
    0x55, 0x45, 0xad, 0x55, 0x55, 0x55, 0x55, 0x55, 0x55, 0x55, 0x55, 0x55, 0x55, 0x55, 0x55, 0x55, 
    0x55, 0x5a, 0x99, 0x55, 0x55, 0x55, 0x55, 0x5a, 0x9a, 0x99, 0x5a, 0x9a, 0x9a, 0x9a, 0xaa, 0x99, 
    0x9d, 0x99, 0x99, 0x99, 0x99, 0x85, 0x44, 0x5a, 0x49, 0x55, 0x99, 0x45, 0x99, 0x59, 0xaa, 0xea, 
    0xaf, 0xae, 0x9a, 0x9d, 0x95, 0x95, 0x95, 0x55, 0x55, 0x6a, 0x99, 0x59, 0x54, 0x56, 0x95, 0x95, 
    0x55, 0x95, 0x55, 0x59, 0x44, 0x04, 0x44, 0x44, 0x40, 0x04, 0x44, 0x44, 0xa4, 0x45, 0x44, 0x44, 
    0x04, 0x44, 0x44, 0x04, 0xaa, 0x9e, 0xe8, 0x55, 0x55, 0x44, 0x00, 0x40, 0x04, 0x44, 0x00, 0x00, 
    0x00, 0x00, 0x04, 0x00, 0x04, 0x44, 0x00, 0x04, 0x44, 0x04, 0x00, 0x04, 0x04, 0x18, 0x49, 0x5f, 
    0x44, 0x45, 0x44, 0x44, 0x44, 0x44, 0x44, 0x44, 0x44, 0x44, 0x06, 0xae, 0xc4, 0x44, 0x44, 0x44, 
    0x44, 0x44, 0x45, 0x44, 0x44, 0x44, 0x44, 0x44, 0x44, 0x44, 0x94, 0x44, 0x44, 0x49, 0x55, 0x55, 
    0x45, 0x55, 0x55, 0x59, 0x55, 0x5a, 0x99, 0x6e, 0x84, 0x44, 0x59, 0x9a, 0x55, 0x55, 0x99, 0x55, 
    0x55, 0x55, 0x5e, 0xd5, 0xac, 0x04, 0x04, 0x44, 0x44, 0x44, 0x44, 0x44, 0x45, 0x44, 0x45, 0x9a, 
    0x9a, 0x98, 0x44, 0x59, 0x5a, 0x44, 0x44, 0x45, 0x51, 0x11, 0x11, 0x15, 0x55, 0x11, 0x15, 0x55, 
    0x55, 0x56, 0xbf, 0xbf, 0xbf, 0xa5, 0x15, 0x55, 0x11, 0x16, 0xa5, 0x11, 0x11, 0x11, 0x11, 0x15, 
    0x11, 0x15, 0x15, 0x15, 0x15, 0x15, 0x11, 0x15, 0x15, 0x17, 0x55, 0x15, 0x15, 0x15, 0x15, 0x55, 
    0x66, 0x55, 0x55, 0x56, 0x66, 0x66, 0x66, 0x55, 0x69, 0x55, 0x55, 0x56, 0x56, 0x11, 0x11, 0x19, 
    0x55, 0x11, 0x55, 0x11, 0x55, 0x15, 0x6a, 0x7a, 0x66, 0xab, 0xa6, 0x59, 0x65, 0x55, 0x55, 0x15, 
    0x15, 0x15, 0x55, 0x15, 0x51, 0x56, 0x55, 0x55, 0x16, 0x55, 0x51, 0x55, 0x10, 0x00, 0x00, 0x10, 
    0x00, 0x01, 0x01, 0x02, 0xb9, 0x01, 0x11, 0x00, 0x00, 0x11, 0x10, 0x1b, 0xaa, 0xaa, 0xa4, 0x11, 
    0x11, 0x00, 0x00, 0x00, 0x11, 0x00, 0x00, 0x00, 0x00, 0x00, 0x00, 0x00, 0x00, 0x00, 0x00, 0x01, 
    0x00, 0x00, 0x00, 0x00, 0x01, 0x15, 0x05, 0x2f, 0x91, 0x01, 0x11, 0x11, 0x11, 0x11, 0x00, 0x00, 
    0x00, 0x00, 0x02, 0x6a, 0x90, 0x00, 0x00, 0x00, 0x01, 0x01, 0x11, 0x00, 0x01, 0x01, 0x11, 0x11, 
    0x11, 0x00, 0x11, 0x01, 0x11, 0x05, 0x55, 0x11, 0x11, 0x11, 0x55, 0x55, 0x55, 0x57, 0x55, 0x3a, 
    0x11, 0x11, 0x55, 0x2a, 0x95, 0x55, 0x55, 0x55, 0x55, 0x15, 0x07, 0xa5, 0x7a, 0x00, 0x01, 0x01, 
    0x00, 0x01, 0x11, 0x11, 0x11, 0x15, 0x11, 0x66, 0x56, 0x65, 0x10, 0x16, 0x55, 0x00, 0x11, 0x12, 
    0x54, 0x54, 0x55, 0x95, 0x55, 0x55, 0x55, 0x95, 0x95, 0xaf, 0xff, 0xff, 0xff, 0xff, 0xe5, 0x55, 
    0x55, 0xae, 0xd5, 0x55, 0x55, 0x55, 0x55, 0x55, 0x55, 0x55, 0x55, 0x55, 0x55, 0x55, 0x55, 0x55, 
    0x55, 0x5b, 0x99, 0x55, 0x55, 0x55, 0x55, 0x99, 0x59, 0x95, 0x55, 0x55, 0xa9, 0xaa, 0xa9, 0x99, 
    0xa9, 0x99, 0x99, 0x99, 0x99, 0x54, 0x54, 0x65, 0x44, 0x55, 0x98, 0x44, 0x94, 0x5a, 0x9a, 0xae, 
    0xaa, 0xaa, 0xfa, 0x99, 0x95, 0x55, 0x99, 0x55, 0x55, 0x59, 0x55, 0x55, 0x95, 0x59, 0x95, 0x95, 
    0xa5, 0x95, 0x94, 0x55, 0xa8, 0x40, 0x54, 0x44, 0x40, 0x44, 0x44, 0x45, 0x7e, 0x55, 0x54, 0x40, 
    0x44, 0x54, 0x46, 0xae, 0xea, 0xea, 0xf4, 0x55, 0x54, 0x40, 0x40, 0x44, 0x44, 0x40, 0x40, 0x40, 
    0x40, 0x40, 0x40, 0x44, 0x40, 0x40, 0x40, 0x44, 0x44, 0x40, 0x40, 0x44, 0x40, 0x55, 0x44, 0xbf, 
    0xf4, 0x45, 0x54, 0x44, 0x44, 0x44, 0x40, 0x44, 0x44, 0x44, 0x45, 0xae, 0xc4, 0x44, 0x44, 0x44, 
    0x44, 0x44, 0x54, 0x44, 0x44, 0x44, 0x44, 0x44, 0x44, 0xa8, 0x55, 0x44, 0x54, 0x49, 0x99, 0x95, 
    0x55, 0x55, 0x55, 0x95, 0x99, 0x9a, 0x99, 0xbd, 0x54, 0x45, 0x94, 0x4a, 0xa9, 0x95, 0x99, 0x55, 
    0x55, 0x54, 0x45, 0xf9, 0x6e, 0x84, 0x44, 0x44, 0x44, 0x44, 0x44, 0x54, 0x44, 0x54, 0x55, 0x69, 
    0xa9, 0xa8, 0x44, 0x49, 0x59, 0x44, 0x54, 0x46, 0x11, 0x11, 0x11, 0x51, 0x11, 0x11, 0x55, 0x65, 
    0x66, 0xbf, 0xff, 0xff, 0xff, 0xff, 0xfb, 0xa5, 0x55, 0x7a, 0x51, 0x11, 0x11, 0x11, 0x51, 0x55, 
    0x51, 0x51, 0x51, 0x51, 0x51, 0x51, 0x51, 0x51, 0x55, 0x6a, 0x65, 0x55, 0x51, 0x55, 0x55, 0x65, 
    0x56, 0x55, 0x11, 0x56, 0x66, 0x66, 0x65, 0x56, 0x69, 0x55, 0x55, 0x65, 0x65, 0x51, 0x11, 0x35, 
    0x25, 0x55, 0x1d, 0x11, 0x35, 0x56, 0x56, 0xa7, 0xa6, 0x66, 0xba, 0x65, 0x55, 0x55, 0x55, 0x55, 
    0x15, 0x15, 0x56, 0x51, 0x51, 0x25, 0x56, 0x55, 0x55, 0x55, 0x50, 0x15, 0x65, 0x00, 0x20, 0x00, 
    0x00, 0x00, 0x00, 0x2a, 0x7b, 0x51, 0x55, 0x50, 0x01, 0x11, 0x1b, 0xb6, 0xaa, 0xa6, 0xb1, 0x11, 
    0x50, 0x00, 0x01, 0x11, 0x10, 0x00, 0x00, 0x00, 0x00, 0x00, 0x00, 0x00, 0x00, 0x00, 0x01, 0x10, 
    0x10, 0x00, 0x00, 0x10, 0x00, 0x15, 0x11, 0xbb, 0xf8, 0x11, 0x11, 0x10, 0x10, 0x10, 0x00, 0x00, 
    0x00, 0x00, 0x02, 0x6b, 0x90, 0x10, 0x10, 0x10, 0x11, 0x11, 0x10, 0x11, 0x00, 0x10, 0x11, 0x11, 
    0x11, 0x10, 0x01, 0x11, 0x51, 0x15, 0x66, 0x55, 0x65, 0x51, 0x51, 0x55, 0x55, 0x59, 0x55, 0xb9, 
    0x51, 0x15, 0x51, 0x11, 0xa6, 0x65, 0x55, 0x55, 0x55, 0x51, 0x11, 0x7a, 0x2b, 0x90, 0x10, 0x10, 
    0x00, 0x10, 0x11, 0x11, 0x11, 0x11, 0x11, 0x65, 0x66, 0x65, 0x10, 0x01, 0x66, 0x51, 0x11, 0x16, 
    0x45, 0x45, 0x45, 0x55, 0x45, 0x55, 0x5a, 0x9a, 0xff, 0xff, 0xff, 0xff, 0xff, 0xff, 0xff, 0xff, 
    0x95, 0xee, 0x45, 0x55, 0x55, 0x55, 0x55, 0x55, 0x55, 0x55, 0x55, 0x55, 0x55, 0x55, 0x55, 0x55, 
    0x55, 0x6e, 0x95, 0x55, 0x55, 0x59, 0x5a, 0x99, 0x5a, 0x95, 0x45, 0x5a, 0x99, 0x99, 0x99, 0x59, 
    0xa9, 0x99, 0x99, 0x99, 0x9a, 0x55, 0x55, 0x6a, 0x5a, 0xd5, 0x4e, 0x45, 0x65, 0x9a, 0x9a, 0x95, 
    0xea, 0x9a, 0xaf, 0xda, 0x99, 0x55, 0x59, 0x59, 0x55, 0x55, 0x55, 0x55, 0x54, 0x55, 0x55, 0x45, 
    0x55, 0x55, 0x55, 0x45, 0x5a, 0x44, 0x0d, 0x44, 0x44, 0x49, 0x44, 0x7e, 0x7f, 0x54, 0x55, 0x44, 
    0x44, 0x45, 0x6f, 0xfe, 0x5a, 0xaa, 0xd5, 0x55, 0x44, 0x04, 0x44, 0x44, 0x40, 0x00, 0x00, 0x00, 
    0x00, 0x04, 0x04, 0x00, 0x00, 0x04, 0x04, 0x44, 0x44, 0x04, 0x04, 0x04, 0x44, 0x95, 0x4a, 0x7f, 
    0xfd, 0x55, 0x44, 0x44, 0x04, 0x00, 0x04, 0x04, 0x04, 0x04, 0x45, 0x6e, 0x84, 0x44, 0x44, 0x44, 
    0x44, 0x44, 0x44, 0x04, 0x44, 0x44, 0x04, 0x44, 0x44, 0x44, 0x44, 0x45, 0x54, 0x49, 0x99, 0x59, 
    0x95, 0x59, 0x55, 0x55, 0x59, 0x69, 0x5a, 0xe9, 0x44, 0x49, 0x54, 0x45, 0x6a, 0xa9, 0x5a, 0x55, 
    0x55, 0x54, 0x44, 0x6e, 0x5e, 0xe4, 0x44, 0x44, 0x44, 0x44, 0x44, 0x44, 0x45, 0x44, 0x45, 0x59, 
    0xaa, 0x99, 0x44, 0x05, 0xaa, 0x45, 0x45, 0x5a, 0x11, 0x11, 0x11, 0x11, 0x11, 0x11, 0x16, 0x6b, 
    0x6b, 0xbf, 0xab, 0xff, 0xff, 0xff, 0xff, 0xff, 0xff, 0xa5, 0x11, 0x11, 0x11, 0x11, 0x15, 0x15, 
    0x11, 0x15, 0x15, 0x15, 0x15, 0x11, 0x15, 0x15, 0x15, 0x6a, 0x55, 0x15, 0x15, 0x16, 0x66, 0x66, 
    0x65, 0x55, 0x15, 0x66, 0x66, 0x55, 0x55, 0x55, 0xa5, 0x55, 0x56, 0x56, 0x56, 0x11, 0x11, 0x69, 
    0x56, 0x55, 0x17, 0x11, 0x16, 0x66, 0x6a, 0xb1, 0xb6, 0x66, 0x6b, 0xa6, 0x65, 0x15, 0x55, 0x15, 
    0x15, 0x25, 0x55, 0x15, 0x51, 0x55, 0x56, 0x55, 0x55, 0x55, 0x11, 0x15, 0x56, 0x50, 0x06, 0x11, 
    0x00, 0x54, 0x10, 0x1b, 0x7a, 0x31, 0x11, 0x55, 0x01, 0x01, 0xbb, 0xba, 0x7b, 0xab, 0x81, 0x11, 
    0x00, 0x01, 0x01, 0x10, 0x00, 0x00, 0x00, 0x00, 0x00, 0x00, 0x00, 0x00, 0x00, 0x00, 0x00, 0x01, 
    0x00, 0x00, 0x00, 0x00, 0x00, 0x15, 0x03, 0x6b, 0xaa, 0x12, 0x11, 0x01, 0x00, 0x00, 0x00, 0x00, 
    0x00, 0x00, 0x01, 0x2a, 0x90, 0x01, 0x01, 0x01, 0x01, 0x01, 0x00, 0x01, 0x00, 0x00, 0x00, 0x00, 
    0x00, 0x00, 0x11, 0x12, 0x11, 0x06, 0xa5, 0x56, 0x55, 0x55, 0x15, 0x55, 0x55, 0x75, 0x57, 0xb5, 
    0x11, 0x15, 0x01, 0x01, 0x1a, 0xaa, 0x56, 0x55, 0x55, 0x51, 0x11, 0x5b, 0x5a, 0xa1, 0x01, 0x00, 
    0x01, 0x01, 0x01, 0x11, 0x11, 0x11, 0x11, 0x16, 0x66, 0x65, 0x00, 0x01, 0x1a, 0x11, 0x11, 0x26, 
    0x54, 0x54, 0x54, 0x54, 0x54, 0x55, 0x5b, 0xfd, 0x99, 0xab, 0xff, 0xff, 0xff, 0xff, 0xff, 0xff, 
    0xff, 0xe4, 0x55, 0x55, 0x55, 0x55, 0x55, 0x95, 0x55, 0x55, 0x55, 0x55, 0x55, 0x55, 0x55, 0x55, 
    0x55, 0xbe, 0x95, 0x55, 0x55, 0x59, 0xa9, 0x99, 0xa9, 0x95, 0x55, 0x99, 0x99, 0x99, 0x99, 0x99, 
    0xaa, 0x99, 0x99, 0x99, 0x99, 0x55, 0x54, 0xa8, 0x99, 0x98, 0x56, 0x45, 0x59, 0xaa, 0xad, 0xfd, 
    0xbd, 0x99, 0x9a, 0xad, 0xa5, 0x55, 0x95, 0x59, 0x95, 0x55, 0x95, 0x55, 0x45, 0x95, 0x5a, 0x55, 
    0x95, 0x94, 0x55, 0x45, 0x9a, 0x94, 0x44, 0x5e, 0xd4, 0x40, 0x44, 0x54, 0xad, 0x7c, 0x55, 0x54, 
    0x44, 0x45, 0xff, 0xfe, 0xff, 0xff, 0x95, 0x54, 0x44, 0x44, 0x45, 0x40, 0x40, 0x40, 0x40, 0x40, 
    0x40, 0x40, 0x40, 0x40, 0x40, 0x44, 0x44, 0x44, 0x40, 0x44, 0x40, 0x44, 0x40, 0x55, 0x41, 0xda, 
    0xee, 0x44, 0x44, 0x44, 0x44, 0x40, 0x40, 0x44, 0x44, 0x44, 0x45, 0x6a, 0xd4, 0x44, 0x44, 0x44, 
    0x44, 0x44, 0x44, 0x44, 0x44, 0x44, 0x40, 0x44, 0x40, 0x44, 0x44, 0x46, 0x44, 0x59, 0x99, 0x99, 
    0x95, 0x99, 0x59, 0x99, 0x95, 0xe5, 0x9b, 0xe9, 0x94, 0x59, 0x44, 0x45, 0x56, 0xea, 0x99, 0x99, 
    0x95, 0x44, 0x44, 0x5a, 0x99, 0xa8, 0x44, 0x44, 0x44, 0x44, 0x44, 0x44, 0x44, 0x54, 0x54, 0x5a, 
    0xaa, 0xa9, 0x40, 0x44, 0x59, 0x54, 0x54, 0xa9, 0x11, 0x11, 0x11, 0x15, 0x11, 0x11, 0x1a, 0xba, 
    0xb6, 0x67, 0xff, 0xff, 0xff, 0xff, 0xff, 0xfa, 0xa6, 0x60, 0x11, 0x11, 0x11, 0x11, 0x51, 0x51, 
    0x51, 0x51, 0x51, 0x55, 0x55, 0x51, 0x51, 0x55, 0x56, 0xba, 0x55, 0x55, 0x55, 0x66, 0x65, 0x66, 
    0x65, 0x55, 0x55, 0x66, 0x55, 0x55, 0x55, 0x56, 0xb9, 0x55, 0x65, 0x65, 0x65, 0x11, 0x11, 0x51, 
    0x66, 0xa2, 0x12, 0x91, 0x16, 0x66, 0x6b, 0xbb, 0x7a, 0x66, 0x66, 0x6a, 0x65, 0x55, 0x55, 0x55, 
    0x55, 0x55, 0x55, 0x55, 0x51, 0x55, 0x69, 0x51, 0x55, 0x51, 0x51, 0x52, 0x66, 0x64, 0x00, 0x01, 
    0x50, 0x00, 0x01, 0x14, 0x14, 0x7e, 0x11, 0x51, 0x11, 0x13, 0xbb, 0xfb, 0xfb, 0xfa, 0x11, 0x10, 
    0x10, 0x11, 0x55, 0x00, 0x00, 0x00, 0x00, 0x00, 0x00, 0x00, 0x00, 0x00, 0x00, 0x00, 0x11, 0x10, 
    0x00, 0x01, 0x00, 0x01, 0x10, 0x11, 0x00, 0x96, 0xaa, 0x91, 0x10, 0x11, 0x10, 0x00, 0x00, 0x00, 
    0x00, 0x00, 0x01, 0x6a, 0x90, 0x10, 0x10, 0x10, 0x10, 0x10, 0x00, 0x11, 0x10, 0x10, 0x00, 0x00, 
    0x00, 0x00, 0x10, 0x12, 0x51, 0x16, 0x66, 0x95, 0x55, 0x55, 0x55, 0x55, 0x66, 0xa5, 0x5b, 0xa6, 
    0x54, 0x55, 0x11, 0x11, 0x11, 0x7b, 0xa6, 0x65, 0x55, 0x11, 0x16, 0x69, 0xa6, 0x59, 0x10, 0x10, 
    0x10, 0x11, 0x11, 0x10, 0x11, 0x11, 0x11, 0x16, 0x66, 0x65, 0x00, 0x11, 0x10, 0x11, 0x11, 0x66, 
    0x44, 0x45, 0x45, 0x55, 0x45, 0x45, 0x5f, 0xea, 0xe5, 0x5f, 0xff, 0xff, 0xff, 0xff, 0xee, 0x59, 
    0x99, 0x94, 0x45, 0x45, 0x55, 0x55, 0x55, 0x55, 0x55, 0x55, 0x55, 0x55, 0x59, 0x55, 0x55, 0x55, 
    0x5a, 0xfe, 0x95, 0x55, 0x55, 0x55, 0x99, 0x99, 0x95, 0x55, 0x55, 0x59, 0x99, 0x99, 0x59, 0x5a, 
    0xa9, 0x99, 0x99, 0x99, 0xa5, 0x45, 0x45, 0x85, 0x9a, 0xa9, 0x48, 0xd4, 0x46, 0x9a, 0xae, 0x9e, 
    0x9e, 0x99, 0x9a, 0x99, 0x99, 0x59, 0x55, 0x59, 0x54, 0x95, 0x55, 0x55, 0x45, 0x55, 0xa5, 0x55, 
    0x59, 0x55, 0x45, 0x49, 0x99, 0x98, 0x04, 0x04, 0x04, 0x04, 0x1d, 0x55, 0x54, 0xbf, 0x85, 0x44, 
    0x44, 0x4f, 0xef, 0xef, 0xff, 0xfc, 0x45, 0x44, 0x44, 0x44, 0x54, 0x04, 0x00, 0x00, 0x00, 0x18, 
    0x44, 0x00, 0x00, 0x00, 0x04, 0x00, 0x44, 0x44, 0x00, 0x04, 0x44, 0x04, 0x44, 0x45, 0x44, 0x54, 
    0xaa, 0xae, 0xee, 0x94, 0x44, 0x44, 0x44, 0x04, 0x04, 0x04, 0x45, 0x6e, 0xd4, 0x44, 0x44, 0x44, 
    0x44, 0x44, 0x44, 0x44, 0x44, 0x44, 0x44, 0x44, 0x44, 0x00, 0x04, 0x46, 0x44, 0x59, 0x9a, 0x99, 
    0x55, 0x95, 0x55, 0x59, 0x9a, 0x99, 0x6f, 0x96, 0x54, 0x59, 0x44, 0x05, 0x55, 0x5e, 0xee, 0x99, 
    0x95, 0x44, 0x5e, 0xfa, 0xaa, 0x5e, 0x44, 0x44, 0x44, 0x44, 0x44, 0x44, 0x44, 0x45, 0x45, 0x49, 
    0x5a, 0x98, 0x44, 0x44, 0x44, 0x45, 0x45, 0x9a, 0x11, 0x11, 0x11, 0x11, 0x11, 0x11, 0x17, 0xa6, 
    0x69, 0xbf, 0xff, 0xff, 0xff, 0xbb, 0xa6, 0x56, 0x66, 0x65, 0x11, 0x11, 0x11, 0x11, 0x55, 0x15, 
    0x15, 0x15, 0x15, 0x15, 0x15, 0x11, 0x15, 0x15, 0x5a, 0xba, 0x55, 0x55, 0x15, 0x56, 0x55, 0x55, 
    0x55, 0x55, 0x55, 0x55, 0x65, 0x55, 0x55, 0x56, 0x65, 0x55, 0x56, 0x55, 0x95, 0x11, 0x05, 0x01, 
    0x66, 0xa9, 0x1a, 0xa1, 0x02, 0x66, 0x6b, 0xa6, 0xab, 0x66, 0x56, 0x55, 0x65, 0x15, 0x55, 0x15, 
    0x51, 0x55, 0x55, 0x55, 0x15, 0x16, 0x55, 0x15, 0x15, 0x55, 0x11, 0x11, 0x96, 0x65, 0x01, 0x00, 
    0x00, 0x14, 0x15, 0x29, 0x10, 0x7b, 0x91, 0x11, 0x11, 0x2b, 0xbb, 0xab, 0xbf, 0xb1, 0x10, 0x10, 
    0x01, 0x11, 0x00, 0x00, 0x00, 0x00, 0x00, 0x06, 0x40, 0x00, 0x00, 0x00, 0x00, 0x00, 0x01, 0x00, 
    0x00, 0x00, 0x00, 0x00, 0x00, 0x11, 0x00, 0x02, 0xa6, 0x6a, 0xbb, 0xba, 0x00, 0x01, 0x00, 0x00, 
    0x00, 0x00, 0x02, 0x2b, 0x90, 0x00, 0x00, 0x00, 0x01, 0x00, 0x00, 0x01, 0x00, 0x01, 0x00, 0x00, 
    0x00, 0x00, 0x00, 0x01, 0x01, 0x15, 0x56, 0x95, 0x55, 0x55, 0x55, 0x55, 0x57, 0x66, 0x7b, 0x55, 
    0x51, 0x55, 0x10, 0x11, 0x11, 0x16, 0xab, 0xa6, 0x65, 0x01, 0x01, 0x11, 0xaa, 0x96, 0x11, 0x01, 
    0x00, 0x11, 0x11, 0x11, 0x11, 0x11, 0x11, 0x15, 0x66, 0x60, 0x00, 0x01, 0x11, 0x11, 0x16, 0x66, 
    0x54, 0x54, 0x54, 0x55, 0x54, 0x55, 0x57, 0x96, 0x96, 0xff, 0xff, 0xff, 0xff, 0xff, 0xfe, 0xd9, 
    0x99, 0xa9, 0x54, 0x55, 0x55, 0x55, 0x55, 0x55, 0x55, 0x55, 0x55, 0x55, 0x55, 0x55, 0x55, 0x55, 
    0x9e, 0xfa, 0x99, 0x55, 0x55, 0x99, 0x95, 0x55, 0x95, 0x55, 0x55, 0x99, 0x99, 0x99, 0x99, 0x9a, 
    0xe9, 0x99, 0x99, 0x9a, 0xd5, 0x55, 0x45, 0x55, 0x9a, 0xaa, 0xaa, 0xa4, 0x55, 0xa9, 0xbe, 0x99, 
    0xfe, 0xe5, 0x99, 0xa5, 0x59, 0x59, 0x55, 0x55, 0x95, 0x55, 0x55, 0x95, 0x55, 0x59, 0x55, 0x55, 
    0x59, 0x95, 0x59, 0x55, 0xd9, 0x98, 0x41, 0x44, 0x44, 0x44, 0x44, 0x6e, 0x95, 0x6f, 0xe4, 0x44, 
    0x54, 0x7e, 0xae, 0xeb, 0xff, 0xd4, 0x54, 0x44, 0x54, 0x44, 0x40, 0x40, 0x40, 0x40, 0x40, 0x6e, 
    0xc4, 0x40, 0x40, 0x40, 0x40, 0x40, 0x44, 0x40, 0x40, 0x40, 0x40, 0x54, 0x44, 0x45, 0x54, 0x45, 
    0xee, 0xaa, 0xee, 0xff, 0x80, 0x44, 0x44, 0x44, 0x44, 0x44, 0x45, 0x6e, 0xd4, 0x44, 0x44, 0x44, 
    0x44, 0x44, 0x44, 0x44, 0x44, 0x44, 0x44, 0x44, 0x44, 0x40, 0x44, 0x44, 0x40, 0x59, 0x55, 0x95, 
    0x95, 0x95, 0x55, 0x99, 0x9e, 0xa9, 0xfe, 0x95, 0x55, 0x94, 0x54, 0x55, 0x55, 0x55, 0xea, 0xfe, 
    0xa8, 0x44, 0x44, 0x44, 0xaa, 0xd5, 0x84, 0x44, 0x44, 0x54, 0x44, 0x44, 0x44, 0x54, 0x54, 0x55, 
    0x99, 0x94, 0x44, 0x44, 0x44, 0x54, 0x59, 0xa9, 0x11, 0x11, 0x11, 0x65, 0x51, 0x11, 0x12, 0x55, 
    0x92, 0xab, 0xfb, 0xa7, 0xbf, 0xff, 0xff, 0xa6, 0x66, 0x65, 0x11, 0x11, 0x11, 0x55, 0x55, 0x51, 
    0x51, 0x51, 0x55, 0x55, 0x55, 0x11, 0x51, 0x55, 0x6b, 0xfa, 0x55, 0x55, 0x51, 0x65, 0x55, 0x55, 
    0x65, 0x55, 0x55, 0x55, 0x65, 0x55, 0x55, 0x5a, 0xa5, 0x65, 0x66, 0x67, 0x51, 0x11, 0x15, 0x16, 
    0x56, 0xaa, 0x66, 0xa9, 0x55, 0x66, 0xba, 0x65, 0xbe, 0xa5, 0x55, 0x65, 0x55, 0x55, 0x55, 0x51, 
    0x51, 0x55, 0x55, 0x55, 0x11, 0x15, 0x51, 0x55, 0x15, 0x54, 0x55, 0x10, 0x55, 0x64, 0x01, 0x00, 
    0x00, 0x11, 0x00, 0x1f, 0x81, 0x3b, 0xb1, 0x11, 0x11, 0x56, 0xb1, 0x6b, 0xff, 0x51, 0x10, 0x11, 
    0x11, 0x10, 0x00, 0x00, 0x00, 0x00, 0x00, 0x00, 0x00, 0x00, 0x00, 0x00, 0x00, 0x01, 0x10, 0x00, 
    0x00, 0x00, 0x00, 0x10, 0x00, 0x01, 0x51, 0x12, 0x7b, 0xaa, 0xbb, 0xbf, 0xe0, 0x00, 0x00, 0x10, 
    0x10, 0x00, 0x01, 0x2a, 0x90, 0x10, 0x00, 0x10, 0x10, 0x10, 0x01, 0x10, 0x00, 0x11, 0x10, 0x00, 
    0x10, 0x00, 0x00, 0x10, 0x00, 0x15, 0x55, 0x51, 0x55, 0x55, 0x55, 0x55, 0x69, 0x69, 0xfa, 0x51, 
    0x55, 0x51, 0x11, 0x11, 0x11, 0x11, 0x6a, 0xbb, 0xaa, 0x10, 0x00, 0x00, 0x17, 0xa1, 0x10, 0x10, 
    0x11, 0x11, 0x11, 0x11, 0x11, 0x11, 0x11, 0x11, 0x66, 0x50, 0x11, 0x11, 0x11, 0x11, 0x25, 0x66, 
    0x45, 0x45, 0x55, 0x99, 0x95, 0x45, 0x55, 0x95, 0x96, 0xea, 0xee, 0x85, 0x5a, 0xaf, 0xa9, 0x99, 
    0x99, 0x99, 0x45, 0x55, 0x55, 0x55, 0x55, 0x55, 0x55, 0x55, 0x55, 0x55, 0x59, 0x55, 0x55, 0x55, 
    0x6f, 0xea, 0x55, 0x55, 0x55, 0x59, 0x55, 0x55, 0x95, 0x55, 0x55, 0x59, 0x59, 0x59, 0x59, 0x5a, 
    0x99, 0x99, 0x99, 0x9a, 0x58, 0x44, 0x59, 0x58, 0x5a, 0xee, 0x99, 0x9d, 0x56, 0x99, 0xbd, 0x99, 
    0xbf, 0xa9, 0x59, 0x59, 0x55, 0x59, 0x59, 0x55, 0x95, 0x55, 0x55, 0x55, 0x45, 0x55, 0x54, 0x55, 
    0x55, 0x54, 0x55, 0x44, 0x99, 0x98, 0x04, 0x49, 0x44, 0x04, 0x04, 0x1f, 0xc0, 0x5f, 0xe8, 0x44, 
    0x46, 0xe5, 0xa8, 0xaf, 0xfd, 0x45, 0x44, 0x44, 0x44, 0x44, 0x04, 0x04, 0x00, 0x00, 0x40, 0x04, 
    0x40, 0x00, 0x00, 0x44, 0x00, 0x04, 0x44, 0x04, 0x04, 0x00, 0x04, 0x04, 0x04, 0x05, 0x45, 0x45, 
    0x6e, 0xef, 0xee, 0xff, 0xf4, 0x04, 0x44, 0x04, 0x44, 0x44, 0x05, 0x6a, 0xd4, 0x04, 0x04, 0x44, 
    0x44, 0x44, 0x44, 0x44, 0x44, 0x44, 0x44, 0x44, 0x04, 0x44, 0x04, 0x44, 0x04, 0x45, 0x55, 0x55, 
    0x55, 0x55, 0x59, 0x59, 0xa9, 0xaa, 0xf9, 0x55, 0x59, 0x44, 0x45, 0x55, 0x55, 0x55, 0x5a, 0xaf, 
    0xee, 0x44, 0x44, 0x44, 0x05, 0xe8, 0x44, 0x44, 0x44, 0x44, 0x44, 0x44, 0x44, 0x55, 0x45, 0x45, 
    0x99, 0x44, 0x44, 0x44, 0x45, 0x44, 0x99, 0x99, 0x11, 0x11, 0x15, 0x55, 0x51, 0x11, 0x15, 0x96, 
    0x53, 0xab, 0x69, 0x00, 0x01, 0x11, 0xa6, 0x56, 0x66, 0x66, 0x41, 0x29, 0x51, 0x15, 0x55, 0x55, 
    0x55, 0x11, 0x15, 0x15, 0x1a, 0x15, 0x15, 0x55, 0x7b, 0xaa, 0x15, 0x15, 0x15, 0x55, 0x55, 0x55, 
    0x55, 0x55, 0x55, 0x55, 0x55, 0x55, 0x55, 0x66, 0x56, 0x55, 0x56, 0x5a, 0x51, 0x11, 0x29, 0x65, 
    0x2a, 0xaa, 0xa5, 0x69, 0x16, 0x25, 0xba, 0x66, 0x6f, 0x75, 0x56, 0x65, 0x56, 0x55, 0x15, 0x51, 
    0x55, 0x15, 0x55, 0x55, 0x15, 0x55, 0x51, 0x55, 0x55, 0x51, 0x15, 0x50, 0x55, 0x14, 0x00, 0x09, 
    0x00, 0x00, 0x01, 0x2b, 0x82, 0xa5, 0x69, 0x01, 0x1b, 0xbb, 0xa1, 0x6b, 0xb5, 0x11, 0x01, 0x11, 
    0x11, 0x00, 0x00, 0x00, 0x00, 0x00, 0x00, 0x00, 0x00, 0x00, 0x01, 0x00, 0x00, 0x01, 0x00, 0x00, 
    0x00, 0x00, 0x11, 0x00, 0x00, 0x01, 0x01, 0x01, 0x17, 0xbb, 0xba, 0xbf, 0xb9, 0x01, 0x11, 0x00, 
    0x00, 0x00, 0x01, 0x2a, 0x90, 0x00, 0x00, 0x01, 0x01, 0x00, 0x01, 0x01, 0x01, 0x11, 0x10, 0x00, 
    0x00, 0x00, 0x00, 0x01, 0x00, 0x05, 0x15, 0x55, 0x15, 0x55, 0x15, 0x56, 0x66, 0x67, 0xb5, 0x55, 
    0x75, 0x41, 0x01, 0x11, 0x11, 0x11, 0x12, 0xab, 0xbb, 0x81, 0x00, 0x00, 0x01, 0x69, 0x01, 0x01, 
    0x11, 0x11, 0x11, 0x11, 0x01, 0x11, 0x11, 0x11, 0x65, 0x00, 0x11, 0x00, 0x11, 0x11, 0x66, 0x66, 
    0x55, 0x59, 0x99, 0x99, 0x95, 0x55, 0x55, 0xd9, 0x96, 0xfe, 0xd4, 0x40, 0x40, 0x94, 0x45, 0x94, 
    0x44, 0x44, 0x84, 0x54, 0x69, 0x55, 0x95, 0x55, 0x55, 0x55, 0x55, 0x55, 0x6d, 0x55, 0x55, 0x55, 
    0xbf, 0xed, 0x55, 0x55, 0x95, 0x55, 0x55, 0x59, 0x95, 0x55, 0x95, 0x95, 0x99, 0x99, 0x99, 0xaa, 
    0x99, 0x99, 0x99, 0x69, 0x95, 0x55, 0xa5, 0xaa, 0xae, 0xee, 0xe9, 0xaa, 0x5a, 0x95, 0xa9, 0x99, 
    0x5f, 0xe9, 0x95, 0x99, 0x95, 0x55, 0x55, 0x55, 0x55, 0x55, 0x55, 0x54, 0x55, 0x95, 0x55, 0x95, 
    0x95, 0x44, 0x55, 0x50, 0x44, 0xa4, 0x54, 0x44, 0x44, 0x44, 0x55, 0xff, 0xcb, 0xfe, 0x98, 0x44, 
    0xae, 0xee, 0xfe, 0xea, 0xd4, 0x40, 0x44, 0x54, 0x44, 0x44, 0x44, 0x40, 0x40, 0x40, 0x40, 0x40, 
    0x40, 0x40, 0x44, 0x40, 0x40, 0x44, 0x40, 0x40, 0x45, 0x40, 0x55, 0x44, 0x44, 0x40, 0x54, 0x44, 
    0x59, 0xfe, 0xfc, 0xbf, 0xfe, 0x44, 0x44, 0x44, 0x44, 0x44, 0x44, 0x6a, 0xd4, 0x44, 0x44, 0x44, 
    0x44, 0x44, 0x44, 0x44, 0x55, 0x55, 0x54, 0x44, 0x40, 0x44, 0x44, 0x44, 0x44, 0x45, 0x55, 0x55, 
    0x55, 0x95, 0x55, 0x59, 0xd9, 0x9e, 0xe9, 0x55, 0xb9, 0x45, 0x45, 0x55, 0x55, 0x55, 0x55, 0xae, 
    0xfe, 0xe4, 0x44, 0x44, 0x44, 0x69, 0x44, 0x44, 0x44, 0x44, 0x44, 0x44, 0x44, 0x54, 0x54, 0x55, 
    0x98, 0x44, 0x44, 0x44, 0x54, 0x45, 0xa9, 0xa9, 0x11, 0x65, 0x55, 0x65, 0x51, 0x11, 0x16, 0x65, 
    0x65, 0xfb, 0x90, 0x00, 0x01, 0x55, 0x15, 0x11, 0x10, 0x01, 0x51, 0x50, 0x16, 0x96, 0x55, 0x55, 
    0x51, 0x51, 0x51, 0x51, 0xb9, 0x51, 0x55, 0x55, 0xbb, 0xf9, 0x51, 0x55, 0x55, 0x55, 0x55, 0x55, 
    0x55, 0x51, 0x55, 0x56, 0x55, 0x55, 0x55, 0x66, 0x65, 0x65, 0x65, 0x75, 0x51, 0x11, 0x96, 0x66, 
    0xbb, 0xba, 0xa6, 0x57, 0x5a, 0x55, 0x7b, 0xa6, 0x57, 0xea, 0x55, 0x15, 0x55, 0x55, 0x55, 0x51, 
    0x15, 0x55, 0x55, 0x51, 0x51, 0x55, 0x55, 0x55, 0x55, 0x11, 0x55, 0x50, 0x11, 0x60, 0x10, 0x00, 
    0x00, 0x00, 0x67, 0xfb, 0x5b, 0xfb, 0xba, 0x11, 0xbb, 0xbb, 0xbb, 0xbb, 0x50, 0x00, 0x11, 0x11, 
    0x10, 0x00, 0x00, 0x00, 0x00, 0x00, 0x00, 0x00, 0x00, 0x00, 0x00, 0x00, 0x00, 0x11, 0x00, 0x00, 
    0x15, 0x00, 0x15, 0x00, 0x10, 0x00, 0x11, 0x10, 0x16, 0x5b, 0xb9, 0xbf, 0xff, 0x90, 0x11, 0x10, 
    0x10, 0x00, 0x00, 0x2a, 0xa1, 0x00, 0x00, 0x10, 0x10, 0x00, 0x10, 0x10, 0x11, 0x51, 0x10, 0x00, 
    0x00, 0x00, 0x00, 0x01, 0x00, 0x05, 0x55, 0x51, 0x55, 0x55, 0x55, 0x56, 0x95, 0x6a, 0xa5, 0x55, 
    0xa5, 0x11, 0x11, 0x51, 0x11, 0x11, 0x11, 0x16, 0xbb, 0x65, 0x10, 0x00, 0x10, 0x1a, 0x00, 0x11, 
    0x11, 0x11, 0x11, 0x11, 0x10, 0x11, 0x11, 0x11, 0x10, 0x00, 0x10, 0x01, 0x11, 0x16, 0x66, 0x66, 
    0x55, 0x59, 0x99, 0x59, 0x55, 0x45, 0x55, 0x95, 0x55, 0xff, 0xe4, 0x44, 0x44, 0x54, 0x44, 0x55, 
    0x45, 0x45, 0x95, 0x54, 0x44, 0xae, 0x99, 0x55, 0x55, 0x55, 0x55, 0x56, 0xb5, 0x55, 0x59, 0x55, 
    0xef, 0xfd, 0x55, 0x55, 0x55, 0x55, 0x55, 0x55, 0x55, 0x55, 0x55, 0x59, 0x99, 0x59, 0x99, 0x9a, 
    0x99, 0x99, 0x9a, 0xe9, 0x45, 0x45, 0x99, 0x9a, 0xef, 0xee, 0xad, 0x5a, 0x89, 0x9a, 0x9b, 0xfe, 
    0x96, 0xfa, 0x95, 0x58, 0x55, 0x55, 0x55, 0x55, 0x55, 0x55, 0x55, 0x55, 0x55, 0x55, 0x55, 0x55, 
    0x54, 0x55, 0x59, 0x84, 0x45, 0x54, 0x64, 0x04, 0x44, 0x45, 0xaf, 0xfe, 0x1f, 0xff, 0xfe, 0x45, 
    0xef, 0xef, 0xee, 0xed, 0x44, 0x04, 0x44, 0x44, 0x44, 0x04, 0x00, 0x04, 0x04, 0x00, 0x00, 0x00, 
    0x00, 0x44, 0x00, 0x04, 0x04, 0x44, 0x44, 0x00, 0x54, 0x05, 0x55, 0x05, 0x44, 0x04, 0x44, 0x44, 
    0x04, 0xaa, 0xfe, 0xff, 0xff, 0xe4, 0x44, 0x44, 0x0a, 0x04, 0x04, 0x6e, 0xa4, 0x04, 0x04, 0x44, 
    0x44, 0x44, 0x44, 0x44, 0x45, 0x59, 0x54, 0x04, 0x04, 0x45, 0x40, 0x04, 0x44, 0x49, 0x99, 0x55, 
    0x55, 0x55, 0x5a, 0x9a, 0x99, 0x6f, 0x95, 0x56, 0xa8, 0x44, 0x55, 0x55, 0x55, 0x45, 0x45, 0x45, 
    0xee, 0x9e, 0x44, 0x44, 0x44, 0x4a, 0x44, 0x44, 0x44, 0x44, 0x44, 0x44, 0x44, 0x45, 0x45, 0x44, 
    0x54, 0x04, 0x44, 0x44, 0x44, 0x59, 0x99, 0x99, 0x15, 0x55, 0x55, 0x55, 0x11, 0x11, 0x15, 0x55, 
    0x55, 0x7b, 0xa1, 0x00, 0x15, 0x10, 0x05, 0x01, 0x6a, 0x55, 0x51, 0x11, 0x01, 0x17, 0xa6, 0x55, 
    0x11, 0x15, 0x15, 0x1a, 0x15, 0x15, 0x55, 0x56, 0xbf, 0xb9, 0x15, 0x15, 0x15, 0x55, 0x55, 0x55, 
    0x55, 0x55, 0x55, 0x55, 0x55, 0x55, 0x55, 0x5a, 0x56, 0x56, 0x57, 0xa5, 0x11, 0x12, 0x56, 0x66, 
    0xab, 0x6a, 0xaa, 0x51, 0x9a, 0x66, 0x65, 0xbb, 0xb5, 0xba, 0x95, 0x55, 0x15, 0x15, 0x15, 0x55, 
    0x11, 0x15, 0x55, 0x11, 0x55, 0x11, 0x15, 0x55, 0x51, 0x51, 0x55, 0x51, 0x01, 0x50, 0x74, 0x00, 
    0x00, 0x12, 0xbb, 0xbe, 0x3f, 0xbf, 0xbf, 0x16, 0xab, 0xab, 0xbb, 0xb5, 0x00, 0x01, 0x11, 0x01, 
    0x00, 0x00, 0x00, 0x00, 0x00, 0x00, 0x00, 0x00, 0x00, 0x00, 0x00, 0x00, 0x00, 0x00, 0x00, 0x00, 
    0x11, 0x10, 0x10, 0x01, 0x00, 0x00, 0x00, 0x11, 0x01, 0x1a, 0xbe, 0xbf, 0xbf, 0xf9, 0x01, 0x11, 
    0x11, 0x00, 0x00, 0x2a, 0x61, 0x00, 0x00, 0x00, 0x00, 0x01, 0x01, 0x00, 0x15, 0x15, 0x10, 0x00, 
    0x00, 0x11, 0x10, 0x00, 0x00, 0x05, 0x55, 0x51, 0x15, 0x55, 0x55, 0x5a, 0x55, 0x7a, 0x51, 0x13, 
    0x65, 0x15, 0x11, 0x11, 0x11, 0x11, 0x11, 0x11, 0x6b, 0xa6, 0x41, 0x00, 0x01, 0x02, 0x80, 0x01, 
    0x01, 0x11, 0x11, 0x01, 0x11, 0x11, 0x11, 0x11, 0x10, 0x01, 0x01, 0x01, 0x11, 0x16, 0x66, 0x66, 
    0x55, 0x59, 0x99, 0x95, 0x95, 0x55, 0x55, 0x95, 0x55, 0x7e, 0xe8, 0x44, 0x69, 0x44, 0x45, 0x94, 
    0x5a, 0xe8, 0x5a, 0x94, 0x54, 0x45, 0xfe, 0x95, 0x55, 0x55, 0x55, 0x6d, 0x55, 0x55, 0x95, 0x96, 
    0xff, 0xf9, 0x55, 0x55, 0x55, 0x55, 0x95, 0x95, 0x55, 0x55, 0x95, 0x95, 0x99, 0x99, 0x99, 0x99, 
    0x99, 0x99, 0x9e, 0xd5, 0x55, 0x4a, 0x99, 0x99, 0xfe, 0x99, 0xee, 0x95, 0xee, 0xa5, 0xa9, 0x6a, 
    0xff, 0xee, 0xa5, 0x95, 0x55, 0x55, 0x55, 0x55, 0x55, 0x55, 0x55, 0x55, 0x55, 0x55, 0x55, 0x55, 
    0x55, 0x55, 0x99, 0x95, 0x44, 0x44, 0x94, 0x44, 0x44, 0x55, 0xff, 0xfd, 0x7f, 0xff, 0xff, 0xfe, 
    0xee, 0xee, 0xee, 0xd4, 0x40, 0x44, 0x54, 0x44, 0x44, 0x44, 0x40, 0x40, 0x40, 0x40, 0x40, 0x40, 
    0x44, 0x44, 0x40, 0x40, 0x44, 0x44, 0x40, 0x40, 0x54, 0x54, 0x54, 0x44, 0x40, 0x40, 0x45, 0x54, 
    0x40, 0x45, 0x7e, 0xff, 0xff, 0xfe, 0x84, 0x44, 0x64, 0x40, 0x44, 0x6e, 0xa4, 0x44, 0x40, 0x44, 
    0x44, 0x44, 0x44, 0x45, 0x55, 0x54, 0x44, 0x44, 0x40, 0x44, 0x54, 0x44, 0x40, 0x45, 0x55, 0x55, 
    0x59, 0x95, 0xa9, 0x9d, 0xed, 0xfd, 0x95, 0x56, 0xa5, 0x54, 0x55, 0x55, 0x55, 0x55, 0x55, 0x54, 
    0x5f, 0xd5, 0x84, 0x44, 0x44, 0x44, 0xd4, 0x44, 0x44, 0x58, 0x44, 0x44, 0x44, 0x54, 0x54, 0x54, 
    0x44, 0x44, 0x44, 0x44, 0x54, 0x69, 0xa9, 0xa9, 0x51, 0x15, 0x55, 0x55, 0x51, 0x51, 0x55, 0x55, 
    0x55, 0x7a, 0xa4, 0x00, 0x40, 0x00, 0x01, 0x55, 0x55, 0x56, 0x5b, 0xf5, 0x11, 0x11, 0x1b, 0x95, 
    0x51, 0x51, 0x55, 0x79, 0x15, 0x55, 0x55, 0x56, 0xbf, 0xf5, 0x51, 0x51, 0x55, 0x55, 0x55, 0x55, 
    0x55, 0x55, 0x55, 0x55, 0x55, 0x55, 0x55, 0x65, 0x65, 0x66, 0x6b, 0x55, 0x11, 0x11, 0x66, 0x66, 
    0xba, 0x6a, 0x7a, 0x65, 0x7b, 0x65, 0x65, 0x5a, 0x66, 0xaa, 0x65, 0x55, 0x15, 0x55, 0x55, 0x51, 
    0x51, 0x55, 0x55, 0x55, 0x51, 0x55, 0x55, 0x55, 0x51, 0x15, 0x55, 0x50, 0x00, 0x01, 0x10, 0x00, 
    0x01, 0x79, 0xbb, 0xbb, 0x7b, 0xfb, 0xfa, 0xbb, 0xbb, 0xbb, 0xbb, 0x90, 0x00, 0x01, 0x11, 0x10, 
    0x01, 0x10, 0x00, 0x00, 0x00, 0x00, 0x00, 0x00, 0x11, 0x00, 0x00, 0x01, 0x01, 0x10, 0x00, 0x01, 
    0xb5, 0x00, 0x01, 0x10, 0x00, 0x00, 0x01, 0x11, 0x10, 0x10, 0x2a, 0xff, 0xff, 0xbb, 0xe1, 0x11, 
    0x19, 0x00, 0x00, 0x2a, 0x50, 0x00, 0x00, 0x10, 0x10, 0x00, 0x11, 0x11, 0x11, 0x11, 0x10, 0x10, 
    0x00, 0x01, 0x11, 0x01, 0x00, 0x11, 0x51, 0x51, 0x55, 0x55, 0x65, 0x65, 0x66, 0xfa, 0x51, 0x12, 
    0x66, 0x11, 0x51, 0x51, 0x11, 0x11, 0x11, 0x11, 0x12, 0xa1, 0x00, 0x00, 0x11, 0x10, 0x60, 0x11, 
    0x11, 0x11, 0x11, 0x11, 0x11, 0x11, 0x11, 0x11, 0x00, 0x11, 0x10, 0x11, 0x11, 0x66, 0x66, 0x56, 
    0x45, 0x55, 0x59, 0x59, 0x55, 0x59, 0x59, 0x55, 0x55, 0x6e, 0xe8, 0x00, 0x44, 0x44, 0x00, 0x59, 
    0x99, 0x59, 0x55, 0xff, 0xe5, 0x45, 0x45, 0xa9, 0x55, 0x55, 0x55, 0xe9, 0x55, 0x55, 0x59, 0x5a, 
    0xef, 0xe9, 0x55, 0x55, 0x55, 0x55, 0x55, 0x55, 0x55, 0x55, 0x55, 0x59, 0x59, 0x59, 0x99, 0x99, 
    0x99, 0x99, 0x6e, 0x55, 0x55, 0x45, 0x9a, 0x9a, 0xe9, 0x99, 0x6f, 0xd9, 0xaf, 0xd9, 0x99, 0x9a, 
    0xaa, 0x9a, 0xa9, 0x55, 0x55, 0x55, 0x55, 0x55, 0x45, 0x55, 0x55, 0x55, 0x55, 0x55, 0x59, 0x55, 
    0x45, 0x59, 0x45, 0x44, 0x05, 0x44, 0x44, 0x44, 0x19, 0xef, 0xef, 0xee, 0x7f, 0xff, 0xee, 0xee, 
    0xff, 0xae, 0xfe, 0x44, 0x00, 0x04, 0x44, 0x44, 0x45, 0x44, 0x04, 0x04, 0x00, 0x00, 0x00, 0x04, 
    0x44, 0x04, 0x00, 0x04, 0x44, 0x40, 0x04, 0x05, 0xe5, 0x44, 0x04, 0x44, 0x00, 0x40, 0x05, 0x45, 
    0x44, 0x44, 0x6a, 0xef, 0xff, 0xff, 0xfc, 0x44, 0x5e, 0x04, 0x04, 0x5e, 0x84, 0x44, 0x44, 0x44, 
    0x44, 0x04, 0x44, 0x44, 0x45, 0x44, 0x46, 0x94, 0x00, 0x04, 0x45, 0x95, 0x80, 0x45, 0x55, 0x45, 
    0x55, 0x59, 0x59, 0xa5, 0xa6, 0xf9, 0x55, 0x56, 0x9e, 0x45, 0x55, 0x55, 0x45, 0x45, 0x45, 0x44, 
    0x59, 0xa8, 0x44, 0x04, 0x44, 0x44, 0x58, 0x44, 0x44, 0x44, 0x68, 0x44, 0x44, 0x45, 0x45, 0x44, 
    0x44, 0x44, 0x44, 0x44, 0x45, 0x99, 0x99, 0x9a, 0x51, 0x15, 0x55, 0x55, 0x55, 0x55, 0x55, 0x55, 
    0x55, 0x26, 0xa9, 0x00, 0x15, 0x01, 0x00, 0x41, 0x55, 0x56, 0x55, 0x57, 0xbf, 0x51, 0x11, 0x16, 
    0x51, 0x11, 0x17, 0x55, 0x15, 0x55, 0x55, 0x5a, 0xbf, 0x95, 0x15, 0x15, 0x55, 0x15, 0x55, 0x55, 
    0x11, 0x15, 0x55, 0x55, 0x55, 0x55, 0x55, 0x55, 0x55, 0x55, 0xa9, 0x51, 0x11, 0x16, 0x66, 0x6a, 
    0xa6, 0x6b, 0xbb, 0xa6, 0xab, 0xaa, 0x66, 0x66, 0xaa, 0x56, 0x69, 0x55, 0x11, 0x11, 0x15, 0x51, 
    0x55, 0x15, 0x15, 0x15, 0x15, 0x15, 0x56, 0x55, 0x15, 0x55, 0x14, 0x01, 0x00, 0x10, 0x00, 0x00, 
    0x66, 0x5b, 0xbb, 0xb9, 0x7f, 0xb6, 0xaa, 0xab, 0xbb, 0x6a, 0xaa, 0x00, 0x00, 0x11, 0x01, 0x01, 
    0x11, 0x00, 0x00, 0x00, 0x00, 0x00, 0x00, 0x01, 0x00, 0x00, 0x00, 0x01, 0x01, 0x00, 0x00, 0x02, 
    0x91, 0x00, 0x05, 0x00, 0x00, 0x00, 0x01, 0x01, 0x11, 0x10, 0x19, 0xbf, 0xbf, 0xbf, 0xbf, 0x41, 
    0x75, 0x00, 0x00, 0x1a, 0x41, 0x00, 0x40, 0x00, 0x00, 0x00, 0x01, 0x00, 0x11, 0x11, 0x07, 0x90, 
    0x00, 0x01, 0x01, 0x11, 0x50, 0x12, 0x15, 0x11, 0x15, 0x55, 0x55, 0xa6, 0x66, 0xe5, 0x11, 0x12, 
    0x5a, 0x05, 0x51, 0x11, 0x11, 0x11, 0x11, 0x01, 0x1a, 0x69, 0x00, 0x01, 0x01, 0x01, 0x15, 0x11, 
    0x11, 0x11, 0x2a, 0x11, 0x11, 0x11, 0x11, 0x10, 0x00, 0x00, 0x00, 0x11, 0x06, 0x66, 0x66, 0x56, 
    0x95, 0x55, 0x99, 0x99, 0x95, 0x95, 0x99, 0x95, 0x95, 0x5a, 0x99, 0x44, 0x56, 0x80, 0x40, 0x54, 
    0x59, 0x95, 0x99, 0x54, 0x6a, 0xfe, 0x94, 0x45, 0xa4, 0x55, 0x55, 0x55, 0x55, 0x95, 0x95, 0x9e, 
    0xff, 0xd5, 0x55, 0x55, 0x55, 0x55, 0x99, 0x59, 0x55, 0x55, 0x99, 0x95, 0x99, 0x99, 0x99, 0x99, 
    0x99, 0x9a, 0xe9, 0x94, 0x56, 0x99, 0x99, 0xaa, 0xe9, 0xee, 0xff, 0xe5, 0xef, 0xfe, 0xa9, 0xa9, 
    0xaa, 0x99, 0xa9, 0x55, 0x94, 0x54, 0x55, 0x55, 0x95, 0x55, 0x54, 0x55, 0x55, 0x95, 0x55, 0x95, 
    0x55, 0x54, 0x94, 0x40, 0x44, 0x54, 0x44, 0x45, 0x94, 0x46, 0xff, 0xfc, 0xff, 0xea, 0xee, 0xee, 
    0xee, 0xae, 0xe8, 0x45, 0xad, 0x44, 0x44, 0x44, 0x54, 0x44, 0x40, 0x40, 0x40, 0x40, 0x40, 0x44, 
    0x40, 0x40, 0x44, 0x44, 0x44, 0x40, 0x40, 0x4a, 0xd4, 0x40, 0x55, 0x44, 0x40, 0x40, 0x40, 0x44, 
    0x54, 0x54, 0x5d, 0xfe, 0xff, 0xff, 0xff, 0xd4, 0xb8, 0x40, 0x44, 0x5e, 0x84, 0x45, 0x84, 0x40, 
    0x44, 0x44, 0x44, 0x40, 0x44, 0x54, 0x5f, 0xf4, 0x40, 0x40, 0x44, 0x40, 0x54, 0x54, 0xd5, 0x55, 
    0x95, 0x99, 0x95, 0xd5, 0x9e, 0xd5, 0x54, 0x56, 0x69, 0x45, 0x55, 0x55, 0x55, 0x55, 0x54, 0x44, 
    0x5a, 0xda, 0x44, 0x44, 0x44, 0x44, 0x44, 0x44, 0x44, 0x44, 0x6a, 0xe8, 0x44, 0x44, 0x54, 0x44, 
    0x44, 0x44, 0x44, 0x44, 0x59, 0x99, 0xa9, 0x99, 0x51, 0x55, 0x55, 0x55, 0x55, 0x55, 0x55, 0x55, 
    0x55, 0x56, 0x7a, 0x15, 0x55, 0x50, 0x00, 0x11, 0x55, 0x6a, 0x91, 0x10, 0x11, 0x6b, 0xfa, 0x50, 
    0x16, 0x11, 0x51, 0x55, 0x55, 0x55, 0x55, 0x66, 0xbb, 0x55, 0x55, 0x56, 0x55, 0x55, 0x6a, 0x51, 
    0x55, 0x55, 0x55, 0x55, 0x55, 0x55, 0x55, 0x65, 0x65, 0x67, 0x95, 0x51, 0x16, 0x65, 0x66, 0x66, 
    0xa6, 0xab, 0xfb, 0xb6, 0xab, 0xfb, 0x96, 0x62, 0xa9, 0x65, 0x65, 0x55, 0x55, 0x11, 0x11, 0x55, 
    0x51, 0x55, 0x50, 0x51, 0x55, 0x55, 0x55, 0x55, 0x55, 0x51, 0x50, 0x00, 0x11, 0x40, 0x00, 0x01, 
    0x6a, 0x5b, 0xbb, 0xfb, 0xff, 0xfa, 0xaa, 0xbb, 0xba, 0xaa, 0xa0, 0x2b, 0xf9, 0x11, 0x10, 0x11, 
    0x01, 0x00, 0x00, 0x00, 0x00, 0x00, 0x11, 0x01, 0x00, 0x00, 0x11, 0x00, 0x10, 0x00, 0x00, 0x06, 
    0x51, 0x01, 0x15, 0x10, 0x10, 0x00, 0x00, 0x00, 0x11, 0x11, 0x1a, 0x7b, 0xab, 0xfb, 0xff, 0xf0, 
    0x21, 0x10, 0x00, 0x1a, 0x40, 0x10, 0x70, 0x00, 0x00, 0x10, 0x10, 0x00, 0x11, 0x00, 0x7f, 0xf9, 
    0x00, 0x00, 0x11, 0x00, 0x00, 0x10, 0xb5, 0x55, 0x52, 0x65, 0x56, 0x55, 0x2b, 0x51, 0x51, 0x55, 
    0x65, 0x11, 0x51, 0x11, 0x11, 0x11, 0x10, 0x10, 0x12, 0xa2, 0xa4, 0x00, 0x10, 0x10, 0x11, 0x11, 
    0x11, 0x11, 0x15, 0x7a, 0x51, 0x11, 0x11, 0x10, 0x01, 0x10, 0x00, 0x11, 0x12, 0x66, 0x66, 0x66, 
    0x45, 0x59, 0x59, 0x59, 0x59, 0x59, 0x59, 0x59, 0x95, 0x5a, 0xef, 0x45, 0x55, 0x44, 0x44, 0x05, 
    0x59, 0x9a, 0x99, 0x44, 0x44, 0x45, 0xae, 0xe9, 0x44, 0x45, 0x55, 0x55, 0x59, 0x59, 0x55, 0x6a, 
    0xff, 0x95, 0x55, 0x55, 0x95, 0x55, 0x55, 0x45, 0x55, 0x55, 0x59, 0x59, 0x59, 0x99, 0x99, 0x99, 
    0x99, 0xab, 0x99, 0x44, 0x5d, 0x99, 0x99, 0x9a, 0x9a, 0xaf, 0xff, 0xe9, 0x97, 0xef, 0xda, 0x95, 
    0xa6, 0xa9, 0x99, 0x55, 0x55, 0x54, 0x45, 0x55, 0x55, 0x55, 0x55, 0x55, 0x55, 0x55, 0x55, 0x55, 
    0x55, 0x55, 0x44, 0x04, 0x05, 0x44, 0x04, 0x59, 0xe9, 0x9a, 0xae, 0xff, 0xff, 0xfe, 0xae, 0xae, 
    0xee, 0xee, 0x9a, 0xff, 0xf8, 0x44, 0x44, 0x45, 0x44, 0x04, 0x04, 0x00, 0x00, 0x04, 0x44, 0x44, 
    0x04, 0x00, 0x44, 0x44, 0x44, 0x04, 0x44, 0x1a, 0x44, 0x05, 0x54, 0x44, 0x04, 0x44, 0x44, 0x44, 
    0x44, 0x44, 0x4a, 0x6f, 0x9f, 0xff, 0xfe, 0xe8, 0x4a, 0x44, 0x04, 0x5e, 0x84, 0x44, 0xbc, 0x44, 
    0x04, 0x40, 0x44, 0x44, 0x44, 0x45, 0xff, 0xff, 0x84, 0x04, 0x44, 0x00, 0x04, 0x44, 0x69, 0x55, 
    0x5a, 0x59, 0x5a, 0x5a, 0x6e, 0x45, 0x55, 0x55, 0xa8, 0x45, 0x55, 0x55, 0x55, 0x45, 0x44, 0x44, 
    0x45, 0xd4, 0xac, 0x44, 0x44, 0x54, 0x45, 0x44, 0x44, 0x44, 0x5a, 0x9a, 0x44, 0x45, 0x45, 0x44, 
    0x04, 0x44, 0x04, 0x44, 0x55, 0x99, 0x99, 0x99, 0x55, 0x55, 0x55, 0x55, 0x55, 0x55, 0x55, 0x56, 
    0x65, 0x55, 0xab, 0x50, 0x15, 0x00, 0x00, 0x00, 0x01, 0x55, 0x56, 0x50, 0x00, 0x01, 0x01, 0x6b, 
    0x91, 0x51, 0x11, 0x15, 0x55, 0x55, 0x55, 0x6b, 0xbb, 0x55, 0x15, 0x55, 0x15, 0x5a, 0xb5, 0x15, 
    0x55, 0x55, 0x55, 0x55, 0x55, 0x55, 0x56, 0x65, 0x56, 0x6b, 0x15, 0x01, 0x26, 0x56, 0x56, 0x56, 
    0x66, 0xbf, 0xbb, 0xb9, 0x66, 0xf7, 0xb6, 0x56, 0x65, 0xba, 0x55, 0x55, 0x55, 0x15, 0x05, 0x15, 
    0x55, 0x15, 0x55, 0x15, 0x55, 0x55, 0x55, 0x11, 0x15, 0x11, 0x50, 0x01, 0x10, 0x00, 0x15, 0x57, 
    0xba, 0x66, 0x66, 0x6b, 0xbf, 0xbf, 0xaa, 0xaa, 0xaa, 0xab, 0xaa, 0xab, 0xb1, 0x11, 0x01, 0x11, 
    0x00, 0x00, 0x00, 0x00, 0x00, 0x01, 0x01, 0x00, 0x00, 0x01, 0x11, 0x01, 0x00, 0x01, 0x00, 0x2a, 
    0x10, 0x01, 0x00, 0x04, 0x01, 0x10, 0x00, 0x01, 0x01, 0x11, 0x06, 0x0b, 0x6b, 0xff, 0xa6, 0xa9, 
    0x01, 0x11, 0x00, 0x5a, 0x40, 0x01, 0xbd, 0x00, 0x00, 0x00, 0x01, 0x00, 0x00, 0x02, 0xbf, 0xb9, 
    0x00, 0x00, 0x01, 0x00, 0x00, 0x00, 0x25, 0x55, 0x59, 0x55, 0x5a, 0x5a, 0x6d, 0x11, 0x11, 0x52, 
    0xaa, 0xbb, 0xa5, 0x11, 0x11, 0x11, 0x11, 0x11, 0x01, 0x65, 0x25, 0x00, 0x01, 0x11, 0x11, 0x51, 
    0x11, 0x00, 0x16, 0x65, 0x51, 0x01, 0x11, 0x00, 0x01, 0x00, 0x01, 0x10, 0x11, 0x56, 0x56, 0x56, 
    0x99, 0x99, 0x99, 0x99, 0x99, 0x95, 0x99, 0x99, 0xb9, 0x95, 0xff, 0xe4, 0x44, 0x44, 0x44, 0x44, 
    0x44, 0x44, 0x45, 0x44, 0x55, 0x44, 0x44, 0x5a, 0xfe, 0x99, 0x55, 0x59, 0x99, 0x95, 0x95, 0x9a, 
    0xfe, 0x95, 0x55, 0x54, 0x55, 0x59, 0xe9, 0x95, 0x95, 0x95, 0x99, 0x99, 0x99, 0x99, 0x99, 0x99, 
    0x99, 0xae, 0x54, 0x55, 0xa5, 0x99, 0x9a, 0xea, 0xaa, 0xff, 0xfe, 0xfd, 0xa9, 0xfd, 0xf9, 0x9a, 
    0xaa, 0xbf, 0x99, 0x95, 0x55, 0x95, 0x55, 0x55, 0x55, 0x55, 0x98, 0x95, 0x55, 0x95, 0x95, 0x55, 
    0x55, 0x80, 0x54, 0x55, 0x54, 0x40, 0x49, 0xbf, 0xfa, 0xaa, 0xaa, 0xaa, 0xaa, 0xff, 0xee, 0xee, 
    0xea, 0xdf, 0xee, 0xee, 0xe4, 0x44, 0x45, 0x54, 0x44, 0x44, 0x40, 0x40, 0x40, 0x44, 0x44, 0x44, 
    0x40, 0x44, 0x44, 0x44, 0x40, 0x44, 0x40, 0x6d, 0x54, 0x04, 0x44, 0x44, 0x44, 0x44, 0x40, 0x44, 
    0x44, 0x44, 0x46, 0x46, 0x9f, 0xff, 0xe9, 0xa9, 0x44, 0x44, 0x44, 0x9a, 0x84, 0x45, 0xbd, 0x44, 
    0x44, 0x44, 0x44, 0x40, 0x40, 0x45, 0xff, 0xf4, 0x44, 0x40, 0x40, 0x40, 0x44, 0x40, 0x44, 0x45, 
    0x99, 0x95, 0xad, 0x9d, 0xac, 0x54, 0x45, 0x97, 0xff, 0xff, 0xff, 0xea, 0x95, 0x55, 0x54, 0x44, 
    0x54, 0x6e, 0x59, 0x44, 0x44, 0x45, 0x44, 0x94, 0x44, 0x44, 0x45, 0xed, 0x44, 0x44, 0x54, 0x44, 
    0x44, 0x44, 0x44, 0x44, 0x45, 0x55, 0x95, 0x99, 0x55, 0x55, 0x55, 0x55, 0x55, 0x55, 0x55, 0x66, 
    0x6a, 0x55, 0xba, 0xb0, 0x00, 0x01, 0x01, 0x11, 0x11, 0x10, 0x10, 0x00, 0x11, 0x11, 0x10, 0x10, 
    0x1b, 0xb5, 0x65, 0x65, 0x65, 0x55, 0x51, 0x6b, 0xba, 0x55, 0x55, 0x55, 0x11, 0x55, 0x15, 0x55, 
    0x55, 0x55, 0x55, 0x55, 0x55, 0x55, 0x55, 0x65, 0x66, 0x9a, 0x11, 0x11, 0x95, 0x66, 0x66, 0xaa, 
    0x6b, 0xbb, 0xbb, 0xbb, 0x65, 0xbe, 0x69, 0x66, 0x7b, 0xaa, 0xa5, 0x55, 0x55, 0x55, 0x51, 0x55, 
    0x55, 0x11, 0x51, 0x55, 0x55, 0x55, 0x51, 0x15, 0x51, 0x00, 0x11, 0x55, 0x51, 0x50, 0x12, 0xba, 
    0xa6, 0x65, 0x6b, 0xa6, 0x66, 0xaa, 0xbb, 0xa6, 0xaa, 0xaa, 0xab, 0xab, 0xa1, 0x11, 0x11, 0x10, 
    0x00, 0x00, 0x00, 0x00, 0x01, 0x11, 0x11, 0x00, 0x00, 0x11, 0x11, 0x00, 0x00, 0x10, 0x00, 0x69, 
    0x10, 0x01, 0x00, 0x00, 0x00, 0x10, 0x00, 0x10, 0x01, 0x10, 0x16, 0x52, 0xab, 0xbf, 0xea, 0x76, 
    0x51, 0x00, 0x10, 0x5a, 0x40, 0x01, 0x39, 0x10, 0x00, 0x00, 0x10, 0x10, 0x00, 0x01, 0x7b, 0xe0, 
    0x10, 0x00, 0x00, 0x00, 0x00, 0x00, 0x11, 0x02, 0xbb, 0x95, 0x75, 0x56, 0x75, 0x11, 0x15, 0x51, 
    0xbb, 0xbf, 0xff, 0xfa, 0x51, 0x11, 0x25, 0x11, 0x11, 0x2b, 0x96, 0x10, 0x11, 0x11, 0x51, 0x21, 
    0x11, 0x11, 0x11, 0x21, 0x11, 0x11, 0x10, 0x00, 0x10, 0x00, 0x11, 0x11, 0x12, 0x66, 0x51, 0x50, 
    0x59, 0x59, 0x59, 0x59, 0x55, 0x59, 0x59, 0x99, 0x9e, 0x95, 0xae, 0xd4, 0x04, 0x44, 0x05, 0x44, 
    0x45, 0x44, 0x44, 0x44, 0x44, 0x44, 0x44, 0x44, 0x44, 0xae, 0xaa, 0x99, 0x99, 0x59, 0x55, 0x9f, 
    0xed, 0x55, 0x55, 0x55, 0x54, 0x45, 0x59, 0x99, 0x55, 0x59, 0x59, 0x59, 0x59, 0x99, 0x99, 0x99, 
    0x99, 0x9d, 0x55, 0x45, 0x59, 0x99, 0x9a, 0xea, 0xae, 0xee, 0xee, 0xee, 0x99, 0xbf, 0x9d, 0x99, 
    0xbf, 0xe6, 0xfd, 0x99, 0x55, 0x95, 0x55, 0x49, 0x55, 0x45, 0x55, 0x55, 0x55, 0x55, 0x45, 0x59, 
    0x45, 0x55, 0x55, 0x55, 0x05, 0x94, 0x5f, 0xee, 0x9a, 0x9a, 0x9a, 0x9a, 0xaa, 0xaa, 0xaa, 0xe5, 
    0x99, 0xae, 0xee, 0xee, 0xd4, 0x44, 0x45, 0x44, 0x04, 0x04, 0x04, 0x04, 0x44, 0x44, 0x44, 0x44, 
    0x04, 0x44, 0x44, 0x04, 0x04, 0x44, 0x04, 0x58, 0x44, 0x05, 0x44, 0x44, 0x54, 0x44, 0x40, 0x04, 
    0x04, 0x04, 0x59, 0x96, 0xea, 0xea, 0xee, 0xaa, 0x84, 0x44, 0x44, 0x9a, 0x44, 0x04, 0x6c, 0x44, 
    0x44, 0x44, 0x44, 0x44, 0x04, 0x04, 0x5f, 0x84, 0x44, 0x44, 0x05, 0x59, 0x54, 0x00, 0x04, 0x45, 
    0xaf, 0xe9, 0xa5, 0xab, 0xa5, 0x55, 0x59, 0x49, 0x4a, 0xff, 0xff, 0xe5, 0x45, 0x45, 0x64, 0x44, 
    0x45, 0x5f, 0x85, 0x84, 0x44, 0x44, 0x44, 0x58, 0x44, 0x44, 0x44, 0x44, 0x44, 0x44, 0x44, 0x04, 
    0x44, 0x44, 0x44, 0x44, 0x44, 0x59, 0x45, 0x94, 0x55, 0x55, 0x55, 0x55, 0x55, 0x55, 0x55, 0x56, 
    0x6b, 0xa5, 0x6b, 0xa0, 0x00, 0x01, 0x11, 0x11, 0x15, 0x00, 0x00, 0x00, 0x01, 0x01, 0x01, 0x00, 
    0x00, 0x02, 0xbb, 0x96, 0x55, 0x55, 0x12, 0x6b, 0xb9, 0x55, 0x15, 0x15, 0x15, 0x21, 0x56, 0x55, 
    0x55, 0x55, 0x55, 0x55, 0x55, 0x55, 0x55, 0x55, 0x56, 0x69, 0x11, 0x11, 0x16, 0x66, 0x66, 0xaa, 
    0xbb, 0xab, 0xab, 0xaa, 0x55, 0x6f, 0x66, 0x16, 0x66, 0x56, 0x6a, 0x55, 0x55, 0x55, 0x11, 0x05, 
    0x55, 0x11, 0x11, 0x55, 0x11, 0x51, 0x15, 0x15, 0x01, 0x15, 0x55, 0x11, 0x16, 0x41, 0x75, 0x6b, 
    0xa6, 0x66, 0x66, 0x6a, 0x66, 0x6a, 0x6a, 0xa5, 0x55, 0x6a, 0xba, 0xaa, 0x81, 0x11, 0x11, 0x00, 
    0x00, 0x00, 0x00, 0x01, 0x01, 0x01, 0x10, 0x00, 0x01, 0x01, 0x00, 0x00, 0x01, 0x01, 0x00, 0x11, 
    0x00, 0x01, 0x10, 0x15, 0x15, 0x11, 0x00, 0x00, 0x00, 0x01, 0x15, 0x52, 0xa6, 0xaa, 0x6b, 0xa6, 
    0x51, 0x00, 0x00, 0x5a, 0x00, 0x00, 0x15, 0x00, 0x00, 0x00, 0x00, 0x00, 0x00, 0x01, 0x1b, 0x01, 
    0x00, 0x00, 0x15, 0x56, 0x55, 0x00, 0x00, 0x02, 0x5b, 0xba, 0x96, 0xab, 0x55, 0x11, 0x15, 0x15, 
    0x15, 0x6b, 0xbf, 0xe1, 0x11, 0x11, 0xa1, 0x00, 0x00, 0xa5, 0x11, 0x11, 0x11, 0x01, 0x11, 0x15, 
    0x01, 0x11, 0x11, 0x11, 0x11, 0x01, 0x00, 0x01, 0x00, 0x01, 0x01, 0x01, 0x11, 0x11, 0x15, 0x50, 
    0x99, 0x99, 0x99, 0x99, 0x99, 0x95, 0x99, 0x99, 0xab, 0xe9, 0x6e, 0xe4, 0x44, 0x44, 0x44, 0x55, 
    0x99, 0x54, 0x44, 0x54, 0x44, 0x44, 0x54, 0x44, 0x44, 0x44, 0x5a, 0xfe, 0x99, 0x95, 0x55, 0xae, 
    0xe9, 0x55, 0x55, 0x55, 0x55, 0x55, 0xe4, 0x55, 0x95, 0x95, 0x95, 0x99, 0x99, 0x99, 0x9a, 0x99, 
    0x99, 0x69, 0x45, 0x59, 0x59, 0xa9, 0xaa, 0xea, 0xff, 0xee, 0xee, 0xe9, 0x99, 0x9f, 0xee, 0x55, 
    0xff, 0xfe, 0xfe, 0xa9, 0x95, 0x95, 0x94, 0x48, 0x55, 0x54, 0x55, 0x55, 0x55, 0x55, 0x54, 0x54, 
    0x55, 0x55, 0x95, 0x54, 0x65, 0x5a, 0xf8, 0x95, 0xaa, 0xaa, 0xae, 0xae, 0xea, 0xaa, 0xaa, 0xee, 
    0xaa, 0xae, 0xee, 0xfe, 0x84, 0x45, 0x54, 0x44, 0x40, 0x40, 0x44, 0x44, 0x44, 0x44, 0x44, 0x40, 
    0x44, 0x44, 0x40, 0x40, 0x44, 0x44, 0x40, 0x44, 0x40, 0x45, 0x50, 0x5a, 0xfe, 0x54, 0x44, 0x44, 
    0x44, 0x00, 0x59, 0x95, 0xea, 0xa9, 0xaf, 0xa9, 0x94, 0x44, 0x44, 0x5e, 0x44, 0x44, 0x48, 0x44, 
    0x40, 0x44, 0x44, 0x44, 0x44, 0x45, 0x55, 0x44, 0x4a, 0x45, 0x55, 0x95, 0x44, 0x54, 0x44, 0x44, 
    0x6a, 0xfe, 0x95, 0x9f, 0x95, 0x54, 0x59, 0x55, 0x59, 0x94, 0x9a, 0xa5, 0x55, 0x55, 0xe4, 0x44, 
    0x44, 0x6d, 0x54, 0x54, 0x44, 0x45, 0x55, 0x45, 0x44, 0x44, 0x45, 0x54, 0x54, 0x44, 0x44, 0x44, 
    0x44, 0x44, 0x44, 0x45, 0x54, 0x6a, 0x94, 0x54, 0x55, 0x55, 0x55, 0x55, 0x55, 0x55, 0x55, 0x66, 
    0x67, 0xea, 0x5b, 0xb4, 0x01, 0x50, 0x01, 0x11, 0x65, 0x11, 0x11, 0x10, 0x01, 0x11, 0x11, 0x11, 
    0x10, 0x10, 0x10, 0x6b, 0xa5, 0x51, 0x55, 0x7b, 0xb5, 0x55, 0x55, 0x55, 0x55, 0x10, 0x11, 0x55, 
    0x55, 0x55, 0x55, 0x55, 0x55, 0x55, 0x56, 0x55, 0x65, 0x75, 0x11, 0x24, 0x55, 0x66, 0xba, 0xab, 
    0xfb, 0xaa, 0xbb, 0xba, 0x51, 0x5b, 0xa6, 0xa6, 0x66, 0x66, 0x61, 0x6a, 0x55, 0x55, 0x55, 0x15, 
    0x15, 0x51, 0x51, 0x51, 0x11, 0x51, 0x56, 0x11, 0x55, 0x55, 0x55, 0x50, 0x90, 0x7a, 0xfa, 0x52, 
    0x66, 0x66, 0xba, 0x7a, 0xab, 0xba, 0xab, 0xbb, 0x66, 0x66, 0xba, 0xab, 0x51, 0x11, 0x50, 0x00, 
    0x00, 0x00, 0x00, 0x11, 0x11, 0x11, 0x10, 0x01, 0x11, 0x11, 0x00, 0x00, 0x10, 0x10, 0x01, 0x50, 
    0x00, 0x11, 0x10, 0x36, 0x5b, 0x51, 0x10, 0x00, 0x00, 0x00, 0x25, 0x15, 0xa6, 0xb6, 0x6b, 0x66, 
    0x61, 0x10, 0x10, 0x6a, 0x40, 0x00, 0x04, 0x00, 0x00, 0x00, 0x10, 0x00, 0x00, 0x11, 0x50, 0x00, 
    0x1a, 0x11, 0x55, 0x00, 0x00, 0x01, 0x41, 0x11, 0x56, 0xb7, 0xa1, 0x3b, 0x51, 0x51, 0x56, 0x15, 
    0x55, 0x51, 0x51, 0x11, 0x11, 0x13, 0xf0, 0x00, 0x10, 0x06, 0x55, 0x10, 0x11, 0x11, 0x55, 0x12, 
    0x50, 0x11, 0x12, 0x51, 0x11, 0x11, 0x00, 0x10, 0x00, 0x11, 0x10, 0x11, 0x55, 0x65, 0x15, 0x11, 
    0x59, 0x59, 0x59, 0x59, 0x55, 0x59, 0x59, 0x99, 0xaa, 0xea, 0x9a, 0xe8, 0x44, 0x44, 0x44, 0x56, 
    0x95, 0x55, 0x45, 0x45, 0x45, 0x55, 0x55, 0x44, 0x44, 0x44, 0x44, 0x45, 0xfd, 0x55, 0x55, 0xbf, 
    0xe5, 0x55, 0x55, 0x55, 0x59, 0x44, 0x44, 0x98, 0x55, 0x59, 0x59, 0x59, 0x59, 0x99, 0x9a, 0x99, 
    0x99, 0x64, 0x55, 0xa9, 0x9a, 0x9a, 0xef, 0xef, 0xfe, 0xae, 0xee, 0xe9, 0x95, 0x5a, 0x6e, 0xe9, 
    0x99, 0x99, 0x99, 0x59, 0x95, 0x55, 0x55, 0x49, 0x55, 0x55, 0x44, 0x55, 0x55, 0x55, 0x49, 0x45, 
    0x45, 0x59, 0x55, 0x55, 0x46, 0xd6, 0xff, 0xed, 0x6a, 0x99, 0x9a, 0xae, 0xee, 0xae, 0xee, 0xae, 
    0xaa, 0xaa, 0xae, 0xee, 0x44, 0x45, 0x44, 0x04, 0x44, 0x04, 0x04, 0x44, 0x44, 0x44, 0x40, 0x44, 
    0x44, 0x44, 0x44, 0x04, 0x44, 0x44, 0x04, 0x44, 0x00, 0x55, 0x44, 0x6e, 0x96, 0xd5, 0x54, 0x04, 
    0x04, 0x04, 0x54, 0x44, 0xea, 0xa9, 0x9a, 0x99, 0x94, 0x44, 0x44, 0x9e, 0x44, 0x44, 0x04, 0x44, 
    0x05, 0x44, 0x44, 0x44, 0x44, 0x05, 0x54, 0x00, 0x58, 0x44, 0x54, 0x44, 0x04, 0x44, 0x94, 0x44, 
    0xa5, 0x9a, 0xe9, 0xae, 0x55, 0x55, 0x54, 0x54, 0x59, 0x54, 0x55, 0x45, 0x55, 0x4b, 0xf4, 0x44, 
    0x44, 0x04, 0x95, 0x55, 0x44, 0x44, 0x59, 0x45, 0x84, 0x44, 0x46, 0x44, 0x44, 0x44, 0x44, 0x44, 
    0x44, 0x44, 0x44, 0x45, 0x45, 0x55, 0x44, 0x45, 0x55, 0x55, 0x55, 0x55, 0x51, 0x55, 0x55, 0x56, 
    0x6a, 0xf6, 0x56, 0xa9, 0x00, 0x10, 0x00, 0x16, 0x55, 0x11, 0x11, 0x11, 0x11, 0x15, 0x11, 0x11, 
    0x11, 0x10, 0x00, 0x11, 0x17, 0x55, 0x15, 0xbb, 0xa5, 0x15, 0x15, 0x55, 0x51, 0x05, 0x01, 0x55, 
    0x55, 0x55, 0x55, 0x55, 0x55, 0x55, 0x56, 0x55, 0x55, 0x60, 0x12, 0xa6, 0x56, 0x6a, 0xab, 0xbf, 
    0xab, 0xa6, 0x6b, 0xb5, 0x15, 0x56, 0x66, 0x65, 0x55, 0x55, 0x65, 0x95, 0x55, 0x55, 0x51, 0x05, 
    0x01, 0x11, 0x11, 0x15, 0x55, 0x11, 0x01, 0x11, 0x15, 0x15, 0x15, 0x01, 0x7a, 0x5b, 0xbf, 0xbb, 
    0x66, 0x66, 0x66, 0x56, 0x6a, 0xaa, 0xbb, 0xaa, 0x6a, 0x7b, 0xaa, 0xaa, 0x11, 0x11, 0x10, 0x00, 
    0x01, 0x00, 0x01, 0x01, 0x01, 0x01, 0x00, 0x01, 0x01, 0x11, 0x00, 0x01, 0x00, 0x00, 0x00, 0x01, 
    0x00, 0x11, 0x04, 0xab, 0x92, 0x91, 0x11, 0x00, 0x00, 0x00, 0x11, 0x00, 0xbf, 0xaa, 0x66, 0x6a, 
    0x54, 0x11, 0x11, 0x6a, 0x10, 0x00, 0x00, 0x01, 0x11, 0x10, 0x00, 0x00, 0x00, 0x11, 0x10, 0x00, 
    0x01, 0x10, 0x00, 0x00, 0x00, 0x00, 0x24, 0x51, 0x10, 0x67, 0xa5, 0xb9, 0x55, 0x11, 0x11, 0x11, 
    0x55, 0x55, 0x11, 0x11, 0x11, 0x1f, 0xe1, 0x00, 0x00, 0x00, 0x15, 0x11, 0x00, 0x01, 0x15, 0x11, 
    0x51, 0x01, 0x1b, 0x51, 0x11, 0x10, 0x00, 0x00, 0x00, 0x01, 0x01, 0x11, 0x11, 0x15, 0x55, 0x11, 
    0x99, 0x99, 0x95, 0x55, 0x95, 0x99, 0x99, 0x99, 0xae, 0xf9, 0x99, 0xad, 0x40, 0x54, 0x44, 0x5a, 
    0x95, 0x54, 0x54, 0x55, 0x55, 0x55, 0x55, 0x55, 0x54, 0x55, 0x54, 0x44, 0x44, 0xa9, 0x59, 0xfe, 
    0xd5, 0x55, 0x55, 0x55, 0x94, 0x44, 0x44, 0x55, 0x99, 0x95, 0x99, 0x99, 0x99, 0x99, 0x99, 0x99, 
    0x99, 0xa4, 0x5e, 0x99, 0x99, 0xaa, 0xef, 0xfe, 0xee, 0xee, 0x95, 0xa5, 0x58, 0x54, 0x9a, 0xf9, 
    0x99, 0x95, 0xa9, 0x95, 0x95, 0x55, 0x99, 0x95, 0x54, 0x55, 0x44, 0x55, 0x95, 0x55, 0x45, 0x95, 
    0x55, 0x55, 0x54, 0x45, 0xe9, 0x6f, 0xff, 0xee, 0xaa, 0x99, 0x99, 0xa9, 0x9a, 0xaa, 0xff, 0xee, 
    0xaa, 0xfe, 0xef, 0xed, 0x54, 0x55, 0x40, 0x44, 0x54, 0x44, 0x44, 0x44, 0x44, 0x44, 0x44, 0x44, 
    0x44, 0x44, 0x44, 0x44, 0x44, 0x44, 0x40, 0x40, 0x40, 0x44, 0x45, 0xea, 0xe4, 0xa9, 0x54, 0x40, 
    0x44, 0x44, 0x94, 0x44, 0xff, 0xfe, 0xea, 0x99, 0xa9, 0x44, 0x44, 0xae, 0x44, 0x54, 0x40, 0x44, 
    0x54, 0x54, 0x40, 0x40, 0x44, 0x54, 0x54, 0x00, 0x44, 0x45, 0x40, 0x44, 0x44, 0x44, 0x5a, 0x64, 
    0x44, 0x59, 0xea, 0xfd, 0x95, 0x55, 0x5a, 0x45, 0x99, 0x94, 0x55, 0x55, 0x55, 0x6d, 0xd4, 0x44, 
    0x40, 0x44, 0x46, 0x58, 0x44, 0x44, 0x59, 0x94, 0xa4, 0x44, 0x4f, 0x94, 0x44, 0x44, 0x44, 0x44, 
    0x40, 0x44, 0x44, 0x54, 0x54, 0x5a, 0x94, 0x44, 0x55, 0x55, 0x51, 0x55, 0x55, 0x55, 0x55, 0x56, 
    0xbb, 0xb9, 0x55, 0x6a, 0x10, 0x15, 0x01, 0x2a, 0x51, 0x51, 0x11, 0x11, 0x15, 0x55, 0x51, 0x51, 
    0x11, 0x51, 0x56, 0x65, 0x10, 0x11, 0x56, 0xbb, 0xa1, 0x55, 0x55, 0x55, 0x50, 0x00, 0x15, 0x55, 
    0x55, 0x55, 0x55, 0x55, 0x55, 0x65, 0x66, 0x65, 0x65, 0x51, 0x29, 0x66, 0x66, 0xaa, 0xab, 0xba, 
    0xba, 0xab, 0xba, 0x91, 0x50, 0x55, 0xba, 0xab, 0xa5, 0x55, 0x56, 0x51, 0x55, 0x51, 0x55, 0x51, 
    0x50, 0x01, 0x15, 0x15, 0x55, 0x15, 0x55, 0x55, 0x51, 0x55, 0x10, 0x1a, 0x61, 0xbb, 0xab, 0xfa, 
    0x66, 0x6a, 0x66, 0x65, 0x65, 0x6a, 0xbb, 0xaa, 0xa6, 0xba, 0xab, 0xa9, 0x11, 0x15, 0x00, 0x11, 
    0x10, 0x11, 0x11, 0x11, 0x11, 0x10, 0x11, 0x11, 0x11, 0x10, 0x00, 0x11, 0x11, 0x10, 0x00, 0x00, 
    0x00, 0x05, 0x97, 0xba, 0xb3, 0x29, 0x10, 0x10, 0x01, 0x01, 0x55, 0x00, 0xbb, 0xfa, 0xfa, 0xa6, 
    0x66, 0x11, 0x11, 0xba, 0x51, 0x10, 0x00, 0x00, 0x18, 0x14, 0x10, 0x00, 0x10, 0x11, 0x10, 0x00, 
    0x01, 0x11, 0x10, 0x00, 0x10, 0x10, 0x12, 0x59, 0x50, 0x1a, 0x67, 0xf6, 0x51, 0x25, 0x56, 0x51, 
    0x55, 0x55, 0x11, 0x11, 0x11, 0x79, 0x50, 0x10, 0x00, 0x00, 0x11, 0x91, 0x10, 0x11, 0x16, 0x55, 
    0x25, 0x11, 0x17, 0x51, 0x11, 0x10, 0x01, 0x10, 0x00, 0x10, 0x11, 0x11, 0x11, 0x16, 0x51, 0x11, 
    0x59, 0x59, 0x55, 0x55, 0x55, 0x59, 0x99, 0x59, 0xaf, 0xad, 0x95, 0x9e, 0x44, 0x45, 0x94, 0x59, 
    0x55, 0x55, 0x45, 0x45, 0x55, 0x55, 0x55, 0x55, 0x55, 0x55, 0x59, 0x99, 0x95, 0x44, 0x46, 0xee, 
    0x95, 0x55, 0x55, 0x55, 0x55, 0x44, 0x55, 0x59, 0x99, 0x59, 0x59, 0x59, 0x99, 0x99, 0x99, 0x99, 
    0x99, 0x94, 0x95, 0x99, 0x9a, 0xee, 0xee, 0xea, 0xee, 0xae, 0xee, 0xd5, 0x55, 0x55, 0xaf, 0xfd, 
    0x6e, 0x99, 0x95, 0xa9, 0x55, 0x55, 0x69, 0x55, 0x44, 0x45, 0x45, 0x45, 0x55, 0x55, 0x95, 0x55, 
    0x55, 0x54, 0x45, 0x4a, 0x86, 0xae, 0x9a, 0xae, 0x9a, 0x99, 0x95, 0x99, 0x59, 0x99, 0xaa, 0xee, 
    0xea, 0xee, 0xaf, 0xa8, 0x45, 0x55, 0x44, 0x44, 0x44, 0x44, 0x44, 0x44, 0x44, 0x44, 0x44, 0x44, 
    0x44, 0x44, 0x04, 0x44, 0x44, 0x44, 0x04, 0x00, 0x40, 0x46, 0xee, 0xae, 0xe9, 0x84, 0x44, 0x44, 
    0x04, 0x45, 0x54, 0x44, 0xbf, 0xea, 0xf9, 0x99, 0xaf, 0x44, 0x45, 0xae, 0x44, 0x54, 0x00, 0x04, 
    0x5a, 0x58, 0x44, 0x40, 0x44, 0x05, 0x44, 0x04, 0x04, 0x44, 0x54, 0x04, 0x44, 0x44, 0x45, 0x84, 
    0x54, 0x09, 0x9f, 0xea, 0x55, 0x65, 0x5a, 0x95, 0x59, 0x59, 0x55, 0x55, 0x45, 0xfd, 0x45, 0x44, 
    0x04, 0x04, 0x44, 0x59, 0x54, 0x44, 0x45, 0x99, 0x59, 0x44, 0x47, 0x84, 0x44, 0x44, 0x44, 0x44, 
    0x04, 0x44, 0x44, 0x45, 0x45, 0x46, 0x94, 0x54, 0x55, 0x55, 0x15, 0x15, 0x15, 0x55, 0x55, 0x56, 
    0x6a, 0xae, 0x55, 0x6b, 0x40, 0x00, 0x01, 0x15, 0x15, 0x11, 0x11, 0x11, 0x11, 0x15, 0x11, 0x11, 
    0x15, 0x11, 0x15, 0x55, 0x55, 0x51, 0x12, 0xab, 0x55, 0x55, 0x15, 0x15, 0x51, 0x11, 0x15, 0x66, 
    0x55, 0x55, 0x55, 0x55, 0x55, 0x55, 0x56, 0x55, 0x55, 0x52, 0x56, 0x66, 0x6b, 0xba, 0xab, 0xa6, 
    0xaa, 0xa6, 0xba, 0x55, 0x16, 0x55, 0x6b, 0xbe, 0x66, 0xa6, 0x55, 0x6a, 0x55, 0x55, 0x15, 0x51, 
    0x51, 0x01, 0x51, 0x15, 0x15, 0x56, 0x55, 0x11, 0x15, 0x15, 0x65, 0x16, 0x16, 0xab, 0x96, 0x65, 
    0x66, 0x6a, 0x56, 0x55, 0x56, 0x66, 0x56, 0x67, 0xba, 0xaa, 0xaa, 0xa5, 0x11, 0x11, 0x01, 0x00, 
    0x10, 0x01, 0x01, 0x01, 0x01, 0x01, 0x01, 0x01, 0x01, 0x00, 0x01, 0x11, 0x01, 0x00, 0x00, 0x01, 
    0x01, 0x02, 0xaa, 0xab, 0xa5, 0x10, 0x01, 0x10, 0x01, 0x02, 0x55, 0x01, 0x7b, 0xbe, 0xa5, 0x56, 
    0xaa, 0x41, 0x11, 0x7a, 0x11, 0x10, 0x00, 0x01, 0x11, 0x25, 0x00, 0x00, 0x00, 0x11, 0x10, 0x00, 
    0x11, 0x01, 0x14, 0x00, 0x00, 0x00, 0x07, 0x90, 0x10, 0x01, 0x77, 0xaa, 0x51, 0x65, 0x26, 0x15, 
    0x55, 0x55, 0x11, 0x11, 0x11, 0xad, 0x01, 0x80, 0x00, 0x01, 0x00, 0x06, 0x11, 0x11, 0x01, 0x65, 
    0x16, 0x11, 0x02, 0x41, 0x11, 0x00, 0x01, 0x00, 0x01, 0x00, 0x11, 0x11, 0x11, 0x12, 0x11, 0x11, 
    0x95, 0x95, 0x55, 0x55, 0x59, 0x99, 0x99, 0x99, 0xaa, 0x9e, 0x99, 0x9a, 0x84, 0x44, 0x40, 0x55, 
    0x95, 0x55, 0x55, 0x95, 0x55, 0x55, 0x55, 0x55, 0x55, 0x55, 0x99, 0x99, 0x95, 0x55, 0x6e, 0xee, 
    0x95, 0x55, 0x55, 0x55, 0x55, 0x54, 0x55, 0x99, 0x95, 0x99, 0x99, 0x99, 0x99, 0x99, 0x99, 0x99, 
    0x99, 0xa9, 0x99, 0xa9, 0xaa, 0xaa, 0xee, 0xee, 0xea, 0x95, 0x59, 0x55, 0x59, 0x99, 0xae, 0xff, 
    0xaa, 0xae, 0x99, 0x99, 0x95, 0x95, 0x55, 0x55, 0x99, 0x54, 0x54, 0x45, 0x55, 0x9a, 0x55, 0x55, 
    0x59, 0x99, 0x55, 0xa9, 0xae, 0xee, 0xd9, 0x99, 0xaa, 0xaa, 0x99, 0xaa, 0xaa, 0xa9, 0xa9, 0x9a, 
    0xee, 0xee, 0xfe, 0xe4, 0x55, 0x54, 0x44, 0x40, 0x54, 0x44, 0x44, 0x44, 0x44, 0x44, 0x44, 0x44, 
    0x44, 0x40, 0x44, 0x54, 0x44, 0x40, 0x40, 0x40, 0x45, 0x46, 0xea, 0xee, 0xe9, 0x54, 0x54, 0x54, 
    0x44, 0x45, 0x94, 0x44, 0x7f, 0xea, 0xe9, 0xa9, 0xa9, 0x94, 0x44, 0xbe, 0x54, 0x54, 0x44, 0x44, 
    0x44, 0xa4, 0x40, 0x44, 0x44, 0x44, 0x54, 0x44, 0x44, 0x44, 0x44, 0x44, 0x44, 0x44, 0x45, 0x90, 
    0x54, 0x45, 0x6d, 0xd9, 0xd5, 0x94, 0xa9, 0x54, 0x59, 0x95, 0x55, 0x55, 0x56, 0xec, 0x44, 0x44, 
    0x44, 0x44, 0x44, 0x45, 0x94, 0x54, 0x54, 0x99, 0x96, 0x44, 0x45, 0x84, 0x54, 0x44, 0x44, 0x44, 
    0x44, 0x44, 0x54, 0x54, 0x54, 0x55, 0x44, 0x45, 0x55, 0x55, 0x51, 0x51, 0x55, 0x55, 0x55, 0x66, 
    0x65, 0x67, 0x65, 0x66, 0x90, 0x11, 0x00, 0x11, 0x51, 0x11, 0x11, 0x51, 0x51, 0x51, 0x51, 0x51, 
    0x51, 0x51, 0x55, 0x55, 0x55, 0x51, 0x6b, 0xba, 0x55, 0x55, 0x55, 0x51, 0x11, 0x51, 0x12, 0x56, 
    0x55, 0x55, 0x55, 0x55, 0x55, 0x55, 0x65, 0x65, 0x65, 0x15, 0x66, 0x66, 0xab, 0xba, 0x55, 0xba, 
    0xaa, 0xa5, 0x51, 0x55, 0x55, 0x55, 0x6a, 0xff, 0xa6, 0xa6, 0xb5, 0x55, 0x55, 0x55, 0x11, 0x10, 
    0x15, 0x55, 0x10, 0x11, 0x15, 0x59, 0x55, 0x55, 0x65, 0x50, 0x26, 0x51, 0x6a, 0xba, 0xa5, 0x16, 
    0x66, 0xaa, 0x5a, 0x55, 0x7b, 0xa6, 0xa6, 0xa7, 0xaa, 0xba, 0xba, 0xb1, 0x11, 0x10, 0x10, 0x00, 
    0x11, 0x11, 0x11, 0x11, 0x11, 0x11, 0x11, 0x11, 0x10, 0x00, 0x11, 0x11, 0x11, 0x00, 0x00, 0x00, 
    0x00, 0x17, 0xbb, 0xba, 0xa5, 0x00, 0x11, 0x11, 0x10, 0x01, 0x55, 0x11, 0x3b, 0xe5, 0xa6, 0x65, 
    0x66, 0xa1, 0x11, 0xba, 0x11, 0x11, 0x00, 0x00, 0x11, 0xa0, 0x00, 0x00, 0x11, 0x00, 0x10, 0x00, 
    0x11, 0x10, 0x10, 0x10, 0x00, 0x00, 0x11, 0x50, 0x00, 0x02, 0x17, 0x65, 0xa2, 0xa1, 0x65, 0x55, 
    0x55, 0x55, 0x11, 0x51, 0x17, 0xf4, 0x10, 0x10, 0x10, 0x10, 0x10, 0x11, 0x66, 0x51, 0x11, 0x65, 
    0x61, 0x50, 0x11, 0x11, 0x10, 0x00, 0x10, 0x00, 0x11, 0x11, 0x11, 0x11, 0x11, 0x10, 0x11, 0x11, 
    0x59, 0x59, 0x55, 0x55, 0x59, 0x59, 0x99, 0x99, 0x99, 0x9b, 0x99, 0x59, 0x94, 0x44, 0x94, 0x55, 
    0x55, 0x45, 0x45, 0x55, 0x55, 0x55, 0x55, 0x55, 0x55, 0x56, 0x59, 0x55, 0x55, 0x55, 0xae, 0xed, 
    0x55, 0x55, 0x55, 0x54, 0x55, 0x55, 0x5a, 0x99, 0x55, 0x59, 0x59, 0x99, 0x99, 0x99, 0xa9, 0x99, 
    0x99, 0x99, 0x99, 0x9a, 0xaf, 0xae, 0xee, 0x95, 0xaa, 0x59, 0x45, 0x59, 0x55, 0x95, 0x5b, 0xff, 
    0xda, 0xa9, 0xaf, 0x99, 0x59, 0x59, 0x54, 0x55, 0x45, 0x54, 0x44, 0x55, 0x45, 0x65, 0x55, 0x94, 
    0x45, 0x55, 0x55, 0xa9, 0x55, 0x59, 0x55, 0x9a, 0x99, 0x99, 0x5a, 0xd9, 0xaa, 0xaa, 0xea, 0xeb, 
    0xfe, 0xea, 0xee, 0xd5, 0x45, 0x44, 0x44, 0x44, 0x44, 0x44, 0x44, 0x44, 0x44, 0x44, 0x44, 0x44, 
    0x44, 0x04, 0x44, 0x44, 0x44, 0x44, 0x04, 0x04, 0x04, 0x07, 0xef, 0xef, 0xed, 0x44, 0x14, 0x44, 
    0x44, 0x41, 0x99, 0x44, 0x7f, 0xee, 0x99, 0x99, 0x9a, 0xe4, 0x44, 0xae, 0x44, 0x45, 0x44, 0x04, 
    0x44, 0x94, 0x40, 0x04, 0x45, 0x44, 0x44, 0x44, 0x44, 0x44, 0x44, 0x44, 0x44, 0x00, 0x05, 0x54, 
    0x44, 0x05, 0x85, 0xd9, 0xaa, 0x95, 0x99, 0x99, 0x59, 0x59, 0x45, 0x55, 0x5f, 0xe4, 0x44, 0x44, 
    0x04, 0x44, 0x44, 0x45, 0x8a, 0x94, 0x44, 0x59, 0x99, 0x94, 0x44, 0x44, 0x44, 0x04, 0x44, 0x44, 
    0x44, 0x44, 0x45, 0x44, 0x45, 0x44, 0x44, 0x45, 0x56, 0x55, 0x15, 0x15, 0x55, 0x56, 0x56, 0x66, 
    0x55, 0x56, 0x95, 0x55, 0x60, 0x01, 0x11, 0x11, 0x11, 0x11, 0x11, 0x15, 0x11, 0x55, 0x15, 0x15, 
    0x15, 0x15, 0x55, 0x55, 0x55, 0x55, 0xbb, 0xba, 0x55, 0x15, 0x15, 0x11, 0x15, 0x55, 0x55, 0x51, 
    0x55, 0x55, 0x55, 0x55, 0x55, 0x55, 0x65, 0x55, 0x55, 0x55, 0x56, 0x66, 0xab, 0xaa, 0xba, 0xaa, 
    0x51, 0x11, 0x11, 0x19, 0x55, 0x51, 0x57, 0xbf, 0xe6, 0x66, 0x66, 0x7b, 0x55, 0x55, 0x55, 0x01, 
    0x11, 0x11, 0x01, 0x11, 0x15, 0x95, 0x56, 0x51, 0x11, 0x15, 0x55, 0x55, 0x55, 0x11, 0x16, 0x66, 
    0x65, 0x66, 0x66, 0x66, 0xa6, 0x66, 0x6a, 0xab, 0xbb, 0xbb, 0xaa, 0x91, 0x11, 0x01, 0x00, 0x11, 
    0x01, 0x11, 0x01, 0x01, 0x01, 0x01, 0x01, 0x01, 0x00, 0x10, 0x11, 0x11, 0x11, 0x00, 0x01, 0x00, 
    0x01, 0x02, 0xab, 0xbb, 0xb9, 0x00, 0x19, 0x11, 0x00, 0x01, 0x55, 0x11, 0x3f, 0xba, 0x56, 0x56, 
    0x66, 0xa1, 0x11, 0x7a, 0x01, 0x01, 0x11, 0x00, 0x11, 0x11, 0x00, 0x01, 0x00, 0x00, 0x00, 0x10, 
    0x11, 0x00, 0x01, 0x01, 0x00, 0x10, 0x10, 0x10, 0x10, 0x01, 0x50, 0x26, 0x6b, 0x52, 0x51, 0x55, 
    0x15, 0x55, 0x01, 0x11, 0x2f, 0x90, 0x00, 0x00, 0x01, 0x00, 0x01, 0x01, 0x12, 0xa5, 0x11, 0x15, 
    0x55, 0x61, 0x11, 0x11, 0x10, 0x01, 0x00, 0x01, 0x00, 0x01, 0x11, 0x11, 0x11, 0x00, 0x01, 0x11, 
    0x99, 0x55, 0x55, 0x55, 0x95, 0x99, 0x9a, 0xa9, 0x55, 0x59, 0xd9, 0x99, 0xa4, 0x44, 0x54, 0x54, 
    0x55, 0x55, 0x55, 0x55, 0x55, 0x55, 0x55, 0x55, 0x55, 0x99, 0x95, 0x95, 0x55, 0x55, 0xfe, 0xf9, 
    0x55, 0x55, 0x55, 0x55, 0x55, 0x55, 0x99, 0x95, 0x55, 0x95, 0x99, 0x99, 0x99, 0x99, 0xa9, 0x99, 
    0x99, 0x99, 0x99, 0xaa, 0xea, 0xee, 0xee, 0xea, 0xed, 0x54, 0x45, 0x55, 0x69, 0x95, 0x9a, 0xff, 
    0xfa, 0xa9, 0xaa, 0xda, 0xaa, 0x99, 0x94, 0x55, 0x94, 0x45, 0x44, 0x55, 0x5a, 0x95, 0x55, 0x55, 
    0x55, 0x55, 0x95, 0x95, 0x55, 0x95, 0x99, 0x99, 0x9a, 0x95, 0xa9, 0x99, 0xfa, 0xaa, 0xee, 0xee, 
    0xab, 0xea, 0xee, 0xc4, 0x55, 0x44, 0x44, 0x54, 0x44, 0x44, 0x44, 0x44, 0x44, 0x44, 0x44, 0x44, 
    0x40, 0x44, 0x44, 0x44, 0x44, 0x40, 0x55, 0x44, 0x45, 0x48, 0xee, 0xef, 0xfd, 0x44, 0x48, 0x44, 
    0x44, 0x40, 0x99, 0x54, 0x6f, 0xee, 0x99, 0xa9, 0xaa, 0xe8, 0x44, 0xbe, 0x44, 0x44, 0x54, 0x40, 
    0x44, 0x44, 0x40, 0x44, 0x54, 0x49, 0x44, 0x44, 0x44, 0x44, 0x44, 0x44, 0x45, 0x54, 0x59, 0x44, 
    0x54, 0x55, 0x94, 0x49, 0xaf, 0x89, 0x95, 0x95, 0x59, 0x95, 0x45, 0x55, 0xbf, 0xc4, 0x44, 0x40, 
    0x44, 0x44, 0x44, 0x44, 0x55, 0xaa, 0x94, 0x46, 0xa9, 0x68, 0x44, 0x54, 0x44, 0x44, 0x44, 0x44, 
    0x44, 0x44, 0x54, 0x54, 0x54, 0x44, 0x44, 0x44, 0x55, 0x51, 0x51, 0x55, 0x55, 0x65, 0x6a, 0xa5, 
    0x51, 0x55, 0x65, 0x55, 0x64, 0x11, 0x10, 0x00, 0x11, 0x11, 0x11, 0x51, 0x51, 0x51, 0x51, 0x51, 
    0x51, 0x55, 0x55, 0x55, 0x55, 0x56, 0xba, 0xb5, 0x55, 0x55, 0x55, 0x55, 0x55, 0x55, 0x65, 0x55, 
    0x55, 0x55, 0x55, 0x55, 0x65, 0x56, 0x65, 0x55, 0x55, 0x65, 0x66, 0xa6, 0xaa, 0xaa, 0xaa, 0xaa, 
    0xa9, 0x11, 0x11, 0x11, 0x66, 0x55, 0x65, 0xbf, 0xf9, 0x66, 0x65, 0x57, 0xa2, 0x51, 0x11, 0x51, 
    0x55, 0x11, 0x11, 0x66, 0x64, 0x11, 0x11, 0x55, 0x55, 0x55, 0x6a, 0x55, 0x65, 0x66, 0x66, 0x65, 
    0x67, 0xa5, 0x66, 0x66, 0x66, 0xaa, 0xbb, 0xea, 0xa6, 0x6b, 0xbb, 0x51, 0x11, 0x10, 0x11, 0x11, 
    0x11, 0x11, 0x11, 0x11, 0x11, 0x11, 0x11, 0x11, 0x01, 0x01, 0x11, 0x11, 0x11, 0x01, 0x10, 0x10, 
    0x01, 0x10, 0xab, 0xbb, 0xbe, 0x11, 0x51, 0x10, 0x00, 0x00, 0x65, 0x11, 0x7b, 0xaa, 0x65, 0x66, 
    0xa6, 0xa5, 0x10, 0xba, 0x11, 0x00, 0x11, 0x10, 0x01, 0x10, 0x00, 0x00, 0x11, 0x11, 0x50, 0x10, 
    0x10, 0x10, 0x10, 0x10, 0x20, 0x11, 0x11, 0x40, 0x10, 0x61, 0x51, 0x10, 0x3b, 0x55, 0x55, 0x55, 
    0x15, 0x55, 0x51, 0x11, 0xbb, 0x50, 0x10, 0x00, 0x10, 0x11, 0x10, 0x11, 0x11, 0x26, 0x51, 0x12, 
    0x66, 0x65, 0x11, 0x11, 0x00, 0x00, 0x10, 0x01, 0x10, 0x11, 0x11, 0x11, 0x11, 0x01, 0x11, 0x10, 
    0x55, 0x55, 0x55, 0x55, 0x55, 0x99, 0xae, 0x95, 0x55, 0x59, 0x69, 0x59, 0x99, 0x44, 0x48, 0x00, 
    0x45, 0x45, 0x55, 0x59, 0x55, 0x55, 0x55, 0x55, 0x55, 0x59, 0x55, 0x55, 0x55, 0x5a, 0xee, 0xe9, 
    0x55, 0x55, 0x55, 0x55, 0x55, 0x55, 0x99, 0x59, 0x55, 0x59, 0x59, 0x99, 0x99, 0x99, 0x99, 0x99, 
    0x99, 0x99, 0x9a, 0x9a, 0xae, 0xee, 0xae, 0xee, 0xe8, 0x44, 0x55, 0x55, 0x56, 0x9a, 0x59, 0xbf, 
    0xed, 0x99, 0xa9, 0x55, 0x99, 0x99, 0x99, 0x55, 0x55, 0x55, 0x45, 0x45, 0x44, 0x45, 0x55, 0x55, 
    0x55, 0x5a, 0xe9, 0x5a, 0x9a, 0xaa, 0x99, 0x99, 0x59, 0x99, 0x99, 0x95, 0xaa, 0xaa, 0xff, 0xea, 
    0xae, 0x9a, 0xaf, 0x55, 0x44, 0x44, 0x45, 0x54, 0x44, 0x44, 0x44, 0x44, 0x44, 0x44, 0x44, 0x44, 
    0x04, 0x44, 0x44, 0x44, 0x44, 0x05, 0x44, 0x54, 0x05, 0x54, 0x6f, 0xee, 0xfe, 0x45, 0x84, 0x44, 
    0x44, 0x44, 0x59, 0x54, 0x6e, 0xee, 0xee, 0x99, 0x9a, 0x99, 0x59, 0xbe, 0x45, 0x44, 0x44, 0x44, 
    0x44, 0x44, 0x44, 0x04, 0x04, 0x54, 0x44, 0x04, 0x44, 0x04, 0x44, 0x44, 0xe4, 0x45, 0x55, 0x44, 
    0x04, 0x64, 0x55, 0x44, 0x6f, 0x69, 0x59, 0x59, 0x49, 0x59, 0x45, 0x55, 0xed, 0x44, 0x44, 0x04, 
    0x04, 0x44, 0x44, 0x44, 0x45, 0x4a, 0xa4, 0x45, 0xaa, 0x9a, 0x44, 0x44, 0x44, 0x44, 0x44, 0x04, 
    0x44, 0x44, 0x45, 0x45, 0x44, 0x44, 0x44, 0x44, 0x11, 0x11, 0x15, 0x11, 0x55, 0x56, 0xaa, 0x51, 
    0x11, 0x15, 0x55, 0x15, 0x55, 0x01, 0x05, 0x00, 0x11, 0x11, 0x16, 0x51, 0x15, 0x11, 0x11, 0x15, 
    0x11, 0x55, 0x55, 0x15, 0x55, 0x17, 0xaa, 0xa5, 0x15, 0x15, 0x15, 0x15, 0x56, 0x55, 0x55, 0x55, 
    0x55, 0x55, 0x55, 0x56, 0x55, 0x65, 0x55, 0x55, 0x55, 0x56, 0x66, 0x5a, 0xa6, 0xaa, 0xab, 0xaa, 
    0xaa, 0x11, 0x01, 0x15, 0x56, 0x56, 0xa6, 0x7e, 0xbf, 0x25, 0x66, 0x65, 0x55, 0x57, 0xba, 0x55, 
    0x55, 0x15, 0x15, 0x11, 0x04, 0x11, 0x11, 0x66, 0x55, 0x6a, 0x66, 0x66, 0x6a, 0xaa, 0x56, 0x55, 
    0x15, 0x55, 0x55, 0x66, 0x56, 0x6b, 0xbb, 0xaa, 0x6a, 0x6b, 0xaa, 0x11, 0x10, 0x01, 0x11, 0x51, 
    0x01, 0x01, 0x01, 0x01, 0x11, 0x01, 0x01, 0x00, 0x11, 0x11, 0x11, 0x11, 0x10, 0x11, 0x01, 0x10, 
    0x01, 0x11, 0x6b, 0xbf, 0xaa, 0x01, 0x41, 0x01, 0x01, 0x01, 0x15, 0x11, 0x2b, 0xab, 0xbf, 0x9b, 
    0xa6, 0x55, 0x26, 0xbf, 0x11, 0x01, 0x00, 0x01, 0x00, 0x01, 0x40, 0x00, 0x01, 0x10, 0x01, 0x00, 
    0x10, 0x00, 0x00, 0x01, 0xb5, 0x15, 0x11, 0x10, 0x00, 0x24, 0x61, 0x01, 0x5a, 0x65, 0x15, 0x55, 
    0x15, 0x55, 0x11, 0x13, 0x69, 0x01, 0x00, 0x00, 0x00, 0x01, 0x11, 0x01, 0x11, 0x12, 0xa5, 0x56, 
    0x66, 0x56, 0x51, 0x11, 0x00, 0x01, 0x00, 0x01, 0x01, 0x01, 0x11, 0x11, 0x10, 0x01, 0x01, 0x00, 
    0x55, 0x55, 0x55, 0x55, 0x99, 0xae, 0xea, 0x95, 0x55, 0x99, 0x94, 0x55, 0x99, 0x44, 0x45, 0x40, 
    0x55, 0x55, 0x99, 0x55, 0x55, 0x55, 0x55, 0x55, 0x55, 0x95, 0x95, 0x95, 0x55, 0x5a, 0xee, 0xe9, 
    0x55, 0x55, 0x55, 0x55, 0x55, 0x95, 0x99, 0x95, 0x95, 0x95, 0x99, 0x99, 0x99, 0xa9, 0x99, 0x99, 
    0x99, 0x99, 0xaa, 0xaa, 0xaa, 0xae, 0xee, 0xee, 0xa9, 0x44, 0x44, 0x54, 0x55, 0x9a, 0xd9, 0xae, 
    0x99, 0x5a, 0xa9, 0x99, 0x95, 0x55, 0xa9, 0x55, 0x55, 0x55, 0x54, 0x55, 0x55, 0x45, 0x55, 0x95, 
    0x55, 0xaa, 0x95, 0xae, 0xae, 0xea, 0xaa, 0xa9, 0x99, 0x99, 0x9a, 0x99, 0x99, 0xaf, 0xfe, 0xa9, 
    0xae, 0xaa, 0xad, 0x55, 0x54, 0x44, 0x54, 0x84, 0x44, 0x44, 0x44, 0x44, 0x44, 0x44, 0x44, 0x40, 
    0x44, 0x44, 0x44, 0x44, 0x44, 0x44, 0x55, 0x44, 0x45, 0x54, 0xef, 0xfe, 0xaa, 0x84, 0x94, 0x44, 
    0x44, 0x44, 0x59, 0x54, 0x6e, 0xfe, 0xff, 0xff, 0xfe, 0x99, 0x5a, 0xff, 0xe9, 0x54, 0x40, 0x40, 
    0x44, 0x44, 0x44, 0x40, 0x44, 0x44, 0x44, 0x40, 0x54, 0x40, 0x44, 0x45, 0x5e, 0x55, 0x54, 0x44, 
    0x44, 0x68, 0xa8, 0x44, 0x95, 0xe8, 0x59, 0x99, 0x45, 0x95, 0x55, 0x5b, 0xf8, 0x44, 0x54, 0x44, 
    0x44, 0x44, 0x44, 0x44, 0x54, 0x55, 0xa9, 0x96, 0xa9, 0xa6, 0x94, 0x44, 0x40, 0x44, 0x44, 0x44, 
    0x44, 0x44, 0x54, 0x54, 0x54, 0x44, 0x44, 0x44, 0x51, 0x51, 0x55, 0x55, 0x55, 0xbb, 0xba, 0x51, 
    0x11, 0x55, 0x51, 0x11, 0x66, 0x01, 0x01, 0x00, 0x11, 0x15, 0x55, 0x11, 0x51, 0x51, 0x55, 0x55, 
    0x15, 0x55, 0x51, 0x51, 0x55, 0x56, 0xbb, 0xb5, 0x55, 0x55, 0x55, 0x55, 0x55, 0x55, 0x55, 0x55, 
    0x55, 0x55, 0x55, 0x65, 0x55, 0x65, 0x55, 0x55, 0x55, 0x66, 0x6a, 0x66, 0x66, 0xaa, 0xaa, 0xaa, 
    0xa6, 0x11, 0x11, 0x11, 0x91, 0x51, 0x65, 0x6b, 0xfa, 0x95, 0x66, 0xa5, 0x51, 0x55, 0x55, 0x56, 
    0x61, 0x51, 0x51, 0x51, 0x51, 0x11, 0x55, 0x16, 0xa6, 0x51, 0x66, 0x6a, 0x6a, 0xba, 0xaa, 0xaa, 
    0x51, 0x55, 0x52, 0x65, 0x56, 0x6b, 0xfb, 0xa5, 0x6b, 0x6a, 0xb9, 0x11, 0x10, 0x11, 0x11, 0x51, 
    0x11, 0x11, 0x11, 0x11, 0x11, 0x11, 0x11, 0x01, 0x11, 0x11, 0x11, 0x11, 0x10, 0x00, 0x15, 0x10, 
    0x01, 0x41, 0xab, 0xba, 0xa6, 0xa0, 0x51, 0x11, 0x11, 0x00, 0x15, 0x10, 0x2b, 0xba, 0xbf, 0xbb, 
    0xe6, 0xfa, 0x66, 0xbf, 0xbb, 0x6a, 0x90, 0x00, 0x00, 0x00, 0x11, 0x10, 0x00, 0x01, 0x00, 0x00, 
    0x10, 0x00, 0x00, 0x01, 0x5b, 0x51, 0x50, 0x00, 0x00, 0x19, 0x75, 0x11, 0x61, 0xb5, 0x15, 0x55, 
    0x51, 0x55, 0x51, 0x1b, 0xf0, 0x11, 0x11, 0x10, 0x10, 0x10, 0x11, 0x11, 0x11, 0x11, 0x66, 0x62, 
    0xaa, 0x66, 0xa1, 0x10, 0x00, 0x10, 0x00, 0x10, 0x00, 0x11, 0x11, 0x11, 0x10, 0x10, 0x11, 0x00, 
    0x55, 0x55, 0x55, 0x55, 0xae, 0xef, 0xe9, 0x95, 0x45, 0x55, 0x44, 0x45, 0x59, 0x44, 0x45, 0x44, 
    0x05, 0x45, 0x55, 0x55, 0x55, 0x55, 0x55, 0x55, 0x59, 0x55, 0x55, 0x55, 0x55, 0x5a, 0xef, 0xe9, 
    0x55, 0x55, 0x55, 0x55, 0x59, 0x59, 0x55, 0x59, 0x59, 0x59, 0x59, 0x99, 0x99, 0x99, 0x99, 0x99, 
    0x99, 0x99, 0xad, 0xa9, 0x9a, 0xae, 0xaa, 0xa9, 0xaa, 0xe9, 0x44, 0x5d, 0x45, 0x55, 0x95, 0x9b, 
    0xef, 0xea, 0xa9, 0x9a, 0xae, 0xaa, 0x9a, 0xa9, 0x95, 0x45, 0x55, 0x54, 0x55, 0x54, 0x55, 0x55, 
    0x45, 0x5a, 0xea, 0x9a, 0xaa, 0xae, 0xee, 0xda, 0x94, 0x59, 0x86, 0x99, 0x9a, 0xaf, 0xd5, 0xaa, 
    0x95, 0xae, 0xa8, 0x45, 0x44, 0x45, 0x45, 0x84, 0x44, 0x44, 0x44, 0x44, 0x44, 0x44, 0x44, 0x04, 
    0x44, 0x44, 0x44, 0x44, 0x44, 0x04, 0x45, 0x44, 0x44, 0x46, 0xee, 0xfe, 0xaa, 0xa8, 0x54, 0x44, 
    0x44, 0x44, 0x55, 0x54, 0x6e, 0xae, 0xff, 0xee, 0x9b, 0xfd, 0x6e, 0xff, 0xee, 0x6e, 0xe8, 0x44, 
    0x04, 0x44, 0x44, 0x44, 0x00, 0x04, 0x04, 0x04, 0x04, 0x00, 0x04, 0x05, 0x59, 0x54, 0x04, 0x44, 
    0x44, 0x1e, 0x59, 0x44, 0x69, 0xa5, 0x59, 0x99, 0x55, 0x55, 0x55, 0x5b, 0xd4, 0x49, 0x44, 0x44, 
    0x44, 0x44, 0x44, 0x44, 0x44, 0x55, 0x5a, 0x99, 0xaa, 0xa9, 0xa4, 0x44, 0x44, 0x44, 0x04, 0x44, 
    0x44, 0x44, 0x44, 0x45, 0x44, 0x44, 0x44, 0x04, 0x11, 0x11, 0x15, 0x56, 0xbb, 0xbb, 0xa6, 0x51, 
    0x11, 0x15, 0x11, 0x01, 0x16, 0x50, 0x01, 0x40, 0x01, 0x15, 0x11, 0x11, 0x15, 0x11, 0x15, 0x11, 
    0x15, 0x55, 0x51, 0x11, 0x1a, 0x16, 0xbb, 0xa5, 0x15, 0x15, 0x15, 0x15, 0x55, 0x55, 0x55, 0x55, 
    0x55, 0x55, 0x55, 0x55, 0x55, 0x55, 0x55, 0x56, 0x56, 0x56, 0x66, 0xa6, 0x6a, 0xaa, 0xaa, 0xaa, 
    0x56, 0xbb, 0x91, 0x15, 0x11, 0x15, 0x52, 0x67, 0xab, 0xb7, 0xa6, 0x66, 0x66, 0x66, 0xaa, 0x69, 
    0x55, 0x11, 0x6a, 0x15, 0xa5, 0x11, 0x15, 0x55, 0x56, 0x5b, 0xaa, 0x66, 0x6b, 0xaa, 0x6a, 0x6a, 
    0x51, 0x15, 0x56, 0x95, 0x52, 0xbb, 0xa1, 0x56, 0x66, 0x6a, 0xb1, 0x11, 0x01, 0x11, 0x11, 0x41, 
    0x01, 0x01, 0x01, 0x01, 0x01, 0x01, 0x00, 0x01, 0x01, 0x11, 0x11, 0x11, 0x00, 0x01, 0x55, 0x00, 
    0x11, 0x02, 0xaa, 0xba, 0xaa, 0xa9, 0x11, 0x11, 0x01, 0x00, 0x05, 0x11, 0x2a, 0xab, 0xbb, 0xbb, 
    0x56, 0xaa, 0x6a, 0xbf, 0xab, 0x6b, 0xba, 0x01, 0x01, 0x01, 0x11, 0x00, 0x00, 0x00, 0x00, 0x00, 
    0x00, 0x00, 0x00, 0x01, 0x15, 0x10, 0x01, 0x01, 0x00, 0x1b, 0x95, 0x10, 0x2a, 0x61, 0x15, 0x55, 
    0x51, 0x55, 0x51, 0x17, 0x81, 0x01, 0x00, 0x00, 0x01, 0x11, 0x10, 0x01, 0x11, 0x11, 0x16, 0x66, 
    0x6a, 0x66, 0x65, 0x00, 0x01, 0x00, 0x01, 0x00, 0x11, 0x11, 0x11, 0x11, 0x01, 0x01, 0x00, 0x00, 
    0x55, 0x55, 0x55, 0x9a, 0xfe, 0xfe, 0xa9, 0x95, 0x54, 0x54, 0x54, 0x55, 0x59, 0x94, 0x44, 0x94, 
    0x45, 0x55, 0x55, 0x55, 0x55, 0x55, 0x55, 0x55, 0x55, 0x95, 0x55, 0x95, 0x59, 0x56, 0xfe, 0xe5, 
    0x55, 0x55, 0x55, 0x55, 0x99, 0x95, 0x95, 0x95, 0x95, 0x95, 0x99, 0x99, 0x99, 0x99, 0x95, 0x99, 
    0x99, 0x9a, 0xe9, 0x99, 0xae, 0xea, 0xea, 0xea, 0xae, 0x9a, 0xd4, 0x54, 0x45, 0xe5, 0x95, 0xaa, 
    0xfe, 0xfa, 0xea, 0xaa, 0xaa, 0x9a, 0xff, 0xea, 0x95, 0x59, 0xde, 0x55, 0x9f, 0x95, 0x55, 0x99, 
    0x95, 0x95, 0xa9, 0x99, 0xaa, 0xae, 0xae, 0x95, 0x95, 0x99, 0x95, 0x99, 0x95, 0xff, 0xf9, 0xaa, 
    0xae, 0xae, 0xe4, 0x54, 0x44, 0x54, 0x55, 0x44, 0x44, 0x44, 0x44, 0x44, 0x44, 0x44, 0x44, 0x44, 
    0x44, 0x44, 0x44, 0x44, 0x40, 0x45, 0x95, 0x44, 0x55, 0x46, 0xee, 0xf9, 0xaa, 0xea, 0x64, 0x44, 
    0x44, 0x44, 0x45, 0x54, 0x6e, 0xaf, 0xfe, 0xef, 0xee, 0xe9, 0xaa, 0xff, 0xee, 0xae, 0xef, 0xd4, 
    0x44, 0x44, 0x59, 0x54, 0x44, 0x44, 0x40, 0x40, 0x44, 0x44, 0x40, 0x45, 0x55, 0x58, 0x40, 0x44, 
    0x50, 0x5a, 0xe4, 0x54, 0x6d, 0xd4, 0x55, 0x99, 0x95, 0x95, 0x54, 0x5a, 0x44, 0x44, 0x40, 0x44, 
    0x44, 0x44, 0x44, 0x44, 0x44, 0x55, 0x55, 0xa9, 0xaa, 0xea, 0xa9, 0x44, 0x44, 0x40, 0x44, 0x44, 
    0x54, 0x44, 0x44, 0x94, 0x44, 0x44, 0x44, 0x40, 0x51, 0x51, 0x55, 0xba, 0xbb, 0xba, 0x51, 0x51, 
    0x11, 0x11, 0x11, 0x15, 0x55, 0x50, 0x10, 0x50, 0x01, 0x51, 0x11, 0x11, 0x51, 0x11, 0x55, 0x51, 
    0x55, 0x55, 0x55, 0x51, 0x11, 0x66, 0xbb, 0x95, 0x55, 0x55, 0x55, 0x55, 0x55, 0x55, 0x55, 0x51, 
    0x55, 0x55, 0x55, 0x55, 0x65, 0x55, 0x55, 0x65, 0x66, 0x6a, 0xa6, 0x66, 0xaa, 0xbb, 0xaa, 0xa6, 
    0xab, 0xba, 0x51, 0x11, 0x11, 0x1a, 0x65, 0xa6, 0xbe, 0xba, 0xa6, 0x6a, 0xaa, 0xa6, 0x57, 0xaa, 
    0x51, 0x6b, 0x67, 0x55, 0x96, 0xfa, 0x65, 0x55, 0x55, 0x55, 0x66, 0xa6, 0x6a, 0x6a, 0xbb, 0x55, 
    0x55, 0x55, 0x55, 0x55, 0x67, 0x6a, 0xf1, 0x66, 0xaa, 0xba, 0xa1, 0x10, 0x11, 0x11, 0x11, 0x11, 
    0x11, 0x11, 0x11, 0x11, 0x11, 0x10, 0x11, 0x11, 0x01, 0x11, 0x10, 0x10, 0x00, 0x11, 0x15, 0x01, 
    0x11, 0x17, 0xbb, 0xf6, 0x66, 0xa6, 0xa5, 0x11, 0x11, 0x11, 0x01, 0x51, 0x29, 0x6a, 0xbb, 0xbf, 
    0xbb, 0xba, 0x6a, 0xbf, 0xab, 0x6a, 0xbb, 0xb9, 0x10, 0x11, 0x11, 0x51, 0x11, 0x10, 0x00, 0x00, 
    0x00, 0x00, 0x00, 0x11, 0x51, 0x02, 0x40, 0x11, 0x10, 0x17, 0xb5, 0x11, 0x1a, 0xa5, 0x55, 0x65, 
    0x51, 0x55, 0x51, 0x5a, 0x50, 0x10, 0x00, 0x10, 0x10, 0x11, 0x01, 0x11, 0x11, 0x11, 0x11, 0x65, 
    0x66, 0xa6, 0x65, 0x10, 0x10, 0x00, 0x11, 0x11, 0x11, 0x11, 0x11, 0x10, 0x11, 0x11, 0x10, 0x00, 
    0x55, 0x55, 0x5a, 0xea, 0xae, 0xea, 0x95, 0x45, 0x45, 0x45, 0x45, 0x49, 0x55, 0x94, 0x04, 0x54, 
    0x55, 0x45, 0x45, 0x55, 0x55, 0x55, 0x55, 0x55, 0x55, 0x55, 0x59, 0x55, 0x55, 0x5a, 0xee, 0x95, 
    0x59, 0x55, 0x55, 0x55, 0x59, 0x55, 0x55, 0x54, 0x45, 0x59, 0x99, 0x99, 0x99, 0x59, 0x59, 0x59, 
    0x99, 0xaa, 0xa9, 0x9a, 0xae, 0xee, 0xaa, 0xaa, 0xae, 0xee, 0x94, 0x44, 0x44, 0x45, 0x59, 0x6a, 
    0xbf, 0xae, 0x5a, 0xaa, 0xee, 0xaa, 0xa9, 0x5d, 0x55, 0xbd, 0xd6, 0x55, 0x9a, 0xaf, 0xe9, 0x69, 
    0x99, 0x99, 0x95, 0x9a, 0x9a, 0xee, 0x9a, 0xe9, 0x95, 0x59, 0x59, 0x55, 0x5b, 0x9a, 0xf9, 0x9a, 
    0xee, 0xae, 0xe5, 0x44, 0x44, 0x45, 0x45, 0x44, 0x44, 0x44, 0x44, 0x44, 0x44, 0x44, 0x44, 0x44, 
    0x44, 0x44, 0x44, 0x44, 0x44, 0x55, 0x59, 0x44, 0x45, 0x5e, 0xff, 0xf9, 0x5a, 0xaf, 0xe8, 0x44, 
    0x44, 0x45, 0x45, 0x54, 0x5e, 0xae, 0xef, 0xee, 0xee, 0xee, 0xae, 0xff, 0xef, 0xbe, 0xef, 0xff, 
    0x84, 0x45, 0x44, 0x59, 0x95, 0x44, 0x04, 0x44, 0x04, 0x54, 0x44, 0x05, 0x55, 0x06, 0x44, 0x04, 
    0x04, 0x06, 0xe9, 0x45, 0x46, 0xa9, 0x55, 0x99, 0x55, 0x55, 0x56, 0x4d, 0xfe, 0x44, 0x04, 0x44, 
    0x44, 0x44, 0x44, 0x45, 0x45, 0x45, 0x45, 0x5a, 0x9a, 0xae, 0xaa, 0x44, 0x44, 0x44, 0x44, 0x44, 
    0x44, 0x44, 0x44, 0x44, 0x44, 0x44, 0x44, 0x04, 0x11, 0x11, 0x16, 0x6a, 0xab, 0xa5, 0x51, 0x11, 
    0x11, 0x11, 0x11, 0x15, 0x51, 0x50, 0x00, 0x15, 0x01, 0x11, 0x11, 0x11, 0x11, 0x15, 0x55, 0x51, 
    0x55, 0x55, 0x15, 0x11, 0x11, 0x5b, 0xba, 0x55, 0x11, 0x15, 0x15, 0x55, 0x55, 0x55, 0x51, 0x11, 
    0x12, 0x95, 0x55, 0x56, 0x55, 0x55, 0x55, 0x56, 0x56, 0x66, 0x66, 0x66, 0x6b, 0xaa, 0xaa, 0x66, 
    0x6b, 0xab, 0x51, 0x11, 0x15, 0x11, 0x15, 0x66, 0x6f, 0xab, 0x55, 0x66, 0x6a, 0x6a, 0x66, 0x65, 
    0x56, 0xab, 0x6a, 0x56, 0xaa, 0x96, 0xaa, 0x11, 0x6a, 0x55, 0x55, 0x15, 0x56, 0x69, 0x65, 0x55, 
    0x55, 0x55, 0x55, 0x55, 0x55, 0x56, 0x66, 0x56, 0xba, 0xbb, 0xa1, 0x00, 0x11, 0x11, 0x11, 0x11, 
    0x01, 0x01, 0x01, 0x01, 0x01, 0x01, 0x11, 0x00, 0x01, 0x11, 0x01, 0x11, 0x00, 0x15, 0x55, 0x00, 
    0x15, 0x16, 0x6b, 0xb5, 0x2a, 0x6b, 0xb5, 0x01, 0x01, 0x11, 0x11, 0x00, 0x2a, 0x6a, 0xab, 0xab, 
    0xbb, 0xba, 0x6a, 0xbf, 0xab, 0x7f, 0xbb, 0xbf, 0xa1, 0x01, 0x11, 0x15, 0x55, 0x11, 0x00, 0x00, 
    0x01, 0x15, 0x00, 0x05, 0x11, 0x00, 0x00, 0x00, 0x11, 0x05, 0x69, 0x01, 0x11, 0xa9, 0x55, 0x55, 
    0x55, 0x15, 0x56, 0x16, 0xa5, 0x10, 0x00, 0x00, 0x00, 0x01, 0x01, 0x11, 0x11, 0x11, 0x11, 0x16, 
    0x56, 0xaa, 0x66, 0x41, 0x01, 0x00, 0x01, 0x01, 0x11, 0x01, 0x11, 0x00, 0x00, 0x01, 0x00, 0x01, 
    0x55, 0x55, 0x59, 0xaa, 0xee, 0x95, 0x54, 0x54, 0x54, 0x54, 0x54, 0x69, 0x94, 0x58, 0x44, 0x54, 
    0x40, 0x55, 0x55, 0x55, 0x55, 0x55, 0x55, 0x55, 0x55, 0x55, 0x55, 0x55, 0x55, 0xae, 0xee, 0x95, 
    0x55, 0x55, 0xa5, 0x55, 0x95, 0x55, 0x55, 0x54, 0x56, 0xd5, 0xa9, 0x9a, 0x99, 0x99, 0x99, 0x99, 
    0x99, 0x99, 0x99, 0xaa, 0xee, 0xea, 0xaa, 0xaa, 0xae, 0xee, 0x94, 0x44, 0x54, 0x54, 0x59, 0x99, 
    0x9f, 0xeb, 0xd9, 0x95, 0xaa, 0x99, 0x99, 0x65, 0x9e, 0xf9, 0xed, 0xd5, 0xaa, 0x56, 0xda, 0x99, 
    0x99, 0xae, 0xea, 0xa9, 0x99, 0xa9, 0x55, 0x99, 0x99, 0x55, 0x55, 0x95, 0x99, 0x99, 0x99, 0x9a, 
    0xea, 0xfe, 0xe4, 0x44, 0x54, 0x54, 0x55, 0x44, 0x44, 0x44, 0x44, 0x44, 0x44, 0x44, 0x44, 0x44, 
    0x44, 0x44, 0x44, 0x44, 0x45, 0x55, 0x95, 0x40, 0x55, 0x59, 0xaa, 0x9a, 0xea, 0xaf, 0xfe, 0x84, 
    0x44, 0x45, 0x54, 0x54, 0xaa, 0x9a, 0xee, 0xbe, 0xee, 0xfe, 0xee, 0xfe, 0xee, 0xbf, 0xff, 0xff, 
    0xfd, 0x44, 0x44, 0x45, 0x55, 0x54, 0x44, 0x40, 0x44, 0x55, 0x54, 0x45, 0x45, 0x40, 0x40, 0x54, 
    0x54, 0x44, 0x69, 0x44, 0x45, 0xad, 0x99, 0x99, 0x95, 0x55, 0x9e, 0x54, 0xaa, 0xe8, 0x44, 0x44, 
    0x44, 0x44, 0x44, 0x54, 0x94, 0x54, 0x54, 0x55, 0xaa, 0xaa, 0xe9, 0x95, 0x44, 0x44, 0x44, 0x54, 
    0x44, 0x44, 0x54, 0x44, 0x44, 0x44, 0x44, 0x44, 0x11, 0x11, 0x66, 0x6a, 0xaa, 0x55, 0x51, 0x11, 
    0x11, 0x11, 0x11, 0x69, 0x11, 0x25, 0x00, 0x15, 0x00, 0x11, 0x11, 0x55, 0x11, 0x51, 0x51, 0x55, 
    0x55, 0x55, 0x51, 0x51, 0x11, 0x6b, 0xba, 0x51, 0x51, 0x55, 0x51, 0x55, 0x55, 0x51, 0x11, 0x11, 
    0x11, 0x51, 0x26, 0xa6, 0x51, 0x55, 0x55, 0x55, 0x66, 0x66, 0x66, 0x6a, 0xbb, 0xaa, 0xa6, 0x66, 
    0xaa, 0xba, 0xa1, 0x11, 0x11, 0x11, 0x65, 0x6a, 0x6b, 0xf6, 0xd5, 0x65, 0x55, 0x66, 0x65, 0x55, 
    0xa7, 0x96, 0xaa, 0x96, 0x6a, 0x55, 0x76, 0x56, 0x66, 0x65, 0x56, 0xa5, 0x66, 0x65, 0x55, 0x55, 
    0x55, 0x55, 0x55, 0x55, 0x55, 0x56, 0x56, 0x66, 0xa6, 0x6b, 0xb1, 0x00, 0x11, 0x11, 0x11, 0x11, 
    0x11, 0x11, 0x11, 0x11, 0x10, 0x11, 0x11, 0x00, 0x11, 0x10, 0x11, 0x10, 0x15, 0x55, 0x51, 0x00, 
    0x11, 0x56, 0x66, 0x53, 0xba, 0x6b, 0xfe, 0x50, 0x11, 0x15, 0x11, 0x10, 0x66, 0x6a, 0xba, 0xba, 
    0xbb, 0xfa, 0xba, 0xbb, 0xba, 0xbb, 0xff, 0xfb, 0xfb, 0x91, 0x11, 0x10, 0x11, 0x10, 0x00, 0x00, 
    0x00, 0x19, 0x55, 0x51, 0x41, 0x40, 0x01, 0x11, 0x10, 0x01, 0x16, 0x41, 0x11, 0x66, 0x55, 0x55, 
    0x55, 0x55, 0x5b, 0x51, 0x16, 0xab, 0x90, 0x11, 0x00, 0x10, 0x11, 0x11, 0x55, 0x11, 0x11, 0x11, 
    0x66, 0x6a, 0xa6, 0x61, 0x50, 0x00, 0x10, 0x11, 0x11, 0x01, 0x11, 0x00, 0x10, 0x10, 0x00, 0x11, 
    0x45, 0x45, 0x99, 0xaa, 0xa9, 0x55, 0x45, 0x45, 0x45, 0x45, 0x45, 0xa9, 0x44, 0x4a, 0x04, 0x05, 
    0x40, 0x55, 0x55, 0x55, 0x55, 0x55, 0x55, 0x55, 0x55, 0x55, 0x55, 0x55, 0x55, 0xae, 0xea, 0x95, 
    0x55, 0x55, 0x55, 0x59, 0x99, 0x59, 0x54, 0x44, 0x49, 0x44, 0x55, 0x5a, 0x95, 0x95, 0x99, 0x59, 
    0x99, 0x99, 0x99, 0x9a, 0xae, 0xaa, 0xaa, 0xaa, 0xae, 0xee, 0x94, 0x48, 0x44, 0x49, 0x59, 0xaa, 
    0x9b, 0xfd, 0xe5, 0x99, 0x55, 0x55, 0x9a, 0x5a, 0xa9, 0x9a, 0xae, 0xa6, 0xa9, 0x9a, 0x9d, 0x9a, 
    0x99, 0x99, 0x45, 0x6e, 0x9a, 0x95, 0x95, 0x59, 0x59, 0x59, 0x55, 0x55, 0x55, 0x59, 0x59, 0x9a, 
    0x99, 0xae, 0xa4, 0x04, 0x44, 0x44, 0x45, 0x44, 0x44, 0x44, 0x44, 0x44, 0x44, 0x44, 0x44, 0x44, 
    0x44, 0x44, 0x44, 0x44, 0x15, 0x55, 0x54, 0x04, 0x45, 0x4a, 0x9a, 0x96, 0xaa, 0xaf, 0xfe, 0x84, 
    0x44, 0x55, 0x55, 0x44, 0xae, 0xae, 0xea, 0xbe, 0xef, 0xee, 0xae, 0xee, 0xae, 0xbf, 0xfe, 0xef, 
    0xfe, 0xa9, 0x44, 0x04, 0x5a, 0xed, 0x44, 0x44, 0x44, 0x09, 0x99, 0x45, 0x44, 0x44, 0x09, 0x94, 
    0x04, 0x04, 0x46, 0x84, 0x45, 0x5a, 0x59, 0x59, 0x59, 0x59, 0x5b, 0x84, 0x44, 0x45, 0x44, 0x44, 
    0x44, 0x44, 0x44, 0x45, 0x54, 0x54, 0x44, 0x45, 0x5a, 0xaa, 0xaa, 0xa4, 0x54, 0x04, 0x44, 0x54, 
    0x44, 0x44, 0x44, 0x44, 0x44, 0x44, 0x04, 0x45, 0x11, 0x11, 0x56, 0xaa, 0xa5, 0x15, 0x11, 0x11, 
    0x11, 0x11, 0x16, 0x91, 0x11, 0x15, 0x00, 0x01, 0x10, 0x11, 0x15, 0x51, 0x11, 0x15, 0x51, 0x15, 
    0x55, 0x15, 0x51, 0x11, 0x16, 0xab, 0xa6, 0x55, 0x15, 0x15, 0x15, 0x51, 0x10, 0x11, 0x51, 0x11, 
    0x15, 0x11, 0x11, 0x11, 0x11, 0x56, 0x66, 0x55, 0x66, 0x66, 0x56, 0xaa, 0x6a, 0xaa, 0x66, 0x66, 
    0xaa, 0xba, 0xa5, 0x11, 0x11, 0x15, 0x15, 0xb6, 0x67, 0xfe, 0xb5, 0x55, 0x65, 0x51, 0x19, 0x6a, 
    0x66, 0x55, 0x66, 0x65, 0x56, 0x66, 0x57, 0x62, 0x66, 0x66, 0x66, 0xa6, 0xab, 0x52, 0x55, 0x55, 
    0x65, 0x55, 0x51, 0x15, 0x55, 0x56, 0x96, 0x66, 0x56, 0x6a, 0x61, 0x01, 0x11, 0x11, 0x15, 0x01, 
    0x01, 0x01, 0x01, 0x01, 0x01, 0x01, 0x00, 0x01, 0x11, 0x01, 0x01, 0x00, 0x15, 0x55, 0x55, 0x01, 
    0x01, 0x56, 0x66, 0x6a, 0x66, 0x6b, 0xbb, 0x91, 0x11, 0x11, 0x11, 0x01, 0xaa, 0xab, 0xaa, 0xba, 
    0xab, 0xba, 0x6a, 0xba, 0x6a, 0xbb, 0xbb, 0xbf, 0xaa, 0x6b, 0xaa, 0xaa, 0xaa, 0xba, 0x55, 0x61, 
    0x01, 0x01, 0x55, 0x51, 0x51, 0x00, 0x01, 0x40, 0x00, 0x01, 0x11, 0x40, 0x11, 0x12, 0x95, 0x55, 
    0x55, 0x56, 0x67, 0x00, 0x01, 0x00, 0x01, 0x00, 0x01, 0x01, 0x11, 0x11, 0x11, 0x29, 0x11, 0x11, 
    0x16, 0x6a, 0x6a, 0x65, 0x10, 0x01, 0x01, 0x11, 0x11, 0x11, 0x10, 0x01, 0x01, 0x00, 0x01, 0x11, 
    0x54, 0x55, 0x9a, 0xaa, 0x95, 0x54, 0x54, 0x54, 0x54, 0x54, 0x5a, 0x94, 0x55, 0x55, 0x50, 0x45, 
    0x54, 0x55, 0x55, 0x95, 0x55, 0x55, 0x55, 0x55, 0x55, 0x55, 0x55, 0x55, 0x5a, 0xee, 0xe9, 0x95, 
    0x55, 0x55, 0x55, 0x55, 0x94, 0x44, 0x54, 0x54, 0xa4, 0x55, 0x54, 0x54, 0x55, 0xe9, 0x55, 0x6a, 
    0x99, 0xaa, 0x9a, 0xaa, 0xaa, 0xa9, 0x99, 0xaa, 0xee, 0xea, 0xaa, 0xa5, 0x44, 0x54, 0xa5, 0xe9, 
    0xa9, 0xff, 0xbd, 0x99, 0x99, 0x95, 0xaa, 0x95, 0xa9, 0x95, 0x99, 0xa9, 0x99, 0x99, 0x99, 0xa5, 
    0xa9, 0xa9, 0x9a, 0xea, 0xaf, 0x96, 0x95, 0x59, 0xa9, 0x99, 0x94, 0x55, 0x99, 0x9a, 0x99, 0xaf, 
    0xda, 0xae, 0xa4, 0x44, 0x54, 0x54, 0x44, 0x54, 0x44, 0x44, 0x44, 0x44, 0x44, 0x44, 0x44, 0x44, 
    0x44, 0x44, 0x44, 0x40, 0x54, 0x44, 0x54, 0x41, 0x45, 0x59, 0xa9, 0xa9, 0xa9, 0x9a, 0xfa, 0xa5, 
    0x55, 0x55, 0x54, 0x45, 0xea, 0xae, 0xaa, 0xee, 0xee, 0xee, 0xae, 0xfe, 0x99, 0xfe, 0xff, 0xfe, 
    0xfe, 0xae, 0xff, 0xee, 0xaa, 0xee, 0xea, 0x94, 0x54, 0x44, 0x55, 0x54, 0x54, 0x54, 0x45, 0x54, 
    0x54, 0x40, 0x55, 0x44, 0x55, 0x55, 0xd9, 0x99, 0x99, 0x99, 0x69, 0x44, 0x44, 0x44, 0x44, 0x44, 
    0x44, 0x44, 0x44, 0x54, 0x54, 0x5a, 0x94, 0x95, 0x55, 0xa9, 0xaa, 0xa9, 0x48, 0x44, 0x44, 0x54, 
    0x44, 0x44, 0x54, 0x44, 0x44, 0x40, 0x44, 0x54, 0x11, 0x11, 0x56, 0xa6, 0x51, 0x11, 0x11, 0x11, 
    0x11, 0x11, 0x26, 0x51, 0x11, 0x51, 0x10, 0x00, 0x10, 0x11, 0x15, 0x51, 0x11, 0x55, 0x55, 0x55, 
    0x55, 0x55, 0x51, 0x11, 0x5a, 0xaa, 0xa6, 0x55, 0x55, 0x51, 0x55, 0x55, 0x55, 0x50, 0x11, 0x11, 
    0x51, 0x11, 0x11, 0x11, 0x11, 0x55, 0x51, 0x55, 0x61, 0x66, 0x6a, 0xaa, 0xba, 0xa5, 0x56, 0xa6, 
    0xab, 0xba, 0xaa, 0xaa, 0xa5, 0x11, 0x11, 0xa5, 0xa5, 0xbf, 0xaa, 0x55, 0x55, 0x6b, 0xa5, 0x11, 
    0x56, 0x66, 0xa5, 0x65, 0x56, 0x66, 0x65, 0x66, 0x66, 0x66, 0x66, 0xaa, 0xaa, 0x95, 0x55, 0x55, 
    0xa5, 0x51, 0x51, 0x55, 0x66, 0x66, 0x66, 0x7f, 0x6a, 0xa6, 0x64, 0x11, 0x11, 0x11, 0x11, 0x11, 
    0x11, 0x11, 0x11, 0x10, 0x11, 0x11, 0x11, 0x11, 0x10, 0x00, 0x11, 0x10, 0x11, 0x50, 0x00, 0x01, 
    0x11, 0x56, 0xa5, 0x66, 0xa6, 0x66, 0xb6, 0x65, 0x51, 0x11, 0x10, 0x66, 0x66, 0xaa, 0xbb, 0xaa, 
    0xaa, 0xa5, 0x66, 0xba, 0xa5, 0xaa, 0xbf, 0xff, 0xfb, 0xba, 0xbb, 0xbb, 0xaa, 0xaa, 0xaa, 0xa0, 
    0x11, 0x41, 0x01, 0x55, 0x00, 0x11, 0x01, 0x00, 0x10, 0x01, 0x11, 0x50, 0x11, 0x51, 0x55, 0x55, 
    0x55, 0x55, 0x64, 0x11, 0x10, 0x00, 0x10, 0x10, 0x11, 0x10, 0x11, 0x11, 0x11, 0x11, 0xa5, 0x21, 
    0x11, 0x65, 0x6a, 0x66, 0x01, 0x11, 0x01, 0x11, 0x10, 0x11, 0x10, 0x10, 0x10, 0x00, 0x01, 0x11, 
    0x45, 0x45, 0x5a, 0xa9, 0x45, 0x45, 0x45, 0x45, 0x45, 0x45, 0x99, 0x45, 0x45, 0x55, 0x44, 0x04, 
    0x44, 0x05, 0x59, 0x55, 0x55, 0x55, 0x55, 0x55, 0x59, 0x99, 0x55, 0x55, 0x5a, 0xee, 0xda, 0x95, 
    0x55, 0x55, 0x55, 0x55, 0x55, 0x44, 0x54, 0x45, 0x55, 0x44, 0x59, 0x44, 0x45, 0x55, 0x55, 0x55, 
    0x55, 0x5e, 0x9a, 0xaa, 0xea, 0xa9, 0xa9, 0x9a, 0xa5, 0xaa, 0xaa, 0xaa, 0x98, 0x45, 0x45, 0x99, 
    0x99, 0xbf, 0xef, 0x59, 0x45, 0x99, 0x59, 0x55, 0x55, 0x59, 0x99, 0x99, 0x99, 0x99, 0x99, 0x99, 
    0x9a, 0x99, 0x9a, 0xaa, 0xaa, 0x85, 0x85, 0x55, 0x59, 0x55, 0xa9, 0x99, 0x99, 0x9e, 0x9a, 0xee, 
    0x99, 0xae, 0x94, 0x54, 0x45, 0x44, 0x44, 0x44, 0x44, 0x44, 0x44, 0x44, 0x44, 0x44, 0x44, 0x44, 
    0x44, 0x44, 0x44, 0x44, 0x59, 0x54, 0x44, 0x45, 0x44, 0x4a, 0x99, 0x45, 0x9a, 0x9a, 0x99, 0xaa, 
    0x54, 0x45, 0x45, 0x9a, 0xa9, 0x9a, 0xbe, 0xee, 0xee, 0xa9, 0x59, 0xee, 0x99, 0xaf, 0xef, 0xff, 
    0xff, 0xff, 0xea, 0x9a, 0xaa, 0xfe, 0xaa, 0xa4, 0x04, 0x59, 0x04, 0x44, 0x04, 0x00, 0x05, 0x04, 
    0x44, 0x44, 0x45, 0x45, 0x45, 0x54, 0x45, 0x59, 0x59, 0x55, 0x5a, 0x94, 0x44, 0x44, 0x44, 0x44, 
    0x44, 0x44, 0x44, 0x44, 0x44, 0x45, 0x5a, 0xa9, 0x95, 0x69, 0x9a, 0x9a, 0x85, 0x99, 0x04, 0x44, 
    0x44, 0x44, 0x44, 0x44, 0x44, 0x44, 0x04, 0x44, 0x11, 0x11, 0x6a, 0x65, 0x11, 0x11, 0x11, 0x11, 
    0x11, 0x11, 0x65, 0x11, 0x11, 0x15, 0x01, 0x00, 0x00, 0x11, 0x15, 0x11, 0x11, 0x15, 0x55, 0x15, 
    0x55, 0x55, 0x11, 0x15, 0x2b, 0xab, 0x56, 0x55, 0x15, 0x55, 0x55, 0x55, 0x55, 0x11, 0x01, 0x06, 
    0x11, 0x11, 0x15, 0x11, 0x15, 0x11, 0x15, 0x55, 0x15, 0x6a, 0x9a, 0x66, 0xaa, 0x15, 0x69, 0x65, 
    0x55, 0x55, 0x66, 0xaa, 0x91, 0x11, 0x91, 0x55, 0x26, 0x6f, 0xfb, 0x55, 0x55, 0x55, 0x15, 0x51, 
    0x15, 0x15, 0x6a, 0x55, 0x55, 0x66, 0x56, 0x65, 0x66, 0x65, 0x56, 0x67, 0x65, 0x56, 0x51, 0x11, 
    0x15, 0x55, 0x7a, 0xba, 0x56, 0x6a, 0x57, 0xa6, 0x56, 0xba, 0x64, 0x11, 0x11, 0x11, 0x01, 0x01, 
    0x01, 0x01, 0x01, 0x01, 0x01, 0x01, 0x01, 0x00, 0x00, 0x01, 0x00, 0x00, 0x15, 0x50, 0x00, 0x01, 
    0x01, 0x16, 0x55, 0x16, 0x67, 0xba, 0x56, 0x66, 0x51, 0x11, 0x06, 0x66, 0x65, 0x66, 0x66, 0xab, 
    0xa5, 0x69, 0x55, 0xba, 0x55, 0x6a, 0xab, 0xbf, 0xbf, 0xbb, 0xbf, 0x66, 0x56, 0xba, 0x6a, 0xa0, 
    0x00, 0x11, 0x00, 0x01, 0x00, 0x00, 0x00, 0x01, 0x01, 0x01, 0x15, 0x11, 0x51, 0x15, 0x02, 0x55, 
    0x11, 0x12, 0xa6, 0x66, 0x40, 0x00, 0x00, 0x00, 0x01, 0x00, 0x11, 0x11, 0x11, 0x11, 0x12, 0xaa, 
    0xa5, 0x16, 0x66, 0x65, 0x50, 0x55, 0x01, 0x15, 0x11, 0x01, 0x01, 0x01, 0x00, 0x00, 0x01, 0x11, 
    0x55, 0x55, 0xaa, 0x95, 0x54, 0x54, 0x54, 0x54, 0x54, 0x55, 0x95, 0x54, 0x55, 0x55, 0x45, 0x44, 
    0x44, 0x55, 0x55, 0x55, 0x55, 0x55, 0x95, 0x55, 0x99, 0x99, 0x55, 0x55, 0xae, 0xee, 0x9a, 0x99, 
    0x95, 0x55, 0x55, 0x55, 0x55, 0x54, 0x44, 0x44, 0x55, 0x44, 0x59, 0x54, 0x55, 0x55, 0xa5, 0x95, 
    0x59, 0xae, 0xef, 0xaa, 0xaa, 0x99, 0x99, 0x95, 0x9a, 0x95, 0x95, 0xaa, 0xe4, 0x44, 0x95, 0x95, 
    0x9a, 0x9f, 0xff, 0xd9, 0x96, 0x95, 0x55, 0x95, 0x55, 0x55, 0x59, 0x99, 0x99, 0x99, 0x99, 0xa9, 
    0xea, 0x95, 0x99, 0x59, 0xa9, 0x95, 0x55, 0x55, 0x55, 0x55, 0xbf, 0xfd, 0x99, 0x9a, 0xae, 0xa9, 
    0x9a, 0xfa, 0xa8, 0x54, 0x54, 0x54, 0x44, 0x44, 0x44, 0x44, 0x44, 0x44, 0x44, 0x44, 0x44, 0x44, 
    0x44, 0x44, 0x44, 0x40, 0x55, 0x55, 0x40, 0x45, 0x45, 0x5a, 0x95, 0x9a, 0xae, 0xea, 0xa9, 0xaa, 
    0xa9, 0xa9, 0x45, 0xea, 0xa9, 0x95, 0x99, 0xaa, 0xe4, 0x6d, 0x59, 0xfa, 0x99, 0xaa, 0xaa, 0xff, 
    0xff, 0xff, 0xfe, 0xa9, 0xa9, 0xaa, 0xae, 0xe8, 0x40, 0x44, 0x54, 0x40, 0x44, 0x40, 0x44, 0x44, 
    0x54, 0x55, 0x55, 0x54, 0x65, 0x55, 0x41, 0x99, 0x98, 0x54, 0x55, 0x95, 0x94, 0x44, 0x44, 0x44, 
    0x44, 0x44, 0x44, 0x54, 0x54, 0x54, 0x54, 0xaa, 0xed, 0x5a, 0x99, 0xa9, 0x54, 0x59, 0x44, 0x45, 
    0x44, 0x44, 0x44, 0x44, 0x44, 0x40, 0x54, 0x44, 0x11, 0x16, 0x66, 0x51, 0x11, 0x11, 0x11, 0x11, 
    0x11, 0x15, 0x51, 0x11, 0x11, 0x11, 0x51, 0x10, 0x00, 0x15, 0x55, 0x11, 0x15, 0x55, 0x55, 0x55, 
    0x66, 0x65, 0x51, 0x51, 0xba, 0xba, 0x6a, 0x55, 0x51, 0x55, 0x55, 0x55, 0x55, 0x51, 0x11, 0x11, 
    0x11, 0x11, 0x11, 0x11, 0x11, 0x11, 0x51, 0x55, 0x56, 0xa6, 0x6b, 0x6b, 0xa5, 0x55, 0x66, 0x66, 
    0x55, 0x55, 0x55, 0x66, 0x65, 0x51, 0x12, 0x55, 0x56, 0x6b, 0xff, 0xf5, 0x65, 0x55, 0x51, 0x51, 
    0x55, 0x55, 0x55, 0x51, 0x55, 0x66, 0xa5, 0x65, 0xa6, 0xa2, 0x56, 0x5a, 0x55, 0x15, 0x11, 0x11, 
    0x11, 0x51, 0x16, 0xbb, 0xba, 0x66, 0xba, 0x66, 0x6b, 0xa6, 0xa4, 0x11, 0x11, 0x11, 0x01, 0x11, 
    0x11, 0x11, 0x10, 0x10, 0x11, 0x10, 0x11, 0x10, 0x10, 0x11, 0x10, 0x10, 0x10, 0x11, 0x10, 0x01, 
    0x01, 0x66, 0x52, 0x66, 0xbb, 0xa6, 0xaa, 0x66, 0xaa, 0x65, 0x16, 0xa6, 0xa5, 0x65, 0x55, 0x66, 
    0x51, 0x79, 0x65, 0xb6, 0x55, 0xaa, 0xbb, 0xbb, 0xfb, 0xbb, 0xfb, 0xa5, 0x66, 0x66, 0x6a, 0xb9, 
    0x00, 0x01, 0x15, 0x00, 0x00, 0x00, 0x01, 0x11, 0x51, 0x11, 0x11, 0x51, 0x15, 0x51, 0x11, 0x55, 
    0x65, 0x10, 0x11, 0x11, 0x10, 0x00, 0x00, 0x00, 0x10, 0x10, 0x11, 0x11, 0x11, 0x11, 0x11, 0x1a, 
    0xaa, 0xa2, 0x55, 0x66, 0x10, 0x15, 0x11, 0x11, 0x11, 0x10, 0x01, 0x10, 0x10, 0x00, 0x11, 0x01, 
    0x55, 0x59, 0xa9, 0x55, 0x45, 0x45, 0x45, 0x45, 0x45, 0x55, 0x45, 0x45, 0x45, 0x45, 0x55, 0x44, 
    0x40, 0x44, 0x55, 0x55, 0x55, 0x59, 0x55, 0x59, 0x9a, 0x99, 0x55, 0x55, 0xaa, 0xee, 0xae, 0x55, 
    0x55, 0x55, 0x55, 0x55, 0x55, 0x44, 0x54, 0x44, 0x54, 0x44, 0x45, 0x45, 0x44, 0x45, 0x55, 0x55, 
    0x59, 0x99, 0x99, 0xae, 0x99, 0x55, 0x99, 0x99, 0x99, 0x55, 0x5a, 0x9a, 0x98, 0x45, 0x4a, 0x55, 
    0x9a, 0xab, 0xff, 0xf9, 0xa9, 0x95, 0x55, 0x55, 0x55, 0x55, 0x55, 0x55, 0x55, 0x59, 0x99, 0x99, 
    0x99, 0x9a, 0xae, 0x99, 0x95, 0x59, 0x45, 0x55, 0x45, 0x45, 0x55, 0x59, 0xaa, 0x9a, 0x99, 0x9a, 
    0x5e, 0xaa, 0xa8, 0x54, 0x44, 0x44, 0x45, 0x44, 0x44, 0x44, 0x44, 0x44, 0x44, 0x44, 0x44, 0x44, 
    0x44, 0x44, 0x44, 0x44, 0x05, 0x55, 0x44, 0x05, 0x45, 0xea, 0x95, 0xab, 0xfe, 0xaa, 0xee, 0xaa, 
    0xaa, 0xaa, 0x5a, 0xd9, 0xd9, 0x55, 0x59, 0x99, 0x99, 0x59, 0x59, 0xfa, 0x99, 0xaa, 0xee, 0xef, 
    0xff, 0xef, 0xfe, 0xa9, 0x99, 0x9a, 0x9a, 0xae, 0x44, 0x45, 0x44, 0x54, 0x04, 0x04, 0x00, 0x44, 
    0x45, 0x45, 0x05, 0x55, 0x44, 0x55, 0x44, 0x99, 0x99, 0x44, 0x44, 0x44, 0x44, 0x44, 0x44, 0x04, 
    0x04, 0x44, 0x44, 0x45, 0x44, 0x45, 0x45, 0x46, 0xae, 0xa5, 0x95, 0xaa, 0x85, 0x45, 0x44, 0x45, 
    0x44, 0x44, 0x04, 0x44, 0x44, 0x04, 0x44, 0x44, 0x16, 0x56, 0x65, 0x51, 0x11, 0x11, 0x11, 0x11, 
    0x11, 0x55, 0x11, 0x11, 0x11, 0x11, 0x15, 0x54, 0x00, 0x01, 0x11, 0x11, 0x15, 0x55, 0x15, 0x55, 
    0x66, 0x55, 0x55, 0x15, 0x56, 0xba, 0xa9, 0x55, 0x55, 0x15, 0x55, 0x15, 0x55, 0x55, 0x11, 0x11, 
    0x00, 0x05, 0x01, 0x15, 0x11, 0x11, 0x15, 0x55, 0x5b, 0x65, 0x66, 0x6a, 0x51, 0x55, 0x55, 0x55, 
    0x55, 0x15, 0x56, 0x66, 0x65, 0x15, 0x17, 0x55, 0x66, 0x66, 0xbf, 0xb9, 0x56, 0x95, 0x11, 0x11, 
    0x11, 0x11, 0x15, 0x55, 0x55, 0x55, 0x56, 0x55, 0x56, 0x55, 0x66, 0xaa, 0x55, 0x15, 0x11, 0x15, 
    0x11, 0x15, 0x11, 0x15, 0xb9, 0x56, 0x55, 0x66, 0x1a, 0x66, 0xa8, 0x11, 0x11, 0x01, 0x01, 0x01, 
    0x01, 0x11, 0x00, 0x01, 0x01, 0x01, 0x00, 0x00, 0x00, 0x11, 0x01, 0x10, 0x15, 0x15, 0x01, 0x01, 
    0x0b, 0xbb, 0xa6, 0x6b, 0xbe, 0x6a, 0x6e, 0xa7, 0xba, 0xaa, 0x16, 0xa6, 0x16, 0x55, 0x5a, 0x55, 
    0x55, 0x55, 0x15, 0xb6, 0x56, 0x6a, 0xab, 0xbf, 0xbb, 0x96, 0xaa, 0x66, 0x55, 0x66, 0x66, 0x66, 
    0x01, 0x01, 0x51, 0x51, 0x10, 0x00, 0x00, 0x01, 0x11, 0x11, 0x01, 0x11, 0x10, 0x05, 0x51, 0x55, 
    0x55, 0x54, 0x00, 0x01, 0x11, 0x01, 0x00, 0x00, 0x00, 0x01, 0x11, 0x11, 0x11, 0x11, 0x11, 0x11, 
    0xaa, 0x65, 0x25, 0x6a, 0x51, 0x11, 0x51, 0x11, 0x01, 0x00, 0x01, 0x01, 0x00, 0x01, 0x11, 0x00, 
    0x59, 0xaa, 0xa9, 0x55, 0x54, 0x54, 0x54, 0x54, 0x55, 0x55, 0x54, 0x54, 0x55, 0x55, 0x59, 0x58, 
    0x44, 0x45, 0x85, 0x55, 0x55, 0x99, 0x55, 0x99, 0xaa, 0x99, 0x95, 0x55, 0x9a, 0xee, 0xe9, 0x95, 
    0x95, 0x95, 0x55, 0x55, 0x55, 0x55, 0x94, 0x44, 0x48, 0x58, 0x44, 0x95, 0x55, 0x54, 0x55, 0x5a, 
    0xed, 0xa9, 0xe9, 0xa9, 0x55, 0x99, 0x95, 0x55, 0x95, 0x55, 0x99, 0x9a, 0xa9, 0x59, 0xaa, 0x95, 
    0x59, 0xa9, 0xff, 0xfe, 0x99, 0xd9, 0x59, 0x55, 0xd4, 0x54, 0x55, 0x95, 0x55, 0x59, 0x99, 0x95, 
    0x99, 0x99, 0x99, 0x9a, 0xa9, 0x55, 0x54, 0x54, 0x49, 0x54, 0x55, 0x55, 0xbd, 0x59, 0x55, 0xaf, 
    0xd9, 0x99, 0xac, 0x54, 0x54, 0x44, 0x44, 0x44, 0x44, 0x44, 0x44, 0x44, 0x44, 0x44, 0x44, 0x44, 
    0x44, 0x44, 0x44, 0x40, 0x55, 0x95, 0x44, 0x45, 0x6e, 0xff, 0xef, 0xee, 0xe9, 0xae, 0xaa, 0xab, 
    0xff, 0xfd, 0x95, 0x9a, 0x99, 0x99, 0x5f, 0x99, 0x9a, 0x95, 0x55, 0xf9, 0x95, 0xae, 0xee, 0xff, 
    0xff, 0xfe, 0x99, 0xa9, 0x99, 0x9a, 0xd9, 0xaa, 0x40, 0x45, 0x95, 0x59, 0x95, 0x44, 0x40, 0x45, 
    0x55, 0x44, 0x44, 0x55, 0x54, 0x45, 0x54, 0x99, 0x99, 0x44, 0x44, 0x44, 0x44, 0x44, 0x44, 0x44, 
    0x40, 0x40, 0x44, 0x44, 0x54, 0x54, 0x44, 0x54, 0xaa, 0xaa, 0x59, 0x5a, 0xa4, 0x55, 0x94, 0x54, 
    0x84, 0x44, 0x44, 0x44, 0x40, 0x44, 0x54, 0x44, 0x66, 0xaa, 0x65, 0x51, 0x11, 0x11, 0x11, 0x11, 
    0x11, 0x51, 0x11, 0x11, 0x11, 0x11, 0x11, 0x55, 0x00, 0x00, 0x11, 0x11, 0x55, 0x55, 0x55, 0x66, 
    0x6a, 0xa5, 0x55, 0x56, 0x6b, 0xba, 0xa5, 0x55, 0x55, 0x55, 0x55, 0x55, 0x55, 0x55, 0x50, 0x11, 
    0x11, 0x11, 0x11, 0x61, 0x51, 0x11, 0x51, 0x11, 0x65, 0x56, 0xba, 0xa5, 0x65, 0x66, 0x55, 0x55, 
    0x55, 0x51, 0x65, 0x65, 0x65, 0x16, 0x6a, 0xa5, 0x66, 0x66, 0x7f, 0xff, 0x55, 0x55, 0x55, 0x91, 
    0x95, 0x11, 0x11, 0x95, 0x55, 0x52, 0x55, 0x65, 0x56, 0x55, 0x55, 0x66, 0x69, 0x61, 0x11, 0x11, 
    0x12, 0x11, 0x11, 0x11, 0x65, 0x69, 0x51, 0x6a, 0xa5, 0x65, 0x69, 0x51, 0x11, 0x10, 0x11, 0x11, 
    0x11, 0x11, 0x10, 0x11, 0x10, 0x10, 0x10, 0x10, 0x11, 0x11, 0x01, 0x10, 0x15, 0x55, 0x00, 0x11, 
    0x2b, 0xbf, 0xbb, 0xff, 0xa6, 0x66, 0x66, 0xab, 0xff, 0xfa, 0x56, 0xa6, 0x51, 0x55, 0x55, 0x56, 
    0x95, 0x66, 0x51, 0xb5, 0x52, 0x6b, 0xab, 0xbb, 0xff, 0xbb, 0xa5, 0x65, 0x65, 0x56, 0xa6, 0x66, 
    0x50, 0x00, 0x65, 0x11, 0x55, 0x50, 0x00, 0x11, 0x11, 0x11, 0x01, 0x11, 0x51, 0x01, 0x50, 0x55, 
    0x55, 0x40, 0x10, 0x00, 0x10, 0x11, 0x11, 0x10, 0x10, 0x00, 0x00, 0x01, 0x11, 0x11, 0x11, 0x11, 
    0x2a, 0xa6, 0x55, 0x16, 0xa5, 0x15, 0x55, 0x11, 0x51, 0x00, 0x10, 0x10, 0x00, 0x11, 0x10, 0x01, 
    0xaa, 0xaa, 0x99, 0x55, 0x45, 0x45, 0x45, 0x45, 0x45, 0x55, 0x45, 0x45, 0x45, 0x45, 0x44, 0x95, 
    0x04, 0x44, 0x45, 0x45, 0x55, 0x95, 0x55, 0x59, 0xaf, 0x99, 0x99, 0x5a, 0xae, 0xee, 0xa9, 0x59, 
    0x59, 0x55, 0x55, 0x55, 0x55, 0x55, 0x44, 0x44, 0x54, 0x44, 0x69, 0x55, 0x55, 0x55, 0x55, 0x55, 
    0x55, 0x5a, 0xaa, 0xee, 0x5a, 0x99, 0x55, 0x5a, 0xd5, 0x55, 0x69, 0x9a, 0xa9, 0x45, 0x9e, 0x99, 
    0x5e, 0x9a, 0xaf, 0xff, 0x99, 0x95, 0x55, 0x55, 0x99, 0x55, 0x55, 0x55, 0x55, 0x55, 0x95, 0x59, 
    0x99, 0x55, 0x59, 0x99, 0x95, 0x55, 0x45, 0x44, 0x4a, 0x45, 0x45, 0x55, 0x55, 0x5a, 0x95, 0xaa, 
    0x99, 0x99, 0xbc, 0x54, 0x44, 0x44, 0x64, 0x44, 0x44, 0x44, 0x44, 0x44, 0x44, 0x44, 0x44, 0x44, 
    0x44, 0x44, 0x44, 0x44, 0x05, 0x54, 0x44, 0x45, 0x6f, 0xee, 0xef, 0xff, 0xea, 0xaa, 0x9a, 0x9a, 
    0xef, 0xfe, 0x99, 0xd9, 0x55, 0x59, 0x59, 0x99, 0x99, 0x69, 0x55, 0xe5, 0x55, 0x9a, 0xee, 0xaf, 
    0xff, 0xff, 0xa9, 0x59, 0x9a, 0x99, 0x99, 0x9a, 0xa4, 0x44, 0x99, 0x45, 0x45, 0x44, 0x04, 0x05, 
    0x55, 0x44, 0x44, 0x45, 0x45, 0x44, 0x54, 0x99, 0x59, 0x44, 0x44, 0x44, 0x04, 0x44, 0x44, 0x44, 
    0x44, 0x44, 0x44, 0x04, 0x44, 0x45, 0x45, 0x45, 0x5a, 0xaa, 0x95, 0x45, 0xa9, 0x59, 0x59, 0x45, 
    0x54, 0x44, 0x44, 0x44, 0x04, 0x44, 0x44, 0x44, 0xaa, 0xa6, 0x55, 0x51, 0x11, 0x11, 0x11, 0x11, 
    0x11, 0x51, 0x11, 0x11, 0x11, 0x11, 0x10, 0x15, 0x40, 0x00, 0x01, 0x11, 0x55, 0x55, 0x15, 0x57, 
    0xbf, 0xa5, 0x55, 0x56, 0x6b, 0xab, 0x65, 0x55, 0x55, 0x55, 0x55, 0x55, 0x15, 0x55, 0x51, 0x11, 
    0x15, 0x01, 0x15, 0x12, 0x55, 0x15, 0x55, 0x55, 0x51, 0x15, 0x56, 0xaa, 0x5b, 0x55, 0x55, 0x16, 
    0x55, 0x55, 0x65, 0x56, 0x55, 0x11, 0x6a, 0x65, 0x56, 0x66, 0x6f, 0xff, 0x9a, 0x55, 0x15, 0x11, 
    0x15, 0x15, 0x11, 0x55, 0x11, 0x55, 0x91, 0x11, 0x56, 0x55, 0x51, 0x55, 0x6a, 0x11, 0x15, 0x51, 
    0x11, 0x15, 0x51, 0x15, 0x65, 0x6b, 0x95, 0x66, 0xa6, 0x56, 0xb9, 0x11, 0x01, 0x01, 0x11, 0x01, 
    0x01, 0x01, 0x00, 0x11, 0x01, 0x01, 0x01, 0x00, 0x01, 0x00, 0x01, 0x00, 0x01, 0x11, 0x01, 0x01, 
    0x3b, 0xab, 0xbb, 0xbf, 0xbb, 0xb7, 0xa6, 0x66, 0x6a, 0xa6, 0x55, 0x79, 0x55, 0x56, 0x55, 0x15, 
    0x55, 0x6a, 0x55, 0xb5, 0x16, 0x56, 0x66, 0x7b, 0xbb, 0xff, 0x95, 0x15, 0x55, 0x16, 0x56, 0x66, 
    0x65, 0x00, 0x65, 0x51, 0x11, 0x01, 0x00, 0x01, 0x16, 0x11, 0x01, 0x15, 0x11, 0x00, 0x00, 0x55, 
    0x56, 0x01, 0x00, 0x00, 0x00, 0x00, 0x00, 0x01, 0x01, 0x00, 0x00, 0x00, 0x01, 0x11, 0x11, 0x15, 
    0x12, 0xa6, 0xa5, 0x51, 0x65, 0x11, 0x15, 0x11, 0x10, 0x01, 0x01, 0x00, 0x00, 0x11, 0x01, 0x01, 
    0xaa, 0xa9, 0x95, 0x54, 0x54, 0x54, 0x54, 0x54, 0x55, 0x55, 0x55, 0x55, 0x55, 0x54, 0x54, 0x4a, 
    0x84, 0x44, 0x44, 0x55, 0x99, 0x95, 0x55, 0x9e, 0xff, 0xee, 0x95, 0x99, 0xaa, 0xfe, 0xe9, 0x99, 
    0x99, 0x99, 0x95, 0x55, 0x55, 0x55, 0x94, 0x44, 0x45, 0x44, 0x5a, 0x95, 0x55, 0x55, 0x55, 0x55, 
    0x95, 0x55, 0x55, 0x99, 0x9a, 0x95, 0x9a, 0x99, 0x99, 0x95, 0x99, 0x99, 0x99, 0x59, 0xaa, 0x99, 
    0x99, 0x99, 0x9f, 0xff, 0xea, 0xe9, 0x95, 0x55, 0x55, 0x55, 0x59, 0x95, 0xa5, 0x55, 0xa5, 0x55, 
    0x95, 0x99, 0x59, 0x5e, 0x95, 0x55, 0x55, 0x94, 0x58, 0x45, 0x55, 0x55, 0xa9, 0xe5, 0x95, 0x99, 
    0xae, 0x9a, 0xe8, 0x54, 0x44, 0x44, 0x94, 0x44, 0x44, 0x44, 0x44, 0x44, 0x44, 0x44, 0x44, 0x44, 
    0x44, 0x44, 0x44, 0x40, 0x44, 0x44, 0x40, 0x44, 0x7e, 0xee, 0xa6, 0xff, 0xff, 0xee, 0xee, 0xea, 
    0xa9, 0x96, 0x99, 0xa9, 0x95, 0x99, 0xad, 0x99, 0x55, 0xa9, 0x95, 0xe5, 0x56, 0xe9, 0x99, 0x9a, 
    0xff, 0xfe, 0x94, 0x59, 0x99, 0x55, 0x9a, 0x9a, 0x98, 0x44, 0x95, 0x95, 0x54, 0x54, 0x54, 0x44, 
    0x55, 0x54, 0x44, 0x55, 0x55, 0x54, 0x40, 0x95, 0x9a, 0x44, 0x44, 0x44, 0x44, 0x44, 0x44, 0x44, 
    0x44, 0x44, 0x44, 0x44, 0x40, 0x44, 0x55, 0x55, 0x54, 0xa5, 0xa9, 0x95, 0x69, 0x55, 0x99, 0x95, 
    0x94, 0x44, 0x44, 0x40, 0x44, 0x44, 0x44, 0x44, 0xaa, 0x65, 0x55, 0x11, 0x11, 0x11, 0x11, 0x11, 
    0x55, 0x11, 0x11, 0x11, 0x11, 0x11, 0x50, 0x12, 0x60, 0x01, 0x01, 0x51, 0x55, 0x6a, 0x51, 0x51, 
    0x6b, 0x91, 0x65, 0x57, 0xfa, 0xaa, 0xa6, 0x66, 0x65, 0x65, 0x55, 0x55, 0x55, 0x55, 0x55, 0x11, 
    0x11, 0x15, 0x51, 0x51, 0x11, 0x1a, 0x51, 0x65, 0x55, 0x11, 0x55, 0x55, 0x51, 0x11, 0x56, 0x6a, 
    0x55, 0xa6, 0x65, 0x6a, 0x65, 0x56, 0x66, 0x66, 0x66, 0x66, 0x67, 0xff, 0xf6, 0xa6, 0x66, 0x51, 
    0x11, 0x11, 0x55, 0x51, 0x66, 0x55, 0x65, 0x55, 0x55, 0xba, 0x50, 0x11, 0x65, 0x11, 0x11, 0x51, 
    0x11, 0x15, 0x51, 0x51, 0x6a, 0x59, 0x15, 0x65, 0x6a, 0x67, 0xb5, 0x51, 0x10, 0x10, 0x51, 0x11, 
    0x11, 0x10, 0x11, 0x10, 0x01, 0x11, 0x10, 0x10, 0x11, 0x10, 0x11, 0x00, 0x00, 0x00, 0x00, 0x00, 
    0x7a, 0xba, 0x1a, 0xff, 0xfb, 0xa6, 0xab, 0xbb, 0xba, 0x91, 0x55, 0x51, 0x51, 0x55, 0x69, 0x69, 
    0xa5, 0x55, 0x51, 0xa1, 0x16, 0x6a, 0xa5, 0x56, 0x66, 0xba, 0x51, 0x55, 0x55, 0x55, 0x56, 0x56, 
    0x99, 0x10, 0x15, 0x51, 0x11, 0x11, 0x11, 0x11, 0x11, 0x11, 0x11, 0x11, 0x51, 0x10, 0x00, 0x65, 
    0x5a, 0x11, 0x11, 0x10, 0x10, 0x10, 0x00, 0x00, 0x00, 0x00, 0x10, 0x00, 0x00, 0x00, 0x11, 0x11, 
    0x11, 0x14, 0x26, 0x51, 0x56, 0x51, 0x66, 0x51, 0x50, 0x10, 0x10, 0x00, 0x11, 0x11, 0x11, 0x10, 
    0xaa, 0x99, 0x55, 0x45, 0x45, 0x45, 0x45, 0x45, 0x95, 0x55, 0x55, 0x55, 0x55, 0xae, 0x85, 0x44, 
    0x54, 0x04, 0x44, 0x06, 0x95, 0xd4, 0x59, 0x45, 0x9a, 0x94, 0x45, 0x56, 0xaf, 0xea, 0x99, 0x99, 
    0x99, 0x99, 0x55, 0x55, 0x55, 0x55, 0x94, 0x45, 0x44, 0x45, 0x55, 0x59, 0x45, 0x55, 0x59, 0x55, 
    0x55, 0x45, 0x59, 0x99, 0x99, 0x55, 0x55, 0x55, 0x55, 0x5a, 0x99, 0x99, 0x99, 0x99, 0x99, 0x99, 
    0x99, 0x95, 0x9a, 0xff, 0xfd, 0xaa, 0xa9, 0xa9, 0x55, 0x55, 0x59, 0x55, 0x5e, 0x94, 0x59, 0x55, 
    0x5a, 0xd9, 0x49, 0x59, 0x95, 0x45, 0x45, 0x49, 0x45, 0x45, 0x55, 0x55, 0x6e, 0xae, 0x59, 0x99, 
    0x99, 0x9b, 0xe8, 0x55, 0x44, 0x44, 0xc4, 0x44, 0x44, 0x44, 0x44, 0x44, 0x44, 0x44, 0x44, 0x44, 
    0x44, 0x44, 0x44, 0x44, 0x04, 0x04, 0x00, 0x44, 0xae, 0x99, 0xaf, 0xff, 0xfe, 0x99, 0x5a, 0xae, 
    0xff, 0xd9, 0x55, 0x56, 0x95, 0x59, 0x55, 0x5d, 0xa5, 0x59, 0x45, 0xe5, 0x46, 0xa9, 0x9a, 0x99, 
    0x9a, 0xaa, 0x54, 0x49, 0x59, 0x95, 0x59, 0x9a, 0x99, 0x48, 0x45, 0x94, 0x45, 0x44, 0x44, 0x05, 
    0x55, 0x45, 0x44, 0x45, 0x45, 0x54, 0x00, 0x59, 0x6d, 0x44, 0x45, 0x04, 0x44, 0x44, 0x04, 0x44, 
    0x04, 0x44, 0x44, 0x44, 0x44, 0x04, 0x44, 0x45, 0x44, 0x44, 0x4a, 0x99, 0x56, 0x95, 0x59, 0x95, 
    0x98, 0x44, 0x44, 0x04, 0x44, 0x45, 0x44, 0x45, 0xa6, 0x55, 0x55, 0x11, 0x11, 0x11, 0x11, 0x11, 
    0x51, 0x15, 0x55, 0x11, 0x1b, 0xab, 0xaa, 0x55, 0x00, 0x00, 0x00, 0x01, 0x66, 0x40, 0x11, 0x01, 
    0x56, 0x55, 0x02, 0xa6, 0xbf, 0xff, 0x56, 0x66, 0x66, 0x55, 0x55, 0x55, 0x55, 0x56, 0x55, 0x51, 
    0x01, 0x01, 0x11, 0x35, 0x15, 0x25, 0x16, 0x11, 0x11, 0x55, 0x15, 0x65, 0x65, 0x55, 0x15, 0x55, 
    0x15, 0x55, 0x56, 0xba, 0x56, 0x56, 0x56, 0x66, 0x66, 0x65, 0x66, 0xbf, 0xfe, 0x66, 0x66, 0x6a, 
    0xaa, 0x16, 0x55, 0x15, 0x56, 0xa5, 0x1a, 0x55, 0x11, 0x11, 0x15, 0x5a, 0x55, 0x51, 0x11, 0x11, 
    0x11, 0x11, 0x15, 0x15, 0x6b, 0x7a, 0x56, 0x55, 0x55, 0x6a, 0x65, 0x15, 0x01, 0x01, 0x81, 0x01, 
    0x01, 0x00, 0x01, 0x00, 0x11, 0x11, 0x00, 0x01, 0x01, 0x01, 0x11, 0x00, 0x00, 0x00, 0x00, 0x00, 
    0x7a, 0x06, 0xab, 0xbb, 0xab, 0x95, 0x15, 0x56, 0xbb, 0xa5, 0x55, 0x11, 0x55, 0x56, 0x69, 0x15, 
    0x55, 0x66, 0x52, 0xa1, 0x11, 0x66, 0x57, 0x5b, 0xa5, 0x5b, 0x56, 0x19, 0x55, 0x15, 0x56, 0x56, 
    0x66, 0x06, 0x01, 0x55, 0x11, 0x11, 0x11, 0x01, 0x11, 0x11, 0x11, 0x11, 0x11, 0x10, 0x00, 0x15, 
    0x65, 0x00, 0x00, 0x15, 0x01, 0x00, 0x01, 0x01, 0x00, 0x00, 0x00, 0x01, 0x00, 0x00, 0x00, 0x11, 
    0x11, 0x00, 0x02, 0x65, 0x11, 0x95, 0x16, 0x65, 0x55, 0x01, 0x00, 0x01, 0x01, 0x41, 0x01, 0x01, 
    0xa9, 0x95, 0x55, 0x54, 0x54, 0x54, 0x54, 0x55, 0x95, 0x55, 0x99, 0x95, 0xff, 0xee, 0xee, 0xe9, 
    0x95, 0x55, 0x55, 0x94, 0x45, 0x44, 0x55, 0x59, 0x99, 0x95, 0xa4, 0x59, 0xff, 0xff, 0xfe, 0xaa, 
    0xaa, 0x99, 0x95, 0x55, 0xa5, 0x96, 0x95, 0x95, 0x54, 0x45, 0x55, 0x55, 0x55, 0x95, 0x5e, 0x54, 
    0x95, 0x55, 0x95, 0x55, 0x95, 0xa9, 0xa5, 0x95, 0x95, 0x59, 0x99, 0xaa, 0xd9, 0x9a, 0xa9, 0x99, 
    0xa9, 0xa9, 0xa9, 0xff, 0xff, 0xa9, 0x9a, 0xaa, 0xed, 0x55, 0x95, 0x95, 0x95, 0xaa, 0x5a, 0x55, 
    0x54, 0x44, 0x55, 0x9a, 0x9a, 0xa8, 0x54, 0x54, 0x54, 0x55, 0x55, 0x55, 0x5a, 0xae, 0xa9, 0x99, 
    0x99, 0xa9, 0xa9, 0x55, 0x44, 0x45, 0x84, 0x44, 0x44, 0x44, 0x44, 0x44, 0x44, 0x44, 0x44, 0x44, 
    0x44, 0x44, 0x44, 0x40, 0x44, 0x40, 0x40, 0x44, 0xaa, 0x9e, 0xef, 0xfd, 0x95, 0x55, 0x95, 0x95, 
    0x99, 0x95, 0x99, 0x55, 0x55, 0xae, 0xad, 0x5d, 0x55, 0x9a, 0xe6, 0xe5, 0x55, 0xa9, 0x99, 0x99, 
    0xfd, 0x95, 0x5a, 0xe9, 0x99, 0x55, 0x95, 0x99, 0xa6, 0x46, 0x84, 0x59, 0x54, 0x54, 0x54, 0x54, 
    0x54, 0x55, 0x54, 0x54, 0x54, 0x54, 0x40, 0x59, 0xa5, 0x44, 0x44, 0x44, 0x44, 0x44, 0x44, 0x44, 
    0x44, 0x44, 0x44, 0x44, 0x44, 0x44, 0x44, 0x44, 0x44, 0x40, 0x44, 0xa9, 0x55, 0xa5, 0x59, 0xa9, 
    0x59, 0x44, 0x44, 0x44, 0x44, 0x94, 0x44, 0x45, 0xa5, 0x51, 0x11, 0x11, 0x11, 0x11, 0x11, 0x15, 
    0x11, 0x55, 0x66, 0x6b, 0xfb, 0xfa, 0xaa, 0xaa, 0x7a, 0xb9, 0x65, 0x00, 0x15, 0x01, 0x01, 0x9a, 
    0x55, 0x55, 0x51, 0x36, 0x6a, 0xbf, 0xff, 0xe6, 0xaa, 0x65, 0x55, 0x55, 0x55, 0x56, 0x65, 0x55, 
    0x55, 0x51, 0x11, 0x51, 0x16, 0xa5, 0x55, 0x15, 0x55, 0x21, 0x55, 0x51, 0x56, 0x6a, 0xa6, 0x55, 
    0x55, 0x15, 0x55, 0x56, 0x55, 0x61, 0x66, 0x65, 0x66, 0xa6, 0x66, 0x7f, 0xff, 0x96, 0x65, 0x6b, 
    0xb9, 0x51, 0x51, 0x55, 0x55, 0x66, 0x55, 0x11, 0x51, 0x51, 0x15, 0x55, 0x5b, 0xb5, 0x16, 0x11, 
    0x11, 0x11, 0x55, 0x11, 0x56, 0x76, 0x6a, 0x55, 0x65, 0xa6, 0xb5, 0x51, 0x10, 0x12, 0x91, 0x11, 
    0x11, 0x10, 0x10, 0x11, 0x11, 0x10, 0x10, 0x10, 0x10, 0x11, 0x11, 0x00, 0x00, 0x00, 0x00, 0x10, 
    0xaa, 0xba, 0xbb, 0xff, 0xf9, 0x55, 0x55, 0x55, 0x55, 0x65, 0x55, 0x55, 0x55, 0x65, 0x55, 0x55, 
    0x15, 0x66, 0x62, 0xa1, 0x1b, 0xfa, 0x55, 0x65, 0x65, 0x55, 0x17, 0xa6, 0x55, 0x65, 0x55, 0x56, 
    0x66, 0x57, 0x51, 0x01, 0x11, 0x11, 0x11, 0x11, 0x11, 0x11, 0x10, 0x11, 0x11, 0x11, 0x00, 0x25, 
    0x51, 0x10, 0x10, 0x00, 0x00, 0x10, 0x10, 0x10, 0x00, 0x10, 0x00, 0x10, 0x10, 0x10, 0x00, 0x00, 
    0x00, 0x10, 0x00, 0x26, 0x51, 0x25, 0x16, 0x66, 0x25, 0x11, 0x00, 0x00, 0x11, 0x11, 0x11, 0x11, 
    0x95, 0x45, 0x55, 0x45, 0x45, 0x45, 0x45, 0x59, 0x45, 0x5a, 0xee, 0xff, 0xff, 0xee, 0xa9, 0x44, 
    0x46, 0xee, 0x44, 0x04, 0x05, 0x95, 0x44, 0x55, 0xa9, 0x59, 0x99, 0xa9, 0xaa, 0xaf, 0xfe, 0xff, 
    0xee, 0x99, 0x55, 0x55, 0x59, 0x99, 0x55, 0x59, 0x55, 0x94, 0x45, 0x54, 0x5a, 0xa5, 0x55, 0x45, 
    0x55, 0x55, 0x55, 0x59, 0x9a, 0x9e, 0xd9, 0x59, 0x99, 0x95, 0x59, 0x59, 0x99, 0x99, 0xaa, 0x99, 
    0x9a, 0x9a, 0x59, 0xaf, 0xff, 0xda, 0x99, 0x9a, 0xa9, 0x55, 0x59, 0x55, 0x95, 0x55, 0x45, 0x45, 
    0x96, 0x45, 0x45, 0x59, 0x5a, 0xe4, 0x69, 0x45, 0x45, 0x55, 0x55, 0x55, 0x59, 0xae, 0xa9, 0x99, 
    0x9a, 0xeb, 0xe5, 0x55, 0x44, 0x46, 0x84, 0x44, 0x44, 0x44, 0x44, 0x44, 0x44, 0x44, 0x44, 0x44, 
    0x44, 0x44, 0x44, 0x44, 0x40, 0x00, 0x04, 0x04, 0xee, 0xea, 0xef, 0xff, 0x99, 0x5a, 0x55, 0x55, 
    0x55, 0x69, 0x59, 0x5a, 0xed, 0x59, 0x55, 0x59, 0x55, 0x99, 0x96, 0xd5, 0x5f, 0xfe, 0xe9, 0x99, 
    0x99, 0x9f, 0x5a, 0x46, 0x55, 0x99, 0x59, 0xa9, 0x99, 0x86, 0x44, 0x44, 0x45, 0x45, 0x45, 0x45, 
    0x44, 0x45, 0x44, 0x45, 0x45, 0x45, 0x40, 0x59, 0x45, 0x44, 0x44, 0x04, 0x44, 0x44, 0x44, 0x44, 
    0x04, 0x44, 0x44, 0x44, 0x44, 0x44, 0x44, 0x44, 0x44, 0x54, 0x04, 0x46, 0x95, 0x59, 0x5a, 0x99, 
    0x59, 0x44, 0x04, 0x04, 0x44, 0x54, 0x44, 0x55, 0x11, 0x11, 0x11, 0x11, 0x11, 0x11, 0x11, 0x15, 
    0x11, 0x56, 0xbb, 0xfb, 0xff, 0xa5, 0x00, 0x00, 0x11, 0x55, 0x51, 0x00, 0x10, 0x15, 0x00, 0x10, 
    0x01, 0x65, 0x56, 0x56, 0x66, 0x6a, 0x6b, 0xbf, 0xfb, 0xa6, 0x55, 0x55, 0x56, 0x56, 0x15, 0x55, 
    0x55, 0x11, 0x01, 0x01, 0x15, 0x15, 0xa1, 0x1a, 0x11, 0x51, 0x51, 0x56, 0x56, 0x66, 0x55, 0x56, 
    0x56, 0x66, 0x55, 0x16, 0x56, 0x55, 0x66, 0x66, 0x66, 0xa6, 0x56, 0x6b, 0xff, 0xb6, 0xa5, 0x56, 
    0x66, 0x55, 0x15, 0x15, 0x15, 0x55, 0x01, 0x16, 0x11, 0x11, 0x01, 0x55, 0x55, 0x6a, 0x51, 0x11, 
    0x11, 0x15, 0x19, 0x11, 0x15, 0x5a, 0x65, 0x56, 0x7b, 0x6b, 0x61, 0x11, 0x01, 0x02, 0x41, 0x11, 
    0x01, 0x00, 0x01, 0x01, 0x11, 0x00, 0x01, 0x10, 0x01, 0x11, 0x11, 0x00, 0x00, 0x00, 0x00, 0x01, 
    0xba, 0x56, 0xab, 0xbf, 0x55, 0x55, 0x55, 0x15, 0x11, 0x65, 0x55, 0x57, 0xab, 0x55, 0x15, 0x15, 
    0x15, 0x56, 0x62, 0x95, 0x5f, 0x7a, 0xaa, 0xaa, 0x55, 0x56, 0x56, 0x56, 0x15, 0x55, 0x15, 0x66, 
    0x65, 0x91, 0x50, 0x00, 0x11, 0x11, 0x11, 0x11, 0x10, 0x15, 0x11, 0x01, 0x11, 0x11, 0x01, 0x15, 
    0x11, 0x10, 0x00, 0x01, 0x00, 0x00, 0x01, 0x11, 0x01, 0x00, 0x01, 0x01, 0x10, 0x01, 0x00, 0x00, 
    0x01, 0x50, 0x01, 0x01, 0x51, 0x15, 0x16, 0x66, 0x66, 0x00, 0x00, 0x01, 0x00, 0x11, 0x00, 0x11, 
    0x54, 0x55, 0x54, 0x55, 0x54, 0x54, 0x55, 0x55, 0x55, 0x59, 0xaf, 0xff, 0xff, 0x94, 0x69, 0x45, 
    0x95, 0xea, 0x95, 0x54, 0x46, 0x55, 0x54, 0x54, 0x44, 0x46, 0xea, 0x99, 0x99, 0x99, 0xaa, 0xff, 
    0xff, 0xe9, 0x95, 0x95, 0x59, 0x99, 0x55, 0x95, 0x99, 0xa4, 0x44, 0x44, 0x44, 0x55, 0x55, 0x59, 
    0x55, 0x55, 0x55, 0xa5, 0x99, 0xb9, 0x9a, 0xa9, 0x99, 0xa9, 0x59, 0x95, 0x99, 0x99, 0x99, 0x99, 
    0x99, 0xea, 0xd9, 0xab, 0xff, 0xf9, 0xe9, 0xa9, 0xa9, 0x9a, 0xa9, 0x95, 0x55, 0x55, 0x95, 0x85, 
    0x94, 0x55, 0x55, 0xee, 0x9a, 0xe9, 0x95, 0x54, 0x54, 0x55, 0xad, 0x55, 0x55, 0x5a, 0xea, 0xee, 
    0xfe, 0xf9, 0xa4, 0x55, 0x44, 0x46, 0x84, 0x44, 0x44, 0x44, 0x44, 0x44, 0x44, 0x44, 0x44, 0x44, 
    0x40, 0x44, 0x44, 0x44, 0x40, 0x40, 0x40, 0x44, 0xfd, 0x95, 0x5a, 0xff, 0xda, 0x99, 0x95, 0x55, 
    0x55, 0x99, 0x55, 0x56, 0xad, 0x95, 0x55, 0x55, 0x95, 0x55, 0xa6, 0xd5, 0x6f, 0xae, 0xea, 0xee, 
    0xfe, 0x95, 0xa9, 0xad, 0x55, 0x55, 0x55, 0xae, 0x99, 0x55, 0x94, 0x44, 0x40, 0x54, 0x55, 0x54, 
    0x54, 0x44, 0x54, 0x54, 0x55, 0x54, 0x44, 0x59, 0x94, 0x44, 0x44, 0x44, 0x44, 0x44, 0x54, 0x44, 
    0x44, 0x44, 0x44, 0x44, 0x44, 0x44, 0x44, 0x59, 0x40, 0x94, 0x44, 0x44, 0x69, 0x55, 0x95, 0x99, 
    0x99, 0x44, 0x40, 0x44, 0x44, 0x55, 0x40, 0x44, 0x51, 0x11, 0x11, 0x11, 0x11, 0x11, 0x11, 0x51, 
    0x11, 0x56, 0xbb, 0xff, 0xfa, 0x50, 0x15, 0x66, 0x65, 0x6a, 0x65, 0x11, 0x13, 0x91, 0x50, 0x15, 
    0x16, 0x50, 0x17, 0xa6, 0x66, 0x56, 0x66, 0xaa, 0xbf, 0xfb, 0x55, 0x55, 0x55, 0x55, 0x51, 0x55, 
    0x55, 0x65, 0x10, 0x11, 0x11, 0x11, 0x55, 0x15, 0x15, 0x51, 0x55, 0x15, 0x55, 0x65, 0x66, 0x66, 
    0x65, 0x55, 0x55, 0x66, 0x55, 0x56, 0x66, 0x55, 0x66, 0x66, 0xa6, 0x67, 0xff, 0xf9, 0xa6, 0x55, 
    0x66, 0x6a, 0x66, 0xa6, 0x51, 0x55, 0x51, 0x51, 0x11, 0x15, 0x55, 0xbf, 0xaa, 0x56, 0x96, 0x51, 
    0x11, 0x11, 0xbe, 0x51, 0x51, 0x56, 0xa5, 0x66, 0xbf, 0xf6, 0x61, 0x11, 0x11, 0x13, 0x51, 0x11, 
    0x10, 0x10, 0x11, 0x11, 0x11, 0x10, 0x11, 0x10, 0x00, 0x11, 0x10, 0x01, 0x10, 0x00, 0x10, 0x01, 
    0xf6, 0x55, 0x55, 0x56, 0xa5, 0x55, 0x55, 0x51, 0x51, 0x55, 0x55, 0x51, 0x55, 0x51, 0x52, 0xba, 
    0x51, 0x11, 0x52, 0x91, 0x6b, 0xbf, 0xba, 0xba, 0xbb, 0xf5, 0x51, 0x79, 0x11, 0x11, 0x65, 0x65, 
    0xa6, 0x51, 0x60, 0x10, 0x00, 0x11, 0x11, 0x11, 0x11, 0x11, 0x11, 0x11, 0x11, 0x11, 0x11, 0x15, 
    0x51, 0x51, 0x10, 0x10, 0x10, 0x01, 0x11, 0x10, 0x10, 0x11, 0x10, 0x10, 0x01, 0x01, 0x10, 0x17, 
    0x50, 0x15, 0x11, 0x15, 0x55, 0x51, 0x51, 0x65, 0x65, 0x50, 0x00, 0x11, 0x10, 0x15, 0x00, 0x00, 
    0x45, 0x45, 0x45, 0x55, 0x45, 0x45, 0x45, 0x45, 0x45, 0x59, 0x9a, 0xfe, 0xaa, 0x95, 0x9a, 0x9a, 
    0x99, 0x4d, 0x95, 0x44, 0x45, 0x64, 0x45, 0x44, 0x15, 0x55, 0x45, 0xae, 0x9a, 0xa9, 0x5a, 0x9a, 
    0xaa, 0xff, 0xfd, 0x59, 0x55, 0x59, 0x55, 0x55, 0x5a, 0xd4, 0x44, 0x44, 0x44, 0x44, 0x45, 0x55, 
    0x55, 0x45, 0x59, 0x55, 0x55, 0x55, 0x59, 0x99, 0xaa, 0x99, 0x59, 0x59, 0x9a, 0x95, 0x55, 0x99, 
    0x9a, 0x5a, 0xaa, 0xaa, 0xff, 0xfe, 0x99, 0x59, 0x99, 0x99, 0xae, 0xaa, 0xa9, 0x55, 0x59, 0x44, 
    0x45, 0x45, 0x55, 0xae, 0x99, 0x59, 0xd5, 0x45, 0x45, 0x45, 0x59, 0x55, 0x55, 0x5a, 0xf9, 0x5a, 
    0xee, 0xaf, 0xe8, 0x45, 0x44, 0x47, 0x84, 0x44, 0x44, 0x44, 0x44, 0x44, 0x44, 0x44, 0x44, 0x44, 
    0x04, 0x44, 0x44, 0x04, 0x44, 0x04, 0x40, 0x05, 0x95, 0x55, 0x55, 0x55, 0x55, 0x59, 0x55, 0x55, 
    0x55, 0x44, 0x55, 0x55, 0x55, 0x55, 0x56, 0xfe, 0xa8, 0x55, 0x56, 0xd5, 0x6f, 0xff, 0xae, 0xee, 
    0xef, 0x95, 0x55, 0x59, 0x55, 0x55, 0x55, 0x5a, 0x95, 0x95, 0x54, 0x44, 0x44, 0x05, 0x45, 0x45, 
    0x45, 0x44, 0x45, 0x44, 0x45, 0x45, 0x44, 0x15, 0x55, 0x55, 0x55, 0x44, 0x44, 0x44, 0x44, 0x44, 
    0x04, 0x44, 0x44, 0x04, 0x04, 0x04, 0x44, 0x44, 0x55, 0x45, 0x44, 0x45, 0x46, 0x55, 0x55, 0x59, 
    0x99, 0x44, 0x04, 0x44, 0x44, 0x55, 0x44, 0x04, 0x11, 0x11, 0x11, 0x11, 0x11, 0x11, 0x15, 0x11, 
    0x11, 0x15, 0x29, 0x92, 0xab, 0xab, 0xa6, 0x66, 0x66, 0x56, 0x01, 0x00, 0x11, 0x79, 0x00, 0x00, 
    0x06, 0x50, 0x10, 0x15, 0x6a, 0x66, 0x65, 0x66, 0x66, 0x5b, 0xbf, 0x95, 0x55, 0x55, 0x55, 0x55, 
    0x17, 0x91, 0x11, 0x01, 0x01, 0x01, 0x01, 0x11, 0x11, 0x15, 0x21, 0x15, 0x11, 0x55, 0x11, 0x56, 
    0x66, 0x56, 0x56, 0x66, 0x66, 0xa6, 0x55, 0x15, 0x55, 0x1a, 0x7a, 0x66, 0xbf, 0xff, 0x66, 0x5a, 
    0x66, 0x66, 0x6a, 0x66, 0x6a, 0x6a, 0x16, 0x50, 0x11, 0x11, 0x15, 0x6a, 0x55, 0x15, 0x95, 0x11, 
    0x11, 0x16, 0x15, 0x15, 0x56, 0x55, 0x75, 0x6a, 0xa6, 0x56, 0xb5, 0x11, 0x01, 0x07, 0x51, 0x11, 
    0x00, 0x01, 0x01, 0x01, 0x00, 0x01, 0x11, 0x10, 0x01, 0x11, 0x11, 0x00, 0x10, 0x00, 0x00, 0x01, 
    0xa6, 0x55, 0x15, 0x15, 0x55, 0x15, 0x55, 0x55, 0x65, 0x11, 0x15, 0x51, 0x15, 0x11, 0x16, 0x7f, 
    0xb5, 0x11, 0x17, 0x91, 0x3f, 0x6b, 0xaa, 0xaa, 0xab, 0x91, 0x15, 0x15, 0x16, 0x95, 0x51, 0x11, 
    0x16, 0x52, 0x56, 0x11, 0x00, 0x01, 0x11, 0x11, 0x11, 0x11, 0x11, 0x11, 0x11, 0x11, 0x11, 0x05, 
    0x55, 0x15, 0x12, 0x65, 0x01, 0x00, 0x00, 0x11, 0x11, 0x01, 0x01, 0x00, 0x00, 0x10, 0x00, 0x10, 
    0x00, 0x01, 0x41, 0x15, 0x55, 0x51, 0x11, 0x16, 0x56, 0x40, 0x00, 0x01, 0x01, 0x11, 0x10, 0x00, 
    0x54, 0x55, 0x55, 0x54, 0x54, 0x54, 0x54, 0x54, 0x55, 0x55, 0xa9, 0x9a, 0xfe, 0xff, 0xea, 0xe9, 
    0xa9, 0x95, 0x85, 0x94, 0x45, 0x6f, 0x84, 0x44, 0x45, 0x94, 0x44, 0x55, 0x55, 0xe9, 0xa9, 0x99, 
    0x99, 0xa9, 0xaf, 0x95, 0x95, 0xa9, 0x95, 0x95, 0x99, 0x54, 0x44, 0x44, 0x44, 0x44, 0x44, 0x44, 
    0x55, 0x55, 0xa5, 0x98, 0x95, 0x55, 0x95, 0x55, 0xa9, 0x9a, 0xa9, 0xa9, 0xe9, 0x99, 0xaa, 0xa9, 
    0x99, 0x9a, 0xad, 0xaa, 0xbf, 0xff, 0xd9, 0x9e, 0xaa, 0xa9, 0xaa, 0xaa, 0xaa, 0xaa, 0x69, 0x44, 
    0x44, 0x55, 0xa5, 0xaa, 0x99, 0x95, 0xa4, 0x54, 0x55, 0xa9, 0x55, 0x95, 0x9d, 0x5a, 0x6a, 0xe9, 
    0x99, 0xa9, 0xa4, 0x55, 0x44, 0x4a, 0x44, 0x44, 0x44, 0x44, 0x44, 0x44, 0x44, 0x44, 0x44, 0x44, 
    0x44, 0x44, 0x44, 0x44, 0x40, 0x44, 0x44, 0x45, 0xed, 0x95, 0x55, 0x55, 0x55, 0x59, 0x99, 0x95, 
    0x95, 0x55, 0x55, 0x95, 0x55, 0x55, 0x55, 0x55, 0xf9, 0x55, 0x56, 0x95, 0xbe, 0x95, 0x9a, 0xee, 
    0xee, 0xf9, 0x54, 0x55, 0x56, 0xea, 0x95, 0x55, 0x55, 0x99, 0x94, 0x54, 0x44, 0x44, 0x55, 0x55, 
    0x55, 0x54, 0x55, 0x54, 0x55, 0x55, 0x44, 0x49, 0x95, 0x55, 0x55, 0x99, 0x54, 0x44, 0x44, 0x54, 
    0x44, 0x44, 0x44, 0x44, 0x44, 0x44, 0x40, 0x44, 0x44, 0x45, 0x95, 0x55, 0x99, 0x95, 0x55, 0x59, 
    0x99, 0x84, 0x44, 0x44, 0x44, 0x44, 0x54, 0x44, 0x11, 0x11, 0x51, 0x11, 0x11, 0x11, 0x51, 0x11, 
    0x11, 0x51, 0x6a, 0xa6, 0xbb, 0xff, 0xaa, 0xb6, 0x66, 0x65, 0x66, 0x51, 0x01, 0x15, 0xa0, 0x00, 
    0x01, 0x55, 0x50, 0x01, 0x51, 0x16, 0xa6, 0x66, 0x65, 0x66, 0x65, 0x11, 0x55, 0xa5, 0x55, 0x55, 
    0x6a, 0x51, 0x11, 0x11, 0x10, 0x10, 0x11, 0x10, 0x10, 0x15, 0x55, 0x65, 0x55, 0x51, 0x51, 0x51, 
    0x11, 0x55, 0x65, 0x66, 0xb6, 0x65, 0x66, 0x76, 0x65, 0x66, 0x66, 0x66, 0x7f, 0xff, 0xe6, 0x66, 
    0xa6, 0xb6, 0xaa, 0xaa, 0xa6, 0xaa, 0x15, 0x69, 0x10, 0x17, 0xf9, 0xab, 0xa6, 0x56, 0x51, 0x11, 
    0x12, 0x51, 0x55, 0x55, 0x65, 0x55, 0x6b, 0x6a, 0x65, 0xaa, 0x65, 0x51, 0x11, 0x16, 0x11, 0x11, 
    0x11, 0x11, 0x11, 0x11, 0x11, 0x11, 0x11, 0x10, 0x11, 0x11, 0x10, 0x00, 0x10, 0x00, 0x40, 0x02, 
    0xaa, 0x51, 0x51, 0x55, 0x51, 0x55, 0x55, 0x55, 0x55, 0x56, 0x55, 0x55, 0x61, 0x51, 0x11, 0x51, 
    0x51, 0x51, 0x67, 0x51, 0x79, 0x55, 0x55, 0x6a, 0xbb, 0xf9, 0x55, 0x11, 0x57, 0x52, 0xfa, 0x91, 
    0x15, 0x55, 0x10, 0x10, 0x10, 0x01, 0x11, 0x11, 0x11, 0x51, 0x11, 0x51, 0x11, 0x11, 0x10, 0x05, 
    0x55, 0x55, 0x55, 0x55, 0x51, 0x51, 0x00, 0x00, 0x00, 0x11, 0x10, 0x10, 0x10, 0x10, 0x00, 0x00, 
    0x10, 0x10, 0x11, 0x55, 0x65, 0x65, 0x25, 0x56, 0x55, 0x50, 0x01, 0x11, 0x11, 0x10, 0x10, 0x00, 
    0x55, 0x45, 0x55, 0x45, 0x45, 0x45, 0x45, 0x45, 0x45, 0x55, 0xfb, 0xbe, 0xef, 0xff, 0xee, 0xad, 
    0x99, 0x44, 0x5a, 0x99, 0x45, 0x59, 0x69, 0x44, 0x40, 0x55, 0x55, 0x45, 0x95, 0x44, 0x5a, 0xa9, 
    0x99, 0x99, 0x9a, 0x55, 0x45, 0xa9, 0x55, 0x55, 0xaa, 0x94, 0x44, 0x54, 0x44, 0x44, 0x44, 0x44, 
    0x44, 0x44, 0x55, 0x55, 0x6a, 0x45, 0xa5, 0x54, 0x45, 0x55, 0x59, 0x99, 0xea, 0x9a, 0x99, 0xa9, 
    0x9a, 0xa9, 0x99, 0x5a, 0x9f, 0xff, 0xfa, 0xea, 0xaa, 0x9a, 0x9e, 0x9a, 0xaa, 0xaa, 0x4a, 0x99, 
    0x45, 0xef, 0xff, 0x9f, 0xe9, 0x96, 0x44, 0x45, 0x5d, 0x55, 0x55, 0x99, 0xaa, 0x56, 0xfd, 0x69, 
    0xa9, 0xaa, 0x94, 0x55, 0x45, 0x45, 0x44, 0x44, 0x44, 0x44, 0x44, 0x44, 0x44, 0x44, 0x44, 0x45, 
    0x04, 0x44, 0x44, 0x04, 0x44, 0x04, 0x44, 0x05, 0xe9, 0x55, 0x54, 0x55, 0x44, 0x5d, 0x55, 0x95, 
    0x59, 0x5e, 0x59, 0x5a, 0x95, 0x55, 0x55, 0x55, 0x55, 0x45, 0x56, 0x95, 0x69, 0x55, 0x59, 0x59, 
    0x9a, 0xfd, 0x55, 0x45, 0x55, 0x56, 0xa9, 0x94, 0x59, 0x59, 0x84, 0x44, 0x44, 0x45, 0x44, 0x45, 
    0x45, 0x45, 0x44, 0x54, 0x45, 0x55, 0x44, 0x05, 0x95, 0xa9, 0x59, 0x55, 0x55, 0x59, 0x54, 0x44, 
    0x44, 0x44, 0x44, 0x44, 0x44, 0x44, 0x44, 0x44, 0x44, 0x44, 0x45, 0x55, 0x5a, 0x99, 0x55, 0x55, 
    0x95, 0x94, 0x04, 0x44, 0x44, 0x44, 0x55, 0x44, 0x11, 0x11, 0x11, 0x11, 0x11, 0x11, 0x11, 0x11, 
    0x11, 0x16, 0xfe, 0x7a, 0xbf, 0xff, 0xba, 0xaa, 0x65, 0x01, 0x0a, 0x56, 0x51, 0x12, 0x01, 0x00, 
    0x00, 0x15, 0x55, 0x11, 0x11, 0x01, 0x01, 0x1a, 0xa6, 0x56, 0x56, 0x51, 0x75, 0x65, 0x55, 0x56, 
    0x66, 0x55, 0x01, 0x11, 0x11, 0x01, 0x11, 0x01, 0x02, 0x10, 0x11, 0x55, 0x56, 0x55, 0x51, 0x11, 
    0x01, 0x15, 0x11, 0x16, 0x66, 0x56, 0x6a, 0x66, 0x65, 0x56, 0x65, 0x56, 0x6b, 0xff, 0xb9, 0x66, 
    0x66, 0x67, 0x66, 0x6a, 0x66, 0x6a, 0x57, 0x65, 0x12, 0xf7, 0xfe, 0x56, 0x66, 0x66, 0x11, 0x11, 
    0x55, 0x55, 0x15, 0x56, 0xa5, 0x7b, 0xb5, 0x55, 0x55, 0x56, 0x65, 0x15, 0x01, 0x51, 0x41, 0x01, 
    0x11, 0x01, 0x01, 0x11, 0x01, 0x01, 0x11, 0x01, 0x01, 0x01, 0x00, 0x00, 0x00, 0x00, 0x00, 0x01, 
    0x66, 0x55, 0x55, 0x55, 0x11, 0x15, 0x55, 0x55, 0x15, 0x5a, 0x55, 0x57, 0x55, 0x55, 0x11, 0x11, 
    0x15, 0x11, 0x17, 0x51, 0x15, 0x15, 0x55, 0x55, 0x55, 0x69, 0x51, 0x11, 0x15, 0x2b, 0xaa, 0x55, 
    0x15, 0x11, 0x11, 0x01, 0x00, 0x01, 0x11, 0x11, 0x11, 0x11, 0x11, 0x11, 0x11, 0x11, 0x10, 0x01, 
    0x56, 0x66, 0x55, 0x51, 0x11, 0x15, 0x11, 0x11, 0x00, 0x00, 0x01, 0x01, 0x01, 0x01, 0x01, 0x01, 
    0x00, 0x00, 0x11, 0x11, 0x56, 0x56, 0x55, 0x11, 0x55, 0x50, 0x11, 0x11, 0x01, 0x01, 0x15, 0x55, 
    0x55, 0x55, 0x54, 0x55, 0x55, 0x55, 0x54, 0x54, 0x55, 0x5b, 0xfd, 0x6b, 0xef, 0xff, 0xfe, 0xea, 
    0x95, 0x55, 0x96, 0x95, 0x95, 0x55, 0x84, 0x40, 0x44, 0x55, 0x55, 0x95, 0x54, 0x44, 0x44, 0x44, 
    0xaa, 0x99, 0x99, 0x95, 0x6e, 0x95, 0x99, 0x9a, 0xa9, 0x55, 0x44, 0x54, 0x46, 0xd4, 0x54, 0x44, 
    0x44, 0x55, 0x44, 0x55, 0x99, 0x9a, 0x95, 0x54, 0x55, 0x54, 0x55, 0x5d, 0x59, 0x99, 0xa9, 0xaa, 
    0xa9, 0x99, 0xaa, 0x99, 0xab, 0xff, 0xfd, 0xaa, 0x99, 0xaa, 0xee, 0xaa, 0xaa, 0xea, 0xde, 0x95, 
    0x5b, 0xff, 0xfe, 0x9a, 0x99, 0x99, 0x54, 0x59, 0x95, 0x95, 0x55, 0xaf, 0x96, 0xff, 0xf9, 0x55, 
    0x9a, 0x99, 0xa8, 0x55, 0x45, 0x44, 0x44, 0x44, 0x44, 0x44, 0x44, 0x44, 0x44, 0x44, 0x44, 0x44, 
    0x44, 0x44, 0x40, 0x40, 0x54, 0x40, 0x40, 0x45, 0xa9, 0x99, 0x99, 0x95, 0x54, 0x55, 0x55, 0x54, 
    0x55, 0x59, 0x99, 0x9a, 0x95, 0x54, 0x55, 0x55, 0x54, 0x55, 0x5a, 0x55, 0x55, 0x95, 0x55, 0x56, 
    0x9a, 0xe9, 0x95, 0x55, 0x55, 0x69, 0x55, 0x99, 0x95, 0x59, 0xa9, 0x54, 0x44, 0x44, 0x54, 0x54, 
    0x55, 0x54, 0x54, 0x44, 0x54, 0x54, 0x54, 0x49, 0x59, 0x99, 0xa9, 0x95, 0x55, 0x55, 0x54, 0x55, 
    0x54, 0x44, 0x44, 0x44, 0x44, 0x44, 0x44, 0x44, 0x44, 0x44, 0x44, 0x55, 0x59, 0xa9, 0x95, 0x54, 
    0x59, 0x94, 0x54, 0x44, 0x44, 0x44, 0x54, 0x99, 0x11, 0x11, 0x11, 0x11, 0x11, 0x51, 0x11, 0x11, 
    0x11, 0x1b, 0xf1, 0x2b, 0xfb, 0xeb, 0xfa, 0xa5, 0x55, 0x51, 0x12, 0x91, 0x65, 0x11, 0x60, 0x10, 
    0x00, 0x11, 0x55, 0x55, 0x51, 0x11, 0x11, 0x11, 0x11, 0x6a, 0x65, 0x55, 0x57, 0xf9, 0x55, 0x66, 
    0x65, 0x51, 0x11, 0x11, 0x11, 0x79, 0x51, 0x10, 0x10, 0x15, 0x11, 0x51, 0x11, 0x55, 0x51, 0x51, 
    0x11, 0x11, 0x51, 0x79, 0x51, 0x56, 0xa9, 0x66, 0xa6, 0x66, 0x66, 0x66, 0xa6, 0xff, 0xff, 0x65, 
    0x66, 0x66, 0xa6, 0x6a, 0xaa, 0xa6, 0xe1, 0x55, 0x2b, 0xfb, 0xfa, 0x55, 0x66, 0x65, 0x55, 0x16, 
    0x55, 0x55, 0x56, 0xbf, 0x6b, 0xff, 0xe5, 0x66, 0x66, 0x66, 0x55, 0x55, 0x11, 0x10, 0x00, 0x01, 
    0x10, 0x11, 0x11, 0x11, 0x11, 0x11, 0x11, 0x10, 0x00, 0x10, 0x00, 0x11, 0x10, 0x01, 0x40, 0x11, 
    0x65, 0xa5, 0x55, 0x55, 0x55, 0x55, 0x11, 0x11, 0x55, 0x51, 0x65, 0x65, 0xa5, 0x51, 0x11, 0xa5, 
    0x55, 0x11, 0x57, 0x55, 0x51, 0x56, 0x55, 0x55, 0x66, 0xb9, 0x55, 0x11, 0x69, 0x51, 0x55, 0x55, 
    0x65, 0x55, 0x6a, 0x51, 0x00, 0x00, 0x11, 0x11, 0x11, 0x11, 0x11, 0x10, 0x11, 0x11, 0x11, 0x05, 
    0x55, 0x55, 0x55, 0x51, 0x11, 0x51, 0x11, 0x51, 0x11, 0x11, 0x00, 0x00, 0x10, 0x10, 0x00, 0x10, 
    0x10, 0x00, 0x10, 0x15, 0x16, 0x65, 0x65, 0x11, 0x11, 0x55, 0x11, 0x11, 0x10, 0x11, 0x15, 0x55, 
    0x55, 0x55, 0x45, 0x45, 0x45, 0x55, 0x45, 0x45, 0x44, 0x6f, 0xd4, 0xbb, 0xef, 0xdf, 0xff, 0xae, 
    0xee, 0x84, 0x44, 0x85, 0x99, 0x55, 0x64, 0x04, 0x05, 0x85, 0x99, 0x55, 0x54, 0x44, 0x44, 0x44, 
    0x44, 0x45, 0xa9, 0x95, 0xef, 0xff, 0xd5, 0x9a, 0x99, 0x55, 0x44, 0x44, 0x45, 0xe5, 0xe8, 0x44, 
    0x44, 0x44, 0x44, 0x44, 0x54, 0x45, 0x55, 0x45, 0x45, 0x45, 0x56, 0xa9, 0x55, 0x55, 0x59, 0x9a, 
    0xaa, 0x9a, 0x5a, 0xa9, 0xa9, 0xff, 0xff, 0xae, 0x99, 0x9e, 0x99, 0xaa, 0xaa, 0xaa, 0xd5, 0x54, 
    0x7f, 0xef, 0x95, 0x55, 0x59, 0x99, 0x99, 0x55, 0x59, 0x59, 0x5f, 0xfd, 0xbf, 0xff, 0xee, 0xd9, 
    0xee, 0x99, 0x98, 0x55, 0x55, 0x44, 0x04, 0x44, 0x44, 0x44, 0x44, 0x44, 0x44, 0x44, 0x44, 0x65, 
    0x04, 0x44, 0x04, 0x04, 0x44, 0x05, 0x44, 0x06, 0xd5, 0x99, 0x55, 0x59, 0x55, 0x95, 0x55, 0x45, 
    0x55, 0x55, 0x55, 0x55, 0xa9, 0x44, 0x45, 0xfa, 0xe9, 0x55, 0x4a, 0x55, 0x55, 0x55, 0x55, 0x55, 
    0x5a, 0xfd, 0x94, 0x46, 0xd5, 0x55, 0x55, 0x5a, 0x99, 0x99, 0x9d, 0x95, 0x44, 0x44, 0x05, 0x45, 
    0x45, 0x45, 0x45, 0x44, 0x44, 0x45, 0x44, 0x45, 0x5f, 0xd5, 0x55, 0x45, 0x55, 0x55, 0x55, 0x55, 
    0x45, 0x45, 0x44, 0x44, 0x44, 0x44, 0x44, 0x44, 0x44, 0x44, 0x44, 0x49, 0x55, 0x99, 0x59, 0x55, 
    0x45, 0x98, 0x44, 0x44, 0x44, 0x44, 0x45, 0x59, 0x11, 0x11, 0x11, 0x11, 0x11, 0x11, 0x11, 0x11, 
    0x11, 0x3f, 0x52, 0xba, 0xb7, 0xbf, 0xff, 0xaa, 0xa0, 0x16, 0x40, 0x11, 0x11, 0x11, 0x15, 0x00, 
    0x00, 0x01, 0x56, 0x65, 0x55, 0x01, 0x01, 0x11, 0x11, 0x11, 0x16, 0xa1, 0x17, 0xbf, 0xb9, 0x6a, 
    0x55, 0x55, 0x51, 0x01, 0x11, 0x65, 0x15, 0x55, 0x01, 0x01, 0x01, 0x01, 0x16, 0x11, 0x11, 0x11, 
    0x25, 0x11, 0x15, 0x15, 0x55, 0x11, 0x6a, 0x56, 0x66, 0x66, 0x66, 0x65, 0x66, 0x7f, 0xff, 0x9a, 
    0x66, 0x56, 0x65, 0x16, 0x66, 0x6a, 0x51, 0x11, 0xbf, 0xb9, 0x05, 0x15, 0x2b, 0xa5, 0x55, 0x59, 
    0x55, 0x6a, 0xbf, 0xf5, 0xbf, 0xbf, 0xfb, 0xa6, 0x66, 0x6a, 0x65, 0x15, 0x11, 0x00, 0x00, 0x01, 
    0x01, 0x01, 0x01, 0x11, 0x01, 0x01, 0x11, 0x26, 0x01, 0x00, 0x00, 0x11, 0x11, 0x01, 0x00, 0x12, 
    0x55, 0x55, 0x11, 0x55, 0x11, 0x55, 0x11, 0x01, 0x15, 0x11, 0x15, 0x25, 0x55, 0x11, 0x11, 0x56, 
    0xb9, 0x55, 0x1a, 0x15, 0x16, 0x65, 0x55, 0x16, 0x55, 0x65, 0x11, 0x1b, 0x51, 0x11, 0x15, 0x57, 
    0x55, 0x66, 0x6a, 0x65, 0x11, 0x00, 0x01, 0x11, 0x11, 0x11, 0x11, 0x11, 0x11, 0x11, 0x11, 0x11, 
    0x21, 0xb9, 0x55, 0x11, 0x11, 0x15, 0x11, 0x11, 0x11, 0x15, 0x11, 0x11, 0x01, 0x01, 0x00, 0x00, 
    0x00, 0x01, 0x00, 0x11, 0x15, 0x16, 0x15, 0x11, 0x11, 0x55, 0x11, 0x11, 0x01, 0x11, 0x12, 0x15, 
    0x55, 0x55, 0x55, 0x55, 0x55, 0x54, 0x55, 0x55, 0x54, 0xbe, 0x4b, 0xff, 0xea, 0xef, 0xff, 0xfe, 
    0x44, 0x55, 0x99, 0x95, 0x95, 0x44, 0x59, 0x40, 0x44, 0x40, 0x55, 0x55, 0x55, 0x44, 0x54, 0x55, 
    0x54, 0x54, 0x54, 0x54, 0x55, 0xaf, 0xff, 0xea, 0x99, 0x55, 0x55, 0x54, 0x44, 0x94, 0x54, 0x5a, 
    0x94, 0x44, 0x44, 0x44, 0x55, 0x54, 0x44, 0x55, 0x55, 0x55, 0x95, 0x95, 0x55, 0x55, 0x7e, 0x99, 
    0x9a, 0x99, 0xaa, 0xe9, 0xa9, 0xaf, 0xff, 0xea, 0xaa, 0xaa, 0x94, 0x55, 0x9a, 0xa9, 0x95, 0x55, 
    0xfa, 0x99, 0x44, 0x44, 0xaf, 0xfe, 0xa5, 0x5a, 0xad, 0xaf, 0xff, 0xf9, 0xff, 0xff, 0xff, 0xd9, 
    0x9a, 0xe9, 0xa8, 0x55, 0x54, 0x44, 0x44, 0x44, 0x44, 0x44, 0x44, 0x44, 0x44, 0x44, 0x45, 0x45, 
    0x44, 0x40, 0x40, 0x54, 0x45, 0x41, 0x40, 0x55, 0x95, 0x95, 0x55, 0x55, 0x55, 0x95, 0x55, 0x45, 
    0x55, 0x54, 0x55, 0x55, 0x95, 0x55, 0x55, 0xe9, 0x59, 0x55, 0x5e, 0x54, 0x5a, 0xbf, 0x95, 0x5b, 
    0xe9, 0x99, 0x55, 0x59, 0x94, 0x55, 0x55, 0x95, 0x95, 0xaa, 0xb9, 0xa7, 0xd4, 0x44, 0x44, 0x54, 
    0x54, 0x55, 0x54, 0x54, 0x54, 0x55, 0x54, 0x55, 0x59, 0x59, 0x55, 0x55, 0x55, 0x55, 0x55, 0x55, 
    0x55, 0x55, 0x54, 0x55, 0x54, 0x44, 0x44, 0x44, 0x44, 0x44, 0x44, 0x45, 0x55, 0x55, 0x45, 0x95, 
    0x54, 0x59, 0x54, 0x54, 0x44, 0x54, 0x55, 0x99, 0x11, 0x51, 0x11, 0x11, 0x11, 0x11, 0x11, 0x11, 
    0x11, 0xbd, 0x1b, 0xbf, 0xfa, 0x5b, 0xfb, 0xfa, 0x41, 0x69, 0x55, 0x50, 0x15, 0x50, 0x02, 0x01, 
    0x00, 0x00, 0x11, 0x55, 0x55, 0x11, 0x11, 0x11, 0x11, 0x11, 0x11, 0x15, 0x55, 0x56, 0xbf, 0xf9, 
    0x65, 0x55, 0x55, 0x55, 0x51, 0xb9, 0x51, 0x11, 0x1b, 0x91, 0x11, 0x11, 0x11, 0x11, 0x11, 0x11, 
    0x11, 0x51, 0x66, 0x65, 0x51, 0x51, 0x79, 0x55, 0x55, 0x55, 0x16, 0xa6, 0x66, 0x6b, 0xff, 0xf6, 
    0xa6, 0x6b, 0xa5, 0x55, 0x52, 0x55, 0x21, 0x11, 0x51, 0x75, 0x11, 0x11, 0x55, 0x55, 0x51, 0x66, 
    0xbf, 0xfb, 0xff, 0xe5, 0xbf, 0xff, 0xf6, 0xa6, 0x6b, 0xa6, 0x65, 0x11, 0x11, 0x10, 0x11, 0x11, 
    0x11, 0x11, 0x10, 0x11, 0x11, 0x11, 0x05, 0x11, 0x11, 0x00, 0x00, 0x11, 0x01, 0x00, 0x00, 0x15, 
    0x56, 0x51, 0x65, 0x55, 0x11, 0x55, 0x51, 0x15, 0x55, 0x51, 0x55, 0x51, 0x51, 0x11, 0x11, 0xb9, 
    0xb5, 0x55, 0x5a, 0x11, 0x11, 0x6a, 0x55, 0x57, 0xb6, 0xf9, 0x6a, 0xa6, 0xa1, 0x11, 0x55, 0x55, 
    0x55, 0x66, 0xa6, 0x57, 0xe5, 0x11, 0x00, 0x11, 0x11, 0x11, 0x11, 0x11, 0x15, 0x11, 0x11, 0x11, 
    0x56, 0x11, 0x55, 0x51, 0x55, 0x51, 0x11, 0x11, 0x51, 0x11, 0x11, 0x11, 0x51, 0x51, 0x10, 0x00, 
    0x00, 0x10, 0x10, 0x11, 0x15, 0x11, 0x01, 0x51, 0x21, 0x15, 0x11, 0x11, 0x01, 0x11, 0x11, 0x55, 
    0x55, 0x55, 0x45, 0x45, 0x45, 0x45, 0x45, 0x45, 0x69, 0xf8, 0x6e, 0xff, 0xeb, 0x9b, 0xfe, 0xfe, 
    0x5a, 0xa9, 0x99, 0x94, 0x49, 0x44, 0x04, 0x44, 0x44, 0x44, 0x40, 0x45, 0x45, 0x45, 0x45, 0x45, 
    0x45, 0x55, 0x44, 0x44, 0x59, 0x55, 0x5a, 0xff, 0xd5, 0x55, 0x55, 0x55, 0x99, 0xa9, 0xed, 0x44, 
    0x45, 0xa8, 0x54, 0x44, 0x44, 0x44, 0x45, 0x44, 0x44, 0x45, 0x99, 0x95, 0x55, 0x55, 0x59, 0x59, 
    0x55, 0x55, 0x5a, 0x9a, 0x99, 0xaf, 0xff, 0xfd, 0xea, 0xae, 0xae, 0xa9, 0x45, 0x99, 0x44, 0x45, 
    0xac, 0xbe, 0x55, 0x85, 0x45, 0x45, 0x55, 0xaa, 0xff, 0xff, 0xfe, 0xd9, 0xff, 0xff, 0xe5, 0x9a, 
    0x9e, 0x99, 0x94, 0x55, 0x44, 0x45, 0x44, 0x44, 0x44, 0x44, 0x44, 0x44, 0x44, 0x44, 0x04, 0x44, 
    0x84, 0x04, 0x04, 0x45, 0x44, 0x04, 0x04, 0x05, 0x99, 0x99, 0x95, 0x59, 0x45, 0x65, 0x54, 0x55, 
    0x55, 0x54, 0x55, 0x55, 0x55, 0x45, 0x45, 0x55, 0xe9, 0x55, 0x5e, 0x44, 0x45, 0x55, 0x55, 0x56, 
    0xd6, 0xed, 0x5b, 0xfe, 0x95, 0x55, 0x55, 0x45, 0x55, 0xaa, 0xda, 0xdf, 0xd9, 0x94, 0x44, 0x44, 
    0x44, 0x45, 0x45, 0x45, 0x44, 0x45, 0x44, 0x44, 0x84, 0x44, 0x55, 0x55, 0x55, 0x55, 0x55, 0x45, 
    0x55, 0x45, 0x45, 0x45, 0x45, 0x55, 0x54, 0x44, 0x44, 0x44, 0x45, 0x6a, 0x59, 0x44, 0x44, 0x55, 
    0x55, 0x45, 0x45, 0x44, 0x04, 0x44, 0x45, 0x95, 0x15, 0x11, 0x11, 0x11, 0x11, 0x11, 0x11, 0x11, 
    0x65, 0xb5, 0x7b, 0xbf, 0xab, 0x97, 0xa6, 0xf6, 0xaa, 0xa6, 0x55, 0x15, 0x05, 0x10, 0x05, 0x00, 
    0x10, 0x10, 0x00, 0x00, 0x01, 0x51, 0x11, 0x11, 0x11, 0x11, 0x11, 0x15, 0x15, 0x15, 0x15, 0x6b, 
    0xb9, 0x15, 0x55, 0x16, 0x56, 0x55, 0x55, 0x11, 0x15, 0x01, 0x11, 0x51, 0x01, 0x01, 0x11, 0x11, 
    0x11, 0x11, 0x11, 0x55, 0x15, 0x15, 0x55, 0x55, 0x55, 0x15, 0x55, 0x66, 0x96, 0x67, 0xbf, 0xfe, 
    0x6a, 0xab, 0xaa, 0xaa, 0x55, 0x17, 0x41, 0x11, 0xa9, 0xbf, 0x11, 0x6a, 0x52, 0x65, 0x11, 0x6b, 
    0xff, 0xbb, 0xbf, 0x59, 0x7f, 0xbb, 0xe6, 0x66, 0x5a, 0x56, 0x65, 0x11, 0x11, 0x11, 0x11, 0x00, 
    0x01, 0x11, 0x01, 0x01, 0x01, 0x00, 0x01, 0x01, 0x40, 0x00, 0x00, 0x11, 0x00, 0x10, 0x00, 0x05, 
    0x15, 0x55, 0x76, 0x51, 0x01, 0x55, 0x51, 0x15, 0x11, 0x11, 0x15, 0x15, 0x51, 0x11, 0x11, 0x11, 
    0x15, 0x15, 0x5a, 0x11, 0x11, 0x11, 0x15, 0x16, 0xa6, 0xa9, 0x5b, 0xa5, 0x15, 0x15, 0x55, 0x15, 
    0x15, 0x66, 0x56, 0x6f, 0x55, 0x52, 0x51, 0x01, 0x01, 0x11, 0x11, 0x11, 0x11, 0x11, 0x11, 0x01, 
    0x51, 0x91, 0x15, 0x55, 0x55, 0x11, 0x11, 0x11, 0x11, 0x11, 0x11, 0x11, 0x11, 0x15, 0x11, 0x11, 
    0x00, 0x01, 0x05, 0x2b, 0x65, 0x51, 0x00, 0x15, 0x11, 0x11, 0x11, 0x10, 0x01, 0x11, 0x11, 0x51, 
    0x55, 0x55, 0x55, 0x55, 0x54, 0x55, 0x55, 0x55, 0xe6, 0xa5, 0xee, 0xee, 0xae, 0xea, 0xea, 0xef, 
    0xee, 0xea, 0xa9, 0x94, 0x45, 0x94, 0x45, 0x40, 0x44, 0x44, 0x40, 0x54, 0x44, 0x55, 0x55, 0x54, 
    0x54, 0x55, 0x55, 0x54, 0x55, 0x55, 0x55, 0x55, 0xaf, 0xd5, 0x95, 0x59, 0x99, 0x99, 0x95, 0x45, 
    0x55, 0x54, 0x55, 0xd4, 0x54, 0x44, 0x44, 0x44, 0x54, 0x44, 0x44, 0x55, 0x54, 0x56, 0xe5, 0x55, 
    0x55, 0x55, 0xa9, 0x99, 0xa9, 0xaa, 0xff, 0xff, 0xae, 0xfe, 0xea, 0xaa, 0xaa, 0x95, 0x54, 0x54, 
    0x44, 0xa8, 0x59, 0xa9, 0x9e, 0xa9, 0x99, 0x9b, 0xfe, 0xfe, 0xfe, 0xae, 0xae, 0xff, 0xea, 0xaa, 
    0xa9, 0x99, 0xa4, 0x55, 0x44, 0x54, 0x54, 0x44, 0x44, 0x44, 0x44, 0x44, 0x44, 0x44, 0x44, 0x44, 
    0x54, 0x40, 0x40, 0x55, 0x44, 0x40, 0x40, 0x55, 0x55, 0x95, 0xa5, 0xd5, 0x59, 0x99, 0x95, 0x55, 
    0x55, 0x55, 0x55, 0x55, 0x54, 0x44, 0x55, 0x54, 0x55, 0x55, 0x9d, 0x55, 0x54, 0x55, 0x55, 0x55, 
    0x55, 0xe9, 0x9e, 0x95, 0x95, 0x55, 0x94, 0x55, 0x55, 0x9a, 0x9a, 0xbe, 0x59, 0x95, 0xa4, 0x54, 
    0x44, 0x54, 0x55, 0x54, 0x54, 0x54, 0x54, 0x55, 0x54, 0x68, 0x55, 0x95, 0x95, 0x54, 0x55, 0x55, 
    0x55, 0x55, 0x55, 0x54, 0x55, 0x55, 0x55, 0x55, 0x54, 0x44, 0x5a, 0xae, 0x99, 0x94, 0x54, 0x45, 
    0x55, 0x44, 0x44, 0x44, 0x44, 0x54, 0x55, 0x94, 0x55, 0x51, 0x11, 0x11, 0x51, 0x11, 0x11, 0x55, 
    0x76, 0x51, 0xaa, 0xaa, 0xa6, 0xfa, 0xba, 0xbf, 0xba, 0xaa, 0x65, 0x65, 0x15, 0x51, 0x11, 0x00, 
    0x00, 0x00, 0x51, 0x50, 0x10, 0x00, 0x10, 0x10, 0x11, 0x11, 0x11, 0x11, 0x11, 0x15, 0x51, 0x51, 
    0x16, 0xb9, 0x55, 0x65, 0x65, 0x65, 0x55, 0x51, 0x55, 0x55, 0x11, 0x11, 0x51, 0x11, 0x11, 0x11, 
    0x11, 0x11, 0x11, 0x11, 0x55, 0x56, 0xd5, 0x65, 0x55, 0x51, 0x65, 0x6a, 0x66, 0x66, 0xbf, 0xff, 
    0xab, 0xaa, 0xaa, 0xaa, 0xaa, 0xaa, 0x50, 0x50, 0x11, 0x11, 0x1a, 0x51, 0x6a, 0xa6, 0x6a, 0x66, 
    0xba, 0xba, 0xba, 0x7b, 0xfe, 0xa7, 0xaa, 0x66, 0x66, 0x66, 0xa1, 0x51, 0x10, 0x10, 0x11, 0x12, 
    0x51, 0x11, 0x11, 0x11, 0x10, 0x11, 0x11, 0x10, 0x10, 0x00, 0x00, 0x11, 0x10, 0x00, 0x00, 0x5a, 
    0x55, 0x51, 0x51, 0x95, 0x56, 0x65, 0x15, 0x51, 0x55, 0x51, 0x51, 0x55, 0x51, 0x11, 0x11, 0x11, 
    0x51, 0x51, 0x59, 0x11, 0x11, 0x11, 0x11, 0x55, 0x55, 0x55, 0x69, 0x55, 0x51, 0x15, 0x55, 0x11, 
    0x55, 0x59, 0x65, 0xbd, 0x65, 0x56, 0xa6, 0x51, 0x50, 0x11, 0x11, 0x11, 0x11, 0x11, 0x11, 0x11, 
    0x11, 0x00, 0x11, 0x51, 0x51, 0x51, 0x51, 0x11, 0x11, 0x11, 0x11, 0x11, 0x55, 0x11, 0x11, 0x11, 
    0x10, 0x10, 0x16, 0xab, 0xa2, 0xa5, 0x10, 0x01, 0x55, 0x11, 0x11, 0x11, 0x11, 0x11, 0x11, 0x64, 
    0x59, 0x55, 0x55, 0x45, 0x45, 0x45, 0x45, 0x55, 0xaa, 0x85, 0xae, 0xeb, 0xff, 0xf9, 0xef, 0xff, 
    0xfe, 0xaa, 0xa9, 0x99, 0x45, 0x55, 0x45, 0x44, 0x40, 0x04, 0x45, 0x59, 0x44, 0x40, 0x44, 0x00, 
    0x44, 0x04, 0x45, 0x54, 0x44, 0x45, 0x55, 0x55, 0x44, 0x5f, 0x95, 0x99, 0x59, 0x95, 0x55, 0x55, 
    0x5a, 0xd9, 0x45, 0x84, 0x45, 0x44, 0x44, 0x44, 0x54, 0x44, 0x47, 0x45, 0x45, 0x5a, 0x95, 0x99, 
    0x55, 0x45, 0x59, 0x9d, 0x99, 0xaa, 0xbf, 0xff, 0xde, 0xee, 0xaa, 0xaa, 0xaa, 0xa9, 0x44, 0x44, 
    0x04, 0x44, 0x6a, 0x55, 0xa9, 0xaa, 0xaa, 0xae, 0xee, 0xee, 0xfd, 0xaf, 0xfe, 0x9b, 0xfe, 0x9a, 
    0xea, 0x9a, 0x94, 0x54, 0x44, 0x44, 0x45, 0x45, 0xe4, 0x44, 0x44, 0x44, 0x44, 0x44, 0x44, 0x04, 
    0x00, 0x00, 0x00, 0x45, 0x44, 0x44, 0x00, 0x59, 0x55, 0x55, 0xe5, 0x55, 0x69, 0x59, 0x59, 0x55, 
    0x59, 0x55, 0x45, 0x55, 0x55, 0x45, 0x54, 0x45, 0x55, 0x55, 0x5d, 0x55, 0x45, 0x45, 0x55, 0x55, 
    0x59, 0x55, 0x65, 0x55, 0x55, 0x55, 0x55, 0x55, 0x59, 0x59, 0x55, 0xfd, 0x59, 0x5a, 0x99, 0x89, 
    0x44, 0x45, 0x45, 0x45, 0x45, 0x45, 0x44, 0x44, 0x56, 0x44, 0x44, 0x54, 0x55, 0x55, 0x45, 0x45, 
    0x45, 0x55, 0x55, 0x45, 0x45, 0x44, 0x45, 0x45, 0x54, 0x44, 0x46, 0xee, 0x95, 0xa9, 0x54, 0x44, 
    0x55, 0x44, 0x44, 0x44, 0x44, 0x44, 0x45, 0x59, 0x55, 0x11, 0x11, 0x11, 0x11, 0x11, 0x11, 0x11, 
    0xaa, 0x41, 0x6a, 0xab, 0xbf, 0xab, 0xab, 0xff, 0xba, 0xaa, 0x66, 0x55, 0x51, 0x15, 0x01, 0x00, 
    0x00, 0x00, 0x15, 0x55, 0x55, 0x10, 0x10, 0x00, 0x11, 0x10, 0x00, 0x01, 0x51, 0x11, 0x11, 0x15, 
    0x50, 0x01, 0xb9, 0x55, 0x55, 0x55, 0x55, 0x55, 0x66, 0x69, 0x11, 0x01, 0x11, 0x11, 0x11, 0x01, 
    0x11, 0x11, 0x13, 0x55, 0x11, 0x15, 0x55, 0x55, 0x55, 0x55, 0x55, 0x65, 0x65, 0x66, 0x6f, 0xbf, 
    0xb7, 0xaa, 0xa6, 0x56, 0x65, 0xa1, 0x00, 0x00, 0x00, 0x11, 0x19, 0x6a, 0x66, 0x66, 0xa6, 0x6a, 
    0xab, 0xbb, 0xba, 0x66, 0xab, 0x6b, 0xb6, 0x66, 0xba, 0x66, 0x61, 0x11, 0x00, 0x00, 0x11, 0x21, 
    0x51, 0x00, 0x01, 0x11, 0x01, 0x01, 0x00, 0x00, 0x00, 0x00, 0x01, 0x11, 0x10, 0x00, 0x01, 0x16, 
    0x51, 0x55, 0xa5, 0x55, 0x55, 0x55, 0x21, 0x11, 0x15, 0x55, 0x51, 0x15, 0x11, 0x11, 0x11, 0x11, 
    0x11, 0x11, 0x19, 0x51, 0x11, 0x15, 0x11, 0x15, 0x19, 0x55, 0x11, 0x16, 0x55, 0x55, 0x51, 0x55, 
    0x56, 0x61, 0x12, 0xb5, 0x55, 0x1a, 0x56, 0x55, 0x51, 0x01, 0x15, 0x11, 0x11, 0x11, 0x15, 0x11, 
    0x15, 0x50, 0x11, 0x15, 0x11, 0x11, 0x15, 0x11, 0x11, 0x15, 0x11, 0x11, 0x51, 0x11, 0x15, 0x11, 
    0x15, 0x11, 0x01, 0xab, 0x51, 0x2a, 0x65, 0x01, 0x15, 0x11, 0x01, 0x01, 0x01, 0x11, 0x11, 0x15, 
    0x99, 0x55, 0x55, 0x55, 0x55, 0x55, 0x55, 0x55, 0xfa, 0x85, 0x9a, 0xae, 0xff, 0xee, 0xab, 0xff, 
    0xae, 0xea, 0xa9, 0x95, 0x40, 0x44, 0x44, 0x40, 0x44, 0x40, 0x55, 0x95, 0x55, 0x44, 0x54, 0x40, 
    0x45, 0x54, 0x40, 0x44, 0x44, 0x55, 0x55, 0x55, 0x54, 0x44, 0x5a, 0x95, 0x99, 0x55, 0x55, 0x55, 
    0xaa, 0xd5, 0x54, 0x44, 0x44, 0x55, 0x84, 0x44, 0x55, 0x56, 0x95, 0x59, 0x55, 0x55, 0x99, 0x99, 
    0x95, 0x55, 0x99, 0xa9, 0xa9, 0x69, 0xaf, 0xff, 0xfd, 0xea, 0xa9, 0x99, 0x95, 0x94, 0x54, 0x54, 
    0x54, 0x45, 0x44, 0xaa, 0xe9, 0x9a, 0x9a, 0xaa, 0xae, 0xff, 0xfa, 0xaa, 0xae, 0x9a, 0xe9, 0xaa, 
    0xfa, 0xaa, 0xe4, 0x55, 0x44, 0x45, 0x44, 0x64, 0x44, 0x44, 0x44, 0x44, 0x44, 0x44, 0x40, 0x40, 
    0x44, 0x40, 0x44, 0x55, 0x50, 0x40, 0x45, 0x59, 0x99, 0x95, 0x95, 0x95, 0x95, 0x94, 0x95, 0x54, 
    0x59, 0x55, 0x94, 0x55, 0x54, 0x54, 0x55, 0x55, 0x54, 0x55, 0x6d, 0xd5, 0x55, 0x55, 0x55, 0x54, 
    0x55, 0x55, 0x99, 0xa9, 0x55, 0x99, 0x56, 0xe5, 0xae, 0xa5, 0x9b, 0xe5, 0x55, 0x5a, 0x59, 0x59, 
    0x94, 0x54, 0x55, 0x54, 0x54, 0x54, 0x54, 0x55, 0x45, 0x54, 0x54, 0x55, 0x55, 0x55, 0x55, 0x94, 
    0x55, 0x55, 0x55, 0x55, 0x95, 0x55, 0x59, 0x55, 0x55, 0x44, 0x44, 0x5a, 0x55, 0x5a, 0xe9, 0x95, 
    0x99, 0x54, 0x54, 0x44, 0x44, 0x54, 0x55, 0x59, 0x65, 0x51, 0x51, 0x51, 0x11, 0x11, 0x11, 0x11, 
    0xb7, 0x05, 0x66, 0x6b, 0xbf, 0x7a, 0xfb, 0xff, 0xbf, 0xaa, 0xa6, 0x55, 0x50, 0x11, 0x10, 0x10, 
    0x01, 0x00, 0x11, 0x55, 0x55, 0x50, 0x11, 0x10, 0x11, 0x10, 0x00, 0x11, 0x50, 0x11, 0x51, 0x51, 
    0x51, 0x11, 0x11, 0x65, 0x65, 0x55, 0x55, 0x55, 0x66, 0x95, 0x10, 0x11, 0x11, 0x11, 0x51, 0x11, 
    0x11, 0x13, 0x97, 0x55, 0x55, 0xb6, 0x55, 0x55, 0x55, 0x55, 0x55, 0x65, 0x65, 0x66, 0x6b, 0xff, 
    0xfe, 0xa5, 0x65, 0x56, 0x65, 0x11, 0x51, 0x60, 0x50, 0x51, 0x11, 0x6a, 0xa6, 0x66, 0x66, 0xa6, 
    0xab, 0xbf, 0xf6, 0xa6, 0xba, 0xa6, 0x56, 0xaa, 0x66, 0xa6, 0xa1, 0x11, 0x10, 0x12, 0x51, 0x21, 
    0x11, 0x11, 0x11, 0x11, 0x11, 0x10, 0x00, 0x00, 0x00, 0x00, 0x01, 0x11, 0x10, 0x00, 0x01, 0x26, 
    0xa5, 0x65, 0x55, 0x55, 0x55, 0x51, 0x91, 0x11, 0x55, 0x51, 0x51, 0x55, 0x51, 0x11, 0x11, 0x51, 
    0x11, 0x11, 0x2a, 0x91, 0x51, 0x11, 0x11, 0x11, 0x11, 0x55, 0x56, 0x65, 0x55, 0x55, 0x56, 0x55, 
    0x55, 0x95, 0x5b, 0x95, 0x55, 0x56, 0x65, 0x66, 0x65, 0x91, 0x11, 0x51, 0x11, 0x11, 0x11, 0x11, 
    0x11, 0x20, 0x10, 0x15, 0x15, 0x51, 0x11, 0x11, 0x11, 0x11, 0x11, 0x11, 0x15, 0x11, 0x11, 0x51, 
    0x51, 0x11, 0x11, 0x1a, 0x51, 0x16, 0xa6, 0xa2, 0x66, 0x50, 0x10, 0x01, 0x11, 0x11, 0x11, 0x15, 
    0x95, 0x55, 0x55, 0x55, 0x45, 0x45, 0x45, 0x45, 0xbe, 0x49, 0x59, 0xae, 0xfd, 0xeb, 0xff, 0xff, 
    0xbf, 0xee, 0x95, 0x95, 0x44, 0x44, 0x44, 0x04, 0x05, 0x44, 0x04, 0x55, 0x55, 0x54, 0x44, 0x44, 
    0x55, 0x55, 0x44, 0x45, 0x55, 0x44, 0x55, 0x55, 0x55, 0x45, 0x44, 0x4a, 0x99, 0x55, 0x55, 0x99, 
    0x4a, 0xd5, 0x44, 0x55, 0x44, 0x99, 0x44, 0x44, 0x44, 0x45, 0x59, 0x59, 0x55, 0xff, 0x95, 0x95, 
    0x5a, 0x99, 0x99, 0xa9, 0x99, 0x99, 0xaf, 0xff, 0xff, 0x59, 0x99, 0x9a, 0xe9, 0x45, 0x9a, 0x94, 
    0x54, 0x59, 0x55, 0xaa, 0x9a, 0xae, 0x9a, 0x9a, 0xaf, 0xff, 0xea, 0x99, 0xfe, 0xaa, 0xa9, 0x99, 
    0x9e, 0x9a, 0x95, 0x54, 0x44, 0x64, 0x64, 0x44, 0x44, 0x44, 0x44, 0x45, 0x44, 0x04, 0x04, 0x04, 
    0x04, 0x04, 0x04, 0x45, 0x44, 0x40, 0x05, 0x59, 0x99, 0x59, 0x99, 0x99, 0xd5, 0x86, 0x55, 0x45, 
    0x55, 0x55, 0x55, 0x59, 0x94, 0x44, 0x55, 0x55, 0x59, 0x55, 0x6e, 0xd5, 0x55, 0x55, 0x45, 0x55, 
    0x55, 0x59, 0x9a, 0x95, 0x49, 0x5e, 0x99, 0x55, 0x5a, 0x95, 0x9f, 0x95, 0x55, 0x59, 0x99, 0x99, 
    0x99, 0xb8, 0x45, 0x55, 0x45, 0x44, 0x45, 0x45, 0x45, 0x94, 0x55, 0x55, 0x55, 0x55, 0x55, 0x55, 
    0x45, 0x55, 0x45, 0x45, 0x54, 0x55, 0x55, 0x55, 0x55, 0x44, 0x44, 0x46, 0x55, 0x45, 0xaa, 0xa9, 
    0x9a, 0x94, 0x44, 0x04, 0x44, 0x44, 0x45, 0x59, 0xa5, 0x55, 0x15, 0x11, 0x11, 0x11, 0x11, 0x11, 
    0xb9, 0x05, 0x55, 0xaa, 0xb6, 0xaf, 0xff, 0xff, 0xbf, 0xf9, 0x15, 0x11, 0x11, 0x01, 0x01, 0x00, 
    0x01, 0x00, 0x00, 0x15, 0x15, 0x15, 0x11, 0x11, 0x15, 0x15, 0x55, 0x55, 0x11, 0x15, 0x51, 0x11, 
    0x11, 0x11, 0x15, 0x01, 0x65, 0x15, 0x55, 0x66, 0x55, 0x15, 0x11, 0x15, 0x11, 0x16, 0x51, 0x11, 
    0x11, 0x17, 0x15, 0x16, 0x15, 0xb6, 0x55, 0x55, 0x5b, 0x55, 0x55, 0xa5, 0x66, 0x66, 0x6a, 0xbf, 
    0xff, 0x96, 0x56, 0x6a, 0x54, 0x11, 0x66, 0x61, 0x61, 0x16, 0x55, 0x56, 0x6b, 0x6a, 0x66, 0x66, 
    0xbf, 0xba, 0x79, 0x56, 0xba, 0x65, 0x15, 0x6a, 0x56, 0x66, 0x51, 0x11, 0x01, 0x61, 0x25, 0x01, 
    0x41, 0x01, 0x01, 0x11, 0x00, 0x00, 0x00, 0x00, 0x00, 0x00, 0x11, 0x11, 0x11, 0x00, 0x01, 0x26, 
    0x55, 0x55, 0x55, 0x55, 0x95, 0x16, 0x11, 0x11, 0x55, 0x11, 0x15, 0x65, 0x51, 0x11, 0x15, 0x65, 
    0x29, 0x15, 0x2a, 0x51, 0x11, 0x19, 0x11, 0x51, 0x11, 0x65, 0x56, 0x51, 0x15, 0x6f, 0xba, 0x55, 
    0x56, 0x15, 0x6b, 0x15, 0x11, 0x55, 0x55, 0x55, 0x55, 0x75, 0x15, 0x15, 0x11, 0x11, 0x11, 0x11, 
    0x11, 0x50, 0x11, 0x15, 0x15, 0x11, 0x11, 0x11, 0x11, 0x11, 0x11, 0x11, 0x11, 0x11, 0x11, 0x11, 
    0x11, 0x01, 0x11, 0x11, 0x11, 0x01, 0x6a, 0x6a, 0x56, 0x95, 0x11, 0x01, 0x11, 0x11, 0x11, 0x15, 
    0xe9, 0x95, 0x55, 0x55, 0x55, 0x55, 0x55, 0x55, 0xbd, 0x59, 0x99, 0xae, 0xe6, 0xbf, 0xff, 0xfe, 
    0xff, 0xe6, 0x95, 0x54, 0x54, 0x44, 0x44, 0x44, 0x44, 0x54, 0x45, 0x55, 0x55, 0x55, 0x55, 0x55, 
    0x55, 0x55, 0x59, 0x9a, 0x95, 0x55, 0x55, 0x44, 0x44, 0x54, 0x54, 0x44, 0x5a, 0x55, 0x95, 0x99, 
    0x95, 0x95, 0x54, 0x54, 0x55, 0x56, 0x84, 0x44, 0x44, 0x45, 0x5d, 0x55, 0x55, 0xfe, 0xd9, 0x99, 
    0x99, 0x99, 0xa9, 0x95, 0xa9, 0xaa, 0xaa, 0xff, 0xff, 0xda, 0xa9, 0xa5, 0x54, 0x55, 0x99, 0x95, 
    0x94, 0x59, 0x99, 0x99, 0x99, 0x9a, 0xaa, 0xff, 0xff, 0xff, 0xfa, 0xaa, 0xaa, 0xa9, 0x59, 0x9a, 
    0xa9, 0xaa, 0x94, 0x54, 0x44, 0xab, 0xd8, 0x44, 0x55, 0x44, 0x44, 0x44, 0x44, 0x44, 0x40, 0x44, 
    0x40, 0x40, 0x54, 0x55, 0x55, 0x40, 0x45, 0x59, 0x95, 0x55, 0x95, 0x99, 0x95, 0x5d, 0x55, 0x54, 
    0x55, 0x54, 0x55, 0xa9, 0x54, 0x54, 0x55, 0x95, 0x55, 0x54, 0x69, 0x95, 0x55, 0x5f, 0x95, 0x55, 
    0x55, 0x95, 0x9a, 0x55, 0x55, 0xaf, 0xff, 0xfe, 0x99, 0x55, 0xbd, 0x55, 0x55, 0x55, 0x55, 0x95, 
    0x95, 0x64, 0x45, 0x55, 0x44, 0x54, 0x45, 0x55, 0x54, 0x64, 0x54, 0x95, 0x55, 0x55, 0x55, 0x55, 
    0x55, 0x54, 0x54, 0x54, 0x54, 0x54, 0x54, 0x55, 0x55, 0x44, 0x44, 0x45, 0x94, 0x49, 0x6a, 0xaa, 
    0xaa, 0x99, 0x44, 0x40, 0x54, 0x54, 0x54, 0x55, 0xfa, 0x55, 0x51, 0x51, 0x11, 0x11, 0x11, 0x11, 
    0x79, 0xa6, 0x55, 0x6a, 0x96, 0xbb, 0xfb, 0xbf, 0xbf, 0x6a, 0x51, 0x11, 0x11, 0x11, 0x10, 0x00, 
    0x00, 0x10, 0x01, 0x55, 0x55, 0x51, 0x51, 0x51, 0x51, 0x51, 0x55, 0x56, 0x55, 0x55, 0x55, 0x11, 
    0x11, 0x11, 0x11, 0x11, 0x11, 0x55, 0x55, 0x65, 0x51, 0x55, 0x51, 0x11, 0x51, 0x51, 0x51, 0x11, 
    0x11, 0x11, 0x11, 0x15, 0x55, 0xe7, 0xa5, 0x55, 0x55, 0x55, 0x55, 0x55, 0x66, 0xa5, 0x6a, 0x7f, 
    0xff, 0xf6, 0x66, 0x66, 0x55, 0x55, 0x55, 0x51, 0x65, 0x16, 0x6a, 0x66, 0x65, 0x65, 0x6b, 0xfb, 
    0xfb, 0xfe, 0xba, 0xaa, 0xa6, 0x6a, 0x55, 0x65, 0x66, 0x6b, 0x91, 0x00, 0x10, 0x6a, 0x55, 0x11, 
    0x11, 0x11, 0x11, 0x10, 0x01, 0x10, 0x00, 0x00, 0x00, 0x00, 0x10, 0x11, 0x11, 0x50, 0x15, 0x15, 
    0x55, 0x51, 0x65, 0x55, 0x65, 0x29, 0x51, 0x55, 0x55, 0x51, 0x15, 0x65, 0x51, 0x11, 0x11, 0x51, 
    0x55, 0x11, 0x35, 0x11, 0x11, 0x1b, 0xa1, 0x51, 0x15, 0x55, 0x56, 0x15, 0x55, 0x7f, 0xff, 0xff, 
    0xa5, 0x95, 0xb9, 0x51, 0x55, 0x51, 0x55, 0x55, 0x55, 0x61, 0x11, 0x11, 0x51, 0x51, 0x12, 0x11, 
    0x11, 0x14, 0x11, 0x61, 0x51, 0x51, 0x51, 0x11, 0x15, 0x11, 0x11, 0x11, 0x11, 0x11, 0x11, 0x11, 
    0x11, 0x51, 0x11, 0x11, 0x51, 0x15, 0x1a, 0xaa, 0xa9, 0x16, 0x11, 0x10, 0x11, 0x11, 0x11, 0x16, 
    0xff, 0xfe, 0x95, 0x55, 0x55, 0x45, 0x45, 0x45, 0x79, 0x95, 0x59, 0x9e, 0x8a, 0xee, 0xef, 0xff, 
    0xfa, 0xe9, 0x55, 0x55, 0x44, 0x44, 0x04, 0x44, 0x44, 0x04, 0x05, 0x55, 0x59, 0x55, 0x55, 0x55, 
    0x55, 0x55, 0x59, 0x9a, 0x55, 0x59, 0x9a, 0x55, 0x44, 0x44, 0x44, 0x54, 0x44, 0x4a, 0x55, 0x99, 
    0x55, 0x55, 0x55, 0x55, 0x46, 0xe4, 0x44, 0x44, 0x44, 0x45, 0x45, 0x55, 0x56, 0xdb, 0xd9, 0x99, 
    0x59, 0x59, 0x55, 0x55, 0xaa, 0x9a, 0x9a, 0xaf, 0xff, 0xf9, 0x99, 0xfa, 0xd9, 0x55, 0x65, 0x55, 
    0x5a, 0x85, 0x9a, 0xaa, 0xaa, 0x99, 0x6f, 0xff, 0xff, 0xfe, 0xaa, 0xaa, 0xa9, 0x59, 0x99, 0xa9, 
    0x99, 0x9a, 0x95, 0x44, 0x44, 0x98, 0x58, 0x44, 0x45, 0x44, 0x44, 0x44, 0x04, 0x44, 0x44, 0x04, 
    0x04, 0x04, 0x44, 0x45, 0x45, 0x44, 0x19, 0x99, 0x59, 0x55, 0x99, 0x59, 0x54, 0x65, 0x55, 0x45, 
    0x55, 0x44, 0x45, 0x55, 0x44, 0x44, 0x55, 0x55, 0x59, 0x45, 0x65, 0x54, 0x45, 0x45, 0x55, 0x55, 
    0x59, 0x55, 0x99, 0x59, 0x99, 0xbf, 0xff, 0xfe, 0x65, 0x9a, 0xe9, 0x55, 0x59, 0x45, 0x55, 0x99, 
    0x59, 0x94, 0x44, 0x44, 0x55, 0x54, 0x44, 0x05, 0x44, 0x55, 0x05, 0x98, 0x55, 0x55, 0x45, 0x55, 
    0x55, 0x45, 0x44, 0x45, 0x45, 0x44, 0x45, 0x45, 0x45, 0x54, 0x44, 0x44, 0x84, 0x55, 0x4a, 0xaa, 
    0xae, 0x5a, 0x44, 0x44, 0x45, 0x44, 0x45, 0x45, 0xff, 0xff, 0xba, 0x51, 0x11, 0x11, 0x11, 0x11, 
    0x36, 0xa1, 0x41, 0x56, 0x17, 0xab, 0xbb, 0xbf, 0xa7, 0x55, 0x55, 0x11, 0x00, 0x00, 0x00, 0x00, 
    0x00, 0x01, 0x02, 0x95, 0x19, 0x11, 0x15, 0x55, 0x15, 0x15, 0x56, 0x6a, 0x55, 0x56, 0x56, 0x55, 
    0x15, 0x10, 0x01, 0x01, 0x11, 0x11, 0xa1, 0x55, 0x15, 0x55, 0x15, 0x15, 0x52, 0xb5, 0x01, 0x11, 
    0x11, 0x16, 0x11, 0x15, 0x17, 0x56, 0x95, 0x55, 0x65, 0x55, 0x15, 0x56, 0x56, 0x66, 0x66, 0x6b, 
    0xff, 0xfd, 0x57, 0xba, 0x55, 0x55, 0x55, 0x55, 0xba, 0x51, 0x16, 0x6a, 0x6a, 0x6a, 0x9b, 0xbf, 
    0xff, 0xbb, 0x6a, 0xaa, 0x91, 0x2a, 0x55, 0x56, 0xa6, 0x66, 0x91, 0x01, 0x11, 0x20, 0x14, 0x01, 
    0x01, 0x01, 0x11, 0x00, 0x00, 0x01, 0x10, 0x00, 0x00, 0x01, 0x00, 0x11, 0x01, 0x00, 0x15, 0x7a, 
    0x55, 0x15, 0x55, 0x65, 0x51, 0x65, 0x55, 0x11, 0x15, 0x11, 0x11, 0x15, 0x11, 0x11, 0x15, 0x11, 
    0x19, 0x11, 0x21, 0x11, 0x11, 0x11, 0x15, 0x11, 0x19, 0x11, 0x55, 0x55, 0x56, 0xbb, 0xbb, 0xb9, 
    0x62, 0x57, 0xa1, 0x15, 0x15, 0x15, 0x11, 0x55, 0x56, 0x51, 0x00, 0x01, 0x11, 0x11, 0x01, 0x11, 
    0x11, 0x11, 0x00, 0x06, 0x15, 0x15, 0x11, 0x11, 0x11, 0x11, 0x11, 0x11, 0x11, 0x11, 0x11, 0x11, 
    0x11, 0x11, 0x11, 0x11, 0x51, 0x15, 0x12, 0xaa, 0xab, 0x6a, 0x41, 0x10, 0x11, 0x01, 0x11, 0x12, 
    0xff, 0xff, 0xff, 0xfe, 0x95, 0x55, 0x55, 0x54, 0x6a, 0xf8, 0x45, 0x99, 0x6a, 0xee, 0xff, 0xff, 
    0x9e, 0x95, 0x95, 0x44, 0x44, 0x44, 0x40, 0x44, 0x44, 0x45, 0x45, 0xaa, 0x85, 0x45, 0x55, 0x6a, 
    0x95, 0x55, 0x99, 0xad, 0x95, 0x99, 0x99, 0x55, 0x55, 0x69, 0x44, 0x44, 0x44, 0x44, 0x59, 0x99, 
    0x55, 0x95, 0x95, 0x55, 0x55, 0x54, 0x44, 0x54, 0x44, 0x45, 0x59, 0x55, 0x55, 0x55, 0x99, 0x99, 
    0x95, 0x55, 0x55, 0x99, 0x9a, 0x99, 0xaa, 0xab, 0xff, 0xfe, 0x6e, 0xea, 0x99, 0x55, 0x99, 0x55, 
    0xaf, 0x84, 0x59, 0xaa, 0xaa, 0xea, 0xdf, 0xff, 0xff, 0xee, 0xaa, 0xaa, 0xe9, 0x6e, 0x99, 0x99, 
    0x99, 0xaa, 0x95, 0x44, 0x54, 0x64, 0x44, 0x44, 0x48, 0x44, 0x54, 0x40, 0x44, 0x44, 0x44, 0x44, 
    0x44, 0x58, 0x44, 0x54, 0x44, 0x40, 0x54, 0x99, 0x99, 0x9a, 0x95, 0xbd, 0x85, 0xd5, 0x95, 0x55, 
    0x55, 0x54, 0x69, 0x55, 0x54, 0x44, 0x54, 0x55, 0x55, 0x54, 0xa4, 0x54, 0x54, 0x54, 0x59, 0x55, 
    0x55, 0x54, 0x55, 0x99, 0x9a, 0xfe, 0xee, 0xf9, 0x9a, 0x9b, 0xd5, 0x55, 0x55, 0x55, 0x55, 0x99, 
    0x99, 0x94, 0x44, 0x44, 0x45, 0x55, 0x54, 0x44, 0x54, 0x55, 0x40, 0x46, 0xd5, 0x55, 0x55, 0x55, 
    0x55, 0x55, 0x55, 0x54, 0x94, 0x55, 0x55, 0x54, 0x55, 0x54, 0x44, 0x44, 0x64, 0xa5, 0x59, 0xea, 
    0xe9, 0xa9, 0x84, 0x44, 0x54, 0x44, 0x54, 0x55, 0xff, 0xff, 0xff, 0xff, 0xfa, 0x51, 0x11, 0x11, 
    0x25, 0xb9, 0x11, 0x55, 0x6a, 0xba, 0xbb, 0xfa, 0x7a, 0x55, 0x51, 0x00, 0x00, 0x10, 0x00, 0x00, 
    0x00, 0x01, 0x02, 0x91, 0xa0, 0x11, 0x51, 0x55, 0x51, 0x55, 0x55, 0x69, 0x55, 0x55, 0x55, 0x51, 
    0x55, 0x65, 0x51, 0x11, 0x10, 0x11, 0x12, 0x95, 0x55, 0x55, 0x51, 0x55, 0x55, 0x50, 0x11, 0x11, 
    0x11, 0x16, 0x59, 0x26, 0x55, 0x65, 0x55, 0x55, 0x51, 0x55, 0x55, 0x55, 0x56, 0x65, 0x5a, 0x66, 
    0xff, 0xff, 0x6a, 0xa6, 0x65, 0x55, 0x55, 0x55, 0x56, 0x55, 0x51, 0x66, 0xba, 0xaa, 0xff, 0xfa, 
    0xbb, 0xaa, 0xaa, 0xab, 0xaa, 0xba, 0x5a, 0x56, 0x66, 0xa6, 0x91, 0x01, 0x11, 0x10, 0x11, 0x11, 
    0x11, 0x11, 0x10, 0x00, 0x11, 0x11, 0x11, 0x00, 0x01, 0x65, 0x10, 0x11, 0x00, 0x00, 0x51, 0x15, 
    0x55, 0x5b, 0x51, 0x65, 0x52, 0x91, 0x55, 0x51, 0x15, 0x51, 0x65, 0x55, 0x51, 0x11, 0x11, 0x11, 
    0x11, 0x11, 0x61, 0x11, 0x11, 0x11, 0x11, 0x11, 0x11, 0x51, 0x61, 0x55, 0x67, 0xbb, 0xfb, 0xfa, 
    0x9a, 0x5b, 0x91, 0x11, 0x55, 0x15, 0x55, 0x55, 0x65, 0x61, 0x11, 0x00, 0x11, 0x11, 0x10, 0x00, 
    0x11, 0x11, 0x10, 0x01, 0x51, 0x55, 0x11, 0x11, 0x51, 0x11, 0x11, 0x11, 0x11, 0x11, 0x51, 0x11, 
    0x11, 0x10, 0x11, 0x11, 0x21, 0x65, 0x2a, 0x6a, 0xa5, 0xa9, 0x50, 0x11, 0x11, 0x51, 0x11, 0x11, 
    0xaf, 0xff, 0xff, 0xff, 0xff, 0xfe, 0x95, 0x45, 0x54, 0xbe, 0x45, 0x58, 0x6a, 0xee, 0xee, 0xf9, 
    0xea, 0x95, 0x44, 0x04, 0x04, 0x44, 0x44, 0x04, 0x04, 0x44, 0x45, 0xe4, 0x44, 0x55, 0x55, 0x55, 
    0x55, 0x55, 0x99, 0x99, 0x55, 0x59, 0x95, 0x55, 0x55, 0x95, 0x55, 0x56, 0x54, 0x44, 0x44, 0x69, 
    0x55, 0x99, 0x55, 0x55, 0x55, 0x54, 0x44, 0x44, 0x44, 0x84, 0x99, 0x6e, 0x55, 0x5e, 0x99, 0x59, 
    0x55, 0x59, 0x55, 0x54, 0x59, 0x69, 0x9a, 0x99, 0xff, 0xff, 0xdf, 0x9a, 0x95, 0x59, 0x95, 0x45, 
    0x99, 0x5a, 0x99, 0x9a, 0xba, 0xae, 0xef, 0xea, 0xff, 0xaa, 0xaa, 0xaf, 0xaa, 0xae, 0x59, 0x59, 
    0x9a, 0xaa, 0x95, 0x44, 0x54, 0x44, 0x44, 0x44, 0x44, 0x44, 0x44, 0x04, 0x44, 0x44, 0x44, 0x44, 
    0x45, 0x94, 0x44, 0x44, 0x04, 0x00, 0x55, 0x55, 0x55, 0x99, 0x55, 0xbd, 0x4b, 0x59, 0x55, 0x45, 
    0x55, 0x55, 0x6e, 0x99, 0x45, 0x44, 0x44, 0x55, 0x54, 0x44, 0x94, 0x45, 0x45, 0x45, 0x45, 0x45, 
    0x55, 0x55, 0x55, 0x59, 0x9f, 0xff, 0xff, 0xfe, 0x59, 0x6f, 0x45, 0x55, 0x54, 0x54, 0x55, 0x59, 
    0x99, 0xb9, 0x45, 0x44, 0x44, 0x45, 0x44, 0x40, 0x45, 0x55, 0x44, 0x44, 0x56, 0x95, 0x55, 0x55, 
    0x45, 0x45, 0x55, 0x95, 0x45, 0x55, 0x55, 0x55, 0x55, 0x54, 0x44, 0x44, 0x54, 0xa9, 0x5a, 0x9a, 
    0xa9, 0xa9, 0x54, 0x44, 0x45, 0x44, 0x44, 0x45, 0x6a, 0x6b, 0xbf, 0xff, 0xff, 0xff, 0xb9, 0x11, 
    0x14, 0x6f, 0x45, 0x55, 0x66, 0xaa, 0xab, 0xa6, 0x6a, 0x95, 0x10, 0x00, 0x00, 0x00, 0x00, 0x00, 
    0x00, 0x00, 0x25, 0x75, 0x00, 0x11, 0x15, 0x15, 0x15, 0x15, 0x55, 0x65, 0x55, 0x56, 0x55, 0x11, 
    0x16, 0x55, 0x15, 0x16, 0x55, 0x11, 0x01, 0x06, 0x55, 0x55, 0x15, 0x15, 0x15, 0x11, 0x01, 0x15, 
    0x11, 0x11, 0x15, 0x2a, 0x55, 0x56, 0xa9, 0x55, 0x55, 0x55, 0x55, 0x55, 0x55, 0x65, 0x55, 0x66, 
    0x7f, 0xff, 0xe6, 0x6a, 0x56, 0xa6, 0x55, 0x52, 0x55, 0x55, 0x55, 0x5a, 0xb6, 0x6b, 0xab, 0xaa, 
    0xba, 0xaa, 0xaa, 0xaa, 0xaa, 0xaa, 0x55, 0x56, 0x56, 0x6b, 0x91, 0x00, 0x11, 0x05, 0x21, 0x00, 
    0x11, 0x15, 0x00, 0x00, 0x00, 0x01, 0x01, 0x01, 0xa5, 0x51, 0x00, 0x11, 0x01, 0x01, 0x41, 0x15, 
    0x11, 0x15, 0x15, 0x69, 0x1a, 0x55, 0x55, 0x11, 0x15, 0x11, 0x56, 0xa5, 0x11, 0x11, 0x11, 0x11, 
    0x11, 0x11, 0x51, 0x11, 0x11, 0x11, 0x11, 0x11, 0x15, 0x15, 0x25, 0x55, 0x16, 0xbf, 0xbf, 0xb6, 
    0x25, 0x7e, 0x11, 0x11, 0x11, 0x51, 0x15, 0x55, 0x55, 0xb9, 0x11, 0x01, 0x41, 0x11, 0x11, 0x10, 
    0x15, 0x01, 0x41, 0x50, 0x11, 0x55, 0x55, 0x11, 0x11, 0x11, 0x11, 0x51, 0x11, 0x15, 0x15, 0x11, 
    0x11, 0x55, 0x01, 0x11, 0x15, 0x66, 0x5a, 0x56, 0xaa, 0x66, 0x61, 0x11, 0x15, 0x11, 0x11, 0x11, 
    0x99, 0xa9, 0xaa, 0xff, 0xff, 0xff, 0xfa, 0x94, 0x58, 0x9f, 0xd5, 0x95, 0x9a, 0xea, 0xee, 0xda, 
    0x9a, 0xe4, 0x44, 0x44, 0x40, 0x44, 0x44, 0x40, 0x40, 0x44, 0x55, 0xa4, 0x44, 0x44, 0x55, 0x55, 
    0x55, 0x55, 0x99, 0xa9, 0x96, 0x99, 0x95, 0x55, 0x59, 0x55, 0x55, 0x59, 0x55, 0x55, 0x55, 0x44, 
    0x95, 0x59, 0x55, 0x55, 0x55, 0x55, 0x54, 0x54, 0x54, 0x54, 0x5b, 0x99, 0x95, 0x99, 0xbf, 0xe9, 
    0x99, 0x95, 0x59, 0x9a, 0x99, 0x99, 0x99, 0x99, 0xaf, 0xff, 0xf9, 0x99, 0x9a, 0xd5, 0x59, 0x55, 
    0x99, 0x99, 0x94, 0x5a, 0xea, 0xeb, 0xef, 0xea, 0xee, 0xee, 0xea, 0xaa, 0xea, 0xe9, 0x9a, 0x99, 
    0x9a, 0xaf, 0xd4, 0x54, 0x54, 0x44, 0x94, 0x44, 0x44, 0x68, 0x40, 0x40, 0x44, 0x44, 0x44, 0x44, 
    0x6c, 0x44, 0x40, 0x54, 0x94, 0x41, 0x95, 0x55, 0x55, 0x54, 0x55, 0xa9, 0x6d, 0x95, 0x55, 0x54, 
    0x55, 0x55, 0x95, 0x55, 0x54, 0x44, 0x45, 0x55, 0x54, 0x44, 0x94, 0x44, 0x54, 0x55, 0x44, 0x55, 
    0x55, 0x55, 0x55, 0x99, 0x95, 0x9a, 0xaf, 0xed, 0xa9, 0xfc, 0x55, 0x55, 0x55, 0x55, 0x55, 0x95, 
    0x99, 0xfe, 0x94, 0x49, 0x84, 0x55, 0x54, 0x44, 0x54, 0x44, 0x44, 0x54, 0x45, 0x59, 0x99, 0x95, 
    0x54, 0x55, 0x55, 0x55, 0x55, 0x99, 0x55, 0x55, 0x55, 0x95, 0x44, 0x44, 0x48, 0xaa, 0x9a, 0xa6, 
    0xaa, 0x99, 0x98, 0x44, 0x49, 0x54, 0x54, 0x54, 0x66, 0x66, 0x66, 0x66, 0xab, 0xff, 0xf9, 0x15, 
    0x54, 0x5b, 0xa5, 0x51, 0x56, 0xa6, 0xaa, 0x65, 0x66, 0x51, 0x10, 0x00, 0x00, 0x00, 0x10, 0x00, 
    0x00, 0x10, 0x00, 0x11, 0x00, 0x00, 0x11, 0x55, 0x51, 0x55, 0x55, 0xa5, 0x56, 0x65, 0x55, 0x51, 
    0x65, 0x51, 0x51, 0x55, 0x51, 0x51, 0x56, 0x51, 0x01, 0x56, 0x55, 0x51, 0x15, 0x55, 0x55, 0x51, 
    0x11, 0x11, 0x17, 0x95, 0x55, 0x66, 0x6a, 0xfa, 0x65, 0x55, 0xba, 0xba, 0xa9, 0xa6, 0x55, 0x66, 
    0x6b, 0xbf, 0xf9, 0x65, 0x56, 0x96, 0x95, 0x15, 0x55, 0x55, 0x65, 0x15, 0xaa, 0xab, 0xab, 0xaa, 
    0xa6, 0xaa, 0xaa, 0x65, 0xaa, 0xa9, 0x56, 0x66, 0x66, 0xab, 0xb1, 0x10, 0x10, 0x11, 0x10, 0x11, 
    0x01, 0x10, 0x00, 0x00, 0x00, 0x00, 0x11, 0x11, 0x15, 0x10, 0x00, 0x10, 0x10, 0x01, 0x61, 0x11, 
    0x11, 0x11, 0x11, 0x51, 0x76, 0x55, 0x51, 0x51, 0x51, 0x51, 0x55, 0x55, 0x51, 0x11, 0x11, 0xb9, 
    0x51, 0x11, 0x95, 0x11, 0x11, 0x11, 0x51, 0x11, 0x15, 0x51, 0x66, 0x55, 0x55, 0x55, 0x56, 0x65, 
    0xa2, 0xf5, 0x51, 0x15, 0x11, 0x51, 0x55, 0x55, 0x52, 0xff, 0x95, 0x56, 0x50, 0x10, 0x11, 0x11, 
    0x10, 0x00, 0x00, 0x11, 0x11, 0x16, 0xa5, 0x55, 0x55, 0x51, 0x11, 0x11, 0x11, 0x11, 0x51, 0x11, 
    0x55, 0x55, 0x51, 0x11, 0x15, 0x6a, 0xa6, 0xaa, 0xaa, 0x66, 0x55, 0x11, 0x02, 0x51, 0x11, 0x11, 
    0x99, 0x99, 0x99, 0x99, 0xae, 0xaf, 0xfe, 0x44, 0x54, 0x5b, 0xf9, 0x45, 0x9a, 0xaa, 0xed, 0x69, 
    0x99, 0x44, 0x44, 0x04, 0x00, 0x44, 0x44, 0x00, 0x00, 0x44, 0x40, 0x05, 0x44, 0x44, 0x55, 0x59, 
    0x55, 0x59, 0x99, 0xa9, 0x59, 0x99, 0x55, 0x55, 0x95, 0x55, 0x55, 0x59, 0x55, 0x55, 0x59, 0x55, 
    0x55, 0x59, 0x95, 0x58, 0x55, 0x55, 0x5a, 0xa9, 0xa9, 0x45, 0x45, 0xd9, 0x99, 0x99, 0x9a, 0xff, 
    0xff, 0x99, 0xaf, 0x99, 0x6f, 0xd9, 0x59, 0x5a, 0x9b, 0xef, 0xfe, 0x59, 0x95, 0x55, 0x99, 0x55, 
    0x5a, 0x59, 0x99, 0x95, 0x5a, 0xae, 0xae, 0xee, 0x9a, 0xaa, 0xea, 0xaa, 0xae, 0xa9, 0x59, 0x99, 
    0x9a, 0xaf, 0xed, 0x44, 0x54, 0x44, 0x44, 0x44, 0x45, 0x44, 0x04, 0x04, 0x44, 0x44, 0x44, 0x44, 
    0x59, 0x44, 0x04, 0x44, 0x44, 0x05, 0x94, 0x55, 0x45, 0x59, 0x45, 0x54, 0xe5, 0x55, 0x55, 0x55, 
    0x55, 0x45, 0x55, 0x55, 0x55, 0x44, 0x45, 0xfe, 0xed, 0x45, 0xd9, 0x45, 0x55, 0x44, 0x44, 0x45, 
    0x55, 0x55, 0x5e, 0x99, 0x59, 0x5a, 0x59, 0x65, 0xe6, 0xe5, 0x45, 0x55, 0x45, 0x45, 0x55, 0x59, 
    0x9a, 0xff, 0xe5, 0x65, 0x84, 0x44, 0x45, 0x44, 0x04, 0x44, 0x44, 0x44, 0x44, 0x5e, 0xea, 0xe9, 
    0x99, 0x55, 0x55, 0x45, 0x45, 0x45, 0x55, 0x55, 0x55, 0x55, 0x54, 0x44, 0x44, 0xaa, 0xaa, 0xa5, 
    0xae, 0x9a, 0x49, 0x44, 0x45, 0x94, 0x45, 0x45, 0x55, 0x55, 0x55, 0x56, 0x56, 0xaa, 0xab, 0x01, 
    0x00, 0x16, 0xb9, 0x52, 0x6a, 0x62, 0xa5, 0xa6, 0x55, 0x01, 0x00, 0x00, 0x00, 0x00, 0x00, 0x00, 
    0x00, 0x01, 0x00, 0x06, 0x44, 0x11, 0x11, 0x55, 0x15, 0x16, 0x56, 0x95, 0x56, 0x65, 0x15, 0x15, 
    0x55, 0x11, 0x11, 0x65, 0x55, 0x15, 0x55, 0x55, 0x55, 0x56, 0x65, 0x25, 0x15, 0x15, 0x17, 0xbf, 
    0xb9, 0x11, 0x11, 0x95, 0x55, 0x56, 0x66, 0xab, 0xba, 0x56, 0x6e, 0x65, 0x11, 0x66, 0x56, 0x56, 
    0x57, 0xfb, 0xff, 0x6a, 0x55, 0x15, 0x55, 0x16, 0xa5, 0x6a, 0x56, 0x55, 0x66, 0xaa, 0xaa, 0xba, 
    0x62, 0x66, 0x66, 0x6a, 0xab, 0xaa, 0xa6, 0x55, 0x56, 0x7f, 0xbe, 0x11, 0x14, 0x01, 0x01, 0x00, 
    0x01, 0x10, 0x00, 0x00, 0x00, 0x00, 0x01, 0x01, 0x11, 0x00, 0x00, 0x10, 0x40, 0x12, 0x60, 0x11, 
    0x11, 0x11, 0x11, 0x12, 0x95, 0x11, 0x15, 0x11, 0x11, 0x11, 0x55, 0x55, 0x11, 0x11, 0x11, 0xbe, 
    0xbf, 0x11, 0xa5, 0x11, 0x11, 0x11, 0x51, 0x11, 0x55, 0x65, 0x56, 0xba, 0xaa, 0x56, 0x55, 0x51, 
    0x17, 0x91, 0x11, 0x15, 0x15, 0x15, 0x15, 0x56, 0x6f, 0xbf, 0xb5, 0x11, 0x10, 0x00, 0x01, 0x00, 
    0x01, 0x01, 0x11, 0x00, 0x00, 0x06, 0xa7, 0xa5, 0x55, 0x55, 0x55, 0x51, 0x11, 0x11, 0x11, 0x15, 
    0x55, 0x16, 0x11, 0x11, 0x11, 0x66, 0x66, 0x61, 0x2a, 0xa6, 0x56, 0x01, 0x11, 0x15, 0x11, 0x11, 
    0x99, 0x99, 0x99, 0x99, 0x99, 0xab, 0xfe, 0x94, 0x44, 0x55, 0xae, 0x45, 0x5a, 0x96, 0xe5, 0xa9, 
    0x94, 0x44, 0x40, 0x44, 0x40, 0x40, 0x40, 0x40, 0x40, 0x44, 0x40, 0x45, 0x94, 0x4a, 0x55, 0x55, 
    0x55, 0x59, 0x99, 0xd5, 0xa9, 0x95, 0x55, 0x59, 0x55, 0x55, 0x55, 0x95, 0x95, 0x55, 0x95, 0x55, 
    0x55, 0x5a, 0xa9, 0x95, 0x55, 0x55, 0x55, 0xae, 0x95, 0x55, 0x55, 0x95, 0x9a, 0x99, 0xaa, 0xb9, 
    0xae, 0x95, 0x9e, 0xa9, 0x55, 0x99, 0x99, 0x99, 0x99, 0xff, 0xff, 0xda, 0x99, 0x55, 0x55, 0x55, 
    0x95, 0x55, 0xa9, 0x99, 0x99, 0xaa, 0xee, 0xee, 0xea, 0xaa, 0xea, 0xa9, 0xee, 0xee, 0xee, 0xea, 
    0x9a, 0xaf, 0xff, 0x95, 0xa4, 0x44, 0x44, 0x44, 0x44, 0x40, 0x40, 0x44, 0x44, 0x45, 0xae, 0x44, 
    0x44, 0x44, 0x40, 0x54, 0x40, 0x55, 0x90, 0x54, 0x6e, 0x55, 0x55, 0x47, 0xd5, 0x54, 0x55, 0x55, 
    0x55, 0x45, 0x5d, 0xbe, 0x54, 0x44, 0x45, 0x99, 0xae, 0x55, 0xa9, 0x55, 0x55, 0x45, 0x94, 0x54, 
    0x55, 0x55, 0x99, 0xbe, 0xfe, 0x9a, 0xe9, 0xd5, 0x5f, 0xc5, 0x54, 0x54, 0x54, 0x55, 0x55, 0x95, 
    0xbf, 0xff, 0xfd, 0x95, 0x44, 0x94, 0x54, 0x44, 0x40, 0x44, 0x44, 0x44, 0x44, 0x46, 0xda, 0x95, 
    0x59, 0x9a, 0x99, 0x99, 0x59, 0x55, 0x55, 0x55, 0x95, 0x59, 0x44, 0x44, 0x44, 0xaa, 0xa9, 0xe4, 
    0xaa, 0xe9, 0x95, 0x54, 0x44, 0x95, 0x45, 0x54, 0x55, 0x55, 0x55, 0x65, 0x65, 0x66, 0xbf, 0xf0, 
    0x00, 0x11, 0x7a, 0x56, 0x16, 0x96, 0xa6, 0x56, 0x91, 0x10, 0x00, 0x00, 0x00, 0x00, 0x10, 0x00, 
    0x00, 0x01, 0x00, 0x10, 0x11, 0x0b, 0x91, 0x51, 0x51, 0x55, 0x56, 0x95, 0x65, 0x55, 0x51, 0x65, 
    0x51, 0x51, 0x56, 0x56, 0x65, 0x56, 0x55, 0x55, 0x55, 0x56, 0xa5, 0x55, 0x55, 0x55, 0x51, 0x55, 
    0x51, 0x55, 0x6a, 0x51, 0x56, 0x66, 0x66, 0x6a, 0x57, 0xe5, 0x57, 0xb5, 0x56, 0x65, 0x65, 0x66, 
    0x66, 0xbf, 0xff, 0xe6, 0x55, 0x55, 0x51, 0x11, 0x55, 0x6a, 0x56, 0xaa, 0xa5, 0x17, 0xfa, 0xbb, 
    0xa6, 0xa6, 0xaa, 0xaa, 0xaa, 0xbb, 0xbb, 0xbb, 0xa6, 0x7b, 0xbb, 0x91, 0x55, 0x11, 0x00, 0x00, 
    0x11, 0x10, 0x00, 0x11, 0x11, 0x10, 0x2b, 0x40, 0x11, 0x10, 0x00, 0x54, 0x00, 0x55, 0x00, 0x11, 
    0x3b, 0xba, 0x51, 0x1b, 0x65, 0x55, 0x11, 0x11, 0x11, 0x15, 0x59, 0x7a, 0x51, 0x11, 0x11, 0x51, 
    0x16, 0x12, 0xb5, 0x11, 0x51, 0x11, 0x11, 0x11, 0x51, 0x51, 0x56, 0x65, 0xb9, 0x67, 0xfa, 0x51, 
    0x6f, 0x51, 0x11, 0x50, 0x10, 0x11, 0x15, 0x55, 0xff, 0xff, 0xff, 0x55, 0x50, 0x61, 0x11, 0x10, 
    0x00, 0x00, 0x10, 0x00, 0x00, 0x61, 0xbb, 0x65, 0x55, 0x67, 0xa7, 0xa6, 0x66, 0x65, 0x51, 0x11, 
    0x55, 0x55, 0x51, 0x11, 0x10, 0x66, 0xa6, 0x51, 0xaa, 0xa5, 0x61, 0x50, 0x10, 0x55, 0x11, 0x11, 
    0x59, 0x99, 0x59, 0x59, 0x99, 0x99, 0xaf, 0xfd, 0x44, 0x45, 0x5c, 0xa9, 0x59, 0x8a, 0x95, 0x99, 
    0x45, 0x44, 0x04, 0x04, 0x04, 0x45, 0x55, 0x44, 0x04, 0x04, 0x44, 0x44, 0x45, 0x87, 0xd5, 0x55, 
    0x55, 0x59, 0x9a, 0x95, 0x99, 0x95, 0x55, 0x55, 0x55, 0x55, 0x59, 0x59, 0x99, 0x99, 0x55, 0x55, 
    0x55, 0x56, 0xaa, 0x95, 0x55, 0x55, 0x55, 0x55, 0x55, 0x55, 0x5f, 0xfe, 0x59, 0x9a, 0x9a, 0x9b, 
    0x9a, 0xfe, 0x9a, 0xfe, 0x55, 0x95, 0x5a, 0xa9, 0xaa, 0xbf, 0xff, 0xf9, 0x95, 0x55, 0x55, 0x45, 
    0x55, 0x59, 0x99, 0x9a, 0xa9, 0x9a, 0xfe, 0xee, 0xea, 0xaa, 0xaa, 0xae, 0xee, 0xef, 0xef, 0xff, 
    0xff, 0xaf, 0xff, 0xe4, 0x54, 0x44, 0x44, 0x44, 0x44, 0x44, 0x04, 0x44, 0xa8, 0x44, 0x4a, 0x44, 
    0x44, 0x44, 0x44, 0x44, 0x05, 0x55, 0x05, 0x55, 0x5a, 0xae, 0x55, 0x5e, 0xa5, 0x55, 0x44, 0x44, 
    0x44, 0x55, 0x55, 0x6d, 0x55, 0x55, 0x45, 0x55, 0x45, 0x46, 0xe5, 0x45, 0x55, 0x45, 0x45, 0x45, 
    0x55, 0x54, 0x55, 0xad, 0xa9, 0x9f, 0xfa, 0x65, 0x6e, 0x55, 0x45, 0x44, 0x55, 0x55, 0x55, 0x59, 
    0xff, 0xff, 0xff, 0xd9, 0x54, 0x54, 0x45, 0x44, 0x04, 0x55, 0x55, 0x44, 0x05, 0x6e, 0x6e, 0x99, 
    0x99, 0x5a, 0xea, 0x9a, 0xa9, 0x9a, 0x99, 0x45, 0x55, 0x55, 0x44, 0x44, 0x44, 0xaa, 0x9a, 0x46, 
    0xae, 0xae, 0x59, 0x84, 0x44, 0x55, 0x45, 0x45, 0x55, 0x55, 0x55, 0x55, 0x55, 0x56, 0x6b, 0x6f, 
    0x96, 0x55, 0x55, 0x56, 0x65, 0x1a, 0x55, 0x55, 0x11, 0x00, 0x00, 0x10, 0x01, 0x11, 0x11, 0x10, 
    0x00, 0x01, 0x01, 0x01, 0x01, 0x62, 0xb1, 0x11, 0x15, 0x56, 0x56, 0x55, 0x65, 0x55, 0x15, 0x55, 
    0x11, 0x11, 0x16, 0x16, 0x56, 0x55, 0x55, 0x15, 0x15, 0x55, 0x66, 0x55, 0x55, 0x15, 0x55, 0x55, 
    0x55, 0x55, 0x5b, 0xff, 0xa5, 0x15, 0x56, 0x66, 0x95, 0x1b, 0x96, 0x7e, 0x56, 0x55, 0x6a, 0x69, 
    0x66, 0x6f, 0xbf, 0xf9, 0x55, 0x55, 0x55, 0x15, 0x11, 0x55, 0x5a, 0x56, 0x66, 0x6a, 0xab, 0xba, 
    0x6a, 0x6a, 0xaa, 0x9a, 0xaa, 0xbb, 0xbb, 0xbb, 0xff, 0xbf, 0xbf, 0xb5, 0x25, 0x00, 0x00, 0x10, 
    0x01, 0x00, 0x01, 0x11, 0xb5, 0x00, 0x01, 0x01, 0x01, 0x00, 0x01, 0x05, 0x01, 0x60, 0x01, 0x11, 
    0x75, 0x15, 0x11, 0x39, 0x65, 0x11, 0x11, 0x11, 0x51, 0x11, 0x15, 0x55, 0x11, 0x15, 0x51, 0x15, 
    0x11, 0x13, 0xb5, 0x11, 0x51, 0x11, 0x11, 0x11, 0x11, 0x11, 0x15, 0x55, 0x55, 0x5b, 0xa9, 0x69, 
    0xa9, 0x11, 0x11, 0x11, 0x11, 0x11, 0x15, 0x55, 0x7f, 0xff, 0xff, 0xe5, 0x11, 0x00, 0x11, 0x11, 
    0x00, 0x15, 0x51, 0x00, 0x01, 0x15, 0x1a, 0x15, 0x56, 0x6a, 0x66, 0x66, 0x66, 0x66, 0x66, 0x65, 
    0x51, 0x55, 0x51, 0x11, 0x11, 0x66, 0x59, 0x06, 0x6a, 0xaa, 0x55, 0x51, 0x01, 0x21, 0x51, 0x11, 
    0x99, 0x95, 0x99, 0x99, 0x99, 0x99, 0x9a, 0xff, 0xf9, 0x55, 0x54, 0x59, 0x99, 0x5a, 0x55, 0x98, 
    0x54, 0x44, 0x44, 0x64, 0x45, 0x54, 0x55, 0x54, 0x40, 0x40, 0x44, 0x54, 0x45, 0x5e, 0xd5, 0x55, 
    0x55, 0x99, 0x9a, 0x99, 0xa9, 0x95, 0x59, 0x55, 0x55, 0x55, 0x59, 0x99, 0x99, 0x99, 0x55, 0x55, 
    0x55, 0x55, 0xa9, 0x95, 0x55, 0x55, 0x55, 0x55, 0x55, 0x59, 0xaf, 0xfa, 0xf9, 0x55, 0x99, 0x9a, 
    0xe9, 0x55, 0xfe, 0xbe, 0x5a, 0xe9, 0x9a, 0xea, 0xa9, 0xaf, 0xff, 0xfe, 0x59, 0x59, 0x55, 0x55, 
    0x95, 0x99, 0x99, 0xa9, 0xaa, 0xaa, 0xef, 0xfe, 0x5a, 0xee, 0xea, 0xea, 0xee, 0xfe, 0xee, 0xff, 
    0xff, 0xff, 0xff, 0xf8, 0x58, 0x44, 0x44, 0x55, 0x44, 0x40, 0x44, 0x45, 0x94, 0x44, 0x44, 0x5d, 
    0x44, 0x40, 0x54, 0x44, 0x44, 0x54, 0x45, 0x55, 0xf9, 0xa9, 0x54, 0xb9, 0xa5, 0x54, 0x54, 0x44, 
    0xbd, 0x54, 0x44, 0x55, 0x59, 0x56, 0x95, 0x55, 0x55, 0x57, 0xf5, 0x55, 0x55, 0x55, 0x55, 0x55, 
    0x55, 0x55, 0x55, 0x55, 0x95, 0x99, 0x99, 0x59, 0xe8, 0x54, 0x45, 0x45, 0x45, 0x95, 0x95, 0x99, 
    0xbf, 0xff, 0xff, 0xf9, 0xa5, 0x44, 0x55, 0x54, 0x54, 0x55, 0xa9, 0x40, 0x44, 0x45, 0x45, 0xd9, 
    0x99, 0xae, 0xe9, 0xa9, 0x9a, 0xaa, 0x99, 0x6a, 0xa9, 0x95, 0x94, 0x44, 0x54, 0xaa, 0xa4, 0x5a, 
    0xaa, 0xaa, 0x95, 0x94, 0x44, 0x55, 0x55, 0x54, 0x66, 0x66, 0x55, 0x55, 0x55, 0x65, 0x65, 0x6b, 
    0xfe, 0x11, 0x55, 0x16, 0x65, 0x66, 0x15, 0x55, 0x10, 0x00, 0x00, 0x69, 0x11, 0x11, 0x11, 0x11, 
    0x00, 0x00, 0x00, 0x11, 0x11, 0x51, 0x11, 0x11, 0x55, 0x66, 0x66, 0x56, 0x65, 0x55, 0x55, 0x51, 
    0x51, 0x51, 0x55, 0x55, 0x65, 0x65, 0x51, 0x55, 0x55, 0x55, 0x69, 0x65, 0x55, 0x55, 0x55, 0x55, 
    0x55, 0x51, 0x7b, 0xf5, 0x65, 0x55, 0x55, 0x66, 0x79, 0x65, 0xbf, 0xba, 0x15, 0x69, 0x66, 0xa6, 
    0x65, 0x67, 0xfb, 0xff, 0x55, 0x51, 0x55, 0x15, 0x51, 0x55, 0x66, 0x66, 0x66, 0xbb, 0xff, 0xfa, 
    0xaa, 0x56, 0xa6, 0xa6, 0xaa, 0xa6, 0xbb, 0xff, 0xf9, 0x57, 0xff, 0xf5, 0x15, 0x10, 0x14, 0x10, 
    0x10, 0x00, 0x11, 0x1b, 0x50, 0x00, 0x00, 0x15, 0x10, 0x00, 0x10, 0x10, 0x10, 0x10, 0x15, 0x51, 
    0x66, 0xb5, 0x11, 0xf1, 0x51, 0x55, 0x11, 0x11, 0x7a, 0x11, 0x11, 0x11, 0x25, 0x57, 0x61, 0x65, 
    0x51, 0x13, 0x51, 0x11, 0x51, 0x11, 0x61, 0x11, 0x51, 0x51, 0x65, 0x55, 0x55, 0x55, 0x61, 0x57, 
    0xa1, 0x11, 0x15, 0x11, 0x11, 0x15, 0x55, 0x56, 0x6f, 0xff, 0xff, 0xf9, 0x51, 0x80, 0x01, 0x11, 
    0x01, 0x15, 0x50, 0x01, 0x10, 0x12, 0x00, 0x21, 0x65, 0x5a, 0xa6, 0xbb, 0xa6, 0x66, 0x66, 0x66, 
    0x66, 0xba, 0x51, 0x55, 0x51, 0x65, 0x61, 0x2a, 0x6a, 0xaa, 0xa5, 0x61, 0x10, 0x15, 0x51, 0x51, 
    0x04, 0x04, 0x45, 0x55, 0x55, 0x55, 0x99, 0x9a, 0xff, 0x95, 0x55, 0x5e, 0x99, 0x59, 0x59, 0x54, 
    0x44, 0x04, 0x05, 0xf9, 0x44, 0x44, 0x45, 0x44, 0x04, 0x00, 0x44, 0x45, 0x45, 0x44, 0x45, 0x55, 
    0x55, 0x99, 0x9a, 0x59, 0x99, 0x55, 0x59, 0x55, 0x55, 0x55, 0x99, 0x59, 0x99, 0x95, 0x95, 0x55, 
    0x55, 0x55, 0x59, 0x55, 0x55, 0x55, 0x55, 0x59, 0x55, 0x55, 0x55, 0x6e, 0x99, 0x99, 0x99, 0x5a, 
    0xad, 0x9b, 0xff, 0xfe, 0x45, 0x99, 0x9a, 0xaa, 0x99, 0x9a, 0xff, 0xff, 0xd9, 0x55, 0x55, 0x45, 
    0x55, 0x55, 0x99, 0x9a, 0xaf, 0xff, 0xff, 0xff, 0xef, 0x99, 0x5a, 0x9a, 0xaa, 0xff, 0xff, 0xff, 
    0xfa, 0xe5, 0x99, 0x95, 0x44, 0x44, 0x54, 0x44, 0x94, 0x04, 0x44, 0x5d, 0x44, 0x44, 0x00, 0x04, 
    0x04, 0x00, 0x04, 0x04, 0x05, 0x40, 0x55, 0x57, 0xd5, 0xa4, 0x46, 0xd5, 0x95, 0x44, 0x44, 0x45, 
    0x6f, 0x84, 0x44, 0x44, 0x54, 0x55, 0x55, 0xb9, 0x95, 0x4b, 0x55, 0x45, 0x45, 0x45, 0x55, 0xa5, 
    0x55, 0x55, 0x55, 0x59, 0x99, 0x59, 0x95, 0x5b, 0xc5, 0x44, 0x55, 0x45, 0x45, 0x45, 0x55, 0x5a, 
    0x9f, 0xff, 0xff, 0xfe, 0x59, 0x84, 0x44, 0x44, 0x04, 0x55, 0x45, 0x45, 0x54, 0x59, 0x44, 0x05, 
    0x59, 0x59, 0x5a, 0xee, 0x9a, 0x99, 0x9a, 0xaa, 0x9a, 0xea, 0xea, 0xff, 0xe9, 0x69, 0x84, 0xaa, 
    0xae, 0xaa, 0xe9, 0x54, 0x44, 0x49, 0x95, 0x95, 0x00, 0x01, 0x00, 0x00, 0x00, 0x00, 0x01, 0x15, 
    0x7f, 0xa1, 0x15, 0x15, 0x65, 0x65, 0x15, 0x51, 0x00, 0x00, 0x02, 0xa1, 0x11, 0x00, 0x00, 0x01, 
    0x00, 0x00, 0x00, 0x11, 0x01, 0x00, 0x01, 0x15, 0x15, 0x56, 0x6a, 0x56, 0x55, 0x51, 0x55, 0x11, 
    0x11, 0x11, 0x55, 0x15, 0x56, 0x55, 0x55, 0x15, 0x15, 0x55, 0x55, 0x55, 0x15, 0x55, 0x55, 0x65, 
    0x55, 0x55, 0x55, 0x5b, 0x55, 0x56, 0x66, 0x55, 0x56, 0x6a, 0xbf, 0xbf, 0xa5, 0x55, 0x56, 0x6a, 
    0xa6, 0x66, 0xbf, 0xbf, 0xa5, 0x55, 0x55, 0x15, 0x15, 0x55, 0x66, 0xba, 0x6b, 0xbf, 0xff, 0xff, 
    0xbe, 0x6a, 0xb5, 0x2a, 0x6a, 0xbb, 0xbf, 0xbf, 0xbf, 0xb9, 0x5b, 0xa1, 0x01, 0x11, 0x10, 0x01, 
    0x75, 0x01, 0x01, 0x60, 0x00, 0x00, 0x00, 0x00, 0x00, 0x00, 0x00, 0x00, 0x01, 0x00, 0x15, 0x17, 
    0x95, 0x11, 0x07, 0x96, 0x51, 0x11, 0x11, 0x16, 0x1a, 0xa1, 0x11, 0x11, 0x21, 0x11, 0x11, 0x16, 
    0x67, 0x96, 0x15, 0x11, 0x11, 0x15, 0x15, 0x95, 0x11, 0x11, 0x55, 0x6b, 0xb5, 0x55, 0x91, 0x5b, 
    0x91, 0x11, 0x11, 0x11, 0x11, 0x11, 0x55, 0x5a, 0x5b, 0xff, 0xff, 0xff, 0x56, 0x45, 0x00, 0x10, 
    0x00, 0x11, 0x11, 0x11, 0x10, 0x15, 0x01, 0x01, 0x95, 0x55, 0x55, 0x55, 0x56, 0x65, 0x66, 0xaa, 
    0x66, 0xba, 0xa9, 0xbb, 0xbf, 0xb6, 0x51, 0xaa, 0xaa, 0xaa, 0xaa, 0x15, 0x01, 0x05, 0x65, 0x65, 
    0x40, 0x44, 0x40, 0x44, 0x40, 0x40, 0x44, 0x44, 0x5a, 0xf4, 0x45, 0x59, 0xad, 0x98, 0x95, 0x94, 
    0x40, 0x40, 0x44, 0x95, 0x54, 0x40, 0x44, 0x44, 0x40, 0x44, 0x49, 0x55, 0x40, 0x44, 0x45, 0x55, 
    0x59, 0x99, 0xad, 0xaa, 0x95, 0x95, 0x95, 0x55, 0x55, 0x55, 0x55, 0x59, 0x95, 0x55, 0x55, 0x55, 
    0x55, 0x5a, 0x55, 0x59, 0x55, 0x55, 0x55, 0x95, 0x99, 0x99, 0x99, 0x95, 0xa9, 0x99, 0xaa, 0xe9, 
    0x99, 0x9a, 0xfe, 0xff, 0xfe, 0xd9, 0x99, 0xae, 0xfa, 0xaa, 0xbf, 0xff, 0xf5, 0x55, 0x55, 0x55, 
    0x99, 0x5a, 0xff, 0xf9, 0xaf, 0xff, 0xff, 0xff, 0xfe, 0xee, 0xd4, 0x45, 0xaa, 0xee, 0xff, 0xff, 
    0xff, 0xff, 0xd9, 0x95, 0x44, 0x44, 0x44, 0x44, 0x58, 0x44, 0x45, 0x84, 0x40, 0x40, 0x44, 0x44, 
    0x44, 0x40, 0x54, 0x40, 0x54, 0x45, 0xe9, 0x9b, 0xd5, 0x55, 0x5f, 0x9a, 0x55, 0x54, 0x44, 0x55, 
    0x5a, 0xa8, 0x44, 0x44, 0x64, 0x44, 0x44, 0x54, 0x5a, 0xd9, 0x54, 0x55, 0x55, 0x55, 0x55, 0x94, 
    0x55, 0x55, 0x55, 0xa9, 0xaa, 0xfe, 0x95, 0x5f, 0x95, 0x54, 0x54, 0x54, 0x54, 0x55, 0x55, 0x9a, 
    0x9b, 0xff, 0xff, 0xff, 0x99, 0x59, 0x84, 0x54, 0x44, 0x54, 0x54, 0x54, 0xe5, 0x45, 0x45, 0xc4, 
    0x95, 0x99, 0x95, 0x95, 0x55, 0x95, 0xa9, 0x99, 0xae, 0xea, 0xa9, 0xfe, 0xff, 0xe6, 0x56, 0xea, 
    0xae, 0xaa, 0xaa, 0x99, 0x44, 0x45, 0x68, 0x69, 0x00, 0x00, 0x00, 0x00, 0x00, 0x00, 0x00, 0x10, 
    0x10, 0x21, 0x05, 0x15, 0x56, 0x65, 0x55, 0x51, 0x00, 0x00, 0x10, 0x11, 0x10, 0x00, 0x00, 0x11, 
    0x00, 0x01, 0x15, 0x15, 0x00, 0x00, 0x11, 0x51, 0x55, 0x65, 0x69, 0x66, 0x55, 0x55, 0x51, 0x51, 
    0x51, 0x51, 0x51, 0x55, 0x51, 0x65, 0x55, 0x55, 0x55, 0x55, 0x55, 0x56, 0x55, 0x55, 0x55, 0x55, 
    0x55, 0x69, 0x55, 0x66, 0xaa, 0x66, 0x66, 0xa5, 0x7a, 0x7f, 0xff, 0xba, 0xff, 0xfa, 0x51, 0x5a, 
    0xba, 0x66, 0x6f, 0xbb, 0xf9, 0x65, 0x51, 0x55, 0x56, 0x56, 0xff, 0xff, 0xff, 0xff, 0xff, 0xfa, 
    0x56, 0xab, 0xba, 0xaa, 0x56, 0x67, 0xbf, 0xff, 0xff, 0xfa, 0x7a, 0x51, 0x01, 0x11, 0x10, 0x10, 
    0x04, 0x11, 0x11, 0x00, 0x00, 0x00, 0x00, 0x00, 0x00, 0x00, 0x10, 0x00, 0x10, 0x12, 0xaa, 0xbb, 
    0xa5, 0x51, 0x2e, 0x55, 0x51, 0x11, 0x11, 0x11, 0x12, 0xa9, 0x11, 0x11, 0x21, 0x11, 0x11, 0x11, 
    0x11, 0x19, 0x25, 0x11, 0x51, 0x11, 0x59, 0x55, 0x55, 0x51, 0x55, 0x55, 0x56, 0xba, 0x65, 0x3e, 
    0x11, 0x11, 0x10, 0x11, 0x11, 0x11, 0x55, 0x55, 0x57, 0xff, 0xff, 0xff, 0xd6, 0x59, 0x40, 0x05, 
    0x00, 0x11, 0x19, 0x11, 0x75, 0x01, 0x11, 0x70, 0x55, 0x56, 0x66, 0x55, 0x55, 0x51, 0x55, 0x55, 
    0x6b, 0xfa, 0x69, 0x7b, 0xfb, 0x99, 0x16, 0xaa, 0xa6, 0xaa, 0xa6, 0xa5, 0x11, 0x12, 0x65, 0x55, 
    0x04, 0x55, 0x44, 0x04, 0x04, 0x04, 0x04, 0x45, 0x44, 0x04, 0x45, 0x59, 0x59, 0xa9, 0x59, 0x44, 
    0x04, 0x04, 0x04, 0x55, 0x55, 0x44, 0x04, 0x44, 0x04, 0x05, 0x59, 0x45, 0x44, 0x05, 0x45, 0x55, 
    0x59, 0x99, 0xad, 0x99, 0x95, 0x55, 0x55, 0x55, 0x55, 0x55, 0x55, 0x55, 0x55, 0x55, 0x55, 0x55, 
    0x55, 0x59, 0x55, 0x5a, 0x95, 0x55, 0x59, 0x59, 0x59, 0x9a, 0x99, 0x99, 0x9f, 0xe9, 0xee, 0x9a, 
    0xef, 0xff, 0xff, 0xee, 0x9a, 0xaa, 0xaa, 0x9a, 0xae, 0x9a, 0x9f, 0xef, 0xfe, 0x59, 0x99, 0x55, 
    0x55, 0x9a, 0xff, 0xff, 0xef, 0xef, 0xee, 0x99, 0x69, 0x5a, 0xfe, 0x9a, 0x99, 0x5b, 0xaf, 0xff, 
    0xff, 0xed, 0x9a, 0x89, 0x54, 0x44, 0x44, 0x54, 0x44, 0x44, 0x44, 0x00, 0x00, 0x44, 0x04, 0x04, 
    0x44, 0x04, 0x45, 0x04, 0x44, 0x4a, 0xae, 0xae, 0xee, 0x55, 0xbd, 0x99, 0x45, 0x44, 0x44, 0x55, 
    0x45, 0xfe, 0x44, 0x44, 0x64, 0x44, 0x44, 0x44, 0x44, 0x4d, 0x59, 0x45, 0x55, 0x55, 0x59, 0x95, 
    0x59, 0x59, 0x99, 0x99, 0x59, 0x99, 0x99, 0xbd, 0x45, 0x45, 0x44, 0x45, 0x45, 0x55, 0x55, 0x59, 
    0x5a, 0xff, 0xff, 0xff, 0xea, 0xda, 0x44, 0x04, 0x04, 0x44, 0x45, 0x55, 0x55, 0x44, 0x44, 0x5d, 
    0x49, 0x99, 0x99, 0x95, 0x55, 0x55, 0x55, 0x55, 0xae, 0xe9, 0xae, 0x5a, 0xef, 0x9d, 0x5a, 0xaa, 
    0xaa, 0xaa, 0xaa, 0xad, 0x44, 0x45, 0x99, 0x55, 0x00, 0x10, 0x10, 0x00, 0x01, 0x10, 0x00, 0x01, 
    0x10, 0x00, 0x01, 0x15, 0x55, 0x61, 0x55, 0x01, 0x00, 0x00, 0x00, 0x11, 0x02, 0x40, 0x05, 0x10, 
    0x00, 0x51, 0x26, 0x15, 0x50, 0x01, 0x11, 0x11, 0x56, 0x56, 0x7a, 0x65, 0x55, 0x15, 0x11, 0x11, 
    0x11, 0x15, 0x11, 0x15, 0x11, 0x15, 0x15, 0x15, 0x55, 0x15, 0x15, 0x56, 0x55, 0x55, 0x55, 0x55, 
    0x56, 0x66, 0x56, 0x56, 0xab, 0xbf, 0xff, 0xa6, 0xaa, 0xab, 0xaa, 0x51, 0x11, 0x55, 0x1a, 0x66, 
    0x6b, 0x66, 0x67, 0xfb, 0xbf, 0x66, 0xa5, 0x56, 0x57, 0x6f, 0xff, 0xbf, 0x66, 0xba, 0x6a, 0x55, 
    0x66, 0x55, 0x55, 0x56, 0x57, 0xab, 0xaf, 0xff, 0xbb, 0xba, 0x65, 0x05, 0x00, 0x01, 0x01, 0x11, 
    0x01, 0x01, 0x00, 0x00, 0x00, 0x00, 0x00, 0x00, 0x00, 0x00, 0x00, 0x01, 0x00, 0x1a, 0xab, 0xbb, 
    0xaa, 0x11, 0xb6, 0x75, 0x11, 0x11, 0x11, 0x25, 0x01, 0x7f, 0x51, 0x01, 0x21, 0x01, 0x11, 0x11, 
    0x11, 0x19, 0x15, 0x11, 0x11, 0x11, 0x16, 0x55, 0x16, 0x55, 0xbb, 0xa5, 0x55, 0x59, 0x11, 0xb9, 
    0x11, 0x01, 0x01, 0x01, 0x11, 0x15, 0x11, 0x56, 0x15, 0xbf, 0xff, 0xff, 0xfb, 0xb6, 0x50, 0x00, 
    0x00, 0x10, 0x01, 0x51, 0x15, 0x40, 0x11, 0x15, 0x02, 0x55, 0x55, 0x55, 0x15, 0x55, 0x55, 0x15, 
    0x16, 0xa5, 0x6a, 0x11, 0x12, 0x79, 0x2a, 0xaa, 0x66, 0x6a, 0x66, 0x5a, 0x51, 0x01, 0x56, 0x15, 
    0x40, 0x44, 0x40, 0x40, 0x40, 0x45, 0x54, 0x44, 0x44, 0x40, 0x44, 0x45, 0x95, 0x95, 0x95, 0x44, 
    0x40, 0x40, 0x40, 0x55, 0x45, 0x40, 0x5c, 0x44, 0x40, 0x95, 0x95, 0x55, 0x94, 0x45, 0x55, 0x55, 
    0x99, 0x99, 0xba, 0xa9, 0x95, 0x55, 0x55, 0x55, 0x55, 0x55, 0x55, 0x55, 0x55, 0x55, 0x55, 0x55, 
    0x55, 0x55, 0x55, 0x55, 0x95, 0x99, 0x99, 0x99, 0xaf, 0xfe, 0x99, 0x9a, 0xff, 0xff, 0xff, 0xe9, 
    0x95, 0xf9, 0xa9, 0xa5, 0x55, 0x55, 0x55, 0xae, 0xe5, 0x99, 0xaa, 0xfe, 0xff, 0xd9, 0x9a, 0x99, 
    0xae, 0xaf, 0xff, 0xfd, 0xae, 0xea, 0xaa, 0x95, 0x99, 0x55, 0x95, 0x55, 0xae, 0xff, 0xff, 0xff, 
    0xff, 0xfd, 0xaa, 0x95, 0xa9, 0x40, 0x44, 0x55, 0x44, 0x44, 0x40, 0x40, 0x44, 0x44, 0x44, 0x40, 
    0x44, 0x44, 0x40, 0x44, 0x44, 0x5a, 0xad, 0xae, 0xe9, 0xaa, 0xe9, 0xa5, 0x54, 0x54, 0x44, 0x59, 
    0x44, 0x6f, 0xd4, 0x44, 0x64, 0x44, 0x54, 0x44, 0x54, 0x58, 0x55, 0x55, 0x55, 0x55, 0x6d, 0xae, 
    0x99, 0x9a, 0xfa, 0xba, 0xe9, 0xa9, 0x56, 0xf5, 0x54, 0x54, 0x44, 0x45, 0x55, 0x55, 0x55, 0x5a, 
    0x55, 0xbf, 0xff, 0xff, 0xf9, 0xa9, 0x44, 0x4a, 0x44, 0x44, 0x45, 0x95, 0x56, 0x44, 0x54, 0x45, 
    0x45, 0x99, 0x99, 0x95, 0x55, 0x55, 0x55, 0x59, 0x99, 0x99, 0xae, 0x44, 0x59, 0x54, 0xaa, 0xea, 
    0xaa, 0xaa, 0xaa, 0x96, 0x94, 0x44, 0x99, 0x45, 0x00, 0x10, 0x00, 0x00, 0x00, 0x00, 0x11, 0x10, 
    0x00, 0x00, 0x01, 0x01, 0x55, 0x51, 0x55, 0x10, 0x00, 0x01, 0x01, 0x11, 0x00, 0x00, 0x39, 0x10, 
    0x01, 0x55, 0x91, 0x15, 0x54, 0x11, 0x51, 0x51, 0x66, 0x66, 0xba, 0x65, 0x55, 0x51, 0x51, 0x51, 
    0x51, 0x55, 0x51, 0x55, 0x51, 0x51, 0x55, 0x55, 0xa5, 0x55, 0x55, 0x56, 0x65, 0x6b, 0xa5, 0x66, 
    0xbb, 0xbb, 0xa6, 0x56, 0xbb, 0xff, 0xfe, 0x65, 0x6a, 0xa5, 0x55, 0x51, 0x15, 0x11, 0x15, 0x66, 
    0xa6, 0x96, 0x65, 0xff, 0xbf, 0xe6, 0x67, 0xa5, 0x66, 0xbb, 0xbb, 0xab, 0xba, 0xb6, 0xba, 0x55, 
    0x55, 0x55, 0x55, 0x55, 0x56, 0xbb, 0xfb, 0xff, 0xfb, 0xbb, 0xa6, 0x65, 0x16, 0x10, 0x11, 0x17, 
    0xe0, 0x10, 0x00, 0x00, 0x10, 0x00, 0x00, 0x00, 0x00, 0x01, 0x34, 0x11, 0x10, 0x26, 0xa5, 0xbb, 
    0x65, 0x67, 0xe5, 0x51, 0x11, 0x11, 0x11, 0x11, 0x11, 0x1b, 0xe1, 0x11, 0x71, 0x11, 0x51, 0x11, 
    0x11, 0x24, 0x11, 0x11, 0x11, 0x51, 0x6a, 0x7a, 0x55, 0x16, 0xba, 0xb6, 0xaa, 0x61, 0x17, 0xa1, 
    0x11, 0x11, 0x11, 0x11, 0x11, 0x11, 0x55, 0x55, 0x11, 0x7f, 0xff, 0xff, 0xfa, 0xba, 0x10, 0x02, 
    0x10, 0x11, 0x11, 0x51, 0x52, 0x10, 0x01, 0x11, 0x41, 0x15, 0x55, 0x55, 0x55, 0xa5, 0x51, 0x65, 
    0x55, 0x55, 0x56, 0x51, 0x25, 0x11, 0xaa, 0xaa, 0xa5, 0x6a, 0xa6, 0xa1, 0x55, 0x11, 0x66, 0x52, 
    0x44, 0x05, 0x40, 0x04, 0x45, 0x55, 0x44, 0x44, 0x04, 0x04, 0x04, 0x44, 0x59, 0x54, 0x55, 0x44, 
    0x04, 0x44, 0x00, 0x45, 0x0a, 0x04, 0xf9, 0x44, 0x05, 0x55, 0x86, 0x45, 0x54, 0x45, 0x55, 0x55, 
    0x5a, 0x9a, 0xe9, 0x99, 0x55, 0x55, 0x55, 0x55, 0x55, 0x56, 0x95, 0x59, 0x55, 0x55, 0x55, 0x55, 
    0x59, 0x55, 0x59, 0x9a, 0xa9, 0xae, 0x99, 0xaa, 0xef, 0xfe, 0x9a, 0xaf, 0xff, 0xff, 0xee, 0x9a, 
    0xe9, 0x99, 0xd9, 0x95, 0xa9, 0x45, 0x59, 0x99, 0x95, 0x95, 0x99, 0xbf, 0xff, 0xfa, 0xea, 0xa9, 
    0x99, 0xbf, 0xfe, 0xee, 0xaa, 0xee, 0xae, 0x55, 0x55, 0x55, 0x99, 0x55, 0x59, 0x9a, 0xaf, 0xff, 
    0xff, 0xee, 0x9a, 0x9e, 0x99, 0x44, 0x04, 0x4b, 0x94, 0x40, 0x04, 0x44, 0x44, 0x14, 0x44, 0x04, 
    0x00, 0x04, 0xe5, 0x44, 0x44, 0xaa, 0xa5, 0x6e, 0x9e, 0xdf, 0xa9, 0x95, 0x44, 0x44, 0x44, 0x94, 
    0x44, 0x46, 0xa4, 0x44, 0xb4, 0x45, 0x44, 0x44, 0x44, 0x64, 0x45, 0x44, 0x55, 0x55, 0x99, 0xaf, 
    0x99, 0x99, 0x99, 0xaa, 0xd4, 0x9a, 0x9f, 0xc4, 0x44, 0x54, 0x44, 0x45, 0x45, 0x55, 0x55, 0x55, 
    0x55, 0x6f, 0xff, 0xff, 0xfe, 0xad, 0x54, 0x45, 0x84, 0x44, 0x05, 0x55, 0x54, 0x44, 0x04, 0x45, 
    0x44, 0x45, 0x99, 0x59, 0x59, 0xad, 0x55, 0x55, 0x99, 0x55, 0x59, 0x44, 0x54, 0x44, 0xae, 0xaa, 
    0xa9, 0xaa, 0xaa, 0xa5, 0x99, 0x44, 0x59, 0x85, 0x14, 0x01, 0x00, 0x00, 0x15, 0x55, 0x01, 0x11, 
    0x00, 0x01, 0x00, 0x05, 0x15, 0x51, 0x11, 0x00, 0x01, 0x01, 0x01, 0x11, 0x0a, 0x02, 0xe5, 0x10, 
    0x01, 0x12, 0x05, 0x55, 0x10, 0x11, 0x11, 0x15, 0x66, 0x56, 0xb6, 0x55, 0x55, 0x11, 0x11, 0x11, 
    0x51, 0x15, 0x55, 0x15, 0x55, 0x15, 0x15, 0x55, 0x15, 0x15, 0x55, 0x6a, 0x66, 0xba, 0x6b, 0xbf, 
    0xff, 0xfb, 0xab, 0xbf, 0xbf, 0xfb, 0xbe, 0x66, 0x55, 0x55, 0x56, 0x51, 0x69, 0x16, 0x55, 0x56, 
    0x55, 0x62, 0x66, 0x7f, 0xbf, 0xb9, 0xa6, 0x6a, 0x66, 0x6b, 0xba, 0x6a, 0xab, 0xfb, 0x51, 0x15, 
    0x51, 0x56, 0x55, 0x55, 0x56, 0x7f, 0xa6, 0xab, 0xbb, 0xbf, 0x6a, 0x6a, 0x65, 0x00, 0x00, 0x03, 
    0x00, 0x01, 0x00, 0x00, 0x11, 0x11, 0x00, 0x00, 0x00, 0x04, 0x25, 0x10, 0x01, 0xa6, 0x6a, 0xa6, 
    0x6b, 0x7f, 0x66, 0x55, 0x55, 0x11, 0x11, 0x51, 0x11, 0x12, 0xb9, 0x11, 0xb5, 0x11, 0x11, 0x11, 
    0x11, 0x21, 0x11, 0x11, 0x11, 0x15, 0x55, 0x16, 0x65, 0x66, 0xb5, 0x55, 0xb9, 0x5a, 0x6f, 0x41, 
    0x11, 0x10, 0x11, 0x11, 0x11, 0x11, 0x11, 0x11, 0x15, 0x5b, 0xff, 0xff, 0xba, 0x6a, 0x56, 0x51, 
    0xa6, 0x11, 0x11, 0x11, 0x00, 0x01, 0x00, 0x00, 0x11, 0x01, 0x15, 0x55, 0x56, 0x66, 0x6a, 0x55, 
    0x55, 0x55, 0x56, 0x41, 0x00, 0x10, 0x6a, 0xaa, 0x66, 0x6a, 0xa6, 0x65, 0x56, 0x11, 0x16, 0x51, 
    0x55, 0x40, 0x94, 0x44, 0x54, 0x55, 0x54, 0x44, 0x44, 0x55, 0x54, 0x44, 0x55, 0x84, 0x55, 0x44, 
    0x44, 0x44, 0x40, 0x54, 0x4a, 0x4b, 0x94, 0x40, 0x44, 0x55, 0x49, 0x99, 0x40, 0x55, 0x55, 0x59, 
    0x99, 0x9a, 0xf9, 0x95, 0x95, 0x55, 0x55, 0x55, 0x55, 0x55, 0x55, 0x95, 0x95, 0x55, 0x55, 0x59, 
    0x55, 0x95, 0x95, 0x9a, 0xea, 0xfe, 0xff, 0xff, 0xff, 0xff, 0xfe, 0xae, 0xfe, 0xff, 0xf9, 0x99, 
    0x95, 0x99, 0x99, 0x56, 0xff, 0xfe, 0x95, 0x95, 0x99, 0x99, 0xa9, 0xaf, 0xef, 0xfe, 0x69, 0x9a, 
    0xa9, 0x9a, 0xfe, 0xaa, 0xee, 0xee, 0x95, 0x55, 0x99, 0x9a, 0x95, 0x55, 0x9a, 0xae, 0x9a, 0xe9, 
    0xaf, 0xfe, 0xa9, 0xaa, 0xa5, 0x80, 0x40, 0x45, 0x40, 0x44, 0x44, 0x44, 0x40, 0xa4, 0x44, 0x40, 
    0x40, 0x55, 0x55, 0x41, 0x86, 0xa9, 0xa9, 0xe9, 0xae, 0xed, 0xe9, 0x95, 0x55, 0xa4, 0x44, 0x54, 
    0x44, 0x44, 0xbd, 0x44, 0xb9, 0x55, 0x54, 0x54, 0x54, 0x64, 0x55, 0x55, 0x55, 0x55, 0x58, 0x54, 
    0x69, 0xbe, 0xfd, 0x99, 0xb9, 0x59, 0xaf, 0x54, 0x45, 0x44, 0x54, 0x54, 0x55, 0x55, 0x55, 0x95, 
    0x55, 0x5b, 0xff, 0xff, 0xe9, 0x7a, 0x9a, 0x5e, 0x65, 0x40, 0x55, 0x55, 0x44, 0x44, 0x44, 0x54, 
    0x55, 0x40, 0x45, 0x59, 0x95, 0x99, 0xae, 0xd9, 0x55, 0x55, 0x99, 0x94, 0x54, 0x44, 0xaa, 0xaa, 
    0xa6, 0xaa, 0x99, 0xa8, 0x95, 0x94, 0x59, 0x94, 0x52, 0x90, 0x20, 0x10, 0x01, 0x10, 0x00, 0x00, 
    0x10, 0x01, 0x10, 0x41, 0x55, 0x51, 0x11, 0x10, 0x10, 0x11, 0x01, 0x11, 0x01, 0x01, 0x11, 0x00, 
    0x01, 0x14, 0x16, 0x65, 0x41, 0x11, 0x11, 0x55, 0x65, 0x66, 0xf6, 0x55, 0x55, 0x51, 0x51, 0x51, 
    0x51, 0x51, 0x55, 0x55, 0x55, 0x55, 0x55, 0x15, 0x55, 0x55, 0x55, 0x66, 0xab, 0xff, 0xff, 0xff, 
    0xff, 0xff, 0xff, 0xbb, 0xa6, 0xba, 0x55, 0x65, 0x55, 0x55, 0x51, 0x6a, 0xa7, 0xa5, 0x55, 0x65, 
    0x55, 0x65, 0x66, 0x6b, 0xfa, 0xbf, 0x65, 0x66, 0x66, 0x6b, 0xfa, 0xaa, 0xbf, 0xba, 0x51, 0x51, 
    0x55, 0x65, 0x55, 0x55, 0x55, 0x6a, 0x66, 0xba, 0x65, 0x6a, 0x66, 0x66, 0xa5, 0xa0, 0x00, 0x10, 
    0x00, 0x11, 0x00, 0x00, 0x00, 0x10, 0x00, 0x00, 0x00, 0x10, 0x15, 0x11, 0x16, 0xa6, 0x6a, 0xa5, 
    0xba, 0xa6, 0xa5, 0x55, 0x55, 0x61, 0x52, 0x51, 0x11, 0x11, 0x2a, 0x11, 0xb5, 0x11, 0x11, 0x11, 
    0x11, 0x21, 0x11, 0x11, 0x51, 0x51, 0x52, 0x51, 0x25, 0x6a, 0xfa, 0x56, 0xb6, 0x16, 0x7e, 0x11, 
    0x11, 0x10, 0x11, 0x11, 0x11, 0x51, 0x55, 0x65, 0x56, 0x57, 0xff, 0xfe, 0x66, 0x66, 0x66, 0x59, 
    0x11, 0x50, 0x11, 0x11, 0x10, 0x00, 0x11, 0x10, 0x11, 0x10, 0x15, 0x55, 0x6a, 0x65, 0x66, 0x65, 
    0x55, 0x55, 0xa5, 0x51, 0x11, 0x10, 0x16, 0xaa, 0xa6, 0xaa, 0x96, 0x65, 0x61, 0x51, 0x16, 0x61, 
    0x55, 0xa8, 0x44, 0x44, 0x05, 0x44, 0x45, 0x44, 0x44, 0x45, 0x55, 0x55, 0x55, 0x54, 0x45, 0x44, 
    0x04, 0x44, 0x44, 0x45, 0x44, 0x44, 0x44, 0x04, 0x04, 0x48, 0x45, 0x55, 0x44, 0x55, 0x55, 0x59, 
    0x99, 0x9b, 0xe9, 0x59, 0x55, 0x55, 0x55, 0x55, 0x55, 0x55, 0x55, 0x95, 0x55, 0x55, 0x55, 0x55, 
    0x55, 0x59, 0x59, 0x5a, 0xff, 0xff, 0xff, 0xff, 0xff, 0xff, 0xea, 0x9a, 0x9a, 0x9a, 0x99, 0x99, 
    0x55, 0x59, 0x95, 0x45, 0x5e, 0x55, 0x55, 0x5a, 0x95, 0x9a, 0x59, 0x9b, 0xfe, 0xef, 0xda, 0x99, 
    0x9a, 0xfe, 0xae, 0xaa, 0xae, 0xee, 0xe9, 0x55, 0x55, 0x99, 0x59, 0x55, 0x99, 0x99, 0x99, 0x99, 
    0x99, 0x99, 0x5a, 0x9a, 0x95, 0xd4, 0x04, 0x44, 0x44, 0x44, 0x04, 0x04, 0x4a, 0x68, 0x44, 0x00, 
    0x04, 0x44, 0x04, 0x55, 0x4a, 0xa9, 0xaf, 0xe6, 0xeb, 0xab, 0xd9, 0x99, 0x55, 0x55, 0x56, 0xf5, 
    0x44, 0x44, 0x4a, 0x45, 0x64, 0x44, 0x45, 0x55, 0x44, 0x54, 0x44, 0x45, 0x55, 0x55, 0x9a, 0x44, 
    0x59, 0x9a, 0xaa, 0x99, 0xa9, 0x49, 0xbc, 0x44, 0x45, 0x44, 0x45, 0x45, 0x45, 0x45, 0x55, 0x95, 
    0x45, 0x96, 0xff, 0xf9, 0x99, 0x59, 0x99, 0x9a, 0x04, 0x54, 0x45, 0x44, 0x44, 0x44, 0x45, 0x44, 
    0x45, 0x94, 0x46, 0x59, 0x6f, 0x99, 0x99, 0x95, 0x59, 0x5a, 0xee, 0xd4, 0x44, 0x44, 0x55, 0xaa, 
    0xa9, 0xaa, 0x9a, 0xa9, 0x54, 0x54, 0x4a, 0x94, 0x11, 0x1a, 0x00, 0x00, 0x00, 0x10, 0x11, 0x11, 
    0x11, 0x55, 0x55, 0x19, 0x55, 0x51, 0x11, 0x00, 0x01, 0x01, 0x00, 0x11, 0x10, 0x00, 0x00, 0x00, 
    0x00, 0x01, 0x01, 0x51, 0x01, 0x11, 0x11, 0x15, 0x55, 0x6b, 0xa5, 0x55, 0x55, 0x11, 0x15, 0x11, 
    0x11, 0x15, 0x15, 0x55, 0x15, 0x15, 0x15, 0x15, 0x55, 0x55, 0x55, 0x56, 0x6b, 0xaa, 0x6b, 0xbf, 
    0xbf, 0xff, 0xaa, 0x6a, 0x55, 0x6a, 0x55, 0x55, 0x55, 0x15, 0x55, 0x11, 0x15, 0x55, 0x15, 0x16, 
    0x56, 0x56, 0x56, 0x66, 0xbe, 0xab, 0xa1, 0x56, 0xab, 0xba, 0x6a, 0x66, 0xaa, 0x66, 0xa5, 0x55, 
    0x55, 0x15, 0x55, 0x56, 0x66, 0xa5, 0x66, 0x65, 0x55, 0x56, 0x55, 0x6a, 0x90, 0x50, 0x00, 0x10, 
    0x00, 0x01, 0x00, 0x00, 0x05, 0x11, 0x00, 0x00, 0x01, 0x00, 0x01, 0x11, 0x15, 0x55, 0x56, 0x5a, 
    0xaa, 0xab, 0xa5, 0x55, 0x55, 0x55, 0x12, 0xa5, 0x11, 0x11, 0x02, 0x51, 0x21, 0x11, 0x11, 0x11, 
    0x11, 0x51, 0x11, 0x11, 0x15, 0x15, 0x25, 0x11, 0x11, 0x16, 0x66, 0x76, 0x55, 0x16, 0x75, 0x11, 
    0x11, 0x01, 0x01, 0x11, 0x11, 0x11, 0x15, 0x55, 0x15, 0x55, 0xbf, 0xa5, 0x56, 0x55, 0x55, 0x55, 
    0x00, 0x11, 0x01, 0x11, 0x01, 0x01, 0x00, 0x01, 0x01, 0x25, 0x11, 0x01, 0x55, 0x56, 0x6a, 0x55, 
    0x55, 0x56, 0xab, 0xa0, 0x01, 0x01, 0x15, 0x6a, 0x65, 0x6a, 0x66, 0x66, 0x15, 0x15, 0x02, 0x65, 
    0x55, 0x56, 0x94, 0x40, 0x44, 0x44, 0x54, 0x54, 0x55, 0x95, 0x95, 0x99, 0x5a, 0x94, 0x55, 0x44, 
    0x44, 0x44, 0x40, 0x45, 0x54, 0x44, 0x40, 0x40, 0x44, 0x44, 0x45, 0x94, 0x45, 0x55, 0x55, 0x55, 
    0x55, 0xaf, 0xe9, 0x95, 0x55, 0x55, 0x55, 0x55, 0x55, 0x55, 0x55, 0x95, 0x55, 0x55, 0x55, 0x55, 
    0x55, 0x95, 0x99, 0x9a, 0xfe, 0xa9, 0xaa, 0xaf, 0xff, 0xfe, 0xfe, 0xe9, 0x99, 0xa9, 0x99, 0xa9, 
    0x99, 0x9a, 0xa9, 0x54, 0x55, 0x55, 0x99, 0x55, 0x99, 0xa9, 0x99, 0x99, 0xff, 0xee, 0xf9, 0x95, 
    0xaf, 0xea, 0xa9, 0xaa, 0xaa, 0xa5, 0xa5, 0x99, 0x95, 0x55, 0x69, 0x99, 0xa9, 0x99, 0xa9, 0xa9, 
    0x99, 0x99, 0x99, 0x99, 0x98, 0x44, 0x41, 0x54, 0x44, 0x40, 0x44, 0x44, 0x44, 0x54, 0x44, 0x40, 
    0x44, 0x40, 0x44, 0x55, 0xa9, 0x99, 0x95, 0x5a, 0xbe, 0xee, 0xa9, 0x95, 0x55, 0x55, 0x5f, 0xe5, 
    0x55, 0x5a, 0xe5, 0x54, 0x64, 0x44, 0x54, 0x54, 0x54, 0x84, 0x54, 0x55, 0x55, 0x95, 0xa4, 0x54, 
    0x54, 0x54, 0x5a, 0xaa, 0xa4, 0x56, 0xa4, 0x54, 0x54, 0x44, 0x44, 0x54, 0x54, 0x54, 0x55, 0x99, 
    0x95, 0x55, 0xff, 0xd9, 0xa9, 0x99, 0x99, 0x94, 0x98, 0x44, 0x44, 0x44, 0x44, 0x44, 0x44, 0x44, 
    0x44, 0x55, 0x94, 0x44, 0x99, 0x99, 0x9a, 0x99, 0x99, 0x9a, 0x9a, 0xe4, 0x44, 0x44, 0x59, 0x5a, 
    0xa9, 0xaa, 0xa5, 0x9a, 0x58, 0x45, 0x45, 0xa9, 0x51, 0x52, 0x60, 0x00, 0x10, 0x10, 0x11, 0x11, 
    0x11, 0x55, 0x55, 0x55, 0x16, 0xa0, 0x11, 0x00, 0x00, 0x11, 0x10, 0x11, 0x11, 0x11, 0x00, 0x00, 
    0x10, 0x10, 0x25, 0x54, 0x11, 0x51, 0x51, 0x51, 0x55, 0x6b, 0xa5, 0x55, 0x51, 0x51, 0x51, 0x51, 
    0x51, 0x55, 0x65, 0x55, 0x55, 0x55, 0x55, 0x55, 0x55, 0x55, 0x56, 0x7a, 0x66, 0xa6, 0x6a, 0xbb, 
    0xff, 0xbb, 0xfa, 0x65, 0x55, 0x65, 0x66, 0xa5, 0x12, 0xbb, 0xa5, 0x11, 0x51, 0x11, 0x5a, 0x55, 
    0x66, 0x66, 0x66, 0x56, 0x7f, 0xab, 0xbd, 0x55, 0x66, 0x66, 0x61, 0x62, 0xaa, 0xa6, 0x65, 0x59, 
    0x51, 0x55, 0x15, 0x66, 0x65, 0x66, 0x66, 0x66, 0x65, 0x65, 0x65, 0x66, 0x59, 0x10, 0x01, 0x60, 
    0x00, 0x10, 0x10, 0x01, 0x01, 0x11, 0x00, 0x00, 0x00, 0x00, 0x11, 0x11, 0xa5, 0x55, 0x55, 0x55, 
    0xb7, 0x6a, 0x66, 0xb5, 0x55, 0x51, 0x1b, 0x51, 0x55, 0x56, 0xfb, 0x51, 0x21, 0x11, 0x11, 0x51, 
    0x11, 0x51, 0x11, 0x11, 0x55, 0x55, 0x61, 0x11, 0x55, 0x51, 0x11, 0x56, 0xa1, 0x16, 0x91, 0x11, 
    0x51, 0x11, 0x11, 0x11, 0x11, 0x11, 0x11, 0x15, 0x55, 0x11, 0x7a, 0xa5, 0x65, 0x55, 0x55, 0x65, 
    0x56, 0x51, 0x10, 0x10, 0x01, 0x10, 0x00, 0x00, 0x11, 0x11, 0x51, 0x01, 0x25, 0x55, 0x55, 0x55, 
    0x55, 0x56, 0x66, 0xa0, 0x11, 0x11, 0x05, 0x52, 0xa9, 0x66, 0xa2, 0xa6, 0x55, 0x11, 0x51, 0x66, 
    0x55, 0x55, 0x95, 0x44, 0x04, 0x04, 0x04, 0x45, 0x55, 0x59, 0x55, 0x54, 0x45, 0x55, 0x44, 0x44, 
    0x04, 0x44, 0x44, 0x04, 0x44, 0x44, 0x04, 0x00, 0x44, 0x44, 0x49, 0x04, 0x15, 0x55, 0x55, 0x55, 
    0x55, 0xaf, 0xd9, 0x55, 0x55, 0x55, 0x55, 0x55, 0x55, 0x55, 0xa5, 0x55, 0x55, 0x54, 0x55, 0x55, 
    0x55, 0x55, 0xaf, 0xe9, 0x9a, 0xaa, 0xae, 0xef, 0xea, 0xfe, 0x9a, 0xae, 0x99, 0x99, 0x99, 0x99, 
    0x84, 0x55, 0x58, 0x55, 0x45, 0x55, 0x95, 0x55, 0x99, 0x59, 0x99, 0x99, 0xaf, 0xee, 0xff, 0x55, 
    0x55, 0x99, 0x95, 0xaa, 0xae, 0xe5, 0x95, 0x55, 0x55, 0x55, 0x45, 0x9a, 0x59, 0x99, 0x9a, 0x99, 
    0x99, 0x69, 0x95, 0x59, 0x5e, 0x44, 0x04, 0x94, 0x04, 0x44, 0x44, 0x04, 0x04, 0x54, 0x44, 0x04, 
    0x04, 0x04, 0x15, 0x44, 0xa9, 0x5a, 0x55, 0x96, 0xde, 0x99, 0x95, 0x55, 0x59, 0x95, 0x55, 0x55, 
    0x59, 0x5f, 0xef, 0x95, 0x65, 0x45, 0x44, 0x44, 0x45, 0x84, 0x45, 0x55, 0x55, 0x55, 0x55, 0x46, 
    0x45, 0x95, 0x55, 0x55, 0xc5, 0x4e, 0x84, 0x45, 0x54, 0x44, 0x44, 0x45, 0x44, 0x45, 0x54, 0x55, 
    0x55, 0x55, 0x6a, 0xa9, 0x99, 0x95, 0x59, 0xaa, 0x95, 0x84, 0x44, 0x44, 0x44, 0x44, 0x44, 0x44, 
    0x04, 0x44, 0x44, 0x45, 0x99, 0xaa, 0x95, 0x55, 0x55, 0x99, 0xae, 0x94, 0x44, 0x44, 0x49, 0x45, 
    0xaa, 0x6a, 0xa5, 0xaa, 0x89, 0x44, 0x44, 0x99, 0x11, 0x15, 0x01, 0x11, 0x10, 0x00, 0x01, 0x11, 
    0x15, 0x55, 0x15, 0x51, 0x01, 0x11, 0x00, 0x01, 0x01, 0x11, 0x01, 0x00, 0x00, 0x00, 0x00, 0x00, 
    0x01, 0x01, 0x11, 0x00, 0x01, 0x11, 0x15, 0x15, 0x15, 0x7f, 0x95, 0x55, 0x51, 0x11, 0x11, 0x11, 
    0x15, 0x16, 0xb5, 0x15, 0x15, 0x15, 0x55, 0x55, 0x55, 0x6b, 0xaa, 0x55, 0x56, 0xab, 0xaa, 0xba, 
    0x6b, 0xa6, 0x66, 0xbf, 0xa5, 0x55, 0x56, 0x66, 0x6a, 0x51, 0x11, 0x11, 0x11, 0x12, 0xaa, 0x55, 
    0x55, 0x56, 0x65, 0x56, 0x6b, 0xfa, 0xbf, 0x55, 0x11, 0x11, 0x55, 0x6a, 0xab, 0xa9, 0x16, 0x55, 
    0x15, 0x55, 0x51, 0x55, 0x07, 0x6a, 0x66, 0x66, 0x55, 0x56, 0x51, 0x15, 0x56, 0x40, 0x00, 0x14, 
    0x01, 0x01, 0x00, 0x00, 0x11, 0x10, 0x00, 0x00, 0x00, 0x11, 0x11, 0x11, 0x15, 0x56, 0x55, 0x57, 
    0xaa, 0x66, 0x55, 0x15, 0x56, 0x15, 0x11, 0x11, 0x15, 0x5a, 0x6f, 0x55, 0x66, 0x55, 0x11, 0x11, 
    0x11, 0x11, 0x11, 0x11, 0x15, 0x51, 0x51, 0x15, 0x01, 0x11, 0x11, 0x12, 0x55, 0x2a, 0x01, 0x11, 
    0x10, 0x10, 0x11, 0x11, 0x11, 0x11, 0x11, 0x55, 0x11, 0x11, 0x16, 0xa5, 0x56, 0x51, 0x15, 0x55, 
    0x65, 0x40, 0x00, 0x00, 0x01, 0x00, 0x00, 0x00, 0x01, 0x01, 0x01, 0x00, 0x51, 0x56, 0x51, 0x55, 
    0x55, 0x55, 0xbb, 0x51, 0x11, 0x01, 0x02, 0x11, 0x1a, 0x16, 0x66, 0x66, 0x52, 0x01, 0x11, 0x56, 
    0x55, 0x55, 0x44, 0x55, 0x44, 0x55, 0x44, 0x55, 0x55, 0x95, 0x55, 0x94, 0x40, 0x54, 0x44, 0x44, 
    0x44, 0x44, 0x44, 0x44, 0x40, 0x44, 0x44, 0x44, 0x44, 0x44, 0x44, 0x40, 0x95, 0x55, 0x55, 0x55, 
    0x55, 0xbf, 0xd5, 0x95, 0x55, 0x55, 0x55, 0x55, 0x55, 0x5f, 0xe5, 0x55, 0x55, 0x55, 0x95, 0x95, 
    0x99, 0xa9, 0x95, 0x99, 0x9a, 0xea, 0xaa, 0xe9, 0x99, 0x99, 0xbf, 0xff, 0xd5, 0x99, 0x55, 0xaf, 
    0xf9, 0xe9, 0x44, 0x54, 0x55, 0x5a, 0x9f, 0xd5, 0x55, 0x9a, 0xa9, 0xa9, 0xab, 0xfe, 0xff, 0xd5, 
    0x55, 0x54, 0x54, 0x99, 0xae, 0xee, 0x96, 0x59, 0x59, 0x95, 0x95, 0x45, 0x44, 0x9a, 0xaa, 0x99, 
    0x9a, 0x95, 0x95, 0x55, 0x95, 0x55, 0x44, 0x48, 0x44, 0x44, 0x44, 0x44, 0x44, 0x44, 0x44, 0x44, 
    0x45, 0x54, 0x44, 0x55, 0x59, 0x99, 0x99, 0x9e, 0xba, 0xa9, 0x95, 0x55, 0x55, 0x55, 0x54, 0x55, 
    0x55, 0x59, 0x5d, 0x55, 0xaf, 0x9e, 0xe5, 0x44, 0x45, 0x55, 0x54, 0x55, 0x55, 0x55, 0x64, 0x59, 
    0x45, 0x54, 0x55, 0x56, 0x55, 0x7e, 0x44, 0x44, 0x44, 0x44, 0x54, 0x55, 0x54, 0x55, 0x94, 0x54, 
    0x45, 0x44, 0x55, 0x56, 0x9a, 0x55, 0x55, 0x59, 0x99, 0x84, 0x54, 0x44, 0x44, 0x44, 0x40, 0x44, 
    0x44, 0x44, 0x44, 0x54, 0x55, 0x95, 0x55, 0x59, 0x55, 0x99, 0x99, 0x94, 0x54, 0x44, 0x45, 0x95, 
    0x56, 0x9a, 0x96, 0xa9, 0x96, 0x44, 0x54, 0x69, 0x51, 0x51, 0x10, 0x11, 0x11, 0x10, 0x01, 0x11, 
    0x55, 0x55, 0x55, 0x50, 0x00, 0x11, 0x50, 0x11, 0x10, 0x10, 0x00, 0x00, 0x00, 0x00, 0x00, 0x10, 
    0x00, 0x11, 0x01, 0x01, 0x11, 0x11, 0x11, 0x55, 0x56, 0xbb, 0x95, 0x55, 0x51, 0x51, 0x51, 0x51, 
    0x55, 0x6f, 0xe5, 0x55, 0x55, 0x55, 0x55, 0x55, 0x6a, 0x65, 0x55, 0x66, 0x66, 0xa6, 0x7a, 0x66, 
    0x65, 0x66, 0x7b, 0xbb, 0x91, 0x55, 0x66, 0xba, 0x61, 0xa6, 0x51, 0x11, 0x11, 0x55, 0x5b, 0x95, 
    0x55, 0x56, 0x6a, 0x66, 0x6a, 0xfa, 0xbb, 0xf1, 0x51, 0x51, 0x51, 0x11, 0x56, 0xaa, 0x55, 0x55, 
    0x65, 0x55, 0x55, 0x51, 0x55, 0x6a, 0x66, 0x66, 0xa6, 0x66, 0x55, 0x15, 0x11, 0x11, 0x51, 0x00, 
    0x00, 0x00, 0x00, 0x10, 0x10, 0x10, 0x00, 0x01, 0x11, 0x10, 0x91, 0x11, 0x65, 0x55, 0x65, 0x79, 
    0xaa, 0x65, 0x55, 0x51, 0x55, 0x11, 0x11, 0x51, 0x11, 0x51, 0x55, 0x55, 0x7b, 0x66, 0xb5, 0x55, 
    0x12, 0x11, 0x11, 0x11, 0x55, 0x51, 0x61, 0x25, 0x11, 0x11, 0x11, 0x59, 0x11, 0xb9, 0x11, 0x11, 
    0x01, 0x11, 0x11, 0x11, 0x11, 0x11, 0x51, 0x51, 0x11, 0x11, 0x11, 0x55, 0x55, 0x55, 0x55, 0x51, 
    0x66, 0x54, 0x10, 0x00, 0x00, 0x00, 0x10, 0x00, 0x00, 0x10, 0x11, 0x10, 0x01, 0x55, 0x51, 0x55, 
    0x55, 0x55, 0x56, 0x51, 0x51, 0x11, 0x12, 0x51, 0x51, 0x66, 0x92, 0xa6, 0x61, 0x50, 0x11, 0x25, 
    0x55, 0x54, 0x54, 0x55, 0x45, 0x44, 0x05, 0x45, 0x55, 0x59, 0x59, 0x54, 0x44, 0x04, 0x44, 0x44, 
    0x44, 0x44, 0x04, 0x04, 0x04, 0x04, 0x04, 0x45, 0x44, 0x44, 0x45, 0x44, 0x55, 0x55, 0x55, 0x55, 
    0x5a, 0xee, 0x99, 0x55, 0x55, 0x55, 0x55, 0x55, 0x55, 0x6f, 0xd5, 0x55, 0x55, 0x55, 0x55, 0x99, 
    0xaa, 0xaf, 0xee, 0xa9, 0x99, 0xaa, 0xea, 0x99, 0x99, 0x99, 0xaf, 0xff, 0xaf, 0xd9, 0xae, 0xaa, 
    0x95, 0xa9, 0x54, 0x55, 0x45, 0x5e, 0x95, 0x95, 0x55, 0x59, 0x5a, 0xd9, 0x9a, 0xff, 0xae, 0xf9, 
    0x55, 0x46, 0xd5, 0x45, 0x55, 0x59, 0x55, 0x59, 0xbe, 0xea, 0x55, 0x59, 0x59, 0x9a, 0x99, 0xe9, 
    0x9f, 0x99, 0x99, 0x59, 0x54, 0x45, 0x55, 0x95, 0x44, 0x04, 0x00, 0x04, 0x04, 0x44, 0x04, 0x45, 
    0x55, 0x45, 0x45, 0x46, 0xa9, 0x99, 0x59, 0xba, 0xee, 0x99, 0x55, 0x55, 0x55, 0x45, 0x54, 0x55, 
    0x55, 0x55, 0x55, 0x55, 0xae, 0x99, 0x99, 0x59, 0x95, 0x55, 0x55, 0x55, 0x55, 0x54, 0x65, 0x64, 
    0x45, 0x45, 0x55, 0xd8, 0x55, 0xf8, 0x44, 0x44, 0x44, 0x44, 0x44, 0x45, 0x45, 0x49, 0x55, 0x59, 
    0x44, 0x44, 0x45, 0x59, 0x59, 0x55, 0x55, 0x55, 0x5a, 0x95, 0x44, 0x44, 0x04, 0x44, 0x44, 0x04, 
    0x04, 0x04, 0x44, 0x44, 0x45, 0x69, 0x55, 0x59, 0x55, 0x5a, 0x9a, 0x9a, 0x84, 0x44, 0x45, 0x95, 
    0x55, 0x5a, 0x96, 0xaa, 0xa5, 0x84, 0x45, 0x59, 0x55, 0x11, 0x11, 0x11, 0x01, 0x11, 0x01, 0x11, 
    0x15, 0x55, 0x55, 0x51, 0x10, 0x11, 0x00, 0x01, 0x00, 0x00, 0x00, 0x00, 0x00, 0x00, 0x00, 0x16, 
    0x52, 0x55, 0x56, 0x01, 0x11, 0x11, 0x11, 0x56, 0x56, 0xba, 0x55, 0x55, 0x51, 0x11, 0x1a, 0x11, 
    0x15, 0x7f, 0x55, 0x15, 0x15, 0x55, 0x16, 0x6b, 0xba, 0xab, 0xba, 0x6b, 0xbb, 0xbb, 0xba, 0x55, 
    0x55, 0x55, 0x5b, 0xfb, 0xba, 0x56, 0x7a, 0x66, 0x52, 0x65, 0x51, 0x11, 0x11, 0x2f, 0xba, 0x11, 
    0x15, 0x55, 0x56, 0x56, 0x66, 0x7f, 0xaa, 0xbd, 0x15, 0x11, 0x55, 0x11, 0x11, 0x11, 0x11, 0x16, 
    0xbf, 0xba, 0x51, 0x15, 0x15, 0x56, 0xbb, 0xa6, 0x66, 0x51, 0x55, 0x56, 0x55, 0x11, 0x15, 0x15, 
    0x55, 0x51, 0x00, 0x00, 0x00, 0x00, 0x01, 0x51, 0x11, 0x11, 0x01, 0x1a, 0x66, 0xa5, 0x56, 0xa7, 
    0x6b, 0x66, 0x55, 0x15, 0x01, 0x01, 0x11, 0x51, 0x11, 0x11, 0x11, 0x11, 0x66, 0x6b, 0x95, 0x56, 
    0x65, 0x66, 0x51, 0x11, 0x15, 0x01, 0x25, 0x51, 0x11, 0x11, 0x11, 0x61, 0x13, 0xb1, 0x11, 0x01, 
    0x01, 0x01, 0x11, 0x11, 0x11, 0x16, 0x51, 0x15, 0x11, 0x01, 0x11, 0x15, 0x55, 0x51, 0x55, 0x55, 
    0x56, 0x55, 0x14, 0x00, 0x01, 0x11, 0x01, 0x00, 0x00, 0x00, 0x01, 0x11, 0x01, 0x6a, 0xa5, 0x55, 
    0x15, 0x56, 0x96, 0x6a, 0x81, 0x01, 0x01, 0x95, 0x11, 0x11, 0x56, 0x66, 0x65, 0x50, 0x01, 0x06, 
    0xa9, 0x55, 0x54, 0x54, 0x44, 0x55, 0x54, 0x55, 0x59, 0x95, 0x95, 0x95, 0x44, 0x59, 0x44, 0x44, 
    0x40, 0x44, 0x44, 0x40, 0x40, 0x40, 0x44, 0x59, 0xa9, 0x54, 0x99, 0x45, 0x55, 0x55, 0x55, 0x9a, 
    0x9b, 0xee, 0x95, 0x95, 0x55, 0x55, 0x55, 0x55, 0x55, 0xff, 0x95, 0x55, 0x55, 0x95, 0x9a, 0xaa, 
    0xea, 0xee, 0xfe, 0x9f, 0xff, 0xff, 0xef, 0xe9, 0x99, 0x95, 0xaf, 0xfe, 0x99, 0x95, 0x59, 0x59, 
    0x95, 0x95, 0x54, 0x54, 0x55, 0x7f, 0xfe, 0x55, 0x55, 0x99, 0x99, 0x95, 0xaa, 0xaf, 0xea, 0xff, 
    0x59, 0x55, 0x55, 0x55, 0x54, 0x55, 0x55, 0x5a, 0xed, 0x99, 0x95, 0x59, 0x95, 0x99, 0xae, 0xe9, 
    0x99, 0x95, 0xa9, 0x99, 0x99, 0x55, 0x45, 0x55, 0x95, 0x99, 0x99, 0x55, 0x40, 0x40, 0x69, 0x55, 
    0x55, 0x54, 0x44, 0x69, 0x9a, 0xe5, 0x9b, 0xda, 0xe9, 0x99, 0x95, 0x55, 0x44, 0x44, 0x55, 0x95, 
    0x54, 0x55, 0x55, 0x95, 0x69, 0x9a, 0xd5, 0x9a, 0x99, 0x9a, 0x99, 0x94, 0x58, 0x94, 0x69, 0x85, 
    0x55, 0x55, 0x99, 0xa4, 0x5b, 0xd4, 0x54, 0x44, 0x44, 0x44, 0x44, 0x54, 0x54, 0x55, 0x55, 0x55, 
    0x54, 0x45, 0x55, 0x55, 0x95, 0x95, 0x99, 0xaa, 0x99, 0x99, 0x54, 0x44, 0x54, 0x44, 0x44, 0x44, 
    0x44, 0x40, 0x44, 0x54, 0x44, 0x9e, 0xe9, 0x95, 0x55, 0x55, 0x94, 0x5a, 0xd4, 0x44, 0x44, 0xaa, 
    0x95, 0x55, 0x96, 0xaa, 0xa8, 0x94, 0x44, 0x49, 0x6a, 0x51, 0x11, 0x11, 0x10, 0x11, 0x51, 0x11, 
    0x55, 0x55, 0x55, 0x51, 0x11, 0x11, 0x51, 0x10, 0x00, 0x00, 0x00, 0x00, 0x00, 0x00, 0x11, 0x66, 
    0x66, 0x65, 0x51, 0x11, 0x11, 0x11, 0x12, 0x55, 0x5b, 0xba, 0x55, 0x55, 0x51, 0x51, 0x55, 0x51, 
    0x51, 0xaa, 0x55, 0x55, 0x55, 0x55, 0x55, 0x55, 0x67, 0xb9, 0x65, 0x6b, 0xbf, 0xbf, 0xf6, 0x6a, 
    0x56, 0x56, 0xbb, 0xb9, 0x55, 0x55, 0x51, 0x11, 0x51, 0x61, 0x11, 0x11, 0x11, 0x7f, 0xfa, 0x11, 
    0x11, 0x55, 0x65, 0x11, 0x66, 0xab, 0xfa, 0xab, 0x9a, 0x51, 0x11, 0x11, 0x11, 0x51, 0x11, 0x7b, 
    0xa1, 0x61, 0x55, 0x55, 0x11, 0x66, 0x79, 0xa6, 0x66, 0x55, 0x51, 0x65, 0x56, 0x51, 0x11, 0x55, 
    0x55, 0x55, 0x55, 0x55, 0x51, 0x01, 0x51, 0x11, 0x11, 0x10, 0x01, 0x36, 0x56, 0x56, 0x6b, 0x6a, 
    0xba, 0x65, 0x51, 0x15, 0x11, 0x11, 0x56, 0x91, 0x11, 0x11, 0x51, 0x55, 0x65, 0x55, 0x55, 0x66, 
    0x55, 0xb6, 0x65, 0x65, 0x51, 0x51, 0x26, 0x11, 0x11, 0x61, 0x11, 0x91, 0x1b, 0x91, 0x10, 0x10, 
    0x10, 0x11, 0x11, 0x11, 0x11, 0x11, 0x15, 0x55, 0x11, 0x11, 0x11, 0x11, 0x15, 0x55, 0x65, 0x66, 
    0xaa, 0xa6, 0x50, 0x11, 0x00, 0x01, 0x11, 0x10, 0x10, 0x00, 0x10, 0x11, 0x10, 0x16, 0xba, 0x55, 
    0x66, 0x51, 0x51, 0x15, 0x51, 0x11, 0x10, 0x66, 0xa5, 0x11, 0x56, 0x66, 0x65, 0x60, 0x00, 0x15, 
    0xaa, 0xa9, 0x45, 0x55, 0x44, 0x05, 0x55, 0x45, 0x59, 0x59, 0x55, 0x55, 0x55, 0x55, 0x59, 0x04, 
    0x44, 0x04, 0x04, 0x04, 0x00, 0x04, 0x59, 0x99, 0x85, 0x99, 0x99, 0x55, 0x45, 0x55, 0x59, 0x55, 
    0x5e, 0xea, 0x99, 0x55, 0x55, 0x55, 0x59, 0x55, 0x56, 0x99, 0x55, 0x55, 0x55, 0x55, 0x5a, 0xd5, 
    0x5b, 0xee, 0x55, 0x5b, 0xff, 0xff, 0xff, 0xe9, 0x95, 0x5b, 0xfe, 0xf9, 0x59, 0x5a, 0xe9, 0x45, 
    0x59, 0x55, 0x44, 0x44, 0x55, 0x99, 0x85, 0x45, 0x55, 0x59, 0x99, 0x59, 0x9a, 0xab, 0xfe, 0xaf, 
    0xda, 0x55, 0x45, 0x45, 0x45, 0x55, 0x45, 0xd9, 0x95, 0x45, 0x59, 0x55, 0x55, 0x5a, 0xfe, 0xd9, 
    0x9a, 0x55, 0x85, 0x55, 0x59, 0x45, 0x45, 0x55, 0x55, 0x55, 0x55, 0x59, 0x94, 0x54, 0x45, 0x45, 
    0x44, 0x44, 0x44, 0xa9, 0x99, 0x5a, 0xae, 0x6a, 0xa9, 0xa9, 0x95, 0x55, 0xa5, 0x45, 0x55, 0x95, 
    0x44, 0x45, 0x55, 0x55, 0x59, 0x59, 0x55, 0x59, 0x95, 0xa9, 0x99, 0x59, 0x99, 0x44, 0x59, 0x45, 
    0x45, 0x95, 0x46, 0x85, 0x5f, 0x45, 0x44, 0x44, 0x44, 0x44, 0x44, 0x44, 0x45, 0x44, 0x45, 0x54, 
    0x44, 0x45, 0x45, 0x45, 0x45, 0x59, 0x59, 0xaa, 0xae, 0xee, 0xe9, 0x44, 0x44, 0x04, 0x44, 0x44, 
    0x44, 0x44, 0x44, 0x45, 0x44, 0x56, 0xa9, 0x99, 0x9a, 0xaa, 0x44, 0x59, 0x94, 0x44, 0x44, 0x6a, 
    0xa9, 0x55, 0x95, 0xaa, 0xa9, 0x54, 0x44, 0x46, 0x1a, 0x56, 0x55, 0x11, 0x50, 0x05, 0x15, 0x51, 
    0x55, 0x55, 0x55, 0x11, 0x15, 0x15, 0x11, 0x00, 0x10, 0x00, 0x00, 0x00, 0x00, 0x01, 0x16, 0x66, 
    0x01, 0x66, 0x65, 0x11, 0x11, 0x11, 0x15, 0x11, 0x1b, 0xaa, 0x55, 0x55, 0x11, 0x11, 0x15, 0x15, 
    0x15, 0x15, 0x55, 0x15, 0x55, 0x55, 0x55, 0x55, 0x1b, 0xaa, 0x55, 0x2f, 0xbf, 0xff, 0xba, 0x1b, 
    0xb9, 0x11, 0x56, 0xb5, 0x55, 0x56, 0xa5, 0x52, 0x56, 0xa9, 0x11, 0x11, 0x11, 0x11, 0x25, 0x01, 
    0x15, 0x55, 0x55, 0x55, 0x66, 0x6a, 0xbe, 0xaa, 0xb6, 0x11, 0x11, 0x11, 0x11, 0x11, 0x01, 0x11, 
    0x11, 0x11, 0x11, 0x15, 0x15, 0x56, 0xbb, 0xa5, 0x55, 0x56, 0x55, 0x55, 0x56, 0x52, 0x11, 0x15, 
    0x55, 0x55, 0x55, 0x55, 0x00, 0x11, 0x11, 0x11, 0x11, 0x00, 0x11, 0xa6, 0x65, 0x66, 0xb9, 0xaa, 
    0x66, 0x56, 0x6a, 0x55, 0x11, 0x11, 0x11, 0x95, 0x11, 0x11, 0x65, 0x55, 0x69, 0x55, 0x15, 0x55, 
    0x56, 0x66, 0x55, 0x56, 0x55, 0x41, 0x25, 0x05, 0x11, 0x11, 0x17, 0x15, 0x2a, 0x11, 0x01, 0x11, 
    0x11, 0x11, 0x11, 0x01, 0x11, 0x11, 0x11, 0x11, 0x11, 0x11, 0x11, 0x11, 0x11, 0x65, 0x16, 0x66, 
    0x6a, 0xbb, 0xba, 0x90, 0x01, 0x00, 0x00, 0x01, 0x10, 0x10, 0x00, 0x06, 0x10, 0x16, 0xa6, 0x55, 
    0x6b, 0xa9, 0x01, 0x15, 0x51, 0x11, 0x11, 0x26, 0xaa, 0x51, 0x51, 0x6a, 0x66, 0x14, 0x00, 0x02, 
    0x56, 0xa9, 0xa9, 0x55, 0x94, 0x45, 0x55, 0x95, 0x95, 0x95, 0x59, 0x55, 0x55, 0x55, 0x55, 0x94, 
    0x44, 0x44, 0x44, 0x44, 0x44, 0x41, 0x99, 0x99, 0x59, 0xa9, 0x95, 0x55, 0x55, 0x55, 0xa5, 0x55, 
    0x6e, 0xea, 0x95, 0x95, 0x55, 0x55, 0x55, 0x55, 0x55, 0x55, 0x95, 0x55, 0x59, 0x95, 0x55, 0x95, 
    0x59, 0x9a, 0xea, 0xff, 0xff, 0xff, 0xd5, 0x55, 0xa9, 0x54, 0x59, 0x59, 0x99, 0x9a, 0xe4, 0x45, 
    0xee, 0xac, 0x55, 0x55, 0x54, 0x44, 0xa9, 0x54, 0x55, 0x59, 0x99, 0x55, 0xaa, 0xaa, 0xff, 0xaa, 
    0xfd, 0x55, 0x55, 0x55, 0x95, 0x54, 0x44, 0x44, 0x54, 0x44, 0x55, 0x55, 0x55, 0x9b, 0xfe, 0xa9, 
    0x95, 0x56, 0x55, 0x99, 0xa9, 0x95, 0x95, 0x45, 0x55, 0x95, 0x95, 0x99, 0x44, 0x59, 0x55, 0x45, 
    0x54, 0x45, 0x56, 0xee, 0xa5, 0xa9, 0xf9, 0xee, 0x99, 0x99, 0x95, 0xbe, 0x44, 0x55, 0x55, 0x95, 
    0x55, 0x55, 0x55, 0x55, 0xae, 0xbd, 0x55, 0x55, 0x55, 0xaa, 0x99, 0x99, 0x99, 0x84, 0x54, 0x48, 
    0x55, 0x55, 0x59, 0x55, 0xa9, 0x44, 0x44, 0x44, 0x44, 0x54, 0x44, 0x44, 0x44, 0x54, 0x54, 0x44, 
    0x54, 0x55, 0x54, 0x54, 0x55, 0xa9, 0x59, 0xaa, 0xea, 0xea, 0xe9, 0xa8, 0x45, 0x40, 0x44, 0x45, 
    0x54, 0x54, 0x44, 0x49, 0x54, 0x45, 0xa9, 0x99, 0xaf, 0xe9, 0x45, 0x95, 0x94, 0x44, 0x44, 0x59, 
    0xaa, 0xe9, 0x55, 0x5a, 0xaa, 0x58, 0x44, 0x45, 0x11, 0x56, 0x6b, 0x91, 0x55, 0x01, 0x55, 0x55, 
    0x55, 0x55, 0x65, 0x11, 0x51, 0x55, 0x51, 0x51, 0x15, 0x50, 0x00, 0x11, 0x11, 0x00, 0x51, 0x65, 
    0x16, 0x66, 0x65, 0x51, 0x11, 0x11, 0x51, 0x51, 0x7b, 0xa6, 0x55, 0x55, 0x55, 0x51, 0x55, 0x51, 
    0x55, 0x56, 0x55, 0x55, 0x66, 0x55, 0x55, 0xba, 0x6a, 0xab, 0xab, 0xff, 0xfa, 0xba, 0x51, 0x51, 
    0x55, 0x51, 0x25, 0x51, 0x56, 0x6b, 0x91, 0x11, 0x16, 0x75, 0x11, 0x51, 0x11, 0x11, 0x61, 0x11, 
    0x12, 0x15, 0x65, 0x55, 0x6a, 0xa6, 0xbf, 0xa6, 0xbe, 0x55, 0x51, 0x55, 0xa5, 0x51, 0x16, 0x55, 
    0x11, 0x11, 0x11, 0x65, 0x51, 0x6b, 0xbb, 0x66, 0x65, 0x66, 0x51, 0x55, 0x66, 0x69, 0x51, 0x50, 
    0x55, 0x55, 0x55, 0x55, 0x00, 0x11, 0x11, 0x11, 0x10, 0x11, 0x5b, 0xa6, 0x56, 0x67, 0xe2, 0xba, 
    0x65, 0x55, 0x56, 0xbb, 0x11, 0x11, 0x51, 0x11, 0x11, 0x55, 0x91, 0x51, 0x55, 0x65, 0x55, 0x55, 
    0x55, 0x56, 0x55, 0x66, 0x66, 0x55, 0x91, 0x11, 0x12, 0x51, 0x59, 0x51, 0xa5, 0x11, 0x11, 0x01, 
    0x11, 0x11, 0x11, 0x11, 0x15, 0x51, 0x11, 0x11, 0x11, 0x11, 0x11, 0x11, 0x51, 0x65, 0x56, 0x66, 
    0xaa, 0xba, 0xa6, 0x69, 0x00, 0x54, 0x00, 0x01, 0x11, 0x10, 0x00, 0x11, 0x51, 0x01, 0x66, 0x65, 
    0x67, 0xa1, 0x16, 0x55, 0x50, 0x11, 0x11, 0x15, 0xaa, 0xa9, 0x11, 0x56, 0xa6, 0x55, 0x00, 0x01, 
    0x45, 0x54, 0x4a, 0xd5, 0x55, 0x45, 0x55, 0x59, 0x55, 0x59, 0x55, 0x45, 0x55, 0x55, 0x55, 0x55, 
    0x55, 0x44, 0x44, 0x45, 0x45, 0x40, 0x44, 0x49, 0x59, 0x99, 0x95, 0x55, 0x55, 0x55, 0x55, 0x55, 
    0xae, 0xa9, 0x55, 0x55, 0x55, 0x55, 0x55, 0x55, 0x55, 0x55, 0x55, 0x55, 0x59, 0x55, 0x59, 0x55, 
    0xbf, 0xea, 0xaf, 0xfe, 0xee, 0xd5, 0x55, 0x55, 0x55, 0x45, 0x59, 0x55, 0x5b, 0xda, 0x55, 0x44, 
    0x44, 0x54, 0x59, 0x55, 0x55, 0x45, 0x44, 0x45, 0x55, 0x55, 0x59, 0x55, 0xaa, 0xaa, 0xef, 0xea, 
    0xaf, 0x99, 0x55, 0x59, 0x55, 0xa4, 0x4a, 0xe9, 0x55, 0x45, 0x44, 0x55, 0x59, 0x6e, 0xee, 0x99, 
    0x99, 0x99, 0x95, 0x95, 0x5a, 0xaf, 0x95, 0x44, 0x45, 0x59, 0x95, 0x59, 0x40, 0x44, 0x44, 0x45, 
    0x44, 0x45, 0x5f, 0x95, 0x5a, 0x9f, 0xda, 0xff, 0x99, 0x55, 0x55, 0xae, 0x44, 0x45, 0x44, 0x44, 
    0x45, 0x55, 0x95, 0x55, 0x59, 0x99, 0x59, 0x99, 0x45, 0x99, 0x55, 0x55, 0x99, 0x9a, 0x84, 0x44, 
    0x45, 0x45, 0x65, 0x56, 0xd4, 0x44, 0x44, 0x44, 0x44, 0x45, 0x44, 0x44, 0x55, 0x55, 0x45, 0x44, 
    0x44, 0x44, 0x44, 0x45, 0x55, 0xa9, 0x45, 0x9a, 0xaf, 0xee, 0x99, 0x9a, 0x44, 0x55, 0x44, 0x05, 
    0x45, 0x44, 0x04, 0x45, 0x54, 0x44, 0x59, 0x95, 0x9a, 0xd5, 0x5a, 0xda, 0x98, 0x44, 0x44, 0x49, 
    0xaa, 0xaa, 0x95, 0x55, 0xaa, 0x85, 0x44, 0x44, 0x11, 0x11, 0x01, 0x51, 0x55, 0x55, 0x15, 0x55, 
    0x55, 0x55, 0x55, 0x11, 0x55, 0x15, 0x15, 0x15, 0x15, 0x55, 0x15, 0x56, 0x50, 0x00, 0x01, 0x01, 
    0x16, 0x66, 0x51, 0x11, 0x11, 0x16, 0x51, 0x11, 0x7b, 0xa5, 0x55, 0x55, 0x15, 0x11, 0x55, 0x11, 
    0x15, 0x15, 0x15, 0x15, 0x55, 0x55, 0x55, 0x66, 0xbb, 0xab, 0xbf, 0xfa, 0xa9, 0x11, 0x16, 0x11, 
    0x11, 0x11, 0x15, 0x15, 0x5b, 0x96, 0x51, 0x11, 0x11, 0x11, 0x15, 0x11, 0x11, 0x11, 0x11, 0x15, 
    0x15, 0x55, 0x55, 0x56, 0x66, 0xa6, 0xab, 0xfa, 0x6b, 0x95, 0x55, 0x55, 0x15, 0x11, 0x15, 0x16, 
    0x55, 0x11, 0x11, 0x11, 0x11, 0x7a, 0xaa, 0xa6, 0x51, 0x55, 0x55, 0x55, 0x56, 0x6b, 0xa1, 0x01, 
    0x01, 0x15, 0x56, 0x66, 0x11, 0x11, 0x01, 0x11, 0x11, 0x51, 0x26, 0x51, 0x16, 0x6f, 0x5a, 0xbf, 
    0x55, 0x55, 0x11, 0x11, 0x51, 0x11, 0x11, 0x11, 0x01, 0x15, 0x15, 0x51, 0x15, 0x65, 0x15, 0x66, 
    0x16, 0x55, 0x15, 0x15, 0x15, 0x5a, 0x51, 0x11, 0x11, 0x55, 0x61, 0x17, 0x51, 0x11, 0x11, 0x01, 
    0x11, 0x11, 0x11, 0x01, 0x11, 0x15, 0x16, 0x11, 0x11, 0x11, 0x11, 0x11, 0x15, 0x55, 0x15, 0x55, 
    0x6a, 0xbb, 0x66, 0x6a, 0x10, 0x15, 0x50, 0x11, 0x11, 0x11, 0x01, 0x02, 0x51, 0x11, 0x15, 0x55, 
    0x16, 0x51, 0x16, 0x66, 0xa9, 0x01, 0x11, 0x06, 0x6a, 0xaa, 0x61, 0x15, 0x16, 0x52, 0x00, 0x00, 
    0x55, 0x54, 0x44, 0x55, 0x95, 0x99, 0x55, 0x59, 0x95, 0x95, 0x95, 0x55, 0x55, 0x55, 0x55, 0x45, 
    0x45, 0x95, 0x55, 0x95, 0x99, 0x44, 0x44, 0x44, 0x59, 0x99, 0x55, 0x55, 0x55, 0x55, 0x55, 0x55, 
    0xee, 0xa9, 0x55, 0x55, 0x55, 0x55, 0xbe, 0x55, 0x55, 0x55, 0x55, 0x55, 0x55, 0x95, 0x99, 0xae, 
    0x95, 0xff, 0xff, 0xff, 0xe4, 0x54, 0x55, 0x55, 0x55, 0x54, 0x55, 0x55, 0x9a, 0x99, 0x94, 0x54, 
    0x54, 0x54, 0x55, 0x55, 0x55, 0x44, 0x44, 0x55, 0x55, 0x95, 0x95, 0x95, 0x99, 0xe9, 0xab, 0xfe, 
    0xab, 0xe5, 0x95, 0x95, 0x55, 0x54, 0x55, 0x54, 0x59, 0x54, 0x59, 0x54, 0x45, 0xee, 0xed, 0xa9, 
    0x95, 0x55, 0x55, 0x95, 0x65, 0xaf, 0xe9, 0x44, 0x44, 0x44, 0x55, 0x98, 0x44, 0x55, 0x54, 0x55, 
    0x55, 0x55, 0xa9, 0x95, 0x99, 0xbe, 0x6a, 0x99, 0x95, 0x95, 0x55, 0x55, 0xb4, 0x54, 0x45, 0x54, 
    0x44, 0x55, 0x55, 0x55, 0x59, 0xa9, 0x58, 0x59, 0x5a, 0xa9, 0x55, 0x55, 0x55, 0x55, 0x55, 0x54, 
    0x56, 0xd5, 0xd4, 0x5f, 0x84, 0x44, 0x54, 0x44, 0x54, 0x54, 0x54, 0x54, 0x55, 0x55, 0x59, 0x54, 
    0x44, 0x54, 0x44, 0x45, 0x55, 0x55, 0x55, 0x95, 0x55, 0x99, 0x99, 0x99, 0x94, 0x45, 0x94, 0x54, 
    0x54, 0x54, 0x44, 0x45, 0x95, 0x54, 0x59, 0x95, 0x5a, 0x55, 0xa9, 0x99, 0x99, 0x44, 0x44, 0x46, 
    0xaa, 0xaa, 0xa9, 0x95, 0x55, 0x95, 0x84, 0x44, 0x11, 0x11, 0x11, 0x10, 0x15, 0x55, 0x51, 0x55, 
    0x55, 0x51, 0x51, 0x11, 0x55, 0x55, 0x55, 0x51, 0x11, 0x51, 0x55, 0x55, 0x55, 0x50, 0x00, 0x11, 
    0x56, 0x66, 0x51, 0x11, 0x15, 0x51, 0x11, 0x11, 0xaa, 0xa5, 0x51, 0x51, 0x51, 0x51, 0x55, 0x51, 
    0x55, 0x55, 0x55, 0x55, 0x55, 0x55, 0xb9, 0x6b, 0xab, 0xbf, 0xff, 0xff, 0xa9, 0x55, 0x11, 0x56, 
    0x51, 0x11, 0x51, 0x15, 0x55, 0x55, 0x51, 0x11, 0x11, 0x51, 0x11, 0x11, 0x11, 0x11, 0x11, 0x11, 
    0x11, 0x55, 0x55, 0x55, 0x55, 0x7a, 0x6a, 0xfe, 0xaa, 0xf5, 0x55, 0x55, 0x55, 0x11, 0x11, 0x11, 
    0x11, 0x11, 0x10, 0x11, 0x13, 0xaa, 0xa9, 0x15, 0x65, 0x55, 0x65, 0x65, 0x65, 0x66, 0xa6, 0x50, 
    0x10, 0x10, 0x11, 0x10, 0x15, 0x55, 0x51, 0x11, 0x55, 0x52, 0x66, 0x51, 0x66, 0xfd, 0x65, 0x55, 
    0x55, 0x55, 0x51, 0x11, 0x31, 0x11, 0x11, 0x51, 0x11, 0x11, 0x55, 0x11, 0x65, 0x65, 0x55, 0x55, 
    0x1b, 0x75, 0x55, 0x55, 0x11, 0x11, 0x11, 0x11, 0x16, 0x6a, 0x51, 0x1a, 0x11, 0x11, 0x10, 0x10, 
    0x11, 0x11, 0x11, 0x11, 0x55, 0x51, 0x11, 0x11, 0x11, 0x51, 0x11, 0x11, 0x11, 0x55, 0x51, 0x15, 
    0x65, 0x55, 0x65, 0x65, 0x61, 0x11, 0x50, 0x11, 0x11, 0x10, 0x10, 0x10, 0x55, 0x10, 0x15, 0x55, 
    0x59, 0x12, 0xa5, 0x66, 0x65, 0x11, 0x11, 0x12, 0xaa, 0xaa, 0xaa, 0x55, 0x55, 0x61, 0x50, 0x10, 
    0x45, 0x55, 0x59, 0x44, 0x09, 0x59, 0x55, 0x55, 0x59, 0x55, 0x55, 0x55, 0x55, 0x55, 0x55, 0x59, 
    0x44, 0x59, 0x59, 0x59, 0x55, 0x44, 0x00, 0x04, 0x49, 0x99, 0x95, 0x55, 0x55, 0x55, 0x55, 0x45, 
    0xae, 0xa9, 0x55, 0x55, 0x55, 0x55, 0x55, 0x55, 0x55, 0x99, 0x95, 0x55, 0x55, 0x55, 0x95, 0xef, 
    0xff, 0xff, 0xff, 0xff, 0xe5, 0x44, 0x49, 0x55, 0x45, 0x55, 0x44, 0x55, 0x99, 0x55, 0x45, 0x44, 
    0x55, 0x45, 0x65, 0x44, 0x44, 0x45, 0x44, 0x45, 0x55, 0x45, 0x59, 0x99, 0x99, 0x6e, 0xae, 0xff, 
    0xaa, 0xbd, 0x55, 0x55, 0x55, 0x55, 0x54, 0x45, 0x44, 0x44, 0x45, 0x45, 0x5a, 0xae, 0xa9, 0x55, 
    0x59, 0x99, 0x99, 0x9a, 0xf9, 0x9a, 0xda, 0xa9, 0x44, 0x44, 0x44, 0x44, 0x49, 0x55, 0x44, 0x59, 
    0x59, 0x5a, 0xae, 0xd9, 0x9b, 0xfd, 0xae, 0x99, 0x55, 0x55, 0x55, 0x45, 0x65, 0x44, 0x59, 0x44, 
    0x44, 0x45, 0x55, 0x55, 0x99, 0x59, 0x55, 0x59, 0x59, 0x99, 0x55, 0x55, 0x54, 0x44, 0x44, 0x45, 
    0x5e, 0xa6, 0x44, 0x6d, 0x44, 0x44, 0x44, 0x44, 0x44, 0x44, 0x44, 0x44, 0x55, 0x56, 0x84, 0x44, 
    0x45, 0x5a, 0x99, 0x44, 0x45, 0x55, 0x55, 0x55, 0x59, 0x99, 0x55, 0x9a, 0xa8, 0x44, 0x54, 0x45, 
    0x45, 0x44, 0x04, 0x44, 0x55, 0x44, 0x49, 0x99, 0x59, 0x45, 0x99, 0x9e, 0x99, 0x44, 0x44, 0x46, 
    0xaa, 0xaa, 0x9a, 0x99, 0x59, 0x55, 0x84, 0x44, 0x11, 0x15, 0x55, 0x00, 0x01, 0x55, 0x55, 0x15, 
    0x55, 0x11, 0x11, 0x15, 0x55, 0x55, 0x55, 0x6a, 0x01, 0x15, 0x01, 0x55, 0x55, 0x20, 0x00, 0x00, 
    0x16, 0x65, 0x55, 0x11, 0x15, 0x11, 0x11, 0x12, 0x6a, 0x65, 0x15, 0x56, 0x11, 0x15, 0x15, 0x15, 
    0x11, 0x6b, 0xba, 0x55, 0x55, 0x56, 0xaa, 0x6b, 0xab, 0xff, 0xff, 0xfa, 0x57, 0x51, 0x15, 0x11, 
    0x11, 0x11, 0x01, 0x15, 0x55, 0x55, 0x01, 0x11, 0x16, 0x11, 0x21, 0x11, 0x11, 0x11, 0x10, 0x11, 
    0x11, 0x15, 0x56, 0x55, 0x55, 0x5a, 0x6b, 0x7f, 0xa6, 0x6f, 0x11, 0x11, 0x15, 0x11, 0x15, 0x11, 
    0x51, 0x11, 0x15, 0x01, 0x1a, 0xaa, 0xa5, 0x11, 0x15, 0x55, 0x55, 0x5a, 0x6a, 0x66, 0x96, 0x6b, 
    0x90, 0x01, 0x01, 0x00, 0x01, 0x55, 0x05, 0x55, 0x51, 0x6a, 0x6b, 0x56, 0x5b, 0xf6, 0x7b, 0x9a, 
    0x55, 0x15, 0x11, 0x11, 0x21, 0x11, 0x11, 0x11, 0x01, 0x11, 0x11, 0x15, 0x55, 0x11, 0x15, 0x55, 
    0x57, 0xa5, 0x55, 0x55, 0x55, 0x01, 0x11, 0x11, 0x1f, 0xa9, 0x51, 0x69, 0x11, 0x01, 0x01, 0x01, 
    0x01, 0x11, 0x11, 0x01, 0x11, 0x12, 0x51, 0x11, 0x11, 0x16, 0xa5, 0x11, 0x11, 0x11, 0x11, 0x51, 
    0x15, 0x55, 0x55, 0x56, 0x69, 0x40, 0x01, 0x51, 0x10, 0x00, 0x00, 0x00, 0x25, 0x10, 0x06, 0x55, 
    0x51, 0x15, 0x55, 0x59, 0xa6, 0x11, 0x11, 0x01, 0xaa, 0xaa, 0xaa, 0x66, 0x55, 0x55, 0x50, 0x00, 
    0x55, 0x55, 0x55, 0x44, 0x44, 0x59, 0x99, 0x55, 0x55, 0x48, 0x45, 0x55, 0x95, 0x55, 0x99, 0xa9, 
    0x50, 0x45, 0x59, 0x54, 0x55, 0x55, 0x44, 0x44, 0x55, 0xa9, 0x99, 0x55, 0x59, 0x55, 0x55, 0x56, 
    0xaa, 0xa9, 0x55, 0x99, 0x55, 0x55, 0x55, 0x55, 0x55, 0x55, 0xaf, 0xfa, 0x96, 0xee, 0xde, 0xee, 
    0xff, 0xff, 0xff, 0xee, 0x95, 0x56, 0x69, 0x55, 0x54, 0x55, 0x45, 0x59, 0x95, 0x95, 0x55, 0x56, 
    0x9d, 0x44, 0x55, 0x54, 0x55, 0x54, 0x44, 0x44, 0x55, 0x55, 0x56, 0x99, 0x99, 0x9a, 0xea, 0xef, 
    0xea, 0xaf, 0xd5, 0x54, 0x55, 0x54, 0x55, 0x95, 0x55, 0x55, 0x5e, 0x94, 0x6a, 0xee, 0xe5, 0x55, 
    0x55, 0x95, 0x55, 0x5e, 0x9a, 0x9a, 0x99, 0xaa, 0xa9, 0x44, 0x44, 0x44, 0x44, 0x55, 0x55, 0x55, 
    0x5a, 0xa9, 0xad, 0x99, 0xaf, 0xed, 0xbf, 0xed, 0x95, 0x55, 0x55, 0x55, 0x64, 0x55, 0x54, 0x44, 
    0x54, 0x59, 0x54, 0x55, 0x59, 0x54, 0x54, 0x55, 0x5a, 0xfd, 0x95, 0x55, 0x55, 0x54, 0x54, 0x44, 
    0x59, 0xad, 0x95, 0xf4, 0x44, 0x44, 0x44, 0x44, 0x44, 0x44, 0x44, 0x44, 0x54, 0x45, 0x44, 0x55, 
    0x95, 0x55, 0x54, 0x54, 0x55, 0x55, 0x55, 0x55, 0x55, 0x55, 0xaa, 0xa9, 0x99, 0x44, 0x44, 0x54, 
    0x54, 0x44, 0x44, 0x44, 0x55, 0x54, 0x45, 0x99, 0x99, 0x55, 0x55, 0x95, 0xa9, 0x84, 0x44, 0x44, 
    0xaa, 0xaa, 0xaa, 0xa9, 0x99, 0xa8, 0x64, 0x44, 0x51, 0x55, 0x55, 0x51, 0x10, 0x15, 0x55, 0x51, 
    0x55, 0x50, 0x01, 0x55, 0x55, 0x55, 0x56, 0x66, 0x51, 0x51, 0x50, 0x11, 0x11, 0x11, 0x50, 0x01, 
    0x51, 0x65, 0x65, 0x51, 0x65, 0x51, 0x11, 0x16, 0x76, 0x65, 0x55, 0x55, 0x51, 0x55, 0x55, 0x55, 
    0x55, 0x55, 0x55, 0x6b, 0xbb, 0xf5, 0x6b, 0xa6, 0xff, 0xff, 0xfa, 0x9b, 0x95, 0x11, 0x79, 0xa5, 
    0x11, 0x51, 0x51, 0x55, 0x55, 0x55, 0x51, 0x51, 0x59, 0x11, 0x11, 0x11, 0x11, 0x11, 0x11, 0x11, 
    0x51, 0x11, 0x55, 0x55, 0x66, 0x52, 0xb7, 0xab, 0xfa, 0x67, 0xe1, 0x11, 0x11, 0x11, 0x11, 0x51, 
    0x51, 0x11, 0x6b, 0x51, 0x7a, 0xaa, 0xb1, 0x55, 0x55, 0x51, 0x11, 0x55, 0x56, 0x56, 0x65, 0x6a, 
    0xa6, 0xa9, 0x10, 0x10, 0x11, 0x11, 0x55, 0x51, 0xba, 0x66, 0x65, 0x55, 0xbf, 0xaa, 0x66, 0xa9, 
    0x11, 0x51, 0x51, 0x11, 0x61, 0x12, 0xa1, 0x11, 0x11, 0x55, 0x51, 0x51, 0x15, 0x11, 0x11, 0x11, 
    0x15, 0x55, 0x51, 0x11, 0x11, 0x51, 0x15, 0x11, 0x11, 0x25, 0x12, 0xf1, 0x11, 0x11, 0x11, 0x11, 
    0x11, 0x11, 0x11, 0x11, 0x11, 0x11, 0x11, 0x11, 0x52, 0x92, 0x91, 0x11, 0xa5, 0x55, 0x51, 0x16, 
    0x55, 0x56, 0x66, 0xaa, 0xa6, 0x50, 0x10, 0x11, 0x10, 0x00, 0x10, 0x10, 0x15, 0x10, 0x01, 0x65, 
    0x55, 0x65, 0x55, 0x55, 0x55, 0x51, 0x11, 0x10, 0x66, 0xaa, 0xaa, 0xaa, 0x66, 0xa9, 0x20, 0x10, 
    0x55, 0x55, 0x55, 0x55, 0x44, 0x45, 0x99, 0x95, 0x55, 0x54, 0x45, 0x95, 0x55, 0x55, 0x5a, 0xaa, 
    0x95, 0x55, 0x55, 0x45, 0x55, 0x45, 0x59, 0x05, 0x55, 0x99, 0x99, 0x99, 0x99, 0x55, 0x55, 0x5a, 
    0xaa, 0x99, 0x59, 0x65, 0x55, 0x55, 0x55, 0x55, 0x55, 0x55, 0x55, 0x55, 0x56, 0xa9, 0xad, 0xab, 
    0xff, 0xff, 0xe9, 0x56, 0x5d, 0x59, 0xa5, 0xa5, 0x45, 0x45, 0x55, 0x55, 0x59, 0x59, 0x55, 0x55, 
    0x44, 0x45, 0x44, 0x44, 0x55, 0x44, 0x44, 0x45, 0x45, 0x59, 0x45, 0x59, 0x9a, 0x59, 0xea, 0xeb, 
    0xfe, 0x9a, 0xf9, 0x44, 0x45, 0x44, 0x45, 0x55, 0x45, 0x44, 0x55, 0x55, 0xff, 0xef, 0xe5, 0x55, 
    0x55, 0x54, 0x44, 0x5e, 0x99, 0x9a, 0x99, 0xae, 0x9a, 0xaf, 0xe9, 0x44, 0x44, 0x46, 0xe9, 0x5b, 
    0xe9, 0xa9, 0x99, 0x9a, 0xff, 0xa9, 0x99, 0x95, 0x55, 0x55, 0x55, 0x55, 0x55, 0x49, 0x54, 0x44, 
    0x45, 0x55, 0x55, 0x55, 0x59, 0x55, 0x45, 0x45, 0x45, 0x55, 0x44, 0x45, 0x45, 0x54, 0x45, 0x44, 
    0x45, 0x65, 0x46, 0xe4, 0x44, 0x44, 0x44, 0x45, 0x44, 0x45, 0x54, 0x44, 0x45, 0x44, 0x45, 0x44, 
    0x45, 0x56, 0x94, 0x45, 0x55, 0xae, 0x54, 0x69, 0x99, 0x9a, 0x9a, 0xa9, 0x9a, 0x84, 0x44, 0x44, 
    0x44, 0x44, 0x44, 0x44, 0x45, 0x44, 0x05, 0x99, 0x95, 0xa9, 0x55, 0x59, 0x55, 0x44, 0x44, 0x44, 
    0x6a, 0xaa, 0xaa, 0x9a, 0xaa, 0xae, 0x98, 0x44, 0x15, 0x15, 0x15, 0x11, 0x11, 0x00, 0x15, 0x55, 
    0x15, 0x54, 0x01, 0x15, 0x15, 0x15, 0x56, 0x66, 0x65, 0x15, 0x55, 0x01, 0x11, 0x11, 0x16, 0x41, 
    0x11, 0x56, 0x55, 0x56, 0x55, 0x11, 0x11, 0x1a, 0xaa, 0x55, 0x15, 0x65, 0x15, 0x15, 0x55, 0x55, 
    0x55, 0x55, 0x55, 0x55, 0x55, 0x16, 0xba, 0xab, 0xff, 0xfe, 0x51, 0x19, 0x19, 0x15, 0xa6, 0xa5, 
    0x1a, 0x55, 0x51, 0x55, 0x55, 0x56, 0x56, 0x56, 0x55, 0x11, 0x11, 0x11, 0x15, 0x11, 0x01, 0x11, 
    0x11, 0x15, 0x15, 0x15, 0x56, 0x55, 0x66, 0xaa, 0xbe, 0xa6, 0xb9, 0x11, 0x11, 0x10, 0x11, 0x11, 
    0x11, 0x11, 0x55, 0x12, 0xbf, 0xbb, 0xa9, 0x11, 0x11, 0x11, 0x11, 0x1b, 0x55, 0x56, 0x56, 0x6e, 
    0x66, 0x6a, 0xab, 0xa5, 0x11, 0x15, 0x6b, 0xa7, 0xa5, 0x66, 0x56, 0x57, 0xfe, 0x96, 0x55, 0x55, 
    0x11, 0x11, 0x11, 0x11, 0x01, 0x16, 0x51, 0x01, 0x15, 0x15, 0x11, 0x11, 0x55, 0x55, 0x11, 0x11, 
    0x11, 0x11, 0x11, 0x11, 0x11, 0x11, 0x11, 0x11, 0x11, 0x95, 0x16, 0x81, 0x11, 0x11, 0x10, 0x11, 
    0x11, 0x11, 0x11, 0x01, 0x01, 0x11, 0x11, 0x11, 0x11, 0x01, 0x41, 0x15, 0x55, 0x6a, 0x51, 0x11, 
    0x66, 0x66, 0x66, 0x65, 0x56, 0x50, 0x00, 0x00, 0x00, 0x00, 0x00, 0x01, 0x02, 0x51, 0x01, 0x55, 
    0x51, 0x66, 0x55, 0x55, 0x55, 0x51, 0x11, 0x00, 0x26, 0xaa, 0xaa, 0xa6, 0xaa, 0xaa, 0xa5, 0x01, 
    0x55, 0x55, 0x55, 0x55, 0x54, 0x54, 0x45, 0x99, 0x55, 0x54, 0x45, 0x95, 0x55, 0x55, 0x99, 0xa9, 
    0xa9, 0x99, 0x95, 0x54, 0x55, 0x54, 0x55, 0xa4, 0x46, 0x99, 0x99, 0x99, 0x95, 0x55, 0x55, 0x5d, 
    0xea, 0x99, 0x55, 0x95, 0x55, 0x59, 0x95, 0x55, 0x55, 0x55, 0x55, 0x55, 0x55, 0x55, 0x56, 0xff, 
    0xff, 0xe4, 0x55, 0x55, 0x55, 0x55, 0x96, 0xe5, 0x59, 0x95, 0x95, 0x55, 0x9a, 0x95, 0x9a, 0x9a, 
    0xa4, 0x45, 0x5a, 0x55, 0xe9, 0x54, 0x44, 0x55, 0x6f, 0x95, 0x55, 0x59, 0x95, 0x99, 0x6e, 0xaa, 
    0xff, 0xea, 0xae, 0x55, 0x54, 0x54, 0x54, 0x44, 0x54, 0x55, 0x99, 0x5a, 0xfe, 0xa9, 0xae, 0x99, 
    0x55, 0x54, 0x55, 0x9a, 0x95, 0x55, 0x99, 0xad, 0x99, 0xa9, 0x9a, 0xe9, 0xa9, 0x5a, 0xff, 0xea, 
    0xe9, 0xa9, 0x99, 0xaf, 0xfe, 0xa9, 0x95, 0x95, 0x55, 0x55, 0x55, 0x55, 0x54, 0x59, 0x54, 0x44, 
    0x55, 0x99, 0x55, 0x55, 0x55, 0x55, 0x54, 0x44, 0x55, 0x55, 0x54, 0x44, 0x55, 0x54, 0x44, 0x55, 
    0x55, 0x94, 0x5a, 0x84, 0x44, 0x54, 0x44, 0x44, 0x44, 0x54, 0x54, 0x44, 0x54, 0x44, 0x54, 0x44, 
    0x44, 0x44, 0x54, 0x59, 0x55, 0x59, 0x94, 0x55, 0x55, 0x9a, 0xaa, 0xa9, 0xaa, 0xd4, 0x44, 0x44, 
    0x44, 0x44, 0x44, 0x44, 0x45, 0x94, 0x44, 0x95, 0x95, 0x99, 0x99, 0x99, 0x99, 0x94, 0x44, 0x44, 
    0x69, 0xaa, 0xea, 0xaa, 0xaa, 0xee, 0xed, 0x44, 0x55, 0x51, 0x51, 0x51, 0x51, 0x11, 0x01, 0x55, 
    0x65, 0x51, 0x01, 0x51, 0x55, 0x55, 0x56, 0x66, 0x66, 0x6b, 0x95, 0x55, 0x11, 0x11, 0x11, 0x25, 
    0x15, 0x56, 0x55, 0x65, 0x51, 0x11, 0x11, 0x6a, 0xaa, 0x65, 0x56, 0x51, 0x51, 0x55, 0x55, 0x55, 
    0x55, 0x55, 0x51, 0x55, 0x55, 0x16, 0x57, 0xff, 0xfe, 0x55, 0x15, 0x51, 0x11, 0x12, 0x97, 0x91, 
    0x15, 0x51, 0x51, 0x55, 0x55, 0x55, 0x55, 0x5b, 0x60, 0x10, 0x15, 0x12, 0x91, 0x11, 0x11, 0x15, 
    0x16, 0x55, 0x11, 0x55, 0x65, 0x55, 0x5a, 0xaa, 0xbf, 0xaa, 0x6b, 0x91, 0x11, 0x11, 0x11, 0x11, 
    0x11, 0x11, 0x15, 0x1a, 0x51, 0x75, 0x6a, 0x6a, 0xa5, 0x15, 0x51, 0x55, 0x55, 0x55, 0x55, 0x75, 
    0x66, 0x66, 0x67, 0xa6, 0x66, 0x66, 0xaa, 0xa7, 0xa6, 0xf5, 0x66, 0x7f, 0xfa, 0xa5, 0x55, 0x51, 
    0x11, 0x51, 0x11, 0x11, 0x11, 0x15, 0x51, 0x11, 0x15, 0x55, 0x51, 0x51, 0x15, 0x51, 0x11, 0x15, 
    0x11, 0x11, 0x10, 0x11, 0x11, 0x51, 0x11, 0x15, 0x12, 0x11, 0x26, 0x11, 0x11, 0x10, 0x11, 0x11, 
    0x11, 0x11, 0x11, 0x11, 0x51, 0x11, 0x11, 0x11, 0x10, 0x11, 0x11, 0x15, 0x11, 0x55, 0x51, 0x11, 
    0x11, 0x51, 0x66, 0xaa, 0x6a, 0xa0, 0x10, 0x00, 0x10, 0x10, 0x00, 0x10, 0x11, 0x51, 0x01, 0x51, 
    0x15, 0x66, 0xa5, 0x55, 0x65, 0x61, 0x11, 0x11, 0x15, 0xaa, 0xaa, 0xa6, 0xaa, 0xaa, 0xaa, 0x50, 
    0x55, 0x55, 0x55, 0x55, 0x55, 0x55, 0x44, 0x59, 0x99, 0x45, 0x44, 0x55, 0x55, 0x55, 0x59, 0x99, 
    0x9a, 0x9a, 0xe9, 0x55, 0x45, 0x44, 0x45, 0x45, 0x99, 0x45, 0x55, 0x99, 0x55, 0x55, 0x55, 0x6a, 
    0xee, 0x99, 0x5a, 0x55, 0x55, 0x99, 0x99, 0x55, 0x55, 0x55, 0x55, 0x54, 0x45, 0x5a, 0x9e, 0xff, 
    0xe9, 0x55, 0x45, 0x44, 0x54, 0x45, 0x5f, 0x85, 0x59, 0x45, 0x45, 0x59, 0x59, 0x59, 0x54, 0x59, 
    0x94, 0x44, 0x54, 0x44, 0x45, 0x84, 0x44, 0xb8, 0x4e, 0x55, 0x55, 0x59, 0x99, 0x99, 0x9a, 0xea, 
    0xef, 0xee, 0x9b, 0xd5, 0x95, 0x54, 0x45, 0x44, 0x45, 0x45, 0x45, 0x45, 0x55, 0x55, 0x55, 0x5a, 
    0x95, 0x45, 0x55, 0x69, 0x69, 0x59, 0x55, 0x59, 0x98, 0x5a, 0xaa, 0x99, 0xaa, 0x9e, 0xaa, 0x9a, 
    0xef, 0xe5, 0x99, 0xff, 0xed, 0x99, 0x55, 0x55, 0x55, 0x55, 0x55, 0x45, 0x44, 0x55, 0x44, 0x45, 
    0x55, 0xa5, 0x55, 0x55, 0x55, 0x55, 0x55, 0x59, 0x55, 0x55, 0x44, 0x44, 0x44, 0x44, 0x45, 0x55, 
    0x59, 0x44, 0x99, 0x44, 0x44, 0x44, 0x44, 0x44, 0x44, 0x45, 0x44, 0x4b, 0xd6, 0x45, 0x44, 0x44, 
    0x44, 0x44, 0x45, 0x44, 0x45, 0x5a, 0x95, 0x45, 0x45, 0x55, 0x55, 0x9a, 0xaa, 0xa8, 0x44, 0x04, 
    0x44, 0x44, 0x44, 0x44, 0x44, 0x44, 0x44, 0x54, 0x59, 0x99, 0x59, 0x99, 0x59, 0x94, 0x44, 0x44, 
    0x49, 0xaa, 0xaa, 0xaa, 0xaa, 0xee, 0xee, 0xa4, 0x15, 0x15, 0x11, 0x11, 0x11, 0x11, 0x10, 0x05, 
    0x55, 0x01, 0x51, 0x00, 0x11, 0x11, 0x15, 0x56, 0x66, 0x66, 0x6e, 0x55, 0x50, 0x11, 0x11, 0x11, 
    0x65, 0x15, 0x11, 0x55, 0x51, 0x11, 0x15, 0x66, 0xaa, 0x66, 0x6a, 0x15, 0x15, 0x55, 0x55, 0x55, 
    0x15, 0x55, 0x55, 0x55, 0x51, 0x11, 0x5b, 0xbe, 0x55, 0x11, 0x17, 0x11, 0x11, 0x11, 0x16, 0x55, 
    0x51, 0x15, 0x15, 0x55, 0x65, 0x55, 0x40, 0x61, 0x41, 0x11, 0x11, 0x00, 0x00, 0x10, 0x01, 0xb9, 
    0x1a, 0x11, 0x11, 0x11, 0x15, 0x66, 0x66, 0xb6, 0xab, 0xfb, 0x66, 0xb1, 0x11, 0x11, 0x11, 0x11, 
    0x11, 0x11, 0x11, 0x01, 0x11, 0x15, 0xa5, 0x11, 0x51, 0x11, 0x11, 0x26, 0xb9, 0x55, 0x55, 0x6b, 
    0x55, 0x1a, 0xab, 0x51, 0x66, 0x6a, 0x6b, 0x56, 0x56, 0x56, 0x67, 0xff, 0xa6, 0x6a, 0x55, 0x55, 
    0x15, 0x11, 0x11, 0x15, 0x15, 0x11, 0x11, 0x15, 0x16, 0x65, 0x15, 0x55, 0x15, 0x11, 0x15, 0x65, 
    0x11, 0x11, 0x11, 0x01, 0x11, 0x11, 0x11, 0x15, 0x59, 0x51, 0x95, 0x11, 0x01, 0x01, 0x01, 0x01, 
    0x11, 0x11, 0x01, 0x16, 0x51, 0x11, 0x11, 0x51, 0x01, 0x11, 0x11, 0x11, 0x15, 0x16, 0x51, 0x11, 
    0x11, 0x11, 0x15, 0x55, 0x56, 0xaa, 0x01, 0x00, 0x00, 0x00, 0x00, 0x00, 0x01, 0x11, 0x15, 0x15, 
    0x55, 0x55, 0x55, 0x55, 0xa6, 0x54, 0x11, 0x11, 0x06, 0x6a, 0xaa, 0xaa, 0xaa, 0xaa, 0xaa, 0x29, 
    0x55, 0x55, 0x55, 0x55, 0x55, 0x55, 0x55, 0x45, 0x99, 0x84, 0x44, 0x44, 0x55, 0x55, 0x55, 0x99, 
    0x99, 0x9a, 0xab, 0xd9, 0x94, 0x44, 0x55, 0x54, 0x59, 0x44, 0x55, 0x95, 0x55, 0x55, 0x95, 0xaa, 
    0xa9, 0x99, 0xa9, 0x55, 0x59, 0x55, 0x95, 0x55, 0x55, 0x55, 0x55, 0x55, 0x94, 0x44, 0x6f, 0xe9, 
    0x55, 0x95, 0x55, 0x55, 0x55, 0x59, 0x54, 0x55, 0x54, 0x59, 0x55, 0x9a, 0xa9, 0x59, 0x99, 0x99, 
    0x84, 0x44, 0x44, 0x44, 0x40, 0x44, 0x55, 0xed, 0x5d, 0x54, 0x54, 0x55, 0x95, 0xaa, 0xa9, 0xee, 
    0xeb, 0xfe, 0xea, 0xbd, 0x95, 0x54, 0x54, 0x44, 0x55, 0x55, 0x54, 0x44, 0x45, 0x55, 0xfe, 0x69, 
    0x95, 0x55, 0x55, 0x59, 0xa9, 0x99, 0x9f, 0xfd, 0x55, 0xaa, 0xee, 0xa9, 0x69, 0xae, 0xfe, 0x99, 
    0x99, 0xa9, 0x9f, 0xfe, 0xda, 0x99, 0x9d, 0xa9, 0x55, 0x55, 0x55, 0x55, 0xa9, 0x55, 0x54, 0x55, 
    0x55, 0x95, 0x55, 0x99, 0x55, 0x95, 0x5a, 0xe9, 0x55, 0x54, 0x44, 0x54, 0x54, 0x54, 0x55, 0x59, 
    0xa8, 0x56, 0xd4, 0x44, 0x44, 0x44, 0x44, 0x44, 0x44, 0x45, 0x54, 0x44, 0x54, 0x54, 0x44, 0x54, 
    0x55, 0x55, 0x54, 0x54, 0x55, 0x95, 0x45, 0x45, 0x55, 0x55, 0x55, 0x55, 0x95, 0xaa, 0xa4, 0x44, 
    0x44, 0x44, 0x44, 0x44, 0x45, 0x44, 0x45, 0x55, 0x99, 0x99, 0x55, 0x95, 0xa9, 0x98, 0x54, 0x44, 
    0x4a, 0xaa, 0xaa, 0xe9, 0xea, 0xae, 0xee, 0x8a, 0x51, 0x55, 0x51, 0x51, 0x51, 0x51, 0x51, 0x50, 
    0x15, 0x51, 0x40, 0x00, 0x11, 0x11, 0x51, 0x65, 0x65, 0x66, 0xaa, 0xb9, 0x55, 0x10, 0x00, 0x11, 
    0x16, 0x50, 0x11, 0x55, 0x11, 0x55, 0x55, 0xa6, 0x66, 0x66, 0xa5, 0x55, 0x55, 0x55, 0x55, 0x55, 
    0x55, 0x55, 0x51, 0x55, 0x55, 0x51, 0xbe, 0x65, 0x11, 0x11, 0x15, 0x16, 0x51, 0x15, 0x25, 0x11, 
    0x11, 0x25, 0x15, 0x55, 0x55, 0x51, 0x66, 0x96, 0x11, 0x11, 0x11, 0x10, 0x00, 0x10, 0x11, 0x11, 
    0x15, 0x51, 0x12, 0x55, 0x55, 0x66, 0x65, 0x7a, 0xaa, 0xff, 0xa6, 0x6e, 0x11, 0x11, 0x11, 0x11, 
    0x11, 0x11, 0x51, 0x11, 0x11, 0x11, 0x16, 0x6b, 0x91, 0x11, 0x11, 0x7f, 0xa5, 0x56, 0xbb, 0xa1, 
    0x11, 0x56, 0xa7, 0x66, 0x65, 0x6a, 0x7a, 0x55, 0x65, 0x66, 0x6f, 0xfa, 0x56, 0x65, 0x55, 0x75, 
    0x15, 0x51, 0x51, 0x55, 0x79, 0x55, 0x55, 0x51, 0x11, 0x51, 0x56, 0x55, 0x65, 0x51, 0x67, 0xa5, 
    0x55, 0x11, 0x11, 0x11, 0x11, 0x11, 0x11, 0x65, 0x75, 0x53, 0x91, 0x10, 0x10, 0x11, 0x11, 0x11, 
    0x11, 0x11, 0x11, 0x10, 0x11, 0x11, 0x11, 0x11, 0x95, 0x51, 0x11, 0x11, 0x11, 0x55, 0x55, 0x15, 
    0x11, 0x15, 0x55, 0x51, 0x55, 0x55, 0x55, 0x01, 0x10, 0x10, 0x10, 0x10, 0x11, 0x11, 0x15, 0x11, 
    0x65, 0x55, 0x51, 0x55, 0x65, 0x65, 0x11, 0x11, 0x12, 0x66, 0x65, 0x65, 0x55, 0x66, 0xab, 0x92, 
    0x55, 0x55, 0x55, 0x55, 0x55, 0x55, 0x59, 0x54, 0x45, 0x55, 0x44, 0x44, 0x05, 0x55, 0x55, 0x99, 
    0x99, 0x9a, 0xaa, 0xae, 0x55, 0x44, 0x44, 0x04, 0x45, 0x94, 0x05, 0x95, 0x55, 0x59, 0x95, 0x9a, 
    0x9a, 0x9a, 0xa5, 0x55, 0x59, 0x55, 0x55, 0x55, 0x55, 0x55, 0x55, 0x55, 0x55, 0x95, 0xe9, 0x95, 
    0x59, 0x45, 0x54, 0x46, 0x55, 0x5d, 0x59, 0x55, 0x44, 0x65, 0x55, 0x5a, 0x55, 0x45, 0x5a, 0x9a, 
    0x44, 0x44, 0x44, 0x45, 0x44, 0x44, 0x4a, 0x44, 0x44, 0x44, 0x5b, 0x59, 0x55, 0x5a, 0x99, 0x6f, 
    0xae, 0xff, 0xea, 0xaf, 0x85, 0x45, 0x44, 0x45, 0x45, 0x45, 0x45, 0x44, 0x44, 0x54, 0x45, 0x5a, 
    0x95, 0x44, 0x44, 0x6f, 0xfe, 0x6f, 0xaf, 0x99, 0x45, 0x55, 0x5a, 0x99, 0x99, 0xae, 0xa9, 0x95, 
    0x59, 0xaa, 0xbf, 0xfa, 0x59, 0x59, 0x55, 0x55, 0x59, 0x55, 0x55, 0x55, 0xa9, 0x59, 0x99, 0x99, 
    0x95, 0x55, 0x59, 0x99, 0x99, 0x55, 0x5a, 0x99, 0x55, 0x44, 0x45, 0x44, 0x45, 0x45, 0x45, 0x55, 
    0x95, 0x46, 0x84, 0x44, 0x44, 0x44, 0x44, 0x44, 0x45, 0x44, 0x44, 0x44, 0x44, 0x44, 0x44, 0x46, 
    0xd5, 0x45, 0x49, 0x55, 0x55, 0x59, 0x55, 0x49, 0x55, 0x55, 0x55, 0x55, 0x55, 0x55, 0x56, 0x44, 
    0x44, 0x44, 0x44, 0x44, 0x54, 0x44, 0x45, 0x49, 0x95, 0x99, 0x55, 0x59, 0x95, 0xa9, 0x45, 0x44, 
    0x45, 0xae, 0xef, 0xff, 0xef, 0x5e, 0xaa, 0x84, 0x11, 0x15, 0x11, 0x11, 0x15, 0x15, 0x55, 0x51, 
    0x01, 0x50, 0x10, 0x00, 0x01, 0x11, 0x11, 0x56, 0x56, 0x66, 0x66, 0x66, 0x95, 0x01, 0x01, 0x00, 
    0x01, 0x29, 0x16, 0x51, 0x11, 0x55, 0x55, 0x56, 0x66, 0x66, 0x55, 0x15, 0x55, 0x55, 0x55, 0x15, 
    0x55, 0x55, 0x55, 0x15, 0x55, 0x55, 0x11, 0x11, 0x15, 0x11, 0x71, 0x11, 0x11, 0x65, 0x55, 0x15, 
    0x15, 0x61, 0x15, 0x55, 0x55, 0x05, 0x11, 0x19, 0x01, 0x01, 0x00, 0x06, 0xa5, 0x00, 0x06, 0x01, 
    0x01, 0x01, 0x01, 0x55, 0x15, 0x56, 0x56, 0x5b, 0xab, 0x7f, 0xaa, 0x67, 0x91, 0x11, 0x11, 0x11, 
    0x11, 0x11, 0x11, 0x01, 0x11, 0x11, 0x11, 0x11, 0x11, 0x11, 0x11, 0x7b, 0xb6, 0xba, 0xba, 0x56, 
    0x15, 0x55, 0x55, 0x56, 0x66, 0x7b, 0xa6, 0x66, 0x55, 0x66, 0xbf, 0xe9, 0x55, 0x69, 0x11, 0x11, 
    0x15, 0x55, 0x15, 0x15, 0x65, 0x55, 0x55, 0x55, 0x56, 0x65, 0x15, 0x55, 0x65, 0x55, 0x65, 0x95, 
    0x11, 0x11, 0x51, 0x11, 0x11, 0x11, 0x11, 0x15, 0x91, 0x16, 0x41, 0x11, 0x00, 0x10, 0x11, 0x11, 
    0x11, 0x11, 0x11, 0x11, 0x00, 0x01, 0x15, 0x17, 0x95, 0x11, 0x15, 0x55, 0x55, 0x15, 0x11, 0x12, 
    0x11, 0x15, 0x55, 0x15, 0x15, 0x55, 0x55, 0x40, 0x01, 0x01, 0x00, 0x00, 0x11, 0x01, 0x01, 0x16, 
    0x55, 0x55, 0x55, 0x55, 0x55, 0x55, 0x11, 0x16, 0xbf, 0xff, 0xff, 0xff, 0xb9, 0x16, 0x6b, 0xba, 
    0x55, 0x55, 0x55, 0x55, 0x55, 0x55, 0x95, 0x94, 0x44, 0x54, 0x54, 0x44, 0x44, 0x55, 0x55, 0x99, 
    0x99, 0xa9, 0xaa, 0xaa, 0x95, 0x44, 0x44, 0x44, 0x44, 0x5a, 0x59, 0x95, 0x55, 0x99, 0x55, 0x99, 
    0xa9, 0x9a, 0x95, 0x55, 0x95, 0x55, 0x95, 0x55, 0x55, 0x55, 0x55, 0x55, 0x55, 0x59, 0x44, 0x44, 
    0x54, 0x44, 0x95, 0x59, 0x55, 0x54, 0xb5, 0x55, 0x55, 0x94, 0x98, 0x55, 0x55, 0x55, 0x55, 0x58, 
    0x44, 0x44, 0x44, 0x5e, 0x44, 0x44, 0x44, 0x44, 0x54, 0x44, 0x44, 0x55, 0x55, 0x99, 0x99, 0x9a, 
    0xee, 0xdf, 0xfa, 0xaa, 0xf5, 0x54, 0x55, 0x54, 0x55, 0x55, 0x44, 0x44, 0x54, 0x54, 0x55, 0x55, 
    0x55, 0x55, 0x55, 0xbe, 0xfe, 0xae, 0xff, 0x95, 0x55, 0x55, 0x69, 0x55, 0x99, 0xba, 0xe9, 0x99, 
    0x99, 0xab, 0xff, 0xe9, 0x99, 0xb9, 0x5d, 0x54, 0x55, 0x55, 0x59, 0x59, 0xa5, 0x95, 0x99, 0x99, 
    0x9a, 0xea, 0xa9, 0x95, 0xa9, 0x55, 0xa5, 0xd5, 0x55, 0x54, 0x54, 0x54, 0x45, 0x54, 0x55, 0x56, 
    0x55, 0x5a, 0x44, 0x44, 0x44, 0x44, 0x44, 0x44, 0x54, 0x54, 0x54, 0x54, 0x54, 0x54, 0x44, 0x55, 
    0x55, 0x55, 0x55, 0x59, 0x59, 0x98, 0x55, 0x55, 0x55, 0x55, 0x95, 0x55, 0x55, 0x55, 0x95, 0x40, 
    0x44, 0x54, 0x44, 0x44, 0x44, 0x44, 0x44, 0x59, 0x95, 0x95, 0x95, 0x9a, 0x95, 0x99, 0x56, 0xff, 
    0xff, 0xff, 0xff, 0xff, 0xf9, 0x55, 0x55, 0x59, 0x51, 0x51, 0x51, 0x51, 0x51, 0x55, 0x55, 0x55, 
    0x10, 0x00, 0x11, 0x00, 0x00, 0x11, 0x11, 0x65, 0x65, 0x66, 0x66, 0x66, 0x65, 0x10, 0x10, 0x00, 
    0x10, 0x11, 0xa5, 0x11, 0x55, 0x55, 0x56, 0x65, 0x66, 0x6a, 0x55, 0x55, 0x55, 0x55, 0x55, 0x55, 
    0x55, 0x55, 0x55, 0x55, 0x51, 0x11, 0x11, 0x11, 0x10, 0x11, 0x11, 0x59, 0x11, 0x91, 0x55, 0x11, 
    0x16, 0x90, 0x11, 0x11, 0x11, 0x11, 0x11, 0x55, 0x10, 0x11, 0x10, 0x10, 0x10, 0x10, 0x10, 0x11, 
    0x11, 0x11, 0x00, 0x11, 0x11, 0x56, 0x66, 0x62, 0xaa, 0xa7, 0xfa, 0xa6, 0xb9, 0x11, 0x11, 0x11, 
    0x11, 0x11, 0x11, 0x11, 0x11, 0x11, 0x11, 0x11, 0x11, 0x11, 0x11, 0x6a, 0xb6, 0xb9, 0x6a, 0x55, 
    0x55, 0x55, 0x75, 0x55, 0x55, 0xba, 0xba, 0x65, 0x55, 0x6b, 0xff, 0xa5, 0x65, 0x55, 0x55, 0x55, 
    0x51, 0x51, 0x55, 0x55, 0x65, 0x55, 0x55, 0x66, 0x6b, 0xfa, 0xb6, 0xa6, 0x65, 0x56, 0x56, 0x95, 
    0x11, 0x11, 0x11, 0x11, 0x11, 0x11, 0x11, 0x56, 0x11, 0x65, 0x10, 0x11, 0x11, 0x11, 0x11, 0x11, 
    0x11, 0x11, 0x11, 0x11, 0x11, 0x10, 0x11, 0x11, 0x11, 0x11, 0x55, 0x55, 0x65, 0x61, 0x11, 0x11, 
    0x65, 0x11, 0x55, 0x51, 0x55, 0x55, 0x55, 0x60, 0x00, 0x11, 0x10, 0x00, 0x11, 0x10, 0x10, 0x15, 
    0x65, 0x65, 0x55, 0x56, 0x55, 0x55, 0xbf, 0xff, 0xff, 0xff, 0xff, 0xff, 0x51, 0x11, 0x51, 0x51, 
    0x55, 0x55, 0x55, 0x55, 0x55, 0x55, 0x55, 0x59, 0x44, 0x54, 0x44, 0x54, 0x44, 0x05, 0x45, 0x99, 
    0x99, 0x9a, 0x99, 0x99, 0x99, 0x59, 0x44, 0x44, 0x44, 0x44, 0x6d, 0x45, 0x59, 0x55, 0x56, 0x99, 
    0x99, 0xa9, 0x55, 0x55, 0x55, 0x55, 0x55, 0x55, 0x55, 0x55, 0x55, 0x59, 0x59, 0x94, 0x44, 0x44, 
    0x55, 0x44, 0x44, 0x44, 0x45, 0xd5, 0xd4, 0x55, 0x56, 0x94, 0x55, 0x54, 0x45, 0x44, 0x45, 0x64, 
    0x44, 0x5e, 0x44, 0x54, 0x44, 0x44, 0x44, 0x44, 0x44, 0x44, 0x44, 0x44, 0x45, 0x55, 0x99, 0x99, 
    0xee, 0xaa, 0xfe, 0xea, 0xae, 0x55, 0x44, 0x44, 0x44, 0x55, 0x44, 0x44, 0x44, 0x44, 0x44, 0x55, 
    0x45, 0x45, 0x45, 0x5b, 0x9e, 0xaf, 0xee, 0x55, 0x55, 0x55, 0x69, 0x55, 0x55, 0xea, 0xee, 0x95, 
    0x59, 0xaf, 0xff, 0x99, 0x99, 0x55, 0x55, 0x59, 0x55, 0x55, 0x59, 0xa9, 0x55, 0x59, 0x59, 0x99, 
    0x9a, 0xee, 0xaa, 0xaa, 0xa9, 0x99, 0x56, 0x55, 0x44, 0x44, 0x44, 0x44, 0x45, 0x45, 0x55, 0x9d, 
    0x55, 0x94, 0x44, 0x44, 0x44, 0x44, 0x44, 0x45, 0x45, 0x45, 0x55, 0x45, 0x44, 0x44, 0x44, 0x44, 
    0x44, 0x45, 0x55, 0x99, 0x59, 0x95, 0x45, 0x45, 0x95, 0x55, 0x45, 0x55, 0x55, 0x55, 0x59, 0x98, 
    0x44, 0x55, 0x44, 0x44, 0x44, 0x44, 0x55, 0x59, 0x99, 0x99, 0x55, 0x59, 0x55, 0x5f, 0xff, 0xff, 
    0xff, 0xff, 0xff, 0xf9, 0x55, 0x55, 0x55, 0x55, 0x11, 0x11, 0x11, 0x11, 0x15, 0x15, 0x55, 0x65, 
    0x11, 0x01, 0x01, 0x14, 0x00, 0x01, 0x15, 0x55, 0x56, 0x66, 0x66, 0x56, 0x66, 0x56, 0x50, 0x10, 
    0x01, 0x01, 0x07, 0x95, 0x55, 0x15, 0x16, 0x65, 0x66, 0x65, 0x15, 0x55, 0x55, 0x55, 0x55, 0x55, 
    0x55, 0x55, 0x55, 0x55, 0x55, 0x55, 0x41, 0x01, 0x00, 0x00, 0x01, 0x11, 0x11, 0x51, 0x11, 0x11, 
    0x16, 0x11, 0x15, 0x11, 0x01, 0x01, 0x11, 0x21, 0x11, 0x29, 0x01, 0x21, 0x01, 0x11, 0x40, 0x01, 
    0x11, 0x11, 0x11, 0x01, 0x11, 0x15, 0x56, 0x55, 0x6b, 0xaa, 0xbf, 0x6a, 0x6b, 0x51, 0x01, 0x11, 
    0x15, 0x11, 0x11, 0x11, 0x11, 0x01, 0x11, 0x11, 0x11, 0x11, 0x11, 0x2b, 0xbb, 0xab, 0xbe, 0x5a, 
    0x15, 0x15, 0x15, 0x15, 0x17, 0xba, 0x6b, 0x95, 0x55, 0xba, 0xbf, 0x6a, 0x5a, 0x55, 0x11, 0x15, 
    0x15, 0x15, 0x65, 0x55, 0x55, 0x15, 0x15, 0x56, 0x66, 0xaa, 0x66, 0x66, 0xaa, 0x6a, 0x56, 0x15, 
    0x11, 0x11, 0x15, 0x11, 0x11, 0x11, 0x15, 0x65, 0x11, 0x60, 0x11, 0x01, 0x01, 0x01, 0x01, 0x11, 
    0x51, 0x11, 0x11, 0x11, 0x11, 0x01, 0x11, 0x01, 0x11, 0x11, 0x15, 0x56, 0x65, 0x51, 0x11, 0x15, 
    0x51, 0x11, 0x11, 0x11, 0x15, 0x55, 0x55, 0x56, 0x50, 0x01, 0x00, 0x01, 0x01, 0x01, 0x51, 0x16, 
    0x56, 0x56, 0x55, 0x55, 0x17, 0xbf, 0xbf, 0xff, 0xff, 0xbf, 0xfb, 0x57, 0x51, 0x15, 0x15, 0x15, 
    0x55, 0x55, 0x55, 0x55, 0x55, 0x55, 0x55, 0x95, 0x54, 0x44, 0x44, 0x45, 0x44, 0x44, 0x59, 0x99, 
    0x99, 0x59, 0xa9, 0x99, 0x99, 0x99, 0x94, 0x44, 0x44, 0x44, 0x45, 0xe5, 0x99, 0x95, 0x59, 0xa9, 
    0xa9, 0x95, 0x59, 0x95, 0x55, 0x55, 0x55, 0x55, 0x55, 0x55, 0x55, 0x99, 0x99, 0x98, 0x44, 0x44, 
    0x44, 0x44, 0x54, 0x44, 0x55, 0x55, 0x54, 0x44, 0x59, 0x45, 0x55, 0x54, 0x55, 0x44, 0x44, 0x94, 
    0x54, 0x7d, 0x44, 0x54, 0x44, 0x44, 0x44, 0x54, 0x44, 0x54, 0x44, 0x44, 0x55, 0x55, 0x55, 0x9a, 
    0x6f, 0xee, 0xbf, 0xee, 0xaa, 0xd5, 0x44, 0x44, 0x5d, 0x55, 0x54, 0x54, 0x54, 0x44, 0x54, 0x54, 
    0x55, 0x55, 0x55, 0xfe, 0x95, 0xff, 0xfd, 0x9d, 0x55, 0x55, 0x94, 0x55, 0x5b, 0xfe, 0x95, 0x59, 
    0x9a, 0xfa, 0xfd, 0xa9, 0x99, 0x55, 0x55, 0x69, 0x55, 0x55, 0xe9, 0x99, 0x99, 0x95, 0x55, 0x99, 
    0x99, 0xaa, 0xa9, 0xaa, 0xaa, 0xaa, 0xea, 0x95, 0x54, 0x54, 0x54, 0x55, 0x55, 0x55, 0x95, 0x65, 
    0x55, 0x94, 0x44, 0x54, 0x44, 0x44, 0x44, 0x54, 0x54, 0x55, 0x55, 0x54, 0x55, 0x44, 0x54, 0x55, 
    0x55, 0x55, 0x55, 0x5a, 0x95, 0x94, 0x55, 0x56, 0x95, 0x55, 0x54, 0x54, 0x55, 0x55, 0x99, 0x99, 
    0x95, 0x44, 0x54, 0x44, 0x44, 0x45, 0x55, 0x59, 0x99, 0x99, 0x99, 0x95, 0xff, 0xef, 0xff, 0xff, 
    0xff, 0xea, 0x95, 0x55, 0x55, 0x55, 0x55, 0x55, 0x51, 0x51, 0x51, 0x51, 0x51, 0x55, 0x55, 0x51, 
    0x11, 0x11, 0x00, 0x11, 0x50, 0x00, 0x15, 0x55, 0x65, 0x66, 0x65, 0x66, 0x65, 0x65, 0x51, 0x50, 
    0x10, 0x11, 0x11, 0x39, 0x55, 0x55, 0x55, 0x65, 0x56, 0x95, 0x65, 0x55, 0x55, 0x55, 0x55, 0x55, 
    0x55, 0x55, 0x55, 0x55, 0x55, 0x64, 0x10, 0x11, 0x00, 0x11, 0x11, 0x10, 0x11, 0x11, 0x51, 0x11, 
    0x55, 0x51, 0x11, 0x51, 0x11, 0x11, 0x51, 0x90, 0x11, 0x65, 0x00, 0x10, 0x01, 0x00, 0x11, 0x00, 
    0x11, 0x11, 0x10, 0x11, 0x11, 0x51, 0x55, 0x55, 0x5a, 0xba, 0xbf, 0xea, 0xaa, 0xb1, 0x11, 0x11, 
    0x15, 0x66, 0x51, 0x11, 0x11, 0x11, 0x11, 0x11, 0x11, 0x11, 0x12, 0xa1, 0x11, 0x56, 0xb9, 0x55, 
    0x55, 0x55, 0x65, 0x15, 0x57, 0xb9, 0x55, 0x65, 0x5b, 0xeb, 0xf6, 0x55, 0x51, 0x11, 0x51, 0x65, 
    0x51, 0x51, 0x69, 0x55, 0xa5, 0x55, 0x15, 0x55, 0x66, 0xfa, 0x66, 0x66, 0xaa, 0x6a, 0xa5, 0xa5, 
    0x51, 0x11, 0x11, 0x51, 0x11, 0x11, 0x55, 0x61, 0x16, 0x51, 0x10, 0x10, 0x10, 0x11, 0x11, 0x11, 
    0x11, 0x11, 0x11, 0x15, 0x11, 0x11, 0x55, 0x11, 0x11, 0x11, 0x11, 0x55, 0x55, 0x11, 0x11, 0x12, 
    0x65, 0x51, 0x11, 0x11, 0x11, 0x11, 0x55, 0x55, 0x55, 0x10, 0x10, 0x01, 0x11, 0x15, 0x51, 0x66, 
    0x65, 0x55, 0x55, 0x6b, 0xff, 0xbf, 0xff, 0xfa, 0xa5, 0x11, 0x15, 0x55, 0x51, 0x11, 0x55, 0x55, 
    0x55, 0x55, 0x55, 0x55, 0x55, 0x55, 0x55, 0x95, 0x55, 0x54, 0x44, 0x44, 0x44, 0x54, 0x49, 0x99, 
    0x99, 0x99, 0x99, 0x59, 0x99, 0x99, 0x55, 0x44, 0x44, 0x44, 0x44, 0x4e, 0x59, 0x55, 0x59, 0x99, 
    0x9a, 0x45, 0x99, 0x99, 0x55, 0x55, 0x55, 0x55, 0x55, 0x55, 0x59, 0x59, 0x99, 0xa9, 0x44, 0x44, 
    0x44, 0x44, 0x44, 0x44, 0x44, 0x44, 0x45, 0x45, 0x5a, 0x95, 0x49, 0x45, 0x95, 0x45, 0x55, 0x84, 
    0x5c, 0x45, 0x44, 0x44, 0x44, 0x44, 0x44, 0x44, 0x45, 0x44, 0x44, 0x44, 0x45, 0x55, 0x55, 0x55, 
    0x5a, 0xae, 0xdf, 0xfa, 0xaa, 0xac, 0x44, 0x45, 0x55, 0x59, 0x44, 0x44, 0x45, 0x44, 0x45, 0x45, 
    0x45, 0x59, 0x44, 0x44, 0x45, 0x55, 0x59, 0x55, 0x54, 0x59, 0x55, 0x59, 0x56, 0xe9, 0x55, 0x99, 
    0xaf, 0xaf, 0xd9, 0x99, 0x55, 0x45, 0x55, 0xa9, 0x55, 0x55, 0x59, 0x59, 0x99, 0x45, 0x59, 0x99, 
    0x99, 0xae, 0x9a, 0xae, 0xaa, 0xae, 0xe9, 0x99, 0x99, 0x54, 0x45, 0x55, 0x45, 0x45, 0x99, 0xc5, 
    0x4d, 0x44, 0x44, 0x44, 0x44, 0x44, 0x44, 0x44, 0x45, 0x55, 0x45, 0x54, 0x45, 0x44, 0x55, 0x45, 
    0x45, 0x44, 0x45, 0x59, 0x99, 0x45, 0x45, 0x55, 0x9a, 0x59, 0x45, 0x55, 0x55, 0x45, 0x59, 0x59, 
    0x99, 0x55, 0x44, 0x44, 0x44, 0x55, 0x55, 0x99, 0x99, 0x99, 0x96, 0xff, 0xea, 0xff, 0xfe, 0x94, 
    0x44, 0x45, 0x55, 0x55, 0x55, 0x55, 0x45, 0x55, 0x11, 0x11, 0x11, 0x15, 0x15, 0x15, 0x56, 0x55, 
    0x11, 0x15, 0x01, 0x01, 0x01, 0x55, 0x11, 0x56, 0x56, 0x55, 0x55, 0x55, 0x55, 0x55, 0x11, 0x51, 
    0x01, 0x01, 0x01, 0x12, 0x55, 0x55, 0x55, 0x66, 0x6b, 0x51, 0x15, 0x55, 0x55, 0x55, 0x55, 0x55, 
    0x15, 0x15, 0x55, 0x55, 0x56, 0x65, 0x51, 0x01, 0x01, 0x01, 0x00, 0x01, 0x01, 0x51, 0x01, 0x11, 
    0x16, 0x11, 0x15, 0x15, 0x15, 0x11, 0x12, 0x00, 0x15, 0x11, 0x01, 0x01, 0x01, 0x01, 0x01, 0x01, 
    0x11, 0x10, 0x01, 0x01, 0x11, 0x15, 0x15, 0x55, 0x52, 0xa6, 0xa7, 0xfa, 0xaa, 0xaa, 0x11, 0x11, 
    0x11, 0x15, 0x11, 0x01, 0x11, 0x01, 0x15, 0x52, 0x11, 0x15, 0x11, 0x11, 0x12, 0xa5, 0x51, 0x15, 
    0x15, 0x15, 0x15, 0x15, 0x55, 0x65, 0x15, 0x56, 0xba, 0xbf, 0x55, 0x55, 0x11, 0x11, 0x15, 0x11, 
    0x11, 0x15, 0x15, 0x55, 0x56, 0x95, 0x15, 0x56, 0x56, 0x6a, 0x56, 0x6b, 0xaa, 0xaa, 0x96, 0x56, 
    0xb5, 0x57, 0x51, 0x11, 0x11, 0x15, 0x66, 0x51, 0x19, 0x01, 0x01, 0x11, 0x11, 0x11, 0x11, 0x11, 
    0x11, 0x11, 0x11, 0x11, 0x11, 0x15, 0x11, 0x11, 0x11, 0x15, 0x11, 0x55, 0x55, 0x55, 0x55, 0x11, 
    0x56, 0x55, 0x51, 0x11, 0x15, 0x51, 0x55, 0x56, 0x55, 0x55, 0x10, 0x01, 0x01, 0x11, 0x11, 0x55, 
    0x56, 0x55, 0x6b, 0xba, 0x6b, 0xba, 0x51, 0x11, 0x11, 0x11, 0x15, 0x15, 0x15, 0x15, 0x15, 0x11, 
    0x55, 0x55, 0x55, 0x55, 0x55, 0x55, 0x99, 0x95, 0x55, 0x95, 0x54, 0x44, 0x44, 0x59, 0x44, 0x99, 
    0x99, 0x99, 0x95, 0x99, 0x99, 0x99, 0x55, 0x54, 0x54, 0x44, 0x44, 0x55, 0x95, 0x95, 0x99, 0xa9, 
    0xae, 0x95, 0x55, 0x59, 0x95, 0x55, 0x55, 0x95, 0x95, 0x55, 0x55, 0x99, 0x99, 0x99, 0x94, 0x54, 
    0x44, 0x55, 0x54, 0x45, 0x44, 0x54, 0x94, 0x44, 0x54, 0x59, 0x55, 0x55, 0x44, 0x54, 0x56, 0x44, 
    0x44, 0x44, 0x44, 0x44, 0x44, 0x44, 0x44, 0x44, 0x44, 0x44, 0x44, 0x44, 0x55, 0x55, 0x55, 0x59, 
    0x99, 0xe9, 0xee, 0xfe, 0xaa, 0xef, 0x84, 0x54, 0x55, 0x99, 0x54, 0x44, 0x55, 0x69, 0x95, 0x55, 
    0x54, 0x55, 0x54, 0x44, 0x55, 0xd5, 0xd5, 0x54, 0x55, 0x55, 0x55, 0x55, 0x56, 0xad, 0x59, 0x9a, 
    0xee, 0xfe, 0x99, 0x95, 0x55, 0x54, 0x55, 0x54, 0x55, 0x55, 0x55, 0xa9, 0x9f, 0x95, 0x59, 0x95, 
    0x99, 0xaa, 0x99, 0xaa, 0xfe, 0xee, 0x95, 0x99, 0xa9, 0x99, 0x55, 0x54, 0x55, 0x55, 0x56, 0x55, 
    0x59, 0x44, 0x44, 0x44, 0x44, 0x54, 0x54, 0x54, 0x55, 0x54, 0x44, 0x54, 0x54, 0x55, 0x54, 0x44, 
    0x55, 0x55, 0x55, 0x95, 0x55, 0x55, 0x95, 0x95, 0x95, 0x55, 0x55, 0x55, 0x55, 0x55, 0x55, 0x95, 
    0x59, 0x99, 0x95, 0x40, 0x40, 0x55, 0x59, 0x99, 0x99, 0x96, 0xfe, 0xea, 0xfe, 0x95, 0x55, 0x54, 
    0x54, 0x55, 0x55, 0x55, 0x55, 0x55, 0x55, 0x55, 0x51, 0x51, 0x51, 0x51, 0x51, 0x55, 0x56, 0x55, 
    0x55, 0x55, 0x55, 0x10, 0x10, 0x11, 0x51, 0x15, 0x65, 0x65, 0x55, 0x55, 0x65, 0x65, 0x55, 0x51, 
    0x15, 0x11, 0x11, 0x11, 0x61, 0x55, 0x55, 0x66, 0x66, 0x55, 0x55, 0x51, 0x15, 0x55, 0x55, 0x55, 
    0x51, 0x55, 0x55, 0x55, 0x66, 0x65, 0x50, 0x10, 0x11, 0x11, 0x15, 0x10, 0x10, 0x11, 0x60, 0x11, 
    0x11, 0x19, 0x51, 0x51, 0x51, 0x00, 0x10, 0x56, 0x50, 0x10, 0x11, 0x11, 0x10, 0x11, 0x10, 0x10, 
    0x10, 0x10, 0x11, 0x11, 0x11, 0x11, 0x51, 0x55, 0x55, 0x6a, 0x7a, 0xbf, 0xaa, 0xba, 0x91, 0x11, 
    0x11, 0x15, 0x11, 0x11, 0x11, 0x27, 0xb1, 0x11, 0x11, 0x11, 0x11, 0x11, 0x12, 0x91, 0x51, 0x11, 
    0x11, 0x11, 0x65, 0x55, 0x56, 0xb5, 0x55, 0x5b, 0xbb, 0xf9, 0x65, 0x51, 0x11, 0x11, 0x11, 0x51, 
    0x11, 0x11, 0x55, 0xa5, 0xbe, 0x55, 0x55, 0x65, 0x55, 0x66, 0x66, 0x66, 0xbb, 0xba, 0x55, 0x55, 
    0x55, 0x65, 0x11, 0x51, 0x51, 0x15, 0x55, 0x15, 0x64, 0x11, 0x01, 0x01, 0x01, 0x11, 0x11, 0x11, 
    0x11, 0x11, 0x11, 0x11, 0x11, 0x11, 0x11, 0x61, 0x11, 0x11, 0x56, 0x65, 0x55, 0x55, 0x55, 0x55, 
    0x51, 0x11, 0x11, 0x61, 0x51, 0x65, 0x55, 0x55, 0x55, 0x55, 0x65, 0x55, 0x00, 0x51, 0x55, 0x65, 
    0x65, 0x6b, 0xf6, 0x6a, 0xa5, 0x51, 0x51, 0x11, 0x11, 0x11, 0x55, 0x55, 0x55, 0x55, 0x51, 0x51, 
    0x55, 0x55, 0x55, 0x55, 0x55, 0x55, 0x5a, 0x95, 0x55, 0x95, 0x55, 0x54, 0x44, 0x45, 0x59, 0x49, 
    0x99, 0x99, 0x59, 0x99, 0x99, 0x95, 0x55, 0x55, 0x55, 0x44, 0x44, 0x44, 0x59, 0x55, 0x59, 0x99, 
    0xaa, 0x55, 0x55, 0x99, 0x55, 0x59, 0x55, 0x55, 0x55, 0x55, 0x59, 0x59, 0x99, 0x99, 0x54, 0x44, 
    0x44, 0x45, 0x44, 0x44, 0x44, 0x44, 0x44, 0x44, 0x59, 0x4a, 0x55, 0x55, 0x55, 0x44, 0x54, 0x05, 
    0x55, 0x44, 0x55, 0x44, 0x44, 0x44, 0x44, 0x44, 0x44, 0x44, 0x44, 0x44, 0x55, 0x55, 0x54, 0x55, 
    0x59, 0x6a, 0xae, 0xbf, 0xea, 0xae, 0xe5, 0x55, 0x45, 0x44, 0x44, 0x44, 0x45, 0x6b, 0xe6, 0xed, 
    0x44, 0x44, 0x45, 0x45, 0x45, 0x55, 0x85, 0x45, 0x45, 0x45, 0x5a, 0x99, 0x9a, 0xd9, 0x59, 0x6e, 
    0xff, 0xfa, 0x95, 0x55, 0x45, 0x45, 0x55, 0x45, 0x45, 0x45, 0x45, 0x9b, 0xfd, 0x55, 0x59, 0x99, 
    0x55, 0x99, 0x9a, 0xaa, 0xaf, 0xea, 0x5a, 0x59, 0x59, 0x59, 0x45, 0x55, 0x99, 0x55, 0x59, 0x55, 
    0x94, 0x44, 0x44, 0x44, 0x44, 0x45, 0x45, 0x45, 0x55, 0x55, 0x45, 0x45, 0x44, 0x44, 0x45, 0x55, 
    0x45, 0x55, 0x5a, 0x99, 0x59, 0x59, 0x99, 0x59, 0x95, 0x55, 0x45, 0x5a, 0x99, 0x55, 0x55, 0x55, 
    0x59, 0x55, 0x55, 0x95, 0x44, 0x45, 0x99, 0x99, 0x99, 0xfe, 0x9a, 0x99, 0x55, 0x55, 0x54, 0x44, 
    0x44, 0x45, 0x55, 0x55, 0x55, 0x55, 0x55, 0x55, 0x11, 0x11, 0x11, 0x15, 0x15, 0x15, 0x66, 0x55, 
    0x16, 0x55, 0x55, 0x55, 0x01, 0x01, 0x15, 0x11, 0x55, 0x55, 0x55, 0x55, 0x55, 0x11, 0x11, 0x11, 
    0x55, 0x11, 0x11, 0x11, 0x16, 0x15, 0x55, 0x56, 0xaa, 0x55, 0x16, 0x66, 0x55, 0x11, 0x56, 0x55, 
    0x15, 0x15, 0x55, 0x56, 0x55, 0x55, 0x55, 0x55, 0x10, 0x01, 0x05, 0x01, 0x00, 0x01, 0x11, 0x01, 
    0x11, 0x52, 0x95, 0x55, 0x11, 0x11, 0x20, 0x15, 0x01, 0x51, 0x01, 0x00, 0x11, 0x01, 0x26, 0x51, 
    0x01, 0x00, 0x00, 0x01, 0x11, 0x11, 0x11, 0x15, 0x55, 0x1a, 0xaa, 0xaf, 0xfa, 0x6a, 0xa9, 0x11, 
    0x11, 0x15, 0x01, 0x01, 0x11, 0x16, 0x96, 0xb9, 0x01, 0x51, 0x11, 0x11, 0x16, 0x11, 0x11, 0x11, 
    0x11, 0x11, 0x51, 0x5b, 0xba, 0x55, 0x55, 0xba, 0xbf, 0xaa, 0x56, 0x15, 0x01, 0x11, 0x11, 0x12, 
    0x51, 0x11, 0x11, 0x7f, 0xb9, 0x11, 0x55, 0x55, 0x56, 0x55, 0x16, 0x6a, 0xaa, 0xaa, 0x55, 0x55, 
    0x55, 0x52, 0x11, 0x51, 0x56, 0x66, 0x61, 0x16, 0x51, 0x00, 0x11, 0x01, 0x05, 0x11, 0x51, 0x15, 
    0x11, 0x11, 0x11, 0x11, 0x11, 0x11, 0x11, 0x01, 0x12, 0x51, 0x56, 0x55, 0x55, 0x55, 0x55, 0x66, 
    0xa1, 0x66, 0x55, 0x11, 0x6a, 0x65, 0x15, 0x11, 0x55, 0x51, 0x16, 0x56, 0x51, 0x16, 0x56, 0x56, 
    0x5b, 0xb5, 0x65, 0x15, 0x15, 0x11, 0x11, 0x11, 0x11, 0x15, 0x11, 0x11, 0x15, 0x11, 0x11, 0x11, 
    0x55, 0x55, 0x55, 0x55, 0x55, 0x55, 0x99, 0x95, 0x99, 0x95, 0x95, 0x55, 0x44, 0x44, 0x45, 0x99, 
    0x99, 0x99, 0x99, 0x99, 0x95, 0x55, 0x55, 0x55, 0x95, 0x54, 0x44, 0x54, 0x55, 0x95, 0x99, 0x9a, 
    0xfd, 0x95, 0x99, 0x99, 0x95, 0x55, 0x55, 0x59, 0x95, 0x55, 0x99, 0x99, 0x99, 0x95, 0x95, 0x99, 
    0x99, 0x94, 0x49, 0x44, 0x44, 0x45, 0x45, 0x94, 0x44, 0x66, 0xe5, 0x55, 0x55, 0x55, 0x54, 0x44, 
    0x5a, 0xd4, 0x44, 0x44, 0x54, 0x45, 0xfd, 0x55, 0x94, 0x44, 0x44, 0x54, 0x54, 0x55, 0x55, 0x55, 
    0x95, 0x5a, 0xaa, 0xeb, 0xfe, 0x9a, 0xee, 0x54, 0x55, 0x55, 0x44, 0x44, 0x44, 0xa9, 0x55, 0xfc, 
    0x45, 0xfe, 0x94, 0x55, 0x5e, 0x56, 0x54, 0x54, 0x54, 0x55, 0x95, 0x5a, 0xa9, 0x99, 0x96, 0xeb, 
    0xff, 0xa9, 0x99, 0x55, 0x54, 0x44, 0x55, 0x55, 0x94, 0x55, 0x56, 0xff, 0xf9, 0x55, 0xae, 0x99, 
    0x99, 0x99, 0x9a, 0xae, 0xae, 0xa9, 0x99, 0x99, 0x55, 0x55, 0x55, 0x55, 0x9a, 0xaa, 0x99, 0x5a, 
    0x94, 0x44, 0x44, 0x44, 0x45, 0x54, 0x54, 0x54, 0x54, 0x54, 0x54, 0x55, 0x44, 0x54, 0x55, 0x44, 
    0x45, 0x55, 0x59, 0x95, 0x59, 0x99, 0x99, 0x99, 0xe5, 0x59, 0x99, 0x99, 0x55, 0x95, 0x99, 0x95, 
    0x55, 0x95, 0x55, 0x99, 0x99, 0x99, 0x99, 0x99, 0xbf, 0x99, 0x95, 0x55, 0x55, 0x54, 0x55, 0x54, 
    0x54, 0x44, 0x99, 0x99, 0x99, 0x99, 0x99, 0x94, 0x51, 0x51, 0x51, 0x51, 0x51, 0x55, 0x65, 0x55, 
    0x56, 0x55, 0x55, 0x51, 0x10, 0x10, 0x11, 0x55, 0x15, 0x65, 0x55, 0x55, 0x51, 0x11, 0x11, 0x55, 
    0x51, 0x51, 0x51, 0x11, 0x11, 0x61, 0x65, 0x56, 0xb9, 0x56, 0x66, 0x65, 0x55, 0x55, 0x55, 0x51, 
    0x11, 0x11, 0x55, 0x65, 0x55, 0x55, 0x55, 0x55, 0x55, 0x7a, 0x55, 0x10, 0x00, 0x11, 0x11, 0x11, 
    0x11, 0x1b, 0xf9, 0x51, 0x11, 0x11, 0x50, 0x01, 0x51, 0x51, 0x00, 0x16, 0x51, 0x00, 0x11, 0x56, 
    0x51, 0x10, 0x00, 0x11, 0x11, 0x51, 0x11, 0x55, 0x55, 0x52, 0xaa, 0xa7, 0xff, 0xa6, 0xbb, 0x55, 
    0x51, 0x10, 0x11, 0x10, 0x11, 0xab, 0x91, 0x55, 0x12, 0xb7, 0x91, 0x11, 0x16, 0x55, 0x11, 0x11, 
    0x11, 0x11, 0x51, 0x11, 0x66, 0x65, 0x5b, 0xab, 0xfe, 0x65, 0x55, 0x51, 0x11, 0x11, 0x11, 0x11, 
    0x51, 0x11, 0x2b, 0xff, 0xe6, 0x51, 0x66, 0xa5, 0x66, 0xa6, 0x66, 0xaa, 0xaa, 0x65, 0x55, 0x65, 
    0x55, 0x11, 0x51, 0x15, 0x66, 0x66, 0xaa, 0x57, 0x51, 0x10, 0x10, 0x10, 0x15, 0x11, 0x51, 0x11, 
    0x51, 0x11, 0x11, 0x11, 0x11, 0x11, 0x11, 0x11, 0x11, 0x11, 0x56, 0x55, 0x51, 0x55, 0x66, 0x65, 
    0xb5, 0x56, 0x66, 0x65, 0x65, 0x55, 0x55, 0x56, 0x66, 0x51, 0x11, 0x55, 0x55, 0x51, 0x65, 0x56, 
    0xf9, 0x55, 0x55, 0x51, 0x51, 0x11, 0x11, 0x11, 0x11, 0x10, 0x65, 0x66, 0x65, 0x55, 0x65, 0x55, 
    0x55, 0x55, 0x55, 0x55, 0x55, 0x55, 0x99, 0x95, 0x59, 0x55, 0x55, 0x55, 0x59, 0x44, 0x44, 0x59, 
    0x45, 0x99, 0x99, 0x99, 0x95, 0x55, 0x55, 0x59, 0x55, 0x59, 0x54, 0x44, 0x44, 0x59, 0x99, 0x9e, 
    0xed, 0x59, 0x99, 0x99, 0x55, 0x59, 0x55, 0x55, 0x54, 0x49, 0x99, 0x99, 0x99, 0x59, 0x59, 0x99, 
    0x9a, 0xf9, 0x9a, 0x94, 0x44, 0x44, 0x44, 0x46, 0x45, 0x4b, 0xfe, 0x45, 0x55, 0x45, 0x44, 0x45, 
    0x45, 0x44, 0x45, 0x96, 0x44, 0x44, 0x54, 0x44, 0x45, 0x44, 0x44, 0x45, 0x55, 0x45, 0x45, 0x55, 
    0x55, 0x59, 0xae, 0xed, 0xff, 0xe9, 0xae, 0xda, 0x55, 0x54, 0x44, 0x44, 0x45, 0xaf, 0xc5, 0xe9, 
    0x45, 0x9a, 0x84, 0x44, 0x59, 0x55, 0x45, 0x44, 0x44, 0x55, 0x45, 0x55, 0x59, 0x99, 0xaf, 0xbf, 
    0xf9, 0x95, 0x55, 0x45, 0x44, 0x44, 0x44, 0x45, 0x45, 0x45, 0xbf, 0xff, 0xd5, 0x55, 0x59, 0x99, 
    0xaa, 0x9a, 0xaa, 0xae, 0xee, 0x99, 0x59, 0x99, 0x55, 0x55, 0x55, 0x59, 0xaa, 0xa9, 0x99, 0x4b, 
    0x44, 0x44, 0x44, 0x44, 0x05, 0x85, 0x44, 0x45, 0x45, 0x44, 0x55, 0x44, 0x44, 0x55, 0x44, 0x45, 
    0x45, 0x55, 0x55, 0x59, 0x99, 0x59, 0x99, 0x9a, 0xe9, 0x55, 0x99, 0x99, 0x9a, 0x99, 0x95, 0x55, 
    0x59, 0x55, 0x59, 0x59, 0x55, 0x59, 0x55, 0x6f, 0xe9, 0x59, 0x59, 0x55, 0x45, 0x45, 0x55, 0x44, 
    0x44, 0x44, 0x59, 0x99, 0x99, 0x99, 0x99, 0x59, 0x11, 0x11, 0x11, 0x11, 0x15, 0x15, 0x56, 0x51, 
    0x55, 0x55, 0x11, 0x11, 0x15, 0x50, 0x01, 0x02, 0x51, 0x55, 0x55, 0x55, 0x51, 0x11, 0x11, 0x15, 
    0x11, 0x15, 0x15, 0x01, 0x11, 0x15, 0x56, 0x6b, 0xa6, 0x66, 0x66, 0x65, 0x55, 0x55, 0x55, 0x55, 
    0x55, 0x11, 0x16, 0x52, 0x55, 0x55, 0x55, 0x55, 0x67, 0xa5, 0x56, 0x6a, 0x65, 0x01, 0x11, 0x11, 
    0x12, 0x12, 0xbb, 0x51, 0x11, 0x51, 0x11, 0x11, 0x10, 0x00, 0x01, 0x56, 0x51, 0x11, 0x00, 0x00, 
    0x01, 0x15, 0x11, 0x11, 0x21, 0x11, 0x11, 0x15, 0x11, 0x15, 0x6a, 0xaa, 0x7f, 0xfa, 0x6a, 0xb7, 
    0x55, 0x11, 0x01, 0x01, 0x01, 0x1b, 0x5a, 0xa1, 0x11, 0x16, 0x41, 0x01, 0x1f, 0x5a, 0x41, 0x11, 
    0x11, 0x11, 0x51, 0x11, 0x55, 0x56, 0x7b, 0xbf, 0xa6, 0x55, 0x51, 0x11, 0x11, 0x11, 0x11, 0x11, 
    0x16, 0x17, 0xbf, 0xfa, 0x51, 0x11, 0x11, 0x56, 0x66, 0x66, 0x6a, 0x6a, 0xaa, 0xa5, 0x16, 0x56, 
    0x56, 0x51, 0x55, 0x56, 0x66, 0x66, 0x15, 0x1a, 0x01, 0x00, 0x01, 0x01, 0x06, 0x11, 0x11, 0x11, 
    0x11, 0x15, 0x51, 0x11, 0x01, 0x01, 0x15, 0x11, 0x01, 0x15, 0x55, 0x11, 0x55, 0x55, 0x56, 0x66, 
    0xb5, 0x15, 0x56, 0x55, 0x56, 0x66, 0x66, 0x55, 0x11, 0x15, 0x16, 0x55, 0x11, 0x55, 0x51, 0xbf, 
    0x95, 0x55, 0x55, 0x51, 0x11, 0x11, 0x15, 0x41, 0x01, 0x00, 0x16, 0x56, 0x56, 0x55, 0x55, 0x56, 
    0x55, 0x55, 0x55, 0x55, 0x55, 0x5a, 0xa9, 0x95, 0x95, 0x55, 0x55, 0x55, 0x55, 0x99, 0x44, 0x44, 
    0x99, 0x59, 0x99, 0x99, 0x95, 0x55, 0x55, 0x55, 0x55, 0x55, 0x55, 0x54, 0x54, 0x56, 0x5a, 0xae, 
    0xe9, 0x99, 0xa9, 0xa9, 0x55, 0x95, 0x95, 0x55, 0x55, 0x55, 0x54, 0x55, 0xaa, 0x95, 0x99, 0x99, 
    0xaf, 0xd9, 0x99, 0xae, 0xee, 0xe4, 0x44, 0x44, 0x44, 0x54, 0xff, 0xe4, 0x46, 0xe9, 0x68, 0x45, 
    0x94, 0x40, 0x54, 0xaa, 0x84, 0x55, 0x44, 0x54, 0x44, 0x44, 0x55, 0x54, 0x55, 0x55, 0x55, 0x55, 
    0x95, 0x55, 0x6a, 0xee, 0xaf, 0xfe, 0x9a, 0xed, 0x95, 0x55, 0x44, 0x44, 0x44, 0x44, 0x5a, 0xe4, 
    0x46, 0x54, 0x44, 0x44, 0x6e, 0x5e, 0x84, 0x54, 0x54, 0x55, 0x95, 0x95, 0x99, 0x9a, 0xfe, 0xff, 
    0xd9, 0x95, 0x55, 0x54, 0x44, 0x54, 0x54, 0x55, 0x55, 0xaf, 0xff, 0xfa, 0x54, 0x55, 0x55, 0x55, 
    0x99, 0xae, 0xaa, 0xae, 0xee, 0x95, 0x69, 0x99, 0xa9, 0x95, 0x99, 0x99, 0xaa, 0xa9, 0x59, 0x59, 
    0x44, 0x44, 0x44, 0x44, 0x45, 0x54, 0x45, 0x55, 0x54, 0x55, 0x55, 0x54, 0x44, 0x44, 0x54, 0x54, 
    0x54, 0x55, 0x55, 0x54, 0x55, 0x59, 0x99, 0xaa, 0xe9, 0x55, 0x59, 0x99, 0x99, 0x9a, 0xa9, 0xa9, 
    0xa9, 0x95, 0x59, 0xa9, 0x95, 0x99, 0x5b, 0xfd, 0x99, 0x99, 0x99, 0x55, 0x55, 0x55, 0x55, 0x94, 
    0x44, 0x44, 0x59, 0x99, 0x99, 0x99, 0x99, 0x95, 0x51, 0x51, 0x51, 0x51, 0x51, 0x66, 0x65, 0x55, 
    0x61, 0x11, 0x11, 0x11, 0x11, 0x65, 0x50, 0x10, 0x15, 0x55, 0x55, 0x55, 0x65, 0x51, 0x11, 0x51, 
    0x11, 0x55, 0x51, 0x51, 0x11, 0x11, 0x56, 0x6a, 0xa5, 0x66, 0x66, 0x65, 0x55, 0x55, 0x55, 0x55, 
    0x55, 0x55, 0x56, 0x50, 0x11, 0x65, 0x55, 0x65, 0xbb, 0x65, 0x66, 0xab, 0xbb, 0xb8, 0x10, 0x11, 
    0x11, 0x51, 0x7a, 0xb9, 0x11, 0x11, 0x25, 0x11, 0x00, 0x00, 0x00, 0x11, 0x00, 0x11, 0x11, 0x91, 
    0x10, 0x00, 0x00, 0x11, 0x51, 0x11, 0x11, 0x55, 0x51, 0x55, 0x5a, 0xab, 0xab, 0xfa, 0x66, 0xaa, 
    0x55, 0x51, 0x11, 0x11, 0x11, 0x11, 0x11, 0x51, 0x17, 0xa9, 0x11, 0x11, 0x26, 0x2a, 0x11, 0x11, 
    0x11, 0x11, 0x66, 0x55, 0x55, 0x67, 0xfb, 0xff, 0x65, 0x95, 0x51, 0x11, 0x11, 0x11, 0x21, 0x11, 
    0x12, 0xbf, 0xff, 0xa6, 0x11, 0x51, 0x11, 0x11, 0x55, 0x66, 0x66, 0x7b, 0xfa, 0x95, 0x66, 0x65, 
    0x66, 0x51, 0x55, 0x66, 0xaa, 0xa5, 0xb5, 0x15, 0x11, 0x10, 0x01, 0x00, 0x11, 0x11, 0x11, 0x11, 
    0x11, 0x11, 0x11, 0x11, 0x11, 0x11, 0x11, 0x11, 0x51, 0x55, 0x55, 0x11, 0x11, 0x11, 0x16, 0x66, 
    0xb9, 0x15, 0x55, 0x55, 0x66, 0xaa, 0x66, 0xa5, 0x66, 0x66, 0x55, 0x55, 0x65, 0x55, 0x7f, 0xa5, 
    0x65, 0x55, 0x51, 0x11, 0x51, 0x55, 0x55, 0x51, 0x10, 0x10, 0x15, 0x65, 0x66, 0x65, 0x65, 0x65, 
    0x55, 0x55, 0x55, 0x55, 0x55, 0x5a, 0x99, 0x59, 0x95, 0x45, 0x55, 0x55, 0x55, 0x59, 0x99, 0x44, 
    0x45, 0x45, 0x59, 0x99, 0x99, 0x55, 0x55, 0x55, 0x55, 0x55, 0x55, 0x45, 0x44, 0x44, 0x66, 0xae, 
    0xd9, 0x99, 0x99, 0x99, 0x55, 0x99, 0x55, 0x55, 0x55, 0x99, 0x59, 0x94, 0x44, 0x45, 0x54, 0x9a, 
    0xfd, 0x99, 0x99, 0xaa, 0xee, 0xd4, 0x44, 0x44, 0x44, 0x44, 0x58, 0x6e, 0x94, 0x44, 0x45, 0x48, 
    0x45, 0x45, 0x94, 0x05, 0x04, 0x44, 0x45, 0x95, 0x55, 0x44, 0x44, 0x44, 0x44, 0x45, 0x45, 0x55, 
    0x55, 0x55, 0x9a, 0xae, 0xab, 0xff, 0x9a, 0xaf, 0x95, 0x55, 0x44, 0x44, 0x54, 0x44, 0x4a, 0x44, 
    0x46, 0xed, 0x44, 0x44, 0x54, 0x5a, 0x45, 0x55, 0x54, 0x45, 0x55, 0x99, 0x99, 0xaf, 0xff, 0xfd, 
    0x95, 0x95, 0x55, 0x45, 0x44, 0x44, 0x44, 0x45, 0x5b, 0xff, 0xfe, 0xad, 0x44, 0x45, 0x45, 0x45, 
    0x55, 0x95, 0x5a, 0xbe, 0xee, 0x95, 0x59, 0x99, 0x99, 0x95, 0x59, 0x9a, 0xaa, 0x9a, 0x85, 0x54, 
    0x44, 0x54, 0x04, 0x04, 0x45, 0xe9, 0x45, 0x45, 0x45, 0x55, 0x55, 0x44, 0x45, 0x59, 0x45, 0x45, 
    0x55, 0x59, 0x99, 0x44, 0x45, 0x55, 0x45, 0x5a, 0xed, 0x55, 0x55, 0x99, 0x99, 0x9a, 0x9a, 0xa9, 
    0x5a, 0x9a, 0xae, 0xd5, 0x55, 0x56, 0xfe, 0x99, 0x99, 0x99, 0x99, 0x55, 0x59, 0x55, 0x59, 0x54, 
    0x44, 0x44, 0x49, 0x99, 0x9a, 0x99, 0x59, 0x99, 0x15, 0x11, 0x11, 0x15, 0x15, 0x56, 0x55, 0x16, 
    0x51, 0x11, 0x11, 0x11, 0x15, 0x55, 0x55, 0x41, 0x01, 0x15, 0x55, 0x55, 0x55, 0x11, 0x11, 0x11, 
    0x11, 0x15, 0x15, 0x11, 0x11, 0x11, 0x15, 0x6b, 0x95, 0x56, 0x66, 0x65, 0x55, 0x55, 0x55, 0x15, 
    0x55, 0x55, 0x66, 0x55, 0x55, 0x01, 0x01, 0x1a, 0xa5, 0x55, 0x6a, 0x6a, 0xab, 0xa1, 0x01, 0x11, 
    0x51, 0x01, 0x15, 0x11, 0x75, 0x01, 0x01, 0x14, 0x01, 0x65, 0x00, 0x00, 0x00, 0x00, 0x01, 0x11, 
    0x11, 0x16, 0x50, 0x00, 0x00, 0x01, 0x11, 0x15, 0x51, 0x16, 0x56, 0xaa, 0xa6, 0xbf, 0xa6, 0x6a, 
    0xa6, 0x91, 0x11, 0x11, 0x50, 0x11, 0x11, 0x11, 0x11, 0x15, 0x11, 0x11, 0x79, 0x2a, 0x11, 0x11, 
    0x11, 0x12, 0x11, 0x55, 0x55, 0xbf, 0xbf, 0xf6, 0x56, 0x51, 0x11, 0x11, 0x11, 0x11, 0x11, 0x11, 
    0x6f, 0xff, 0xf6, 0xb9, 0x11, 0x11, 0x11, 0x11, 0x15, 0x55, 0x15, 0x7a, 0x6a, 0x55, 0x6a, 0x56, 
    0x56, 0x55, 0x55, 0x66, 0xa6, 0xa5, 0x02, 0x51, 0x00, 0x10, 0x00, 0x01, 0x02, 0x55, 0x11, 0x11, 
    0x11, 0x15, 0x11, 0x11, 0x11, 0x11, 0x11, 0x15, 0x15, 0x1a, 0x55, 0x11, 0x11, 0x11, 0x11, 0x15, 
    0xa9, 0x15, 0x55, 0x56, 0x56, 0x66, 0x66, 0x65, 0x66, 0x66, 0x6b, 0x56, 0x66, 0x5b, 0xb5, 0x55, 
    0x55, 0x56, 0x55, 0x15, 0x15, 0x55, 0x55, 0x51, 0x01, 0x01, 0x05, 0x65, 0x56, 0x65, 0x56, 0x56, 
    0x55, 0x55, 0x55, 0x55, 0x55, 0x99, 0x95, 0x99, 0x55, 0x55, 0x55, 0x55, 0x55, 0x99, 0x99, 0x94, 
    0x44, 0x59, 0x59, 0x99, 0x99, 0x55, 0x55, 0x55, 0x55, 0x55, 0x55, 0x55, 0x54, 0x44, 0x56, 0xae, 
    0xd9, 0x99, 0xa9, 0xa9, 0x99, 0x95, 0x55, 0x55, 0x55, 0x95, 0xa9, 0x95, 0x95, 0x95, 0x44, 0x45, 
    0x9a, 0xe9, 0xae, 0xee, 0xe9, 0xa4, 0x45, 0x95, 0x95, 0xaa, 0xee, 0x95, 0xae, 0x94, 0x44, 0x45, 
    0x4a, 0x84, 0x44, 0x40, 0x44, 0x40, 0x44, 0x44, 0x54, 0xae, 0x55, 0x44, 0x44, 0x44, 0x55, 0x55, 
    0x44, 0x55, 0x99, 0xaa, 0xe9, 0xff, 0xe9, 0xaa, 0xf9, 0x95, 0x54, 0x54, 0x54, 0x44, 0x55, 0x54, 
    0x5e, 0x95, 0x54, 0x44, 0xbc, 0x6e, 0x55, 0x55, 0x95, 0x55, 0x55, 0x55, 0x9a, 0xff, 0xff, 0xe9, 
    0x95, 0x55, 0x54, 0x54, 0x44, 0x54, 0x54, 0x45, 0xff, 0xff, 0xee, 0xb5, 0x55, 0x56, 0x54, 0x55, 
    0x55, 0x95, 0x99, 0xf9, 0x9a, 0x95, 0xa9, 0x99, 0x99, 0x99, 0x99, 0xa9, 0xae, 0x84, 0x4a, 0x84, 
    0x44, 0x44, 0x44, 0x44, 0x44, 0x54, 0x55, 0x54, 0x55, 0x95, 0x54, 0x55, 0x55, 0x54, 0x44, 0x55, 
    0x55, 0x69, 0x95, 0x55, 0x55, 0x55, 0x55, 0x55, 0xba, 0x85, 0x55, 0x99, 0x99, 0x99, 0xaa, 0x95, 
    0x99, 0x99, 0xa9, 0x55, 0xa9, 0xbf, 0xd5, 0x55, 0x55, 0x99, 0x95, 0x99, 0x55, 0x55, 0x95, 0x54, 
    0x44, 0x44, 0x45, 0x55, 0x99, 0x99, 0x99, 0x95, 0x51, 0x51, 0x51, 0x51, 0x56, 0x66, 0x55, 0x65, 
    0x51, 0x11, 0x11, 0x15, 0x55, 0x55, 0x55, 0x55, 0x10, 0x01, 0x55, 0x55, 0x55, 0x51, 0x11, 0x51, 
    0x11, 0x51, 0x51, 0x55, 0x51, 0x11, 0x15, 0x9b, 0xa6, 0x66, 0x66, 0x66, 0x66, 0x55, 0x55, 0x55, 
    0x55, 0x55, 0x65, 0x55, 0x55, 0x55, 0x55, 0x11, 0x11, 0x6a, 0xaa, 0xaa, 0xa0, 0x11, 0x11, 0x16, 
    0xab, 0xff, 0x91, 0x11, 0x17, 0xfa, 0x51, 0x1a, 0x52, 0x10, 0x01, 0x00, 0x00, 0x00, 0x00, 0x00, 
    0x16, 0xa5, 0x11, 0x51, 0x10, 0x00, 0x11, 0x11, 0x11, 0x15, 0x67, 0x66, 0xaa, 0x7f, 0xfa, 0x66, 
    0xa9, 0x11, 0x11, 0x11, 0x11, 0x11, 0x11, 0x11, 0x1b, 0x55, 0x11, 0x11, 0x24, 0x3a, 0x11, 0x11, 
    0x55, 0x55, 0x11, 0x51, 0x6b, 0xff, 0xff, 0xa5, 0x55, 0x51, 0x11, 0x11, 0x11, 0x11, 0x11, 0x1b, 
    0xff, 0xff, 0xa6, 0xa1, 0x11, 0x11, 0x11, 0x11, 0x61, 0x55, 0x56, 0xa6, 0x65, 0x55, 0xa6, 0x66, 
    0x66, 0x56, 0xb6, 0x66, 0xb5, 0x10, 0x1a, 0x50, 0x11, 0x00, 0x10, 0x11, 0x11, 0x11, 0x11, 0x11, 
    0x11, 0x51, 0x11, 0x55, 0x51, 0x51, 0x11, 0x11, 0x51, 0x66, 0x51, 0x11, 0x11, 0x11, 0x51, 0x51, 
    0x75, 0x51, 0x15, 0x51, 0x66, 0x6a, 0x6a, 0xa5, 0x55, 0x51, 0x55, 0x11, 0xa6, 0xfa, 0x65, 0x11, 
    0x11, 0x55, 0x15, 0x16, 0x55, 0x55, 0x55, 0x50, 0x10, 0x10, 0x01, 0x65, 0x65, 0x65, 0x65, 0x65, 
    0x55, 0x55, 0x55, 0x55, 0x59, 0x9a, 0x55, 0x99, 0x55, 0x45, 0x45, 0x55, 0x59, 0x99, 0x99, 0x99, 
    0x54, 0x44, 0x45, 0x99, 0x59, 0x55, 0x55, 0x55, 0x55, 0x55, 0x55, 0x59, 0x54, 0x44, 0x55, 0x6a, 
    0xaa, 0x9a, 0x99, 0x9a, 0x9a, 0x95, 0x55, 0x59, 0x59, 0x5a, 0xa9, 0x59, 0x59, 0x99, 0x99, 0xad, 
    0x44, 0x45, 0xaf, 0xe9, 0x94, 0x44, 0x55, 0x4a, 0xff, 0xff, 0x44, 0x44, 0x4b, 0xff, 0xee, 0xe8, 
    0x44, 0x04, 0x44, 0x44, 0x04, 0x04, 0x04, 0x06, 0xaf, 0x44, 0x44, 0x45, 0x55, 0x44, 0x44, 0x45, 
    0x44, 0x45, 0x5b, 0x99, 0xae, 0xdf, 0xfe, 0x9a, 0xab, 0x45, 0x45, 0x55, 0x44, 0x44, 0x44, 0x45, 
    0x55, 0x58, 0x44, 0x44, 0x44, 0x59, 0x45, 0x55, 0x55, 0x55, 0x45, 0x55, 0xaf, 0xff, 0xfe, 0x99, 
    0x95, 0x55, 0x55, 0x44, 0x44, 0x44, 0x45, 0xaf, 0xff, 0xfe, 0x99, 0x95, 0x55, 0x45, 0x45, 0x45, 
    0x55, 0x5a, 0x59, 0xa9, 0x59, 0x95, 0xa9, 0xa9, 0x99, 0x99, 0xa9, 0xae, 0x94, 0x45, 0x5e, 0x44, 
    0x45, 0x44, 0x44, 0x44, 0x44, 0x44, 0x45, 0x55, 0x45, 0x45, 0x55, 0x59, 0x59, 0x45, 0x44, 0x55, 
    0x55, 0x59, 0x54, 0x45, 0x55, 0x55, 0x55, 0x55, 0x69, 0x5c, 0x45, 0x55, 0x59, 0x9a, 0xaa, 0x99, 
    0x95, 0x55, 0x55, 0x46, 0x9b, 0xe9, 0xa9, 0x95, 0x45, 0x44, 0x45, 0x99, 0x55, 0x55, 0x55, 0x94, 
    0x44, 0x44, 0x45, 0x59, 0x99, 0x59, 0x59, 0x99, 0x11, 0x11, 0x11, 0x11, 0x16, 0x66, 0x55, 0x65, 
    0x55, 0x11, 0x11, 0x15, 0x55, 0x55, 0x55, 0x55, 0x55, 0x00, 0x01, 0x15, 0x55, 0x51, 0x11, 0x11, 
    0x11, 0x11, 0x15, 0x55, 0x55, 0x15, 0x15, 0x1a, 0xa6, 0x66, 0x66, 0x66, 0x66, 0x55, 0x55, 0x55, 
    0x55, 0x56, 0xa5, 0x55, 0x55, 0x56, 0x66, 0xbf, 0x91, 0x01, 0x12, 0x6a, 0x95, 0x01, 0x11, 0x17, 
    0xbf, 0xf9, 0x51, 0x11, 0x11, 0x1b, 0xaa, 0x65, 0x00, 0x06, 0x10, 0x00, 0x00, 0x00, 0x00, 0x7a, 
    0x1a, 0x50, 0x00, 0x01, 0x11, 0x15, 0x11, 0x01, 0x01, 0x11, 0x56, 0x56, 0x6a, 0x67, 0xff, 0xa5, 
    0x6a, 0x91, 0x15, 0x15, 0x11, 0x11, 0x11, 0x01, 0x11, 0x25, 0x11, 0x11, 0x01, 0x11, 0x01, 0x11, 
    0x21, 0x15, 0x15, 0x56, 0xbf, 0xbf, 0xb6, 0x55, 0x55, 0x11, 0x15, 0x11, 0x01, 0x11, 0x11, 0xa6, 
    0xbf, 0xa6, 0x66, 0x55, 0x11, 0x11, 0x11, 0x11, 0x15, 0x56, 0x55, 0x55, 0x15, 0x51, 0x6a, 0xa5, 
    0x56, 0x56, 0x57, 0xa5, 0x11, 0x69, 0x19, 0x11, 0x01, 0x01, 0x01, 0x01, 0x11, 0x10, 0x15, 0x11, 
    0x11, 0x11, 0x11, 0x55, 0x6a, 0x51, 0x11, 0x11, 0x15, 0x55, 0x11, 0x15, 0x11, 0x11, 0x55, 0x55, 
    0x65, 0x7d, 0x11, 0x11, 0x56, 0x55, 0x6a, 0x55, 0x55, 0x55, 0x55, 0x56, 0x6f, 0x56, 0x66, 0x55, 
    0x51, 0x00, 0x00, 0x15, 0x55, 0x15, 0x15, 0x55, 0x01, 0x01, 0x01, 0x16, 0x55, 0x55, 0x55, 0x55, 
    0x55, 0x55, 0x55, 0x55, 0x59, 0xa9, 0x99, 0xa5, 0x55, 0x55, 0x55, 0x99, 0x99, 0x99, 0x99, 0x99, 
    0x99, 0x94, 0x44, 0x59, 0x99, 0x55, 0x55, 0x55, 0x55, 0x55, 0x55, 0x55, 0x55, 0x95, 0x95, 0x56, 
    0xaa, 0xa9, 0xa9, 0xa9, 0x95, 0x55, 0x55, 0x95, 0x99, 0x99, 0xa9, 0x99, 0x95, 0x9a, 0xff, 0xfe, 
    0xe4, 0x54, 0x44, 0x56, 0xfe, 0x94, 0x55, 0xff, 0xff, 0xd4, 0x44, 0x54, 0x54, 0x69, 0xa8, 0x65, 
    0x44, 0xa9, 0x44, 0x44, 0x44, 0x44, 0x44, 0xbe, 0x45, 0x94, 0x44, 0x44, 0x44, 0x55, 0x55, 0x54, 
    0x44, 0x45, 0x5a, 0x95, 0xaa, 0xaa, 0xff, 0xe9, 0xaa, 0xe5, 0x55, 0x55, 0x54, 0x44, 0x5e, 0x44, 
    0x44, 0x68, 0x54, 0x54, 0x54, 0x54, 0x55, 0x55, 0x65, 0x95, 0x99, 0x5b, 0xff, 0xff, 0xe9, 0x99, 
    0x55, 0x55, 0x58, 0x54, 0x44, 0x54, 0x56, 0xe9, 0xe9, 0x99, 0x9a, 0x55, 0x55, 0x54, 0x6e, 0x95, 
    0x55, 0x55, 0x95, 0x95, 0x95, 0x55, 0xa9, 0xa9, 0x99, 0x99, 0xbe, 0x54, 0x55, 0xa9, 0x54, 0x44, 
    0x44, 0x44, 0x44, 0x44, 0x44, 0x44, 0x44, 0x55, 0x54, 0x55, 0x55, 0x95, 0x59, 0x95, 0x55, 0x55, 
    0x55, 0x55, 0x54, 0x55, 0x55, 0x55, 0x55, 0x95, 0xaa, 0xfe, 0x55, 0x55, 0x55, 0xa9, 0xa9, 0x99, 
    0x99, 0x99, 0x95, 0x59, 0xfd, 0x99, 0xa9, 0x99, 0x95, 0x44, 0x44, 0x44, 0x45, 0x99, 0x55, 0x55, 
    0x44, 0x44, 0x45, 0x99, 0x99, 0x99, 0x99, 0x99, 0x11, 0x51, 0x51, 0x51, 0x66, 0x65, 0x55, 0x61, 
    0x11, 0x11, 0x11, 0x65, 0x55, 0x55, 0x55, 0x55, 0x55, 0x55, 0x10, 0x11, 0x65, 0x51, 0x11, 0x11, 
    0x11, 0x51, 0x51, 0x55, 0x55, 0x65, 0x55, 0x51, 0x96, 0x66, 0x66, 0x65, 0x55, 0x55, 0x55, 0x55, 
    0x55, 0x55, 0x65, 0x55, 0x55, 0x7b, 0xff, 0xa6, 0xa1, 0x15, 0x51, 0x10, 0x15, 0x56, 0xba, 0xbb, 
    0xbf, 0xaa, 0x50, 0x15, 0x61, 0x11, 0x11, 0x50, 0x00, 0x10, 0x00, 0x01, 0x00, 0x00, 0x15, 0x55, 
    0x00, 0x00, 0x12, 0x51, 0x00, 0x11, 0x11, 0x55, 0x51, 0x11, 0x17, 0x55, 0xa6, 0xa6, 0xbf, 0xf9, 
    0x5a, 0xa9, 0x56, 0x51, 0x11, 0x11, 0x25, 0x11, 0x11, 0x31, 0x11, 0x10, 0x11, 0x11, 0x11, 0x55, 
    0x66, 0x55, 0x65, 0x6b, 0xfb, 0xff, 0x65, 0x55, 0x51, 0x51, 0x11, 0x11, 0x11, 0x11, 0x17, 0xa6, 
    0x66, 0x66, 0x66, 0x11, 0x11, 0x11, 0x7b, 0xea, 0x51, 0x55, 0x55, 0x55, 0x55, 0x55, 0x65, 0x66, 
    0x65, 0x6b, 0xa5, 0x11, 0x56, 0xa6, 0x51, 0x11, 0x10, 0x10, 0x11, 0x11, 0x11, 0x50, 0x00, 0x01, 
    0x6a, 0x51, 0x12, 0x55, 0x56, 0xa1, 0x11, 0x55, 0x55, 0x55, 0x11, 0x11, 0x11, 0x15, 0x55, 0x55, 
    0x57, 0xff, 0x51, 0x51, 0x51, 0x55, 0x51, 0x51, 0x66, 0x66, 0x55, 0x57, 0xe6, 0x66, 0x65, 0x65, 
    0x65, 0x51, 0x52, 0x50, 0x00, 0x11, 0x55, 0x11, 0x11, 0x10, 0x11, 0x55, 0x55, 0x55, 0x55, 0x65, 
    0x55, 0x55, 0x55, 0x55, 0x9a, 0x99, 0x5a, 0x95, 0x55, 0x55, 0x55, 0x99, 0x99, 0x99, 0x99, 0x99, 
    0x99, 0x99, 0x44, 0x45, 0x95, 0x55, 0x55, 0x55, 0x55, 0x55, 0x55, 0x55, 0x59, 0xae, 0x59, 0x55, 
    0x5a, 0x9a, 0x9a, 0xd9, 0x55, 0x55, 0x55, 0x55, 0x59, 0x59, 0x99, 0x59, 0x5a, 0xff, 0xfe, 0x99, 
    0x45, 0x45, 0x59, 0x44, 0x44, 0x45, 0x55, 0x5b, 0xff, 0xf9, 0x44, 0x44, 0x44, 0x45, 0x5a, 0x84, 
    0x44, 0x44, 0x04, 0x04, 0x44, 0x04, 0x4d, 0x98, 0x44, 0x44, 0x44, 0x55, 0x44, 0x44, 0x44, 0x45, 
    0x55, 0x55, 0x4a, 0x55, 0x6a, 0x9a, 0xaf, 0xfe, 0x9a, 0xaa, 0x59, 0x56, 0x44, 0x44, 0x55, 0x44, 
    0x54, 0x55, 0x44, 0x44, 0x45, 0x55, 0x45, 0x55, 0x69, 0x99, 0x95, 0xbf, 0xff, 0xfe, 0x99, 0x59, 
    0x55, 0x45, 0x44, 0x44, 0x44, 0x45, 0x5b, 0xda, 0x9a, 0x99, 0x99, 0x55, 0x45, 0x55, 0x5a, 0xdb, 
    0xd5, 0x55, 0x55, 0x59, 0x95, 0x59, 0x99, 0xa9, 0x99, 0xad, 0x55, 0x59, 0x9a, 0x9a, 0x44, 0x44, 
    0x44, 0x04, 0x44, 0x44, 0x44, 0x44, 0x04, 0x04, 0x45, 0x99, 0x9b, 0xe9, 0x5a, 0xd5, 0x45, 0x55, 
    0x55, 0x55, 0x55, 0x44, 0x45, 0x59, 0x55, 0x59, 0x5f, 0xff, 0x95, 0x55, 0x55, 0x55, 0x55, 0x45, 
    0x45, 0x59, 0x59, 0x5f, 0x99, 0x99, 0x99, 0x45, 0x9a, 0x55, 0x55, 0x44, 0x44, 0x44, 0x44, 0x44, 
    0x44, 0x44, 0x44, 0x99, 0x99, 0x59, 0x59, 0x59, 0x11, 0x11, 0x15, 0x16, 0x56, 0x55, 0x56, 0x55, 
    0x11, 0x11, 0x11, 0x55, 0x55, 0x55, 0x55, 0x55, 0x55, 0x55, 0x50, 0x01, 0x15, 0x11, 0x11, 0x11, 
    0x11, 0x11, 0x15, 0x55, 0x56, 0x6b, 0x55, 0x11, 0x15, 0x66, 0xaa, 0xa5, 0x15, 0x55, 0x65, 0x55, 
    0x55, 0x55, 0x55, 0x55, 0x57, 0xaa, 0xaa, 0x65, 0x51, 0x11, 0x11, 0x11, 0x11, 0x01, 0x11, 0x6b, 
    0xbf, 0x56, 0x11, 0x01, 0x11, 0x17, 0xa5, 0x00, 0x00, 0x00, 0x00, 0x00, 0x60, 0x00, 0x01, 0xb9, 
    0x00, 0x00, 0x00, 0x01, 0x00, 0x00, 0x00, 0x01, 0x11, 0x55, 0x55, 0x55, 0x16, 0x66, 0x5b, 0xfe, 
    0xaa, 0xaa, 0x95, 0x16, 0x11, 0x11, 0x11, 0x01, 0x11, 0x11, 0x11, 0x11, 0x11, 0x11, 0x15, 0x16, 
    0x96, 0x55, 0x56, 0xbf, 0xbf, 0xba, 0x55, 0x55, 0x51, 0x16, 0x51, 0x01, 0x01, 0x11, 0x1b, 0xa6, 
    0x56, 0x56, 0x65, 0x11, 0x11, 0x11, 0x65, 0x12, 0x51, 0x15, 0x15, 0x1a, 0x55, 0x15, 0x56, 0xaa, 
    0x5b, 0x91, 0x11, 0x66, 0x16, 0x5a, 0x01, 0x11, 0x10, 0x00, 0x01, 0x01, 0x00, 0x00, 0x00, 0x00, 
    0x00, 0x01, 0x6a, 0xa6, 0x9b, 0x51, 0x15, 0x11, 0x15, 0x55, 0x15, 0x11, 0x11, 0x15, 0x15, 0x15, 
    0x7f, 0xff, 0x95, 0x15, 0x15, 0x15, 0x55, 0x11, 0x11, 0x11, 0x15, 0x7a, 0x55, 0x56, 0x55, 0x15, 
    0x55, 0x55, 0x11, 0x51, 0x15, 0x00, 0x00, 0x00, 0x01, 0x01, 0x00, 0x55, 0x56, 0x55, 0x55, 0x55, 
    0x55, 0x55, 0x55, 0x56, 0x9a, 0x99, 0x99, 0x95, 0x55, 0x55, 0x55, 0x59, 0x99, 0x99, 0x99, 0x99, 
    0x99, 0x99, 0x99, 0x44, 0x55, 0x55, 0x55, 0x55, 0x55, 0x55, 0x55, 0x99, 0x99, 0x9a, 0x99, 0x44, 
    0x46, 0x6a, 0xea, 0xa9, 0x95, 0x55, 0x9a, 0x95, 0x99, 0xa9, 0x99, 0x99, 0x99, 0xae, 0xaa, 0xa9, 
    0x95, 0x54, 0x54, 0x55, 0x55, 0xa4, 0x5a, 0xfe, 0xfe, 0x96, 0x84, 0x44, 0x44, 0xa9, 0x44, 0x44, 
    0x54, 0x44, 0x44, 0x40, 0x69, 0x44, 0x44, 0x54, 0x44, 0x44, 0x44, 0x44, 0x44, 0x44, 0x44, 0x44, 
    0x44, 0x55, 0x99, 0x99, 0x59, 0xaa, 0x9b, 0xff, 0xea, 0xea, 0xa5, 0x59, 0x55, 0x54, 0x94, 0x44, 
    0x44, 0x54, 0x54, 0x55, 0x59, 0x54, 0x55, 0x5d, 0x99, 0x55, 0x9b, 0xff, 0xff, 0xe9, 0x55, 0x55, 
    0x55, 0x5b, 0xe5, 0x94, 0x44, 0x44, 0x5f, 0xf9, 0x99, 0x9a, 0xa5, 0x54, 0x55, 0x54, 0xb9, 0x59, 
    0x95, 0x55, 0x59, 0x9a, 0x95, 0x69, 0x9a, 0xea, 0xe9, 0x54, 0x59, 0x99, 0x5a, 0x9d, 0x44, 0x45, 
    0x44, 0x40, 0x44, 0x44, 0x44, 0x44, 0x44, 0x44, 0x44, 0x44, 0x45, 0xae, 0x9a, 0x55, 0x55, 0x55, 
    0x55, 0x95, 0x55, 0x55, 0x55, 0x55, 0x55, 0x55, 0xff, 0xff, 0xd5, 0x55, 0x99, 0x55, 0x95, 0x94, 
    0x44, 0x55, 0x56, 0xe9, 0x95, 0x99, 0x95, 0x95, 0x95, 0x55, 0x95, 0x95, 0x54, 0x54, 0x44, 0x44, 
    0x44, 0x44, 0x44, 0x55, 0x99, 0x99, 0x95, 0x59, 0x11, 0x51, 0x11, 0x16, 0x66, 0x65, 0x65, 0x51, 
    0x11, 0x11, 0x11, 0x55, 0x55, 0x55, 0x55, 0x55, 0x55, 0x55, 0x55, 0x50, 0x11, 0x51, 0x51, 0x11, 
    0x11, 0x11, 0x55, 0x55, 0x65, 0x66, 0x66, 0x50, 0x11, 0x5b, 0xa6, 0x66, 0x65, 0x55, 0x6a, 0x55, 
    0x56, 0xba, 0x55, 0x55, 0x55, 0x66, 0x66, 0xa5, 0x66, 0xba, 0x65, 0x51, 0x17, 0xab, 0xff, 0xff, 
    0xb5, 0x1b, 0xba, 0xa5, 0x2a, 0x50, 0x11, 0x10, 0x11, 0x15, 0x10, 0x02, 0xb4, 0x00, 0x11, 0x11, 
    0x10, 0x00, 0x11, 0x10, 0x10, 0x00, 0x10, 0x00, 0x00, 0x11, 0x15, 0x66, 0x66, 0x66, 0x66, 0xff, 
    0xea, 0xaa, 0xa9, 0x59, 0x11, 0x11, 0x25, 0x10, 0x10, 0x11, 0x11, 0x11, 0x11, 0x51, 0x51, 0xa5, 
    0x51, 0x55, 0x6f, 0xff, 0xff, 0xa1, 0x55, 0x51, 0x11, 0x12, 0x67, 0xe1, 0x11, 0x10, 0x2f, 0xf6, 
    0x56, 0x66, 0xa1, 0x11, 0x11, 0x11, 0x79, 0x1b, 0x51, 0x55, 0x55, 0x6a, 0x51, 0x16, 0xaa, 0xaa, 
    0x51, 0x11, 0x66, 0x65, 0x6a, 0x29, 0x11, 0x11, 0x10, 0x00, 0x11, 0x10, 0x10, 0x10, 0x00, 0x00, 
    0x00, 0x00, 0x00, 0x11, 0x6a, 0x51, 0x2a, 0x51, 0x51, 0x51, 0x55, 0x51, 0x55, 0x55, 0x55, 0x57, 
    0xff, 0xff, 0xe1, 0x51, 0x55, 0x55, 0x55, 0x51, 0x11, 0x11, 0x1b, 0x95, 0x55, 0x65, 0x15, 0x55, 
    0x65, 0x51, 0x51, 0x51, 0x55, 0x51, 0x00, 0x10, 0x01, 0x11, 0x10, 0x11, 0x65, 0x55, 0x55, 0x55, 
    0x55, 0x55, 0x55, 0x59, 0x99, 0x99, 0xa9, 0x55, 0x55, 0x55, 0x55, 0x55, 0x59, 0x59, 0x99, 0x99, 
    0x99, 0x99, 0x99, 0x54, 0x45, 0x55, 0x55, 0x55, 0x55, 0x55, 0x55, 0x59, 0x99, 0x99, 0x9a, 0xd4, 
    0x45, 0xaa, 0xaa, 0x99, 0x99, 0x9a, 0xbd, 0x59, 0x59, 0xad, 0x99, 0x59, 0x99, 0x9a, 0xaf, 0xea, 
    0xbf, 0xff, 0xff, 0xd5, 0xbf, 0xff, 0xff, 0xff, 0xfe, 0x9a, 0xaf, 0xfe, 0xfd, 0x44, 0x44, 0x44, 
    0x45, 0x85, 0x94, 0x5a, 0xd4, 0x04, 0x44, 0x44, 0x44, 0x04, 0x46, 0x44, 0x44, 0x44, 0x44, 0x44, 
    0x44, 0x44, 0x45, 0x55, 0x99, 0x9a, 0xa9, 0xff, 0xfa, 0xae, 0xaa, 0x59, 0x45, 0x45, 0x5d, 0x44, 
    0xa5, 0x95, 0x45, 0x55, 0x55, 0x54, 0x5a, 0x99, 0x45, 0x59, 0xff, 0xff, 0xfe, 0x95, 0x55, 0x55, 
    0x45, 0x49, 0xee, 0x84, 0x44, 0x45, 0x6e, 0xda, 0x59, 0x9a, 0x95, 0x45, 0x45, 0x55, 0x55, 0x5f, 
    0x95, 0x55, 0x59, 0x99, 0x55, 0x45, 0x45, 0x94, 0x45, 0x59, 0x99, 0x99, 0xa9, 0x58, 0x44, 0x44, 
    0x44, 0x04, 0x44, 0x44, 0x44, 0x44, 0x04, 0x04, 0x04, 0x04, 0x44, 0x44, 0x45, 0xae, 0xa9, 0x45, 
    0x55, 0x45, 0x69, 0x95, 0x55, 0x59, 0x99, 0x5f, 0xff, 0xff, 0xe5, 0x55, 0x59, 0x99, 0x99, 0x54, 
    0x45, 0x55, 0x6e, 0x55, 0x59, 0x54, 0x59, 0x55, 0x59, 0x55, 0x55, 0x55, 0x55, 0x55, 0x44, 0x44, 
    0x44, 0x44, 0x44, 0x55, 0x99, 0x99, 0x99, 0x99, 0x11, 0x11, 0x11, 0x56, 0x65, 0x56, 0x55, 0x11, 
    0x11, 0x11, 0x11, 0x11, 0x55, 0x55, 0x55, 0x55, 0x55, 0x55, 0x55, 0x55, 0x01, 0x51, 0x11, 0x11, 
    0x11, 0x11, 0x15, 0x56, 0x66, 0x66, 0x6b, 0xa5, 0x01, 0x55, 0xa6, 0x66, 0x66, 0x5b, 0xbe, 0x55, 
    0x55, 0x65, 0x55, 0x55, 0x56, 0x6a, 0xab, 0xbb, 0xff, 0xbf, 0xff, 0xbf, 0xbf, 0xbb, 0xa6, 0xbb, 
    0xa5, 0x11, 0x6a, 0xaa, 0xba, 0x51, 0x05, 0x55, 0x01, 0x21, 0x16, 0x01, 0x40, 0x00, 0x00, 0x01, 
    0x00, 0x00, 0x11, 0x11, 0x01, 0x51, 0x00, 0x00, 0x01, 0x01, 0x11, 0x11, 0x15, 0x66, 0x6a, 0x7f, 
    0xfa, 0xaa, 0xaa, 0x55, 0x11, 0x16, 0x19, 0x11, 0xb6, 0x91, 0x11, 0x16, 0x16, 0x55, 0x65, 0x51, 
    0x15, 0x57, 0xbf, 0xbf, 0xfa, 0x55, 0x55, 0x51, 0x11, 0x15, 0x11, 0x11, 0x11, 0x15, 0x7b, 0x95, 
    0x56, 0x56, 0x51, 0x11, 0x11, 0x11, 0x11, 0x15, 0x55, 0x55, 0x55, 0x55, 0x51, 0x06, 0x11, 0x11, 
    0x06, 0xa5, 0x56, 0x55, 0x65, 0x51, 0x11, 0x01, 0x00, 0x00, 0x01, 0x10, 0x01, 0x10, 0x00, 0x00, 
    0x00, 0x00, 0x00, 0x00, 0x00, 0x01, 0x6b, 0xa5, 0x15, 0x11, 0x15, 0x15, 0x55, 0x56, 0x66, 0x7f, 
    0xff, 0xff, 0xf5, 0x15, 0x15, 0x55, 0x55, 0x55, 0x11, 0x11, 0xb5, 0x55, 0x55, 0x51, 0x11, 0x55, 
    0x15, 0x15, 0x15, 0x15, 0x55, 0x15, 0x51, 0x01, 0x01, 0x01, 0x01, 0x15, 0x55, 0x55, 0x55, 0x55, 
    0x55, 0x55, 0x55, 0x99, 0xa9, 0x9a, 0x95, 0x55, 0x55, 0x55, 0x55, 0x55, 0x99, 0x99, 0x99, 0x99, 
    0x99, 0x99, 0x95, 0x55, 0x54, 0x55, 0x55, 0x55, 0x55, 0x55, 0x59, 0x99, 0xa9, 0x99, 0x9e, 0xaa, 
    0x44, 0x56, 0xaa, 0xa9, 0x99, 0xaf, 0xe9, 0x99, 0x99, 0x99, 0x99, 0x99, 0x99, 0xbf, 0xff, 0xff, 
    0xff, 0xff, 0xff, 0xff, 0xff, 0xff, 0x94, 0xa8, 0x44, 0x5a, 0x9a, 0xea, 0x95, 0x95, 0x99, 0x54, 
    0x44, 0x5a, 0xe9, 0x40, 0x44, 0x44, 0x44, 0x44, 0x44, 0x44, 0x54, 0x54, 0x44, 0x99, 0x94, 0x44, 
    0x44, 0x44, 0x44, 0x55, 0x55, 0x59, 0xa9, 0x9f, 0xff, 0xaa, 0xaa, 0xa5, 0x55, 0x55, 0x9c, 0x55, 
    0x56, 0xd4, 0x54, 0x55, 0x9a, 0x9a, 0x99, 0x55, 0x55, 0xaf, 0xfe, 0xff, 0xea, 0x95, 0x95, 0x95, 
    0x44, 0x54, 0x44, 0x44, 0x54, 0x55, 0xfa, 0x95, 0x99, 0x9a, 0x55, 0x55, 0x55, 0x55, 0x55, 0x55, 
    0x55, 0x55, 0x99, 0x99, 0x54, 0x45, 0x44, 0x44, 0x45, 0x5a, 0x99, 0x99, 0xa9, 0x94, 0x44, 0x54, 
    0x44, 0x44, 0x44, 0x44, 0x44, 0x44, 0x40, 0x44, 0x44, 0x44, 0x44, 0x44, 0x44, 0x44, 0x45, 0xae, 
    0xe9, 0x55, 0x55, 0x5a, 0x95, 0x99, 0xaa, 0xff, 0xff, 0xff, 0xf9, 0x55, 0x55, 0x99, 0x99, 0x99, 
    0x59, 0x96, 0xd4, 0x55, 0x55, 0x55, 0x95, 0x55, 0x59, 0x55, 0x55, 0x55, 0x55, 0x95, 0x55, 0x55, 
    0x44, 0x44, 0x44, 0x49, 0x99, 0x99, 0x95, 0x99, 0x51, 0x51, 0x11, 0x66, 0x66, 0x66, 0x51, 0x11, 
    0x11, 0x11, 0x11, 0x55, 0x55, 0x55, 0x55, 0x55, 0x55, 0x55, 0x55, 0x51, 0x11, 0x11, 0x11, 0x11, 
    0x51, 0x51, 0x56, 0x66, 0x66, 0x56, 0x6a, 0xa6, 0x60, 0x11, 0x56, 0xa6, 0x66, 0x6a, 0x65, 0x55, 
    0x55, 0x65, 0x55, 0x55, 0x66, 0xba, 0xbb, 0xff, 0xff, 0xff, 0xff, 0xfb, 0xfb, 0xbb, 0x52, 0xa1, 
    0x11, 0x65, 0x29, 0x50, 0x15, 0xe5, 0xba, 0x51, 0x11, 0x7a, 0x50, 0x00, 0x00, 0x00, 0x10, 0x11, 
    0x10, 0x00, 0x11, 0x50, 0x11, 0x65, 0x65, 0x51, 0x10, 0x00, 0x11, 0x11, 0x55, 0x5a, 0x65, 0x67, 
    0xff, 0xaa, 0xa6, 0xa9, 0x11, 0x11, 0x25, 0x11, 0x11, 0x51, 0x11, 0x15, 0x56, 0xa5, 0x55, 0x11, 
    0x56, 0xbf, 0xbb, 0xff, 0xa5, 0x56, 0x55, 0x51, 0x11, 0x11, 0x11, 0x11, 0x11, 0x11, 0xba, 0x55, 
    0x55, 0x65, 0x51, 0x11, 0x11, 0x11, 0x15, 0x65, 0x55, 0x55, 0x56, 0x65, 0x51, 0x10, 0x00, 0x10, 
    0x11, 0x11, 0x1a, 0x96, 0x62, 0x51, 0x10, 0x10, 0x10, 0x10, 0x11, 0x10, 0x11, 0x11, 0x00, 0x00, 
    0x00, 0x00, 0x10, 0x00, 0x10, 0x10, 0x10, 0x11, 0x6a, 0xa5, 0x51, 0x5b, 0x55, 0x66, 0xab, 0xff, 
    0xff, 0xff, 0xf9, 0x51, 0x15, 0x55, 0x65, 0x66, 0x56, 0x5a, 0x51, 0x11, 0x51, 0x55, 0x51, 0x51, 
    0x15, 0x51, 0x51, 0x51, 0x51, 0x55, 0x51, 0x11, 0x51, 0x10, 0x11, 0x05, 0x55, 0x55, 0x65, 0x55, 
    0x55, 0x55, 0x55, 0x59, 0x99, 0xa9, 0x95, 0x55, 0x55, 0x55, 0x55, 0x59, 0x59, 0x99, 0x59, 0x55, 
    0x59, 0x95, 0x55, 0x55, 0x55, 0x54, 0x55, 0x55, 0x55, 0x55, 0x5a, 0xa9, 0x59, 0x59, 0xae, 0xea, 
    0x99, 0x44, 0x5a, 0x99, 0x99, 0x99, 0x99, 0x59, 0x59, 0x99, 0x9a, 0x99, 0x9a, 0xff, 0xff, 0xff, 
    0xff, 0xff, 0xfe, 0xef, 0xef, 0xff, 0x86, 0x95, 0xa9, 0x44, 0x54, 0x45, 0x44, 0x44, 0xa9, 0x99, 
    0x56, 0x94, 0x44, 0x44, 0x04, 0x04, 0x49, 0x44, 0x44, 0x44, 0x46, 0x44, 0x45, 0x59, 0x99, 0x99, 
    0x94, 0x44, 0x44, 0x45, 0x55, 0x56, 0x99, 0x9a, 0xff, 0xea, 0xaa, 0xaa, 0x45, 0x45, 0x65, 0x45, 
    0x59, 0x55, 0xad, 0x59, 0x6e, 0x99, 0x59, 0x55, 0x5f, 0xff, 0xef, 0xfe, 0xa9, 0x55, 0xd5, 0x55, 
    0x44, 0x44, 0x44, 0x44, 0x44, 0x46, 0xee, 0x95, 0x55, 0x99, 0x55, 0x55, 0x45, 0x55, 0x55, 0x5a, 
    0x55, 0x55, 0x5a, 0x99, 0x56, 0x44, 0x44, 0x44, 0x44, 0x44, 0x45, 0x5a, 0x99, 0x44, 0x44, 0x44, 
    0x44, 0x44, 0x44, 0x44, 0x44, 0x44, 0x44, 0x04, 0x44, 0x44, 0x44, 0x44, 0x44, 0x44, 0x44, 0x44, 
    0x44, 0x5e, 0xe9, 0x5f, 0x99, 0x9b, 0xff, 0xff, 0xff, 0xff, 0xfd, 0x55, 0x45, 0x99, 0x99, 0x99, 
    0x5a, 0xa9, 0x59, 0x95, 0x45, 0x55, 0x55, 0x55, 0x55, 0x55, 0x55, 0x55, 0x55, 0x59, 0x55, 0x45, 
    0x54, 0x44, 0x44, 0x45, 0x59, 0x59, 0x99, 0x55, 0x11, 0x11, 0x15, 0x66, 0x56, 0x65, 0x51, 0x11, 
    0x11, 0x11, 0x15, 0x55, 0x55, 0x55, 0x55, 0x15, 0x55, 0x55, 0x55, 0x51, 0x15, 0x11, 0x11, 0x11, 
    0x11, 0x15, 0x66, 0x65, 0x55, 0x55, 0x6a, 0xa6, 0x66, 0x51, 0x05, 0x66, 0x66, 0x66, 0x55, 0x55, 
    0x55, 0x5b, 0xbf, 0x96, 0x6b, 0xff, 0xbf, 0xbf, 0xbf, 0xbb, 0xaa, 0xbf, 0xbb, 0xbb, 0xaa, 0x6b, 
    0xa1, 0x01, 0x61, 0x15, 0x00, 0x01, 0x11, 0x26, 0xa6, 0x01, 0x01, 0x40, 0x00, 0x00, 0x05, 0x00, 
    0x01, 0x01, 0x1a, 0x10, 0x01, 0x11, 0x56, 0x65, 0x65, 0x51, 0x01, 0x11, 0x15, 0x51, 0xa6, 0x66, 
    0x7f, 0xfa, 0xaa, 0xaa, 0x96, 0x51, 0x61, 0x01, 0x15, 0x2b, 0xbb, 0x96, 0xa5, 0x55, 0x51, 0x55, 
    0x7f, 0xfb, 0xbf, 0xb6, 0x65, 0x15, 0x55, 0x11, 0x11, 0x01, 0x11, 0x11, 0x11, 0x13, 0xb6, 0x55, 
    0x55, 0x65, 0x11, 0x15, 0x11, 0x11, 0x15, 0x55, 0x55, 0x55, 0x56, 0x55, 0x46, 0x01, 0x01, 0x01, 
    0x01, 0x01, 0x11, 0x11, 0x19, 0x01, 0x01, 0x10, 0x01, 0x11, 0x01, 0x01, 0x00, 0x01, 0x00, 0x00, 
    0x00, 0x00, 0x00, 0x00, 0x01, 0x01, 0x01, 0x11, 0x11, 0x01, 0x67, 0xaa, 0x55, 0x57, 0xbf, 0xff, 
    0xff, 0xff, 0xfe, 0x11, 0x11, 0x55, 0x56, 0x66, 0x56, 0x95, 0x55, 0x55, 0x15, 0x55, 0x51, 0x51, 
    0x15, 0x15, 0x55, 0x15, 0x15, 0x15, 0x11, 0x11, 0x50, 0x01, 0x11, 0x01, 0x15, 0x55, 0x55, 0x55, 
    0x55, 0x55, 0x55, 0xa9, 0xaa, 0x99, 0x55, 0x55, 0x55, 0x55, 0x55, 0x99, 0x99, 0x99, 0x55, 0x55, 
    0x55, 0x99, 0x95, 0x55, 0x55, 0x55, 0x55, 0x55, 0x55, 0x55, 0xa9, 0x95, 0x95, 0xa9, 0xbe, 0xea, 
    0xaa, 0xe8, 0x54, 0x59, 0xa9, 0x99, 0x99, 0x99, 0x9a, 0xff, 0xfe, 0xaf, 0xff, 0xff, 0xff, 0xff, 
    0xff, 0xea, 0xaf, 0xff, 0xff, 0xfe, 0xea, 0xf9, 0x94, 0x45, 0xa9, 0x54, 0x44, 0x44, 0x44, 0x6e, 
    0x99, 0x54, 0x44, 0x44, 0x44, 0x44, 0x48, 0x84, 0x40, 0x44, 0x59, 0x54, 0x45, 0x99, 0x55, 0x55, 
    0xa9, 0x54, 0x54, 0x55, 0x55, 0x55, 0xa9, 0xa9, 0xaf, 0xff, 0xaa, 0xee, 0xa9, 0x45, 0x54, 0x45, 
    0xa9, 0x5a, 0xfe, 0xae, 0x99, 0x95, 0x55, 0x9a, 0xff, 0xef, 0xff, 0xd9, 0xa5, 0x55, 0x95, 0x54, 
    0x44, 0x44, 0x44, 0x44, 0x54, 0x57, 0xe9, 0x55, 0x99, 0xa5, 0x55, 0x59, 0x55, 0x55, 0xa5, 0x9a, 
    0x55, 0x55, 0x99, 0x99, 0x49, 0x44, 0x44, 0x44, 0x45, 0x54, 0x44, 0x55, 0x7d, 0x44, 0x44, 0x44, 
    0x44, 0x44, 0x44, 0x44, 0x44, 0x45, 0x44, 0x44, 0x44, 0x44, 0x44, 0x44, 0x44, 0x44, 0x44, 0x44, 
    0x44, 0x44, 0x44, 0x5a, 0xe9, 0x56, 0xff, 0xff, 0xff, 0xff, 0xff, 0x95, 0x55, 0xa9, 0x99, 0xa9, 
    0x9a, 0x95, 0x99, 0x95, 0x95, 0x55, 0x55, 0x55, 0x55, 0x55, 0x55, 0x55, 0x59, 0x95, 0x55, 0x55, 
    0x54, 0x44, 0x44, 0x45, 0x59, 0x99, 0x99, 0x99, 0x51, 0x51, 0x66, 0x65, 0x66, 0x55, 0x51, 0x11, 
    0x11, 0x11, 0x11, 0x55, 0x65, 0x55, 0x51, 0x11, 0x55, 0x55, 0x55, 0x51, 0x55, 0x51, 0x51, 0x11, 
    0x51, 0x56, 0xa5, 0x55, 0x55, 0x66, 0xba, 0xa6, 0x66, 0xaa, 0x51, 0x16, 0x66, 0x65, 0x55, 0x55, 
    0x56, 0xbf, 0xff, 0xff, 0xfb, 0xfb, 0xbb, 0xfa, 0xaa, 0xab, 0xff, 0xff, 0xaa, 0xbb, 0xbb, 0x91, 
    0x55, 0x11, 0x51, 0x10, 0x11, 0x10, 0x00, 0x15, 0x10, 0x10, 0x00, 0x10, 0x00, 0x10, 0x15, 0x90, 
    0x00, 0x10, 0x11, 0x10, 0x16, 0x66, 0x65, 0x51, 0x65, 0x11, 0x65, 0x15, 0x51, 0x55, 0x26, 0x66, 
    0x6b, 0xff, 0xea, 0xaa, 0xa5, 0x11, 0x11, 0x11, 0x66, 0x11, 0x6a, 0x95, 0x66, 0x65, 0x55, 0x6b, 
    0xff, 0xbb, 0xff, 0x65, 0x61, 0x16, 0x91, 0x11, 0x10, 0x10, 0x10, 0x11, 0x11, 0x17, 0xa5, 0x55, 
    0x55, 0x91, 0x11, 0x11, 0x11, 0x51, 0x61, 0x56, 0x55, 0x55, 0x55, 0x65, 0x16, 0x01, 0x12, 0xa1, 
    0x11, 0x11, 0x10, 0x11, 0x39, 0x11, 0x11, 0x00, 0x00, 0x11, 0x11, 0x10, 0x11, 0x10, 0x11, 0x00, 
    0x00, 0x00, 0x10, 0x10, 0x10, 0x11, 0x11, 0x11, 0x11, 0x11, 0x11, 0x11, 0x2b, 0xe7, 0xff, 0xff, 
    0xff, 0xff, 0xff, 0x95, 0x11, 0x66, 0x66, 0x66, 0x69, 0x55, 0x65, 0x16, 0x65, 0x55, 0x51, 0x51, 
    0x11, 0x55, 0x15, 0x51, 0x11, 0x55, 0x51, 0x51, 0x55, 0x11, 0x10, 0x11, 0x55, 0x55, 0x55, 0x55, 
    0x55, 0x55, 0x5a, 0xa9, 0x99, 0x59, 0x45, 0x55, 0x55, 0x55, 0x55, 0x55, 0x59, 0x55, 0x55, 0x55, 
    0x59, 0x99, 0x59, 0x55, 0x55, 0x55, 0x55, 0x55, 0x55, 0x9a, 0x95, 0x55, 0x55, 0x9e, 0xee, 0xea, 
    0xaa, 0xee, 0xe4, 0x45, 0x99, 0x99, 0x99, 0x59, 0x99, 0xaf, 0xff, 0xff, 0xff, 0xef, 0xee, 0xea, 
    0xaa, 0xaf, 0xff, 0xfe, 0xee, 0xee, 0xe9, 0x45, 0x55, 0x55, 0x68, 0x44, 0x44, 0x44, 0x44, 0x04, 
    0x54, 0x45, 0x44, 0x44, 0x44, 0x44, 0x59, 0x44, 0x44, 0x04, 0x44, 0x44, 0x45, 0xaa, 0x99, 0x95, 
    0x99, 0x55, 0x59, 0x59, 0xa9, 0x55, 0x4a, 0x9a, 0xaa, 0xff, 0xff, 0xee, 0xaa, 0x89, 0x44, 0x44, 
    0x45, 0x5a, 0x95, 0x59, 0x59, 0x59, 0x5a, 0xff, 0xff, 0xff, 0xfd, 0x99, 0x95, 0x56, 0x95, 0x44, 
    0x44, 0x44, 0x44, 0x44, 0x44, 0x5e, 0x99, 0x55, 0x5a, 0x85, 0x45, 0x55, 0x45, 0x55, 0x55, 0x99, 
    0x55, 0x55, 0x99, 0xa9, 0x49, 0x44, 0x45, 0xe9, 0x45, 0x55, 0x44, 0x44, 0x58, 0x44, 0x44, 0x44, 
    0x04, 0x44, 0x44, 0x44, 0x44, 0x44, 0x44, 0x44, 0x44, 0x44, 0x04, 0x44, 0x44, 0x44, 0x44, 0x44, 
    0x44, 0x44, 0x44, 0x44, 0x44, 0x4b, 0xff, 0xff, 0xff, 0xff, 0xff, 0xd5, 0x55, 0x59, 0x59, 0x99, 
    0xa5, 0x55, 0x99, 0x59, 0x99, 0x55, 0x55, 0x55, 0x55, 0x55, 0x55, 0x55, 0x59, 0x55, 0x55, 0x55, 
    0x55, 0x44, 0x44, 0x44, 0x89, 0x59, 0x99, 0x55, 0x11, 0x11, 0x56, 0x66, 0x65, 0x15, 0x11, 0x11, 
    0x11, 0x11, 0x11, 0x11, 0x55, 0x11, 0x11, 0x15, 0x55, 0x55, 0x55, 0x11, 0x15, 0x11, 0x11, 0x11, 
    0x16, 0x59, 0x55, 0x15, 0x55, 0x6b, 0xbb, 0xa6, 0x6b, 0xab, 0xa9, 0x00, 0x66, 0x56, 0x55, 0x55, 
    0x56, 0xbb, 0xbf, 0xbb, 0xbb, 0xbb, 0xaa, 0x6a, 0x6a, 0x6a, 0xbf, 0xba, 0x6b, 0xab, 0x91, 0x11, 
    0x55, 0x5b, 0xa1, 0x00, 0x01, 0x01, 0x00, 0x01, 0x00, 0x00, 0x10, 0x00, 0x01, 0x40, 0x02, 0x40, 
    0x01, 0x11, 0x00, 0x00, 0x01, 0x16, 0xaa, 0x56, 0x65, 0x15, 0x55, 0x16, 0x65, 0x6a, 0x52, 0x66, 
    0x66, 0xbf, 0xfe, 0xaa, 0xaa, 0x66, 0x11, 0x01, 0x16, 0xa5, 0x11, 0x16, 0x55, 0x55, 0x6b, 0xff, 
    0xfb, 0xbf, 0xe6, 0x55, 0x95, 0x17, 0x51, 0x11, 0x11, 0x01, 0x01, 0x11, 0x11, 0x1a, 0x55, 0x55, 
    0x5b, 0x11, 0x11, 0x11, 0x11, 0x11, 0x55, 0xaa, 0x15, 0x55, 0x56, 0xa5, 0x19, 0x00, 0x01, 0x59, 
    0x15, 0x56, 0x51, 0x11, 0x10, 0x01, 0x11, 0x00, 0x01, 0x01, 0x01, 0x00, 0x01, 0x00, 0x01, 0x11, 
    0x11, 0x00, 0x00, 0x00, 0x00, 0x01, 0x01, 0x01, 0x11, 0x11, 0x11, 0x11, 0x01, 0x07, 0xbf, 0xff, 
    0xff, 0xff, 0xff, 0x95, 0x15, 0x15, 0x66, 0x66, 0x55, 0x55, 0x51, 0x55, 0x66, 0x55, 0x15, 0x11, 
    0x15, 0x15, 0x55, 0x11, 0x15, 0x55, 0x11, 0x11, 0x15, 0x01, 0x00, 0x00, 0x55, 0x55, 0x55, 0x55, 
};
